ISIN,FY,ROE_Pct,ROCE_Pct,DebtEquity,EPS,Sales,FixedAssets,CWIP
INE144J01027,FY23,14.24,16.68,0.37,11.85,700.76,228.65,16.79
INE144J01027,FY24,15.89,18.12,0.35,15.89,775.98,231.17,20.39
INE144J01027,FY25,14.53,15.82,0.38,17.68,911.66,299.57,16.64
INE144J01027,FY26,13.82,15.92,0.32,18.94,951.68,307.64,12.72
INE466L01038,FY23,21.07,12.54,2.17,18.12,1647.15,318.07,0.04
INE466L01038,FY24,23.31,12.83,2.71,21.86,2006.12,356.62,0.0
INE466L01038,FY25,14.37,12.35,1.56,27.14,2635.31,350.01,0.0
INE466L01038,FY26,12.37,10.4,1.61,29.19,3138.13,855.94,0.0
INE748C01038,FY23,0.21,1.68,0.15,49.5,729.11,177.58,2.84
INE748C01038,FY24,-106.86,-76.78,0.29,-17.61,813.88,155.8,2.82
INE748C01038,FY25,8.26,5.18,0.21,1.43,725.76,136.74,2.78
INE748C01038,FY26,9.3,11.11,0.16,1.82,693.36,124.85,0.0
INE470A01017,FY23,26.89,36.06,0.02,400.37,3957.28,364.25,26.59
INE470A01017,FY24,27.17,36.22,0.01,517.9,4186.87,346.89,14.79
INE470A01017,FY25,25.78,40.3,0.05,422.6,4442.86,428.39,11.53
INE470A01017,FY26,29.54,48.36,0.1,463.66,5086.95,507.64,24.44
INE618L01018,FY23,9.4,11.76,0.37,14.33,235.97,11.34,0.0
INE618L01018,FY24,10.08,11.0,0.62,16.67,259.37,21.82,0.0
INE618L01018,FY25,11.3,14.01,0.36,21.79,229.16,16.23,0.0
INE618L01018,FY26,6.81,8.93,0.58,14.13,181.02,15.28,0.0
INE111B01023,FY23,-0.52,0.65,0.0,-3.54,289.68,212.94,1.63
INE111B01023,FY24,6.65,6.1,0.0,48.29,368.84,213.1,0.7
INE111B01023,FY25,-0.97,-1.6,0.0,-7.2,46.64,210.95,0.19
INE111B01023,FY26,-0.63,-1.0,0.0,-4.87,210.63,235.13,6.51
INE883F01010,FY23,14.73,9.33,3.29,12.77,1881.01,63.03,0.0
INE883F01010,FY24,16.85,10.49,3.14,17.58,2354.23,74.73,0.0
INE883F01010,FY25,14.31,10.27,2.56,20.85,2835.17,87.03,0.0
INE883F01010,FY26,14.53,10.47,2.49,24.77,3387.44,135.2,0.0
INE767A01016,FY23,13.95,14.29,0.51,17.97,2705.57,885.92,210.48
INE767A01016,FY24,13.38,14.58,0.44,18.56,2508.87,1053.94,244.03
INE767A01016,FY25,12.28,12.48,0.45,18.35,2387.03,1149.91,290.95
INE767A01016,FY26,12.58,11.51,0.37,21.36,2565.31,1283.78,213.81
INE769A01020,FY23,11.08,9.17,0.59,15.04,6492.16,5900.17,1040.69
INE769A01020,FY24,7.87,6.59,0.68,11.49,6191.69,6745.78,1109.3
INE769A01020,FY25,5.91,6.16,0.69,9.12,7269.0,7658.26,1329.73
INE769A01020,FY26,7.04,6.46,0.83,11.55,8286.0,8332.0,2030.0
INE0LRU01027,FY23,12.42,15.89,0.14,21.35,1936.0,988.57,64.7
INE0LRU01027,FY24,12.34,15.56,0.16,23.93,1815.51,1105.45,90.76
INE0LRU01027,FY25,13.69,16.08,0.21,30.04,2115.07,1433.45,329.33
INE0LRU01027,FY26,8.22,9.72,0.36,19.25,1819.44,1706.66,305.21
INE216P01012,FY23,13.14,4.2,3.02,54.26,1355.52,74.21,0.0
INE216P01012,FY24,13.0,3.89,3.29,61.93,1679.98,85.38,0.0
INE216P01012,FY25,13.17,2.88,3.19,71.97,2125.21,92.1,0.0
INE216P01012,FY26,12.97,2.81,3.11,82.14,2392.75,123.71,0.0
INE117A01022,FY23,20.89,27.88,0.01,58.61,10366.68,1058.23,82.74
INE117A01022,FY24,26.45,35.48,0.01,88.32,12087.67,1183.9,139.46
INE117A01022,FY25,21.29,28.4,0.01,78.73,13065.32,1364.72,190.3
INE358A01014,FY23,29.78,39.06,0.04,446.78,5346.73,233.91,4.52
INE358A01014,FY24,32.48,43.1,0.02,565.28,5847.19,228.62,10.34
INE358A01014,FY25,33.41,42.85,0.05,665.62,6406.97,350.54,21.02
INE358A01014,FY26,32.51,42.54,0.04,730.36,6926.9,333.36,5.82
INE674K01013,FY23,23.61,9.87,4.17,19.77,28578.28,568.4,27.2
INE674K01013,FY24,12.44,8.87,4.11,12.95,40627.37,867.13,46.19
INE674K01013,FY25,10.97,8.55,4.6,12.67,43148.99,1004.81,32.77
INE674K01013,FY26,10.94,7.92,5.21,14.24,45927.42,989.94,24.27
INE552Z01027,FY23,0.39,11.76,1.95,0.06,2995.79,522.83,15.53
INE552Z01027,FY24,0.45,14.94,2.05,0.07,3177.64,592.74,24.3
INE552Z01027,FY25,12.63,15.96,0.59,7.19,3343.87,672.68,48.19
INE552Z01027,FY26,13.73,17.27,0.69,8.16,3711.09,945.62,192.12
INE647O01011,FY23,-1.08,3.92,1.97,-0.38,12362.87,4815.71,183.14
INE647O01011,FY24,-15.61,-3.72,2.35,-6.52,6385.32,5832.37,188.15
INE647O01011,FY25,-5.52,-1.35,0.74,-3.53,7308.91,4027.06,199.17
INE647O01011,FY26,-13.29,-3.45,1.06,-6.38,8139.9,5031.66,106.78
INE00YB01025,FY23,21.34,21.15,0.91,4.94,123.09,5.31,2.37
INE00YB01025,FY24,14.0,16.52,0.5,0.3,183.81,37.3,1.08
INE00YB01025,FY25,14.61,14.64,0.78,0.34,208.17,36.35,0.33
INE00YB01025,FY26,11.43,14.14,0.52,0.3,256.21,42.83,0.0
INE14LE01019,FY25,4.67,11.06,2.3,0.49,7808.6,2178.79,15.88
INE14LE01019,FY26,12.11,13.2,2.14,1.41,8340.4,2593.55,50.08
INE055A01016,FY23,6.99,10.71,0.27,24.34,3791.95,3308.97,197.33
INE055A01016,FY24,1.27,3.23,0.63,4.56,1090.32,3002.92,81.39
INE055A01016,FY25,-4.2,-1.51,1.3,-14.24,1203.37,695.45,24.19
INE055A01016,FY26,-2.79,-4.42,1.52,,403.77,651.66,30.73
INE404A01024,FY23,23.69,31.1,0.02,20.65,1226.61,62.49,1.05
INE404A01024,FY24,24.63,31.21,0.02,27.02,1353.19,100.56,0.62
INE404A01024,FY25,24.97,32.94,0.02,32.18,1684.78,92.61,0.63
INE404A01024,FY26,24.13,30.95,0.02,33.68,1845.03,94.76,2.19
INE012A01025,FY24,14.3,17.45,0.02,124.01,19573.58,10702.86,1320.81
INE012A01025,FY25,12.95,16.94,0.03,127.57,20829.73,12680.83,2461.58
INE012A01025,FY26,10.4,10.76,0.03,113.51,25045.39,12911.33,2609.15
INE793A01012,FY23,46.93,60.6,0.05,84.9,469.36,37.4,2.19
INE793A01012,FY24,33.18,43.63,0.12,62.87,510.79,48.38,0.21
INE793A01012,FY25,46.46,52.41,0.22,86.44,528.72,70.18,0.02
INE793A01012,FY26,38.13,51.87,0.06,,532.27,25.18,0.04
INE731H01025,FY23,18.68,26.35,0.01,14.41,2157.41,501.79,28.35
INE731H01025,FY24,26.68,37.03,0.0,27.56,2909.68,640.27,80.21
INE731H01025,FY25,25.34,35.42,0.01,34.37,3327.05,816.13,117.84
INE731H01025,FY26,20.64,28.67,0.0,34.87,3280.44,811.86,48.5
INE128X01021,FY23,26.73,40.37,0.05,34.59,1439.57,1155.43,45.52
INE128X01021,FY24,18.75,24.13,0.06,25.87,1303.95,1303.41,143.81
INE128X01021,FY25,8.7,10.98,0.13,13.12,1039.44,1511.83,133.83
INE128X01021,FY26,5.52,7.11,0.24,8.65,1077.43,1719.49,336.34
INE622W01025,FY23,-0.17,7.22,4.74,-0.05,1294.4,8943.27,2312.36
INE622W01025,FY24,26.93,14.98,3.29,11.53,1318.85,9820.15,3063.66
INE622W01025,FY25,5.59,7.09,2.43,4.53,1405.13,13681.4,1367.68
INE622W01025,FY26,9.86,7.21,3.93,8.16,2022.96,20089.27,4357.66
INE00FF01025,FY23,14.02,19.18,0.01,11.43,613.06,260.24,38.47
INE00FF01025,FY24,6.35,9.86,0.32,5.83,713.01,530.21,170.16
INE00FF01025,FY25,12.12,16.81,0.01,19.81,999.97,686.94,181.96
INE931S01010,FY23,10.69,9.67,2.92,11.1,13065.07,37918.2,6970.7
INE931S01010,FY24,9.0,9.01,2.93,10.2,16355.01,41427.76,4207.91
INE931S01010,FY25,4.8,6.79,1.81,9.05,23574.95,44629.04,6783.82
INE931S01010,FY26,8.98,8.75,1.93,19.0,27202.63,50414.31,5354.18
INE423A01024,FY23,7.46,7.25,1.6,21.12,127389.65,70914.0,20472.53
INE423A01024,FY24,8.29,8.28,1.67,26.41,96316.15,84164.82,24818.25
INE423A01024,FY25,14.11,10.84,1.82,58.79,97711.08,103941.56,35772.96
INE423A01024,FY26,11.54,10.62,1.32,73.59,100267.02,133996.42,33909.18
INE364U01010,FY23,13.34,6.6,7.42,5.41,7775.0,53981.0,5724.0
INE364U01010,FY24,10.34,7.76,6.09,6.2,9220.0,69385.0,7190.0
INE364U01010,FY25,11.9,7.7,6.55,8.37,11047.0,95825.0,16002.0
INE364U01010,FY26,8.27,6.48,5.08,9.65,12326.0,122843.0,20793.0
INE742F01042,FY23,11.65,8.21,1.15,24.58,20851.91,61984.15,9636.11
INE742F01042,FY24,15.32,12.54,0.93,37.55,26710.56,69866.97,14254.03
INE742F01042,FY25,17.77,13.82,0.82,51.35,30475.33,81922.74,13350.79
INE742F01042,FY26,13.32,11.67,0.66,58.23,38735.77,118069.68,16065.7
INE814H01029,FY23,35.9,14.87,1.41,4.91,38023.03,63423.34,12879.54
INE814H01029,FY24,48.28,30.77,0.8,10.32,50051.07,63737.83,925.12
INE814H01029,FY25,22.96,20.3,0.7,6.46,56131.82,81131.47,12104.42
INE814H01029,FY26,19.76,15.45,0.84,6.62,54152.16,104129.34,35053.46
INE982B01027,FY23,13.38,16.35,0.13,5.12,444.3,135.83,6.78
INE982B01027,FY24,17.07,20.2,0.13,6.85,500.58,144.85,6.16
INE982B01027,FY25,14.06,17.06,0.12,6.3,558.01,170.94,26.26
INE982B01027,FY26,15.72,19.58,0.1,8.19,641.49,247.85,29.62
INE045A01017,FY23,18.33,23.9,0.05,43.6,771.15,115.72,13.43
INE045A01017,FY24,18.28,23.41,0.09,49.69,1067.85,175.06,40.93
INE045A01017,FY25,11.84,17.86,0.0,34.51,1117.86,194.25,8.25
INE045A01017,FY26,14.79,21.02,0.01,47.06,1132.38,198.13,4.84
INE102I01027,FY23,1.29,12.93,0.1,1.23,660.07,62.31,0.0
INE102I01027,FY24,7.16,10.32,0.13,7.29,686.74,74.84,0.0
INE102I01027,FY25,5.34,9.91,0.16,4.91,807.07,62.87,0.0
INE102I01027,FY26,5.79,7.38,0.22,6.25,967.91,50.89,0.0
INE0ALI01010,FY23,18.41,22.28,0.33,13.16,102.16,35.47,1.06
INE0ALI01010,FY24,29.79,26.39,0.81,21.45,207.19,41.93,1.07
INE0ALI01010,FY25,15.28,20.2,0.36,28.8,397.66,48.02,1.78
INE0ALI01010,FY26,18.6,24.9,0.34,,714.52,131.49,59.28
INE1B0W01010,FY23,29.38,30.42,0.5,,397.06,22.86,0.15
INE1B0W01010,FY24,32.86,30.89,0.6,,455.34,50.14,10.05
INE1B0W01010,FY25,25.42,22.41,0.8,3.99,502.26,77.01,11.25
INE1B0W01010,FY26,11.39,13.92,0.32,,637.78,104.92,22.22
INE28GN01010,FY24,9.76,-7.22,-2.35,0.0,0.0,,0.0
INE28GN01010,FY25,-34473.73,21084.84,-8.62,4.16,366.57,,0.0
INE28GN01010,FY26,6.99,7.98,0.88,11.71,387.6,1691.79,211.35
INE837H01020,FY23,8.55,11.26,0.03,9.45,540.38,288.82,15.61
INE837H01020,FY24,10.07,13.91,0.04,11.92,623.48,307.26,30.74
INE837H01020,FY25,9.23,13.07,0.03,11.71,636.51,314.63,21.69
INE837H01020,FY26,10.34,14.13,0.02,,744.95,327.0,51.17
INE208C01025,FY23,13.11,13.35,0.54,13.19,8622.15,4107.98,462.97
INE208C01025,FY24,14.62,14.83,0.68,16.22,7039.32,4852.27,729.12
INE208C01025,FY25,14.33,12.42,0.99,18.9,6569.11,6418.19,1348.19
INE208C01025,FY26,14.83,15.36,0.69,25.59,8282.66,7142.83,798.6
INE0INX01018,FY23,-0.01,4.21,2.49,0.0,353.33,3219.03,202.37
INE0INX01018,FY24,8.68,6.8,3.28,0.78,561.76,4117.7,640.78
INE0INX01018,FY25,14.93,8.52,2.99,1.81,789.21,5689.06,656.47
INE0INX01018,FY26,7.24,6.4,0.87,2.85,923.08,7610.37,974.87
INE947N01017,FY23,-35.47,-5.39,2.64,-1.51,791.47,605.08,6.66
INE947N01017,FY24,-1.33,3.68,0.86,-0.17,941.19,774.35,188.16
INE947N01017,FY25,-14.28,-2.34,1.1,-1.56,924.61,907.05,405.24
INE947N01017,FY26,-7.62,0.95,0.47,-1.87,1230.44,1125.21,78.66
INE065D01027,FY23,16.38,17.67,0.4,3.98,464.81,107.87,1.57
INE065D01027,FY24,39.78,47.98,0.1,24.25,500.62,144.27,5.9
INE065D01027,FY25,7.58,15.65,0.04,4.7,578.54,242.18,9.84
INE065D01027,FY26,7.77,13.36,0.05,,697.83,304.35,23.1
INE024001021,FY23,26.43,27.79,0.39,2.33,262.72,56.19,0.64
INE024001021,FY24,14.24,20.2,0.0,3.23,311.59,87.75,5.38
INE024001021,FY25,15.33,20.49,0.0,4.06,366.59,179.5,9.84
INE024001021,FY26,12.41,16.44,0.02,4.28,423.27,234.35,23.1
INE05TO01019,FY23,6.23,7.0,2.38,1.69,1301.94,103.43,1.6
INE05TO01019,FY24,9.76,8.91,2.5,2.94,1524.16,99.35,1.7
INE05TO01019,FY25,16.04,12.84,2.07,,1983.57,94.3,1.7
INE0BWX01014,FY23,10.48,14.18,0.01,10.47,651.07,701.24,55.63
INE0BWX01014,FY24,4.0,5.23,0.09,6.31,598.17,1081.62,228.72
INE0BWX01014,FY25,7.12,9.31,0.09,11.94,840.55,1491.28,374.79
INE0BWX01014,FY26,8.94,10.61,0.19,16.53,1160.14,2001.01,506.11
INE101I01011,FY23,12.94,18.84,0.51,11.17,12539.32,2702.85,205.39
INE101I01011,FY24,12.51,17.79,0.7,12.23,13194.37,2866.96,83.91
INE101I01011,FY25,9.25,15.4,0.45,13.24,12503.76,2797.21,59.92
INE101I01011,FY26,4.61,10.01,0.67,6.82,11888.02,3410.8,912.47
INE00WC01027,FY23,16.69,18.32,0.07,18.36,1433.44,5.53,0.0
INE00WC01027,FY24,11.9,12.72,0.07,21.91,1842.08,9.96,0.0
INE00WC01027,FY25,12.96,15.86,0.03,27.19,2266.31,8.24,0.0
INE00WC01027,FY26,12.45,15.38,0.0,32.32,2709.31,7.18,0.0
INE00ZE01026,FY23,8.5,6.22,0.53,14.84,1130.37,13.19,0.0
INE00ZE01026,FY24,9.59,7.37,1.0,17.74,1337.05,13.52,0.0
INE00ZE01026,FY25,9.49,10.0,0.78,21.44,3280.68,14.98,0.0
INE00ZE01026,FY26,7.71,8.09,0.6,,23873.57,26.51,0.0
INE204E01012,FY23,22.85,21.6,0.39,63.78,2015.01,343.51,7.45
INE204E01012,FY24,21.37,16.96,0.71,73.02,2125.3,583.96,0.1
INE204E01012,FY25,18.45,15.52,0.69,77.34,2398.93,700.89,15.55
INE204E01012,FY26,6.32,8.04,0.5,,1652.23,722.38,30.95
INE943P01029,FY23,14.95,10.46,1.36,2.98,1016.48,903.71,100.32
INE943P01029,FY24,6.2,10.24,0.72,2.63,1327.67,1137.14,116.37
INE943P01029,FY25,4.47,9.5,0.51,2.78,1711.0,1498.48,158.02
INE943P01029,FY26,6.58,10.97,0.53,4.18,2080.08,1960.93,234.36
INE415A01038,FY23,16.29,15.41,0.46,40.44,2256.48,1530.44,155.54
INE415A01038,FY24,13.85,17.53,0.34,38.85,2400.07,1615.54,127.5
INE415A01038,FY25,15.37,19.3,0.26,49.83,2528.82,1658.53,120.73
INE415A01038,FY26,14.61,19.4,0.1,54.35,2665.32,1746.18,195.25
INE976R01033,FY23,27.91,26.34,0.28,3.94,241.11,32.44,0.0
INE976R01033,FY24,23.19,20.14,0.61,4.26,292.33,55.1,0.0
INE976R01033,FY25,22.61,20.08,0.47,5.46,324.87,84.61,0.0
INE976R01033,FY26,20.41,17.05,0.4,,352.54,82.44,0.0
INE0Y8W01025,FY23,78.92,13.88,9.54,0.11,112.88,25.74,0.0
INE0Y8W01025,FY24,45.92,13.52,3.86,0.18,66.58,27.3,0.0
INE0Y8W01025,FY25,25.51,20.82,0.83,0.39,120.29,22.82,0.0
INE0Y8W01025,FY26,12.38,16.89,0.19,0.61,171.97,57.71,0.0
INE758C01029,FY23,15.79,21.95,0.05,28.96,2805.09,184.18,1.28
INE758C01029,FY24,23.43,31.39,0.07,55.95,3855.3,254.23,9.39
INE758C01029,FY25,11.24,17.66,0.04,30.17,4098.62,371.89,6.89
INE758C01029,FY26,12.91,19.21,0.04,,4565.2,548.83,6.45
INE915K01010,FY23,-26.36,13.37,-7.74,27.84,318.91,829.3,1.8
INE915K01010,FY24,-4.68,16.04,-8.44,4.73,399.74,797.07,3.37
INE915K01010,FY25,-51.02,13.46,-11.73,34.16,410.51,775.97,2.92
INE915K01010,FY26,-483.65,16.86,-61.99,,400.24,768.29,0.26
INE212H01026,FY23,18.55,22.31,0.09,111.95,4851.79,1087.09,107.44
INE212H01026,FY24,17.06,21.3,0.07,120.4,4783.49,1225.08,137.93
INE212H01026,FY25,15.31,18.73,0.07,113.14,4226.62,1256.31,104.41
INE212H01026,FY26,15.83,20.26,0.0,136.11,4355.48,1223.97,15.89
INE206F01022,FY23,125.98,94.18,0.44,50.68,431.24,135.0,0.0
INE206F01022,FY24,41.42,37.39,0.11,50.46,2239.39,6.81,0.0
INE206F01022,FY25,28.87,25.62,0.07,249.72,4578.34,92.69,0.0
INE206F01022,FY26,13.11,12.76,0.1,61.61,2608.8,256.33,0.0
INE031B01049,FY23,17.35,21.94,0.01,45.89,3707.52,1698.16,209.47
INE031B01049,FY24,22.88,31.12,0.01,64.77,4161.59,1728.86,264.33
INE031B01049,FY25,24.28,31.53,0.01,73.53,4587.51,1900.45,184.94
INE031B01049,FY26,23.33,29.11,0.06,84.51,5407.26,2120.51,295.14
INE274Y01021,FY23,19.04,25.31,0.02,11.88,1149.77,171.52,7.68
INE274Y01021,FY24,24.53,32.82,0.01,19.58,1739.58,185.93,20.58
INE274Y01021,FY25,22.48,26.51,0.0,22.61,2073.92,197.06,22.47
INE274Y01021,FY26,16.17,21.63,0.0,19.55,2102.54,215.86,34.98
INE298G01035,FY23,9.24,8.19,1.09,4.05,431.1,26.91,0.0
INE298G01035,FY24,11.88,12.38,0.93,5.79,699.96,29.49,0.0
INE298G01035,FY25,10.44,12.89,0.56,6.8,738.01,35.16,0.0
INE298G01035,FY26,10.71,14.31,0.51,7.61,1090.35,63.84,0.0
INE09XN01023,FY23,13.23,14.69,0.86,6.03,3474.76,1212.31,122.8
INE09XN01023,FY24,-0.57,0.39,0.8,-0.28,4019.68,1390.67,208.57
INE09XN01023,FY25,11.1,11.98,0.03,22.6,4071.09,1563.65,173.47
INE09XN01023,FY26,7.7,13.43,0.06,16.67,4251.31,1649.52,201.27
INE426A01027,FY23,9.17,4.2,0.0,7.42,118.34,131.96,0.13
INE426A01027,FY24,12.29,4.73,0.0,10.46,147.12,131.64,1.1
INE426A01027,FY25,13.28,6.71,0.01,12.1,211.18,135.33,0.0
INE426A01027,FY26,12.98,6.15,0.0,12.36,229.97,171.45,1.5
INE598D01035,FY23,-9.97,-7.57,0.89,-0.2,14.65,1.73,0.0
INE598D01035,FY24,35.67,24.43,0.94,0.87,127.92,12.87,0.0
INE598D01035,FY25,31.59,32.32,0.34,1.13,42.94,13.99,0.0
INE598D01035,FY26,24.84,28.77,0.25,1.19,41.33,12.96,0.0
INE062D01024,FY23,10.54,11.7,0.62,31.92,1336.86,388.17,21.9
INE062D01024,FY24,11.05,13.49,0.6,37.76,1496.42,456.92,29.62
INE062D01024,FY25,7.76,11.12,0.62,28.12,1720.36,535.42,64.27
INE062D01024,FY26,5.48,9.15,0.56,,1775.73,576.25,58.31
INE03Q201024,FY23,21.84,29.16,0.01,38.11,2047.84,825.52,50.63
INE03Q201024,FY24,20.19,26.94,0.01,38.38,2184.77,904.78,109.77
INE03Q201024,FY25,17.24,22.84,0.02,39.52,2386.88,1045.72,103.05
INE03Q201024,FY26,16.94,22.33,0.02,45.9,2551.83,1291.38,273.4
INE540L01014,FY23,10.88,13.39,0.15,82.31,11440.35,2513.55,310.27
INE540L01014,FY24,17.41,18.06,0.14,150.19,12439.24,2595.51,186.87
INE540L01014,FY25,18.07,19.56,0.12,181.11,12804.62,2931.87,545.69
INE540L01014,FY26,16.66,18.82,0.15,192.51,14532.34,3345.63,255.0
INE150B01039,FY23,19.56,24.77,0.08,44.68,1656.89,1067.59,352.01
INE150B01039,FY24,11.75,16.24,0.0,29.09,1419.0,1121.06,35.57
INE150B01039,FY25,13.27,17.7,0.0,36.35,1548.2,1093.29,51.91
INE150B01039,FY26,11.74,15.91,0.0,35.15,1511.88,1142.7,130.48
INE418H01029,FY23,22.37,24.29,0.42,6.41,18015.25,804.64,4.24
INE418H01029,FY24,5.94,6.68,0.73,1.52,12941.39,1273.11,32.17
INE418H01029,FY25,2.68,1.97,0.84,0.43,1961.0,1234.71,8.35
INE418H01029,FY26,1.39,5.05,1.21,,2058.0,652.0,1.0
INE835G01018,FY23,21.27,24.93,0.19,32.06,390.45,54.61,0.0
INE835G01018,FY24,26.07,30.85,0.18,42.0,469.37,63.15,0.0
INE835G01018,FY25,32.1,35.51,0.24,54.66,546.31,88.68,1.79
INE835G01018,FY26,32.76,24.93,0.68,53.96,598.68,197.76,1.01
INE0GV601021,FY23,17.93,15.85,1.14,4.32,441.61,242.44,11.98
INE0GV601021,FY24,22.18,22.38,0.73,6.84,511.11,267.63,35.28
INE0GV601021,FY25,19.01,16.72,0.9,7.22,558.17,364.87,28.19
INE0GV601021,FY26,5.77,9.05,0.14,5.79,610.53,449.97,41.56
INE270A01029,FY23,4.66,-8.01,-1.27,-1.77,6900.87,5366.42,47.18
INE270A01029,FY24,4.28,-12.99,-1.14,-1.71,5421.49,5068.04,58.35
INE270A01029,FY25,3.96,-28.15,-1.09,-1.64,3627.58,4654.77,92.86
INE270A01029,FY26,3.46,-43.63,-1.05,-1.5,3644.07,4617.12,125.42
INE121R01077,FY23,-49.85,-46.69,0.04,-14.85,680.56,44.16,6.02
INE121R01077,FY24,-49.32,-44.02,0.06,-11.32,879.16,48.33,0.0
INE121R01077,FY25,-13.49,-8.57,0.07,-3.18,1162.64,48.01,0.0
INE121R01077,FY26,4.08,5.22,0.02,,1505.61,54.24,0.0
INE084K01015,FY23,-3.36,13.39,3.4,-0.54,257.53,237.83,0.24
INE084K01015,FY24,5.48,14.19,3.02,0.94,278.44,229.21,1.08
INE084K01015,FY25,10.89,14.76,2.0,2.7,274.71,233.59,17.37
INE084K01015,FY26,6.75,9.01,1.11,4.33,287.68,288.01,81.52
INE371P01015,FY23,8.24,9.4,0.76,46.66,6746.19,1851.77,62.67
INE371P01015,FY24,6.44,9.55,0.75,39.41,6530.75,2191.0,99.08
INE371P01015,FY25,10.66,13.32,0.9,71.67,9973.02,2506.95,238.72
INE371P01015,FY26,4.06,8.78,0.62,50.28,12186.48,3682.43,500.31
INE540G01014,FY23,13.7,19.45,0.0,195.45,817.08,215.02,0.01
INE540G01014,FY24,7.33,11.08,0.1,110.0,801.54,236.93,4.66
INE540G01014,FY25,7.27,11.25,0.06,114.83,702.07,249.06,10.2
INE540G01014,FY26,7.5,11.41,0.0,,780.95,290.78,4.79
INE079A01024,FY24,8.62,14.64,0.02,16.65,32529.79,23403.4,2658.45
INE079A01024,FY25,8.03,11.62,0.01,17.51,33654.07,42168.28,11317.74
INE079A01024,FY26,7.97,5.85,0.01,19.05,39969.4,53750.93,10124.19
INE275D01022,FY23,12.52,15.11,0.46,4.16,597.29,84.54,4.75
INE275D01022,FY24,18.1,21.86,0.39,7.24,647.01,82.98,2.98
INE275D01022,FY25,15.85,19.27,0.3,7.45,660.73,80.83,0.38
INE275D01022,FY26,12.5,17.16,0.09,6.64,571.03,75.84,0.09
INE098F01031,FY23,13.7,18.42,0.0,13.63,378.23,47.71,1.28
INE098F01031,FY24,15.59,21.4,0.01,15.5,420.12,49.58,2.38
INE098F01031,FY25,15.56,21.1,0.01,17.58,451.82,79.75,32.02
INE098F01031,FY26,15.64,20.99,0.0,,502.55,155.29,105.48
INE463V01026,FY23,35.97,46.01,0.08,10.07,548.63,110.93,0.0
INE463V01026,FY24,34.67,44.55,0.08,13.51,724.32,132.87,0.82
INE463V01026,FY25,44.49,55.22,0.12,18.08,939.09,172.85,0.0
INE463V01026,FY26,39.66,51.0,0.08,23.58,1148.82,180.67,0.0
INE242C01024,FY23,5.35,5.84,0.38,4.66,956.94,231.15,181.87
INE242C01024,FY24,7.27,8.21,0.17,8.12,1483.3,218.64,147.61
INE242C01024,FY25,10.23,10.8,0.12,12.43,2059.97,339.51,223.78
INE242C01024,FY26,9.62,10.42,0.12,15.81,2511.6,481.92,202.3
INE435A01051,FY23,33.02,43.35,0.03,26.27,2083.06,641.08,66.54
INE435A01051,FY24,17.95,22.95,0.06,17.09,1783.26,939.23,145.59
INE435A01051,FY25,4.58,5.95,0.15,4.47,1522.27,1091.81,69.12
INE435A01051,FY26,0.96,1.96,0.12,,1692.98,1307.09,307.36
INE715B01021,FY23,12.07,15.89,0.02,13.72,2356.38,944.49,138.64
INE715B01021,FY24,4.74,4.3,0.02,5.54,1890.93,998.04,185.58
INE715B01021,FY25,1.63,2.47,0.01,1.91,2019.69,1010.76,58.91
INE715B01021,FY26,4.98,7.28,0.0,,2466.0,972.37,41.96
INE732I01021,FY23,41.17,42.76,0.36,10.51,2473.19,211.66,61.52
INE732I01021,FY24,37.04,29.06,0.84,13.18,3397.04,356.28,0.0
INE732I01021,FY25,20.85,20.37,0.61,12.68,4247.6,450.41,0.0
INE732I01021,FY26,14.96,11.91,1.3,9.85,4305.41,448.09,0.64
INE818A01017,FY23,8.57,11.18,0.01,20.29,117.94,178.82,0.16
INE818A01017,FY24,8.31,11.76,0.01,21.47,165.6,300.76,0.26
INE818A01017,FY25,15.02,20.18,0.01,19.98,258.08,336.05,0.2
INE818A01017,FY26,13.67,18.24,0.01,25.35,278.88,587.61,210.26
INE0CZ201020,FY23,22.13,27.08,0.07,6.86,1056.92,634.33,194.52
INE0CZ201020,FY24,19.08,22.49,0.12,6.54,1419.37,837.71,361.43
INE0CZ201020,FY25,18.73,26.43,0.05,8.04,1844.55,1007.43,306.2
INE0CZ201020,FY26,19.45,26.83,0.02,10.43,2124.33,1066.45,283.66
INE489G01022,FY23,15.0,19.7,0.0,3.61,527.49,53.25,0.58
INE489G01022,FY24,20.62,26.76,0.01,5.99,647.0,49.24,0.45
INE489G01022,FY25,14.52,18.29,0.03,2.36,661.51,60.38,2.28
INE489G01022,FY26,11.65,15.53,0.0,4.1,771.66,56.15,0.06
INE294Z01018,FY23,11.75,14.85,0.08,25.84,404.05,287.71,87.03
INE294Z01018,FY24,19.58,21.49,0.04,51.85,540.37,315.05,15.5
INE294Z01018,FY25,19.33,22.5,0.05,59.04,728.8,353.94,14.19
INE294Z01018,FY26,15.98,18.42,0.16,,829.59,381.62,2.84
INE930P01018,FY23,7.62,11.16,0.35,17.4,1562.86,1429.76,150.11
INE930P01018,FY24,4.66,8.39,0.39,11.87,1442.58,2090.81,734.02
INE930P01018,FY25,3.28,7.08,0.49,8.5,1402.33,2410.03,371.66
INE372A01015,FY23,28.52,39.4,0.17,166.64,14257.84,1105.99,156.62
INE372A01015,FY24,21.29,31.92,0.12,212.1,16045.15,1342.75,151.01
INE372A01015,FY25,18.24,29.77,0.13,204.47,18492.47,1775.22,236.74
INE372A01015,FY26,18.11,27.52,0.18,242.81,22810.23,2252.23,539.42
INE116A01032,FY23,22.68,23.9,0.32,20.82,1069.27,395.69,12.33
INE116A01032,FY24,10.33,12.58,0.36,10.39,1113.2,391.67,7.88
INE116A01032,FY25,9.77,12.45,0.34,10.43,1377.53,396.16,11.94
INE116A01032,FY26,16.33,20.17,0.16,19.56,1426.84,373.52,11.26
INE346W01013,FY23,7.32,11.07,0.18,11.48,1011.43,263.81,21.43
INE346W01013,FY24,2.94,4.76,0.22,4.67,758.99,259.81,6.03
INE346W01013,FY25,0.78,2.54,0.15,1.24,768.15,253.05,10.4
INE346W01013,FY26,7.36,10.78,0.01,,881.87,241.0,1.97
INE702C01027,FY23,21.36,23.83,0.29,23.14,15674.35,3010.94,569.22
INE702C01027,FY24,20.32,22.78,0.32,26.4,17506.98,3540.48,399.52
INE702C01027,FY25,17.99,22.58,0.15,27.28,19996.29,3863.57,478.23
INE702C01027,FY26,22.71,29.04,0.09,43.34,22383.62,4249.31,328.24
INE901L01018,FY23,7.83,7.95,0.17,17.4,5499.77,2999.73,601.28
INE901L01018,FY24,12.78,12.91,0.11,31.33,6112.11,3071.05,524.36
INE901L01018,FY25,11.24,12.19,0.24,29.68,6539.71,3391.91,868.38
INE901L01018,FY26,11.89,11.09,0.25,34.33,7212.61,3492.72,649.13
INE713T01028,FY23,4.89,7.77,0.37,0.61,297.53,139.15,33.16
INE713T01028,FY24,6.0,8.12,0.4,1.17,371.63,180.05,37.56
INE713T01028,FY25,9.29,12.39,0.55,1.86,562.07,257.48,80.59
INE713T01028,FY26,8.6,10.89,0.41,3.15,904.32,522.69,196.29
INE437A01024,FY23,13.22,13.84,0.7,56.97,16444.8,8117.0,685.0
INE437A01024,FY24,12.96,14.6,0.77,62.5,18862.3,9461.1,920.6
INE437A01024,FY25,17.61,18.06,0.66,100.56,21526.7,10739.1,923.2
INE437A01024,FY26,20.48,19.45,0.64,134.94,24910.6,12228.3,1189.8
INE126J01016,FY23,5.23,8.3,0.1,6.08,910.93,265.26,5.59
INE126J01016,FY24,7.43,10.65,0.14,10.59,982.16,512.04,46.4
INE126J01016,FY25,4.12,5.36,0.12,7.74,1178.37,561.14,74.22
INE126J01016,FY26,0.91,1.34,0.15,1.06,1101.42,662.67,122.65
INE438A01022,FY23,8.31,10.23,0.51,16.47,24122.32,16884.79,199.36
INE438A01022,FY24,12.39,16.14,0.35,27.11,25020.36,16337.86,282.98
INE438A01022,FY25,7.59,10.32,0.3,17.66,25780.97,15876.24,325.11
INE438A01022,FY26,8.21,8.32,0.22,21.65,28214.47,16440.18,917.9
INE266F01018,FY23,26.4,31.3,0.03,11.67,456.92,20.88,2.46
INE266F01018,FY24,11.17,15.55,0.03,5.01,436.81,23.03,0.0
INE266F01018,FY25,7.59,13.84,0.03,3.29,460.1,18.66,0.0
INE266F01018,FY26,9.46,14.25,0.05,4.06,503.42,21.47,0.01
INE852O01025,FY23,15.06,,1.14,10.08,857.73,14.95,0.51
INE852O01025,FY24,16.24,,1.38,12.21,1021.33,20.69,0.08
INE852O01025,FY25,17.4,,1.59,15.01,1257.89,33.8,0.11
INE852O01025,FY26,18.64,,1.56,18.84,1597.04,38.46,0.37
INE416A01051,FY23,21.34,-26.85,-1.79,-60.9,0.0,51.32,14.03
INE416A01051,FY24,-188.42,-32.12,4.82,-0.84,2.76,36.85,0.0
INE416A01051,FY25,202.5,-67.68,-3.98,-0.88,6.01,16.05,9.64
INE416A01051,FY26,-101.41,82.62,-3.18,0.23,13.2,7.01,0.0
INE885A01032,FY23,12.17,16.51,0.03,39.93,10339.34,3560.09,308.05
INE885A01032,FY24,13.74,18.41,0.02,51.05,11653.72,4121.25,803.69
INE885A01032,FY25,12.78,17.03,0.04,51.62,12785.64,4977.47,1445.69
INE885A01032,FY26,11.06,14.54,0.05,,13759.95,5901.38,1709.47
INE784R01023,FY23,11.71,11.74,1.27,0.65,543.2,66.14,0.87
INE784R01023,FY24,8.53,12.44,1.24,0.52,532.27,65.54,0.0
INE784R01023,FY25,5.83,12.5,0.75,0.54,615.75,67.42,3.73
INE784R01023,FY26,9.07,14.16,0.76,0.92,617.99,74.14,0.0
INE420B01036,FY23,11.35,15.31,0.23,2.8,79.36,11.78,0.0
INE420B01036,FY24,21.86,24.96,0.31,6.77,121.75,12.39,0.0
INE420B01036,FY25,15.27,20.24,0.25,5.37,139.25,26.52,0.0
INE420B01036,FY26,7.13,9.33,0.54,2.87,124.25,27.61,0.0
INE643K01018,FY23,14.97,14.38,1.58,7.63,388.71,10.34,0.0
INE643K01018,FY24,25.72,14.79,1.77,16.82,503.85,9.37,0.0
INE643K01018,FY25,17.68,10.24,2.39,12.64,498.83,83.47,3.93
INE643K01018,FY26,12.67,10.4,2.41,10.65,550.97,111.17,21.42
INE0H9P01028,FY23,-13.54,1.49,2.14,-1.75,746.07,5.46,0.0
INE0H9P01028,FY24,-13.14,3.7,1.95,-2.3,696.84,3.84,0.0
INE0H9P01028,FY25,0.89,8.99,1.48,0.25,767.67,5.43,0.0
INE0H9P01028,FY26,7.13,12.65,0.1,6.84,1067.46,23.2,1.06
INE0QRL01017,FY23,25.35,19.36,0.74,2.74,219.16,1.91,0.0
INE0QRL01017,FY24,38.02,41.94,0.22,6.62,634.44,13.65,0.0
INE0QRL01017,FY25,17.76,21.35,0.13,9.25,683.1,18.34,0.0
INE0QRL01017,FY26,0.61,0.9,0.11,0.29,816.4,44.4,4.74
INE109C01017,FY23,25.65,6.35,4.39,107.28,388.53,5.76,0.0
INE109C01017,FY24,21.36,9.77,2.12,192.76,616.38,7.37,0.0
INE109C01017,FY25,5.96,11.75,1.41,49.26,644.48,30.94,0.2
INE109C01017,FY26,6.06,6.97,1.9,53.57,609.17,34.18,2.56
INE570D01018,FY23,12.51,18.48,0.04,8.52,108.69,30.57,0.46
INE570D01018,FY24,23.26,31.98,0.01,19.56,148.51,33.39,2.22
INE570D01018,FY25,33.53,45.63,0.0,41.83,243.35,32.75,1.21
INE570D01018,FY26,20.2,27.61,0.01,31.38,200.51,31.12,0.48
INE549H01021,FY23,14.23,13.13,1.59,6.02,423.87,37.63,0.0
INE549H01021,FY24,19.68,15.97,2.24,12.32,590.13,56.55,0.0
INE549H01021,FY25,20.57,19.8,1.8,16.52,702.86,72.77,0.0
INE549H01021,FY26,9.59,15.82,0.62,23.4,739.87,66.62,0.0
INE034A01011,FY23,12.09,13.19,0.45,15.49,8115.39,3327.74,101.16
INE034A01011,FY24,9.5,12.47,0.41,12.86,7472.22,3359.66,150.3
INE034A01011,FY25,9.34,12.31,0.41,13.49,8328.81,3913.26,480.47
INE034A01011,FY26,10.24,13.32,0.41,15.79,9303.19,3968.34,119.35
INE955V01021,FY23,4.04,11.5,1.39,2.76,4064.44,715.57,2.5
INE955V01021,FY24,8.04,13.21,1.14,6.05,4251.55,751.95,2.69
INE955V01021,FY25,-3.72,16.6,1.21,-2.67,4617.61,861.14,1.24
INE955V01021,FY26,12.99,17.27,1.42,9.16,5264.72,931.26,4.0
INE034S01021,FY23,5.49,8.75,0.31,5.63,245.76,71.75,25.74
INE034S01021,FY24,8.41,19.29,0.22,9.09,330.24,194.29,142.94
INE034S01021,FY25,18.48,21.06,0.48,24.0,713.3,208.9,152.24
INE034S01021,FY26,14.86,13.47,0.9,,564.05,121.36,61.82
INE439A01020,FY23,17.59,19.1,0.68,15.01,3983.19,2623.74,299.41
INE439A01020,FY24,13.94,13.35,0.84,13.49,4306.01,3522.61,1016.3
INE439A01020,FY25,13.91,11.95,1.01,15.27,4551.74,4561.92,625.73
INE439A01020,FY26,8.77,10.81,0.56,13.82,4906.02,4867.91,444.55
INE900C01027,FY23,-30.45,34.81,-3.02,5.25,828.23,93.66,0.58
INE900C01027,FY24,-273.66,34.4,-14.21,12.71,880.33,117.88,3.04
INE900C01027,FY25,192.08,19.79,17.02,10.58,774.65,118.76,0.92
INE900C01027,FY26,76.54,23.74,3.44,17.45,889.56,103.84,2.29
INE073G01016,FY23,11.44,12.18,0.28,22.99,698.03,220.9,110.49
INE073G01016,FY24,11.97,13.3,0.26,28.0,754.98,315.44,63.25
INE073G01016,FY25,15.65,18.54,0.2,45.03,1075.9,394.28,43.56
INE073G01016,FY26,12.73,16.31,0.1,45.92,1019.4,413.73,18.69
INE348A01023,FY23,17.6,13.99,1.14,12.79,1796.65,805.12,262.35
INE348A01023,FY24,30.86,19.73,1.06,30.5,2620.12,1030.98,503.99
INE348A01023,FY25,23.82,16.36,0.94,31.46,2738.93,1357.24,57.97
INE348A01023,FY26,24.34,18.18,0.88,,5237.13,1382.84,50.77
INE365D01021,FY23,3.67,3.96,0.24,2.72,399.61,51.32,2.63
INE365D01021,FY24,10.83,11.94,0.19,8.33,934.61,73.08,0.13
INE365D01021,FY25,2.39,2.75,0.36,1.88,528.8,97.95,0.0
INE365D01021,FY26,13.72,13.58,0.38,,1143.28,106.05,0.0
INE442H01029,FY23,17.45,22.83,3.29,10.42,7353.7,368.18,75.07
INE442H01029,FY24,22.66,25.64,2.55,17.92,8956.99,384.5,41.24
INE442H01029,FY25,43.27,45.6,0.57,60.35,10036.63,422.33,52.81
INE442H01029,FY26,38.76,49.39,0.24,25.37,7519.88,482.5,53.71
INE208A01029,FY23,14.48,10.97,3.64,2.1,41488.3,5902.1,139.15
INE208A01029,FY24,27.58,14.23,4.53,4.22,45517.26,5974.16,172.01
INE208A01029,FY25,25.4,13.71,4.08,5.28,48341.76,6649.76,360.62
INE208A01029,FY26,24.37,12.61,4.49,5.91,56076.03,8535.57,552.6
INE276G01015,FY23,-22.24,-19.75,0.11,-11.77,108.95,95.67,0.0
INE276G01015,FY24,9.16,10.24,0.08,6.48,304.56,112.92,1.16
INE276G01015,FY25,10.57,14.19,0.06,9.77,465.04,117.98,2.63
INE276G01015,FY26,10.35,12.18,0.32,11.34,791.05,160.34,46.13
INE363A01022,FY23,-52.23,1.76,6.66,-43.6,255.78,1457.57,1.04
INE363A01022,FY24,-116.81,3.11,14.05,-44.98,298.09,1435.53,1.04
INE363A01022,FY25,71.38,45.01,2.1,96.26,318.19,1419.08,1.04
INE363A01022,FY26,-11.11,-5.52,0.36,-44.05,341.08,1383.66,0.0
INE021A01026,FY23,25.68,32.54,0.12,42.82,34388.71,6374.16,1019.59
INE021A01026,FY24,29.15,35.62,0.13,56.94,35395.42,9000.84,2698.37
INE021A01026,FY25,18.9,24.57,0.12,38.25,33815.17,10060.35,1429.01
INE021A01026,FY26,20.24,24.5,0.18,45.11,35540.9,11099.78,1934.78
INE022I01019,FY23,-5.79,-6.06,0.18,-6.14,1556.91,749.92,176.88
INE022I01019,FY24,-0.97,0.88,0.2,-0.97,1524.31,779.2,0.35
INE022I01019,FY25,0.77,2.31,0.2,0.48,1710.98,781.59,36.43
INE022I01019,FY26,1.37,2.89,0.29,,1858.06,948.3,49.4
INE491J01022,FY23,19.1,18.61,0.51,6.24,2527.25,672.28,131.5
INE491J01022,FY24,21.28,22.22,0.42,8.81,2956.6,885.37,78.84
INE491J01022,FY25,23.74,24.8,0.39,12.56,3534.26,1172.5,91.46
INE491J01022,FY26,22.68,22.06,0.52,15.08,4078.87,1558.43,178.37
INE563J01010,FY23,6.1,7.25,0.81,12.94,628.17,440.73,123.94
INE563J01010,FY24,-12.71,-4.27,1.34,-23.75,457.7,531.88,148.76
INE563J01010,FY25,-57.4,-13.27,2.36,-68.71,378.15,497.72,1.15
INE563J01010,FY26,-20.72,-5.59,1.15,-37.79,445.72,454.81,1.18
INE914M01019,FY23,9.55,2.77,1.28,8.53,2951.8,7803.62,255.09
INE914M01019,FY24,2.84,6.18,0.3,2.6,3638.19,3049.95,170.06
INE914M01019,FY25,156.88,10.92,0.59,107.85,4138.46,3918.57,290.74
INE914M01019,FY26,8.48,10.19,0.49,7.52,4643.22,4370.87,412.59
INE006I01046,FY23,16.84,22.49,0.03,17.0,5145.1,1595.7,139.0
INE006I01046,FY24,17.13,22.85,0.04,20.33,5628.8,2006.0,171.4
INE006I01046,FY25,14.48,18.98,0.06,19.5,5819.4,2426.0,144.8
INE006I01046,FY26,13.22,17.58,0.06,,6553.6,2697.7,158.9
INE386C01029,FY23,10.87,14.36,0.29,8.06,813.8,168.22,2.17
INE386C01029,FY24,12.53,15.06,0.25,12.86,908.82,184.16,16.77
INE386C01029,FY25,13.97,17.14,0.39,16.17,1051.18,226.03,3.13
INE386C01029,FY26,14.68,19.74,0.22,20.27,1162.8,270.35,9.25
INE203A01020,FY23,16.87,22.61,0.01,39.7,1002.97,70.19,1.71
INE203A01020,FY24,22.69,30.81,0.01,64.6,1295.53,64.84,0.65
INE203A01020,FY25,15.02,19.58,0.05,46.3,1713.29,63.59,0.0
INE203A01020,FY26,21.49,26.1,0.13,75.0,2272.58,117.47,0.0
INE399L01023,FY23,18.58,18.03,0.48,4.97,4350.98,3919.35,1616.04
INE399L01023,FY24,18.64,19.36,0.43,6.07,4445.5,4628.31,1497.98
INE399L01023,FY25,15.56,15.92,0.44,5.95,4969.69,5471.42,1865.27
INE399L01023,FY26,13.48,12.89,0.59,5.96,5856.01,6262.04,2000.56
INE0LEZ01016,FY23,-140.87,-62.36,1.09,-23.21,1779.6,371.1,4.9
INE0LEZ01016,FY24,-194.12,-95.13,0.88,-28.45,1751.1,350.8,14.8
INE0LEZ01016,FY25,-164.77,-63.5,1.26,-21.81,2250.62,526.23,14.57
INE0LEZ01016,FY26,-20.1,-13.8,0.26,-13.99,3662.52,749.86,224.2
INE0NN701020,FY23,27.97,17.36,2.01,2.2,703.86,440.62,0.0
INE0NN701020,FY24,18.68,12.15,1.76,1.7,730.75,444.6,6.6
INE0NN701020,FY25,11.36,9.92,2.04,1.16,757.81,477.18,1.34
INE0NN701020,FY26,12.54,10.02,2.18,1.56,820.8,792.05,1.91
INE0Z4F01028,FY23,53.05,51.83,0.45,12.22,868.65,51.14,3.87
INE0Z4F01028,FY24,27.8,37.28,0.21,8.87,854.46,79.48,14.6
INE0Z4F01028,FY25,33.91,35.39,0.56,15.43,1244.18,434.38,122.27
INE0Z4F01028,FY26,21.71,33.96,0.05,27.17,1851.52,511.99,29.66
INE100A01010,FY23,11.01,14.72,0.01,174.15,5366.37,2771.11,1057.34
INE100A01010,FY24,6.32,8.62,0.05,109.54,4668.02,3024.32,287.23
INE100A01010,FY25,8.64,12.34,0.04,164.37,5510.01,2921.03,129.05
INE100A01010,FY26,10.9,14.31,0.03,230.25,6203.11,2744.05,124.61
INE951D01028,FY23,1.15,4.0,0.39,1.82,504.6,252.69,1.29
INE951D01028,FY24,2.14,4.13,0.26,3.39,521.34,244.93,0.14
INE951D01028,FY25,4.91,7.14,0.17,7.79,710.55,244.05,1.25
INE951D01028,FY26,8.74,10.57,0.3,,811.04,237.8,2.7
INE949L01017,FY23,13.01,,0.57,21.74,5460.41,740.14,32.85
INE949L01017,FY24,12.22,,0.44,22.86,6855.62,851.59,67.46
INE949L01017,FY25,12.27,,0.68,28.24,10537.89,912.47,87.44
INE949L01017,FY26,13.22,,0.69,35.01,12090.62,1436.38,0.0
INE132H01018,FY23,19.55,22.27,0.18,21.34,659.33,101.4,3.26
INE132H01018,FY24,15.16,17.64,0.09,27.62,887.47,98.45,1.29
INE132H01018,FY25,12.38,15.35,0.02,34.21,1172.97,158.49,0.0
INE132H01018,FY26,12.05,14.81,0.03,37.87,1411.09,144.13,0.0
INE406A01037,FY23,7.18,8.53,0.2,32.9,24617.13,12803.6,4808.22
INE406A01037,FY24,10.63,12.74,0.22,54.16,28704.5,14411.69,2866.18
INE406A01037,FY25,10.68,13.46,0.25,59.81,31378.13,15633.98,3444.55
INE406A01037,FY26,9.25,11.89,0.21,60.34,33384.74,17608.97,3279.04
INE898S01029,FY23,-12.98,-13.25,0.44,-7.51,126.87,121.55,0.56
INE898S01029,FY24,-30.91,-10.29,1.79,-14.16,214.05,224.16,0.0
INE898S01029,FY25,-11.87,-3.65,1.0,-6.16,252.77,211.36,0.0
INE898S01029,FY26,-2.06,1.63,0.44,0.26,381.09,214.42,0.79
INE449A01011,FY23,21.34,28.05,0.04,107.22,2256.58,251.96,7.67
INE449A01011,FY24,18.97,25.09,0.02,109.95,2177.49,234.93,8.42
INE449A01011,FY25,15.84,21.37,0.02,102.92,2035.26,219.46,19.67
INE449A01011,FY26,14.96,19.87,0.01,108.77,2127.76,266.48,43.79
INE349W01017,FY23,11.25,10.87,1.2,50.07,2790.85,1184.32,19.17
INE349W01017,FY24,12.46,11.86,1.28,64.0,2684.57,1203.53,16.58
INE349W01017,FY25,7.99,8.97,1.25,43.93,2627.73,1244.63,23.59
INE349W01017,FY26,5.1,6.42,1.25,28.63,2689.88,1278.58,9.91
INE0LCL01028,FY23,9.78,11.14,0.57,8.04,942.65,145.21,20.13
INE0LCL01028,FY24,5.11,6.86,0.28,4.19,865.14,168.91,24.03
INE0LCL01028,FY25,10.37,13.34,0.27,9.48,1098.13,193.01,12.31
INE0LCL01028,FY26,15.65,18.04,0.3,16.86,1603.2,209.95,23.94
INE005B01027,FY23,24.97,29.64,0.28,1.05,154.4,39.81,8.66
INE005B01027,FY24,32.02,41.2,0.11,2.03,224.15,66.51,18.0
INE005B01027,FY25,23.79,30.76,0.11,2.3,248.71,119.22,4.54
INE005B01027,FY26,4.43,7.7,0.1,0.54,222.35,187.11,5.94
INE871C01038,FY23,13.3,20.35,0.0,20.45,5036.85,452.94,55.56
INE871C01038,FY24,15.1,22.56,0.01,26.21,5311.71,513.84,17.36
INE871C01038,FY25,18.88,26.23,0.01,38.81,5525.43,599.23,36.36
INE871C01038,FY26,18.44,26.72,0.0,,5974.61,616.37,25.45
INE679V01027,FY23,47.06,20.84,3.07,5.33,1322.23,190.99,8.05
INE679V01027,FY24,15.83,18.06,0.65,6.32,1743.29,253.05,8.91
INE679V01027,FY25,18.07,16.43,0.82,8.16,2259.77,274.38,6.25
INE679V01027,FY26,16.98,15.52,0.83,9.05,2671.62,331.61,5.93
INE488D01021,FY23,17.99,23.04,0.09,5.08,582.17,76.62,0.0
INE488D01021,FY24,11.35,14.87,0.09,3.5,517.26,80.43,0.02
INE488D01021,FY25,9.52,11.43,0.22,3.17,556.04,78.1,6.74
INE488D01021,FY26,11.59,13.33,0.2,,711.43,79.92,0.06
INE108V01019,FY23,-27.54,3.83,2.95,-6.72,545.28,652.04,0.44
INE108V01019,FY24,-6.99,7.53,2.92,-2.53,848.82,931.41,17.26
INE108V01019,FY25,14.78,10.94,3.08,9.67,1207.54,1604.99,26.15
INE108V01019,FY26,12.83,12.59,2.72,9.92,1493.48,1709.79,12.45
INE01BK01022,FY23,14.02,14.22,0.73,24.06,850.71,253.55,61.69
INE01BK01022,FY24,15.03,13.63,0.78,30.39,864.04,347.11,43.44
INE01BK01022,FY25,12.95,13.87,0.77,30.08,930.31,480.51,62.71
INE01BK01022,FY26,10.21,11.57,0.62,,1049.33,477.58,40.48
INE699H01024,FY23,7.13,7.29,1.09,4.48,58100.98,5173.79,568.16
INE699H01024,FY24,1.78,5.95,0.82,1.14,51117.36,5829.69,1092.74
INE699H01024,FY25,13.0,12.65,0.81,9.43,63567.25,6532.47,1244.89
INE699H01024,FY26,9.98,10.15,0.78,8.05,74619.03,7264.07,813.16
INE238A01034,FY23,8.34,,1.53,35.04,62415.84,4852.58,142.14
INE238A01034,FY24,16.8,,1.45,85.01,76603.04,5837.56,266.9
INE238A01034,FY25,14.98,,1.18,90.18,84668.33,6492.08,120.58
INE238A01034,FY26,12.27,,1.3,84.48,88067.31,6756.03,269.1
INE555B01013,FY23,-1.55,7.81,1.02,-1.37,813.6,172.53,0.0
INE555B01013,FY24,5.6,11.65,0.54,7.74,952.23,221.1,0.08
INE555B01013,FY25,11.55,13.21,0.4,17.22,1030.72,220.45,0.61
INE555B01013,FY26,9.89,12.96,0.53,16.83,1158.95,313.91,44.22
INE501X01029,FY23,5.28,5.76,3.08,1.62,581.21,26.62,0.0
INE501X01029,FY24,13.93,7.22,2.86,6.96,980.09,30.39,0.0
INE501X01029,FY25,10.32,6.32,2.75,6.94,1380.38,38.37,0.0
INE501X01029,FY26,7.65,5.63,2.0,9.6,1640.97,57.08,0.0
INE193B01039,FY23,1.7,5.16,0.66,1.41,1426.3,483.44,35.62
INE193B01039,FY24,0.48,4.23,0.76,0.4,1314.67,502.4,22.42
INE193B01039,FY25,2.01,7.97,0.35,2.12,1489.0,503.92,21.8
INE193B01039,FY26,1.11,5.36,0.32,1.12,1365.12,567.04,41.61
INE02IJ01035,FY23,4.15,7.89,1.47,1.43,241.62,292.63,75.98
INE02IJ01035,FY24,9.08,16.59,0.06,11.2,328.12,341.13,83.86
INE02IJ01035,FY25,6.26,8.59,0.19,14.66,457.35,626.62,190.58
INE02IJ01035,FY26,8.69,10.89,0.31,20.57,602.98,1036.03,256.68
INE878I01022,FY23,15.44,13.92,0.31,4.79,115.35,40.23,0.0
INE878I01022,FY24,9.09,8.82,0.3,3.11,152.47,50.71,10.5
INE878I01022,FY25,4.9,6.09,0.33,1.76,145.86,66.09,7.31
INE878I01022,FY26,11.54,10.95,0.39,4.69,150.62,84.92,3.13
INE917I01010,FY23,20.64,26.84,0.0,212.5,35391.52,2846.79,85.27
INE917I01010,FY24,26.61,32.85,0.06,272.4,43782.08,3175.69,28.23
INE917I01010,FY25,20.82,23.89,0.26,262.0,49266.95,3617.94,29.2
INE917I01010,FY26,27.67,24.6,0.58,384.4,60386.43,7847.63,120.32
INE933K01021,FY23,17.63,21.23,0.01,9.47,949.05,144.62,27.76
INE933K01021,FY24,18.71,22.63,0.01,10.89,967.98,142.52,27.83
INE933K01021,FY25,16.75,20.38,0.01,9.03,949.75,138.39,28.21
INE933K01021,FY26,25.19,30.22,0.02,14.21,1153.43,180.3,28.46
INE193E01025,FY23,11.34,17.19,0.05,18.77,4867.77,490.84,60.0
INE193E01025,FY24,9.09,14.06,0.15,11.37,4622.35,655.07,80.49
INE193E01025,FY25,7.73,11.94,0.14,11.56,4815.91,610.65,15.73
INE193E01025,FY26,-5.7,-1.98,0.1,,4448.28,433.41,2.0
INE918I01026,FY23,13.83,13.56,3.61,40.0,73845.92,2981.01,105.64
INE918I01026,FY24,13.51,13.76,3.79,50.7,99880.07,3851.98,106.86
INE918I01026,FY25,12.26,13.47,3.93,55.0,120701.47,4885.36,728.47
INE918I01026,FY26,12.58,12.55,4.64,61.0,137147.63,5413.79,1050.16
INE411U01027,FY23,11.7,12.08,1.13,15.59,645.8,386.03,20.34
INE411U01027,FY24,-30.1,2.03,1.2,-30.36,472.93,257.56,4.8
INE411U01027,FY25,8.47,10.72,0.48,13.12,542.6,240.49,3.45
INE411U01027,FY26,2.96,6.54,0.47,4.98,611.03,255.17,7.94
INE377Y01014,FY23,11.98,2.66,5.1,1.51,5481.46,84.92,0.0
INE377Y01014,FY24,14.15,2.67,5.64,2.08,7329.46,87.5,0.0
INE377Y01014,FY25,10.84,2.72,4.11,2.67,9179.46,100.34,0.0
INE377Y01014,FY26,11.37,2.63,4.6,3.07,10838.7,110.95,0.0
INE306A01021,FY23,-3.05,0.83,0.97,-1.08,6174.94,7805.6,5.25
INE306A01021,FY24,-7.45,1.34,3.31,-0.69,6043.49,7589.74,8.05
INE306A01021,FY25,-15.58,2.48,23.54,-6.26,5514.67,7342.09,16.63
INE306A01021,FY26,3.32,2.15,0.93,,5397.95,7179.68,43.5
INE118A01012,FY23,10.98,,0.0,435.8,5182.6,103.58,0.0
INE118A01012,FY24,13.4,,0.0,653.0,7665.33,73.35,0.0
INE118A01012,FY25,10.4,,0.0,585.9,6875.3,35.72,0.0
INE118A01012,FY26,13.17,,0.0,865.9,8729.18,16.58,0.0
INE0O9T01021,FY24,101.16,-218.25,-1.63,-0.01,0.0,,0.0
INE0O9T01021,FY25,13.51,16.5,0.02,10.68,177.47,32.56,2.54
INE0O9T01021,FY26,8.76,8.87,0.02,7.38,205.56,33.2,0.17
INE0KQN01018,FY23,-0.28,1.28,0.0,-0.14,586.81,48.44,0.81
INE0KQN01018,FY24,0.76,2.96,0.03,0.37,1140.0,69.44,0.0
INE0KQN01018,FY25,2.32,7.44,0.56,1.33,2562.61,98.53,0.12
INE0KQN01018,FY26,2.71,8.13,0.49,,2758.57,117.01,8.56
INE296A01032,FY23,21.16,,3.02,18.96,26966.9,1730.27,53.7
INE296A01032,FY24,18.84,,2.85,23.6,34326.32,2407.93,49.61
INE296A01032,FY25,17.21,,2.85,26.82,41479.57,2721.47,32.58
INE296A01032,FY26,16.68,,3.1,30.51,49665.45,2927.25,76.19
INE794B01026,FY23,-9.13,-3.14,0.26,-3.67,590.3,18.07,0.0
INE794B01026,FY24,4.59,8.56,0.18,1.95,625.11,18.6,0.0
INE794B01026,FY25,13.25,-1.03,0.01,8.36,453.09,11.04,0.81
INE794B01026,FY26,-7.87,-9.66,0.03,-4.09,210.83,14.32,0.0
INE050E01027,FY23,20.94,35.68,0.04,100.47,2331.56,912.12,136.84
INE050E01027,FY24,11.9,17.54,0.01,63.22,1608.34,1128.36,237.3
INE050E01027,FY25,8.54,11.57,0.01,48.62,1385.83,1287.53,289.05
INE050E01027,FY26,8.46,11.18,0.07,51.6,1400.06,1771.53,736.46
INE787D01026,FY23,13.99,13.55,0.44,54.7,9646.16,6988.77,1676.76
INE787D01026,FY24,16.62,17.08,0.35,76.12,9304.37,7471.39,1220.16
INE787D01026,FY25,15.93,16.82,0.31,85.61,10357.24,8312.97,1436.9
INE787D01026,FY26,11.35,11.62,0.38,64.3,10729.61,10692.86,3346.4
INE164A01016,FY23,10.22,9.83,0.07,10.05,2210.1,784.91,27.67
INE164A01016,FY24,13.17,14.99,0.06,14.02,2193.01,802.12,54.13
INE164A01016,FY25,13.51,14.58,0.05,15.55,2515.64,802.7,69.78
INE164A01016,FY26,13.37,14.03,0.11,16.18,2717.0,903.42,34.35
INE119A01028,FY23,9.81,9.57,0.65,13.94,4665.86,2630.48,32.58
INE119A01028,FY24,15.72,15.26,0.59,26.49,5593.74,2689.65,51.05
INE119A01028,FY25,11.51,10.21,0.69,21.57,5415.38,3390.12,745.3
INE119A01028,FY26,9.15,8.72,0.77,18.59,6271.15,4350.66,1747.07
INE011E01029,FY23,19.69,23.67,0.26,4.67,322.88,36.66,20.95
INE011E01029,FY24,16.91,20.34,0.09,9.72,553.14,182.5,158.31
INE011E01029,FY25,19.36,24.24,0.04,18.38,923.62,567.54,499.27
INE011E01029,FY26,16.24,18.47,0.1,23.9,1107.37,791.34,277.31
INE459A01010,FY23,9.24,12.61,0.37,114.35,2519.44,1109.98,32.01
INE459A01010,FY24,9.02,11.73,0.29,121.46,2217.93,1186.99,116.7
INE459A01010,FY25,5.88,9.23,0.08,83.47,1792.97,1199.2,10.92
INE459A01010,FY26,7.73,9.34,0.0,,1916.67,1250.2,106.2
INE213C01025,FY23,23.52,22.55,0.42,16.47,2300.54,375.76,25.22
INE213C01025,FY24,25.81,25.96,0.4,18.97,2742.15,469.62,18.76
INE213C01025,FY25,30.07,29.84,0.44,27.39,3187.24,524.73,11.91
INE213C01025,FY26,28.6,29.01,0.36,32.17,3867.43,476.74,11.27
INE545U01014,FY23,11.21,,1.26,13.62,11721.99,854.59,345.68
INE545U01014,FY24,10.32,,0.76,13.84,12485.94,1173.43,214.36
INE545U01014,FY25,11.16,,0.45,17.04,14457.04,1180.38,325.21
INE545U01014,FY26,4.78,,0.56,7.59,13564.02,1401.3,470.28
INE028A01039,FY23,14.19,,1.0,28.82,55791.06,8956.79,80.76
INE028A01039,FY24,15.68,,0.78,36.29,67901.27,8148.35,112.53
INE028A01039,FY25,14.14,,0.72,40.06,74546.64,12633.74,155.1
INE028A01039,FY26,11.97,,0.94,38.38,74870.21,12197.05,148.99
INE084A01016,FY23,6.35,,1.03,9.35,26360.41,10060.56,110.43
INE084A01016,FY24,9.3,,0.94,15.48,29449.11,10327.53,150.02
INE084A01016,FY25,11.83,,1.16,20.97,31531.89,12046.94,181.83
INE084A01016,FY26,11.46,,1.19,22.64,32598.2,11877.09,206.66
INE0B9K01025,FY23,21.21,14.83,1.47,3.83,2393.94,153.38,37.87
INE0B9K01025,FY24,17.43,12.35,1.61,4.7,2448.86,480.8,251.49
INE0B9K01025,FY25,11.4,13.09,0.48,9.73,3507.17,891.01,198.3
INE0B9K01025,FY26,11.25,13.26,0.39,10.28,4159.79,1044.34,213.65
INE373A01013,FY23,14.92,19.85,0.04,93.1,13628.42,809.52,19.77
INE373A01013,FY24,17.47,22.91,0.05,130.1,13751.27,825.32,67.25
INE373A01013,FY25,13.18,17.46,0.05,110.7,14768.13,903.55,128.17
INE373A01013,FY26,10.62,14.19,0.03,97.1,14930.36,907.4,183.02
INE176A01028,FY23,22.46,20.03,0.87,25.13,3450.56,1379.49,1.86
INE176A01028,FY24,17.19,16.21,0.89,20.42,3477.11,1486.87,5.06
INE176A01028,FY25,20.99,18.36,0.92,25.73,3487.49,1548.78,16.76
INE176A01028,FY26,8.41,10.62,0.87,10.44,3513.95,1446.65,6.94
INE462A01022,FY23,27.96,36.34,0.03,168.71,4944.9,436.0,7.6
INE462A01022,FY24,25.99,33.18,0.02,164.77,4892.1,384.8,8.6
INE462A01022,FY25,19.93,24.51,0.04,126.38,5314.1,429.4,2.5
INE462A01022,FY26,23.24,28.7,0.03,153.35,5498.0,408.7,7.2
INE464A01036,FY23,6.04,7.96,0.21,73.63,1405.37,110.07,3.68
INE464A01036,FY24,7.05,9.54,0.08,116.29,1862.87,130.9,3.52
INE464A01036,FY25,6.89,9.36,0.04,118.24,1888.48,149.66,22.34
INE464A01036,FY26,5.92,7.45,0.15,106.24,2256.88,246.05,102.3
INE676A01027,FY23,8.01,7.83,2.12,1.41,6277.7,419.67,0.0
INE676A01027,FY24,28.63,17.15,1.48,8.18,6281.58,411.57,0.0
INE676A01027,FY25,26.99,20.97,1.24,12.11,5966.91,356.12,0.0
INE676A01027,FY26,16.9,16.26,0.9,,6321.85,410.54,0.0
INE050A01025,FY23,-41.57,4.42,1.62,-240.22,16303.39,2711.25,136.91
INE050A01025,FY24,13.75,41.9,0.47,91.19,16882.58,2932.04,230.15
INE050A01025,FY25,19.93,44.62,0.28,160.9,17886.69,2948.12,118.33
INE050A01025,FY26,17.65,40.41,0.23,,19241.05,2808.15,51.6
INE425B01027,FY23,19.58,27.14,0.0,6.79,7396.77,173.68,136.69
INE425B01027,FY24,8.83,12.26,0.0,3.41,4662.24,229.9,197.67
INE425B01027,FY25,8.17,11.68,0.0,3.52,5146.67,204.41,181.78
INE425B01027,FY26,9.1,13.55,,4.77,6928.06,303.9,284.94
INE412G01024,FY23,13.8,11.31,0.9,2.66,1800.53,546.82,230.85
INE412G01024,FY24,13.86,14.36,0.73,3.43,2095.54,632.41,12.73
INE412G01024,FY25,11.85,12.52,0.67,3.26,2815.14,720.78,117.19
INE412G01024,FY26,12.64,13.54,0.63,,2791.66,803.45,6.88
INE171Z01026,FY23,10.97,15.08,0.0,9.61,2479.24,782.63,81.49
INE171Z01026,FY24,16.85,22.8,0.0,16.72,2358.86,805.27,80.02
INE171Z01026,FY25,13.71,18.75,0.0,14.99,3323.07,863.71,145.4
INE171Z01026,FY26,9.91,13.47,0.0,,2415.36,923.56,174.1
INE495P01020,FY23,16.55,19.9,0.23,3.06,1325.75,492.52,66.75
INE495P01020,FY24,21.17,22.05,0.37,4.77,1589.12,673.63,150.1
INE495P01020,FY25,12.29,15.16,0.16,4.76,1873.88,912.66,298.98
INE495P01020,FY26,11.08,13.62,0.15,4.59,2043.56,1012.8,89.88
INE263A01024,FY23,21.53,28.28,0.0,4.09,17404.18,3078.36,385.29
INE263A01024,FY24,24.41,32.17,0.0,5.45,19905.49,3275.5,488.27
INE263A01024,FY25,26.64,35.48,0.0,7.28,23117.3,3694.45,489.92
INE263A01024,FY26,25.27,33.51,0.0,8.29,26796.47,3978.93,497.34
INE894V01022,FY23,15.34,13.7,1.15,3.52,6377.23,2548.64,120.15
INE894V01022,FY24,13.41,13.59,1.07,3.53,7309.53,2702.74,243.28
INE894V01022,FY25,13.18,13.3,1.1,3.99,8290.82,3239.22,342.08
INE894V01022,FY26,9.51,13.3,0.29,,9509.1,3341.27,239.78
INE258A01024,FY23,6.52,11.66,0.16,37.92,3799.73,489.83,10.0
INE258A01024,FY24,10.56,15.45,0.03,67.67,3965.38,531.32,37.86
INE258A01024,FY25,10.13,14.29,0.11,70.24,4022.22,649.97,108.15
INE258A01024,FY26,4.82,7.55,0.11,16.97,4350.53,920.9,276.33
INE922A01025,FY23,12.8,18.39,0.0,3.67,1362.56,139.98,0.4
INE922A01025,FY24,19.44,26.27,0.0,7.21,1221.74,151.5,18.94
INE922A01025,FY25,17.96,24.33,0.0,7.23,1397.74,148.34,11.4
INE922A01025,FY26,16.63,22.85,0.0,7.24,1276.0,163.25,30.7
INE463A01038,FY23,19.12,22.2,0.26,7.37,10415.38,3165.05,130.89
INE463A01038,FY24,21.71,26.66,0.14,10.02,11100.21,3374.91,196.65
INE463A01038,FY25,19.18,23.91,0.11,10.12,11457.48,3502.22,179.0
INE463A01038,FY26,16.29,20.47,0.09,9.66,11789.68,3751.94,324.31
INE052T01021,FY23,36.44,26.27,1.08,5.42,1745.68,214.72,39.49
INE052T01021,FY24,16.42,15.0,0.98,3.0,1873.32,237.92,15.15
INE052T01021,FY25,9.23,13.11,0.63,1.97,1814.31,243.51,0.77
INE052T01021,FY26,1.15,5.22,0.58,0.25,1256.67,228.63,1.0
INE351Y01019,FY23,25.0,30.26,0.17,30.43,227.11,62.09,3.99
INE351Y01019,FY24,23.19,29.93,0.09,37.9,295.71,67.0,7.8
INE351Y01019,FY25,21.52,19.08,0.7,42.02,362.36,91.3,10.93
INE351Y01019,FY26,16.95,17.76,0.6,40.92,384.83,115.37,0.0
INE878K01010,FY23,5.53,7.33,0.0,68.84,15.91,2.33,0.0
INE878K01010,FY24,6.99,9.33,,115.15,19.48,1.88,0.0
INE878K01010,FY25,3.22,4.38,0.0,59.01,34.98,1.49,0.0
INE878K01010,FY26,3.3,4.4,0.0,,40.37,1.32,0.0
INE243D01012,FY23,-135.66,32.21,-16.16,33.03,759.12,520.97,502.69
INE243D01012,FY24,266.18,38.82,23.44,39.12,968.7,515.78,491.1
INE243D01012,FY25,72.69,49.79,4.62,,835.68,458.88,432.02
INE661I01014,FY23,-372.2,-16.24,14.16,-67.21,790.07,321.14,0.0
INE661I01014,FY24,114.73,-26.47,-2.77,-105.07,998.61,296.4,0.0
INE661I01014,FY25,60.47,-20.05,-2.16,-134.75,452.48,282.76,0.25
INE661I01014,FY26,45.03,-27.87,-1.59,-178.51,299.69,255.69,0.41
INE414D01027,FY23,14.41,18.22,0.16,4.43,502.0,211.63,38.29
INE414D01027,FY24,4.4,6.77,0.15,1.61,407.5,286.4,72.47
INE414D01027,FY25,2.03,3.94,0.13,1.14,440.31,549.19,306.12
INE414D01027,FY26,2.6,3.66,0.34,1.4,535.86,674.0,95.64
INE354C01027,FY23,2.91,4.3,0.08,3.38,499.22,371.37,8.48
INE354C01027,FY24,3.65,4.9,0.09,4.37,492.23,363.87,19.14
INE354C01027,FY25,7.24,9.38,0.08,9.26,592.2,360.34,11.84
INE354C01027,FY26,7.72,9.21,0.18,10.56,865.4,504.03,121.13
INE458B01036,FY23,6.86,7.8,1.49,3.17,1845.77,79.67,0.14
INE458B01036,FY24,23.65,23.21,0.52,14.29,1429.31,77.24,0.0
INE458B01036,FY25,6.76,7.38,1.33,4.38,1625.61,80.43,0.0
INE458B01036,FY26,19.48,20.04,1.01,15.68,2377.83,83.51,0.0
INE05XR01022,FY23,17.48,14.59,0.06,1.43,12349.14,4726.22,1700.79
INE05XR01022,FY24,29.4,38.76,0.04,3.36,13161.1,5611.41,2053.69
INE05XR01022,FY25,19.19,26.51,0.04,2.66,16113.11,6819.57,2367.95
INE05XR01022,FY26,2.22,2.78,0.39,0.28,13644.78,7935.14,2657.34
INE465A01025,FY23,7.88,7.8,1.09,11.35,12288.91,6910.3,1128.02
INE465A01025,FY24,13.27,12.61,1.11,20.43,15042.94,7642.15,1701.06
INE465A01025,FY25,10.17,11.6,0.72,20.05,14529.9,8232.64,1939.2
INE465A01025,FY26,11.27,11.72,0.76,22.58,16223.81,9168.6,1433.85
INE838B01021,FY23,13.95,19.52,0.03,74.97,1234.34,235.09,10.62
INE838B01021,FY24,9.67,11.82,0.08,57.46,1033.37,236.25,6.11
INE838B01021,FY25,12.47,15.61,0.08,339.14,1173.0,244.69,15.26
INE838B01021,FY26,11.43,15.51,0.0,,1241.84,291.64,45.65
INE415D01024,FY23,14.72,15.65,0.45,3.43,1048.78,210.21,12.61
INE415D01024,FY24,15.02,12.63,0.96,2.0,1064.46,323.93,49.46
INE415D01024,FY25,16.81,15.21,0.78,5.21,1285.72,369.64,89.65
INE415D01024,FY26,18.39,19.91,0.48,,1947.6,366.37,13.5
INE316L01019,FY23,11.11,15.66,0.32,9.68,550.4,487.55,6.66
INE316L01019,FY24,14.58,17.99,0.2,14.17,621.84,497.51,22.51
INE316L01019,FY25,9.83,12.81,0.18,8.1,619.32,536.17,46.9
INE316L01019,FY26,8.94,12.19,0.09,7.66,590.54,538.1,4.23
INE397D01024,FY23,10.76,10.16,2.91,14.57,139144.8,161486.1,11615.4
INE397D01024,FY24,9.1,9.62,2.63,12.8,149982.4,172182.3,9633.5
INE397D01024,FY25,29.52,17.11,1.88,56.04,172985.2,215154.9,11641.0
INE397D01024,FY26,17.91,18.29,1.31,44.37,210972.8,238459.1,14068.8
INE343G01021,FY23,13.05,9.77,2.18,10.98,6579.0,7178.4,468.6
INE343G01021,FY24,11.36,11.85,1.82,10.09,7088.8,8407.8,203.8
INE343G01021,FY25,25.18,18.51,1.2,29.87,8547.9,8795.7,314.9
INE343G01021,FY26,24.19,21.28,0.82,34.66,9353.8,8744.5,483.4
INE257A01026,FY23,2.61,4.15,0.22,1.88,22136.3,2770.62,361.88
INE257A01026,FY24,1.15,2.93,0.36,0.81,22920.52,2795.32,284.62
INE257A01026,FY25,2.16,4.43,0.36,1.53,27355.17,3028.81,166.36
INE257A01026,FY26,6.12,8.43,0.31,4.6,32359.83,3337.13,403.86
INE412U01025,FY23,40.01,27.33,1.16,2.14,200.11,123.67,43.08
INE412U01025,FY24,29.7,20.18,1.37,2.18,243.22,186.16,19.66
INE412U01025,FY25,6.91,5.59,1.35,0.68,224.64,243.03,15.97
INE412U01025,FY26,-1.28,1.7,1.47,-0.12,283.42,244.68,9.76
INE00E101023,FY23,14.35,16.49,0.18,5.49,1963.42,749.24,94.48
INE00E101023,FY24,21.81,25.66,0.14,10.63,2234.41,850.42,49.64
INE00E101023,FY25,14.51,16.98,0.17,8.01,2553.43,1007.79,120.69
INE00E101023,FY26,16.07,18.63,0.19,10.3,2934.74,1113.32,200.09
INE828A01016,FY23,16.2,11.34,1.3,51.21,800.91,153.72,0.0
INE828A01016,FY24,0.06,5.08,1.33,0.2,777.52,148.57,1.29
INE828A01016,FY25,3.49,7.58,1.07,12.47,1029.26,143.14,2.64
INE828A01016,FY26,2.76,7.65,1.11,10.13,1358.02,155.5,11.62
INE376G01013,FY23,2.59,3.67,1.01,3.87,10934.1,10122.6,2587.5
INE376G01013,FY24,5.17,6.93,0.82,8.54,14195.8,12208.2,4215.6
INE376G01013,FY25,4.68,6.93,0.85,8.46,15052.2,13607.8,4295.4
INE376G01013,FY26,1.13,2.86,0.45,2.82,16779.9,14734.1,4683.3
INE800A01015,FY23,14.36,15.32,0.56,10.98,778.59,86.41,3.27
INE800A01015,FY24,8.82,10.49,0.66,7.38,685.5,117.39,0.0
INE800A01015,FY25,1.93,5.09,0.44,1.63,627.79,128.26,0.05
INE800A01015,FY26,6.02,7.66,0.47,5.63,734.84,109.89,0.0
INE340A01012,FY23,0.68,3.63,0.75,5.26,8507.96,9133.05,357.33
INE340A01012,FY24,6.3,9.0,0.58,54.61,9469.98,9228.08,480.23
INE340A01012,FY25,4.21,6.6,0.5,38.34,9083.92,9096.47,560.33
INE340A01012,FY26,7.57,9.51,0.46,72.41,9517.95,9062.81,470.82
INE865C01022,FY23,31.05,10.4,7.45,6.01,251.07,28.71,0.0
INE865C01022,FY24,32.55,10.85,8.03,9.37,360.44,31.61,0.0
INE865C01022,FY25,31.42,12.33,6.8,13.13,406.97,33.9,0.0
INE865C01022,FY26,19.48,8.96,7.0,10.35,427.29,37.8,0.0
INE557A01011,FY23,7.81,8.13,0.35,129.06,3464.18,989.18,33.07
INE557A01011,FY24,2.78,3.49,0.62,46.15,3357.32,1202.48,48.56
INE557A01011,FY25,-2.72,1.13,0.79,-43.63,3599.19,1381.89,59.07
INE557A01011,FY26,-10.77,-2.16,1.0,-158.55,3717.76,1440.16,55.28
INE0UIZ01018,FY23,-82.37,-44.04,0.5,-16.46,175.68,38.61,7.93
INE0UIZ01018,FY24,-62.3,-33.12,0.59,-10.99,296.14,39.62,0.39
INE0UIZ01018,FY25,-0.7,-21.86,0.03,-0.53,426.73,49.67,4.46
INE0UIZ01018,FY26,11.28,11.68,0.04,8.76,651.97,118.73,2.3
INE0N7W01012,FY23,-7.32,-6.15,0.12,-0.15,0.0,0.0,0.0
INE0N7W01012,FY24,-76.65,-34.46,0.89,-0.89,0.0,0.0,0.0
INE0N7W01012,FY25,-337.11,-30.56,7.78,-0.9,0.0,0.0,0.0
INE0N7W01012,FY26,0.96,-191.06,0.0,0.0,0.98,0.0,0.0
INE416D01022,FY23,8.02,11.09,0.12,6.72,747.43,388.74,18.63
INE416D01022,FY24,7.8,11.47,0.1,7.11,765.91,380.4,18.85
INE416D01022,FY25,8.03,11.58,0.08,7.95,801.8,429.68,32.67
INE416D01022,FY26,10.82,15.91,0.02,12.0,920.64,460.09,9.41
INE350H01032,FY23,4.98,8.54,0.72,0.98,1085.83,73.07,0.07
INE350H01032,FY24,10.58,13.02,0.62,2.33,1196.01,94.09,1.78
INE350H01032,FY25,5.25,11.73,0.6,1.22,1153.63,121.84,0.28
INE350H01032,FY26,0.29,8.56,0.57,0.07,1379.14,161.43,0.09
INE153T01027,FY23,25.01,27.31,0.01,4.89,1516.19,98.57,0.0
INE153T01027,FY24,25.92,28.64,0.03,7.6,1676.81,168.34,0.0
INE153T01027,FY25,29.36,30.3,0.21,12.33,2193.3,331.58,10.75
INE153T01027,FY26,27.88,28.35,0.17,16.64,2998.22,454.44,1.95
INE0NLT01010,FY23,17.65,27.47,0.05,2.08,243.06,6.0,0.0
INE0NLT01010,FY24,7.28,10.61,0.02,4.44,301.48,11.42,0.0
INE0NLT01010,FY25,10.89,16.31,0.01,5.79,519.35,22.78,10.75
INE0NLT01010,FY26,11.0,17.71,0.01,,1117.79,27.64,14.77
INE233B01017,FY23,31.41,24.99,0.95,156.16,5172.22,1811.44,423.22
INE233B01017,FY24,22.02,19.28,0.79,126.86,5267.83,1835.43,82.3
INE233B01017,FY25,16.19,16.74,0.65,106.38,5720.18,1838.15,81.83
INE233B01017,FY26,13.92,14.13,0.64,104.26,6140.88,2022.39,26.91
INE0KBH01020,FY23,23.48,31.82,0.01,9.23,720.53,193.41,42.41
INE0KBH01020,FY24,19.37,26.01,0.0,9.44,710.32,332.9,161.16
INE0KBH01020,FY25,26.93,35.23,0.02,17.59,1029.98,405.17,105.12
INE0KBH01020,FY26,18.22,24.16,0.03,14.29,947.32,615.63,301.38
INE472A01039,FY23,30.1,30.23,0.5,20.79,7898.48,877.72,88.11
INE472A01039,FY24,15.9,21.32,0.09,20.77,9575.65,1205.26,143.66
INE472A01039,FY25,19.29,23.93,0.12,28.76,11852.69,1504.75,89.48
INE472A01039,FY26,15.38,18.07,0.24,25.65,12250.02,1617.22,82.45
INE304W01038,FY23,232.85,-13.59,-11.44,-11.05,770.73,445.14,0.8
INE304W01038,FY24,-38.01,-0.32,3.64,-9.4,1265.84,609.21,24.35
INE304W01038,FY25,-24.46,-0.51,2.11,-14.66,1770.0,1017.04,7.77
INE304W01038,FY26,0.73,5.91,1.1,1.05,2436.42,1134.52,2.75
INE0U4101014,FY26,-2.3,1.17,0.2,-1.03,3382.03,79.83,0.0
INE965W01036,FY23,20.87,14.41,1.84,3.77,2010.04,76.09,3.34
INE965W01036,FY24,16.03,11.79,2.12,3.45,1928.61,99.23,18.84
INE965W01036,FY25,15.62,12.91,2.04,3.79,2062.04,115.67,2.45
INE965W01036,FY26,8.48,11.43,0.58,4.99,2278.24,107.25,0.0
INE338D01028,FY23,3.53,5.07,0.65,3.03,1544.47,1210.1,257.47
INE338D01028,FY24,0.6,2.86,0.84,0.51,1362.94,1394.14,94.05
INE338D01028,FY25,1.67,5.0,0.82,1.47,1748.43,1364.28,75.45
INE338D01028,FY26,4.13,6.76,0.7,3.8,2012.24,1294.16,66.86
INE032A01023,FY23,41.47,-4.1,-2.92,-25.02,2652.05,437.27,0.46
INE032A01023,FY24,157.35,208.24,0.0,142.77,1667.57,587.85,16.31
INE032A01023,FY25,20.67,25.74,0.0,23.73,1580.56,620.28,40.84
INE032A01023,FY26,1.18,1.66,0.0,1.3,1448.29,660.84,64.22
INE16SF01016,FY23,67.61,34.1,1.69,6.12,135.4,35.11,0.0
INE16SF01016,FY24,49.45,27.49,1.48,8.85,199.06,74.35,0.0
INE16SF01016,FY26,22.95,23.24,0.25,24.35,388.59,228.55,80.94
INE02PY01013,FY23,10.17,9.94,0.35,4.54,741.58,415.49,63.49
INE02PY01013,FY24,11.36,11.46,0.45,5.75,942.25,582.56,37.3
INE02PY01013,FY25,9.19,12.88,0.12,6.28,1107.77,599.84,19.03
INE02PY01013,FY26,8.42,10.38,0.17,6.24,1195.92,635.69,105.49
INE666D01022,FY23,7.57,8.08,0.46,5.34,890.72,1039.55,75.68
INE666D01022,FY24,-5.37,-1.63,0.66,-3.59,1362.51,1045.2,129.56
INE666D01022,FY25,-6.97,-3.51,0.25,-5.32,1472.83,912.24,141.42
INE666D01022,FY26,8.54,9.3,0.11,9.46,1548.75,810.94,201.07
INE02L001032,FY23,2.2,2.37,0.49,0.23,98.04,76.86,10.13
INE02L001032,FY24,6.27,8.7,0.05,2.65,394.58,125.36,1.57
INE02L001032,FY25,6.63,10.01,0.04,3.02,438.49,121.98,1.9
INE02L001032,FY26,7.84,9.77,0.02,,467.34,130.41,8.78
INE782A01015,FY23,-12.46,-11.46,0.29,-30.2,2353.05,401.17,24.81
INE782A01015,FY24,-12.99,-13.05,0.08,-27.8,1898.93,380.06,34.89
INE782A01015,FY25,9.18,12.87,0.07,21.6,2756.46,340.15,9.1
INE782A01015,FY26,-0.57,1.89,0.16,,2698.69,379.75,68.52
INE323A01026,FY23,12.95,17.08,0.0,483.32,14611.8,1575.8,375.5
INE323A01026,FY24,20.66,26.64,0.0,844.68,16378.9,1339.8,226.9
INE323A01026,FY25,14.59,19.68,0.01,683.25,17682.0,1424.1,403.2
INE323A01026,FY26,18.68,24.45,0.01,940.27,19594.7,1493.1,377.6
INE029A01011,FY23,3.98,5.49,1.3,5.0,466257.73,90459.3,5920.61
INE029A01011,FY24,35.51,30.94,0.72,63.04,446666.26,93699.68,8924.28
INE029A01011,FY25,16.39,15.26,0.75,31.21,438737.77,100256.71,13616.89
INE029A01011,FY26,25.8,24.41,0.54,60.49,450302.67,109918.89,18090.51
INE791I01019,FY23,8.98,8.44,1.54,9.46,3396.81,1797.28,915.96
INE791I01019,FY24,12.84,11.08,1.67,14.63,4866.03,1332.61,431.78
INE791I01019,FY25,12.16,11.67,1.06,21.51,5034.04,1514.2,521.87
INE791I01019,FY26,9.45,9.48,1.01,19.75,5660.08,1385.26,328.63
INE03NU01014,FY23,-9.12,8.32,16.62,-0.1,349.44,656.65,29.91
INE03NU01014,FY24,37.1,12.34,10.73,0.65,400.05,723.18,72.36
INE03NU01014,FY25,23.24,13.35,8.72,0.07,466.5,776.62,46.93
INE03NU01014,FY26,6.1,10.44,0.32,1.68,523.04,1009.52,105.62
INE216A01030,FY23,65.69,48.89,0.85,96.39,15984.9,2605.69,133.5
INE216A01030,FY24,54.29,51.12,0.53,88.84,16546.21,2829.8,226.86
INE216A01030,FY25,50.02,54.5,0.29,90.45,17535.02,2850.36,115.75
INE216A01030,FY26,49.61,52.25,0.27,105.18,18858.21,2719.25,46.27
INE118H01025,FY23,8.17,12.02,0.0,5.35,815.53,154.9,0.13
INE118H01025,FY24,23.57,30.5,0.0,18.89,1371.04,209.54,11.13
INE118H01025,FY25,29.97,39.49,0.0,32.18,2737.66,262.9,40.73
INE118H01025,FY26,37.42,49.42,0.0,60.61,4485.44,595.14,32.55
INE032Z01020,FY23,29.79,18.79,0.94,1.6,227.92,8.63,0.0
INE032Z01020,FY24,28.38,21.86,0.61,2.1,256.88,7.42,0.0
INE032Z01020,FY25,25.22,17.38,0.88,2.52,358.76,8.75,0.0
INE032Z01020,FY26,20.35,14.55,0.83,2.54,344.08,9.9,0.0
INE836A01035,FY23,13.54,18.08,0.04,11.92,4794.77,239.02,6.5
INE836A01035,FY24,20.49,27.24,0.03,22.25,5278.14,203.56,11.64
INE836A01035,FY25,14.86,19.85,0.04,18.48,5375.24,235.45,4.89
INE836A01035,FY26,12.6,19.04,0.03,18.5,5309.96,235.16,1.84
INE24OJ01011,FY25,17.1,27.26,0.12,32.23,5266.56,41.08,0.07
INE24OJ01011,FY26,23.41,34.86,0.11,52.79,6823.71,40.89,0.78
INE295F01017,FY23,18.09,29.85,0.02,28.9,1041.91,140.09,5.03
INE295F01017,FY24,2.53,3.86,0.01,4.13,919.46,137.08,6.01
INE295F01017,FY25,10.0,14.5,0.04,18.2,853.51,137.67,9.76
INE295F01017,FY26,12.26,16.59,0.02,,931.22,130.94,4.43
INE052I01032,FY23,6.36,7.5,0.98,3.33,1671.3,838.62,45.02
INE052I01032,FY24,-10.73,8.15,0.79,-5.49,1436.23,807.17,50.41
INE052I01032,FY25,-15.42,8.92,0.72,-8.03,1597.76,658.87,14.96
INE052I01032,FY26,2.65,1.91,0.69,1.44,1711.22,663.77,38.68
INE278Y01022,FY23,21.21,20.86,0.61,3.84,1484.25,377.54,5.67
INE278Y01022,FY24,13.72,17.27,0.27,2.93,1448.29,371.71,19.47
INE278Y01022,FY25,16.02,18.48,0.31,3.97,1592.96,451.04,22.49
INE278Y01022,FY26,16.56,19.82,0.26,,1774.12,515.77,11.04
INE596I01020,FY23,36.49,44.32,0.12,11.58,971.83,171.26,2.1
INE596I01020,FY24,38.67,47.0,0.11,14.34,1136.52,167.61,2.95
INE596I01020,FY25,42.04,51.96,0.08,19.0,1422.48,187.81,5.79
INE596I01020,FY26,36.03,45.88,0.05,19.13,1516.25,192.4,1.12
INE476A01022,FY23,14.42,,0.76,12.41,55376.65,10333.97,0.0
INE476A01022,FY24,16.58,,0.65,16.84,66120.11,12330.96,146.85
INE476A01022,FY25,16.64,,0.79,19.34,71193.81,10301.59,152.29
INE476A01022,FY26,16.74,,1.02,21.73,64175.29,10595.21,7.1
INE477A01020,FY23,17.03,,7.86,46.65,1012.09,45.4,0.0
INE477A01020,FY24,17.28,,7.3,56.38,1268.27,52.62,0.0
INE477A01020,FY25,16.91,,6.93,64.37,1365.96,50.34,1.1
INE477A01020,FY26,18.16,,6.37,81.54,1646.6,49.88,0.0
INE01TY01017,FY25,7.71,8.99,,1.23,10475.92,26.4,4.08
INE01TY01017,FY26,7.89,8.09,0.16,1.33,11241.65,24.34,6.47
INE068L01024,FY23,30.37,22.69,1.29,8.24,551.88,350.67,27.28
INE068L01024,FY24,19.06,16.09,1.03,7.6,614.68,439.34,39.43
INE068L01024,FY25,19.04,16.54,1.05,8.95,721.07,548.44,48.18
INE068L01024,FY26,20.03,17.04,1.14,,852.55,703.27,11.09
INE264T01014,FY23,8.88,14.2,0.35,13.97,1783.51,671.44,20.18
INE264T01014,FY24,7.93,12.77,0.22,16.09,1919.33,596.93,9.11
INE264T01014,FY25,11.79,15.36,0.25,23.94,2332.27,636.61,54.45
INE264T01014,FY26,10.03,13.47,0.25,22.64,2602.16,724.8,73.23
INE0ILV01024,FY23,-47.02,-25.17,0.8,-11.06,255.37,4.06,0.0
INE0ILV01024,FY24,-11.02,-9.43,0.15,-7.49,525.1,6.13,0.0
INE0ILV01024,FY25,2.34,2.59,0.19,1.67,598.26,9.41,0.0
INE0ILV01024,FY26,5.12,5.15,0.05,,734.6,12.12,0.0
INE646H01017,FY23,15.33,,1.18,20.78,371.45,82.59,0.0
INE646H01017,FY24,9.31,,0.39,30.45,413.1,83.73,0.0
INE646H01017,FY25,9.82,,0.24,29.09,496.2,87.75,0.0
INE646H01017,FY26,9.68,,0.34,31.09,559.67,96.82,0.0
INE475E01026,FY23,20.01,23.97,0.0,49.18,1453.82,489.35,220.48
INE475E01026,FY24,19.74,24.39,0.0,59.9,1679.55,556.76,116.62
INE475E01026,FY25,18.81,23.72,0.0,70.25,1937.47,673.73,139.22
INE475E01026,FY26,17.88,22.38,0.0,84.11,2187.19,759.76,208.62
INE120A01034,FY23,14.68,19.81,0.08,21.74,4601.04,1150.1,105.16
INE120A01034,FY24,14.76,20.56,0.04,24.22,4628.22,1182.18,96.64
INE120A01034,FY25,8.3,13.05,0.05,15.55,4833.52,1383.12,159.89
INE120A01034,FY26,4.99,7.13,0.08,10.3,5149.38,1544.65,155.43
INE752H01013,FY23,12.43,18.38,0.03,28.17,278.99,97.35,0.0
INE752H01013,FY24,14.02,20.14,0.03,33.67,331.68,98.11,0.27
INE752H01013,FY25,17.02,23.42,0.03,45.69,402.32,102.83,1.27
INE752H01013,FY26,18.36,24.81,0.03,,473.07,104.69,0.2
INE0V7W01012,FY23,14.36,16.05,0.57,8.52,1703.75,313.67,11.23
INE0V7W01012,FY24,16.91,18.18,0.58,11.0,1779.7,331.92,6.46
INE0V7W01012,FY25,19.24,21.78,0.42,15.5,1807.55,354.78,1.17
INE0V7W01012,FY26,23.12,26.72,0.27,22.96,2255.49,351.57,0.25
INE290S01011,FY23,1.66,3.2,0.04,6.71,363.3,131.82,0.0
INE290S01011,FY24,0.69,4.92,0.05,2.81,489.6,159.01,0.0
INE290S01011,FY25,6.06,7.65,0.06,26.42,641.46,172.55,0.0
INE290S01011,FY26,8.98,11.52,0.06,44.6,779.27,198.46,1.25
INE482D01024,FY23,17.28,15.22,0.77,19.52,587.62,252.2,29.27
INE482D01024,FY24,16.35,15.18,0.88,21.55,679.04,275.69,24.03
INE482D01024,FY25,12.11,13.86,0.53,22.41,815.57,274.25,11.83
INE482D01024,FY26,16.14,16.79,0.46,,923.95,350.8,25.29
INE172A01027,FY23,40.73,54.06,0.04,8.74,5053.86,365.02,108.36
INE172A01027,FY24,40.7,53.68,0.04,9.37,5345.68,377.38,60.26
INE172A01027,FY25,49.99,65.79,0.03,9.6,5700.32,404.77,72.07
INE483S01020,FY23,4.41,5.8,0.0,0.45,1962.34,195.02,0.0
INE483S01020,FY24,4.67,6.04,0.02,0.5,3150.28,287.04,97.04
INE483S01020,FY25,6.04,8.1,0.05,0.84,3992.58,309.32,120.21
INE483S01020,FY26,5.88,6.95,0.09,0.93,8115.85,351.34,0.56
INE429I01024,FY23,17.43,-4.13,-2.35,-2.82,138.75,401.16,22.58
INE429I01024,FY24,2437.47,393.55,5.1,16.88,130.2,207.76,0.0
INE429I01024,FY25,43.88,53.51,0.0,2.16,181.27,203.4,0.0
INE429I01024,FY26,28.34,24.0,0.0,1.77,294.71,73.17,0.45
INE421D01022,FY23,18.97,13.91,0.61,21.35,2071.22,1310.96,54.01
INE421D01022,FY24,14.94,10.66,0.97,18.76,2653.7,1752.57,501.05
INE421D01022,FY25,15.78,12.3,0.92,23.26,3105.75,2072.07,450.47
INE421D01022,FY26,16.55,16.07,0.56,29.1,4457.37,2030.79,3.46
INE736A01011,FY23,22.73,30.04,0.0,13.2,555.09,273.37,173.16
INE736A01011,FY24,28.64,37.97,0.0,20.05,812.26,313.5,0.0
INE736A01011,FY25,29.92,39.41,0.0,25.2,1082.28,411.58,7.13
INE736A01011,FY26,23.27,31.05,0.0,21.82,1144.92,469.2,5.53
INE482A01020,FY23,5.41,8.52,0.67,46.03,11149.05,6576.89,568.59
INE482A01020,FY24,15.9,19.23,0.44,158.87,11781.71,6892.71,718.94
INE482A01020,FY25,10.82,14.07,0.49,116.85,13020.7,7380.91,523.91
INE482A01020,FY26,13.83,15.92,0.65,172.78,15479.51,8751.86,774.3
INE0AG901020,FY23,28.2,21.09,1.19,9.6,2015.49,250.98,2.17
INE0AG901020,FY24,34.49,24.86,1.2,17.57,2842.56,305.46,4.53
INE0AG901020,FY25,16.04,16.07,0.76,17.04,3436.73,362.08,23.25
INE0AG901020,FY26,14.59,16.76,0.61,,4022.4,343.82,3.58
INE0LMW01024,FY23,79.1,57.62,1.0,12.54,1786.48,331.97,60.66
INE0LMW01024,FY24,28.81,31.42,0.32,15.6,2000.26,567.69,208.21
INE0LMW01024,FY25,15.14,20.41,0.0,16.16,2136.39,652.06,38.23
INE0LMW01024,FY26,12.27,16.11,0.01,14.7,2323.71,790.36,80.38
INE686A01026,FY23,10.04,14.55,0.62,7.23,5090.2,1010.74,165.25
INE686A01026,FY24,18.33,22.27,0.6,15.93,7717.34,1102.65,22.14
INE686A01026,FY25,20.33,23.44,0.54,21.7,9246.16,1104.69,34.07
INE686A01026,FY26,24.91,28.15,0.42,34.79,10060.58,1203.04,41.31
INE485A01015,FY23,6.83,8.61,0.05,41.34,2057.21,753.7,109.77
INE485A01015,FY24,3.13,4.43,0.04,19.56,1734.38,810.96,4.98
INE485A01015,FY25,4.69,6.62,0.03,30.42,1990.29,802.15,13.99
INE485A01015,FY26,6.74,8.66,0.01,46.15,1695.98,781.59,20.01
INE483A01010,FY23,5.75,,0.22,1.93,15837.83,4776.7,0.0
INE483A01010,FY24,8.24,,0.28,3.07,17694.28,5336.35,0.0
INE483A01010,FY25,10.67,,0.35,4.53,19650.44,5205.14,0.0
INE483A01010,FY26,11.6,,0.48,5.0,20660.79,5125.51,0.0
INE660C01027,FY23,-25.24,6.47,4.47,-3.6,1213.89,448.04,3.38
INE660C01027,FY24,-22.55,11.26,9.9,-2.39,2035.6,581.51,3.68
INE660C01027,FY25,-67.13,5.49,59.43,-4.51,2693.21,995.72,129.4
INE660C01027,FY26,-44.36,6.43,51.52,,3142.56,961.9,153.41
INE320B01020,FY23,4.66,5.87,1.45,7.55,884.2,159.01,5.41
INE320B01020,FY24,0.87,7.66,1.18,1.36,1048.25,170.94,5.36
INE320B01020,FY25,0.61,13.67,0.46,1.88,738.35,161.3,8.92
INE320B01020,FY26,-13.59,27.01,0.36,-31.62,950.32,138.62,2.76
INE348B01021,FY23,19.73,23.39,0.17,16.93,3632.15,1400.16,339.2
INE348B01021,FY24,14.76,15.58,0.35,14.69,3862.69,2225.2,319.64
INE348B01021,FY25,7.84,8.76,0.67,8.34,4527.8,2789.59,755.23
INE348B01021,FY26,10.07,10.76,0.68,11.82,5397.18,2974.42,179.58
INE739E01017,FY23,17.86,23.71,0.05,161.01,1800.42,360.3,21.39
INE739E01017,FY24,17.76,23.34,0.03,183.76,1866.49,389.49,18.05
INE739E01017,FY25,18.25,22.14,0.05,190.4,1875.67,389.88,12.02
INE739E01017,FY26,13.87,18.12,0.03,,2032.85,378.78,8.28
INE486A01021,FY23,12.31,11.65,1.31,10.13,14246.35,22809.7,176.07
INE486A01021,FY24,12.03,11.59,1.27,10.38,15293.21,22240.7,291.65
INE486A01021,FY25,11.41,10.88,1.5,10.33,17001.0,23143.87,1471.11
INE486A01021,FY26,12.31,10.68,1.73,11.63,18570.0,24629.0,2905.0
INE037Z01029,FY23,1.95,5.64,0.61,2.65,341.06,117.91,5.98
INE037Z01029,FY24,12.85,23.69,0.49,20.02,494.78,83.67,7.53
INE037Z01029,FY25,9.65,12.72,0.25,27.29,594.44,82.98,4.41
INE037Z01029,FY26,3.46,6.31,0.29,,557.86,104.1,2.64
INE180C01042,FY23,5.74,2.56,2.11,2.54,1325.77,286.51,2.52
INE180C01042,FY24,7.28,2.19,2.71,3.36,2082.16,321.01,0.08
INE180C01042,FY25,11.12,2.52,3.62,5.77,3018.43,297.98,0.12
INE180C01042,FY26,13.18,3.37,3.35,10.12,4348.88,339.31,0.15
INE067A01029,FY23,53.77,56.35,0.01,6.3,6894.6,797.25,34.75
INE067A01029,FY24,47.29,38.25,0.01,9.33,7955.75,923.39,70.78
INE067A01029,FY25,25.35,34.88,0.01,6.37,9814.72,1381.86,446.9
INE067A01029,FY26,15.13,20.25,0.01,7.71,12279.68,2059.7,836.82
INE427F01016,FY23,11.89,10.14,1.73,8.94,1128.47,2247.11,97.77
INE427F01016,FY24,15.03,10.01,1.52,13.53,1417.25,2546.34,64.38
INE427F01016,FY25,4.68,10.5,0.85,6.52,1717.82,3377.58,256.89
INE427F01016,FY26,17.45,16.47,0.64,29.46,2769.75,3476.64,132.49
INE085A01013,FY23,14.63,16.37,0.48,24.85,27771.45,6431.92,170.91
INE085A01013,FY24,17.54,22.39,0.26,30.84,17947.63,6761.79,342.3
INE085A01013,FY25,18.9,28.15,0.01,41.17,16646.12,6990.26,772.19
INE085A01013,FY26,18.77,22.48,0.1,48.76,20793.11,7564.58,1462.56
INE0TGX01019,FY23,7.8,10.5,0.02,9.33,439.13,54.18,12.91
INE0TGX01019,FY24,20.98,28.33,0.05,11.2,282.22,21.53,0.17
INE0TGX01019,FY25,17.82,24.26,,,291.43,21.11,0.3
INE0TGX01019,FY26,16.89,22.0,,13.0,325.29,22.37,0.04
INE03YM01018,FY23,12.05,14.5,0.14,15.04,301.24,157.95,16.54
INE03YM01018,FY24,4.03,5.72,0.09,5.24,265.46,190.44,43.96
INE03YM01018,FY25,4.88,6.97,0.05,6.68,207.4,189.24,40.57
INE03YM01018,FY26,4.88,6.35,0.11,6.44,239.98,215.51,20.87
INE783X01023,FY23,17.87,24.66,0.01,45.14,331.12,237.1,45.38
INE783X01023,FY24,6.8,9.84,0.05,18.34,327.3,369.4,122.83
INE783X01023,FY25,-1.83,0.99,0.22,-4.86,334.37,374.53,35.94
INE783X01023,FY26,-0.91,1.49,0.33,-2.38,311.02,416.94,30.55
INE488A01050,FY23,8.2,8.47,0.55,9.64,4934.53,3634.26,448.34
INE488A01050,FY24,-9.32,-4.27,0.91,-10.02,3915.99,4105.45,198.62
INE488A01050,FY25,-5.34,-1.04,0.89,-6.92,4328.34,4654.42,161.82
INE488A01050,FY26,-15.95,-6.44,1.11,,4216.48,4755.95,374.1
INE178A01016,FY23,54.54,47.85,0.66,237.16,76627.57,7927.51,331.43
INE178A01016,FY24,31.12,33.75,0.32,184.34,66320.42,7677.67,210.11
INE178A01016,FY25,2.61,4.36,0.38,14.38,59269.01,7497.19,208.09
INE178A01016,FY26,27.93,32.76,0.18,208.36,63550.75,7489.7,352.15
INE974B01016,FY23,9.51,12.37,0.01,90.51,559.99,208.3,4.82
INE974B01016,FY24,11.09,13.42,0.01,115.33,459.55,208.06,5.93
INE974B01016,FY25,8.87,11.46,0.01,98.08,435.28,232.76,9.04
INE974B01016,FY26,7.32,9.78,0.01,,544.69,234.72,0.77
INE102B01014,FY23,12.59,14.91,0.43,3.01,389.28,112.99,0.18
INE102B01014,FY24,20.72,20.03,0.75,6.52,750.48,121.11,0.0
INE102B01014,FY25,15.23,19.28,0.45,7.99,910.38,160.29,1.35
INE102B01014,FY26,13.02,15.72,0.54,,1119.13,190.09,10.15
INE121A01024,FY23,18.58,,6.8,32.38,7145.25,431.55,56.86
INE121A01024,FY24,17.46,,6.88,41.06,9938.87,1546.76,7.31
INE121A01024,FY25,18.01,,7.42,50.6,13411.07,1761.39,7.39
INE121A01024,FY26,17.18,,6.95,61.83,16752.35,1871.84,32.39
INE149A01033,FY23,8.04,3.39,6.06,68.72,19381.34,542.37,35.74
INE149A01033,FY24,17.31,3.62,13.09,94.39,27275.59,1669.63,0.0
INE149A01033,FY25,17.37,3.45,13.93,115.76,34836.98,1904.53,3.69
INE149A01033,FY26,15.8,3.27,13.61,130.01,40693.05,2064.29,18.29
INE536H01010,FY23,18.79,17.25,0.14,29.66,8812.04,3048.74,119.25
INE536H01010,FY24,12.58,16.24,0.09,21.81,8629.51,3098.7,78.9
INE536H01010,FY25,11.1,14.0,0.06,21.83,9122.33,3322.42,181.72
INE345H01024,FY23,-6.86,-4.84,1.53,-1.07,629.97,47.65,0.15
INE345H01024,FY24,1.87,0.34,1.44,0.3,649.23,32.18,0.3
INE345H01024,FY25,0.25,-1.49,1.59,0.04,530.72,37.04,0.0
INE345H01024,FY26,5.78,-3.04,1.43,,512.19,39.26,0.0
INE059A01026,FY23,11.97,17.07,0.03,34.69,22473.18,5882.62,891.84
INE059A01026,FY24,15.43,21.17,0.02,51.01,25446.63,6171.11,1102.14
INE059A01026,FY25,16.9,21.7,0.01,65.24,27145.4,6705.45,1443.19
INE059A01026,FY26,11.27,15.04,0.02,48.0,27711.69,7982.77,1942.97
INE227W01023,FY23,29.23,39.11,0.0,27.78,926.47,492.47,32.98
INE227W01023,FY24,20.28,27.17,0.0,22.96,779.76,695.36,59.99
INE227W01023,FY25,18.67,25.18,0.0,24.88,966.64,756.97,45.71
INE227W01023,FY26,14.5,19.55,0.0,21.6,956.55,872.75,117.95
INE647U01026,FY23,-5.39,3.77,3.2,-5.57,928.57,5608.35,2707.09
INE647U01026,FY24,-1.69,6.62,3.04,-2.65,1389.58,7336.4,726.51
INE647U01026,FY25,1.09,6.56,3.15,2.38,1494.26,10396.43,2480.73
INE647U01026,FY26,2.03,5.0,2.76,8.96,1908.42,17583.3,5838.79
INE419D01026,FY23,19.34,22.43,0.2,22.76,1351.25,141.56,8.76
INE419D01026,FY24,16.2,18.49,0.25,22.36,1331.74,148.16,5.33
INE419D01026,FY25,14.03,17.06,0.17,20.68,1495.26,161.85,6.08
INE419D01026,FY26,13.69,17.68,0.1,23.1,1439.58,167.16,0.08
INE11XY01018,FY23,46.67,24.99,2.11,,655.04,455.64,11.88
INE11XY01018,FY24,32.41,15.49,2.84,,953.12,847.23,10.35
INE11XY01018,FY25,26.89,20.19,1.54,,1430.4,922.86,10.53
INE11XY01018,FY26,24.38,16.6,1.73,,1677.66,1414.64,9.84
INE05HV01027,FY23,24.36,30.1,0.0,4.15,1386.09,244.62,15.16
INE05HV01027,FY24,31.62,46.01,0.0,7.05,1732.69,250.32,12.59
INE05HV01027,FY25,32.66,43.18,0.0,9.34,2102.76,249.09,8.52
INE05HV01027,FY26,26.86,36.05,0.0,8.59,2316.53,277.97,41.77
INE00WV01027,FY23,4.63,7.5,0.18,4.46,4454.17,541.68,69.14
INE00WV01027,FY24,-68.54,-59.88,0.43,-38.54,4703.18,669.56,58.21
INE00WV01027,FY25,10.38,11.5,0.67,,5388.18,849.44,182.89
INE925R01014,FY23,19.02,23.82,0.13,18.67,1914.73,673.62,21.27
INE925R01014,FY24,17.83,22.71,0.09,21.39,2264.68,642.45,19.0
INE925R01014,FY25,16.43,21.01,0.08,22.36,2424.53,811.61,164.98
INE925R01014,FY26,12.47,16.01,0.09,18.26,2487.18,1031.65,113.47
INE985W01018,FY23,20.95,20.28,0.76,19.53,1392.76,9.57,0.0
INE985W01018,FY24,20.43,22.63,0.34,31.85,1713.12,8.83,0.0
INE985W01018,FY25,18.06,19.6,0.24,32.18,1774.48,10.39,2.15
INE985W01018,FY26,19.33,14.89,0.89,,2699.77,8.2,0.0
INE522F01014,FY23,52.21,67.24,0.07,51.54,127429.03,82572.4,20754.01
INE522F01014,FY24,43.9,54.02,0.08,60.69,127074.41,86945.49,14738.66
INE522F01014,FY25,34.91,43.13,0.09,57.61,166295.62,105121.17,25702.92
INE522F01014,FY26,26.11,32.12,0.12,50.46,166417.3,110305.22,26027.64
INE704P01025,FY23,6.88,9.36,0.13,11.58,2318.8,2705.51,1762.21
INE704P01025,FY24,15.66,20.36,0.1,29.77,3751.01,3193.64,2244.19
INE704P01025,FY25,14.83,18.95,0.1,31.45,4819.96,3554.3,520.2
INE704P01025,FY26,12.2,14.47,0.28,,5021.87,3742.55,586.11
INE335K01011,FY23,-11.8,-6.03,0.57,-17.98,916.35,909.37,292.9
INE335K01011,FY24,-11.29,-8.29,0.48,-15.27,1007.16,821.15,296.77
INE335K01011,FY25,-2.24,2.47,0.53,-2.75,1077.86,784.53,296.05
INE335K01011,FY26,7.27,8.03,0.3,,1115.75,352.46,5.56
INE591G01025,FY23,22.51,28.21,0.18,22.31,8014.6,687.0,5.0
INE591G01025,FY24,22.28,27.35,0.2,25.92,9008.9,763.7,24.0
INE591G01025,FY25,12.73,19.21,0.17,24.41,12073.3,1126.5,3.1
INE591G01025,FY26,16.31,20.47,0.08,45.9,16402.7,1251.4,3.3
INE03QK01018,FY23,23.7,31.71,0.04,16.16,1331.11,769.48,168.34
INE03QK01018,FY24,14.64,19.5,0.03,11.8,1034.06,788.49,181.21
INE03QK01018,FY25,28.72,34.61,0.16,12.68,2608.5,1252.33,257.65
INE03QK01018,FY26,4.58,5.67,0.1,4.68,2268.55,2163.3,173.22
INE259A01022,FY23,61.01,79.23,0.04,38.5,5187.86,975.88,114.08
INE259A01022,FY24,70.62,91.79,0.04,48.67,5644.18,904.35,110.28
INE259A01022,FY25,86.32,112.11,0.04,52.83,5999.2,814.87,38.41
INE259A01022,FY26,83.66,109.58,0.03,48.73,5983.57,745.43,27.18
INE073V01015,FY23,6.71,7.74,0.63,2.08,289.96,114.42,15.78
INE073V01015,FY24,6.1,7.85,0.84,1.97,288.43,108.63,0.58
INE073V01015,FY25,11.41,11.62,0.76,4.29,347.82,101.37,1.65
INE073V01015,FY26,14.83,12.99,0.72,,387.0,130.33,26.08
INE111A01025,FY23,10.46,13.59,0.07,15.41,7448.81,7546.14,1929.53
INE111A01025,FY24,10.54,13.65,0.08,16.37,7964.75,7947.01,1934.85
INE111A01025,FY25,10.42,13.33,0.07,16.98,8887.02,8322.46,1747.99
INE111A01025,FY26,9.59,12.21,0.07,16.36,9078.97,8064.42,901.27
INE338H01029,FY23,18.61,24.71,0.02,22.95,830.63,773.1,180.32
INE338H01029,FY24,20.18,27.02,0.01,29.45,998.06,794.46,219.46
INE338H01029,FY25,20.5,27.27,0.0,35.52,1179.82,851.69,57.6
INE338H01029,FY26,12.93,17.08,0.0,24.78,1046.36,875.67,87.77
INE552D01024,FY23,10.04,11.22,0.51,2.8,2204.66,654.38,49.14
INE552D01024,FY24,8.58,11.47,0.54,3.3,2698.48,943.54,41.56
INE552D01024,FY25,6.49,9.33,0.58,2.6,3145.76,1045.4,105.64
INE552D01024,FY26,6.55,9.56,0.54,,4704.57,1030.76,27.68
INE025A01027,FY23,42.1,55.26,0.0,96.81,2.27,0.82,0.0
INE025A01027,FY24,5.75,6.3,0.0,14.37,13.57,0.8,0.0
INE025A01027,FY25,10.54,6.9,0.0,33.49,14.84,0.77,0.0
INE663B01015,FY23,17.98,21.5,0.02,32.36,304.29,116.39,7.05
INE663B01015,FY24,16.26,22.03,0.02,33.63,359.27,143.23,5.6
INE663B01015,FY25,24.25,16.54,0.02,62.56,425.03,147.7,8.49
INE663B01015,FY26,9.63,16.33,0.02,27.26,481.96,156.81,4.18
INE0LZF01013,FY23,1067.63,44.62,28.89,7.64,481.92,218.8,0.0
INE0LZF01013,FY24,103.95,-50.0,-2.48,-16.95,441.32,317.56,0.0
INE0LZF01013,FY25,509.93,256.47,1.7,23.23,589.67,90.75,0.0
INE0LZF01013,FY26,65.01,43.58,1.47,,579.43,71.54,0.0
INE169A01031,FY23,25.46,34.7,0.05,68.38,15098.84,2652.31,461.32
INE169A01031,FY24,17.43,23.86,0.05,55.75,13832.01,3013.9,225.06
INE169A01031,FY25,18.64,19.96,0.35,70.12,15936.64,4321.6,496.63
INE169A01031,FY26,15.58,15.39,0.52,66.31,20223.21,6275.48,388.65
INE02ZQ01018,FY23,20.79,25.95,0.07,13.89,883.53,257.41,73.35
INE02ZQ01018,FY24,18.84,20.33,0.33,14.8,1013.68,319.0,127.99
INE02ZQ01018,FY25,24.64,29.83,0.14,24.43,1195.51,392.56,193.83
INE02ZQ01018,FY26,24.79,26.87,0.22,30.27,1401.48,437.83,146.69
INE757A01017,FY23,18.8,15.39,0.72,89.45,3025.23,1593.3,185.48
INE757A01017,FY24,4.62,6.5,0.78,23.64,2536.27,1918.27,355.16
INE757A01017,FY25,9.09,8.79,0.98,50.79,2809.09,2378.08,584.41
INE757A01017,FY26,9.65,10.06,1.04,,3522.19,2634.05,187.7
INE819V01029,FY23,34.76,22.21,1.37,9.24,2283.59,67.62,4.35
INE819V01029,FY24,27.15,22.61,1.03,9.83,2781.59,69.39,0.24
INE819V01029,FY25,34.53,32.18,0.45,29.97,3110.9,212.5,19.37
INE819V01029,FY26,19.61,25.35,0.1,,4215.73,352.12,80.82
INE00LO01017,FY23,18.04,17.47,0.9,117.56,3164.77,2027.37,96.74
INE00LO01017,FY24,18.36,18.02,1.06,144.11,4420.53,2551.01,179.16
INE00LO01017,FY25,6.81,9.12,0.83,83.68,5644.86,3792.36,344.09
INE00LO01017,FY26,11.76,12.02,1.11,160.96,8004.35,4833.42,382.68
INE218I01013,FY25,31.78,,0.03,9.56,364.55,14.78,0.0
INE218I01013,FY26,27.33,36.23,0.02,10.22,424.94,16.39,0.0
INE741K01010,FY23,16.18,5.9,3.19,51.82,3296.98,96.82,0.0
INE741K01010,FY24,22.01,7.59,3.32,90.41,4904.97,121.34,0.0
INE741K01010,FY25,7.64,3.31,2.94,33.24,5539.19,130.71,0.0
INE741K01010,FY26,9.92,3.72,3.01,48.44,5833.23,131.24,0.0
INE559D01011,FY23,40.46,49.7,0.18,139.14,95.85,12.69,0.25
INE559D01011,FY24,5.44,6.31,0.19,21.14,144.27,22.51,12.25
INE559D01011,FY25,7.41,8.44,0.14,31.11,151.82,23.95,12.25
INE559D01011,FY26,3.58,4.05,0.22,,155.85,18.95,0.0
INE007A01025,FY23,30.08,38.96,0.02,90.07,3139.52,101.66,1.91
INE007A01025,FY24,26.67,33.06,0.1,93.55,3259.78,453.54,10.89
INE007A01025,FY25,25.25,31.93,0.1,104.75,3649.01,455.08,3.49
INE0S4R01014,FY23,50.6,67.67,0.0,6.41,472.97,19.5,0.0
INE0S4R01014,FY24,34.87,55.05,0.0,6.79,634.87,25.18,0.0
INE0S4R01014,FY25,30.68,40.61,0.0,8.86,849.49,23.29,0.12
INE0S4R01014,FY26,37.49,48.99,0.0,12.52,1042.16,43.33,0.0
INE299U01018,FY23,17.41,19.68,0.38,7.27,6832.55,499.52,15.55
INE299U01018,FY24,14.67,17.69,0.23,6.88,7273.72,497.09,21.8
INE299U01018,FY25,16.4,20.78,0.14,8.64,7826.75,625.78,34.21
INE299U01018,FY26,-8.16,-1.8,0.07,-3.76,8056.2,653.83,32.01
INE679A01013,FY23,17.09,,0.24,31.55,1649.61,319.36,0.0
INE679A01013,FY24,14.9,,0.46,32.67,2060.83,405.92,0.0
INE679A01013,FY25,13.2,,1.17,34.23,2448.49,628.68,179.05
INE679A01013,FY26,12.94,,1.46,36.5,2896.2,709.81,1.5
INE0ZK601013,FY23,31.45,40.64,0.18,3.07,160.44,30.2,3.47
INE0ZK601013,FY24,21.0,20.91,0.57,2.43,196.71,53.15,23.41
INE0ZK601013,FY25,18.3,21.32,0.45,2.73,199.24,57.92,0.11
INE491A01021,FY23,12.57,,0.63,9.43,2973.03,239.33,0.0
INE491A01021,FY24,12.09,,0.4,10.22,2865.09,270.37,0.0
INE491A01021,FY25,11.87,,0.19,11.3,3213.73,322.34,0.0
INE491A01021,FY26,12.55,,0.46,13.37,3864.92,468.53,0.0
INE298A01020,FY23,21.33,26.21,0.07,44.31,7641.4,1261.01,92.04
INE298A01020,FY24,26.02,33.12,0.02,62.07,8859.99,1339.69,144.25
INE298A01020,FY25,26.45,34.36,0.0,72.15,10219.24,1411.87,119.56
INE298A01020,FY26,27.87,36.4,0.0,85.2,11949.73,1479.46,111.7
INE509F01029,FY23,18.9,24.61,0.04,0.23,155.51,36.01,0.0
INE509F01029,FY24,13.23,16.97,0.04,0.3,167.55,58.05,0.0
INE509F01029,FY25,11.95,15.76,0.06,0.29,183.52,73.06,6.49
INE509F01029,FY26,24.01,28.64,0.13,0.79,357.71,92.35,25.38
INE136B01020,FY23,14.84,16.68,0.35,46.71,6015.9,731.0,5.9
INE136B01020,FY24,16.04,20.5,0.18,61.71,7147.2,781.7,8.4
INE136B01020,FY25,11.6,16.62,0.1,55.51,7360.4,774.1,17.2
INE136B01020,FY26,7.53,11.54,0.08,38.54,7268.2,758.0,38.5
INE055S01018,FY23,16.03,13.15,1.8,4.0,832.03,159.88,3.6
INE055S01018,FY24,6.73,10.45,0.21,8.39,1191.87,194.5,7.64
INE055S01018,FY25,7.17,10.26,0.32,8.56,1519.63,239.5,15.06
INE055S01018,FY26,7.24,10.11,0.17,9.23,1261.48,263.64,34.73
INE016A01026,FY23,19.02,22.55,0.13,9.61,11426.51,2408.74,171.12
INE016A01026,FY24,18.68,21.98,0.14,10.38,12261.65,2770.03,209.09
INE016A01026,FY25,16.37,20.46,0.09,9.95,12400.01,2966.29,166.41
INE016A01026,FY26,16.59,20.04,0.11,10.66,13042.0,2977.4,137.48
INE00R701025,FY23,6.62,7.97,0.25,55.19,13237.0,13930.0,2320.0
INE00R701025,FY24,5.04,6.86,0.29,44.03,14334.0,15718.0,2825.0
INE00R701025,FY25,3.93,5.27,0.33,36.42,13980.0,17685.0,2971.0
INE00R701025,FY26,6.34,7.6,0.41,60.73,14804.0,19465.0,2593.0
INE495A01022,FY23,9.24,12.31,0.17,30.9,3245.45,1688.31,36.39
INE495A01022,FY24,9.29,9.45,0.49,33.66,2898.7,1978.45,150.49
INE495A01022,FY25,11.3,9.54,0.32,45.15,3724.94,1984.72,200.76
INE495A01022,FY26,7.3,7.59,0.56,29.12,3618.08,1796.62,46.52
INE284H01025,FY23,9.12,12.92,0.03,1.23,81.44,11.02,0.0
INE284H01025,FY24,43.37,56.66,0.05,9.98,173.84,9.4,0.0
INE284H01025,FY25,39.32,39.47,0.34,14.68,236.25,105.7,12.08
INE284H01025,FY26,21.9,31.78,0.01,10.28,221.39,97.08,0.45
INE365B01017,FY23,18.0,22.96,0.02,32.05,1459.19,134.15,0.0
INE365B01017,FY24,16.13,20.25,0.01,33.6,1549.89,115.76,0.02
INE365B01017,FY25,15.02,16.68,0.14,34.71,1723.36,147.67,0.0
INE365B01017,FY26,12.58,15.81,0.14,32.86,1987.15,193.05,8.78
INE0IX101010,FY23,10.62,14.22,0.0,23.8,453.45,113.59,3.56
INE0IX101010,FY24,13.72,18.27,0.0,32.45,519.8,156.4,8.02
INE0IX101010,FY25,14.71,19.54,0.0,39.62,708.35,184.73,13.74
INE0IX101010,FY26,15.63,20.91,0.0,48.47,924.77,210.27,21.11
INE950I01011,FY23,8.68,11.49,0.11,9.52,2076.45,934.05,18.85
INE950I01011,FY24,19.16,23.8,0.11,23.87,2348.54,935.68,7.89
INE950I01011,FY25,16.68,20.87,0.13,20.81,2339.11,898.17,13.52
INE950I01011,FY26,13.67,17.61,0.11,18.62,2355.52,995.49,2.76
INE917M01012,FY23,0.02,7.34,1.67,0.06,10333.13,4186.68,2670.4
INE917M01012,FY24,4.44,10.99,1.66,12.38,11736.46,4341.07,2852.58
INE917M01012,FY25,12.65,15.28,1.88,51.71,11316.72,5246.95,3855.53
INE917M01012,FY26,19.07,19.26,1.18,,8983.93,4709.14,3361.54
INE0I3401014,FY23,11.24,9.61,0.82,16.74,2366.62,948.51,39.18
INE0I3401014,FY24,4.6,5.26,1.04,7.0,1839.42,1057.55,21.09
INE0I3401014,FY25,1.45,3.69,1.15,2.21,1842.69,1159.25,83.11
INE0I3401014,FY26,2.45,4.84,1.03,3.8,2073.76,1136.71,6.1
INE879I01012,FY23,-4.23,-0.13,1.21,-2.94,688.8,5.14,0.0
INE879I01012,FY24,26.31,20.6,0.41,28.69,357.47,1502.14,9.95
INE879I01012,FY25,-2.57,-2.67,0.39,-2.33,766.58,1504.54,6.38
INE879I01012,FY26,0.62,3.14,0.18,,1593.27,71.47,0.0
INE385W01011,FY23,-0.51,0.25,0.38,-1.9,2315.05,3234.7,1003.85
INE385W01011,FY24,-2.73,-0.11,0.41,-9.79,2543.62,3236.14,504.97
INE385W01011,FY25,0.06,2.17,0.41,0.21,2711.5,3200.46,281.06
INE385W01011,FY26,1.46,2.86,0.46,6.22,2931.9,3443.22,275.0
INE503A01015,FY23,10.2,,0.88,14.79,2127.17,826.27,43.6
INE503A01015,FY24,10.57,,1.05,16.99,2400.01,864.88,23.78
INE503A01015,FY25,10.81,,1.3,19.49,2848.23,898.4,66.44
INE503A01015,FY26,11.19,,0.85,22.82,3311.35,989.26,40.66
INE0A1101019,FY23,23.96,21.15,0.88,5.9,359.63,1.4,0.0
INE0A1101019,FY24,22.95,22.32,0.74,9.39,459.63,1.88,0.0
INE0A1101019,FY25,20.08,21.9,0.7,9.3,555.75,2.7,0.0
INE0A1101019,FY26,19.68,18.68,0.81,13.48,736.97,7.77,0.0
INE499A01024,FY23,14.71,18.47,0.28,58.41,11479.33,5816.83,1805.19
INE499A01024,FY24,6.86,8.91,0.33,28.67,10865.12,6805.58,2675.72
INE499A01024,FY25,8.63,11.04,0.36,38.75,11995.49,7273.96,848.19
INE499A01024,FY26,11.07,10.9,0.38,54.73,13460.53,7959.81,600.38
INE0OU201013,FY25,16.25,18.98,0.2,7.25,558.11,228.38,8.39
INE0OU201013,FY26,-3.69,-1.27,0.2,,440.17,247.09,12.73
INE500A01029,FY23,18.73,25.71,0.5,6.5,2626.55,1362.31,66.26
INE500A01029,FY24,1.52,6.09,0.43,0.53,1861.17,1354.59,43.07
INE500A01029,FY25,2.91,7.97,0.41,1.02,2000.34,1336.25,65.94
INE500A01029,FY26,4.48,10.02,0.27,1.63,2143.59,1325.31,21.6
INE0KL801015,FY23,12.65,9.99,0.9,8.44,1253.63,20.48,5.34
INE0KL801015,FY24,6.73,8.45,0.26,7.61,1423.58,59.91,0.05
INE0KL801015,FY25,2.83,5.17,0.0,3.49,1083.67,69.4,0.05
INE0KL801015,FY26,-0.51,0.83,0.0,,743.34,70.26,0.0
INE0HR601026,FY23,21.06,30.13,0.11,9.15,2503.75,225.92,0.67
INE0HR601026,FY24,27.53,35.94,0.1,17.56,2431.24,234.01,2.89
INE0HR601026,FY25,22.22,30.87,0.06,17.93,2603.32,275.99,0.93
INE0HR601026,FY26,19.92,28.27,0.06,19.5,2047.87,353.7,49.72
INE583C01021,FY23,7.17,8.22,0.38,35.19,780.16,678.34,241.0
INE583C01021,FY24,5.18,5.2,0.72,26.6,798.44,935.89,513.67
INE583C01021,FY25,1.04,1.64,0.99,5.37,526.98,1207.63,805.38
INE583C01021,FY26,3.81,4.09,1.0,20.4,635.61,1333.8,2.56
INE841L01016,FY23,3.06,6.13,0.86,1.88,586.98,387.19,12.03
INE841L01016,FY24,5.81,8.04,1.02,37.95,7786.47,4870.48,787.88
INE841L01016,FY25,0.55,0.77,0.54,6.65,827.36,6058.36,1894.39
INE841L01016,FY26,8.69,9.55,0.79,11.14,1142.0,721.86,79.86
INE501A01019,FY23,23.88,22.7,0.73,97.7,8700.13,6018.3,3620.43
INE501A01019,FY24,8.17,10.97,0.75,35.87,7098.47,6867.32,876.15
INE501A01019,FY25,14.97,15.35,0.67,73.95,8430.6,7566.16,1639.38
INE501A01019,FY26,10.77,10.81,0.83,58.4,9400.4,9002.15,3214.17
INE288B01029,FY23,20.83,28.12,0.02,62.46,7882.58,2275.16,361.64
INE288B01029,FY24,16.91,21.91,0.06,59.45,7609.92,3056.51,813.4
INE288B01029,FY25,12.94,14.73,0.24,51.12,8091.48,4109.04,1708.87
INE288B01029,FY26,9.43,10.74,0.28,40.36,7761.25,5136.75,1926.82
INE0FHS01024,FY23,9.01,10.75,0.05,19.28,341.34,642.0,19.83
INE0FHS01024,FY24,8.58,10.04,0.11,19.35,426.99,813.83,219.93
INE0FHS01024,FY25,-4.95,-1.4,0.11,-14.08,576.13,954.41,258.22
INE0FHS01024,FY26,9.0,7.14,0.1,28.12,890.71,1142.87,55.82
INE148O01028,FY23,-10.98,-9.55,0.1,-14.09,7225.3,1514.55,52.74
INE148O01028,FY24,-2.72,-1.52,0.13,-3.4,8141.54,1958.18,37.92
INE148O01028,FY25,1.72,2.61,0.15,2.14,8931.9,2522.53,38.51
INE148O01028,FY26,1.58,2.55,0.15,2.0,10508.31,2915.0,0.97
INE124G01033,FY23,11.78,14.81,0.03,9.75,964.47,971.15,160.38
INE124G01033,FY24,9.7,14.01,0.02,9.12,848.27,1302.13,406.25
INE124G01033,FY25,9.34,15.08,0.01,9.3,729.63,1445.25,278.62
INE124G01033,FY26,3.79,5.21,0.02,,688.46,1326.9,467.87
INE947J01015,FY23,7.57,4.47,0.01,5.09,1104.29,432.45,29.43
INE947J01015,FY24,6.28,7.17,0.01,4.5,1080.75,371.4,18.06
INE947J01015,FY25,5.53,6.88,0.01,4.2,1005.41,321.77,14.34
INE947J01015,FY26,4.38,5.52,0.01,3.48,974.28,259.7,8.26
INE0R4L01018,FY23,47.93,64.34,0.01,18.77,173.88,24.32,0.0
INE0R4L01018,FY24,36.81,49.6,0.01,22.65,238.6,24.51,0.0
INE0R4L01018,FY25,12.94,17.57,0.0,25.83,203.28,24.33,0.0
INE0R4L01018,FY26,13.27,17.61,0.03,22.81,250.38,24.19,0.0
INE872J01023,FY23,27.31,15.24,1.61,2.19,2972.8,2203.97,31.23
INE872J01023,FY24,4.48,4.81,2.75,0.39,3531.68,3215.7,25.6
INE872J01023,FY25,0.84,6.48,2.91,0.08,4920.64,3532.35,19.43
INE872J01023,FY26,-2.51,4.11,2.45,-0.31,5571.36,3806.55,17.89
INE041A01016,FY23,15.11,14.87,0.71,23.72,2427.84,1146.89,103.34
INE041A01016,FY24,12.21,11.37,0.89,20.27,2160.37,1165.88,17.21
INE041A01016,FY25,4.53,6.11,0.81,7.98,1945.82,1140.22,8.79
INE041A01016,FY26,5.44,6.43,0.75,10.09,1961.07,1106.29,12.54
INE680A01011,FY23,5.14,,0.51,1.58,549.5,257.57,6.72
INE680A01011,FY24,5.62,,0.29,1.79,580.58,274.34,7.82
INE680A01011,FY25,4.78,,0.14,2.37,652.49,281.56,15.14
INE680A01011,FY26,6.97,,0.5,2.6,814.72,290.04,0.0
INE435G01025,FY23,22.0,27.94,0.03,50.35,1682.44,321.08,157.66
INE435G01025,FY24,19.04,25.09,0.02,52.46,1732.89,350.65,29.42
INE435G01025,FY25,21.17,26.9,0.05,65.55,2009.71,336.79,9.12
INE435G01025,FY26,17.08,22.32,0.02,63.72,1952.68,321.31,13.81
INE00OQ01016,FY23,8.52,10.99,0.17,9.76,522.45,136.17,97.66
INE00OQ01016,FY24,12.35,12.84,0.31,13.13,652.66,310.56,0.52
INE00OQ01016,FY25,8.83,11.5,0.29,10.3,951.04,313.14,4.69
INE00OQ01016,FY26,12.17,15.44,0.29,,1137.96,315.94,6.22
INE320L01011,FY23,12.9,27.02,0.16,480.16,217.5,666.09,600.54
INE320L01011,FY24,1.91,5.98,0.15,80.14,379.35,760.51,133.49
INE320L01011,FY25,3.38,7.09,0.14,148.88,437.17,787.23,173.15
INE320L01011,FY26,0.66,2.4,0.35,29.49,359.94,1499.33,913.77
INE989C01038,FY23,4.38,-3.1,-2.39,-0.81,13.96,1258.3,188.45
INE989C01038,FY24,-1.75,1.71,-2.42,0.32,335.26,1255.11,197.7
INE989C01038,FY25,-3.93,-11.31,-0.53,0.65,1115.39,1302.51,134.92
INE989C01038,FY26,-26.18,10.4,-4.2,,1910.1,1352.37,152.32
INE393P01035,FY23,3.0,1.05,0.09,8.51,1641.71,397.52,14.86
INE393P01035,FY24,7.29,10.11,0.11,22.22,1610.15,466.34,0.45
INE393P01035,FY25,-4.97,-4.73,0.11,-14.36,1699.08,413.43,13.16
INE393P01035,FY26,1.39,2.91,0.06,,1716.05,394.94,4.48
INE184O01015,FY23,15.61,16.05,0.34,5.92,252.52,65.1,1.83
INE184O01015,FY24,16.08,18.88,0.18,8.19,275.8,91.68,1.1
INE184O01015,FY25,9.73,12.54,0.06,9.59,335.28,100.54,3.14
INE184O01015,FY26,12.42,15.49,0.07,13.55,406.63,132.71,22.98
INE0U4701011,FY26,-1.95,6.03,0.63,-1.1,3080.18,622.83,1.86
INE836F01026,FY23,213.45,253.7,-0.09,-8.75,2236.74,1552.53,500.79
INE836F01026,FY24,71.35,3.79,0.0,-10.22,1829.83,1564.43,494.69
INE836F01026,FY25,15.04,6.83,-0.01,-2.53,1567.6,1336.92,502.52
INE836F01026,FY26,19.97,13.29,0.0,-4.2,1162.61,1014.56,144.08
INE753U01022,FY23,9.28,12.48,0.0,18.45,267.15,194.37,80.85
INE753U01022,FY24,6.85,9.27,0.0,12.99,250.43,244.09,30.87
INE753U01022,FY25,4.09,5.58,0.0,7.98,218.92,249.99,5.4
INE753U01022,FY26,7.38,9.9,0.0,15.34,352.89,266.74,17.73
INE361B01024,FY23,14.29,18.55,0.0,68.69,7665.0,4948.0,231.0
INE361B01024,FY24,11.79,15.96,0.0,60.27,7796.0,5632.0,897.0
INE361B01024,FY25,14.64,19.49,0.0,82.53,9325.0,6698.0,1260.0
INE361B01024,FY26,15.32,20.34,0.0,96.75,10476.0,8769.0,2247.0
INE935N01020,FY23,19.89,23.08,0.35,42.69,12173.35,1438.43,247.54
INE935N01020,FY24,21.7,25.88,0.29,61.27,17613.91,2026.04,90.75
INE935N01020,FY25,36.39,46.84,0.22,202.58,38860.1,2979.99,301.75
INE935N01020,FY26,30.76,38.94,0.21,269.35,48872.8,4121.85,570.84
INE271C01023,FY23,5.4,4.55,0.09,8.22,5681.97,896.12,65.44
INE271C01023,FY24,6.92,5.6,0.12,11.02,6249.21,846.53,72.78
INE271C01023,FY25,10.26,5.65,0.1,17.64,7946.6,807.25,85.94
INE271C01023,FY26,9.71,6.81,0.01,17.83,7837.66,871.56,180.02
INE250K01012,FY23,22.82,30.16,0.03,24.32,1180.48,25.04,0.0
INE250K01012,FY24,21.29,28.27,0.02,26.09,1235.41,22.47,0.0
INE250K01012,FY25,21.93,29.28,0.01,29.37,1383.86,18.55,0.0
INE250K01012,FY26,20.58,27.16,0.03,29.31,1565.7,29.32,0.0
INE192R01011,FY23,14.79,18.7,0.04,36.49,42735.38,12059.65,829.16
INE192R01011,FY24,13.56,18.24,0.03,38.93,50700.67,14233.51,935.22
INE192R01011,FY25,12.64,16.82,0.04,41.5,59233.15,17190.91,1099.35
INE192R01011,FY26,12.14,15.71,0.1,45.63,68684.5,21268.32,1299.96
INE505A01010,FY23,3.5,6.95,0.51,2.78,381.61,229.92,15.37
INE505A01010,FY24,5.53,10.27,0.42,4.65,320.59,230.6,7.34
INE505A01010,FY25,9.46,13.91,0.32,8.63,431.3,214.83,0.08
INE505A01010,FY26,11.01,14.51,0.35,,581.58,205.01,4.86
INE021O01019,FY23,12.58,15.24,0.03,20.39,2810.39,624.54,65.63
INE021O01019,FY24,14.64,20.76,0.04,27.75,3123.86,671.6,17.79
INE021O01019,FY25,18.49,24.73,0.03,43.27,3718.25,716.14,21.14
INE021O01019,FY26,15.95,16.34,0.03,44.26,4123.24,919.05,118.84
INE966A01022,FY23,18.15,22.77,0.22,6.59,245.02,1.42,0.0
INE966A01022,FY24,19.86,26.91,0.11,8.94,335.97,3.73,0.0
INE966A01022,FY25,21.48,32.31,0.07,12.24,529.9,4.93,0.0
INE966A01022,FY26,11.41,15.93,0.25,7.32,403.58,6.25,0.0
INE325C01035,FY23,7.43,9.05,0.25,9.26,1366.56,198.44,101.08
INE325C01035,FY24,11.55,12.72,0.41,15.9,1547.78,263.84,37.03
INE325C01035,FY25,10.64,12.67,0.4,16.05,1681.39,285.39,12.93
INE325C01035,FY26,11.32,13.44,0.31,,1849.45,296.0,28.8
INE920A01037,FY23,20.36,18.7,0.1,4.57,0.0,57.72,0.0
INE920A01037,FY24,2.52,0.54,0.01,1.59,6.47,49.17,46.55
INE920A01037,FY25,17.06,11.16,0.6,11.62,74.02,222.73,221.62
INE920A01037,FY26,19.39,13.32,0.57,17.13,116.42,308.94,0.0
INE321T01012,FY23,28.39,31.32,0.41,15.79,1207.66,338.69,20.64
INE321T01012,FY24,18.8,23.41,0.21,26.62,1530.66,485.8,50.07
INE321T01012,FY25,20.18,24.85,0.21,33.31,1912.63,682.77,107.87
INE321T01012,FY26,18.87,24.47,0.12,37.79,2326.37,842.57,162.08
INE266Y01019,FY23,25.03,23.29,0.7,20.36,1975.12,48.81,0.0
INE266Y01019,FY24,25.91,23.08,0.72,27.8,2339.91,48.65,0.49
INE266Y01019,FY25,27.89,28.13,0.46,49.98,3310.79,75.79,10.94
INE266Y01019,FY26,33.49,31.92,0.48,92.84,4065.13,74.52,0.55
INE360C01024,FY23,1.57,4.43,0.28,0.1,612.19,911.78,15.34
INE360C01024,FY24,1.69,4.39,0.21,0.11,634.08,895.32,14.3
INE360C01024,FY25,0.8,3.46,0.18,0.04,620.37,977.99,10.1
INE360C01024,FY26,1.44,3.53,0.14,,683.01,965.7,10.9
INE506A01018,FY23,-15.96,-10.86,0.31,-70.07,1158.3,1651.01,120.16
INE506A01018,FY24,2.64,3.25,0.44,11.38,943.15,1774.76,344.3
INE506A01018,FY25,-2.25,0.56,0.76,-12.07,1127.32,1934.56,583.51
INE506A01018,FY26,0.39,4.12,0.88,,1208.33,2101.34,894.47
INE089A01031,FY23,19.51,25.28,0.06,54.17,24587.9,6646.2,995.6
INE089A01031,FY24,19.85,24.48,0.07,66.92,27916.4,7688.6,1446.0
INE089A01031,FY25,16.96,20.94,0.14,67.78,32553.5,9776.1,2483.8
INE089A01031,FY26,11.36,12.89,0.21,51.42,33593.3,11593.0,1540.9
INE417B01040,FY23,31.93,31.16,0.66,27.7,804.47,6.73,0.0
INE417B01040,FY24,34.15,41.11,0.23,42.37,1024.46,5.76,0.26
INE417B01040,FY25,31.34,29.27,0.6,56.95,1267.22,33.28,24.07
INE417B01040,FY26,26.89,24.86,0.75,,1424.28,160.58,2.61
INE477B01010,FY23,20.57,24.1,0.14,154.88,217.43,660.83,596.63
INE477B01010,FY24,5.17,6.2,0.13,43.71,376.95,748.88,133.38
INE477B01010,FY25,4.52,6.05,0.12,41.16,446.05,781.9,173.01
INE477B01010,FY26,2.77,3.14,0.29,,288.92,1483.33,913.77
INE366A01041,FY23,14.16,15.84,0.51,5.56,2091.42,583.25,0.95
INE366A01041,FY24,10.16,12.79,0.55,4.44,1709.3,583.53,0.45
INE366A01041,FY25,2.89,5.4,0.63,1.26,1358.88,546.96,0.0
INE366A01041,FY26,3.72,4.92,0.41,1.66,1401.94,528.07,0.0
INE600Y01019,FY23,17.48,21.06,0.46,7.04,668.38,58.72,3.15
INE600Y01019,FY24,17.65,20.27,0.56,8.58,767.82,70.45,7.82
INE600Y01019,FY25,17.34,22.63,0.16,6.82,1025.04,92.62,9.32
INE600Y01019,FY26,18.47,24.07,0.09,17.42,1197.06,132.69,36.25
INE221B01012,FY23,7.9,8.91,1.39,67.32,1300.01,637.48,85.0
INE221B01012,FY24,18.24,15.2,0.88,179.4,1416.32,679.22,5.96
INE221B01012,FY25,6.0,8.68,0.8,63.39,1403.8,697.44,20.31
INE221B01012,FY26,4.08,7.56,0.8,,1621.34,722.39,7.16
INE255Z01027,FY23,20.06,24.75,0.12,0.68,66.2,28.49,0.0
INE255Z01027,FY24,30.86,15.73,2.03,1.47,94.46,198.17,0.0
INE255Z01027,FY25,2.98,4.56,0.05,2.72,163.96,1010.58,636.18
INE255Z01027,FY26,-0.92,-0.49,0.09,-0.78,245.58,1552.35,533.45
INE07O001026,FY23,36.27,41.05,0.23,0.38,448.83,16.0,0.0
INE07O001026,FY24,17.06,23.68,0.03,0.29,590.58,26.93,7.6
INE07O001026,FY25,14.9,19.63,0.05,0.3,587.32,83.45,31.7
INE07O001026,FY26,-4.92,-5.48,0.04,,535.7,109.65,15.87
INE18JU01028,FY23,28.97,16.25,1.44,2.84,645.22,17.37,0.7
INE18JU01028,FY24,31.96,15.38,2.03,4.57,1127.58,40.78,0.0
INE18JU01028,FY25,30.48,17.15,2.0,6.05,1411.11,41.31,0.0
INE18JU01028,FY26,17.42,15.97,0.57,1.52,1891.08,73.67,0.0
INE738I01010,FY23,28.5,35.32,0.11,48.58,2648.71,279.82,20.82
INE738I01010,FY24,22.76,28.36,0.12,52.19,2925.54,370.16,0.77
INE738I01010,FY25,23.47,28.28,0.16,56.04,3365.86,495.03,0.19
INE738I01010,FY26,27.57,33.17,0.15,74.42,4117.03,543.84,4.92
INE06HJ01020,FY23,37.86,39.49,0.33,7.27,421.89,36.58,0.0
INE06HJ01020,FY24,35.25,41.05,0.17,10.42,553.39,45.73,0.0
INE06HJ01020,FY25,27.1,34.39,0.06,10.02,653.96,57.64,0.0
INE06HJ01020,FY26,21.73,28.29,0.03,9.6,808.16,60.21,0.0
INE532F01054,FY23,5.1,,3.23,3.83,4845.39,1033.51,0.71
INE532F01054,FY24,8.83,,4.27,4.68,5629.45,972.21,3.66
INE532F01054,FY25,9.01,,4.07,5.81,7156.59,990.18,34.35
INE532F01054,FY26,11.82,,4.02,7.15,8039.35,929.09,1.44
INE886D01026,FY23,5.95,5.48,4.44,0.82,103.21,309.84,19.03
INE886D01026,FY24,13.59,13.19,0.95,5.73,419.46,348.23,27.15
INE886D01026,FY25,26.17,17.28,1.62,10.19,656.74,650.21,1.92
INE886D01026,FY26,28.68,16.5,1.74,16.61,1036.68,701.1,0.0
INE066A01021,FY23,19.44,25.05,0.02,106.38,14175.9,2380.49,154.71
INE066A01021,FY24,22.17,28.45,0.02,145.92,16234.02,2536.16,313.91
INE066A01021,FY25,22.23,27.52,0.02,172.37,18538.21,2767.89,182.15
INE066A01021,FY26,21.97,28.01,0.02,200.73,22977.57,3027.01,350.29
INE126A01031,FY23,15.57,36.86,0.27,53.25,20681.48,4377.67,569.13
INE126A01031,FY24,12.75,27.72,0.25,50.61,21194.6,5014.57,522.33
INE126A01031,FY25,11.07,20.39,0.73,49.33,23419.21,6274.75,524.73
INE126A01031,FY26,6.5,14.52,0.98,31.91,27239.97,7693.75,397.79
INE0LLY01014,FY23,43.46,42.0,0.51,3.13,338.1,18.58,0.26
INE0LLY01014,FY24,37.11,31.16,0.8,6.18,728.92,48.29,1.38
INE0LLY01014,FY25,17.73,22.61,0.24,11.76,1066.06,85.31,15.13
INE0LLY01014,FY26,14.84,17.26,0.34,,1145.6,366.7,114.25
INE546V01010,FY23,1.88,4.94,0.6,0.49,138.86,32.62,0.03
INE546V01010,FY24,3.28,6.26,0.59,0.88,107.27,33.69,3.35
INE546V01010,FY25,7.73,9.54,0.58,2.26,143.74,33.07,4.87
INE546V01010,FY26,6.45,9.15,0.77,,152.04,47.81,3.65
INE276C01014,FY23,16.29,21.22,0.01,10.6,337.07,288.64,12.76
INE276C01014,FY24,17.51,23.38,0.01,13.3,384.79,310.08,7.9
INE276C01014,FY25,17.12,22.87,0.01,15.07,408.24,306.49,17.48
INE276C01014,FY26,14.47,19.37,0.01,14.31,383.73,348.39,52.54
INE230A01023,FY23,9.32,13.51,0.07,5.03,2018.81,2479.99,100.82
INE230A01023,FY24,16.22,22.58,0.05,10.22,2511.27,2569.39,177.11
INE230A01023,FY25,16.03,21.49,0.06,11.82,2743.15,2961.56,317.66
INE230A01023,FY26,11.94,17.59,0.05,10.05,2939.63,3569.45,228.06
INE158B01016,FY23,5.57,7.2,0.0,33.85,171.0,62.23,0.52
INE158B01016,FY24,10.46,12.93,0.0,70.06,225.15,58.75,0.32
INE158B01016,FY25,11.32,15.19,0.0,84.78,245.03,58.28,1.32
INE158B01016,FY26,8.28,10.71,0.01,67.11,229.11,113.92,49.81
INE184H01027,FY23,7.62,9.41,0.12,6.79,1260.49,451.64,83.33
INE184H01027,FY24,9.02,10.73,0.06,8.84,1201.48,486.84,99.61
INE184H01027,FY25,8.12,9.98,0.14,8.73,1499.21,587.94,197.31
INE184H01027,FY26,10.49,10.45,0.19,13.09,1470.57,721.9,162.28
INE668G01021,FY23,12.88,17.43,0.01,45.12,126.52,5.89,0.0
INE668G01021,FY24,9.14,10.49,0.23,34.43,112.7,5.16,0.0
INE668G01021,FY25,5.6,6.96,0.3,21.87,133.94,4.39,0.0
INE668G01021,FY26,6.08,7.34,0.39,,164.93,3.75,0.0
INE205B01031,FY23,18.57,23.12,0.04,10.58,1501.38,608.5,0.12
INE205B01031,FY24,22.17,28.17,0.04,7.92,1906.53,622.61,0.91
INE205B01031,FY25,20.77,25.13,0.09,18.5,2197.0,770.23,6.7
INE205B01031,FY26,14.8,18.51,0.12,15.2,2337.09,900.68,23.11
INE086A01029,FY23,7.21,9.18,0.61,5.31,7246.46,4051.89,1328.88
INE086A01029,FY24,14.47,15.27,0.46,12.3,7433.22,4159.56,1238.22
INE086A01029,FY25,12.27,12.86,0.37,11.48,7319.97,4350.59,1255.37
INE086A01029,FY26,2.73,4.84,0.26,2.61,5918.02,4378.21,1185.69
INE822G01016,FY23,1.08,6.13,-1.81,-9.28,3063.92,663.13,29.08
INE822G01016,FY24,-40.62,38.06,-2.27,249.08,4271.5,687.31,77.47
INE822G01016,FY25,-278.47,40.36,-8.1,347.06,4115.37,719.92,121.19
INE822G01016,FY26,10.18,0.11,-6.91,-12.29,3692.09,763.36,138.45
INE285A01027,FY23,27.04,27.22,0.42,11.71,3021.96,354.2,8.5
INE285A01027,FY24,19.37,20.88,0.4,9.86,3202.4,365.8,16.5
INE285A01027,FY25,18.77,20.96,0.31,11.08,3490.0,428.2,74.1
INE285A01027,FY26,19.28,21.8,0.24,13.61,3929.5,580.8,146.5
INE236E01022,FY23,7.75,8.5,0.29,2.15,201.91,273.6,89.9
INE236E01022,FY24,11.05,12.13,0.44,3.46,266.46,350.08,19.45
INE236E01022,FY25,16.88,16.89,0.5,6.36,312.48,402.96,64.14
INE236E01022,FY26,10.68,12.46,0.19,,341.58,531.17,77.9
INE548C01032,FY23,27.77,28.28,0.04,14.5,3362.01,656.13,7.6
INE548C01032,FY24,29.57,31.52,0.04,16.55,3530.27,619.9,9.67
INE548C01032,FY25,29.93,32.44,0.03,18.48,3765.07,589.48,16.59
INE548C01032,FY26,26.51,27.78,0.06,17.76,3745.29,574.51,3.12
INE830C01026,FY23,9.9,9.5,1.23,8.71,2370.73,1149.97,6.39
INE830C01026,FY24,10.89,12.56,0.78,10.61,1988.31,1093.29,10.97
INE830C01026,FY25,3.84,6.53,1.14,3.32,1928.04,1066.74,9.71
INE830C01026,FY26,10.67,11.58,1.42,8.69,1907.23,1032.72,4.62
INE069I01010,FY23,-16.64,-13.64,0.07,-11.29,354.56,88.15,65.0
INE069I01010,FY24,34.39,0.34,-5.36,-9.2,1090.05,35.15,12.38
INE069I01010,FY25,2.14,3.51,0.49,2.65,2179.5,113.0,21.4
INE069I01010,FY26,-8.84,-2.29,0.54,-6.43,1731.83,147.85,0.7
INE168P01015,FY23,21.27,18.82,0.93,29.43,5931.08,2230.8,419.58
INE168P01015,FY24,16.87,17.55,0.79,27.57,6581.99,2411.26,146.4
INE168P01015,FY25,15.32,20.98,0.23,36.43,7896.0,2444.05,140.99
INE168P01015,FY26,18.67,22.11,0.31,48.77,9203.54,2490.82,172.06
INE02YR01019,FY23,10.37,9.88,1.21,3.63,5089.96,1165.39,23.82
INE02YR01019,FY24,13.43,11.95,1.15,4.78,5915.54,1427.58,72.97
INE02YR01019,FY25,10.48,9.51,1.29,4.17,6731.31,1831.34,75.71
INE02YR01019,FY26,6.59,8.2,1.23,2.78,7183.26,1948.58,19.32
INE296H01011,FY23,6.69,6.39,0.11,5.68,195.34,37.46,0.0
INE296H01011,FY24,13.47,16.23,0.17,12.74,270.3,41.33,0.0
INE296H01011,FY25,18.75,18.23,0.18,21.95,316.73,40.45,0.25
INE296H01011,FY26,3.99,6.49,0.26,5.51,349.78,39.67,0.32
INE1C6T01020,FY23,6.36,5.61,3.73,0.13,604.58,505.66,183.11
INE1C6T01020,FY24,17.12,4.78,8.57,0.42,941.54,1162.67,873.7
INE1C6T01020,FY25,68.74,22.7,3.85,5.33,2335.61,2199.0,154.26
INE1C6T01020,FY26,29.27,36.8,0.1,17.17,5049.88,2642.19,9.85
INE0OV601013,FY23,21.94,27.6,0.09,19.39,538.1,42.57,4.03
INE0OV601013,FY24,19.09,23.8,0.09,29.38,793.31,79.07,13.04
INE0OV601013,FY25,18.81,24.25,0.09,33.05,972.49,73.44,10.98
INE0OV601013,FY26,8.58,11.78,0.15,,732.75,116.04,37.18
INE01QM01018,FY23,15.75,18.41,0.06,8.01,248.76,136.58,36.6
INE01QM01018,FY24,11.44,14.39,0.01,9.5,373.12,144.19,33.4
INE01QM01018,FY25,11.36,14.56,0.0,10.22,519.38,131.94,17.14
INE01QM01018,FY26,11.83,14.5,0.03,13.02,701.58,152.62,18.58
INE913H01037,FY23,10.87,13.17,0.12,34.09,8676.06,2972.78,338.1
INE913H01037,FY24,13.67,16.35,0.15,48.38,10082.5,3457.46,323.81
INE913H01037,FY25,14.63,17.12,0.17,59.46,11371.36,3980.1,367.65
INE913H01037,FY26,13.91,16.33,0.19,,14339.85,5111.5,517.64
INE510A01028,FY23,17.65,22.57,0.01,6.16,3328.35,272.1,25.92
INE510A01028,FY24,19.74,21.0,0.01,7.92,3282.16,297.99,35.93
INE510A01028,FY25,21.72,27.53,0.01,10.32,3087.58,302.37,45.68
INE510A01028,FY26,21.99,28.35,0.01,12.3,3928.18,333.15,30.84
INE1NPP01017,FY24,18.65,24.68,0.04,16.85,4759.6,540.7,111.7
INE1NPP01017,FY25,25.11,33.47,0.03,30.89,7782.5,711.6,176.0
INE010601016,FY23,-1.94,3.94,0.74,-2.66,3293.14,96.86,0.0
INE010601016,FY24,2.39,4.86,0.21,10.81,3888.16,93.09,0.0
INE010601016,FY25,5.5,8.36,0.22,21.76,5065.48,132.06,0.0
INE010601016,FY26,6.81,9.65,0.4,,6540.06,201.46,1.05
INE0G5901015,FY23,10.19,8.66,1.67,3.34,1498.46,560.34,141.74
INE0G5901015,FY24,3.96,6.77,0.43,4.35,1365.3,710.99,33.46
INE0G5901015,FY25,5.79,9.38,0.44,5.75,2170.87,783.59,93.88
INE0G5901015,FY26,0.34,4.1,0.77,0.34,1894.46,996.78,88.63
INE0MLS01022,FY23,19.01,18.31,0.87,,648.07,162.2,13.13
INE0MLS01022,FY24,25.43,22.94,0.89,,896.12,234.5,0.61
INE0MLS01022,FY25,16.76,18.49,0.61,5.91,1133.92,303.07,55.94
INE0MLS01022,FY26,12.61,18.13,0.16,9.95,1525.32,413.35,60.35
INE071N01016,FY23,33.05,31.14,0.72,85.03,2169.44,1952.39,173.53
INE071N01016,FY24,15.62,16.32,0.72,47.14,1893.83,2234.58,489.9
INE071N01016,FY25,18.78,23.37,0.31,84.68,2514.4,2311.3,92.01
INE071N01016,FY26,14.94,13.87,0.26,76.95,2495.48,2566.99,465.3
INE255A01020,FY23,11.4,11.53,0.45,7.15,3665.0,1770.2,233.3
INE255A01020,FY24,10.19,12.62,0.44,6.68,3876.2,1886.8,128.9
INE255A01020,FY25,15.25,16.96,0.34,11.23,4213.3,1997.3,173.1
INE255A01020,FY26,13.61,15.58,0.34,,4763.1,2403.9,148.1
INE063P01018,FY23,11.12,,0.58,4.67,3048.41,379.13,41.43
INE063P01018,FY24,13.39,,0.3,7.01,3751.56,604.73,68.2
INE063P01018,FY25,2.42,,0.35,1.29,4163.1,695.7,164.79
INE063P01018,FY26,1.68,,0.94,0.9,4464.72,715.28,0.0
INE406M01024,FY23,17.4,14.02,0.4,28.07,1661.82,389.17,33.17
INE406M01024,FY24,15.16,9.62,1.08,28.79,1991.3,568.82,29.57
INE406M01024,FY25,12.33,13.51,0.87,25.81,2879.26,755.87,93.81
INE406M01024,FY26,15.87,13.28,0.6,45.26,3114.89,879.84,171.47
INE284A01012,FY23,52.13,69.09,0.02,88.16,1085.51,111.95,19.61
INE284A01012,FY24,53.25,71.49,0.01,105.9,1238.78,127.73,4.29
INE284A01012,FY25,48.56,65.01,0.01,113.98,1366.46,143.04,9.43
INE284A01012,FY26,48.14,63.8,0.01,,1502.0,152.21,5.65
INE818W01011,FY23,17.63,,1.56,5.87,2055.39,187.93,0.24
INE818W01011,FY24,17.08,,1.03,8.96,2811.43,207.55,2.61
INE818W01011,FY25,-26.75,,0.72,-10.13,2518.52,300.42,63.3
INE818W01011,FY26,-9.31,,1.26,-3.23,2511.65,515.98,289.83
INE042A01014,FY23,7.78,10.25,0.01,58.76,8281.21,1867.32,85.04
INE042A01014,FY24,11.47,13.16,0.05,97.93,9653.75,2288.99,185.85
INE042A01014,FY25,12.2,13.16,0.01,114.98,10109.66,2141.61,160.76
INE042A01014,FY26,19.35,14.57,0.01,217.55,11413.55,2259.64,188.48
INE778B01029,FY23,18.41,3.86,1.1,16.42,1107.8,1085.2,107.83
INE778B01029,FY24,-16.87,-4.34,1.08,-14.49,1057.31,1078.54,90.56
INE778B01029,FY25,1.77,6.64,0.85,1.46,1282.14,1033.04,56.2
INE778B01029,FY26,-3.51,2.69,0.93,-2.82,1375.19,1014.26,36.18
INE758T01015,FY23,-4.99,-4.85,0.03,-1.2,7035.0,668.0,33.0
INE758T01015,FY24,1.72,1.7,0.04,0.4,12114.0,1008.0,32.0
INE758T01015,FY25,1.74,2.62,0.07,0.58,20243.0,2946.0,63.0
INE758T01015,FY26,1.18,2.82,0.15,0.39,54364.0,6493.0,166.0
INE04TZ01018,FY23,9.55,12.59,0.19,25.66,788.53,160.31,4.01
INE04TZ01018,FY24,9.42,12.37,0.16,33.79,998.99,195.67,7.02
INE04TZ01018,FY25,9.8,11.76,0.29,39.33,1251.63,388.79,30.57
INE04TZ01018,FY26,6.37,8.73,0.22,36.21,1612.24,462.47,11.13
INE0KCE01017,FY23,0.65,1.38,0.03,1.37,2079.57,295.63,1.46
INE0KCE01017,FY24,2.26,3.24,0.01,4.93,2183.68,291.06,1.5
INE0KCE01017,FY25,3.73,5.1,0.01,8.46,2422.36,327.85,16.02
INE0KCE01017,FY26,3.54,4.91,0.01,8.36,2692.67,358.75,6.17
INE198501012,FY23,45.81,54.99,0.14,5.83,263.58,15.2,0.0
INE198501012,FY24,40.39,50.56,0.09,6.16,221.7,13.21,0.0
INE198501012,FY25,32.45,40.93,0.08,7.46,284.23,23.85,4.8
INE198501012,FY26,24.87,32.01,0.08,,334.96,17.34,0.0
INE128A01029,FY23,8.65,11.87,1.25,3.8,1320.17,304.89,1.45
INE128A01029,FY24,17.27,16.21,0.79,9.18,1300.49,293.44,2.55
INE128A01029,FY25,17.88,15.96,0.68,11.34,1330.96,385.05,86.46
INE128A01029,FY26,27.53,22.44,0.32,,1437.57,452.6,181.32
INE295A01018,FY23,7.29,10.71,0.19,26.9,1628.74,409.19,24.1
INE295A01018,FY24,3.01,4.9,0.16,11.33,1556.47,483.07,86.11
INE295A01018,FY25,-0.6,2.0,0.44,-2.28,1705.99,575.8,14.51
INE295A01018,FY26,-20.56,-11.26,0.46,-64.2,1392.28,564.85,23.02
INE369A01029,FY23,6.44,8.63,0.0,63.59,1083.62,427.57,19.94
INE369A01029,FY24,1.19,1.67,0.0,13.53,821.1,427.0,19.37
INE369A01029,FY25,5.37,7.2,0.01,67.87,978.07,432.18,8.88
INE369A01029,FY26,4.44,5.86,0.0,,1094.52,475.77,37.73
INE606N01019,FY23,8.06,10.14,0.43,1.95,195.1,234.08,0.0
INE606N01019,FY24,4.29,7.35,0.26,1.11,198.3,224.7,0.0
INE606N01019,FY25,9.34,15.58,0.09,3.01,233.29,15.53,0.39
INE606N01019,FY26,7.5,10.75,0.01,,272.52,63.42,0.0
INE777F01014,FY23,3.45,12.93,0.57,0.64,707.93,76.2,24.08
INE777F01014,FY24,8.86,13.93,0.06,6.45,1019.6,110.55,50.75
INE777F01014,FY25,-17.93,-4.7,1.15,-8.98,867.61,507.78,110.48
INE777F01014,FY26,-42.09,-15.64,1.09,-20.36,1151.73,582.11,0.32
INE302A01020,FY23,7.39,10.34,0.05,9.68,14980.73,3958.6,378.88
INE302A01020,FY24,6.8,9.62,0.09,10.31,16672.96,5661.48,1901.01
INE302A01020,FY25,5.71,8.32,0.14,9.35,17144.52,7378.01,3524.38
INE302A01020,FY26,6.14,8.79,0.11,10.05,17907.99,7932.77,3996.04
INE201K01015,FY23,25.25,33.85,0.05,86.27,903.3,121.33,6.06
INE201K01015,FY24,14.8,19.17,0.04,58.27,964.87,110.87,4.54
INE201K01015,FY25,16.24,21.42,0.05,66.52,1024.8,100.79,0.0
INE201K01015,FY26,15.97,21.02,0.01,79.89,1107.96,72.18,0.0
INE0HF201011,FY23,24.43,24.49,0.4,,193.8,3.55,0.0
INE0HF201011,FY24,20.64,26.05,0.1,,226.14,5.56,0.0
INE0HF201011,FY25,26.83,24.19,0.48,10.45,322.46,56.49,0.0
INE0HF201011,FY26,9.14,10.81,0.17,10.0,409.0,54.9,0.0
INE188A01015,FY23,48.11,27.53,1.45,9.47,3155.54,933.04,119.77
INE188A01015,FY24,9.45,9.03,1.33,1.98,2939.0,1082.83,256.03
INE188A01015,FY25,3.01,9.43,1.32,0.64,4050.91,1193.32,242.58
INE188A01015,FY26,-2.93,3.93,2.95,-0.61,5723.76,1242.6,293.52
INE0DNW01011,FY23,16.78,20.96,0.19,33.41,646.34,191.01,35.4
INE0DNW01011,FY24,13.97,19.79,0.03,31.1,618.31,198.78,7.9
INE0DNW01011,FY25,7.28,9.2,0.21,16.88,536.29,213.83,12.71
INE0DNW01011,FY26,2.11,3.18,0.32,4.28,458.73,214.61,18.42
INE963C01033,FY23,17.42,16.8,0.52,23.97,530.96,226.39,10.37
INE963C01033,FY24,12.24,13.39,0.45,19.16,538.91,264.56,12.86
INE963C01033,FY25,9.68,10.97,0.46,16.72,689.94,314.09,21.07
INE963C01033,FY26,7.42,8.45,0.61,,923.07,370.19,12.43
INE045J01034,FY23,25.33,32.31,0.02,7.97,515.73,93.49,4.69
INE045J01034,FY24,26.8,34.91,0.01,10.82,567.57,122.61,4.14
INE045J01034,FY25,14.8,19.45,0.0,0.96,533.33,194.67,34.33
INE045J01034,FY26,12.32,17.34,0.01,1.09,772.23,205.12,2.17
INE258B01022,FY23,9.79,13.0,0.01,11.67,1777.83,912.87,218.78
INE258B01022,FY24,14.55,18.88,0.01,18.58,1942.94,949.47,272.78
INE258B01022,FY25,11.7,15.71,0.01,16.39,2108.12,1000.73,152.68
INE258B01022,FY26,11.32,15.18,0.01,17.29,2170.93,1092.1,96.1
INE171A01029,FY23,14.31,,1.17,14.85,10278.63,971.71,81.39
INE171A01029,FY24,12.89,,0.74,16.55,12130.07,1063.03,66.99
INE171A01029,FY25,12.04,,0.88,16.8,14247.88,1527.55,72.05
INE171A01029,FY26,10.85,,0.77,17.48,16289.33,1528.17,108.01
INE007N01010,FY23,13.29,2.93,5.36,5.58,1151.23,143.12,0.53
INE007N01010,FY24,10.82,3.18,3.69,7.12,1522.48,141.72,0.27
INE007N01010,FY25,8.84,3.67,4.1,6.04,2036.29,186.14,0.28
INE007N01010,FY26,11.74,3.54,4.36,9.12,2205.76,217.89,1.77
INE737H01014,FY23,18.37,24.96,0.03,53.13,1834.04,497.19,5.35
INE737H01014,FY24,18.68,24.83,0.03,62.96,2015.29,498.74,5.31
INE737H01014,FY25,19.74,26.2,0.02,77.86,2405.37,570.39,20.27
INE737H01014,FY26,21.04,26.88,0.05,97.11,2792.14,615.3,14.87
INE816B01035,FY23,8.18,11.18,0.28,2.02,4290.33,1350.64,7.94
INE816B01035,FY24,9.19,11.74,0.19,2.49,4276.57,1348.11,43.98
INE816B01035,FY25,10.06,13.61,0.11,3.01,4252.15,1348.57,13.82
INE816B01035,FY26,12.18,16.0,0.1,4.13,4160.52,1409.9,97.22
INE235A01022,FY23,11.54,14.84,0.0,32.97,4410.28,459.3,25.78
INE235A01022,FY24,13.18,17.44,0.0,42.61,4936.81,641.85,198.54
INE235A01022,FY25,12.75,16.76,0.0,45.82,5318.89,834.93,252.45
INE235A01022,FY26,11.73,15.24,0.0,46.67,6321.01,952.31,105.2
INE686Y01026,FY23,40.1,53.73,0.02,201.6,3028.88,281.4,68.85
INE686Y01026,FY24,21.44,28.31,0.0,134.34,2122.55,346.98,80.41
INE686Y01026,FY25,17.88,24.17,0.0,133.89,2259.6,415.92,55.05
INE686Y01026,FY26,15.65,19.92,0.03,136.03,2345.94,525.56,139.24
INE734I01027,FY23,8.3,9.05,0.3,,50.35,1.17,0.0
INE734I01027,FY24,8.52,8.32,0.4,,89.33,0.74,0.0
INE734I01027,FY25,8.43,8.78,1.17,,138.75,15.07,7.56
INE734I01027,FY26,7.55,4.39,2.46,,205.37,27.44,0.0
INE02NC01014,FY23,11.78,,0.79,7.82,447.04,144.91,5.48
INE02NC01014,FY24,13.41,,1.11,10.36,555.61,195.24,47.33
INE02NC01014,FY25,12.39,,1.12,11.08,1746.52,297.58,130.22
INE02NC01014,FY26,6.52,,1.91,,1473.65,364.14,0.0
INE183A01024,FY23,5.11,6.11,0.11,4.04,4361.26,1111.11,56.73
INE183A01024,FY24,8.41,11.23,0.07,7.66,4274.1,1076.48,22.22
INE183A01024,FY25,13.12,16.94,0.04,12.94,4141.97,1092.54,89.44
INE183A01024,FY26,9.64,12.4,0.07,9.69,4113.43,1042.39,27.85
INE02RE01045,FY23,-12.77,-10.52,0.26,-8.5,5262.19,1186.17,52.94
INE02RE01045,FY24,-8.65,-4.62,0.45,-6.2,6325.51,1580.76,10.73
INE02RE01045,FY25,-4.04,-1.17,0.33,-4.11,7659.61,1690.76,13.29
INE02RE01045,FY26,-2.91,-0.16,0.33,-2.9,8547.94,1736.17,20.3
INE771F01041,FY23,13.72,4.97,-2.15,-0.21,0.18,0.0,0.0
INE771F01041,FY24,2.27,2.63,0.02,1.08,20.98,12.49,0.0
INE771F01041,FY25,0.36,0.64,0.25,0.02,110.7,40.01,21.4
INE771F01041,FY26,8.07,10.62,0.28,,308.58,29.33,2.93
INE128S01021,FY23,13.91,10.39,0.98,20.49,1469.62,43.89,0.0
INE128S01021,FY24,16.09,9.97,1.22,28.39,2078.1,54.62,0.0
INE128S01021,FY25,17.01,10.58,1.26,36.5,2705.51,141.59,62.36
INE128S01021,FY26,14.89,9.89,1.11,37.25,3046.25,154.57,72.08
INE00Y201027,FY23,26.93,29.34,0.28,11.12,932.59,263.38,15.81
INE00Y201027,FY24,13.23,17.26,0.08,12.19,969.05,371.93,46.68
INE00Y201027,FY25,11.01,14.32,0.06,10.64,949.31,464.35,38.94
INE00Y201027,FY26,10.33,13.35,0.06,11.19,1012.97,540.43,60.0
INE09N301011,FY23,24.07,26.77,0.27,120.97,5594.24,4720.09,1622.28
INE09N301011,FY24,7.33,8.95,0.35,39.59,4193.67,5551.17,1299.17
INE09N301011,FY25,7.53,9.21,0.29,49.69,4737.0,5959.93,1725.88
INE09N301011,FY26,7.35,9.3,0.29,52.26,4996.0,6582.0,1890.0
INE529A01010,FY23,10.3,14.66,0.01,18.13,1597.66,601.72,94.14
INE529A01010,FY24,11.43,16.58,0.01,22.81,1662.36,592.42,58.51
INE529A01010,FY25,12.78,18.94,0.0,29.13,1800.19,544.56,28.88
INE529A01010,FY26,11.88,17.24,0.0,30.68,1958.4,545.96,72.46
INE451A01017,FY23,7.13,12.04,0.51,101.43,4980.96,1699.07,94.83
INE451A01017,FY24,17.21,23.97,0.23,294.54,6932.29,1636.26,65.16
INE451A01017,FY25,26.4,41.44,0.01,607.71,8071.73,1673.82,150.16
INE451A01017,FY26,28.89,36.21,0.0,919.56,9057.05,1709.18,235.72
INE061F01013,FY23,8.13,11.29,0.13,7.8,6213.15,5106.52,256.96
INE061F01013,FY24,7.82,10.96,0.15,7.93,6835.09,5829.02,561.46
INE061F01013,FY25,8.68,10.2,0.28,10.26,7723.89,6344.18,496.03
INE061F01013,FY26,10.53,12.33,0.35,13.8,9048.08,7343.36,455.8
INE519A01011,FY23,25.46,33.09,0.0,114.28,476.83,40.25,1.49
INE519A01011,FY24,21.27,28.53,0.01,114.35,524.24,46.75,1.93
INE519A01011,FY25,6.98,10.18,0.0,110.46,642.23,228.25,3.87
INE212S01015,FY23,15.11,20.73,0.28,11.8,1985.4,88.0,0.0
INE212S01015,FY24,-3.38,0.52,0.26,-2.76,2196.3,139.3,0.0
INE212S01015,FY25,12.72,13.55,0.24,12.97,2765.4,191.8,0.0
INE212S01015,FY26,9.17,9.83,0.13,17.19,3299.7,203.8,0.0
INE684F01012,FY23,15.26,14.58,0.41,7.32,5985.93,673.18,3.42
INE684F01012,FY24,13.91,14.03,0.41,7.34,6332.53,816.72,17.09
INE684F01012,FY25,14.51,13.33,0.63,8.42,7972.1,1238.01,49.14
INE684F01012,FY26,15.38,14.12,0.67,9.56,9616.12,1196.09,29.92
INE139R01012,FY23,16.67,5.64,2.92,41.78,1589.99,21.19,0.25
INE139R01012,FY24,17.74,5.79,3.03,45.89,2086.63,30.9,0.0
INE139R01012,FY25,-74.52,-14.07,3.9,-111.41,2128.97,24.55,0.0
INE139R01012,FY26,0.56,-0.76,2.27,1.01,1513.13,24.57,0.0
INE524A01029,FY23,15.21,20.7,0.01,9.21,2949.63,441.35,36.66
INE524A01029,FY24,17.84,23.4,0.07,12.44,3376.5,569.86,48.38
INE524A01029,FY25,20.7,26.7,0.06,17.05,4024.4,665.92,54.61
INE524A01029,FY26,18.42,23.1,0.11,17.55,4635.25,816.39,63.14
INE036B01030,FY23,13.56,16.95,0.09,7.2,4874.2,1128.54,86.99
INE036B01030,FY24,12.49,15.56,0.07,7.54,4899.64,1238.07,202.12
INE036B01030,FY25,8.3,11.07,0.08,5.44,4612.58,1443.96,265.79
INE036B01030,FY26,9.23,11.56,0.13,6.63,5728.6,1626.61,442.57
INE129A01019,FY23,8.65,9.22,0.27,8.52,145324.57,64088.77,17523.08
INE129A01019,FY24,12.86,13.48,0.28,15.06,132858.56,75669.95,24038.4
INE129A01019,FY25,14.65,15.79,0.25,18.93,141901.69,82932.01,28521.59
INE129A01019,FY26,8.51,9.39,0.28,11.53,141597.72,89476.63,24864.09
INE0RE001014,FY23,28.94,22.58,0.72,19.11,157.87,45.0,1.88
INE0RE001014,FY24,21.31,19.3,0.54,17.63,194.38,50.49,4.69
INE0RE001014,FY25,10.46,13.14,0.09,22.56,237.84,75.43,10.69
INE0RE001014,FY26,12.11,13.89,0.13,,303.88,100.55,11.69
INE600K01018,FY23,20.24,22.23,0.17,107.46,4429.0,1076.52,161.19
INE600K01018,FY24,13.83,16.7,0.09,85.03,3764.73,1155.84,190.29
INE600K01018,FY25,12.91,15.18,0.09,86.0,4198.31,1300.72,276.65
INE600K01018,FY26,9.74,11.68,0.09,,5226.65,1351.2,185.79
INE297H01019,FY23,6.33,9.58,0.24,5.84,4034.58,1775.68,317.78
INE297H01019,FY24,9.2,11.57,0.19,9.34,4148.3,1880.68,123.97
INE297H01019,FY25,14.1,18.32,0.13,16.61,4292.73,2028.14,330.75
INE297H01019,FY26,14.6,16.71,0.17,20.07,4418.92,2122.36,349.05
INE717W01049,FY23,25.68,31.76,0.3,23.86,4075.95,311.44,76.06
INE717W01049,FY24,11.99,17.74,0.23,16.27,4110.6,369.66,11.28
INE717W01049,FY25,6.48,10.56,0.25,8.18,3896.93,457.05,9.09
INE717W01049,FY26,10.01,13.08,0.23,13.83,4241.18,525.24,28.95
INE524B01027,FY23,25.99,34.53,0.0,38.95,162.72,44.47,0.27
INE524B01027,FY24,24.95,32.92,0.0,45.74,166.43,43.18,0.47
INE524B01027,FY25,22.08,28.92,0.0,48.28,168.62,43.29,0.27
INE524B01027,FY26,21.64,28.82,0.0,56.26,187.88,41.66,0.06
INE845D01014,FY23,10.89,9.66,0.79,31.82,1163.82,772.61,259.8
INE845D01014,FY24,3.86,7.08,0.38,18.15,1081.24,875.89,105.51
INE845D01014,FY25,8.96,10.17,0.48,39.89,1465.71,1032.16,115.94
INE845D01014,FY26,3.0,5.32,0.39,14.48,1481.66,1106.6,192.58
INE388A01029,FY23,15.43,18.63,0.17,8.57,420.85,298.41,44.3
INE388A01029,FY24,12.27,15.92,0.11,9.07,477.08,358.57,46.29
INE388A01029,FY25,7.07,9.78,0.12,5.29,374.31,373.85,5.83
INE388A01029,FY26,12.0,15.12,0.12,,411.42,419.31,20.82
INE652V01016,FY23,13.27,13.93,0.51,6.71,607.46,176.72,4.63
INE652V01016,FY24,12.19,15.7,0.24,6.68,754.97,169.32,21.36
INE652V01016,FY25,15.62,18.16,0.32,8.77,850.46,176.04,9.65
INE652V01016,FY26,11.44,16.96,0.07,,871.41,189.9,3.57
INE460C01014,FY23,9.02,22.3,0.0,12.0,605.61,229.69,33.91
INE460C01014,FY24,29.72,39.83,0.01,55.25,888.37,369.18,155.39
INE460C01014,FY25,29.08,39.05,0.0,71.72,959.76,571.35,359.82
INE460C01014,FY26,13.57,16.81,0.13,37.93,511.37,748.1,539.5
INE276A01018,FY23,16.94,20.12,0.13,16.75,1293.48,241.64,0.0
INE276A01018,FY24,17.04,20.91,0.1,21.07,1318.26,257.96,0.0
INE276A01018,FY25,18.65,25.14,0.05,23.32,1540.11,273.62,0.0
INE276A01018,FY26,14.67,20.25,0.03,20.01,1528.79,345.8,0.97
INE0JVO01026,FY23,49.38,66.95,0.0,4.38,159.67,19.07,17.14
INE0JVO01026,FY24,30.62,41.68,0.0,3.92,154.18,18.78,17.14
INE0JVO01026,FY25,15.01,20.44,0.0,5.99,225.67,19.0,17.14
INE0JVO01026,FY26,26.97,35.77,0.03,13.17,530.72,4.38,2.21
INE079J01017,FY23,13.5,12.74,0.29,4.8,1418.92,1548.37,14.81
INE079J01017,FY24,13.26,12.65,0.26,5.12,1534.12,1597.91,36.47
INE079J01017,FY25,16.83,14.93,0.32,7.42,1680.56,2159.41,62.52
INE079J01017,FY26,11.15,11.64,0.28,5.12,2211.82,2181.12,29.16
INE0P8B01020,FY23,59.51,54.43,0.51,1.86,44.24,5.55,0.0
INE0P8B01020,FY24,38.23,39.15,0.64,1.42,47.89,7.35,0.0
INE0P8B01020,FY25,41.42,40.08,0.45,2.4,70.72,7.87,0.0
INE0P8B01020,FY26,16.08,20.18,0.16,,104.36,8.68,0.0
INE336H01023,FY23,94.1,-55.34,-2.37,-80.35,1017.21,280.85,9.2
INE336H01023,FY24,-2.67,2.08,-2.36,2.21,679.55,231.75,9.2
INE336H01023,FY25,-8.62,6.57,-2.53,6.62,449.92,191.47,11.84
INE336H01023,FY26,336.5,228.07,0.51,,846.89,83.09,5.82
INE199P01028,FY23,55.51,62.05,0.01,10.68,12.63,4.21,0.0
INE199P01028,FY24,24.97,42.78,0.04,12.75,35.45,23.7,0.0
INE199P01028,FY25,0.67,2.74,0.06,0.57,38.71,24.58,0.0
INE199P01028,FY26,13.59,22.35,0.09,9.82,66.3,23.47,0.0
INE916G01016,FY23,2.07,2.59,0.0,5.56,40.05,19.38,0.0
INE916G01016,FY24,5.77,6.73,0.0,17.81,96.68,29.28,0.0
INE916G01016,FY25,5.99,7.59,0.0,22.36,135.02,25.27,0.0
INE916G01016,FY26,5.04,6.11,0.0,,74.81,20.16,0.0
INE06XZ01023,FY23,24.88,22.68,0.5,8.55,418.61,46.66,10.92
INE06XZ01023,FY24,21.73,21.51,0.49,9.59,446.39,82.64,33.1
INE06XZ01023,FY25,18.8,16.11,0.8,10.22,494.92,182.74,128.39
INE06XZ01023,FY26,0.32,2.93,0.34,0.28,363.08,259.92,6.76
INE727B01026,FY23,4.71,6.22,0.1,3.61,181.13,65.88,7.54
INE727B01026,FY24,4.51,7.49,0.12,3.92,198.24,78.75,3.03
INE727B01026,FY25,10.12,13.5,0.22,9.59,311.03,72.25,5.5
INE727B01026,FY26,4.63,6.73,0.25,,327.81,55.03,1.23
INE955D01029,FY23,2.96,4.87,0.35,1.25,804.9,164.9,9.32
INE955D01029,FY24,5.52,8.09,0.37,3.59,1187.22,214.44,22.57
INE955D01029,FY25,16.67,16.01,0.73,11.2,2442.02,322.51,43.59
INE955D01029,FY26,26.71,20.54,1.04,21.29,4750.92,530.66,64.28
INE007B01023,FY23,13.44,15.17,0.16,3.66,353.97,87.66,1.8
INE007B01023,FY24,17.42,16.99,0.48,5.45,498.25,96.65,1.53
INE007B01023,FY25,14.46,19.41,0.13,6.17,584.1,97.31,1.99
INE007B01023,FY26,6.69,8.95,0.1,2.88,526.38,134.2,11.23
INE017A01032,FY23,25.06,20.33,0.36,180.0,5660.27,8505.42,61.27
INE017A01032,FY24,21.09,19.03,0.25,182.74,5175.62,8424.5,101.96
INE017A01032,FY25,16.44,16.32,0.15,163.87,5286.01,8251.16,19.81
INE017A01032,FY26,17.35,17.46,0.06,205.69,5384.93,9425.74,102.73
INE538A01037,FY23,86.42,92.1,0.0,203.46,2.6,0.01,0.0
INE538A01037,FY24,-0.29,0.04,,-0.69,2.25,0.01,0.0
INE538A01037,FY25,-3.0,0.03,,-6.88,2.25,0.01,0.0
INE538A01037,FY26,1.76,0.03,,4.1,2.65,,0.0
INE539A01019,FY23,28.86,34.69,0.09,120.06,4539.47,1900.07,170.46
INE539A01019,FY24,26.65,31.84,0.07,83.33,3436.18,1915.91,75.14
INE539A01019,FY25,17.89,23.61,0.03,65.34,3176.4,2143.79,300.89
INE539A01019,FY26,13.3,17.9,0.02,50.15,3059.71,2281.93,461.53
INE0PA801013,FY23,,,,0.0,0.0,0.0,0.0
INE0PA801013,FY24,1.81,2.78,0.05,2.62,1045.06,1082.42,17.57
INE0PA801013,FY25,3.89,4.34,0.04,5.86,1151.03,1188.28,163.37
INE0PA801013,FY26,4.68,5.94,0.09,7.36,1307.68,1191.76,1.89
INE289B01019,FY23,12.55,2.68,5.4,39.6,1085.17,25.82,0.0
INE289B01019,FY24,8.28,1.98,4.69,28.11,1031.35,22.82,0.38
INE289B01019,FY25,8.16,1.94,4.45,29.79,1037.26,24.31,0.0
INE289B01019,FY26,7.35,1.45,4.33,28.75,1052.19,68.1,0.0
INE481Y01014,FY23,15.29,17.95,0.0,39.37,48342.19,296.63,0.0
INE481Y01014,FY24,12.1,14.49,0.0,38.11,46549.56,290.41,0.0
INE481Y01014,FY25,12.08,14.92,0.0,42.36,49678.94,291.27,0.0
INE481Y01014,FY26,13.71,,0.0,55.08,53855.08,304.43,0.0
INE322A01010,FY23,35.97,48.61,0.0,109.15,2477.05,422.83,33.36
INE322A01010,FY24,42.39,58.77,0.0,126.35,2633.08,372.85,25.93
INE162A01010,FY23,5.98,7.96,0.16,12.48,1348.57,3049.38,100.64
INE162A01010,FY24,6.01,7.39,0.19,13.12,1340.53,3602.73,624.03
INE162A01010,FY25,6.0,5.49,0.58,13.97,1256.26,6154.55,3326.34
INE162A01010,FY26,10.48,4.78,0.94,,1491.12,8083.09,2065.72
INE1AG301022,FY23,50.73,26.71,2.14,0.5,285.03,5.98,0.0
INE1AG301022,FY24,64.49,45.18,1.12,1.78,411.09,10.74,0.02
INE1AG301022,FY25,63.71,47.45,1.04,6.57,1094.83,26.23,13.0
INE1AG301022,FY26,23.02,28.79,0.23,,1715.28,109.07,0.0
INE0V0W01025,FY23,30.22,26.38,1.06,0.84,85.79,38.32,0.0
INE0V0W01025,FY24,43.49,32.09,1.23,1.23,103.44,37.48,0.0
INE0V0W01025,FY25,24.36,21.84,0.59,1.19,40.24,41.92,0.0
INE0V0W01025,FY26,6.14,8.21,0.12,2.49,82.01,37.78,0.0
INE528A01020,FY23,0.4,0.59,0.0,14.71,20.33,2552.91,1.05
INE528A01020,FY24,0.59,0.81,0.0,23.22,38.77,2560.03,3.47
INE528A01020,FY25,-0.72,-0.36,0.0,-30.95,32.78,661.27,0.07
INE528A01020,FY26,-0.09,0.48,0.0,,32.09,661.36,0.77
INE068V01023,FY23,9.81,13.32,0.0,47.43,3591.86,1799.06,240.18
INE068V01023,FY24,8.85,12.69,0.04,46.89,5641.73,3871.0,278.73
INE068V01023,FY25,7.63,11.62,0.03,42.4,5583.63,3974.99,181.66
INE068V01023,FY26,9.92,14.04,0.03,62.28,6402.9,4473.61,383.76
INE159A01016,FY23,35.07,47.71,0.01,36.05,3226.38,315.12,20.31
INE159A01016,FY24,33.19,45.54,0.01,34.83,3441.77,310.73,13.93
INE159A01016,FY25,47.54,64.31,0.01,54.76,3726.03,283.86,14.32
INE159A01016,FY26,45.69,61.23,0.01,61.15,3807.55,306.44,32.93
INE935A01035,FY23,3.14,4.18,0.49,10.53,11431.94,4221.47,1092.2
INE935A01035,FY24,-19.13,6.09,0.16,-53.22,11635.46,3567.82,449.67
INE935A01035,FY25,11.83,14.19,0.28,37.11,13145.84,3887.85,568.49
INE935A01035,FY26,12.96,19.75,0.06,48.24,16711.4,4317.44,427.87
INE291W01037,FY23,34.59,46.4,0.0,4.44,61.98,12.9,0.1
INE291W01037,FY24,38.02,50.39,0.0,6.64,74.31,12.57,1.02
INE291W01037,FY25,25.63,33.61,0.0,5.54,72.28,15.29,1.96
INE291W01037,FY26,20.17,26.79,0.0,,93.85,17.83,0.0
INE615I01010,FY23,13.78,16.6,0.33,42.4,2107.93,961.04,135.56
INE615I01010,FY24,9.93,8.79,0.34,33.42,2413.16,1061.0,104.9
INE615I01010,FY25,2.35,5.22,0.53,8.05,2537.13,1184.49,169.36
INE615I01010,FY26,8.41,10.95,0.48,1.91,2710.24,1283.14,36.81
INE350Z01018,FY23,5.04,6.36,0.07,49.7,697.96,643.77,217.17
INE350Z01018,FY24,2.19,3.08,0.17,22.25,641.11,799.21,148.62
INE350Z01018,FY25,-1.23,1.65,0.53,-12.2,728.41,998.01,102.72
INE350Z01018,FY26,1.67,5.11,0.88,16.57,1417.89,1142.89,80.92
INE0TQE01026,FY23,194.82,79.01,2.67,,478.27,2.41,0.0
INE0TQE01026,FY24,73.1,82.8,0.19,,497.18,6.83,3.61
INE0TQE01026,FY25,56.98,63.04,0.26,6.08,941.17,16.25,0.0
INE0TQE01026,FY26,13.41,16.12,0.19,,722.59,34.4,10.66
INE075D01018,FY23,14.65,19.31,,43.69,592.77,78.04,25.51
INE075D01018,FY24,18.43,22.08,0.0,66.32,614.59,76.06,25.9
INE075D01018,FY25,13.75,16.15,0.06,56.48,635.87,81.97,31.91
INE075D01018,FY26,14.54,18.49,0.03,68.64,747.11,130.87,88.77
INE131A01031,FY23,20.82,28.5,0.0,37.88,3497.88,1080.77,30.02
INE131A01031,FY24,9.79,13.12,0.0,18.78,2462.88,1169.3,148.61
INE131A01031,FY25,10.6,13.63,0.02,21.38,2850.84,1580.17,581.94
INE131A01031,FY26,13.53,17.25,0.04,30.08,2653.38,1702.51,215.11
INE541A01023,FY23,20.42,18.38,1.21,36.8,3139.64,631.24,13.33
INE541A01023,FY24,18.2,17.52,0.94,39.02,3424.56,658.09,27.36
INE541A01023,FY25,5.18,8.97,0.83,11.78,3174.48,613.39,11.93
INE541A01023,FY26,4.8,8.27,0.86,12.86,3509.2,664.6,19.86
INE776C01039,FY23,22.61,4.84,-42.01,-0.3,5831.81,25993.08,11674.54
INE776C01039,FY24,25.84,6.54,-16.58,-0.93,7548.12,30039.04,2189.03
INE776C01039,FY25,15.69,8.6,-15.26,-0.43,10414.24,31427.84,4098.66
INE776C01039,FY26,-7.08,10.89,-17.45,0.13,14807.41,33394.39,5433.29
INE0CU601026,FY23,-45.12,44.41,-3.13,19.6,5219.19,341.9,47.0
INE0CU601026,FY24,3.53,12.0,-4.75,-1.71,4253.28,8537.19,437.4
INE0CU601026,FY25,241.52,30.89,17.46,20.72,6343.97,7910.35,690.29
INE0CU601026,FY26,31.53,18.08,6.09,,7331.86,7471.31,453.64
INE934S01014,FY23,18.22,20.06,0.28,30.33,1559.57,337.89,32.29
INE934S01014,FY24,12.47,14.29,0.27,23.28,1490.54,364.78,20.42
INE934S01014,FY25,11.9,13.36,0.29,24.94,1512.41,439.04,33.41
INE934S01014,FY26,11.65,13.92,0.22,27.24,1444.45,504.89,45.98
INE113A01013,FY23,16.16,21.24,0.0,94.68,10207.23,3561.45,246.03
INE113A01013,FY24,5.98,7.95,0.0,32.47,7894.7,3514.81,340.35
INE113A01013,FY25,6.96,9.37,0.01,40.61,7892.0,3622.37,623.31
INE113A01013,FY26,8.86,11.74,0.0,54.97,7773.0,3709.0,900.0
INE077F01035,FY23,14.98,13.94,1.25,42.59,911.86,94.52,1.22
INE077F01035,FY24,3.4,7.72,0.84,9.73,600.59,92.37,13.05
INE077F01035,FY25,9.96,9.16,0.71,31.68,18.19,78.69,20.02
INE077F01035,FY26,48.42,12.57,0.0,,9.76,18.18,0.76
INE0BJS01011,FY23,15.91,15.95,0.65,15.33,663.37,402.78,9.84
INE0BJS01011,FY24,13.71,13.92,0.78,15.32,761.54,538.5,12.71
INE0BJS01011,FY25,13.41,14.09,0.73,17.31,848.17,571.84,12.63
INE0BJS01011,FY26,8.57,10.5,0.77,10.97,838.01,591.38,8.35
INE497S01012,FY23,4.01,8.03,1.5,3.84,2014.69,873.82,8.36
INE497S01012,FY24,2.46,7.18,1.31,2.4,1686.67,865.42,16.36
INE497S01012,FY25,-2.99,5.52,0.63,-5.11,1870.25,883.75,22.2
INE497S01012,FY26,0.45,4.07,0.67,,1987.94,994.08,129.34
INE260B01028,FY23,19.46,23.11,0.1,44.27,3530.43,903.67,26.84
INE260B01028,FY24,20.87,25.47,0.08,56.62,3969.02,878.26,35.78
INE260B01028,FY25,20.44,27.35,0.03,68.94,5578.46,772.96,95.3
INE260B01028,FY26,24.56,30.28,0.04,97.84,6352.63,989.51,223.88
INE03JT01014,FY23,1.06,1.7,,0.39,5997.74,160.78,1.4
INE03JT01014,FY24,7.07,7.57,0.14,1.98,8665.58,161.72,2.49
INE03JT01014,FY25,9.21,9.96,0.08,4.62,9714.4,159.85,0.97
INE03JT01014,FY26,11.62,14.06,0.07,5.88,10582.72,156.09,3.37
INE850D01014,FY23,12.92,12.6,0.61,15.71,9300.35,2417.27,219.68
INE850D01014,FY24,14.29,14.73,0.56,18.71,9526.45,2585.92,181.78
INE850D01014,FY25,18.05,18.16,0.59,22.34,9356.15,2573.98,75.24
INE850D01014,FY26,23.27,20.77,0.77,24.57,10203.28,2596.1,204.64
INE102D01028,FY23,12.34,15.01,0.08,16.65,13198.68,1593.47,59.4
INE102D01028,FY24,-4.45,2.82,0.26,-5.48,13974.06,1588.53,142.16
INE102D01028,FY25,15.43,18.63,0.33,18.11,13917.06,1941.21,498.07
INE102D01028,FY26,14.71,17.01,0.35,18.19,15100.09,2506.45,241.11
INE233A01035,FY23,12.21,9.03,2.46,28.95,16708.65,4695.71,889.28
INE233A01035,FY24,0.75,5.45,3.62,1.78,16545.46,5211.26,343.4
INE233A01035,FY25,9.67,8.49,3.75,29.13,19592.87,5393.68,242.7
INE233A01035,FY26,11.1,8.97,4.61,36.83,22098.23,6152.51,537.35
INE484J01027,FY23,6.17,5.54,0.69,20.55,2166.42,825.68,655.45
INE484J01027,FY24,7.26,4.29,1.07,26.08,2921.36,1200.57,249.23
INE484J01027,FY25,8.09,5.73,0.73,49.01,4798.91,1245.97,124.79
INE484J01027,FY26,9.66,7.11,0.83,61.42,5025.61,1720.57,176.52
INE887G01027,FY23,19.52,21.27,0.17,27.2,2066.06,396.61,117.98
INE887G01027,FY24,10.14,8.84,0.62,20.51,2192.74,681.13,132.22
INE887G01027,FY25,7.62,10.1,0.41,21.45,3864.24,843.39,28.32
INE887G01027,FY26,4.63,7.77,0.59,13.11,3987.64,1071.45,116.28
INE314T01033,FY23,20.35,20.76,0.74,9.18,10696.64,586.97,232.93
INE314T01033,FY24,17.27,19.9,0.77,9.2,13778.34,761.42,21.42
INE314T01033,FY25,23.71,32.15,0.53,16.64,19550.75,950.85,134.17
INE314T01033,FY26,26.01,32.79,0.41,12.52,24076.98,977.9,49.08
INE025B01025,FY23,14.42,20.01,0.0,5.86,533.18,42.5,0.0
INE025B01025,FY24,14.4,19.23,0.01,6.34,602.87,44.47,0.0
INE025B01025,FY25,15.82,22.62,0.04,8.23,780.98,58.96,0.0
INE025B01025,FY26,15.42,19.79,0.07,15.11,976.86,89.49,0.0
INE127I01024,FY23,14.16,14.76,0.96,33.31,3047.98,437.67,37.05
INE127I01024,FY24,11.79,15.01,0.55,46.41,3483.85,597.48,75.94
INE127I01024,FY25,12.57,13.74,0.67,50.66,3897.1,1042.91,243.62
INE127I01024,FY26,12.12,13.46,0.75,56.07,4058.1,1322.86,120.95
INE0L9R01028,FY23,38.63,40.75,0.37,9.02,1391.83,245.82,9.81
INE0L9R01028,FY24,25.51,29.74,0.17,7.99,1392.81,239.29,12.74
INE0L9R01028,FY25,4.69,6.45,0.16,1.52,1458.64,270.83,45.91
INE0L9R01028,FY26,15.38,16.81,0.32,,1500.44,381.03,78.26
INE177H01039,FY23,20.32,26.0,0.08,12.23,5745.01,2517.55,483.1
INE177H01039,FY24,20.8,28.1,0.01,14.89,5446.46,2801.23,468.43
INE177H01039,FY25,16.54,22.0,0.06,13.14,5375.73,3188.52,487.0
INE177H01039,FY26,13.79,18.5,0.08,12.58,5380.65,3823.11,469.51
INE517F01014,FY23,13.55,17.6,0.03,6.48,846.25,1453.1,90.83
INE517F01014,FY24,14.78,20.42,0.03,7.07,920.68,1435.8,80.47
INE517F01014,FY25,16.98,23.26,0.03,8.21,986.04,1411.27,84.29
INE517F01014,FY26,21.57,28.71,0.02,,1158.38,1578.14,285.89
INE486R01017,FY23,23.59,26.0,0.5,4.75,358.32,230.82,3.36
INE486R01017,FY24,21.86,29.93,0.14,5.96,398.57,230.18,6.97
INE486R01017,FY25,20.14,25.38,0.14,6.08,405.57,277.19,50.29
INE486R01017,FY26,15.67,17.29,0.34,5.15,472.35,344.21,2.45
INE390G01014,FY23,11.33,13.23,0.91,2.7,803.07,137.45,10.24
INE390G01014,FY24,19.11,21.45,0.64,2.48,1010.57,134.67,6.13
INE390G01014,FY25,15.29,18.04,0.25,6.55,1180.82,171.67,13.8
INE390G01014,FY26,16.14,16.61,0.49,7.7,1281.91,209.93,2.66
INE101D01020,FY23,18.22,18.2,0.4,21.0,4496.34,1990.88,359.52
INE101D01020,FY24,12.57,13.63,0.41,16.72,4490.16,2259.78,403.69
INE101D01020,FY25,13.5,13.94,0.39,20.68,4455.97,2804.03,586.61
INE101D01020,FY26,11.7,12.98,0.3,24.46,5338.92,3626.46,575.04
INE371A01025,FY23,4.02,6.19,0.09,10.19,3160.57,847.5,126.28
INE371A01025,FY24,14.4,17.85,0.03,41.36,2923.73,1024.88,144.99
INE371A01025,FY25,7.88,9.97,0.03,23.65,2483.51,1089.88,65.01
INE371A01025,FY26,2.99,4.32,0.06,8.97,2872.73,1135.4,61.11
INE047A01021,FY23,8.67,8.79,1.31,103.47,116466.65,77325.05,11172.5
INE047A01021,FY24,6.34,6.8,1.55,85.15,129579.0,93570.41,21546.86
INE047A01021,FY25,3.8,4.79,1.91,55.5,147178.27,124738.99,17669.99
INE047A01021,FY26,4.8,5.4,2.2,,173924.53,133801.56,18271.85
INE024L01027,FY23,34.15,27.25,0.59,29.72,2787.18,325.15,51.96
INE024L01027,FY24,28.56,22.6,0.65,34.88,3142.64,392.76,44.4
INE024L01027,FY25,15.09,17.27,0.14,45.11,3868.77,472.34,42.57
INE024L01027,FY26,15.45,14.84,0.3,52.02,4265.27,823.96,47.54
INE224A01026,FY23,4.92,7.71,0.02,3.35,2668.32,291.0,40.27
INE224A01026,FY24,-9.39,-17.35,0.06,-5.83,2585.86,444.65,67.39
INE224A01026,FY25,4.15,5.97,0.06,2.5,2905.69,442.47,38.16
INE224A01026,FY26,7.49,7.72,0.28,4.56,3417.46,487.96,37.06
INE544R01021,FY23,13.43,11.82,0.66,5.15,1973.76,1001.83,510.24
INE544R01021,FY24,12.85,10.48,1.03,5.41,2247.27,1612.15,641.61
INE544R01021,FY25,6.18,7.36,1.06,2.68,2503.87,1774.54,37.64
INE544R01021,FY26,4.77,7.81,0.98,,2986.46,1712.55,14.11
INE08ZM01014,FY23,21.49,25.29,0.19,20.92,1778.55,1048.73,57.46
INE08ZM01014,FY24,10.27,11.82,0.22,11.03,1563.93,1338.87,357.0
INE08ZM01014,FY25,5.21,3.68,0.3,5.88,1393.88,1574.09,16.35
INE08ZM01014,FY26,-2.15,-1.54,0.27,-2.38,1502.25,1445.17,21.27
INE461C01038,FY23,14.2,9.66,1.09,7.37,1658.79,980.48,531.92
INE461C01038,FY24,9.86,12.23,0.79,5.61,2174.62,874.39,28.37
INE461C01038,FY25,11.33,11.68,0.65,7.34,2482.14,896.05,58.38
INE461C01038,FY26,10.01,11.41,0.59,7.18,2737.85,985.6,96.74
INE999K01014,FY23,6.46,8.78,2.08,0.37,258.31,1459.18,8.87
INE999K01014,FY24,4.64,7.63,0.96,0.31,259.48,1394.15,13.98
INE999K01014,FY25,3.61,6.42,0.51,0.33,260.37,1327.36,11.61
INE999K01014,FY26,6.02,7.61,0.45,0.59,292.95,1453.52,101.43
INE536A01023,FY23,20.04,26.58,0.03,32.69,2525.2,614.86,123.53
INE536A01023,FY24,18.67,24.14,0.04,34.65,2668.64,811.11,148.94
INE536A01023,FY25,16.35,21.43,0.04,33.3,2798.95,837.49,45.26
INE536A01023,FY26,16.4,21.71,0.02,37.54,3060.36,850.87,55.67
INE201P01022,FY23,23.21,19.87,0.91,150.42,8179.86,1511.88,75.24
INE201P01022,FY24,17.44,19.9,0.5,136.87,7943.06,1387.94,79.78
INE201P01022,FY25,11.95,13.09,0.59,104.81,6591.43,1238.61,150.74
INE201P01022,FY26,9.63,12.26,0.52,93.3,7485.17,1139.16,114.21
INE192H01020,FY23,22.88,15.38,1.51,3.48,1353.61,37.76,0.05
INE192H01020,FY24,18.08,13.8,1.19,3.32,1287.78,36.23,0.0
INE192H01020,FY25,14.39,12.98,0.86,8.7,1348.19,39.57,0.05
INE192H01020,FY26,12.36,12.74,0.61,,1769.2,39.84,0.0
INE0HOQ01053,FY23,,,,0.74,,,0.0
INE0HOQ01053,FY24,,,,-1.3,,,0.0
INE0HOQ01053,FY25,,,,3.19,3581.74,,0.0
INE0HOQ01053,FY26,21.58,28.81,0.03,3.4,4270.38,88.46,0.0
INE137I01015,FY23,9.46,8.95,0.6,26.15,444.94,113.29,11.02
INE137I01015,FY24,13.58,13.11,0.68,42.44,438.35,159.45,1.05
INE137I01015,FY25,16.02,15.42,0.77,57.57,496.99,208.38,27.33
INE137I01015,FY26,1.81,5.54,1.16,6.04,504.91,231.03,5.79
INE382Z01011,FY23,16.14,18.06,0.22,19.91,2547.84,504.1,4.84
INE382Z01011,FY24,21.35,28.31,0.04,31.19,3588.46,496.6,11.62
INE382Z01011,FY25,25.36,34.16,0.0,46.04,5075.69,520.68,21.23
INE382Z01011,FY26,28.48,38.33,0.01,65.29,7002.16,572.87,15.78
INE291A01017,FY23,8.95,11.55,0.08,71.51,1411.85,1478.58,12.58
INE291A01017,FY24,9.94,13.48,0.01,87.5,1651.82,1455.72,6.52
INE291A01017,FY25,13.96,19.03,0.01,142.57,2109.36,1505.54,64.02
INE291A01017,FY26,12.73,17.01,0.01,145.59,2120.11,1601.08,26.42
INE026A01025,FY23,10.51,12.91,0.0,31.77,5544.95,3112.38,534.6
INE026A01025,FY24,4.43,5.6,0.0,14.16,5614.16,3184.41,638.41
INE026A01025,FY25,4.87,6.31,0.0,14.83,9533.96,3517.86,1018.08
INE026A01025,FY26,5.48,7.12,0.0,16.88,10945.5,3518.4,191.65
INE713R01022,FY23,5.89,8.25,0.89,4.6,1200.36,209.38,45.05
INE713R01022,FY24,16.55,17.66,0.64,13.18,1150.18,227.58,55.77
INE713R01022,FY25,18.54,18.83,0.66,17.94,1287.38,267.41,57.98
INE713R01022,FY26,12.69,15.87,0.34,24.93,1517.11,262.99,47.92
INE221H01019,FY23,40.01,405.46,-0.94,-1.41,1457.86,3190.01,1.12
INE221H01019,FY24,13.4,-10.05,-0.77,-0.52,1372.01,2976.56,0.0
INE221H01019,FY25,14.68,-2.38,-0.62,-0.67,1344.07,2815.72,0.0
INE221H01019,FY26,-14.94,196.49,-1.13,,1371.97,2667.39,0.0
INE869I01013,FY23,10.33,14.09,0.15,10.13,2651.66,1612.07,141.11
INE869I01013,FY24,9.23,11.91,0.25,9.51,3206.58,1817.64,112.57
INE869I01013,FY25,4.11,6.35,0.27,4.26,3477.2,1887.08,125.71
INE869I01013,FY26,1.38,3.42,0.44,1.4,3719.22,2002.98,66.25
INE742B01025,FY23,22.92,16.62,0.96,8.22,679.75,328.48,169.59
INE742B01025,FY24,16.17,15.07,0.63,8.74,769.66,474.17,320.89
INE742B01025,FY25,11.59,12.51,0.56,6.95,819.81,524.69,25.05
INE742B01025,FY26,9.66,11.51,0.61,,944.01,507.0,22.14
INE186A01019,FY23,6.67,10.57,0.1,55.78,4401.86,4884.29,638.1
INE186A01019,FY24,-3.9,-3.9,0.09,-32.25,3702.77,4733.77,118.97
INE186A01019,FY25,-1.15,-0.32,0.14,-8.87,4072.91,4679.57,96.81
INE186A01019,FY26,-0.05,1.46,0.11,-0.33,4358.08,4465.57,122.46
INE844O01030,FY23,21.75,28.8,0.02,22.2,16665.21,7817.81,957.6
INE844O01030,FY24,14.81,19.9,0.02,16.61,15596.85,8123.67,899.56
INE844O01030,FY25,48.47,26.65,0.02,43.92,27614.87,8480.2,823.81
INE844O01030,FY26,10.95,12.42,0.18,0.33,23614.44,13895.99,836.08
INE942C01045,FY23,38.87,51.86,0.0,5.32,148.13,62.1,29.43
INE942C01045,FY24,29.38,38.93,0.01,5.43,169.82,136.64,98.62
INE942C01045,FY25,19.64,23.63,0.12,4.48,150.8,225.54,184.41
INE942C01045,FY26,16.22,14.47,0.56,,165.82,410.02,121.13
INE635Q01029,FY23,19.71,21.12,0.32,47.16,2991.46,278.13,3.4
INE635Q01029,FY24,23.79,26.25,0.28,62.17,3292.61,265.4,10.96
INE635Q01029,FY25,24.62,26.73,0.32,72.42,3631.16,287.59,3.37
INE635Q01029,FY26,22.63,24.71,0.37,73.13,4056.04,322.59,7.46
INE255D01024,FY23,7.86,8.01,0.44,7.24,1161.87,569.55,293.74
INE255D01024,FY24,3.01,4.02,0.6,2.85,1357.89,702.13,183.88
INE255D01024,FY25,4.04,6.23,0.65,3.97,2019.68,719.72,4.01
INE255D01024,FY26,14.91,18.06,0.43,17.18,2312.42,700.67,7.0
INE878A01011,FY23,-189.48,-45.73,1.54,-65.54,1788.15,110.76,0.69
INE878A01011,FY24,-248.99,-33.99,2.36,-25.48,1035.11,101.05,3.55
INE878A01011,FY25,64.11,16.9,0.09,30.2,1045.77,67.04,4.37
INE878A01011,FY26,43.36,58.4,0.03,37.58,1266.27,43.39,3.19
INE200A01026,FY23,-0.14,5.11,0.25,-0.06,2749.03,422.21,9.21
INE200A01026,FY24,14.57,22.68,0.03,7.07,3162.41,404.06,11.06
INE200A01026,FY25,34.31,46.14,0.02,23.76,4292.3,452.01,80.27
INE200A01026,FY26,45.84,61.32,0.01,48.16,6206.31,469.54,65.41
INE066F01020,FY23,24.72,27.86,0.0,87.14,26360.56,6610.64,812.02
INE066F01020,FY24,26.15,35.2,0.0,113.95,28161.9,6959.77,1179.54
INE066F01020,FY25,23.91,31.09,0.0,125.07,30104.69,7323.23,1352.97
INE066F01020,FY26,22.21,29.62,0.0,136.3,31791.74,7555.4,1387.66
INE419U01012,FY23,27.54,24.17,0.64,16.01,1429.29,192.49,1.85
INE419U01012,FY24,16.78,18.92,0.35,16.73,1624.66,194.85,0.09
INE419U01012,FY25,11.73,12.59,0.79,12.26,2060.85,210.53,0.0
INE419U01012,FY26,12.58,12.01,0.88,14.11,2315.11,195.32,0.0
INE330T01021,FY23,21.12,24.19,0.22,22.15,1073.51,802.65,127.36
INE330T01021,FY24,15.07,19.1,0.09,25.79,1243.08,933.4,192.6
INE330T01021,FY25,14.46,17.64,0.12,28.37,1296.4,1130.32,232.4
INE330T01021,FY26,14.17,16.76,0.15,31.92,1422.84,1500.63,404.91
INE626Z01029,FY23,2.49,3.66,0.01,0.14,164.66,0.95,0.0
INE626Z01029,FY24,2.68,4.03,0.02,0.15,152.85,5.14,0.0
INE626Z01029,FY25,2.85,4.23,0.03,0.16,184.6,4.12,0.0
INE626Z01029,FY26,3.25,4.82,0.02,,199.86,4.96,0.0
INE00EV01017,FY23,12.32,10.79,0.79,18.29,643.71,237.67,103.19
INE00EV01017,FY24,12.24,13.13,0.8,18.34,1153.19,379.32,13.14
INE00EV01017,FY25,10.78,13.16,0.7,19.93,1357.05,435.39,11.65
INE00EV01017,FY26,11.71,14.97,0.63,24.45,1666.95,498.93,15.73
INE0JUS01029,FY23,11.5,14.59,0.17,14.59,1364.02,332.88,19.29
INE0JUS01029,FY24,9.48,11.87,0.15,12.24,1381.99,381.06,36.07
INE0JUS01029,FY25,7.12,9.87,0.16,9.81,1399.0,568.42,199.32
INE0JUS01029,FY26,11.07,12.97,0.27,17.05,1616.78,652.48,37.31
INE982F01036,FY23,1.56,2.17,0.0,0.37,1856.66,1427.31,47.81
INE982F01036,FY24,2.32,3.31,0.0,0.56,1970.52,1349.46,27.58
INE982F01036,FY25,2.11,2.88,0.0,0.52,1972.92,1268.32,19.93
INE982F01036,FY26,1.84,2.52,0.0,0.46,2091.24,1141.04,14.19
INE473B01035,FY23,11.51,10.81,1.24,7.54,7228.27,2876.22,274.89
INE473B01035,FY24,17.0,11.96,1.72,12.0,7974.93,3018.79,264.04
INE473B01035,FY25,16.23,13.04,1.5,12.51,8699.76,3424.03,317.0
INE473B01035,FY26,18.32,16.3,0.95,15.99,9959.22,3405.67,58.62
INE176B01034,FY23,16.18,21.62,0.03,17.11,16805.72,2438.97,211.12
INE176B01034,FY24,17.06,22.62,0.04,20.28,18473.31,3029.47,423.21
INE176B01034,FY25,17.69,23.53,0.04,23.48,21600.08,3445.76,193.63
INE176B01034,FY26,17.88,23.11,0.03,26.94,22288.12,4391.29,578.27
INE292B01021,FY23,10.37,13.06,0.09,3.55,1357.64,334.48,25.87
INE292B01021,FY24,23.01,29.97,0.06,10.13,2221.45,367.72,23.1
INE292B01021,FY25,18.68,23.95,0.05,9.96,1967.2,493.1,102.02
INE292B01021,FY26,36.8,47.79,0.03,29.39,3302.83,566.09,127.48
INE549A01026,FY23,3.9,17.35,-7.72,-0.16,7715.08,608.29,63.4
INE549A01026,FY24,-283.81,74.5,-13.19,2.55,6628.21,441.03,63.34
INE549A01026,FY25,12.44,41.72,1.85,0.58,5405.13,192.93,7.36
INE549A01026,FY26,7.78,20.33,0.48,,3663.56,230.81,39.07
INE075I01017,FY23,3.41,7.91,1.05,2.09,1676.05,1371.27,18.18
INE075I01017,FY24,5.83,8.02,1.54,3.41,1889.91,1571.74,83.18
INE075I01017,FY25,4.81,7.66,1.99,3.12,2218.14,1971.2,24.76
INE075I01017,FY26,1.03,6.63,1.3,0.96,2538.43,2059.71,18.56
INE860A01027,FY23,22.71,28.27,0.07,54.79,101456.0,7760.0,52.0
INE860A01027,FY24,23.0,29.07,0.08,57.86,109913.0,7916.0,115.0
INE860A01027,FY25,24.97,31.48,0.09,64.09,117055.0,7590.0,73.0
INE860A01027,FY26,22.14,28.58,0.07,61.36,130144.0,8321.0,72.0
INE756I01012,FY23,17.13,7.05,4.8,23.62,12243.92,353.83,41.25
INE756I01012,FY24,17.91,6.96,5.41,29.66,13946.26,460.95,38.29
INE756I01012,FY25,13.75,6.14,5.67,26.29,16079.63,662.81,39.67
INE756I01012,FY26,12.31,5.72,4.8,30.88,18143.35,630.6,8.26
INE127D01025,FY23,23.3,30.13,0.02,33.35,2166.81,137.59,0.0
INE127D01025,FY24,27.46,35.11,,45.44,2584.37,137.68,0.0
INE127D01025,FY25,30.26,40.53,,57.38,3498.44,182.64,0.0
INE127D01025,FY26,30.97,40.34,,66.5,4122.16,260.88,0.0
INE040A01034,FY23,17.01,,1.08,88.68,120537.5,17755.9,0.0
INE040A01034,FY24,8.96,,1.16,44.16,160496.85,26833.29,0.0
INE040A01034,FY25,8.77,,0.95,44.82,183864.11,31473.53,0.0
INE040A01034,FY26,8.63,,0.81,45.75,192566.78,33980.78,0.0
INE795G01014,FY23,10.53,10.01,0.07,6.41,70246.32,324.4,30.79
INE795G01014,FY24,10.73,10.77,0.06,7.31,95823.27,344.18,27.67
INE795G01014,FY25,11.21,10.57,0.18,8.41,90068.53,554.57,109.17
INE795G01014,FY26,10.77,10.51,0.17,8.86,91606.22,630.67,141.8
INE019J01013,FY23,-9.58,-15.91,0.01,-22.7,1038.19,71.89,3.76
INE019J01013,FY24,1.17,-3.85,0.01,2.79,1356.07,71.96,0.35
INE019J01013,FY25,-13.61,-28.72,0.0,-28.66,1089.53,73.6,10.24
INE019J01013,FY26,0.18,-0.24,0.04,,1307.65,79.37,1.2
INE545A01024,FY23,12.44,14.0,0.17,27.59,2435.32,1827.17,472.01
INE545A01024,FY24,7.04,8.54,0.14,16.15,2379.82,2029.1,221.59
INE545A01024,FY25,2.58,3.9,0.13,5.96,2137.34,2008.39,78.7
INE545A01024,FY26,7.17,7.72,0.17,17.69,2551.77,2038.46,258.13
INE578A01017,FY23,6.79,10.9,0.12,4.38,2209.11,1496.22,6.91
INE578A01017,FY24,11.41,16.1,0.09,7.4,2357.91,1456.67,48.6
INE578A01017,FY25,7.65,11.91,0.05,4.71,2148.88,1459.22,115.2
INE578A01017,FY26,9.77,14.54,0.01,5.91,2329.59,1400.35,10.27
INE0AJG01018,FY23,-1.77,-0.31,0.18,-0.23,2.0,0.03,0.0
INE0AJG01018,FY24,-2.76,-1.4,0.17,-0.34,0.52,0.02,0.0
INE0AJG01018,FY25,-1.89,-0.7,0.15,-0.26,0.91,0.01,0.0
INE0AJG01018,FY26,-2.59,-1.07,0.2,,0.99,0.01,0.0
INE694N01015,FY23,12.88,15.94,0.11,26.08,1311.25,302.11,93.57
INE694N01015,FY24,4.14,6.21,0.2,8.72,1248.57,602.64,157.5
INE694N01015,FY25,0.37,4.11,0.41,0.77,1409.73,738.18,75.83
INE694N01015,FY26,-10.03,-1.57,0.76,-19.1,1594.99,712.28,20.37
INE978A01027,FY23,7.99,9.51,0.23,6.33,3239.06,638.13,24.8
INE978A01027,FY24,13.18,16.33,0.16,11.48,3791.82,719.24,22.42
INE978A01027,FY25,19.37,23.82,0.18,20.29,4132.28,840.91,99.83
INE978A01027,FY26,13.61,14.85,0.33,16.22,4523.14,1200.33,60.86
INE158A01026,FY23,16.87,23.04,0.03,140.49,33737.72,5622.21,245.79
INE158A01026,FY24,21.16,28.22,0.03,187.04,37599.03,5660.94,233.5
INE158A01026,FY25,22.72,30.06,0.04,218.69,40712.48,5645.15,200.58
INE158A01026,FY26,26.57,33.56,0.04,286.72,47048.39,5919.94,346.83
INE782E01017,FY23,9.52,8.18,0.98,31.3,266.09,409.1,150.2
INE782E01017,FY24,6.47,7.66,0.84,22.2,304.55,409.61,170.14
INE782E01017,FY25,8.75,9.08,0.68,32.31,311.1,410.95,178.27
INE782E01017,FY26,15.45,15.0,0.54,65.4,332.6,413.59,2.53
INE0JUI01012,FY23,3.57,5.34,0.33,,278.28,60.98,4.66
INE0JUI01012,FY24,6.94,10.44,0.22,,297.45,67.5,2.56
INE0JUI01012,FY25,12.55,16.35,0.15,,324.63,67.59,3.43
INE750M01017,FY23,-1.14,-2.02,0.26,-4.64,1.06,0.0,0.0
INE750M01017,FY24,2.41,3.03,0.01,16.7,95.04,0.0,0.0
INE750M01017,FY25,-0.56,-0.21,0.0,-4.52,4.56,0.0,0.0
INE750M01017,FY26,-0.19,-0.16,0.0,,5.4,0.0,0.0
INE093A01041,FY23,21.52,25.76,0.08,16.45,10380.3,1031.3,129.5
INE093A01041,FY24,21.96,26.94,0.11,19.37,11974.4,1257.5,221.7
INE093A01041,FY25,21.68,25.4,0.11,22.51,13430.4,1424.9,134.4
INE548A01028,FY23,9.69,12.69,0.3,2.18,4734.78,614.46,110.05
INE548A01028,FY24,8.34,10.74,0.25,2.33,4457.62,721.86,214.2
INE548A01028,FY25,4.35,7.17,0.37,1.23,4064.52,894.54,247.67
INE548A01028,FY26,6.37,9.87,0.39,2.13,4949.27,1026.74,85.01
INE926X01010,FY23,25.66,20.49,0.99,75.68,4466.42,699.97,74.59
INE926X01010,FY24,21.94,23.12,0.62,82.64,5124.61,750.31,15.75
INE926X01010,FY25,17.14,12.87,1.41,77.56,4800.86,2229.04,1350.16
INE926X01010,FY26,10.12,10.59,1.54,50.69,4942.94,3032.86,741.74
INE170I01016,FY23,3.89,3.38,0.12,63.66,4485.74,1246.85,12.91
INE170I01016,FY24,1.78,2.48,0.28,27.52,4587.17,1224.51,8.35
INE170I01016,FY25,1.58,2.99,0.25,26.1,4404.18,1415.78,8.95
INE170I01016,FY26,0.39,1.31,0.24,,4307.36,1370.56,15.65
INE475B01022,FY23,6.92,7.77,0.66,6.36,2004.7,1377.57,429.37
INE475B01022,FY24,5.86,7.42,0.69,5.64,1768.7,1483.0,422.5
INE475B01022,FY25,7.19,9.82,0.61,7.36,1843.5,1477.9,130.7
INE475B01022,FY26,-4.07,-0.86,0.57,,1695.2,1421.6,94.5
INE049A01027,FY23,-4.42,2.79,1.94,-6.51,2468.29,2542.81,40.73
INE049A01027,FY24,7.24,9.34,1.86,11.03,2577.05,2411.98,38.77
INE049A01027,FY25,3.74,7.24,1.26,6.82,5556.39,2070.27,30.49
INE049A01027,FY26,2.89,8.64,1.23,4.93,5030.19,2018.56,19.4
INE038A01020,FY23,10.65,10.86,0.64,45.36,221937.0,89357.0,10377.0
INE038A01020,FY24,9.57,10.95,0.53,45.65,214807.0,99345.0,19190.0
INE038A01020,FY25,12.93,13.68,0.52,71.91,237022.0,114162.0,29474.0
INE038A01020,FY26,9.8,9.24,0.73,60.2,272642.0,145277.0,50696.0
INE310C01029,FY23,2.98,3.54,0.0,18.6,282.01,110.77,0.45
INE310C01029,FY24,3.49,4.32,0.0,23.3,297.16,136.85,0.33
INE310C01029,FY25,3.23,4.13,0.0,23.7,325.08,137.64,4.7
INE310C01029,FY26,2.72,3.57,0.0,21.06,375.01,150.06,0.0
INE531E01026,FY23,14.19,18.01,0.08,3.06,1665.14,2044.7,731.28
INE531E01026,FY24,12.92,16.73,0.1,3.05,1704.57,2330.67,916.9
INE531E01026,FY25,17.48,22.61,0.06,4.81,2070.96,2487.53,766.04
INE531E01026,FY26,27.48,35.84,0.03,9.5,3077.92,2630.71,741.23
INE345A01011,FY23,20.49,17.8,0.38,14.67,558.92,1275.06,66.75
INE345A01011,FY24,19.28,20.53,0.15,17.12,749.13,1281.95,73.32
INE345A01011,FY25,11.14,11.89,0.09,11.13,420.87,1235.89,83.27
INE345A01011,FY26,4.53,5.69,0.04,4.74,263.15,1535.27,87.11
INE094A01015,FY23,-21.64,-7.74,2.19,-32.81,433498.33,92721.0,25415.87
INE094A01015,FY24,34.13,20.17,1.42,75.26,431994.39,98641.28,20269.49
INE094A01015,FY25,13.17,10.02,1.38,31.66,431994.47,103183.63,18416.25
INE094A01015,FY26,27.53,22.04,0.85,84.81,436280.06,107313.37,8331.99
INE030A01027,FY23,20.12,26.12,0.02,43.07,59549.0,8112.0,1163.0
INE030A01027,FY24,20.07,27.06,0.03,43.74,60966.0,9143.0,1112.0
INE030A01027,FY25,21.56,29.01,0.03,45.32,60573.0,9690.0,1065.0
INE030A01027,FY26,30.86,28.32,0.03,64.0,63763.0,9117.0,935.0
INE05AN01011,FY23,9.92,11.75,1.66,7.59,2800.4,960.85,53.01
INE05AN01011,FY24,4.31,10.93,1.75,3.45,2718.68,1024.15,110.72
INE05AN01011,FY25,-8.79,1.79,1.22,-8.78,2485.78,1094.65,224.49
INE05AN01011,FY26,-5.39,3.63,1.31,-4.74,2447.61,1092.32,98.78
INE267A01025,FY23,81.28,61.99,0.94,24.88,33272.0,19946.0,2416.0
INE267A01025,FY24,51.06,46.03,0.6,18.36,28082.0,20091.0,2120.0
INE267A01025,FY25,77.69,58.45,0.87,24.5,33041.0,21397.0,2912.0
INE267A01025,FY26,61.13,61.25,0.39,32.74,39192.0,24069.0,4223.0
INE835D01023,FY23,-5.7,-0.26,0.94,-1.92,357.71,79.75,6.87
INE835D01023,FY24,10.05,11.72,1.08,3.64,517.04,90.89,8.16
INE835D01023,FY25,23.21,19.53,1.03,10.82,654.24,98.26,6.84
INE835D01023,FY26,21.58,15.42,1.17,13.05,997.15,182.1,3.3
INE106T01025,FY23,9.01,11.75,0.65,2.18,2321.63,356.56,70.03
INE106T01025,FY24,7.62,9.92,0.7,2.69,2627.43,454.28,99.92
INE106T01025,FY25,5.8,9.73,0.15,3.98,3067.64,697.61,305.43
INE106T01025,FY26,5.71,9.31,0.2,3.77,4200.07,718.42,102.89
INE120D01012,FY23,11.65,16.69,0.26,16.49,556.54,231.36,10.31
INE120D01012,FY24,8.35,12.88,0.31,12.81,559.89,271.0,21.39
INE120D01012,FY25,3.3,7.21,0.43,5.2,561.43,294.63,14.99
INE120D01012,FY26,5.34,8.95,0.48,,640.4,288.19,11.87
INE127B01011,FY23,6.52,7.19,1.29,12.3,1140.32,429.51,17.9
INE127B01011,FY24,24.51,22.98,0.64,60.73,1083.77,391.62,9.1
INE127B01011,FY25,8.35,12.27,0.42,21.46,906.81,380.5,6.8
INE127B01011,FY26,4.01,6.83,0.35,,888.56,363.8,6.68
INE461D01028,FY23,21.37,20.7,0.77,10.22,923.77,316.77,3.69
INE461D01028,FY24,7.12,11.02,0.93,5.99,961.84,366.7,21.95
INE461D01028,FY25,11.94,13.25,0.83,7.99,1027.53,399.79,5.0
INE461D01028,FY26,9.26,11.96,0.65,7.2,1352.98,433.04,3.74
INE0ECP01024,FY23,25.39,22.59,0.72,2.4,3209.22,364.19,104.02
INE0ECP01024,FY24,14.03,12.14,0.69,2.03,4813.29,367.66,73.64
INE0ECP01024,FY25,11.0,11.26,0.68,1.75,5133.02,353.87,82.49
INE0ECP01024,FY26,17.51,14.09,0.9,,6916.5,320.85,61.39
INE262A01018,FY23,2.86,8.3,-0.87,-3.46,203.81,46.21,4.12
INE262A01018,FY24,-145.59,8.99,-0.59,71.73,163.39,37.35,3.31
INE262A01018,FY25,7.54,8.1,-0.54,-4.02,142.31,32.38,2.1
INE262A01018,FY26,6.49,6.06,-0.51,-3.7,142.65,22.48,2.1
INE871K01015,FY23,-2.58,-2.39,0.07,-5.17,667.73,224.63,38.94
INE871K01015,FY24,0.67,0.32,0.06,1.35,677.74,152.83,4.2
INE871K01015,FY25,5.07,11.28,0.03,10.56,673.1,130.87,1.87
INE871K01015,FY26,3.07,10.19,0.05,6.61,739.64,111.13,0.47
INE254N01026,FY23,18.97,15.68,1.37,6.31,2592.15,690.7,140.09
INE254N01026,FY24,14.4,12.44,1.13,8.23,2745.2,920.07,19.33
INE254N01026,FY25,12.94,13.16,1.01,9.85,3638.71,1164.16,166.65
INE254N01026,FY26,12.79,12.51,0.93,12.34,4251.04,1418.73,150.32
INE481N01025,FY23,12.56,4.74,2.65,25.2,692.9,25.35,0.0
INE481N01025,FY24,14.41,4.57,3.44,33.67,979.55,29.82,0.0
INE481N01025,FY25,15.15,4.41,3.79,42.07,1325.46,44.8,0.09
INE481N01025,FY26,12.4,4.99,2.43,51.59,1656.17,43.78,0.19
INE0J5401028,FY23,-23.57,-19.33,0.15,-4.44,1492.75,96.44,0.43
INE0J5401028,FY24,10.21,12.71,0.12,3.55,1919.9,145.66,1.44
INE0J5401028,FY25,6.16,7.77,0.12,2.23,2066.95,147.11,0.23
INE0J5401028,FY26,14.16,17.48,0.1,,2391.94,135.72,0.0
INE671A01010,FY23,13.74,18.46,0.01,495.4,3431.9,153.3,2.4
INE671A01010,FY24,13.9,18.51,0.02,567.13,4054.8,171.7,1.9
INE671A01010,FY25,12.97,17.21,0.02,592.15,4181.7,204.5,3.2
INE671A01010,FY26,11.76,15.71,0.02,593.81,4678.5,204.5,2.9
INE634A01018,FY23,11.55,15.73,0.0,83.89,1228.08,98.89,9.53
INE634A01018,FY24,11.35,15.28,0.0,90.91,977.98,106.53,11.19
INE634A01018,FY25,9.26,12.52,0.0,78.81,788.78,124.15,18.77
INE634A01018,FY26,8.0,10.67,0.0,63.33,858.93,177.19,48.17
INE495S01016,FY23,3.8,7.94,0.76,4.69,1262.21,460.13,8.72
INE495S01016,FY24,5.26,9.8,0.76,6.78,1460.86,470.91,10.3
INE495S01016,FY25,10.25,13.98,0.7,14.58,1700.24,506.01,7.62
INE495S01016,FY26,9.1,12.4,0.75,,1811.1,654.55,40.98
INE019C01026,FY23,9.47,10.54,0.37,5.13,4171.83,1611.4,96.92
INE019C01026,FY24,13.49,17.3,0.2,9.16,4184.61,1613.95,80.8
INE019C01026,FY25,14.93,20.99,0.08,11.17,4599.22,1739.81,216.11
INE019C01026,FY26,15.96,19.42,0.16,15.02,4657.66,2289.65,432.28
INE501G01024,FY23,-12.63,-4.44,0.48,-9.83,1616.4,554.76,42.18
INE501G01024,FY24,-4.7,-2.48,0.52,-3.48,1656.98,468.17,22.89
INE501G01024,FY25,0.12,7.2,0.43,0.08,1745.84,421.59,15.61
INE501G01024,FY26,-3.35,3.83,0.47,,1803.31,342.5,3.64
INE703H01016,FY23,2.34,3.87,0.74,4.16,291.81,38.71,16.67
INE703H01016,FY24,-6.85,-0.03,0.83,-11.16,210.99,38.3,16.67
INE703H01016,FY25,1.93,7.23,0.33,4.25,408.47,43.02,16.67
INE703H01016,FY26,5.65,8.86,0.46,10.62,643.51,44.74,16.67
INE031A01017,FY23,11.02,,4.07,8.5,2576.71,80.2,18.28
INE031A01017,FY24,12.74,,4.45,10.57,2976.49,69.91,13.93
INE031A01017,FY25,15.08,,5.97,13.53,3597.55,81.77,24.83
INE031A01017,FY26,18.36,,6.45,20.15,3430.8,97.71,38.48
INE275B01026,FY23,10.68,37.75,0.22,16.27,2481.32,555.81,139.82
INE275B01026,FY24,7.37,10.01,0.12,11.65,2450.53,581.19,50.7
INE275B01026,FY25,9.13,12.16,0.11,15.65,2389.04,578.29,39.22
INE0V6F01027,FY23,23.48,30.54,0.06,57.96,59102.79,7245.35,1421.95
INE0V6F01027,FY24,56.82,73.03,0.08,74.58,68589.79,8087.48,755.58
INE0V6F01027,FY25,34.61,45.01,0.05,69.41,67942.38,11883.68,4973.67
INE0V6F01027,FY26,27.14,34.81,0.05,66.85,69391.16,13919.99,978.26
INE126M01010,FY23,-42.52,-1967.09,-0.96,9.44,0.11,0.81,0.0
INE126M01010,FY24,9.24,-252.19,-1.04,-2.15,0.02,0.13,0.0
INE126M01010,FY25,94.02,1164.38,-0.95,-1.24,168.05,0.06,0.0
INE126M01010,FY26,8.88,6.28,0.15,1.26,403.09,100.35,0.0
INE520Y01019,FY23,25.64,33.66,0.06,13.19,312.11,30.96,0.14
INE520Y01019,FY24,25.2,28.04,0.26,16.64,378.25,66.33,17.61
INE520Y01019,FY25,18.63,16.74,0.69,14.65,479.52,140.14,8.7
INE520Y01019,FY26,9.17,9.95,1.19,,668.2,163.97,25.28
INE346A01027,FY23,65.53,87.42,0.0,30.67,2689.18,137.14,4.87
INE346A01027,FY24,71.1,94.15,0.0,41.47,3375.9,175.03,3.17
INE346A01027,FY25,75.37,100.99,0.0,53.6,4682.78,552.9,284.14
INE346A01027,FY26,79.07,106.08,0.0,66.7,5764.63,596.32,6.39
INE090A01021,FY23,15.87,,0.86,47.84,135581.16,11870.0,901.0
INE090A01021,FY24,17.28,,0.78,61.96,161210.2,14123.43,883.16
INE090A01021,FY25,16.26,,0.65,71.14,204715.26,16885.7,1073.27
INE090A01021,FY26,14.93,,0.57,74.77,223407.12,18195.21,774.87
INE765G01017,FY23,16.56,20.93,0.0,35.16,18570.45,505.5,25.3
INE765G01017,FY24,15.72,21.64,0.0,38.78,21768.14,660.48,93.99
INE765G01017,FY25,17.32,23.63,,50.25,24900.58,653.9,74.02
INE765G01017,FY26,16.66,22.54,,55.24,28140.82,661.49,87.95
INE726G01019,FY23,8.06,8.98,0.12,5.65,48683.54,527.2,117.21
INE726G01019,FY24,7.73,8.55,0.11,5.89,89136.38,633.03,49.48
INE726G01019,FY25,9.93,10.16,0.22,8.16,69886.07,746.63,36.07
INE726G01019,FY26,11.8,12.48,0.19,11.05,62206.48,611.49,43.43
INE483B01026,FY23,15.44,15.43,0.49,13.97,2782.16,1267.41,170.8
INE483B01026,FY24,16.18,16.92,0.46,17.06,3271.45,1360.52,27.71
INE483B01026,FY25,10.98,12.2,0.64,12.62,3816.82,1684.48,62.0
INE483B01026,FY26,5.38,7.97,0.57,,3872.27,1766.96,4.49
INE725G01011,FY23,14.23,18.96,0.01,140.59,400.6,39.91,0.0
INE725G01011,FY24,15.47,21.26,0.01,156.99,444.23,40.64,0.16
INE725G01011,FY25,16.14,22.39,0.01,176.5,497.0,40.44,0.0
INE725G01011,FY26,15.37,21.25,0.02,188.32,598.21,45.96,0.04
INE008A01015,FY23,8.0,,0.22,3.45,14998.11,9780.4,477.4
INE008A01015,FY24,11.33,,0.29,5.38,17219.08,9542.3,107.72
INE008A01015,FY25,12.38,,0.32,7.1,17993.73,12200.02,80.34
INE008A01015,FY26,13.43,,0.34,8.57,18845.09,9775.47,90.48
INE669E01016,FY23,39.4,-3.98,-3.2,-8.43,42142.6,60127.5,306.4
INE669E01016,FY24,29.99,-3.49,-2.34,-6.41,42572.7,52819.2,643.2
INE669E01016,FY25,38.94,-1.87,-3.32,-4.01,43456.0,58914.0,2718.0
INE669E01016,FY26,-96.63,35.77,-5.38,3.21,44789.0,65778.0,1538.0
INE349Y01013,FY23,9.85,10.7,0.31,7.68,168.58,27.15,3.41
INE349Y01013,FY24,6.85,9.58,0.02,10.77,301.37,35.03,6.86
INE349Y01013,FY25,-10.23,-9.85,0.03,-14.41,161.15,50.07,5.25
INE349Y01013,FY26,-2.84,-2.35,0.14,-3.9,226.11,43.81,0.17
INE092T01019,FY23,9.61,,2.21,3.92,17192.78,2133.06,218.58
INE092T01019,FY24,9.12,,1.36,4.23,22479.69,2674.56,94.52
INE092T01019,FY25,3.91,,0.87,2.03,26270.5,2736.16,73.62
INE092T01019,FY26,3.4,,0.77,1.88,29089.34,2626.07,0.0
INE022Q01020,FY23,38.28,49.72,0.02,3.42,400.6,25.19,2.47
INE022Q01020,FY24,36.08,47.73,0.01,3.94,448.83,20.19,0.0
INE022Q01020,FY25,37.77,49.64,0.01,4.83,537.26,15.25,0.0
INE022Q01020,FY26,36.12,47.09,0.01,5.54,615.65,29.01,0.0
INE076C01018,FY23,8.96,12.29,0.04,52.45,1228.42,139.45,7.98
INE076C01018,FY24,-1.46,-2.37,0.02,-8.62,920.86,154.11,6.36
INE076C01018,FY25,3.67,6.02,0.01,23.85,1042.96,158.49,17.33
INE076C01018,FY26,8.39,11.42,0.11,60.3,1386.3,254.96,9.3
INE559A01017,FY23,2.24,5.99,0.53,3.69,4093.69,665.39,12.34
INE559A01017,FY24,7.02,11.36,0.23,12.43,4327.17,600.31,13.3
INE559A01017,FY25,14.12,17.09,0.3,29.35,4965.78,680.97,23.96
INE559A01017,FY26,14.43,18.52,0.16,,5488.65,702.75,42.1
INE039A01010,FY23,-5.52,,1.6,-0.95,974.97,968.14,5.49
INE039A01010,FY24,2.29,,1.18,0.42,1445.3,949.01,12.53
INE039A01010,FY25,1.97,,0.43,0.65,1421.14,911.54,22.5
INE039A01010,FY26,2.02,,0.39,0.69,1607.65,737.29,0.0
INE133Y01011,FY23,7.88,9.49,0.16,10.99,1372.19,334.97,52.91
INE133Y01011,FY24,7.62,8.74,0.16,11.33,1630.98,436.24,110.45
INE133Y01011,FY25,3.88,5.55,0.19,5.97,1642.11,471.0,46.49
INE133Y01011,FY26,2.95,4.41,0.18,,1886.88,501.13,49.59
INE188B01013,FY23,1.19,3.02,0.27,1.66,635.94,381.89,10.14
INE188B01013,FY24,2.14,4.12,0.31,3.04,706.39,396.27,35.66
INE188B01013,FY25,5.19,6.96,0.33,7.68,817.57,429.0,42.69
INE188B01013,FY26,2.6,3.99,0.31,3.86,842.97,456.63,50.38
INE0Q9301021,FY23,-54.74,-102.65,-0.25,7.66,888.01,308.4,31.82
INE0Q9301021,FY24,40.21,49.15,0.14,10.28,1042.16,324.55,48.49
INE0Q9301021,FY25,30.31,38.24,0.1,10.28,1053.16,349.4,58.75
INE203G01027,FY23,20.67,26.59,0.01,11.71,14086.5,7230.56,1510.02
INE203G01027,FY24,20.61,26.24,0.01,14.18,13946.62,8147.89,1557.56
INE203G01027,FY25,16.18,20.48,0.01,12.27,14912.62,8854.68,1672.4
INE203G01027,FY26,13.47,17.24,0.01,,16167.59,9563.42,1517.96
INE204A01010,FY23,16.2,19.63,0.21,64.95,2349.38,1075.53,361.06
INE204A01010,FY24,3.17,5.19,0.29,12.83,2094.33,1200.05,172.88
INE204A01010,FY25,8.12,11.15,0.2,35.29,2201.39,1261.22,247.87
INE204A01010,FY26,0.17,3.04,0.27,0.72,1919.5,1144.02,188.2
INE530B01024,FY23,16.68,,4.45,38.05,5205.14,589.95,27.22
INE530B01024,FY24,16.58,,4.43,45.71,6269.9,656.48,51.9
INE530B01024,FY25,3.05,,4.15,8.73,5763.18,630.66,22.43
INE530B01024,FY26,11.93,,5.0,38.75,7627.49,641.59,5.79
INE489L01022,FY23,18.53,20.85,0.38,8.16,1149.59,290.73,0.45
INE489L01022,FY24,28.68,26.36,0.67,16.4,1832.45,297.24,0.0
INE489L01022,FY25,28.41,31.15,0.41,21.89,1985.81,305.06,1.69
INE489L01022,FY26,18.31,19.77,0.59,17.07,1982.44,210.88,1.23
INE0LOJ01019,FY23,35.2,26.5,0.86,6.47,358.76,92.36,27.95
INE0LOJ01019,FY24,10.96,14.27,0.13,8.09,437.95,182.98,77.83
INE0LOJ01019,FY25,5.51,7.45,0.09,4.19,485.88,246.11,46.42
INE0LOJ01019,FY26,6.28,8.45,0.12,4.87,595.29,299.72,101.76
INE115Q01022,FY23,36.83,41.4,0.06,17.79,1031.3,57.65,0.0
INE115Q01022,FY24,32.0,20.28,1.13,21.59,1816.91,157.71,1.46
INE115Q01022,FY25,27.16,26.31,0.48,28.62,2663.99,129.71,5.65
INE115Q01022,FY26,25.77,27.45,0.27,42.26,3193.79,146.49,0.0
INE172N01012,FY23,151.87,20.46,3.43,9.8,238.53,800.29,15.75
INE172N01012,FY24,73.16,50.45,0.46,10.75,241.83,812.78,123.23
INE172N01012,FY25,6.16,6.61,0.13,1.43,410.22,1440.38,37.82
INE172N01012,FY26,0.05,1.77,0.27,0.01,373.85,1386.69,3.95
INE919H01018,FY23,12.03,15.82,0.18,41.75,2639.39,1023.8,64.25
INE919H01018,FY24,16.32,23.28,0.11,63.68,2743.35,1040.32,65.59
INE919H01018,FY25,16.13,19.63,0.17,70.19,2534.63,1092.16,74.39
INE919H01018,FY26,15.61,15.81,0.35,78.64,2793.99,2405.71,867.01
INE547E01014,FY23,5.49,6.85,0.0,60.21,725.92,16.73,0.0
INE547E01014,FY24,3.57,4.4,0.0,59.23,738.17,17.13,0.0
INE547E01014,FY25,3.73,4.67,0.0,67.05,785.71,16.95,0.0
INE547E01014,FY26,4.18,4.96,0.0,77.36,833.2,21.54,0.0
INE065X01017,FY23,25.02,25.17,0.47,11.12,2306.1,151.78,6.16
INE065X01017,FY24,23.56,26.31,0.34,14.09,2589.6,120.7,0.0
INE065X01017,FY25,15.55,20.56,0.04,17.02,2839.3,138.5,3.6
INE065X01017,FY26,12.78,16.48,0.05,16.62,3510.5,205.8,11.8
INE053A01029,FY23,12.56,13.72,0.39,7.06,5582.05,7983.49,368.2
INE053A01029,FY24,13.31,15.46,0.29,8.86,6504.21,8387.61,277.57
INE053A01029,FY25,17.09,19.56,0.28,13.4,8041.18,10256.15,623.69
INE053A01029,FY26,15.97,19.81,0.22,14.64,9306.68,11206.55,826.03
INE383A01012,FY23,-2.2,-1.92,0.51,-4.04,5600.05,7374.81,671.53
INE383A01012,FY24,-4.08,-0.51,0.47,-7.32,4997.85,7247.98,471.01
INE383A01012,FY25,-1.41,0.7,0.11,-4.64,4132.34,11802.09,225.11
INE383A01012,FY26,-0.66,0.3,0.13,-2.17,4454.42,11582.84,401.22
INE560A01023,FY23,6.58,8.3,0.58,22.78,2577.02,2837.79,130.42
INE560A01023,FY24,8.43,9.66,0.66,27.94,3293.97,3284.25,87.48
INE560A01023,FY25,10.24,11.01,0.84,37.29,3768.26,3927.87,101.93
INE560A01023,FY26,9.98,11.77,0.58,,4211.41,4587.99,36.7
INE933S01016,FY23,13.79,18.03,0.02,46.32,985.4,54.27,0.18
INE933S01016,FY24,19.24,26.07,0.02,55.04,1196.78,48.83,0.82
INE933S01016,FY25,25.2,32.15,0.02,91.59,1388.34,33.3,0.14
INE933S01016,FY26,19.78,26.86,0.01,78.77,1569.04,21.58,0.14
INE562A01011,FY23,11.26,,0.45,44.74,28072.2,7480.67,10.28
INE562A01011,FY24,13.97,,0.38,66.03,31892.83,7539.9,17.26
INE562A01011,FY25,15.75,,0.47,83.61,35222.93,8857.33,31.06
INE562A01011,FY26,14.62,,0.46,86.89,37793.78,8676.81,35.05
INE323C01030,FY23,8.01,10.08,0.91,11.5,1540.65,107.85,0.21
INE323C01030,FY24,9.36,12.16,0.62,15.0,1382.88,110.79,1.59
INE323C01030,FY25,40.54,39.32,0.33,105.93,1487.78,148.38,1.35
INE323C01030,FY26,9.51,12.11,0.28,,1301.79,142.3,1.29
INE922K01024,FY23,12.52,4.81,2.41,14.51,496.63,23.83,0.0
INE922K01024,FY24,10.77,5.62,1.49,25.18,681.96,29.53,0.0
INE922K01024,FY25,13.95,6.42,1.83,33.93,999.29,28.28,0.0
INE922K01024,FY26,15.73,6.95,1.95,44.96,1300.39,27.0,0.0
INE646L01027,FY23,4.9,7.29,-7.18,-7.93,53607.67,27820.24,172.58
INE646L01027,FY24,409.34,22.93,25.68,211.61,67386.8,36404.5,299.3
INE646L01027,FY25,77.48,16.64,7.13,187.67,77618.6,52185.9,434.1
INE646L01027,FY26,-34.31,4.64,11.15,-61.88,82708.9,64722.2,1581.1
INE09VQ01012,FY23,17.0,19.96,0.02,27.67,1068.33,486.98,253.15
INE09VQ01012,FY24,16.33,21.73,0.02,30.87,1300.38,566.26,36.45
INE09VQ01012,FY25,13.76,18.29,0.03,29.68,1340.67,657.57,148.57
INE09VQ01012,FY26,12.57,17.14,0.02,,1405.02,754.3,220.19
INE06ST01018,FY23,64.3,-1.56,-9.5,-9.43,579.74,2568.18,25.82
INE06ST01018,FY24,-261.43,-4.13,23.34,-16.26,830.57,3159.28,77.28
INE06ST01018,FY25,4487.85,4.11,-1313.98,-6.65,1059.29,4070.12,122.85
INE06ST01018,FY26,-20.66,5.3,10.12,-5.28,1450.81,5327.62,118.94
INE092B01025,FY23,8.61,10.78,0.01,21.32,646.21,145.65,12.8
INE092B01025,FY24,9.51,12.15,0.0,26.21,716.7,154.79,12.74
INE092B01025,FY25,11.57,14.47,0.0,36.37,831.94,157.87,4.18
INE092B01025,FY26,13.54,17.77,0.0,49.14,1052.92,182.74,9.94
INE760F01028,FY23,18.14,15.67,1.03,5.78,941.24,207.76,20.5
INE760F01028,FY24,16.15,16.32,0.82,5.92,943.46,215.8,22.58
INE760F01028,FY25,17.6,16.49,0.9,7.7,1078.68,285.75,35.09
INE760F01028,FY26,20.22,18.46,0.79,10.79,1159.66,343.32,31.3
INE803D01021,FY23,19.88,27.07,0.0,15.8,225.08,17.58,1.18
INE803D01021,FY24,13.28,17.8,0.0,12.15,191.3,19.87,1.13
INE803D01021,FY25,12.67,17.54,0.0,13.25,175.26,22.23,1.13
INE803D01021,FY26,13.0,17.16,0.0,15.67,215.45,10.22,1.13
INE873D01024,FY23,13.83,15.91,0.32,15.42,1640.05,706.3,94.11
INE873D01024,FY24,8.87,9.58,0.61,10.67,1788.22,979.28,191.07
INE873D01024,FY25,-7.22,-0.4,0.97,-8.46,1641.29,1213.07,364.01
INE873D01024,FY26,-10.13,0.78,1.16,-10.7,1792.94,1082.19,28.29
INE622H01018,FY23,5.29,8.36,0.97,3.2,370.23,211.72,11.34
INE622H01018,FY24,4.86,8.56,0.86,3.21,374.69,201.85,5.15
INE622H01018,FY25,4.43,7.11,0.33,5.7,387.19,216.85,10.03
INE622H01018,FY26,4.44,7.42,0.27,,440.02,231.46,29.45
INE084101034,FY23,23.14,23.07,0.49,,266.53,159.63,22.86
INE084101034,FY24,13.84,15.61,0.62,,284.05,178.77,18.13
INE084101034,FY25,19.27,18.65,0.65,,327.85,186.71,19.23
INE084101034,FY26,18.92,20.26,0.49,,414.11,221.36,15.68
INE156A01020,FY23,-4.29,1.7,1.55,-0.94,3907.31,1120.97,338.22
INE156A01020,FY24,-55.27,-4.93,3.64,-7.79,3696.1,1329.56,112.51
INE156A01020,FY25,0.38,10.54,3.09,0.05,4258.93,1301.76,38.12
INE156A01020,FY26,28.93,16.91,2.2,5.75,4910.06,1274.16,42.03
INE896L01010,FY23,7.24,3.53,1.82,16.55,1085.73,53.53,0.0
INE896L01010,FY24,3.58,3.05,2.34,8.51,925.58,68.01,0.0
INE896L01010,FY25,3.32,0.92,1.9,8.57,1316.43,59.55,0.0
INE896L01010,FY26,3.71,2.54,1.45,9.72,1362.68,49.74,0.0
INE332H01014,FY23,15.04,15.09,0.07,24.2,367.7,46.72,2.63
INE332H01014,FY24,21.58,27.03,0.02,44.12,497.91,49.49,1.11
INE332H01014,FY25,22.75,30.49,0.03,60.15,611.78,60.97,11.76
INE332H01014,FY26,24.82,33.23,0.01,87.36,782.08,85.33,11.92
INE337M01021,FY23,-11.08,-14.2,0.05,-0.65,5.58,2.22,0.0
INE337M01021,FY24,21.89,25.77,0.08,1.6,23.97,2.35,0.0
INE337M01021,FY25,4.4,6.32,0.02,0.75,10.47,2.14,0.0
INE337M01021,FY26,23.31,27.88,0.08,5.27,11.04,3.3,0.0
INE681B01017,FY23,22.7,30.8,0.01,9.4,1064.95,281.3,7.21
INE681B01017,FY24,25.95,32.67,0.07,13.52,1204.06,348.86,2.97
INE681B01017,FY25,26.98,35.36,0.05,17.56,1356.36,360.64,33.17
INE681B01017,FY26,24.8,32.43,0.05,20.03,1482.51,367.27,2.79
INE915B01019,FY23,6.98,11.2,1.26,-4.28,1207.31,593.7,8.66
INE915B01019,FY24,66.34,67.65,0.27,91.18,1709.15,230.86,66.47
INE915B01019,FY25,21.35,21.48,0.03,35.21,574.24,265.67,20.15
INE915B01019,FY26,2.99,3.59,0.01,,641.29,286.52,10.2
INE095A01012,FY23,13.53,,0.89,95.89,25467.68,2078.93,135.43
INE095A01012,FY24,14.2,,0.75,115.33,29465.38,2324.02,196.95
INE095A01012,FY25,3.97,,0.83,33.05,26496.85,2496.36,187.62
INE095A01012,FY26,1.35,,0.65,11.41,25128.2,2545.91,126.39
INE121J01017,FY23,9.66,10.99,0.91,7.57,28381.8,32727.3,366.8
INE121J01017,FY24,22.32,20.88,0.76,22.4,28600.6,39727.8,440.8
INE121J01017,FY25,30.56,27.93,0.65,37.31,30122.8,44918.8,576.9
INE121J01017,FY26,18.02,18.86,0.53,27.09,32493.1,50115.0,649.1
INE344S01016,FY23,13.24,17.67,0.13,3.68,385.32,47.42,0.0
INE344S01016,FY24,7.6,11.45,0.08,2.3,368.52,34.23,0.0
INE344S01016,FY25,11.43,15.7,0.06,3.88,394.78,27.3,0.0
INE344S01016,FY26,20.95,26.56,0.04,8.91,513.57,27.02,0.8
INE009A01021,FY23,32.5,40.86,0.11,0.71,1821.2,251.6,5.5
INE009A01021,FY24,29.99,38.08,0.09,0.76,1856.2,232.3,5.4
INE009A01021,FY25,28.18,36.95,0.09,0.76,1927.7,223.5,11.9
INE009A01021,FY26,33.85,42.34,0.1,0.8,2015.8,205.7,7.2
INE177A01018,FY23,31.6,42.69,0.01,57.86,1130.78,114.23,4.0
INE177A01018,FY24,38.32,51.18,0.01,70.45,1179.66,153.69,14.08
INE177A01018,FY25,43.9,58.35,0.02,84.74,1318.04,196.56,59.49
INE177A01018,FY26,41.58,55.2,0.01,81.1,1372.24,267.76,49.59
INE0DUT01020,FY23,24.58,21.56,0.86,11.87,925.4,186.95,21.54
INE0DUT01020,FY24,11.35,14.01,0.29,18.66,1076.96,699.9,359.61
INE0DUT01020,FY25,13.37,13.35,0.35,22.41,1234.42,838.35,25.92
INE0DUT01020,FY26,12.92,14.29,0.32,24.63,1603.91,851.32,27.98
INE403Y01018,FY23,24.19,27.42,0.11,26.17,79.19,28.57,1.86
INE403Y01018,FY24,25.08,29.4,0.14,20.13,100.81,32.05,2.35
INE403Y01018,FY25,21.48,23.79,0.22,21.81,103.48,61.44,3.51
INE403Y01018,FY26,14.0,14.67,0.21,,132.31,73.72,5.4
INE0ADB01012,FY23,22.06,19.09,0.85,3.73,255.56,3.14,0.0
INE0ADB01012,FY24,19.78,16.22,0.93,4.36,510.33,7.9,0.0
INE0ADB01012,FY25,35.82,30.43,0.97,12.38,893.13,6.8,0.0
INE0ADB01012,FY26,12.55,14.04,0.43,,980.78,7.58,0.0
INE510W01014,FY23,-5.62,1.67,0.55,-2.54,197.58,1100.45,15.34
INE510W01014,FY24,2.07,3.47,0.13,0.85,192.35,754.48,9.43
INE510W01014,FY25,1.01,3.14,0.09,0.57,220.19,703.71,9.47
INE510W01014,FY26,6.0,9.28,0.05,2.73,281.01,10.87,5.86
INE616N01034,FY23,28.16,37.33,0.02,17.05,938.57,171.61,7.99
INE616N01034,FY24,30.2,39.25,0.02,21.53,1106.03,253.69,9.04
INE616N01034,FY25,25.87,33.09,0.05,24.83,1279.83,359.72,10.2
INE616N01034,FY26,23.08,29.13,0.07,28.33,1551.82,427.39,7.95
INE066P01011,FY23,-38.93,-10.01,1.41,-5.04,730.78,1755.48,186.09
INE066P01011,FY24,-1.27,2.89,0.74,-0.28,1659.45,1923.76,352.74
INE066P01011,FY25,8.86,10.78,0.3,2.77,3557.15,2387.97,341.5
INE066P01011,FY26,6.35,10.78,0.25,2.65,4397.12,2802.63,247.3
INE070I01018,FY23,6.88,8.8,0.18,21.36,1797.3,401.59,146.81
INE070I01018,FY24,10.09,12.84,0.09,34.49,1956.38,416.77,141.04
INE070I01018,FY25,13.09,16.62,0.1,48.38,1994.33,430.63,160.39
INE070I01018,FY26,11.42,14.68,0.13,47.91,2136.62,494.9,136.44
INE306R01017,FY23,12.99,17.58,0.01,19.23,2231.25,186.31,4.59
INE306R01017,FY24,13.17,18.68,0.02,22.85,2506.44,206.95,0.98
INE306R01017,FY25,11.95,15.67,0.03,23.6,2500.0,242.62,1.88
INE306R01017,FY26,10.9,14.01,0.05,24.31,3038.18,343.57,14.97
INE00M901018,FY23,20.4,26.42,0.04,56.52,1106.57,160.62,3.13
INE00M901018,FY24,19.4,25.48,0.03,59.85,1276.08,177.39,14.49
INE00M901018,FY25,14.35,18.82,0.03,68.03,1453.83,243.42,28.71
INE00M901018,FY26,15.27,20.84,0.02,79.86,1898.0,340.48,56.49
INE565A01014,FY23,8.46,,0.84,1.15,12375.55,3710.74,0.09
INE565A01014,FY24,9.67,,0.85,1.4,15502.26,3740.19,14.48
INE565A01014,FY25,10.53,,1.25,1.76,16504.04,4654.82,74.24
INE565A01014,FY26,14.65,,1.4,2.7,18418.43,5074.54,67.35
INE242A01010,FY23,7.01,7.51,1.07,7.11,827547.33,225716.0,49183.95
INE242A01010,FY24,22.75,20.53,0.72,30.3,772842.06,251791.55,59632.03
INE242A01010,FY25,7.29,7.53,0.82,9.87,754567.94,273870.93,76708.9
INE242A01010,FY26,19.18,18.57,0.6,30.57,773992.8,289575.39,85102.52
INE485C01029,FY23,9.23,12.56,0.05,4.74,2201.69,835.39,84.23
INE485C01029,FY24,8.34,11.71,0.02,4.58,2118.96,1036.51,114.95
INE485C01029,FY25,5.99,8.46,0.07,3.44,2079.21,1182.7,24.33
INE485C01029,FY26,7.65,10.29,0.08,4.69,2319.06,1262.4,93.61
INE570A01022,FY23,23.6,29.84,0.07,16.6,1978.6,248.39,43.39
INE570A01022,FY24,19.26,23.85,0.15,16.53,2337.87,422.74,82.63
INE570A01022,FY25,17.2,19.53,0.27,17.53,2737.11,728.91,361.55
INE570A01022,FY26,10.65,12.02,0.36,12.03,2914.84,904.39,174.7
INE571A01038,FY23,8.07,10.79,0.25,18.58,6206.85,2731.63,159.22
INE571A01038,FY24,8.64,12.61,0.23,21.57,7622.41,4696.04,356.53
INE571A01038,FY25,10.62,14.62,0.2,29.08,8854.6,4762.62,693.71
INE571A01038,FY26,14.15,18.58,0.1,,9562.54,5270.89,830.3
INE0D6701023,FY23,18.53,25.08,0.02,12.44,881.85,281.76,33.63
INE0D6701023,FY24,7.29,10.08,0.03,5.24,678.55,344.06,65.4
INE0D6701023,FY25,9.14,12.13,0.07,7.14,828.61,385.95,58.73
INE0D6701023,FY26,11.86,15.46,0.11,10.4,1057.42,454.79,68.02
INE821I01022,FY23,5.38,8.37,1.25,0.6,6324.64,950.29,7.79
INE821I01022,FY24,4.41,8.33,1.36,0.5,7362.45,922.88,8.55
INE821I01022,FY25,32.69,21.41,1.04,5.37,7062.0,986.73,1.23
INE821I01022,FY26,4.06,7.33,0.96,0.7,6329.83,946.08,4.01
INE962Y01021,FY23,14.68,17.67,0.29,8.14,10347.28,255.36,49.96
INE962Y01021,FY24,15.83,17.87,0.44,9.88,12301.1,1079.92,864.32
INE962Y01021,FY25,11.5,10.89,0.68,7.73,10759.58,2204.45,1201.71
INE962Y01021,FY26,8.97,9.03,0.86,,9071.05,2749.48,594.51
INE335Y01020,FY23,40.59,53.47,0.03,12.57,3540.76,571.28,249.66
INE335Y01020,FY24,34.4,46.04,0.02,13.89,4259.8,770.23,456.89
INE335Y01020,FY25,35.89,47.27,0.02,16.44,4674.77,851.69,65.85
INE335Y01020,FY26,32.34,43.14,0.02,17.42,5214.86,824.19,41.66
INE202E01016,FY23,14.57,4.42,6.77,3.22,3342.87,367.96,139.26
INE202E01016,FY24,14.63,4.84,5.8,5.16,4838.1,356.26,0.0
INE202E01016,FY25,16.54,3.14,6.31,6.32,6672.01,343.27,0.0
INE202E01016,FY26,13.59,3.51,5.41,6.73,8239.29,316.01,0.0
INE053F01010,FY23,13.8,2.43,9.38,4.72,23650.7,17.93,0.0
INE053F01010,FY24,13.04,2.63,8.38,4.91,26530.42,21.07,0.0
INE053F01010,FY25,12.35,3.12,7.83,4.98,27059.78,16.93,0.0
INE053F01010,FY26,12.35,3.57,7.69,5.36,27075.27,17.96,0.0
INE864K01010,FY23,13.54,15.79,0.18,2.21,73.57,10.08,0.0
INE864K01010,FY24,21.23,23.11,0.16,4.46,102.3,11.02,0.0
INE864K01010,FY25,17.21,24.46,0.06,6.74,109.68,10.22,0.0
INE864K01010,FY26,63.02,8.57,0.01,6.82,128.5,9.86,0.0
INE01GN01025,FY23,14.5,15.34,0.62,0.48,112.57,26.89,0.0
INE01GN01025,FY24,17.66,17.85,0.64,0.72,121.06,27.75,0.15
INE01GN01025,FY25,15.95,16.59,0.61,0.8,146.27,26.79,0.0
INE01GN01025,FY26,11.42,14.07,0.24,,190.87,39.85,6.99
INE07U701015,FY23,18.23,14.3,0.86,1.54,979.37,468.34,91.08
INE07U701015,FY24,9.19,12.25,0.22,20.86,889.71,641.02,86.79
INE07U701015,FY25,4.75,8.78,0.15,11.01,975.48,734.12,88.48
INE07U701015,FY26,5.33,8.71,0.07,12.96,1066.66,882.24,99.13
INE858B01029,FY23,8.53,10.12,0.54,26.72,6305.56,1680.62,792.71
INE858B01029,FY24,9.66,13.25,0.32,33.14,6165.97,1861.75,967.62
INE858B01029,FY25,6.92,10.88,0.31,25.79,6425.01,990.19,69.37
INE858B01029,FY26,3.98,10.66,0.35,,6789.26,1874.45,137.27
INE154A01025,FY23,27.75,37.37,0.0,15.46,70245.22,25201.23,3209.27
INE154A01025,FY24,27.46,35.34,0.0,16.38,67391.04,27164.76,3143.31
INE154A01025,FY25,49.62,38.36,0.0,27.75,74653.32,19171.87,1161.09
INE154A01025,FY26,28.53,37.54,0.03,16.51,78213.28,19646.89,1674.67
INE379A01028,FY25,5.93,8.27,0.01,3.05,3525.86,8377.13,218.84
INE379A01028,FY26,7.01,9.64,0.01,3.92,4109.12,8424.73,367.92
INE353K01014,FY23,16.31,23.79,0.0,6.43,460.82,48.98,3.35
INE353K01014,FY24,21.12,33.34,0.0,7.47,504.42,44.78,4.34
INE353K01014,FY25,22.1,27.07,0.0,9.31,570.94,46.99,5.46
INE353K01014,FY26,19.57,26.99,0.0,9.61,533.02,50.09,8.44
INE248A01017,FY23,-15.16,-4.2,0.79,-3.81,1395.43,2822.71,138.63
INE248A01017,FY24,-31.88,-10.15,1.01,-5.92,1263.63,2806.11,142.28
INE248A01017,FY25,-13.23,0.3,0.91,-2.24,3616.42,2540.87,18.52
INE248A01017,FY26,15.37,18.34,0.4,3.04,2183.72,2134.5,15.61
INE056801025,FY23,19.95,23.15,0.27,11.2,796.82,36.83,1.01
INE056801025,FY24,19.11,23.96,0.21,13.27,780.23,40.03,0.0
INE056801025,FY25,18.45,23.72,0.15,15.98,922.68,34.58,0.0
INE056801025,FY26,17.3,22.22,0.12,17.98,1055.56,28.05,0.0
INE0HV901016,FY23,5.79,5.63,0.03,0.56,501.25,11.72,2.89
INE0HV901016,FY24,16.99,13.0,0.1,1.96,655.87,4.54,0.0
INE0HV901016,FY25,9.5,12.47,0.06,1.55,914.25,8.99,0.0
INE0HV901016,FY26,3.52,4.37,0.02,1.72,1228.04,19.94,0.0
INE848A01014,FY23,7.33,7.42,0.04,14.96,153.83,4.42,1.17
INE848A01014,FY24,8.5,8.83,0.03,19.3,186.75,4.75,1.17
INE848A01014,FY25,13.61,14.76,0.03,33.9,224.61,8.25,0.0
INE848A01014,FY26,11.63,11.92,0.01,31.89,284.88,14.93,4.88
INE168A01041,FY23,11.93,,0.29,12.25,5426.38,2271.75,47.32
INE168A01041,FY24,14.53,,0.24,16.84,5966.0,2257.75,49.5
INE168A01041,FY25,14.65,,0.17,18.91,6940.31,2191.84,65.55
INE168A01041,FY26,14.3,,0.21,21.42,6832.76,2532.96,0.0
INE199G01027,FY23,11.44,13.3,0.25,7.61,1821.55,452.52,13.25
INE199G01027,FY24,9.53,12.02,0.08,8.44,1897.71,423.66,12.82
INE199G01027,FY25,6.72,7.78,0.04,6.02,1888.13,406.23,16.07
INE199G01027,FY26,9.77,13.52,0.05,9.05,1876.22,368.07,0.71
INE048B01035,FY23,16.82,21.28,0.04,4.08,236.71,24.28,0.0
INE048B01035,FY24,11.99,15.63,0.05,3.39,208.7,9.3,0.0
INE048B01035,FY25,23.07,28.42,0.04,8.22,268.72,8.84,0.0
INE048B01035,FY26,15.6,20.59,0.03,6.31,287.23,7.35,0.0
INE091G01026,FY23,10.4,13.6,1.55,0.82,6038.31,1200.11,68.83
INE091G01026,FY24,58.48,52.32,0.31,1.99,6288.87,1527.56,145.85
INE091G01026,FY25,26.26,31.33,0.26,6.18,6350.8,1780.56,127.41
INE091G01026,FY26,5.76,9.63,0.18,,5784.27,1863.68,294.47
INE070D01027,FY23,-0.95,0.35,0.0,-0.76,594.33,171.29,61.58
INE070D01027,FY24,3.53,4.85,0.0,2.94,463.0,161.52,61.7
INE070D01027,FY25,4.73,5.91,0.0,3.76,517.7,150.54,0.25
INE070D01027,FY26,11.35,12.96,0.0,9.74,514.34,93.47,0.22
INE0YD401026,FY23,46.12,16.42,3.71,,3060.24,80.05,5.94
INE0YD401026,FY24,44.38,20.88,2.48,,4413.97,82.0,2.75
INE0YD401026,FY25,30.55,22.79,1.28,6.43,6368.96,107.81,19.35
INE0YD401026,FY26,22.56,20.15,0.82,10.39,9411.91,186.15,72.21
INE039C01032,FY23,21.47,28.5,0.04,4.21,2271.87,540.76,107.83
INE039C01032,FY24,22.74,26.83,0.19,5.14,2371.76,669.6,202.54
INE039C01032,FY25,18.16,22.97,0.14,4.51,2270.14,818.79,316.32
INE039C01032,FY26,20.14,28.72,0.01,5.77,2611.59,952.59,107.82
INE00YJ01010,FY23,14.97,15.36,0.69,5.26,122.14,26.37,0.0
INE00YJ01010,FY24,32.35,35.81,0.35,18.41,199.04,17.26,0.0
INE00YJ01010,FY25,30.12,31.62,0.37,23.32,252.26,16.16,0.0
INE00YJ01010,FY26,14.68,19.89,0.02,,273.88,9.22,0.0
INE039O01029,FY23,21.66,19.83,0.34,8.52,394.95,90.17,4.08
INE039O01029,FY24,19.01,21.24,0.23,10.91,508.35,104.99,6.11
INE039O01029,FY25,20.25,22.69,0.23,13.88,735.19,143.98,23.42
INE039O01029,FY26,14.68,16.55,0.2,,736.19,171.19,21.69
INE785A01026,FY23,9.73,13.58,0.19,16.45,2741.22,270.96,37.64
INE785A01026,FY24,9.47,11.63,0.29,17.11,2118.18,312.74,22.04
INE785A01026,FY25,9.52,13.26,0.19,18.3,2528.15,322.89,7.31
INE785A01026,FY26,8.26,11.66,0.22,16.8,2405.74,337.79,10.04
INE571B01036,FY23,7.46,11.3,0.66,3.5,2146.15,902.65,23.38
INE571B01036,FY24,5.98,8.9,0.82,2.98,2111.86,1079.35,174.67
INE571B01036,FY25,5.85,7.7,0.96,3.04,2290.12,1253.26,332.24
INE571B01036,FY26,20.06,15.74,0.76,,2550.99,1281.25,109.57
INE903A01025,FY23,4.85,7.04,0.18,0.74,46.96,22.31,0.71
INE903A01025,FY24,4.8,6.06,0.35,0.86,52.66,37.85,6.99
INE903A01025,FY25,1.53,2.66,0.08,0.79,80.64,92.74,23.52
INE903A01025,FY26,33.72,31.39,0.06,,239.65,100.09,55.35
INE854B01010,FY23,11.02,8.86,1.66,2.34,6331.99,3601.59,74.06
INE854B01010,FY24,9.28,13.76,1.43,2.16,5926.07,3508.04,199.07
INE854B01010,FY25,4.74,12.98,1.16,1.16,5999.73,3488.6,109.94
INE854B01010,FY26,16.3,20.8,0.74,4.77,7131.82,3255.77,93.87
INE927D01051,FY23,12.08,10.62,1.65,5.26,3528.86,1589.45,265.14
INE927D01051,FY24,15.31,12.95,1.82,7.56,4723.19,1600.59,61.8
INE927D01051,FY25,14.95,13.07,1.95,8.54,5472.33,1554.05,38.91
INE927D01051,FY26,14.22,13.42,2.04,9.25,6088.37,1492.4,158.42
INE0MB501011,FY23,26.46,29.22,0.34,14.02,784.55,36.19,0.92
INE0MB501011,FY24,7.75,11.26,0.03,9.6,667.67,41.69,0.0
INE0MB501011,FY25,13.77,19.52,0.0,16.34,847.94,40.0,1.09
INE0MB501011,FY26,12.47,17.32,0.01,,972.93,74.98,7.76
INE796G01012,FY23,8.39,8.33,0.03,162.96,0.01,2.54,0.0
INE796G01012,FY24,11.75,11.66,0.02,258.86,0.02,2.5,0.0
INE796G01012,FY25,23.33,22.45,0.06,220.25,0.49,2.45,0.0
INE796G01012,FY26,-2.23,-1.34,0.06,-22.21,10.46,2.4,0.0
INE197D01010,FY23,7.58,6.42,0.97,72.85,4632.74,3224.97,176.24
INE197D01010,FY24,1.79,2.83,1.12,16.33,3821.93,3429.1,246.56
INE197D01010,FY25,2.67,3.33,1.07,25.07,5237.7,3337.28,331.65
INE324A01032,FY23,8.13,9.28,0.62,10.14,17092.91,7763.02,347.86
INE324A01032,FY24,16.62,17.62,0.57,26.33,20092.21,9462.98,677.26
INE324A01032,FY25,15.23,17.35,0.42,27.22,20039.62,9962.87,687.55
INE324A01032,FY26,7.74,8.7,0.37,15.23,17276.38,10926.76,583.03
INE749A01030,FY23,10.27,11.21,0.34,31.54,66320.39,52202.54,8782.58
INE749A01030,FY24,13.4,12.37,0.37,59.15,41923.0,58898.98,10635.14
INE749A01030,FY25,5.96,8.77,0.39,27.83,41282.78,65419.71,16545.45
INE749A01030,FY26,6.62,8.18,0.44,33.12,43561.4,72190.38,8200.71
INE742C01031,FY23,7.4,9.52,0.16,33.43,512.17,592.29,0.16
INE742C01031,FY24,3.75,6.13,0.22,17.65,617.01,541.53,0.0
INE742C01031,FY25,13.59,11.86,0.49,74.5,827.95,1284.51,0.0
INE742C01031,FY26,11.57,14.55,0.05,72.67,996.57,1181.81,6.51
INE247D01039,FY23,17.8,13.55,1.29,1.15,2040.76,373.98,9.22
INE247D01039,FY24,10.52,9.18,1.23,0.75,1804.32,364.92,5.08
INE247D01039,FY25,9.56,10.29,1.01,0.75,2288.07,353.72,14.36
INE247D01039,FY26,8.11,9.46,0.65,0.7,2285.54,197.93,25.46
INE758E01017,FY23,0.03,0.04,0.01,0.05,21.19,39.55,0.0
INE758E01017,FY24,1.15,1.41,0.0,2.53,1170.6,31.27,0.0
INE758E01017,FY25,1.31,1.53,0.03,2.54,1347.39,39.26,6.63
INE758E01017,FY26,1.17,1.71,0.16,2.46,3185.31,66.46,12.55
INE175A01038,FY23,15.98,3.85,0.77,13.08,5664.55,3946.87,31.52
INE175A01038,FY24,0.83,5.45,0.74,0.64,6049.73,3962.2,25.55
INE175A01038,FY25,0.6,4.61,0.72,0.48,5677.04,4158.35,75.45
INE175A01038,FY26,-0.42,4.32,0.74,-0.34,6365.97,4393.23,97.25
INE863T01013,FY23,14.33,8.0,-3.7,-49.67,1579.13,596.17,22.4
INE863T01013,FY24,-6.37,11.4,-6.79,13.78,2514.33,581.64,26.75
INE863T01013,FY25,-10.26,12.45,-6.86,20.38,2264.81,286.21,13.39
INE863T01013,FY26,9.38,13.3,-7.69,-18.73,2808.02,273.27,12.1
INE823G01014,FY23,9.04,9.32,1.13,54.82,9503.73,8799.23,592.01
INE823G01014,FY24,14.73,14.81,1.03,102.35,11202.55,9375.18,463.94
INE823G01014,FY25,14.14,13.97,0.99,111.44,11493.41,10603.18,1317.45
INE823G01014,FY26,14.1,14.09,0.88,128.44,13390.97,12403.84,1053.15
INE576I01022,FY23,11.73,14.7,0.23,36.26,4203.14,1031.85,106.75
INE576I01022,FY24,12.51,15.48,0.22,43.71,4879.2,1081.88,111.15
INE576I01022,FY25,13.01,18.62,0.23,51.7,5693.49,1178.78,97.59
INE576I01022,FY26,11.48,17.45,0.18,51.13,5723.03,1460.49,295.22
INE786A01032,FY23,12.79,14.23,0.67,30.48,6451.2,4300.93,965.13
INE786A01032,FY24,14.85,16.4,0.63,39.78,6787.98,5013.62,383.22
INE786A01032,FY25,7.79,9.3,0.74,22.33,6156.24,5903.87,471.18
INE786A01032,FY26,10.6,11.86,0.67,33.19,6762.63,5967.08,750.53
INE789E01012,FY23,29.64,26.71,0.69,70.59,6409.66,5479.0,151.1
INE789E01012,FY24,22.13,20.73,0.43,59.15,6594.89,5507.86,70.99
INE789E01012,FY25,7.61,9.36,0.35,22.55,6568.33,5574.39,135.02
INE789E01012,FY26,4.82,6.43,0.47,14.66,6969.32,6005.08,442.84
INE573A01042,FY23,7.73,10.39,1.44,10.64,14520.03,6399.42,190.61
INE573A01042,FY24,17.52,18.18,1.03,29.74,14869.42,6928.03,365.83
INE573A01042,FY25,10.22,11.96,0.99,17.86,14542.97,6941.12,417.33
INE573A01042,FY26,12.81,13.4,0.81,27.24,16188.41,8021.41,1091.41
INE682M01020,FY23,19.94,20.07,1.28,2.22,892.54,749.11,30.15
INE682M01020,FY24,15.11,18.65,0.0,5.69,1069.5,790.09,74.58
INE682M01020,FY25,14.25,15.1,0.29,5.89,1301.32,1158.99,185.54
INE682M01020,FY26,12.56,13.52,0.38,5.92,1498.5,1624.72,248.8
INE780C01023,FY23,7.34,,1.96,6.25,2068.58,446.93,0.0
INE780C01023,FY24,4.83,,1.91,4.29,2692.69,498.98,0.0
INE780C01023,FY25,8.44,,1.18,8.58,2722.35,513.62,0.0
INE780C01023,FY26,11.28,,1.09,12.55,3497.66,699.31,0.0
INE0OAF01028,FY23,37.95,38.55,0.36,8.34,407.3,20.42,0.26
INE0OAF01028,FY24,32.07,36.69,0.34,11.26,480.46,26.53,3.74
INE0OAF01028,FY25,5.99,11.2,0.04,5.44,476.64,34.12,6.3
INE0OAF01028,FY26,11.42,15.57,0.16,11.57,818.55,42.1,8.36
INE05C901015,FY24,2.31,5.33,1.67,0.7,379.82,3913.66,470.88
INE05C901015,FY25,1.09,3.37,1.78,0.64,499.42,7267.14,2668.13
INE05C901015,FY26,1.18,2.55,4.02,,709.25,15517.32,8057.36
INE147P01019,FY23,11.93,36.22,0.01,267.4,3050.0,0.0,0.0
INE147P01019,FY24,11.14,11.17,0.01,281.18,0.23,0.0,0.0
INE147P01019,FY25,19.41,17.5,0.02,281.43,0.67,0.0,0.0
INE147P01019,FY26,53.43,61.92,0.01,815.75,11.37,0.0,0.0
INE351F01018,FY23,0.53,5.11,0.46,0.05,5779.25,13797.94,413.01
INE351F01018,FY24,8.91,10.76,0.37,1.09,6758.11,13314.23,307.69
INE351F01018,FY25,6.62,10.04,0.31,0.89,5462.16,13096.33,400.52
INE351F01018,FY26,3.54,6.86,0.27,0.49,5563.44,12544.65,265.28
INE953L01027,FY23,14.24,,3.05,24.47,2215.22,127.75,5.14
INE953L01027,FY24,18.72,,1.23,90.72,2624.86,141.59,2.94
INE953L01027,FY25,12.18,,0.82,47.67,3130.51,153.18,3.21
INE953L01027,FY26,7.3,,1.23,30.92,3615.02,198.69,0.0
INE220G01021,FY23,17.72,19.15,0.33,25.68,35574.09,9939.75,924.44
INE220G01021,FY24,18.9,19.94,0.42,32.94,38414.3,13336.32,1289.91
INE220G01021,FY25,15.01,16.79,0.38,30.41,39190.52,15189.83,2093.77
INE220G01021,FY26,16.14,17.45,0.38,38.7,42839.01,18615.34,2374.98
INE0J5801029,FY23,26.82,35.6,0.01,2.74,203.9,66.9,7.2
INE0J5801029,FY24,36.0,48.75,0.0,5.57,324.41,70.32,3.5
INE0J5801029,FY25,29.28,41.67,0.04,6.42,469.07,103.58,11.23
INE0J5801029,FY26,47.5,52.19,0.27,17.81,801.36,234.28,2.06
INE718I01012,FY23,5.97,5.26,2.46,1.03,5680.39,5776.06,2057.05
INE718I01012,FY24,3.64,7.31,2.54,0.67,5839.36,6455.24,1161.26
INE718I01012,FY25,-4.85,4.31,2.79,-0.84,5813.07,7560.63,1718.05
INE718I01012,FY26,-11.55,-3.93,0.68,-6.19,6512.46,9464.25,1922.28
INE133A01011,FY23,25.46,33.67,0.05,73.58,3776.8,601.7,94.9
INE133A01011,FY24,32.08,41.95,0.05,93.68,3936.7,648.1,125.1
INE133A01011,FY25,32.29,41.59,0.05,94.31,4042.9,549.9,70.5
INE133A01011,FY26,80.51,93.88,0.03,433.42,3580.4,509.7,49.2
INE121E01018,FY23,7.93,6.14,1.34,8.99,9910.47,28809.04,5744.04
INE121E01018,FY24,8.27,7.8,1.52,10.47,11265.11,37104.64,10973.13
INE121E01018,FY25,7.13,5.68,1.83,11.18,11483.79,57392.53,11633.43
INE121E01018,FY26,7.28,7.07,2.5,12.74,18692.09,81522.7,19661.33
INE824G01012,FY23,1.71,2.07,0.0,298.65,406.76,0.0,0.0
INE824G01012,FY24,0.61,0.62,0.0,140.15,169.56,0.0,0.0
INE824G01012,FY25,0.63,0.75,0.0,176.43,247.98,0.0,0.0
INE824G01012,FY26,0.44,0.5,0.0,132.12,179.42,0.01,0.0
INE880J01026,FY23,18.52,12.61,1.14,4.01,3155.23,3915.1,68.26
INE880J01026,FY24,14.4,13.59,0.59,5.88,3762.9,5255.33,142.51
INE880J01026,FY25,15.5,14.22,0.52,7.19,4471.32,8797.53,1984.36
INE880J01026,FY26,14.0,12.43,0.63,7.28,5321.04,11055.7,3660.84
INE019A01038,FY23,6.31,6.92,1.62,17.14,163646.0,125212.0,22814.0
INE019A01038,FY24,11.35,11.46,1.36,36.17,172588.0,139573.0,29973.0
INE019A01038,FY25,4.41,6.51,1.5,14.32,166575.0,143834.0,22183.0
INE019A01038,FY26,22.3,17.14,1.19,91.25,182037.0,138974.0,24520.0
INE643A01035,FY23,11.87,14.91,0.08,3.36,2025.13,480.89,31.11
INE643A01035,FY24,13.01,16.26,0.14,4.11,2228.07,605.03,127.29
INE643A01035,FY25,8.55,10.86,0.18,2.9,2380.69,876.01,312.43
INE643A01035,FY26,6.48,7.86,0.29,2.84,2645.16,1230.79,421.76
INE391J01032,FY23,22.14,24.8,0.26,2.32,1549.92,69.76,4.4
INE391J01032,FY24,14.59,19.4,0.03,3.26,2040.75,117.35,6.0
INE391J01032,FY25,8.11,10.52,0.06,2.3,1916.31,284.88,66.46
INE391J01032,FY26,6.62,8.46,0.16,2.62,2136.36,659.63,158.97
INE03CC01015,FY24,12.63,14.48,0.69,19.72,1250.87,175.6,4.89
INE03CC01015,FY25,26.96,32.63,0.24,57.17,1556.16,199.52,19.57
INE03CC01015,FY26,27.8,34.98,0.11,83.31,1886.53,225.47,27.04
INE797F01020,FY23,17.33,15.03,1.25,5.35,5138.27,3594.59,220.46
INE797F01020,FY24,18.4,12.13,1.94,6.05,5588.15,4373.28,149.46
INE797F01020,FY25,10.02,13.16,2.08,4.17,7668.88,4762.42,237.89
INE797F01020,FY26,18.69,13.57,2.14,6.49,8924.4,5359.34,160.22
INE0BY001018,FY23,11.53,14.88,0.15,19.33,4740.48,2389.91,557.93
INE0BY001018,FY24,6.68,9.19,0.27,11.55,4100.44,2873.16,354.2
INE0BY001018,FY25,8.58,10.8,0.26,15.84,4123.67,3091.36,533.57
INE0BY001018,FY26,8.89,10.68,0.25,17.51,4344.85,3312.23,163.82
INE700A01033,FY23,-1.13,2.16,0.68,-3.83,6219.3,3463.3,871.4
INE700A01033,FY24,1.42,4.69,0.67,4.86,6644.8,3841.2,1406.4
INE700A01033,FY25,13.42,13.37,0.44,52.85,7192.1,5179.3,2725.8
INE700A01033,FY26,5.62,7.62,0.51,,8225.1,6921.5,2979.7
INE696F01016,FY23,-0.42,6.21,6.89,-0.07,664.61,2793.07,54.73
INE696F01016,FY24,0.9,4.58,0.5,1.46,817.66,3312.02,79.21
INE696F01016,FY25,2.61,5.93,0.53,3.2,944.27,3665.61,266.42
INE696F01016,FY26,4.94,6.72,0.42,6.36,1047.68,3740.36,390.7
INE599M01018,FY23,4.44,5.23,0.02,19.14,844.76,148.85,0.0
INE599M01018,FY24,9.02,11.58,0.02,42.66,1042.91,121.64,0.0
INE599M01018,FY25,12.68,14.34,0.02,68.69,1141.93,125.92,0.0
INE599M01018,FY26,9.73,12.05,0.02,58.44,1213.86,104.01,0.0
INE209L01016,FY23,15.03,20.47,0.36,3.12,2050.7,469.01,34.5
INE209L01016,FY24,20.52,24.57,0.22,8.24,3623.78,728.71,76.5
INE209L01016,FY25,13.88,17.09,0.18,9.08,3963.28,829.16,66.11
INE209L01016,FY26,5.74,7.91,0.33,,2915.7,1184.73,266.06
INE668F01031,FY23,15.48,19.57,0.03,6.53,2484.18,340.32,16.43
INE668F01031,FY24,20.43,26.01,0.03,10.06,2754.97,349.46,15.98
INE668F01031,FY25,26.85,34.32,0.04,10.11,2842.01,383.99,35.83
INE668F01031,FY26,20.97,27.81,0.03,,2942.23,407.0,13.24
INE980O01024,FY23,-6.66,9.54,10.18,-0.24,925.88,278.19,9.3
INE980O01024,FY24,11.06,15.87,0.22,7.89,1333.86,360.67,52.01
INE980O01024,FY25,18.74,21.06,0.29,13.9,1817.7,631.32,174.89
INE980O01024,FY26,16.79,18.82,0.43,14.78,2093.13,782.81,89.3
INE197A01024,FY23,-16.06,-0.2,71.13,-0.06,227.83,31.68,0.0
INE197A01024,FY24,-112.95,1.09,-75.0,0.4,437.77,33.25,0.0
INE197A01024,FY25,6.33,1.39,3.55,0.39,493.14,42.67,0.28
INE197A01024,FY26,11.81,2.24,4.39,0.47,741.38,70.76,1.32
INE900B01029,FY23,9.78,13.47,0.19,10.72,662.6,175.02,14.65
INE900B01029,FY24,7.48,9.66,0.19,9.67,601.51,206.91,27.77
INE900B01029,FY25,6.96,8.29,0.28,9.21,472.31,249.77,54.68
INE900B01029,FY26,-1.22,0.48,0.33,-1.53,446.43,260.24,21.08
INE217B01036,FY23,14.81,18.78,0.11,21.62,4371.51,1494.14,81.71
INE217B01036,FY24,16.13,21.06,0.09,26.48,4464.25,1671.92,67.93
INE217B01036,FY25,10.73,16.71,0.1,18.47,4635.07,1793.62,108.74
INE217B01036,FY26,15.83,21.42,0.07,30.44,4830.36,1761.33,119.25
INE438K01021,FY23,24.56,19.17,1.32,6.36,1351.47,380.4,6.4
INE438K01021,FY24,9.49,12.21,0.44,7.51,1373.55,428.9,18.2
INE438K01021,FY25,7.54,11.89,0.36,5.8,1462.01,478.66,14.6
INE438K01021,FY26,11.18,13.6,0.29,9.56,1653.67,598.64,15.64
INE227J01012,FY23,-16.74,10.85,7.96,-9.88,3426.79,259.39,180.92
INE227J01012,FY24,-10.15,9.19,10.42,-5.02,1672.57,256.92,204.75
INE227J01012,FY25,0.87,11.06,4.1,1.05,1933.45,365.41,172.42
INE227J01012,FY26,2.28,9.77,2.23,4.76,3104.47,436.32,197.84
INE303R01014,FY23,11.92,10.82,1.18,4.2,14025.01,1851.85,20.05
INE303R01014,FY24,14.26,12.62,1.07,5.8,18472.56,2277.87,48.47
INE303R01014,FY25,14.88,13.51,1.03,6.93,25045.07,2785.6,7.75
INE303R01014,FY26,21.41,17.99,0.97,13.05,35742.86,3261.69,17.66
INE967C01018,FY23,203.05,67.24,2.25,132.31,279.06,355.89,1.56
INE967C01018,FY24,21.81,23.93,1.29,15.8,287.51,388.44,3.55
INE967C01018,FY25,16.73,19.79,0.73,15.6,356.97,400.9,7.63
INE967C01018,FY26,12.2,15.09,0.74,,385.63,474.71,4.55
INE390H01020,FY23,24.61,33.25,0.02,1.52,732.08,48.2,0.98
INE390H01020,FY24,21.12,28.12,0.01,1.85,724.71,45.44,0.0
INE390H01020,FY25,19.24,25.38,0.0,2.18,747.49,42.38,11.04
INE390H01020,FY26,19.77,26.2,0.02,2.72,763.39,59.52,10.76
INE138C01024,FY23,-1.45,1.71,0.84,-2.01,1569.0,855.61,12.86
INE138C01024,FY24,-6.39,0.62,0.85,-8.79,1453.76,867.97,56.52
INE138C01024,FY25,-16.05,-1.07,1.14,-19.13,754.31,899.33,44.37
INE138C01024,FY26,21.08,6.78,0.51,27.64,981.43,759.25,32.4
INE694E01014,FY23,2.0,3.79,0.92,1.68,474.42,244.76,36.36
INE694E01014,FY24,0.45,4.28,1.25,0.38,494.68,279.58,1.53
INE694E01014,FY25,5.4,11.94,0.7,5.03,559.41,208.63,0.93
INE694E01014,FY26,14.71,16.86,0.42,16.8,713.97,208.56,8.63
INE531A01024,FY23,10.45,13.77,0.06,5.86,7505.22,2212.02,141.33
INE531A01024,FY24,21.23,27.14,0.05,14.65,7768.46,2339.22,190.16
INE531A01024,FY25,17.79,22.46,0.05,14.12,7787.04,2467.21,234.18
INE531A01024,FY26,8.78,11.82,0.05,7.28,8022.65,2523.9,173.03
INE542Z01028,FY23,8.64,7.39,1.57,1.67,396.85,6.81,0.0
INE542Z01028,FY24,17.56,11.59,1.43,4.13,519.15,6.41,0.0
INE542Z01028,FY25,20.07,10.57,1.9,5.86,689.43,48.31,0.0
INE542Z01028,FY26,24.18,13.83,1.58,,830.2,50.41,0.0
INE036D01028,FY23,12.89,,0.17,11.48,4195.93,435.04,17.42
INE036D01028,FY24,15.98,,0.25,16.64,4970.85,432.88,20.46
INE036D01028,FY25,16.28,,0.1,20.1,6089.47,490.17,39.03
INE036D01028,FY26,17.79,,0.19,25.97,7022.87,501.62,0.0
INE918Z01012,FY23,9.93,14.29,0.16,19.61,1126.11,118.43,11.16
INE918Z01012,FY24,7.37,10.07,0.13,30.28,1804.62,362.25,76.56
INE918Z01012,FY25,10.33,12.63,0.32,45.4,2721.75,998.19,300.22
INE918Z01012,FY26,7.66,10.97,0.19,54.45,3626.35,1568.49,372.41
INE805C01028,FY23,3.41,6.81,0.46,3.24,2246.2,1003.86,10.78
INE805C01028,FY24,13.37,17.62,0.34,14.63,2840.32,948.45,17.09
INE805C01028,FY25,9.6,13.55,0.35,11.41,2519.86,1095.02,194.33
INE805C01028,FY26,11.06,13.12,0.37,,2563.36,1275.79,403.33
INE291D01011,FY23,11.74,18.66,0.54,42.18,1107.99,328.92,26.53
INE291D01011,FY24,13.99,21.58,0.34,81.9,1377.71,383.35,47.57
INE291D01011,FY25,10.34,16.15,0.5,76.26,1647.88,634.53,63.52
INE291D01011,FY26,8.16,14.95,0.47,,2153.43,711.43,21.93
INE389H01022,FY23,4.67,9.71,0.9,6.85,16996.8,1293.29,11.49
INE389H01022,FY24,8.47,13.36,0.97,13.49,19595.34,1356.64,20.18
INE389H01022,FY25,10.67,14.84,0.74,21.8,21536.59,1403.84,40.27
INE389H01022,FY26,9.83,12.51,0.87,22.75,23301.32,1582.87,118.21
INE134B01017,FY23,33.84,22.2,1.45,4.68,473.55,448.19,8.91
INE134B01017,FY24,17.1,17.1,1.54,2.12,557.35,445.42,7.85
INE134B01017,FY25,2.98,9.79,0.93,0.56,543.82,444.46,9.23
INE134B01017,FY26,6.36,12.52,0.76,1.26,589.34,433.56,1.91
INE878B01027,FY23,18.44,24.21,0.06,52.86,6853.25,594.76,29.12
INE878B01027,FY24,18.45,24.5,0.05,64.25,8037.95,944.04,175.24
INE878B01027,FY25,12.04,16.54,0.04,75.55,9735.88,1583.17,591.14
INE878B01027,FY26,13.78,18.74,0.04,96.02,11747.76,2687.82,1002.31
INE164B01030,FY23,-33.99,-19.61,0.43,-2.63,917.33,20.98,0.0
INE164B01030,FY24,14.44,14.63,0.35,1.31,982.89,39.09,18.15
INE164B01030,FY25,14.89,15.69,0.34,1.63,1097.82,46.97,31.97
INE164B01030,FY26,11.35,12.87,0.24,1.79,1216.94,183.79,164.56
INE202H01019,FY23,-24.12,-18.87,0.13,-14.64,4.04,23.73,0.0
INE202H01019,FY24,-24.77,-18.39,0.26,-16.61,19.6,23.68,0.0
INE202H01019,FY25,31.81,19.89,0.26,29.95,189.77,24.99,0.0
INE202H01019,FY26,35.6,35.39,0.65,52.67,430.22,27.18,0.0
INE138Y01010,FY23,22.49,26.1,0.18,11.52,693.42,67.16,0.02
INE138Y01010,FY24,21.56,28.23,0.04,14.34,810.62,93.6,0.0
INE138Y01010,FY25,23.63,31.1,0.03,19.27,1066.31,110.26,3.45
INE138Y01010,FY26,20.54,27.34,0.03,19.81,1274.33,137.64,4.53
INE745B01028,FY23,14.34,12.95,0.78,4.34,886.48,132.87,3.46
INE745B01028,FY24,-33.33,-8.1,1.43,-7.27,534.7,134.1,1.81
INE745B01028,FY25,0.63,2.13,1.43,0.14,719.3,128.13,0.94
INE745B01028,FY26,22.23,16.56,1.05,6.66,1000.8,121.07,2.88
INE029L01018,FY23,0.99,0.79,0.0,133.05,47.18,0.24,0.0
INE029L01018,FY24,0.84,0.62,0.0,160.48,53.63,0.14,0.0
INE029L01018,FY25,0.82,0.61,0.0,163.89,59.76,0.05,0.0
INE029L01018,FY26,0.32,0.39,0.0,,56.44,0.05,0.0
INE729D01010,FY23,6.89,9.74,0.15,3.28,138.86,47.36,3.62
INE729D01010,FY24,8.28,12.16,0.18,4.49,153.61,48.12,5.96
INE729D01010,FY25,13.2,15.7,0.24,16.6,198.32,92.82,47.29
INE729D01010,FY26,10.79,12.0,0.32,8.91,235.47,188.72,140.02
INE967H01025,FY23,20.14,21.9,0.41,8.41,2167.66,1952.95,572.37
INE967H01025,FY24,16.96,15.89,0.74,7.75,2474.0,2714.9,653.6
INE967H01025,FY25,17.99,13.76,1.2,9.61,3003.5,4372.3,1430.1
INE967H01025,FY26,10.74,8.16,1.89,6.03,3872.1,6054.1,739.6
INE473D01015,FY23,17.47,22.54,0.09,67.22,1401.42,254.39,130.97
INE473D01015,FY24,20.82,27.18,0.06,101.17,1487.72,254.11,2.05
INE473D01015,FY25,20.98,27.57,0.06,126.22,1744.69,284.89,41.08
INE473D01015,FY26,13.24,17.93,0.01,144.1,1995.55,361.04,60.82
INE880L01014,FY23,-4.88,-4.3,0.27,-1.61,1543.2,974.26,172.91
INE880L01014,FY24,-4.34,-2.36,0.09,-1.37,1854.07,514.18,155.21
INE880L01014,FY25,-11.95,-9.97,0.11,-3.37,590.46,580.94,168.56
INE880L01014,FY26,0.95,1.37,0.11,0.27,611.19,552.08,166.57
INE415I01015,FY23,3.98,4.68,0.02,20.67,916.15,637.7,129.64
INE415I01015,FY24,5.97,6.46,0.05,31.95,694.34,559.25,122.08
INE415I01015,FY25,8.15,0.38,0.35,42.81,740.03,969.76,164.21
INE415I01015,FY26,86.49,89.37,0.01,900.91,839.65,1108.61,41.64
INE732A01036,FY23,16.73,20.2,0.2,29.59,3672.15,595.75,83.73
INE732A01036,FY24,20.25,25.89,0.11,43.84,3938.2,650.13,34.78
INE732A01036,FY25,19.84,25.18,0.09,52.29,4422.76,673.39,34.97
INE732A01036,FY26,15.16,17.33,0.1,47.05,4481.24,743.29,60.46
INE146L01010,FY23,14.43,11.55,1.41,22.88,4968.34,503.36,61.43
INE146L01010,FY24,16.51,13.2,1.55,30.46,5841.19,749.12,264.18
INE146L01010,FY25,15.85,12.25,1.89,33.6,6277.09,943.15,90.82
INE146L01010,FY26,15.86,13.8,1.48,39.38,7641.29,1093.16,76.78
INE250A01039,FY23,6.69,17.72,0.3,216.77,6404.82,3475.98,387.5
INE250A01039,FY24,4.01,10.88,0.25,194.57,6238.45,3970.2,728.26
INE250A01039,FY25,2.37,7.77,0.2,143.76,6500.57,4216.54,650.59
INE250A01039,FY26,3.64,8.69,0.18,216.17,6686.42,4372.19,733.41
INE811A01020,FY23,13.66,18.0,0.0,16.77,1229.32,239.36,21.38
INE811A01020,FY24,14.42,19.23,0.0,20.57,1311.52,259.76,31.76
INE811A01020,FY25,19.26,25.4,0.01,32.5,1627.99,331.22,19.67
INE811A01020,FY26,20.51,27.07,0.0,39.39,1776.68,361.88,5.09
INE12F801023,FY23,4.89,4.52,0.78,1.64,984.46,61.63,0.0
INE12F801023,FY24,24.52,17.9,1.04,11.71,1674.45,55.68,0.0
INE12F801023,FY25,15.97,10.85,1.55,9.53,1337.46,51.68,0.0
INE602G01020,FY23,6.71,9.44,0.03,2.88,528.36,657.11,393.86
INE602G01020,FY24,6.23,5.89,0.75,2.82,576.65,1320.25,1076.15
INE602G01020,FY25,13.43,9.62,1.05,6.95,982.8,1841.03,1609.3
INE602G01020,FY26,0.57,2.41,1.16,,666.95,2088.1,946.42
INE401H01017,FY23,21.76,26.28,0.12,19.31,774.24,111.42,3.7
INE401H01017,FY24,22.8,29.22,0.03,25.0,855.17,116.82,1.11
INE401H01017,FY25,17.62,21.12,0.2,23.44,1002.77,235.73,7.16
INE401H01017,FY26,15.12,20.37,0.14,,1212.77,267.19,11.41
INE0CJD01029,FY23,35.11,41.1,0.18,22.63,201.53,66.93,8.1
INE0CJD01029,FY24,18.29,19.14,0.36,14.2,163.58,118.36,12.0
INE0CJD01029,FY25,22.9,20.51,0.61,20.29,200.7,208.12,50.15
INE0CJD01029,FY26,13.82,11.82,0.39,,256.28,309.82,99.16
INE17QZ01016,FY23,20.84,15.46,1.42,1.62,514.82,120.21,13.15
INE17QZ01016,FY24,32.7,23.04,1.35,3.76,650.83,164.84,3.31
INE17QZ01016,FY25,34.38,28.6,0.88,6.03,728.46,195.68,35.29
INE17QZ01016,FY26,30.09,27.12,0.67,,815.84,265.98,21.02
INE0KNW01016,FY23,9.6,13.35,0.28,11.75,2236.15,32.26,0.0
INE0KNW01016,FY24,9.89,11.78,0.35,12.51,1699.67,29.21,0.44
INE0KNW01016,FY25,10.54,15.15,0.15,14.76,1724.85,35.21,8.0
INE0KNW01016,FY26,8.23,13.06,0.09,,1814.0,49.82,20.33
INE634I01029,FY23,16.48,24.0,0.23,16.29,3777.84,463.01,10.68
INE634I01029,FY24,21.87,21.76,0.36,27.64,4429.49,412.37,7.42
INE634I01029,FY25,22.06,23.26,0.41,35.62,4753.17,341.37,0.41
INE634I01029,FY26,8.79,9.67,0.49,,2698.01,281.6,0.12
INE760A01029,FY23,9.31,12.35,0.21,2.44,773.32,141.07,14.7
INE760A01029,FY24,14.79,16.8,0.27,4.37,813.81,163.93,16.08
INE760A01029,FY25,1.93,3.67,0.18,0.58,759.98,164.75,18.16
INE760A01029,FY26,7.7,10.07,0.11,2.47,803.38,158.64,17.18
INE094I01018,FY23,11.74,14.28,0.63,13.69,1488.17,77.19,10.04
INE094I01018,FY24,-9.21,1.09,1.48,-9.12,1371.48,118.08,0.0
INE094I01018,FY25,12.84,10.62,1.37,13.99,1717.38,151.57,1.36
INE082A01010,FY23,6.2,7.89,0.17,5.65,548.18,227.23,64.41
INE082A01010,FY24,10.37,12.52,0.2,10.55,614.59,259.36,80.32
INE082A01010,FY25,7.44,8.96,0.29,7.99,623.99,296.03,99.38
INE082A01010,FY26,4.85,6.33,0.29,,675.69,343.72,6.67
INE237A01036,FY23,13.29,,0.47,14.99,51857.25,2261.2,0.0
INE237A01036,FY24,14.01,,0.58,18.29,69669.6,2562.51,0.0
INE237A01036,FY25,14.05,,0.55,22.26,75984.46,2810.8,0.0
INE237A01036,FY26,10.64,,0.53,19.39,75788.53,2852.8,0.0
INE720A01015,FY23,20.4,26.68,0.12,6.66,479.0,109.75,4.58
INE720A01015,FY24,25.87,38.79,0.0,10.84,592.16,116.7,2.78
INE720A01015,FY25,21.5,26.78,0.01,11.18,573.58,200.16,5.33
INE720A01015,FY26,19.47,25.92,0.01,,587.21,207.34,8.33
INE127T01021,FY23,34.16,32.72,0.62,6.58,437.82,145.35,1.52
INE127T01021,FY24,31.43,24.69,0.96,8.73,472.95,177.26,3.5
INE127T01021,FY25,36.83,26.86,1.17,17.22,939.05,422.35,2.32
INE127T01021,FY26,34.66,31.04,0.84,26.84,1497.09,542.17,0.01
INE542W01025,FY23,42.51,19.87,2.62,6.5,643.79,800.64,0.28
INE542W01025,FY24,19.34,15.9,1.24,9.41,1023.9,999.53,101.39
INE542W01025,FY25,13.19,13.35,0.61,16.09,1735.45,2442.04,163.47
INE542W01025,FY26,15.69,10.61,1.71,24.04,2695.91,5346.84,918.04
INE220B01022,FY23,9.34,12.72,0.8,29.06,16213.86,2205.87,118.93
INE220B01022,FY24,9.92,13.04,0.78,31.37,19459.22,2187.09,87.83
INE220B01022,FY25,8.99,12.36,0.66,35.53,22106.02,2445.02,101.95
INE220B01022,FY26,13.37,16.07,0.46,,26911.12,3026.56,126.43
INE04I401011,FY23,23.07,27.3,0.17,13.95,3365.04,480.06,6.23
INE04I401011,FY24,27.71,34.55,0.15,21.77,4871.54,544.55,1.68
INE04I401011,FY25,28.83,36.07,0.12,30.7,5842.34,603.93,10.13
INE04I401011,FY26,18.0,21.58,0.24,23.28,6454.93,627.1,0.83
INE930H01031,FY23,21.96,22.85,0.36,23.81,5960.18,2391.4,86.65
INE930H01031,FY24,18.48,20.04,0.27,23.56,5823.88,2557.42,129.46
INE930H01031,FY25,16.3,20.16,0.09,23.85,6135.73,2506.99,47.52
INE930H01031,FY26,15.21,18.69,0.1,25.35,6377.64,2552.33,157.14
INE001B01026,FY23,14.94,19.32,0.05,29.78,5340.92,903.64,20.32
INE001B01026,FY24,12.27,15.16,0.11,25.69,5364.54,910.48,23.23
INE001B01026,FY25,9.08,11.59,0.08,20.8,5593.81,932.37,27.67
INE001B01026,FY26,11.16,14.75,0.03,28.31,6097.86,921.5,13.63
INE506W01020,FY23,10.21,8.35,1.06,0.95,230.24,364.95,7.2
INE506W01020,FY24,13.45,13.01,1.45,1.31,585.48,367.09,44.78
INE506W01020,FY25,22.55,21.41,0.98,2.8,870.36,373.42,78.57
INE506W01020,FY26,32.13,21.62,1.31,,1606.37,452.34,2.16
INE0GGO01015,FY23,10.28,13.54,0.15,3.2,70.03,14.57,0.0
INE0GGO01015,FY24,7.67,10.21,0.05,4.15,102.6,22.69,0.15
INE0GGO01015,FY25,10.02,14.12,0.09,6.07,202.23,35.72,2.22
INE0GGO01015,FY26,11.15,13.84,0.19,9.17,292.67,64.79,10.55
INE0J5601015,FY23,12.96,13.05,0.45,4.63,62.26,14.68,2.34
INE0J5601015,FY24,9.22,12.54,0.09,7.87,104.1,14.9,0.27
INE0J5601015,FY25,16.93,21.7,0.08,15.4,188.77,25.36,2.7
INE0J5601015,FY26,21.35,26.15,0.01,,238.72,39.55,5.7
INE0Q3J01015,FY23,54.24,49.74,0.62,6.93,247.3,32.26,0.11
INE0Q3J01015,FY24,30.23,26.96,0.67,8.45,308.12,86.14,4.45
INE0Q3J01015,FY25,10.6,14.61,0.07,9.75,429.85,167.47,82.27
INE0Q3J01015,FY26,13.32,13.64,0.33,12.3,600.06,347.17,33.34
INE0ATZ01017,FY23,37.19,50.18,0.0,4.48,95.58,15.91,0.0
INE0ATZ01017,FY24,32.2,43.15,,5.75,89.86,26.89,0.49
INE0ATZ01017,FY25,28.26,38.03,,6.86,100.19,28.62,0.76
INE0ATZ01017,FY26,23.82,31.78,0.01,,101.22,29.61,0.88
INE0O6601022,FY23,30.29,27.9,0.86,4.79,459.97,92.45,3.3
INE0O6601022,FY24,30.57,28.42,0.8,6.96,603.58,114.6,8.68
INE0O6601022,FY25,11.05,17.01,0.08,8.04,620.41,176.49,44.5
INE0O6601022,FY26,11.27,15.29,0.11,8.56,673.2,222.92,16.0
INE08LI01020,FY23,8.41,11.23,0.04,19.29,487.12,502.71,34.86
INE08LI01020,FY24,7.02,8.67,0.2,17.31,619.63,690.93,46.21
INE08LI01020,FY25,8.79,11.72,0.23,23.56,717.16,686.28,18.84
INE08LI01020,FY26,10.35,10.88,0.55,30.88,772.77,859.7,208.07
INE0QN801017,FY23,16.46,25.8,0.31,33.32,707.64,80.55,0.0
INE0QN801017,FY24,9.12,14.68,0.23,29.61,1026.85,112.16,29.25
INE0QN801017,FY25,14.3,16.2,0.21,44.61,1212.78,130.46,29.35
INE0QN801017,FY26,12.89,14.7,0.24,45.94,1277.28,105.19,0.0
INE999A01023,FY23,16.03,21.89,0.0,11.99,2231.7,442.06,44.1
INE999A01023,FY24,16.66,22.39,0.0,14.22,2520.06,483.64,64.45
INE999A01023,FY25,16.11,21.59,0.0,15.54,2679.63,535.66,93.21
INE455I01029,FY23,19.91,20.94,0.0,47.89,1067.88,392.37,133.06
INE455I01029,FY24,24.23,26.02,0.0,54.58,1146.05,429.66,133.51
INE455I01029,FY25,18.77,19.84,0.0,55.1,1204.97,504.94,89.13
INE455I01029,FY26,16.84,17.42,,56.94,1394.76,560.92,129.9
INE987S01020,FY23,13.74,15.03,0.67,3.93,967.62,119.11,13.42
INE987S01020,FY24,16.17,15.17,0.93,5.51,1282.88,151.59,13.18
INE987S01020,FY25,22.77,17.81,1.23,10.03,1928.29,265.3,133.28
INE987S01020,FY26,13.63,16.82,0.4,18.37,3106.97,363.87,52.08
INE907A01026,FY23,11.21,12.64,0.34,38.26,1874.17,617.33,18.2
INE907A01026,FY24,14.81,15.75,0.35,56.99,1929.67,1114.88,381.31
INE907A01026,FY25,13.55,15.63,0.23,58.7,1957.13,1112.81,435.38
INE907A01026,FY26,12.25,13.78,0.23,59.07,1813.24,1187.33,560.59
INE0D6I01023,FY23,110.44,147.28,0.0,10.42,78.31,1.04,0.0
INE0D6I01023,FY24,143.31,192.69,0.0,14.4,108.64,2.36,0.0
INE0D6I01023,FY25,165.36,131.77,0.69,14.47,137.43,7.38,0.0
INE0D6I01023,FY26,116.83,131.03,0.19,14.48,162.67,5.78,0.0
INE614B01018,FY23,14.37,,0.19,37.64,4177.99,875.36,29.14
INE614B01018,FY24,12.05,,0.22,39.67,4625.57,928.06,13.27
INE614B01018,FY25,10.53,,0.16,33.63,4579.97,990.67,14.36
INE614B01018,FY26,9.91,,0.4,34.61,4521.7,1060.16,0.0
INE529I01021,FY23,14.08,18.19,0.53,15.6,1302.45,1460.86,54.06
INE529I01021,FY24,16.36,17.5,0.46,21.07,1206.2,1566.82,98.99
INE529I01021,FY25,9.5,10.34,0.54,13.2,1099.76,1815.78,214.48
INE529I01021,FY26,3.42,4.78,0.71,,1085.21,2105.1,285.3
INE0ISX01025,FY23,66.92,47.81,1.01,3.54,295.35,97.49,0.19
INE0ISX01025,FY24,60.13,45.99,0.85,8.04,455.69,194.31,8.43
INE0ISX01025,FY25,43.45,29.27,1.17,10.67,770.1,277.65,45.19
INE0ISX01025,FY26,19.52,20.11,0.57,,674.81,332.51,26.26
INE600L01024,FY23,14.33,18.28,0.25,14.37,2016.64,404.93,3.92
INE600L01024,FY24,19.34,25.51,0.13,21.49,2226.5,348.4,5.37
INE600L01024,FY25,22.42,27.77,0.07,29.2,2461.22,342.66,6.86
INE600L01024,FY26,20.13,25.56,0.08,30.2,2762.76,489.82,5.95
INE559R01029,FY23,17.99,15.76,1.08,21.74,3288.2,446.71,5.01
INE559R01029,FY24,10.39,9.68,1.35,13.77,3166.55,527.05,4.94
INE559R01029,FY25,2.88,6.51,1.75,3.85,4025.5,696.05,5.35
INE559R01029,FY26,6.38,8.14,1.74,9.01,4896.23,714.6,2.22
INE059D01020,FY23,15.87,21.07,0.02,11.08,449.92,217.51,0.17
INE059D01020,FY24,15.0,17.77,0.01,11.51,362.67,202.51,5.66
INE059D01020,FY25,11.72,15.97,0.01,8.7,324.1,192.31,5.77
INE059D01020,FY26,11.25,14.6,0.01,8.32,305.41,170.63,1.65
INE17IR01028,FY24,8.43,14.81,0.85,,1727.35,198.46,6.81
INE17IR01028,FY25,18.02,21.27,0.88,,2545.33,222.75,46.87
INE17IR01028,FY26,20.9,18.93,1.2,,2305.88,260.29,46.97
INE0I7C01011,FY23,12.87,15.57,0.02,7.63,538.76,23.18,0.0
INE0I7C01011,FY24,11.54,14.25,0.02,7.68,640.68,27.5,0.0
INE0I7C01011,FY25,11.61,15.38,0.02,8.41,847.84,48.14,8.68
INE0I7C01011,FY26,11.29,15.15,0.02,9.56,1060.19,56.47,0.0
INE947Q01028,FY23,19.57,20.35,0.5,14.64,6014.22,3700.17,550.78
INE947Q01028,FY24,3.91,6.1,0.63,2.97,5001.8,4047.53,422.84
INE947Q01028,FY25,8.01,9.55,0.62,6.64,5507.86,4315.96,458.36
INE947Q01028,FY26,16.77,17.18,0.48,16.45,6721.23,4879.22,773.28
INE0WO601020,FY23,-22.33,-0.3,2.18,-0.72,158.94,38.15,0.0
INE0WO601020,FY24,58.35,14.61,1.17,4.51,191.45,43.64,0.0
INE0WO601020,FY25,15.24,16.32,0.09,6.05,236.56,48.93,0.0
INE0WO601020,FY26,11.91,11.82,0.05,5.26,271.5,59.24,0.0
INE06WU01026,FY23,10.47,2.88,4.04,3.06,122.58,10.08,0.0
INE06WU01026,FY24,11.14,3.07,3.81,4.3,159.23,11.07,0.0
INE06WU01026,FY25,13.96,4.01,4.42,6.89,244.78,12.76,0.0
INE06WU01026,FY26,10.69,4.17,2.87,,314.65,17.07,0.0
INE0QJW01029,FY25,31.79,29.41,0.64,11.07,1349.22,402.62,15.04
INE0QJW01029,FY26,37.07,39.51,0.34,,1690.52,385.06,10.16
INE970X01018,FY23,13.42,11.73,2.55,1.45,839.18,3334.02,479.9
INE970X01018,FY24,15.36,12.67,2.42,1.88,1012.66,3530.67,25.7
INE970X01018,FY25,16.9,15.33,1.85,2.48,1286.08,3476.15,48.39
INE970X01018,FY26,16.32,15.86,1.44,2.87,1444.5,3533.96,108.12
INE956O01016,FY25,4.85,6.13,0.42,1.72,6492.68,3577.9,0.0
INE956O01016,FY26,5.65,7.26,0.35,2.9,8789.86,4704.82,142.8
INE337A01034,FY23,18.45,23.61,0.08,80.25,2034.77,508.7,40.56
INE337A01034,FY24,16.53,21.22,0.07,86.44,2195.0,607.7,63.08
INE337A01034,FY25,15.86,19.48,0.08,95.44,2419.37,836.76,52.69
INE337A01034,FY26,14.8,18.43,0.11,99.95,2880.88,1132.06,63.53
INE324D01010,FY25,,,,,24156.65,,0.0
INE324D01010,FY26,21.98,28.8,0.06,24.83,24459.42,2266.87,718.07
INE258Y01016,FY23,1.24,4.45,1.0,0.19,60.88,0.94,0.0
INE258Y01016,FY24,20.86,17.5,1.16,4.54,201.93,0.79,0.0
INE258Y01016,FY25,16.24,13.44,1.57,2.11,87.82,0.61,0.0
INE258Y01016,FY26,6.21,9.35,1.53,,104.31,0.47,0.0
INE115A01026,FY23,10.63,,8.61,52.55,6379.66,373.61,21.59
INE115A01026,FY24,15.13,,7.73,86.53,8676.74,331.13,3.49
INE115A01026,FY25,14.97,,7.22,98.95,8178.51,323.98,0.66
INE115A01026,FY26,13.53,,6.43,101.87,8549.95,350.34,2.51
INE0J1Y01017,FY23,77.86,78.21,,28.46,785217.08,3821.33,331.46
INE0J1Y01017,FY24,49.45,49.77,,32.34,849030.87,4063.65,402.52
INE0J1Y01017,FY25,37.98,38.12,,38.2,891125.26,4213.79,325.92
INE0J1Y01017,FY26,32.53,32.65,,45.42,968824.68,4462.51,418.95
INE060901027,FY23,23.8,32.57,0.0,15.09,364.96,19.86,0.0
INE060901027,FY24,21.13,28.97,0.0,16.58,421.68,25.79,0.0
INE060901027,FY25,18.59,25.36,0.0,17.57,520.09,22.22,0.0
INE060901027,FY26,9.51,13.06,0.0,9.94,456.73,23.2,0.0
INE802B01027,FY23,21.1,28.42,0.01,6.29,482.2,93.67,5.66
INE802B01027,FY24,16.74,21.06,0.13,1.44,503.8,128.17,14.72
INE802B01027,FY25,16.22,20.74,0.11,6.4,543.48,132.44,19.78
INE802B01027,FY26,12.7,18.52,0.1,5.5,543.01,140.35,33.92
INE405C01035,FY23,14.51,20.24,0.0,36.4,504.95,158.48,8.25
INE405C01035,FY24,15.74,20.83,0.0,46.58,580.55,186.55,7.55
INE405C01035,FY25,12.26,16.54,,41.11,623.23,186.0,4.47
INE405C01035,FY26,11.6,15.31,0.01,43.88,671.03,195.26,5.23
INE473A01011,FY24,12.52,16.8,0.01,50.9,2768.38,2418.46,616.85
INE473A01011,FY25,11.91,16.21,0.01,53.33,2485.22,3688.59,1783.08
INE473A01011,FY26,12.87,17.21,0.02,64.37,2530.48,4221.15,2148.36
INE093R01011,FY23,18.85,21.28,0.27,0.3,310.5,57.84,25.55
INE093R01011,FY24,19.42,21.22,0.18,0.65,621.95,87.18,10.65
INE093R01011,FY25,15.92,20.4,0.13,0.79,840.9,220.93,70.62
INE093R01011,FY26,11.36,12.11,0.06,1.49,1293.84,360.56,102.74
INE080I01025,FY23,4.79,5.67,0.07,0.48,377.41,57.94,25.55
INE080I01025,FY24,7.59,13.01,0.08,1.25,938.09,88.9,10.65
INE080I01025,FY25,2.19,5.94,0.23,0.41,1430.07,170.48,63.09
INE080I01025,FY26,6.84,10.35,0.19,2.09,1678.26,332.37,71.14
INE281B01032,FY23,-18.87,-20.93,0.04,-6.53,3343.03,930.32,445.85
INE281B01032,FY24,44.22,58.26,0.06,24.43,6481.01,2782.97,1594.99
INE281B01032,FY25,22.53,25.58,0.17,26.12,6626.31,6481.7,4791.18
INE281B01032,FY26,26.54,16.56,1.49,,16822.43,27853.92,16392.43
INE269B01029,FY23,16.42,15.92,0.0,359.47,4639.03,915.31,27.87
INE269B01029,FY24,13.82,12.54,0.0,349.77,4618.47,982.46,24.41
INE269B01029,FY25,3.69,5.45,0.0,96.05,2908.85,982.8,11.43
INE269B01029,FY26,4.56,6.34,0.0,122.37,3119.45,934.63,2.81
INE670K01029,FY23,3.84,8.2,0.72,5.05,9334.8,1142.8,0.0
INE670K01029,FY24,8.87,12.02,0.44,15.99,10197.7,570.9,0.0
INE670K01029,FY25,13.7,15.37,0.35,27.67,13670.1,617.0,0.0
INE670K01029,FY26,14.72,15.3,0.42,34.25,16291.2,969.6,0.0
INE397H01017,FY23,6.08,9.7,0.55,5.41,240.3,146.08,23.9
INE397H01017,FY24,7.07,9.74,0.6,7.68,293.54,198.65,28.3
INE397H01017,FY25,0.25,4.3,0.63,0.28,228.32,218.52,15.38
INE0V9Q01010,FY23,34.41,6.19,6.83,0.34,166.87,2.31,0.0
INE0V9Q01010,FY24,70.68,27.02,2.52,2.45,461.58,1.81,0.0
INE0V9Q01010,FY25,24.39,29.11,0.13,4.65,549.68,3.38,0.0
INE0V9Q01010,FY26,12.41,16.09,0.07,,768.95,1.92,0.0
INE018A01030,FY23,11.72,9.66,1.35,74.45,181661.42,16460.93,2986.78
INE018A01030,FY24,15.12,11.87,1.35,93.88,219115.69,18564.5,2977.45
INE018A01030,FY25,15.4,11.7,1.36,109.28,254208.65,19799.47,2801.88
INE018A01030,FY26,14.72,12.28,1.15,116.88,284225.19,22599.11,3162.29
INE498L01015,FY23,7.54,,3.86,6.54,6521.26,406.76,2.1
INE498L01015,FY24,9.9,,3.27,9.3,7859.26,409.82,3.08
INE498L01015,FY25,10.34,,3.61,10.57,9669.18,513.5,0.0
INE498L01015,FY26,10.65,,3.94,11.88,10635.18,858.55,0.0
INE818H01020,FY23,14.6,15.66,0.44,12.5,6895.61,946.87,36.96
INE818H01020,FY24,17.6,20.37,0.27,17.09,7739.57,1150.28,78.22
INE818H01020,FY25,15.71,17.79,0.33,17.43,8681.47,1396.62,81.19
INE818H01020,FY26,13.83,16.27,0.36,18.01,10945.56,1699.58,67.2
INE214T01019,FY23,26.57,32.57,0.09,148.83,33183.0,3036.2,812.6
INE214T01019,FY24,22.89,28.39,0.1,154.48,35517.0,4023.7,466.9
INE214T01019,FY25,20.26,25.67,0.1,155.0,38008.1,4580.5,617.4
INE214T01019,FY26,20.89,26.43,0.1,169.13,42307.6,5093.2,922.8
INE010V01017,FY23,27.33,35.39,0.1,114.48,8815.5,669.2,6.5
INE010V01017,FY24,24.47,30.98,0.12,123.0,9647.3,1000.9,13.1
INE010V01017,FY25,20.83,25.47,0.1,119.44,9642.2,906.2,28.0
INE010V01017,FY26,19.76,24.66,0.09,120.53,10995.9,870.3,11.7
INE162B01018,FY23,17.66,17.6,0.74,110.27,2316.32,843.26,113.54
INE162B01018,FY24,16.53,14.85,1.08,118.77,2631.2,1166.3,216.32
INE162B01018,FY25,18.07,15.04,1.15,149.67,3354.66,1336.53,250.29
INE162B01018,FY26,18.8,15.69,1.06,184.5,4147.1,1539.75,124.27
INE872H01027,FY23,14.04,12.3,1.0,13.63,1786.06,696.12,18.49
INE872H01027,FY24,16.49,18.45,1.03,19.1,2760.64,758.2,58.66
INE872H01027,FY25,19.02,21.08,0.97,26.08,3439.64,889.11,82.46
INE872H01027,FY26,23.04,20.95,1.02,40.91,4682.27,1109.84,89.3
INE326A01037,FY23,3.45,5.63,0.36,9.41,16269.98,5677.7,1032.68
INE326A01037,FY24,13.4,15.69,0.2,41.87,19656.34,5560.84,662.29
INE326A01037,FY25,19.08,18.92,0.32,71.69,22192.11,5613.6,465.42
INE326A01037,FY26,23.76,25.07,0.29,116.44,27487.54,6255.07,805.97
INE150G01020,FY23,9.78,12.33,0.18,47.23,2364.43,345.76,57.92
INE150G01020,FY24,8.27,10.8,0.13,43.07,2314.36,357.33,14.35
INE150G01020,FY25,9.55,11.81,0.18,54.97,2570.25,381.58,19.7
INE150G01020,FY26,5.66,7.15,0.34,34.52,2915.18,407.31,16.94
INE576O01020,FY23,8.82,10.12,0.29,4.67,2786.82,1169.79,455.64
INE576O01020,FY24,6.71,9.12,0.08,4.43,2836.08,1329.8,452.38
INE576O01020,FY25,5.95,8.35,0.14,4.07,2977.03,1614.17,448.53
INE576O01020,FY26,4.0,4.35,0.27,2.86,2770.68,2142.12,662.25
INE101A01026,FY23,18.24,13.3,1.64,91.96,119040.38,22878.08,2526.75
INE101A01026,FY24,17.02,13.49,1.61,100.7,135803.03,27326.58,5917.98
INE101A01026,FY25,16.78,13.83,1.62,115.06,155645.26,30831.2,4996.38
INE101A01026,FY26,18.37,15.21,1.44,152.18,193097.95,33128.96,4116.64
INE774D01024,FY23,11.17,,4.12,16.34,7394.12,1079.55,224.45
INE774D01024,FY24,9.7,,4.67,15.23,8137.29,1068.33,85.36
INE774D01024,FY25,10.51,,5.03,17.77,9065.48,1109.55,82.42
INE774D01024,FY26,10.72,,4.31,20.86,10755.66,1141.0,65.71
INE215I01027,FY23,38.36,38.29,0.43,36.96,807.6,52.71,1.84
INE215I01027,FY24,20.08,23.69,0.2,6.06,953.03,75.66,21.67
INE215I01027,FY25,8.69,9.27,0.51,2.87,810.17,105.42,1.57
INE215I01027,FY26,4.74,7.02,0.2,2.35,808.71,122.74,15.55
INE155Z01011,FY23,13.35,17.96,0.0,12.89,201.86,43.5,0.09
INE155Z01011,FY24,20.23,27.16,0.0,24.09,241.04,49.79,2.71
INE155Z01011,FY25,17.81,24.12,0.02,25.43,261.82,59.47,4.86
INE155Z01011,FY26,19.33,26.63,0.0,,333.18,59.57,0.65
INE414A01015,FY23,-64.56,26.87,-5.2,11.5,307.79,202.13,11.7
INE414A01015,FY24,-2.93,5.49,-8.35,0.35,243.73,219.43,21.02
INE414A01015,FY25,-198.92,9.86,-49.36,3.99,2541.08,218.04,19.8
INE414A01015,FY26,87.44,22.19,6.9,,2300.35,236.06,26.81
INE347W01011,FY23,7.86,8.79,0.91,35.67,950.09,792.07,2.39
INE347W01011,FY24,15.61,13.68,0.85,82.61,1094.42,808.66,17.05
INE347W01011,FY25,13.12,12.08,0.85,77.67,1291.8,936.26,40.13
INE347W01011,FY26,7.22,7.68,0.79,45.07,1238.87,984.37,45.58
INE457A01014,FY23,16.5,,0.65,3.87,10235.62,2156.74,7.51
INE457A01014,FY24,20.49,,0.39,5.8,11988.24,2209.61,9.7
INE457A01014,FY25,19.3,,0.83,7.51,13759.25,2915.62,4.36
INE457A01014,FY26,21.12,,1.06,9.12,15801.91,2961.79,8.01
INE451L01014,FY23,4.05,5.75,0.32,3.31,645.6,65.27,0.05
INE451L01014,FY24,4.76,7.46,0.29,4.09,782.12,69.52,0.0
INE451L01014,FY25,5.1,7.15,0.31,4.62,801.76,71.47,0.0
INE451L01014,FY26,6.05,8.29,0.37,5.84,882.85,72.74,0.0
INE813A01018,FY23,5.62,5.59,0.15,6.01,606.53,21.78,5.13
INE813A01018,FY24,5.25,2.24,0.47,5.81,212.09,28.81,5.08
INE813A01018,FY25,3.23,2.69,0.76,3.63,372.27,30.02,4.79
INE813A01018,FY26,8.22,7.39,0.18,14.61,1178.31,36.59,10.11
INE766P01016,FY23,4.68,6.17,1.48,3.32,5119.74,613.85,6.53
INE766P01016,FY24,-11.12,3.31,1.5,-6.94,5505.97,593.71,24.56
INE766P01016,FY25,-8.19,5.63,1.98,-4.78,6104.83,716.94,54.7
INE766P01016,FY26,0.19,5.93,0.55,0.25,6999.3,924.79,35.47
INE288A01013,FY23,1.03,1.01,0.0,170.9,216.06,11.98,0.0
INE288A01013,FY24,0.74,0.75,0.0,174.4,222.5,10.06,0.0
INE288A01013,FY25,0.69,0.55,0.0,187.6,182.69,0.16,0.0
INE288A01013,FY26,1.12,1.12,0.0,271.7,312.93,0.0,0.0
INE271B01025,FY23,16.02,19.05,0.05,57.07,5575.09,2036.55,22.23
INE271B01025,FY24,16.6,21.4,0.0,70.99,5271.65,1959.93,11.54
INE271B01025,FY25,12.26,15.82,0.0,58.02,5268.67,1892.31,30.01
INE271B01025,FY26,10.2,13.67,0.0,52.33,4674.34,1934.12,72.32
INE683C01011,FY23,17.8,22.7,0.0,171.43,2840.29,253.81,3.75
INE683C01011,FY24,11.11,14.28,0.01,119.87,1697.78,293.03,57.02
INE683C01011,FY25,16.82,20.2,0.15,216.47,1805.61,319.36,23.74
INE683C01011,FY26,10.46,14.78,0.06,148.96,2172.59,289.22,1.48
INE389C01015,FY23,18.18,18.02,0.45,59.19,391.88,115.21,8.26
INE389C01015,FY24,15.29,16.23,0.39,58.2,406.8,133.7,10.21
INE389C01015,FY25,19.23,19.35,0.39,92.04,486.78,202.76,74.27
INE389C01015,FY26,9.44,11.12,0.38,48.15,539.61,224.34,0.0
INE0TO701015,FY23,17.6,19.73,0.16,9.15,198.26,62.52,0.0
INE0TO701015,FY24,27.01,32.69,0.1,1.45,234.15,63.18,0.0
INE0TO701015,FY25,23.81,31.6,0.03,16.56,250.81,62.39,0.0
INE0TO701015,FY26,8.13,10.44,0.05,,230.83,64.83,0.0
INE830Q01018,FY23,7.85,8.17,1.59,1.43,647.64,170.79,48.67
INE830Q01018,FY24,7.37,13.06,1.17,1.67,735.49,168.31,49.03
INE830Q01018,FY25,6.79,14.51,0.64,2.07,781.63,180.89,68.43
INE830Q01018,FY26,11.66,17.87,0.33,4.32,884.48,198.57,30.54
INE824Q01011,FY23,4.2,5.86,0.17,1.86,742.12,78.97,6.92
INE824Q01011,FY24,9.45,9.24,0.62,4.33,680.75,90.6,31.98
INE824Q01011,FY25,3.37,4.14,0.71,1.49,634.26,154.91,92.52
INE824Q01011,FY26,12.25,14.68,0.46,,1131.1,184.43,32.71
INE201A01024,FY23,4.85,6.9,0.08,2.95,1174.96,297.06,26.68
INE201A01024,FY24,1.81,3.59,0.1,1.12,1031.35,307.52,20.1
INE201A01024,FY25,2.68,4.29,0.12,1.7,897.12,384.46,73.52
INE201A01024,FY26,10.14,11.56,0.11,7.56,1022.39,403.14,38.92
INE522D01027,FY23,15.51,,3.02,17.67,4458.41,1044.34,16.01
INE522D01027,FY24,18.95,,2.97,25.86,5938.22,1032.04,33.35
INE522D01027,FY25,9.78,,2.9,14.37,6309.52,1056.9,11.47
INE522D01027,FY26,6.25,,3.6,11.71,5513.82,996.57,26.88
INE939X01013,FY23,9.84,3.09,3.61,3.3,124.96,20.88,0.0
INE939X01013,FY24,15.54,4.13,3.8,6.21,168.36,18.93,0.0
INE939X01013,FY25,10.25,4.61,2.94,7.52,237.79,16.9,0.0
INE939X01013,FY26,11.07,4.27,3.8,9.03,313.46,13.84,0.0
INE545L01039,FY23,7.07,5.59,0.78,4.1,20.83,1.27,0.0
INE545L01039,FY24,8.28,5.55,1.08,5.45,33.01,1.27,0.0
INE545L01039,FY25,9.29,5.65,1.42,6.58,49.58,1.51,0.0
INE545L01039,FY26,8.86,4.44,1.92,,69.9,4.16,0.0
INE347A01017,FY23,2.26,4.94,0.82,6.23,1792.18,1260.23,90.34
INE347A01017,FY24,7.36,10.44,0.75,21.72,1724.58,1283.11,121.51
INE347A01017,FY25,5.29,7.73,0.74,16.39,1679.91,1328.84,151.39
INE347A01017,FY26,13.19,7.17,0.91,46.9,1757.27,1574.47,279.42
INE993A01026,FY23,5.92,8.02,0.27,11.17,2216.55,539.54,50.5
INE993A01026,FY24,7.48,11.69,0.23,16.73,3112.86,635.9,96.23
INE993A01026,FY25,9.53,14.93,0.3,22.78,3505.35,807.95,235.55
INE993A01026,FY26,8.17,14.33,0.3,,3563.9,1119.29,325.78
INE949H01023,FY23,23.74,34.5,0.19,6.96,1850.81,53.14,0.0
INE949H01023,FY24,20.53,26.27,0.09,8.06,1232.14,42.73,0.06
INE949H01023,FY25,16.03,22.7,0.02,7.59,1099.59,41.24,0.94
INE949H01023,FY26,8.85,12.44,0.03,,623.04,54.02,1.09
INE459N01021,FY24,14.8,12.57,1.28,4.52,6079.39,5023.82,49.42
INE459N01021,FY25,8.81,10.57,2.04,3.9,9263.56,7909.8,699.8
INE459N01021,FY26,7.77,9.93,1.53,,10935.62,9031.05,805.14
INE634S01028,FY23,17.24,22.5,0.02,32.0,8749.43,3075.8,552.0
INE634S01028,FY24,20.43,25.35,0.02,47.68,10259.29,3170.95,239.36
INE634S01028,FY25,13.89,12.86,0.59,49.19,12207.44,3259.17,351.35
INE634S01028,FY26,11.74,13.12,0.39,46.28,14277.64,3713.94,754.38
INE00VM01036,FY23,9.98,12.47,0.37,4.99,348.21,148.3,51.67
INE00VM01036,FY24,11.9,10.51,1.03,6.72,455.76,173.74,44.41
INE00VM01036,FY25,23.88,19.67,1.05,18.35,770.84,183.44,7.28
INE00VM01036,FY26,31.98,32.69,0.53,35.99,1366.74,212.44,18.22
INE825V01034,FY23,30.65,35.87,0.21,17.68,1352.97,414.28,63.86
INE825V01034,FY24,25.86,28.97,0.28,17.04,1365.41,501.94,5.47
INE825V01034,FY25,21.75,25.33,0.27,15.98,1386.48,526.58,5.28
INE825V01034,FY26,19.12,22.8,0.23,15.45,1435.48,493.03,0.0
INE0BV301023,FY23,19.78,24.8,0.05,19.51,281.46,20.71,0.0
INE0BV301023,FY24,20.32,25.94,0.04,24.58,379.42,24.68,0.0
INE0BV301023,FY25,18.18,24.84,0.04,26.77,463.25,32.62,0.0
INE0BV301023,FY26,14.83,20.87,0.01,24.46,474.1,41.4,0.09
INE182D01020,FY23,15.41,16.58,1.11,25.21,698.5,8.3,0.0
INE182D01020,FY24,16.56,15.35,0.76,32.5,704.62,9.77,0.0
INE182D01020,FY25,15.72,15.26,0.47,37.19,580.14,11.59,0.0
INE182D01020,FY26,8.92,10.94,0.04,30.59,496.12,14.16,0.0
INE196A01026,FY23,34.27,40.28,0.16,10.05,9689.0,901.0,94.0
INE196A01026,FY24,38.65,45.53,0.14,11.43,9573.0,968.0,59.0
INE196A01026,FY25,40.98,47.49,0.14,12.56,10733.0,1007.0,66.0
INE196A01026,FY26,41.85,48.56,0.13,13.59,13548.0,1239.0,150.0
INE01JE01028,FY23,8.16,11.47,0.32,1.36,441.97,37.67,0.0
INE01JE01028,FY24,10.33,12.86,0.39,2.02,621.72,60.21,17.12
INE01JE01028,FY25,9.52,14.49,0.14,2.81,767.1,56.01,6.63
INE01JE01028,FY26,11.84,16.3,0.18,,876.94,64.52,13.5
INE750C01026,FY23,15.26,18.38,0.07,6.41,1849.62,392.84,13.2
INE750C01026,FY24,15.19,18.83,0.12,6.92,2174.2,693.22,17.51
INE750C01026,FY25,15.43,18.49,0.13,8.4,2614.45,899.85,13.44
INE750C01026,FY26,13.82,17.37,0.11,9.22,2941.64,941.24,15.37
INE585B01010,FY23,11.08,14.09,0.02,262.84,113764.8,32136.2,4743.0
INE585B01010,FY24,15.75,20.54,0.0,429.01,136483.8,36320.7,8909.6
INE585B01010,FY25,15.07,20.57,0.0,461.2,147468.6,41349.1,8856.5
INE585B01010,FY26,13.7,18.05,0.0,466.9,177094.1,44762.7,10743.2
INE348L01012,FY23,13.38,4.16,3.87,12.39,774.78,73.07,57.66
INE348L01012,FY24,14.08,3.82,4.0,15.31,1008.33,93.37,69.8
INE348L01012,FY25,11.9,3.58,3.52,17.48,1271.31,115.22,91.48
INE348L01012,FY26,12.48,3.81,3.47,20.46,1531.77,192.21,125.76
INE759A01021,FY23,17.41,21.64,0.24,95.53,2558.2,95.56,6.66
INE759A01021,FY24,14.39,16.45,0.25,97.25,3049.24,89.08,0.94
INE759A01021,FY25,15.27,16.46,0.24,120.65,3455.23,84.11,1.88
INE759A01021,FY26,13.5,16.13,0.15,129.5,3698.75,72.76,1.58
INE677D01037,FY23,18.05,21.61,0.44,6.06,288.51,13.82,0.0
INE677D01037,FY24,21.43,28.96,0.37,9.79,411.12,15.3,0.0
INE677D01037,FY25,20.56,26.71,0.4,11.2,583.84,14.8,0.0
INE677D01037,FY26,15.43,22.19,0.28,10.6,575.77,13.93,0.0
INE866R01028,FY23,18.45,19.22,0.27,20.72,455.77,79.8,0.46
INE866R01028,FY24,17.0,19.97,0.2,22.25,481.36,64.99,0.72
INE866R01028,FY25,18.74,21.19,0.22,20.56,455.84,65.67,0.27
INE866R01028,FY26,16.55,18.69,0.24,15.92,459.99,63.42,0.12
INE03EI01018,FY23,1.57,1.9,0.71,1.29,107.34,19.0,0.0
INE03EI01018,FY24,-3.6,-1.16,0.85,-2.87,92.94,19.0,0.0
INE03EI01018,FY25,1.79,2.47,0.73,1.7,160.49,430.1,414.54
INE03EI01018,FY26,0.52,1.82,1.0,,199.45,34.82,20.24
INE027H01010,FY23,14.89,13.65,0.12,11.36,4488.95,2343.8,324.72
INE027H01010,FY24,12.58,14.53,0.15,10.84,5309.48,3824.91,579.08
INE027H01010,FY25,11.47,12.55,0.32,11.01,6910.36,6496.22,1034.3
INE027H01010,FY26,13.42,13.29,0.32,,8225.43,7673.66,693.7
INE0CG601016,FY23,-1.92,0.55,0.08,-2.06,201.03,90.88,0.22
INE0CG601016,FY24,-11.45,-8.3,0.09,-12.36,175.63,123.86,11.78
INE0CG601016,FY25,-39.14,-28.27,0.29,-31.55,145.49,174.25,21.12
INE0CG601016,FY26,-29.84,-21.24,0.24,-23.85,190.56,182.83,2.28
INE040D01038,FY23,13.83,17.16,0.03,23.69,767.65,243.55,1.7
INE040D01038,FY24,14.12,18.22,0.02,27.86,794.95,234.96,2.77
INE040D01038,FY25,15.62,21.06,0.01,34.18,880.14,223.07,1.02
INE040D01038,FY26,16.93,22.83,0.01,44.13,967.02,215.23,2.55
INE249Z01020,FY23,23.51,29.62,0.0,27.74,7584.03,1068.52,61.62
INE249Z01020,FY24,31.02,38.88,0.0,48.02,9068.01,887.83,68.24
INE249Z01020,FY25,30.4,38.76,0.0,59.83,11196.04,1577.46,133.2
INE249Z01020,FY26,26.48,32.43,0.05,64.04,12973.07,2274.24,251.84
INE900L01028,FY23,37.82,29.35,0.98,1.42,508.09,208.1,4.95
INE900L01028,FY24,7.08,12.1,0.83,0.57,492.78,286.28,21.64
INE900L01028,FY25,14.23,16.99,0.79,1.31,1059.17,388.66,109.95
INE900L01028,FY26,27.32,14.69,1.56,,1866.98,713.61,277.48
INE08N601015,FY23,18.22,18.42,0.83,5.76,880.47,77.38,1.86
INE08N601015,FY24,19.58,18.09,0.88,7.99,795.06,142.29,66.23
INE08N601015,FY25,25.14,24.57,0.62,13.48,988.55,175.35,2.18
INE08N601015,FY26,14.1,19.04,0.13,,1259.72,190.17,14.19
INE942G01012,FY23,-185.57,-35.33,3.44,-101.14,1329.13,1226.62,48.59
INE942G01012,FY24,-124.6,-7.46,7.57,-29.83,1117.55,1124.74,45.11
INE942G01012,FY25,-349.34,-0.95,33.57,-18.94,1185.41,1102.14,41.44
INE942G01012,FY26,244.6,-15.68,-29.62,-11.82,1154.39,1063.32,38.35
INE613C01026,FY23,24.89,20.61,0.73,1.32,427.47,104.38,1.49
INE613C01026,FY24,25.27,23.51,0.69,1.76,560.43,128.98,5.79
INE613C01026,FY25,19.84,21.6,0.5,1.95,597.24,99.83,4.36
INE613C01026,FY26,16.64,17.57,0.43,,697.88,118.25,5.16
INE745G01043,FY23,10.07,12.88,0.0,5.85,447.69,185.54,54.14
INE745G01043,FY24,6.03,7.41,0.0,3.26,583.54,193.33,7.94
INE745G01043,FY25,29.72,37.12,0.0,21.96,1112.66,231.2,6.63
INE745G01043,FY26,46.75,59.27,0.0,52.22,2302.0,265.13,28.0
INE474Q01031,FY23,13.43,14.84,0.46,12.57,2682.8,2371.9,326.98
INE474Q01031,FY24,16.46,18.87,0.28,17.8,3240.94,2617.9,386.28
INE474Q01031,FY25,14.22,17.36,0.21,17.92,3692.34,3036.06,528.52
INE474Q01031,FY26,14.05,15.42,0.3,20.66,4410.27,3910.92,816.37
INE456Z01021,FY23,19.66,26.16,0.08,10.76,502.38,56.75,2.46
INE456Z01021,FY24,14.19,17.57,0.06,9.53,633.29,55.11,0.44
INE456Z01021,FY25,16.78,16.38,0.38,12.85,723.32,84.01,0.0
INE456Z01021,FY26,10.48,11.39,0.06,12.14,904.77,93.71,0.0
INE804L01022,FY23,3.34,5.44,0.6,4.17,4528.68,1117.97,27.43
INE804L01022,FY24,4.15,6.57,0.64,5.45,5573.54,1202.7,6.78
INE804L01022,FY25,8.64,9.99,0.64,12.52,6087.46,1262.38,13.8
INE804L01022,FY26,11.12,11.64,0.72,18.29,6835.33,1578.4,33.19
INE0VDM01015,FY23,-67.64,-67.26,0.0,-3.7,5734.52,34.15,0.0
INE0VDM01015,FY24,-14.69,-13.96,0.03,-0.73,7615.15,110.39,0.0
INE0VDM01015,FY25,-272.68,-96.29,0.04,-8.73,9389.9,95.34,0.0
INE0VDM01015,FY26,-30.95,-26.98,0.01,-3.11,12626.35,125.74,0.0
INE0PKD01011,FY23,26.33,22.38,1.03,8.95,354.31,33.8,0.3
INE0PKD01011,FY24,18.22,19.05,0.8,7.58,449.48,41.11,1.68
INE0PKD01011,FY25,29.17,25.34,0.92,17.12,549.42,51.22,12.0
INE0PKD01011,FY26,7.31,10.97,0.08,17.46,579.68,78.54,9.13
INE071D01033,FY23,24.45,30.57,0.11,5.82,214.72,84.7,8.3
INE071D01033,FY24,16.81,20.18,0.24,4.35,208.48,94.3,14.12
INE071D01033,FY25,15.73,18.59,0.27,4.45,236.89,111.56,9.1
INE071D01033,FY26,20.64,23.65,0.25,6.83,290.17,119.4,0.09
INE317I01021,FY23,23.35,22.17,0.61,13.26,2126.44,1152.47,17.25
INE317I01021,FY24,22.13,18.37,0.59,15.11,2355.89,1329.39,8.88
INE317I01021,FY25,20.51,20.23,0.72,12.84,2507.39,1447.8,9.42
INE317I01021,FY26,20.61,18.58,0.79,15.06,2863.63,1839.73,13.63
INE112L01020,FY23,14.46,17.08,0.27,6.95,1148.21,310.92,0.27
INE112L01020,FY24,11.66,15.25,0.18,6.22,1207.71,336.37,0.34
INE112L01020,FY25,10.89,13.64,0.15,7.04,1331.2,361.47,0.95
INE112L01020,FY26,12.56,16.26,0.15,9.19,1645.85,415.03,5.02
INE180A01020,FY23,10.76,12.13,0.24,10.97,31327.98,385.71,0.81
INE180A01020,FY24,8.8,9.45,0.22,9.9,46494.38,407.41,1.98
INE180A01020,FY25,6.2,7.2,0.27,9.53,46396.02,510.75,3.13
INE180A01020,FY26,1.59,2.05,0.44,2.45,47590.51,584.85,0.83
INE002S01010,FY23,19.11,25.06,0.03,79.98,6277.27,3755.22,734.66
INE002S01010,FY24,25.04,33.03,0.03,130.06,6266.91,4624.59,845.91
INE002S01010,FY25,17.7,22.76,0.03,105.31,7227.51,5572.66,1150.64
INE002S01010,FY26,13.09,17.38,0.03,85.15,8206.56,6370.07,1385.19
INE998I01010,FY23,29.54,9.6,6.73,5.73,2400.11,4487.86,210.56
INE998I01010,FY24,25.95,9.16,6.15,5.74,2574.05,4672.22,217.48
INE998I01010,FY25,18.19,8.89,4.46,6.33,2640.17,5261.99,397.85
INE998I01010,FY26,8.94,6.94,4.92,3.44,2849.27,5927.58,354.06
INE287C01037,FY23,0.24,0.79,0.18,0.01,5.01,40.99,0.03
INE287C01037,FY24,50.7,14.51,0.1,2.79,50.03,25.87,0.12
INE287C01037,FY25,4.42,6.54,0.22,0.4,94.76,88.81,42.08
INE287C01037,FY26,-5.84,8.73,0.2,-0.53,190.52,45.69,0.0
INE099Z01011,FY23,12.16,13.68,0.38,8.34,849.88,1092.8,81.93
INE099Z01011,FY24,6.96,9.48,0.33,4.9,1031.19,1112.79,85.01
INE099Z01011,FY25,7.83,10.55,0.25,5.92,1052.79,1099.89,28.7
INE099Z01011,FY26,8.59,10.83,0.27,,1182.03,1079.4,15.8
INE0XAD01024,FY26,10.89,13.64,0.2,29.45,645.62,512.39,90.37
INE842C01021,FY23,17.88,14.57,0.45,11.89,4227.9,961.3,96.9
INE842C01021,FY24,11.47,14.41,0.27,9.49,4580.1,1133.4,83.3
INE842C01021,FY25,11.6,10.49,0.73,10.68,4964.5,1449.2,102.2
INE842C01021,FY26,13.63,12.13,0.56,15.07,6066.1,1676.4,229.9
INE110B01017,FY23,10.89,13.75,0.03,6.46,336.73,7.05,0.0
INE110B01017,FY24,12.36,15.43,0.01,8.55,385.53,4.04,0.0
INE110B01017,FY25,11.04,13.61,0.03,8.98,424.42,9.2,0.0
INE110B01017,FY26,10.38,13.02,0.01,9.85,407.3,4.22,0.0
INE227C01017,FY23,19.01,14.45,1.12,26.5,1461.88,864.12,62.57
INE227C01017,FY24,17.12,13.48,1.18,55.94,1563.07,1035.13,123.61
INE227C01017,FY25,13.79,10.85,1.33,25.52,1525.18,1345.11,383.31
INE227C01017,FY26,10.12,8.73,1.27,,1589.87,1432.81,334.84
INE511Y01018,FY23,8.29,10.11,0.22,8.39,537.94,177.3,17.84
INE511Y01018,FY24,10.95,12.25,0.32,12.46,578.42,211.89,29.38
INE511Y01018,FY25,12.02,12.78,0.48,15.31,691.86,254.16,31.66
INE511Y01018,FY26,8.95,10.06,0.53,,824.0,288.52,38.32
INE123F01029,FY23,110.66,116.89,0.14,10.42,3527.4,29.9,0.0
INE123F01029,FY24,12.14,12.64,0.0,1.28,5.13,25.92,0.0
INE123F01029,FY25,5.09,6.76,0.0,0.58,2.69,21.69,0.01
INE123F01029,FY26,18.27,30.15,0.0,,3.41,16.21,0.0
INE0HLU01028,FY23,-58.74,-17.55,1.44,-14.66,539.47,14.54,0.0
INE0HLU01028,FY24,8.66,8.16,1.37,2.38,875.0,15.83,0.0
INE0HLU01028,FY25,-20.65,-10.47,0.5,-19.27,1170.17,25.33,0.0
INE0HLU01028,FY26,-11.52,-4.24,0.51,,1119.23,22.24,0.0
INE537F01012,FY23,1.31,2.29,1.74,0.84,417.73,119.51,92.5
INE537F01012,FY24,-1.52,1.87,1.87,-1.09,395.4,148.9,0.03
INE537F01012,FY25,25.52,17.89,1.22,23.32,638.07,169.17,24.41
INE537F01012,FY26,29.21,21.05,0.94,37.79,680.82,233.0,19.49
INE0L0L01012,FY23,17.87,23.63,0.23,3.41,38.71,0.0,0.0
INE0L0L01012,FY24,6.92,8.73,0.07,3.51,57.78,1.96,0.0
INE0L0L01012,FY25,18.12,21.27,0.03,11.8,102.91,0.95,0.0
INE0L0L01012,FY26,18.63,23.35,0.04,14.89,189.31,0.58,0.0
INE737D01021,FY23,5.97,8.68,0.03,3.44,334.14,75.75,10.35
INE737D01021,FY24,10.5,13.47,0.16,6.58,403.8,89.38,13.82
INE737D01021,FY25,11.39,13.44,0.34,7.61,489.42,96.06,6.82
INE737D01021,FY26,26.41,23.34,0.64,,709.58,100.19,8.7
INE490G01020,FY23,11.17,11.75,0.0,12.31,1334.63,1097.82,285.36
INE490G01020,FY24,11.96,12.05,0.0,14.42,1442.52,1223.45,356.85
INE490G01020,FY25,14.47,14.23,0.0,18.76,1584.94,1388.16,465.39
INE490G01020,FY26,9.87,9.04,0.0,13.14,1472.84,1437.16,483.47
INE0CT101020,FY23,14.24,13.17,0.49,9.35,2527.58,1509.68,345.57
INE0CT101020,FY24,-6.94,-3.57,0.55,-4.17,1548.45,1658.95,508.62
INE0CT101020,FY25,-0.7,3.35,0.55,-0.42,2079.74,1640.36,77.09
INE0CT101020,FY26,1.86,6.78,0.47,1.13,2173.96,1562.33,78.51
INE835B01035,FY23,28.2,35.54,0.07,10.15,146.88,31.48,0.0
INE835B01035,FY24,22.89,28.83,0.08,9.72,160.74,33.49,0.1
INE835B01035,FY25,10.34,13.68,0.06,4.22,145.85,30.96,0.26
INE835B01035,FY26,7.88,10.26,0.04,3.51,181.68,28.03,0.03
INE893J01029,FY23,14.4,17.58,0.08,24.37,725.83,397.16,23.89
INE893J01029,FY24,11.2,13.31,0.21,20.07,695.58,499.09,24.58
INE893J01029,FY25,9.49,11.7,0.28,18.22,781.32,594.48,45.77
INE893J01029,FY26,10.56,12.74,0.31,21.93,886.61,634.84,13.87
INE903D01011,FY23,19.37,27.53,0.01,6.34,150.91,16.56,8.38
INE903D01011,FY24,35.6,38.16,0.33,9.09,239.19,20.57,7.99
INE903D01011,FY25,18.73,26.1,0.01,19.89,305.18,27.4,6.24
INE903D01011,FY26,18.65,24.9,0.04,22.81,268.8,21.4,0.0
INE950M01013,FY23,17.07,17.75,0.43,63.92,1115.97,301.22,27.68
INE950M01013,FY24,7.54,10.09,0.48,28.91,1060.56,340.01,14.43
INE950M01013,FY25,9.73,11.98,0.62,39.15,1100.41,394.05,8.91
INE950M01013,FY26,12.37,13.32,0.64,54.05,1275.91,409.85,23.55
INE083A01026,FY23,5.14,7.42,0.03,0.77,1413.95,247.65,80.66
INE083A01026,FY24,11.35,15.88,0.03,1.88,1682.13,301.3,88.09
INE083A01026,FY25,10.21,12.96,0.09,2.2,1811.58,456.9,114.9
INE083A01026,FY26,7.61,9.37,0.17,1.73,1805.69,415.59,21.55
INE935B01025,FY23,5.46,7.46,0.64,0.35,198.36,37.82,0.0
INE935B01025,FY24,3.67,5.12,0.26,0.52,293.91,27.26,0.0
INE935B01025,FY25,10.17,11.75,0.06,1.75,466.84,23.86,0.0
INE935B01025,FY26,8.62,8.17,0.22,1.82,585.15,57.68,0.0
INE775A01035,FY23,6.66,7.72,0.61,1.47,77870.7,19039.1,1476.5
INE775A01035,FY24,10.39,11.28,0.76,2.67,97779.4,24136.5,2482.9
INE775A01035,FY25,10.9,13.15,0.49,3.67,112540.9,26604.6,2775.4
INE775A01035,FY26,9.42,11.72,0.47,3.66,125022.9,33349.5,4880.3
INE338I01027,FY23,14.9,10.92,1.64,15.66,3818.94,414.93,0.0
INE338I01027,FY24,27.96,17.94,1.57,10.18,5174.37,545.17,0.0
INE338I01027,FY25,22.58,17.36,1.33,41.0,6431.6,796.64,114.63
INE338I01027,FY26,14.5,11.01,1.65,30.46,8208.72,694.32,0.0
INE0FRK01020,FY23,16.15,15.62,1.22,0.23,366.2,7.31,0.0
INE0FRK01020,FY24,9.82,14.04,0.34,0.43,416.76,7.22,0.0
INE0FRK01020,FY25,10.44,14.04,0.18,0.42,462.11,5.57,0.0
INE0FRK01020,FY26,12.77,16.99,0.08,0.65,489.54,5.08,0.0
INE356A01018,FY23,20.64,25.26,0.13,86.37,13798.5,1046.48,74.67
INE356A01018,FY24,17.68,19.93,0.27,81.83,13278.52,1000.88,79.34
INE356A01018,FY25,17.68,21.06,0.2,89.36,14229.99,887.71,66.13
INE356A01018,FY26,17.34,20.3,0.24,97.54,15879.65,972.39,80.77
INE943D01017,FY23,25.56,34.05,0.02,63.87,500.45,25.67,0.0
INE943D01017,FY24,25.83,34.91,0.01,69.96,545.31,24.56,0.0
INE943D01017,FY25,31.12,41.88,0.01,87.73,726.89,25.64,0.0
INE943D01017,FY26,29.05,35.21,0.1,102.06,768.37,44.66,0.0
INE883A01011,FY23,5.23,7.83,0.2,1813.04,22850.56,13594.28,3502.25
INE883A01011,FY24,12.46,16.08,0.17,4907.24,25010.81,14614.98,2594.5
INE883A01011,FY25,10.07,12.7,0.2,4416.92,27974.8,14467.38,1266.16
INE883A01011,FY26,11.57,14.81,0.15,5720.39,30931.67,14213.91,1269.39
INE103A01014,FY23,26.92,19.87,1.72,15.15,108975.56,21293.43,1288.01
INE103A01014,FY24,27.08,25.43,0.96,20.52,90373.08,21450.34,1428.46
INE103A01014,FY25,0.43,4.14,1.01,0.32,94645.52,21196.55,1510.65
INE103A01014,FY26,13.56,16.41,1.08,10.98,88627.37,21598.44,1555.85
INE752G01015,FY23,-8.87,0.9,1.41,-1.31,2534.48,826.64,0.59
INE752G01015,FY24,2.47,7.08,1.34,0.34,2854.67,816.46,0.0
INE752G01015,FY25,-2.9,6.75,0.27,-0.62,2905.25,795.72,5.74
INE752G01015,FY26,3.28,1.77,0.31,0.56,2842.96,809.05,18.15
INE255X01014,FY23,30.76,35.35,0.18,34.37,291.03,139.95,0.08
INE255X01014,FY24,25.51,35.1,0.22,23.44,282.32,173.06,110.51
INE255X01014,FY25,55.13,57.52,0.2,57.82,310.96,189.29,129.65
INE255X01014,FY26,24.16,27.88,0.16,,369.66,201.07,0.0
INE0FS801015,FY23,36.6,39.91,0.28,0.73,7022.6,642.2,63.0
INE0FS801015,FY24,38.07,45.06,0.15,0.96,8274.0,624.5,24.8
INE0FS801015,FY25,35.68,42.18,0.16,0.91,9271.6,729.0,38.4
INE0FS801015,FY26,28.92,35.38,0.11,0.94,11428.7,784.1,4.7
INE864I01014,FY23,16.68,19.88,0.23,33.62,563.02,359.5,69.3
INE864I01014,FY24,8.3,10.59,0.28,18.24,572.6,430.74,90.93
INE864I01014,FY25,7.26,10.35,0.24,17.19,664.65,500.6,64.47
INE864I01014,FY26,11.43,12.97,0.46,30.57,865.4,546.59,34.4
INE153A01019,FY23,13.98,-9.21,-1.36,-46.27,876.54,3195.99,61.15
INE153A01019,FY24,13.82,-12.01,-1.27,-51.87,759.17,2923.87,88.21
INE153A01019,FY25,12.36,-7.43,-1.21,-52.82,1129.61,2674.42,32.81
INE153A01019,FY26,10.37,-2.26,-1.18,,956.37,2314.55,12.53
INE08KJ01020,FY23,5.28,3.16,1.24,0.58,33.09,2.86,0.0
INE08KJ01020,FY24,6.58,2.45,2.62,1.05,90.27,7.24,0.0
INE08KJ01020,FY25,7.27,2.53,2.65,1.16,180.88,6.11,0.0
INE08KJ01020,FY26,4.92,1.87,2.43,,207.58,7.24,0.0
INE220Q01020,FY23,27.55,25.24,0.68,12.05,498.18,234.97,0.31
INE220Q01020,FY24,17.33,16.91,0.74,9.2,567.33,280.04,1.32
INE220Q01020,FY25,16.68,18.13,0.58,10.52,618.18,290.17,1.12
INE220Q01020,FY26,10.81,13.39,0.52,7.25,592.1,275.11,0.76
INE304A01026,FY23,20.12,14.81,1.76,11.89,5545.69,485.93,29.72
INE304A01026,FY24,11.48,10.78,1.64,7.19,5155.3,501.14,49.55
INE304A01026,FY25,7.99,9.89,1.64,5.24,4874.46,709.64,172.9
INE304A01026,FY26,39.69,20.6,1.11,41.81,4846.05,776.78,150.1
INE0CG401037,FY23,29.82,18.93,1.77,1.47,1156.36,84.4,1.02
INE0CG401037,FY24,17.69,13.98,0.92,3.1,1342.11,86.53,3.02
INE0CG401037,FY25,10.54,10.91,1.03,1.55,980.03,101.51,15.65
INE0CG401037,FY26,10.43,10.07,1.56,1.74,1403.52,208.74,30.47
INE672B01032,FY23,14.61,13.88,0.73,5.61,1968.06,422.72,8.23
INE672B01032,FY24,9.59,12.43,0.69,3.85,1868.18,405.22,9.15
INE672B01032,FY25,8.75,10.11,0.84,3.64,2066.37,456.3,19.12
INE672B01032,FY26,8.98,11.67,0.95,,2295.15,461.62,6.55
INE577A01027,FY23,4.9,6.49,0.0,7.98,1234.59,128.6,2.02
INE577A01027,FY24,4.63,5.47,0.0,7.69,1167.73,121.18,0.09
INE577A01027,FY25,4.28,5.22,0.0,7.22,1244.63,117.3,0.82
INE577A01027,FY26,3.23,4.38,0.0,5.47,1309.21,111.24,0.71
INE414G01012,FY23,16.67,,2.56,89.98,7710.16,421.95,80.49
INE414G01012,FY24,17.22,,2.7,107.71,9656.4,556.45,119.81
INE414G01012,FY25,18.16,,3.36,132.83,12852.78,665.96,31.9
INE414G01012,FY26,27.06,,3.86,263.79,20264.93,692.45,18.31
INE046W01019,FY23,10.08,2.74,4.07,9.61,1291.04,153.77,0.0
INE046W01019,FY24,16.03,5.25,3.06,30.25,1984.41,191.7,0.0
INE046W01019,FY25,-8.45,-2.52,3.08,-13.29,2430.13,222.46,0.0
INE046W01019,FY26,5.97,1.81,3.4,10.15,2205.64,198.82,0.0
INE0OWZ01020,FY23,9.44,9.95,1.72,0.44,67.94,10.52,3.33
INE0OWZ01020,FY24,3.37,7.31,2.03,0.2,49.88,12.87,0.0
INE0OWZ01020,FY25,7.83,11.1,1.84,,62.64,11.87,0.0
INE0KNT01012,FY23,20.78,16.54,1.41,14.66,2027.34,64.01,0.75
INE0KNT01012,FY24,13.1,14.52,0.69,18.37,2149.67,59.06,0.82
INE0KNT01012,FY25,13.97,15.17,0.56,20.56,2384.02,69.74,1.15
INE0KNT01012,FY26,13.8,14.3,0.59,,2744.03,64.19,1.44
INE0JYY01029,FY23,12.75,8.56,0.63,0.76,644.48,90.61,0.0
INE0JYY01029,FY24,12.1,12.15,0.57,0.84,817.84,100.82,1.6
INE0JYY01029,FY25,11.52,11.91,0.75,1.03,1060.71,95.12,0.0
INE0JYY01029,FY26,16.72,16.37,0.79,1.69,1207.98,107.28,16.36
INE295D01020,FY23,16.53,12.69,1.26,4.38,2097.0,458.39,57.9
INE295D01020,FY24,-11.52,-1.2,1.54,-2.71,1756.23,463.28,29.46
INE295D01020,FY25,-21.57,-8.05,0.93,-4.27,1213.43,455.47,23.5
INE295D01020,FY26,0.67,4.97,0.46,0.21,1573.03,458.67,9.9
INE289A01011,FY23,8.22,10.96,0.28,19.8,1763.76,494.09,37.03
INE289A01011,FY24,1.0,2.51,0.54,2.25,1464.22,524.72,56.61
INE289A01011,FY25,1.87,4.37,0.62,4.28,1524.88,550.93,42.46
INE289A01011,FY26,4.92,6.36,0.65,,1403.58,576.48,66.15
INE308A01027,FY23,5.54,5.74,0.21,17.57,719.82,273.45,3.97
INE308A01027,FY24,0.71,-0.06,0.16,2.31,597.25,244.16,0.0
INE308A01027,FY25,5.91,6.86,0.12,19.27,665.94,223.14,0.0
INE308A01027,FY26,9.1,10.41,0.09,,704.2,202.21,22.29
INE290A01027,FY23,7.13,7.85,0.47,32.24,2736.18,1000.6,170.2
INE290A01027,FY24,-3.45,0.14,0.78,-13.84,2954.7,963.56,52.66
INE290A01027,FY25,0.83,3.68,0.74,3.09,3284.56,867.18,9.43
INE290A01027,FY26,1.44,3.22,0.65,,3217.92,841.91,32.0
INE298J01013,FY23,20.57,26.09,0.02,11.53,1349.82,14.04,2.49
INE298J01013,FY24,27.81,33.46,0.02,17.53,1643.22,91.96,1.61
INE298J01013,FY25,30.53,39.55,0.02,20.03,2230.69,629.46,4.08
INE298J01013,FY26,32.83,41.8,0.02,23.63,2708.74,676.42,2.26
INE987B01026,FY23,14.68,17.26,0.04,39.18,2696.9,2330.3,91.2
INE987B01026,FY24,23.72,27.08,0.06,77.34,3978.8,2504.0,206.3
INE987B01026,FY25,24.79,29.36,0.04,105.26,4429.5,2706.1,274.2
INE987B01026,FY26,15.38,15.37,0.08,,4078.3,2839.1,293.7
INE139A01034,FY23,10.93,13.98,0.01,7.81,14170.86,11312.74,3636.57
INE139A01034,FY24,13.82,18.78,0.01,10.83,13070.12,12244.41,4306.66
INE139A01034,FY25,29.59,39.3,0.02,28.68,16662.21,12882.33,5187.47
INE139A01034,FY26,26.83,35.64,0.01,31.56,17729.23,14189.7,6594.09
INE663F01032,FY23,-0.8,1.1,0.01,-1.67,2345.69,181.83,5.45
INE663F01032,FY24,1.9,2.95,0.01,8.88,2536.34,316.42,0.75
INE663F01032,FY25,2.76,5.6,0.01,14.83,2849.55,367.55,4.48
INE663F01032,FY26,3.82,5.63,0.01,22.36,3284.73,377.58,21.34
INE725A01030,FY23,15.4,18.16,0.51,31.96,3508.32,5207.04,47.76
INE725A01030,FY24,13.66,22.46,0.06,32.52,3801.96,5098.67,50.92
INE725A01030,FY25,14.34,19.17,0.12,37.63,3965.09,5777.45,748.74
INE725A01030,FY26,9.0,13.77,0.25,27.8,4269.02,7933.99,2730.36
INE048G01026,FY23,17.17,17.18,0.39,75.44,2065.38,1869.86,364.94
INE048G01026,FY24,11.35,10.93,0.57,54.49,2048.28,2511.35,777.48
INE048G01026,FY25,10.99,11.19,0.56,58.14,2329.62,2974.93,378.19
INE048G01026,FY26,16.69,18.89,0.32,130.47,3262.23,3340.27,162.09
INE278M01019,FY23,4.68,4.36,0.01,6.15,441.52,1717.27,137.57
INE278M01019,FY24,-0.09,0.96,0.1,-0.12,429.43,1897.89,22.88
INE278M01019,FY25,-2.35,-2.31,0.09,-3.01,476.28,1868.32,6.24
INE278M01019,FY26,1.54,3.0,0.09,2.0,676.12,1873.16,2.45
INE060A01024,FY23,17.78,21.53,0.25,9.04,1696.83,210.62,24.41
INE060A01024,FY24,19.45,20.02,0.2,11.12,1723.5,227.43,28.68
INE060A01024,FY25,41.38,47.15,0.11,33.97,1786.0,360.56,59.9
INE060A01024,FY26,17.24,22.05,0.05,16.0,1721.0,393.0,38.0
INE418L01047,FY23,3.57,8.18,0.03,1.49,1091.02,14.83,0.0
INE418L01047,FY24,2.83,5.44,0.01,2.04,1138.28,23.11,0.0
INE418L01047,FY25,2.65,2.85,0.08,2.37,1623.91,122.98,0.0
INE418L01047,FY26,2.76,1.84,0.06,27.62,1828.98,145.56,1.15
INE095N01031,FY23,13.71,28.99,0.0,0.99,8770.64,169.51,4.42
INE095N01031,FY24,18.04,34.62,0.0,1.49,10328.38,180.55,12.15
INE095N01031,FY25,21.83,30.45,0.0,2.0,12043.78,172.77,4.42
INE095N01031,FY26,23.86,32.85,0.0,2.67,12888.61,633.24,37.8
INE365I01020,FY23,0.22,0.33,0.0,21.46,10.16,0.0,0.0
INE365I01020,FY24,0.34,0.46,0.0,32.02,12.81,0.0,0.0
INE365I01020,FY25,0.26,0.33,0.0,28.72,13.14,0.0,0.0
INE365I01020,FY26,0.47,0.63,0.0,,17.55,0.0,0.0
INE868B01028,FY23,9.88,17.14,0.16,9.77,15390.1,1255.17,1197.97
INE868B01028,FY24,10.7,19.0,0.15,11.32,20704.06,1296.98,1261.85
INE868B01028,FY25,11.19,18.24,0.22,13.06,21999.18,1387.62,1320.19
INE868B01028,FY26,8.58,13.08,0.43,10.76,20766.97,2111.46,1880.98
INE732C01016,FY23,5.75,11.05,0.38,9.79,1609.66,1034.23,28.25
INE732C01016,FY24,10.98,15.89,0.26,20.61,1643.41,1030.36,40.13
INE732C01016,FY25,2.94,6.87,0.29,5.52,1362.1,1095.86,153.15
INE732C01016,FY26,10.15,13.25,0.25,,1422.08,1113.71,2.29
INE07OG01012,FY23,12.9,14.7,0.15,11.82,387.54,146.66,13.39
INE07OG01012,FY24,15.27,18.36,0.12,16.28,597.78,158.62,12.17
INE07OG01012,FY25,17.62,21.24,0.11,22.39,707.9,195.82,42.89
INE07OG01012,FY26,17.32,19.76,0.17,26.04,816.2,293.93,24.6
INE155G01029,FY23,17.43,22.74,0.03,6.0,385.86,30.45,0.0
INE155G01029,FY24,-7.83,-4.23,0.44,-2.49,370.01,151.4,36.35
INE155G01029,FY25,-367.97,-49.71,5.76,-26.61,465.03,197.49,0.0
INE155G01029,FY26,-251.52,-75.55,2.01,-36.86,528.29,188.88,1.4
INE189I01024,FY23,6.35,8.3,0.65,3.42,1258.03,476.26,17.72
INE189I01024,FY24,10.48,10.95,0.63,6.25,1257.57,511.69,65.78
INE189I01024,FY25,6.74,8.9,0.53,4.29,1240.22,516.23,4.22
INE189I01024,FY26,8.12,10.13,0.43,5.57,1318.76,506.43,4.27
INE045B01015,FY23,18.99,21.2,0.6,8.7,312.9,92.09,1.48
INE045B01015,FY24,19.15,22.21,0.46,10.37,320.21,92.43,9.62
INE045B01015,FY25,7.45,13.96,0.41,4.18,304.8,82.5,8.7
INE045B01015,FY26,2.58,4.69,0.57,1.45,306.6,113.49,41.49
INE136S01016,FY23,10.36,11.12,0.77,20.03,660.48,385.6,39.55
INE136S01016,FY24,4.69,7.74,0.54,13.96,670.83,662.08,167.58
INE136S01016,FY25,4.41,6.35,0.76,13.2,755.94,725.57,322.64
INE136S01016,FY26,3.52,4.62,1.71,10.9,848.34,1469.19,995.03
INE428V01029,FY23,-3.03,1.0,0.55,-1.17,414.52,252.71,32.99
INE428V01029,FY24,8.49,7.65,0.65,3.5,539.55,305.84,1.93
INE428V01029,FY25,11.49,12.63,0.44,6.69,748.34,334.48,10.43
INE428V01029,FY26,6.88,12.99,0.07,8.1,994.47,414.66,18.46
INE317F01035,FY23,14.79,19.28,0.0,41.25,546.0,158.38,8.83
INE317F01035,FY24,15.8,20.74,0.0,51.49,678.18,224.12,104.81
INE317F01035,FY25,14.27,19.03,0.0,53.25,732.01,1056.38,758.52
INE317F01035,FY26,13.77,16.46,0.09,58.58,932.06,1343.12,765.65
INE239A01024,FY25,79.99,86.0,0.29,16.63,20077.5,6671.72,1198.11
INE239A01024,FY26,,,,,,6838.4,547.98
INE0NT901020,FY23,50.11,50.98,0.38,8.37,441.0,24.32,2.44
INE0NT901020,FY24,17.95,24.87,0.02,13.88,724.07,45.58,3.2
INE0NT901020,FY25,21.45,29.18,0.01,20.11,1149.02,54.44,6.93
INE0NT901020,FY26,28.46,28.79,0.39,36.3,2183.56,56.78,1.49
INE870H01013,FY23,-12.48,2.67,8.99,-0.81,6146.44,594.37,91.68
INE870H01013,FY24,-1.35,-0.37,0.54,-1.35,9178.78,1495.74,159.71
INE870H01013,FY25,-35.57,-16.8,0.62,-11.02,6887.92,508.95,0.23
INE870H01013,FY26,3.09,4.39,0.67,0.99,2120.82,462.55,0.0
INE333I01044,FY23,6.79,-9.58,-1.71,-16.49,0.0,1002.34,0.0
INE333I01044,FY24,6.48,-10.4,-1.62,-16.57,0.09,908.32,0.0
INE333I01044,FY25,-9.58,-9.06,0.06,-16.05,5.4,819.6,0.0
INE333I01044,FY26,-148.12,-124.4,0.19,-5.77,15.97,80.42,0.0
INE794A01010,FY23,16.45,20.15,0.13,127.45,1160.9,499.83,42.39
INE794A01010,FY24,23.39,29.93,0.07,233.89,1515.66,589.79,67.07
INE794A01010,FY25,17.06,20.94,0.1,202.74,1434.38,733.4,59.68
INE794A01010,FY26,19.42,23.33,0.16,283.71,1932.12,1143.0,250.71
INE619B01017,FY23,18.02,21.52,0.04,6.28,973.98,228.6,0.0
INE619B01017,FY24,20.56,24.18,0.04,17.5,1243.83,237.95,2.8
INE619B01017,FY25,20.79,25.9,0.04,21.89,1486.88,249.59,0.0
INE619B01017,FY26,16.91,21.56,0.02,21.24,1574.4,232.69,1.1
INE870D01012,FY23,18.1,13.99,1.58,9.34,7116.84,4113.52,147.22
INE870D01012,FY24,5.9,6.65,1.61,3.06,7548.11,4052.64,223.96
INE870D01012,FY25,6.77,9.28,0.74,3.75,19794.5,3816.87,171.57
INE870D01012,FY26,7.44,7.7,1.4,4.31,21514.18,3654.6,160.96
INE887E01022,FY23,9.21,11.2,0.15,33.18,273.57,115.35,27.76
INE887E01022,FY24,15.73,18.8,0.13,66.88,333.71,133.78,48.48
INE887E01022,FY25,7.48,8.34,0.27,34.19,363.03,191.94,49.82
INE887E01022,FY26,14.62,15.01,0.37,,494.13,258.48,94.6
INE410P01011,FY23,28.44,27.21,0.41,29.85,4491.06,2378.72,325.37
INE410P01011,FY24,27.37,21.75,0.56,38.86,4875.66,3247.98,847.71
INE410P01011,FY25,21.79,17.87,0.67,38.9,5463.65,4169.37,69.74
INE410P01011,FY26,17.76,11.67,1.29,39.67,7858.25,5717.5,345.24
INE848E01016,FY23,10.56,10.58,0.8,3.89,10478.78,53474.61,31345.12
INE848E01016,FY24,9.3,9.84,0.85,3.58,9252.48,61082.98,39616.45
INE848E01016,FY25,7.58,9.58,1.05,2.99,10373.85,73667.74,51601.56
INE848E01016,FY26,9.09,6.38,1.32,3.75,11123.15,86186.14,35990.58
INE470Y01017,FY23,4.05,5.0,0.0,6.36,41834.87,507.11,14.12
INE470Y01017,FY24,3.95,5.2,0.0,6.77,44269.08,474.23,19.64
INE470Y01017,FY25,3.58,3.87,0.0,6.29,44063.66,450.13,5.76
INE470Y01017,FY26,4.95,4.57,0.0,8.57,51077.87,448.21,12.6
INE149O01018,FY23,2.1,5.33,0.66,1.51,105.3,57.69,31.16
INE149O01018,FY24,11.8,13.67,0.46,15.33,281.84,157.29,54.33
INE149O01018,FY25,11.52,15.26,0.33,19.46,507.32,207.12,86.11
INE149O01018,FY26,1.62,4.09,0.34,,474.45,248.54,62.4
INE161A01038,FY23,0.32,1.69,0.01,0.23,341.25,148.87,0.26
INE161A01038,FY24,3.71,4.5,0.01,2.81,303.47,147.18,1.36
INE161A01038,FY25,4.28,5.52,0.01,3.36,357.58,146.52,0.02
INE161A01038,FY26,0.49,1.23,0.01,0.38,390.17,146.99,0.0
INE342G01023,FY23,24.95,25.82,0.17,14.28,1361.79,47.89,0.89
INE342G01023,FY24,21.82,27.8,0.14,15.22,1553.51,72.66,0.0
INE342G01023,FY25,18.8,24.92,0.08,16.15,1653.26,60.04,0.02
INE342G01023,FY26,16.06,19.02,0.21,17.66,1951.98,75.73,0.0
INE310A01015,FY23,10.19,12.77,0.27,89.76,3099.16,796.72,22.2
INE310A01015,FY24,8.67,10.81,0.29,81.92,3171.9,805.47,38.11
INE310A01015,FY25,7.16,8.93,0.36,71.32,3291.76,1004.36,74.83
INE310A01015,FY26,7.33,9.76,0.27,77.45,3743.58,1041.35,18.83
INE395U01014,FY23,28.66,38.14,,2.99,32.3,1.77,0.0
INE395U01014,FY24,44.38,54.84,0.07,8.35,83.05,4.07,0.0
INE395U01014,FY25,42.91,55.62,0.03,14.17,139.8,7.39,0.0
INE395U01014,FY26,34.94,46.13,0.02,17.23,170.17,5.46,0.0
INE858F01012,FY23,43.3,-14.4,-2.56,-21.05,380.27,350.88,14.2
INE858F01012,FY24,31.82,-14.35,-1.93,-22.68,322.97,322.66,13.45
INE858F01012,FY25,-300.52,-124.04,1.19,-74.59,312.92,114.25,13.59
INE858F01012,FY26,7.92,5.74,0.86,1.19,537.82,97.08,11.48
INE229H01012,FY23,16.02,10.43,0.95,29.32,2385.04,1350.31,340.26
INE229H01012,FY24,11.47,10.26,1.17,23.39,2905.65,1710.68,2.44
INE229H01012,FY25,13.38,13.22,0.89,31.2,3305.65,1583.58,6.64
INE229H01012,FY26,12.07,11.93,0.76,31.58,3213.87,1591.51,102.44
INE995S01015,FY23,0.44,1.86,0.09,0.07,2798.52,28.8,3.73
INE995S01015,FY24,2.09,3.24,0.06,0.45,4427.24,24.46,0.51
INE995S01015,FY25,6.98,8.38,0.08,1.2,5690.77,44.29,9.35
INE995S01015,FY26,4.09,5.29,0.08,0.71,7105.6,39.75,3.36
INE589A01014,FY23,9.2,7.71,1.47,10.28,16165.24,40145.45,16266.8
INE589A01014,FY24,11.22,9.4,1.36,13.37,13001.33,42429.31,19267.14
INE589A01014,FY25,14.0,11.25,1.2,18.9,15282.96,48226.94,17740.59
INE589A01014,FY26,16.36,10.31,1.3,25.4,17489.53,50637.45,14293.04
INE584A01023,FY23,24.76,31.2,0.09,6.37,17661.1,6200.08,3117.73
INE584A01023,FY24,21.73,27.68,0.13,6.34,21301.23,7720.55,4458.13
INE584A01023,FY25,22.03,27.44,0.14,7.44,23905.52,10922.81,6007.01
INE584A01023,FY26,21.87,25.38,0.19,8.47,32070.89,11650.41,6748.58
INE163A01018,FY23,9.61,13.02,0.01,8.92,1610.77,894.52,10.28
INE163A01018,FY24,7.83,10.61,0.01,7.95,1437.31,884.27,18.51
INE163A01018,FY25,5.84,6.54,0.01,6.15,1371.63,957.98,106.86
INE163A01018,FY26,3.14,4.35,0.0,3.32,1279.53,1083.33,257.07
INE850M01015,FY23,12.39,3.59,3.6,15.01,1040.57,13.48,0.0
INE850M01015,FY24,13.32,3.71,3.91,19.11,1625.59,21.38,0.0
INE850M01015,FY25,8.87,2.93,2.87,20.03,2045.43,39.92,0.0
INE850M01015,FY26,10.42,3.33,3.15,24.82,2287.23,32.43,0.0
INE0FFK01017,FY23,22.76,27.17,0.12,3.37,40.84,8.48,3.8
INE0FFK01017,FY24,46.61,59.28,0.05,13.85,127.55,5.56,0.0
INE0FFK01017,FY25,43.58,53.57,0.09,23.27,173.21,12.02,0.72
INE0FFK01017,FY26,10.66,12.32,0.03,20.58,194.9,14.69,0.0
INE740D01017,FY23,15.62,19.73,0.26,58.35,1744.57,687.03,213.51
INE740D01017,FY24,16.5,10.89,0.76,73.72,1282.99,1166.88,40.42
INE740D01017,FY25,2.28,5.42,0.83,10.37,1659.03,1218.96,28.99
INE740D01017,FY26,5.36,7.57,1.01,,2145.45,1441.0,227.16
INE349A01021,FY23,14.07,14.75,0.49,9.7,1035.23,375.18,28.33
INE349A01021,FY24,27.84,32.54,0.21,24.71,1072.13,375.61,43.13
INE349A01021,FY25,8.65,11.22,0.2,8.2,1177.15,413.11,39.36
INE349A01021,FY26,14.83,18.15,0.16,,1313.05,461.14,42.59
INE0JM501013,FY23,16.7,26.2,0.0,1.78,186.84,0.15,0.0
INE0JM501013,FY24,8.42,13.01,0.16,1.05,240.08,12.76,3.41
INE0JM501013,FY25,12.28,17.95,0.11,2.11,158.31,15.51,3.16
INE0JM501013,FY26,10.6,14.39,0.25,,215.94,40.18,5.61
INE023A01030,FY23,1.14,1.57,,180.26,131.88,0.06,0.0
INE023A01030,FY24,0.45,0.6,,109.59,81.84,0.04,0.0
INE023A01030,FY25,0.28,0.39,,90.95,110.6,0.04,0.0
INE023A01030,FY26,0.36,0.5,0.0,106.13,90.68,0.02,0.0
INE0NNS01018,FY23,0.0,0.0,0.23,0.0,0.0,20903.19,19784.76
INE0NNS01018,FY24,-10.07,-8.44,0.43,-5.32,3048.99,21548.17,1275.32
INE0NNS01018,FY25,-18.1,-14.03,0.45,-8.1,8503.05,20871.15,744.53
INE0NNS01018,FY26,0.45,3.16,0.35,,13641.81,20018.56,570.22
INE733E01010,FY23,11.5,9.52,1.52,17.44,174076.15,338856.14,98973.64
INE733E01010,FY24,12.95,9.9,1.48,21.46,176719.61,355968.48,97544.62
INE733E01010,FY25,12.72,9.47,1.36,24.16,186246.25,384251.72,113315.89
INE733E01010,FY26,13.31,8.33,1.33,27.9,184015.27,416533.68,98862.22
INE0ONG01011,FY23,3.5,0.93,1.26,0.2,164.71,17558.43,2800.31
INE0ONG01011,FY24,5.5,5.86,2.22,0.41,1897.51,25863.98,8290.98
INE0ONG01011,FY25,2.58,3.73,1.05,0.67,2134.12,37856.17,16040.3
INE0ONG01011,FY26,2.76,3.1,1.67,0.62,2770.89,55236.56,16036.35
INE096B01018,FY23,20.93,27.83,0.01,47.73,634.46,35.56,0.81
INE096B01018,FY24,24.64,32.78,0.01,71.56,826.45,52.19,8.07
INE096B01018,FY25,20.02,26.88,0.0,61.4,832.25,55.29,8.26
INE096B01018,FY26,12.86,16.45,0.01,44.35,876.03,73.81,0.09
INE531F01023,FY23,13.53,10.27,2.39,17.4,1322.95,229.02,0.0
INE531F01023,FY24,21.6,14.48,2.33,34.83,1738.45,219.24,0.0
INE531F01023,FY25,28.26,18.89,2.25,53.71,2139.54,221.43,0.0
INE531F01023,FY26,25.26,15.08,2.8,56.06,2283.52,211.02,0.21
INE118D01016,FY23,0.18,-0.98,0.54,0.44,10288.98,10317.42,594.07
INE118D01016,FY24,1.64,5.52,0.49,4.13,10538.67,10309.8,470.76
INE118D01016,FY25,0.24,3.82,0.45,0.61,10170.94,9974.72,382.53
INE118D01016,FY26,3.85,6.56,0.53,10.07,11142.04,11899.75,2474.49
INE388Y01029,FY23,1.4,5.07,0.58,0.07,5117.48,559.18,15.91
INE388Y01029,FY24,2.56,6.71,0.77,0.11,6340.01,507.15,10.53
INE388Y01029,FY25,5.08,8.87,1.01,0.23,7884.7,607.17,5.59
INE388Y01029,FY26,13.87,16.59,0.86,0.7,9929.42,773.68,12.24
INE959C01023,FY23,3.16,4.65,0.37,5.87,845.79,279.73,56.54
INE959C01023,FY24,1.44,4.01,0.33,2.71,831.81,400.02,179.68
INE959C01023,FY25,5.18,7.07,0.53,10.2,922.94,433.89,5.13
INE959C01023,FY26,0.5,4.26,0.61,0.98,1023.75,415.23,5.73
INE093I01010,FY23,15.6,14.81,0.32,52.38,4173.79,4225.86,4031.17
INE093I01010,FY24,13.92,16.38,0.18,52.99,4479.48,2964.95,2747.35
INE093I01010,FY25,14.17,16.85,0.21,61.21,5286.27,1885.7,1642.1
INE093I01010,FY26,13.99,16.92,0.16,68.96,6009.06,2344.57,2096.75
INE0PK601023,FY23,8.07,10.77,0.28,9.74,533.38,480.51,2.92
INE0PK601023,FY24,81.39,-76.04,-2.31,-0.01,0.0,0.0,0.0
INE0PK601023,FY25,5.4,7.44,0.16,4.29,306.73,381.71,3.28
INE0PK601023,FY26,11.06,11.62,0.21,9.55,505.9,365.0,2.09
INE881D01027,FY23,24.21,34.3,0.01,208.25,5698.31,228.52,0.57
INE881D01027,FY24,28.24,38.6,0.01,254.76,6373.0,188.9,2.7
INE881D01027,FY25,28.46,39.4,0.01,272.52,6846.8,186.1,9.1
INE881D01027,FY26,33.72,46.86,0.0,302.11,7672.1,179.0,15.8
INE274J01014,FY23,22.68,24.35,0.49,53.66,36083.9,30454.82,12650.86
INE274J01014,FY24,13.11,13.49,0.5,38.95,32465.81,40513.64,20599.95
INE274J01014,FY25,13.16,13.06,0.62,40.27,32512.48,52735.77,30078.39
INE274J01014,FY26,11.41,11.3,0.65,40.7,33946.13,64839.32,37643.76
INE0LXG01040,FY23,-62.47,-33.66,0.72,-3.34,2600.48,1236.42,225.52
INE0LXG01040,FY24,-78.45,-29.56,1.34,-3.59,4798.0,2524.0,563.0
INE0LXG01040,FY25,-44.25,-21.96,0.69,-5.48,4514.0,3085.0,454.0
INE0LXG01040,FY26,-54.7,-24.03,0.82,-4.16,2253.0,2809.0,496.0
INE260D01016,FY23,7.81,11.13,0.16,7.99,1089.63,346.68,14.1
INE260D01016,FY24,8.41,14.39,0.13,9.36,1154.14,390.53,82.27
INE260D01016,FY25,13.24,18.33,0.24,16.92,1801.9,545.58,204.77
INE260D01016,FY26,14.46,19.12,0.31,,2312.17,646.0,82.37
INE800H01010,FY23,-38.73,-19.09,1.12,-19.02,730.63,532.53,0.0
INE800H01010,FY24,-83.8,-34.69,1.41,-22.01,1590.32,516.57,0.0
INE800H01010,FY25,334.42,-125.34,-3.21,-37.51,1560.99,526.44,0.0
INE800H01010,FY26,77.3,-114.04,-1.63,-38.1,1253.4,93.78,0.0
INE239D01028,FY23,1.89,6.29,0.22,1.34,799.06,90.26,10.87
INE239D01028,FY24,6.53,12.38,0.15,4.91,1083.89,79.06,0.98
INE239D01028,FY25,4.81,6.02,0.13,3.54,712.66,73.93,1.74
INE239D01028,FY26,2.7,4.87,0.11,,500.06,73.95,2.25
INE0UH301010,FY23,53.88,31.09,1.71,2.61,165.08,87.63,19.3
INE0UH301010,FY24,23.79,12.7,3.29,1.53,165.83,230.78,12.4
INE0UH301010,FY25,21.55,15.22,1.77,3.55,342.91,271.7,30.64
INE0UH301010,FY26,11.68,13.22,0.64,7.45,511.3,348.72,16.93
INE25E901019,FY23,14.38,16.32,0.59,,120.17,7.84,0.18
INE25E901019,FY24,14.64,17.16,0.52,,182.15,7.22,0.18
INE25E901019,FY25,30.4,37.79,0.26,,278.76,6.67,0.18
INE840Y01029,FY23,15.92,15.68,1.06,0.47,140.25,57.08,0.0
INE840Y01029,FY24,15.31,17.62,0.42,1.06,169.76,58.73,0.0
INE840Y01029,FY25,8.19,10.91,0.12,1.35,256.36,75.1,0.0
INE840Y01029,FY26,8.57,9.04,0.49,1.43,313.38,180.55,72.93
INE013P01021,FY23,-101.83,-22.76,1.1,-69.89,38.71,1369.38,202.52
INE013P01021,FY24,-98.85,-28.99,1.44,-34.18,171.92,743.52,61.09
INE013P01021,FY25,-0.31,1.45,0.16,-1.63,1444.85,1004.4,107.05
INE013P01021,FY26,-1.27,0.41,0.26,-6.44,1421.59,1239.75,313.9
INE213A01029,FY23,12.9,11.23,0.62,29.18,629510.14,375903.51,29337.5
INE213A01029,FY24,14.49,16.1,0.56,39.06,598644.23,422641.73,25802.95
INE213A01029,FY25,10.55,12.18,0.55,28.8,608952.91,439944.17,23751.61
INE213A01029,FY26,11.14,14.35,0.47,32.93,605276.46,448501.23,13926.87
INE831A01028,FY23,-6.53,-1.21,0.43,-0.5,1106.87,87.24,0.46
INE831A01028,FY24,-48.43,-20.87,0.81,-2.5,966.56,78.04,0.13
INE831A01028,FY25,-1.83,5.41,0.81,-0.1,746.69,73.71,1.74
INE831A01028,FY26,-31.43,-18.5,0.33,,660.01,72.27,0.48
INE809I01019,FY23,1.03,1.16,0.03,0.63,525.16,24.59,1.26
INE809I01019,FY24,2.35,4.66,0.03,1.43,513.24,19.26,1.47
INE809I01019,FY25,-6.45,-4.29,0.07,-3.78,573.02,15.0,0.38
INE809I01019,FY26,-1.8,-0.26,0.12,-1.07,516.85,20.15,0.02
INE229A01017,FY23,6.6,10.33,0.1,5.05,440.93,50.29,0.0
INE229A01017,FY24,16.37,19.75,0.14,14.81,472.39,60.04,0.0
INE229A01017,FY25,12.07,15.02,0.14,11.81,491.32,62.84,0.33
INE229A01017,FY26,17.48,20.43,0.16,19.52,543.85,85.3,0.15
INE350C01017,FY23,10.95,11.79,0.31,4.88,1141.97,154.35,2.61
INE350C01017,FY24,13.31,14.24,0.38,6.62,1527.72,198.55,2.6
INE350C01017,FY25,9.52,12.37,0.3,7.33,1890.0,259.4,28.71
INE350C01017,FY26,8.5,9.9,0.48,7.39,1768.62,547.28,300.34
INE231G01010,FY23,15.78,18.83,0.15,12.33,193.85,158.52,0.15
INE231G01010,FY24,14.58,18.2,0.1,12.58,196.69,146.45,0.82
INE231G01010,FY25,14.27,18.76,0.06,14.71,213.7,137.24,3.25
INE231G01010,FY26,10.61,13.82,0.05,12.29,226.67,145.43,0.22
INE191A01027,FY23,6.73,8.58,0.48,11.35,665.9,621.19,48.48
INE191A01027,FY24,7.88,8.3,0.12,19.06,819.07,645.12,25.52
INE191A01027,FY25,7.86,7.64,0.14,19.65,921.93,758.24,126.32
INE191A01027,FY26,1.6,2.08,0.28,,811.33,958.67,340.52
INE730A01022,FY23,1.44,-2.07,0.09,0.95,144.21,501.23,37.18
INE730A01022,FY24,2.55,-0.17,0.1,1.91,144.29,269.04,19.95
INE730A01022,FY25,11.12,0.15,0.01,8.86,46.69,272.64,19.11
INE730A01022,FY26,2.24,2.56,0.0,,42.15,184.04,16.74
INE876N01018,FY23,7.66,11.44,0.25,5.99,2934.26,2089.53,139.74
INE876N01018,FY24,10.03,16.47,0.1,8.53,3176.54,2056.77,88.87
INE876N01018,FY25,5.05,8.92,0.04,4.45,2704.08,1949.73,24.24
INE876N01018,FY26,15.74,14.9,0.03,16.44,2791.51,1752.67,32.29
INE569C01020,FY23,5.46,7.78,0.06,1.19,301.42,151.18,2.33
INE569C01020,FY24,6.9,8.12,0.21,1.59,312.34,169.83,9.55
INE569C01020,FY25,3.51,5.73,0.25,0.83,327.1,175.71,25.88
INE569C01020,FY26,7.24,9.77,0.13,,403.6,160.83,8.62
INE142Z01019,FY23,12.97,17.69,0.17,3.56,2489.16,305.59,98.13
INE142Z01019,FY24,11.78,15.36,0.17,3.53,2771.88,453.72,232.1
INE142Z01019,FY25,11.98,16.76,0.12,3.9,3051.31,432.48,5.51
INE142Z01019,FY26,12.61,16.96,0.12,4.49,3277.02,411.11,13.11
INE750A01020,FY23,10.07,13.32,0.4,3.04,394.51,384.54,5.05
INE750A01020,FY24,8.03,10.36,0.33,2.78,393.16,444.74,57.88
INE750A01020,FY25,5.75,9.27,0.27,2.2,439.7,485.21,4.77
INE750A01020,FY26,8.92,11.85,0.17,3.8,493.84,480.26,2.64
INE0PPK01015,FY23,29.73,35.46,0.16,8.36,535.1,19.28,0.0
INE0PPK01015,FY24,23.64,30.15,0.06,9.05,602.89,20.51,3.16
INE0PPK01015,FY25,15.3,20.4,0.02,11.68,839.53,40.93,16.14
INE0PPK01015,FY26,1.36,2.86,0.19,,869.54,79.31,0.0
INE725E01024,FY23,129.21,-1.69,-14.24,-27.57,35.53,32.4,3.4
INE725E01024,FY24,-26.25,-1284.89,-0.82,4.7,82.28,28.14,0.46
INE725E01024,FY25,78.4,-19.52,-3.61,-67.04,64.62,123.95,111.08
INE725E01024,FY26,5.32,8.94,-3.88,,94.1,199.28,186.75
INE16NZ01023,FY26,10.39,13.8,0.02,20.8,2492.89,380.89,3.72
INE142A01012,FY23,2.87,1.94,0.0,1.78,27.95,38.11,33.5
INE142A01012,FY24,0.55,0.48,0.0,0.34,0.16,37.78,33.5
INE142A01012,FY25,11.87,15.32,0.0,8.41,161.77,4.03,0.0
INE142A01012,FY26,-2.46,1.45,0.0,-1.64,19.26,3.64,0.0
INE143A01010,FY23,1.53,2.38,0.0,1.47,79.24,123.17,0.0
INE143A01010,FY24,0.26,0.45,0.0,0.25,57.28,120.02,0.0
INE143A01010,FY25,0.34,0.43,0.0,0.33,35.25,122.24,0.0
INE143A01010,FY26,-0.03,-0.02,0.0,,36.81,11928.97,0.0
INE0BYP01024,FY23,43.25,35.53,0.86,3.0,369.83,88.81,7.9
INE0BYP01024,FY24,54.48,35.83,1.23,8.57,744.86,103.12,5.78
INE0BYP01024,FY26,22.36,26.96,0.14,,2064.39,204.26,43.56
INE0S3G01027,FY23,4.49,6.6,0.6,0.8,502.54,114.4,8.86
INE0S3G01027,FY24,40.67,37.02,0.91,12.31,2433.02,117.38,9.8
INE0S3G01027,FY25,22.87,37.48,0.14,15.01,2438.78,147.65,32.09
INE0S3G01027,FY26,13.48,15.35,0.44,,2641.27,215.07,38.28
INE761H01022,FY23,41.67,44.97,0.3,512.15,4678.34,665.71,183.12
INE761H01022,FY24,35.64,44.98,0.12,510.31,4547.09,732.53,248.88
INE761H01022,FY25,51.82,61.41,0.19,653.71,4913.06,843.31,90.05
INE761H01022,FY26,50.83,60.41,0.18,684.81,5227.26,880.7,12.62
INE420C01059,FY23,8.05,10.21,1.82,2.1,264.15,65.57,0.0
INE420C01059,FY24,13.46,6.05,2.0,3.87,656.66,66.11,0.0
INE420C01059,FY25,13.04,5.75,2.32,2.23,770.82,74.46,0.0
INE420C01059,FY26,13.23,5.88,2.43,2.62,943.68,84.09,0.0
INE922B01023,FY23,-3.94,1.92,0.02,-5.43,456.92,623.34,35.01
INE922B01023,FY24,-0.14,0.48,0.02,-0.19,551.93,636.33,76.29
INE922B01023,FY25,-1.0,-0.48,0.02,-1.37,559.09,640.8,97.41
INE922B01023,FY26,-0.64,-0.15,0.03,,639.77,653.24,99.97
INE895W01019,FY23,2.62,8.35,1.12,0.69,111.8,9.4,0.0
INE895W01019,FY24,1.74,5.71,1.02,0.39,96.54,8.6,0.0
INE895W01019,FY25,10.42,11.83,0.32,4.74,116.11,8.0,0.0
INE895W01019,FY26,15.67,18.52,0.26,9.06,242.98,10.94,0.0
INE305C01029,FY23,24.47,31.75,0.0,38.51,2248.72,246.63,14.78
INE305C01029,FY24,17.7,22.58,0.02,32.26,2356.74,268.69,3.74
INE305C01029,FY25,14.9,18.83,0.03,30.92,2792.89,308.08,23.81
INE305C01029,FY26,14.47,17.19,0.08,35.13,3064.26,340.77,55.68
INE697V01011,FY23,1.66,1.69,0.67,1.15,22.79,46.77,5.15
INE697V01011,FY24,4.11,4.96,0.68,2.98,47.71,62.41,1.95
INE697V01011,FY25,5.59,6.08,0.75,4.3,39.97,65.23,5.91
INE697V01011,FY26,12.9,12.01,0.65,,96.1,60.04,0.0
INE074B01023,FY23,16.19,11.76,0.54,2.4,783.25,127.57,1.02
INE074B01023,FY24,13.68,11.99,0.16,3.29,1057.28,180.0,11.39
INE074B01023,FY25,12.13,16.27,0.05,2.85,1575.6,238.6,17.5
INE074B01023,FY26,7.68,11.32,0.16,1.96,1913.35,260.09,0.0
INE088F01024,FY23,8.68,7.67,1.33,3.9,4769.88,3508.77,696.86
INE088F01024,FY24,2.8,5.77,1.13,1.22,5643.31,3743.28,372.19
INE088F01024,FY25,16.24,16.41,1.07,6.38,16958.65,3841.52,553.3
INE088F01024,FY26,14.69,13.56,1.02,9.59,21826.34,6246.6,423.71
INE883N01014,FY23,6.59,7.51,0.75,4.96,2853.75,425.18,49.82
INE883N01014,FY24,9.93,10.81,0.68,7.47,3077.67,467.55,78.7
INE883N01014,FY25,11.61,13.45,0.64,9.51,3432.21,537.52,49.55
INE883N01014,FY26,10.73,12.53,0.48,10.57,3817.5,567.49,37.35
INE045601023,FY23,8.73,12.11,0.04,4.62,220.75,156.57,11.34
INE045601023,FY24,7.21,8.62,0.15,4.11,253.46,187.35,9.17
INE045601023,FY25,9.92,13.59,0.04,8.01,364.66,200.59,21.09
INE045601023,FY26,12.14,16.26,0.04,10.93,476.57,192.97,8.53
INE119201023,FY23,32.0,28.86,0.84,5.09,1252.38,480.51,22.44
INE119201023,FY24,17.39,18.33,0.78,3.55,1229.06,793.11,33.71
INE119201023,FY25,18.85,19.78,0.64,4.67,1393.57,867.64,47.51
INE119201023,FY26,12.77,17.33,0.18,6.87,1679.36,1041.13,123.14
INE988S01028,FY23,8.65,10.88,1.11,2.25,496.59,996.3,34.56
INE988S01028,FY24,5.74,11.9,0.08,3.82,561.39,1046.95,57.48
INE988S01028,FY25,6.51,11.61,0.13,3.92,631.45,1281.91,74.81
INE988S01028,FY26,4.9,8.48,0.28,,707.28,1605.0,80.36
INE124Y01028,FY23,3.48,5.94,1.56,0.25,367.81,150.29,34.86
INE124Y01028,FY24,7.0,10.18,1.27,0.54,652.92,144.8,6.5
INE124Y01028,FY25,9.14,11.52,0.73,0.09,637.49,135.87,6.65
INE124Y01028,FY26,6.33,10.11,0.6,,687.81,121.35,0.14
INE818B01023,FY23,11.38,15.59,0.0,4.03,825.75,80.34,3.22
INE818B01023,FY24,4.01,5.62,0.13,1.48,575.23,168.97,93.77
INE818B01023,FY25,9.72,10.64,0.3,3.97,621.43,250.26,2.02
INE818B01023,FY26,16.06,19.67,0.25,7.84,1010.16,248.83,0.24
INE619A01035,FY23,9.0,10.85,0.15,8.18,31267.71,3684.65,101.61
INE619A01035,FY24,7.5,10.1,0.1,7.05,31658.95,3525.36,116.01
INE619A01035,FY25,11.44,14.89,0.07,11.97,33758.25,4098.19,107.67
INE619A01035,FY26,13.86,9.34,0.21,16.67,40169.58,3869.21,50.7
INE244B01030,FY23,6.35,11.18,0.61,2.29,3654.76,1519.5,314.83
INE244B01030,FY24,9.2,13.79,0.61,3.28,4221.95,1533.89,241.08
INE244B01030,FY25,6.55,12.0,0.43,2.8,5093.36,1533.99,253.29
INE244B01030,FY26,6.06,10.33,0.27,2.84,5102.74,1440.92,126.04
INE0R8B01010,FY23,22.79,13.01,2.56,4.9,1008.19,60.24,1.75
INE0R8B01010,FY24,23.87,16.13,1.99,6.75,803.45,67.17,7.07
INE0R8B01010,FY25,18.78,15.99,1.36,7.57,820.69,68.1,3.25
INE0R8B01010,FY26,10.73,12.27,0.45,13.03,1048.33,108.77,0.86
INE111F01024,FY23,15.27,20.49,0.0,21.9,210.77,155.77,7.05
INE111F01024,FY24,13.32,17.42,0.0,22.04,204.84,182.38,29.98
INE111F01024,FY25,10.61,12.0,0.05,20.03,209.53,338.04,197.02
INE111F01024,FY26,8.01,9.06,0.16,15.95,217.09,402.97,26.35
INE982J01020,FY23,-13.64,-12.99,0.02,-27.0,7904.4,1181.3,63.7
INE982J01020,FY24,-10.63,-10.12,0.01,-22.33,9869.9,1233.2,66.2
INE982J01020,FY25,-4.39,-4.14,0.01,-10.35,6900.0,889.3,32.2
INE982J01020,FY26,3.45,3.7,0.01,8.55,8437.0,875.0,7.0
INE602A01031,FY23,15.61,16.45,0.36,11.7,5751.84,3138.05,1175.56
INE602A01031,FY24,15.12,10.37,1.53,13.0,6387.1,4042.87,482.72
INE602A01031,FY25,11.75,11.2,1.51,11.48,8404.25,4572.54,793.47
INE602A01031,FY26,4.94,7.6,1.25,5.13,8189.3,4983.21,565.88
INE785M01021,FY23,-5.51,5.17,1.01,-0.44,2472.68,114.49,0.7
INE785M01021,FY24,-21.47,-1.8,1.42,-1.36,605.4,70.26,0.0
INE785M01021,FY25,9.33,6.04,0.35,0.66,2244.6,93.27,0.0
INE785M01021,FY26,8.74,9.06,0.14,0.83,3352.88,95.8,0.0
INE865T01018,FY23,14.96,18.15,0.14,6.26,756.47,235.29,100.91
INE865T01018,FY24,19.94,26.51,0.04,10.34,782.12,156.59,26.09
INE865T01018,FY25,16.43,22.18,0.02,10.09,809.08,184.13,49.09
INE865T01018,FY26,13.98,18.2,0.06,,807.88,287.57,21.13
INE111Q01021,FY23,25.15,24.31,0.68,19.93,10345.49,354.94,4.93
INE111Q01021,FY24,12.36,15.28,0.9,10.77,9974.97,460.29,116.12
INE111Q01021,FY25,9.72,13.88,0.76,11.28,12100.1,499.94,4.42
INE111Q01021,FY26,6.33,11.62,0.72,7.87,12645.88,561.94,2.71
INE932A01024,FY23,9.69,10.81,0.88,5.49,2145.34,740.34,30.67
INE932A01024,FY24,11.22,11.95,0.9,7.29,3028.03,929.92,242.31
INE932A01024,FY25,11.95,15.38,0.81,8.84,3226.58,978.47,63.59
INE932A01024,FY26,11.93,13.64,1.0,,3620.09,1151.57,135.52
INE138A01028,FY23,557.96,35.42,24.48,3.47,972.44,18.67,0.0
INE138A01028,FY24,52.33,30.11,1.25,4.26,557.67,27.37,0.0
INE138A01028,FY25,-15.68,2.81,1.91,-1.11,257.74,24.93,0.0
INE138A01028,FY26,-215.57,-28.03,4.24,-4.63,143.21,23.06,0.0
INE262H01021,FY23,23.23,27.87,0.17,60.26,8350.59,784.87,79.05
INE262H01021,FY24,22.06,27.63,0.09,71.07,9821.59,777.26,104.54
INE262H01021,FY25,22.16,28.5,0.05,90.24,11938.72,822.49,7.54
INE262H01021,FY26,23.8,29.87,0.06,118.87,14748.45,957.56,13.49
INE347G01014,FY23,21.79,24.75,0.22,22.17,58927.3,9937.42,1149.97
INE347G01014,FY24,20.98,24.62,0.17,24.35,51927.93,9944.1,1799.55
INE347G01014,FY25,19.99,24.37,0.13,26.48,50982.03,10700.17,1870.91
INE347G01014,FY26,17.56,21.77,0.11,26.08,43494.91,11534.01,2497.14
INE134E01011,FY23,18.88,8.5,9.28,48.15,27517.37,1181.25,400.62
INE134E01011,FY24,19.54,9.22,8.81,59.88,33566.4,1443.43,679.62
INE134E01011,FY25,19.53,9.23,8.5,69.67,41677.67,2206.04,1453.41
INE134E01011,FY26,19.49,9.8,7.62,78.49,43199.9,2387.85,1722.6
INE182A01018,FY23,19.45,25.06,0.04,136.38,2422.32,185.78,8.25
INE182A01018,FY24,15.33,20.64,0.03,120.51,2192.69,151.52,0.57
INE182A01018,FY25,18.2,23.68,0.03,167.79,2281.0,179.97,8.15
INE182A01018,FY26,17.19,23.05,0.02,157.92,2519.27,156.99,20.86
INE367G01038,FY23,584.95,14.25,194.26,6.38,4628.11,1558.59,98.67
INE367G01038,FY24,-78.4,-0.54,9.42,-13.5,3930.05,1426.1,73.2
INE367G01038,FY25,-49.69,2.26,6.43,-12.57,3537.91,1319.01,89.39
INE367G01038,FY26,10.47,10.87,2.74,3.92,4587.32,1350.78,66.04
INE560K01014,FY23,7.2,3.08,2.1,2.74,748.58,30.35,0.0
INE560K01014,FY24,6.33,3.37,1.55,2.5,704.38,25.35,0.0
INE560K01014,FY25,7.88,4.88,1.04,3.38,629.9,21.69,0.0
INE560K01014,FY26,10.37,8.01,0.57,4.97,478.91,14.94,0.0
INE457L01029,FY23,19.57,13.01,1.46,3.38,2133.2,585.13,8.56
INE457L01029,FY24,13.0,14.27,0.42,5.41,2711.24,871.76,90.43
INE457L01029,FY25,10.18,14.12,0.14,10.74,4869.53,1331.44,197.13
INE457L01029,FY26,6.45,9.7,0.2,6.91,5288.02,1847.25,312.44
INE179A01014,FY23,71.68,89.56,0.0,208.91,3905.21,192.8,22.76
INE179A01014,FY24,87.12,124.2,0.0,207.95,4191.57,166.93,27.75
INE179A01014,FY26,113.67,155.91,0.0,263.86,4281.59,184.34,21.27
INE199A01012,FY23,30.56,41.29,0.02,138.0,1205.86,173.47,32.69
INE199A01012,FY24,37.34,50.03,0.02,121.0,1129.49,131.53,5.89
INE199A01012,FY26,62.32,84.37,0.02,,1407.97,112.83,13.59
INE940H01022,FY23,20.66,16.76,0.77,34.4,3050.52,456.35,34.19
INE940H01022,FY24,21.8,18.2,0.73,40.05,3380.27,568.26,37.33
INE940H01022,FY25,21.49,16.67,0.67,52.87,4415.02,694.99,48.95
INE940H01022,FY26,19.02,15.47,0.65,60.16,4944.05,852.0,114.9
INE211B01039,FY23,15.93,15.92,0.51,37.35,2601.2,4103.91,2294.66
INE211B01039,FY24,11.62,14.46,0.49,30.66,3899.14,3743.09,1503.26
INE211B01039,FY25,9.42,13.2,0.45,27.16,3813.57,5532.81,3253.04
INE211B01039,FY26,11.14,14.83,0.48,35.02,4422.8,2283.13,0.0
INE546C01010,FY23,9.65,11.91,0.66,2.37,608.89,226.61,32.14
INE546C01010,FY24,32.31,31.46,0.51,11.67,779.43,259.77,41.88
INE546C01010,FY25,15.1,17.21,0.45,10.84,811.14,482.91,200.95
INE546C01010,FY26,15.25,15.22,0.59,14.21,1033.08,652.9,72.72
INE318A01026,FY23,17.65,23.29,0.05,12.52,11751.62,2437.95,437.17
INE318A01026,FY24,20.57,27.65,0.05,16.99,12337.07,2731.57,177.11
INE318A01026,FY25,21.29,28.14,0.05,20.36,13092.76,2988.0,151.87
INE318A01026,FY26,22.61,30.0,0.04,24.01,14551.26,3290.67,359.95
INE603J01030,FY23,17.08,20.45,0.01,81.04,6458.2,2556.9,62.5
INE603J01030,FY24,19.26,21.57,0.02,110.83,7611.6,3176.7,222.4
INE603J01030,FY25,16.35,21.03,0.02,109.42,7903.4,3717.0,398.7
INE603J01030,FY26,11.76,14.8,0.03,87.06,6669.9,4455.3,777.0
INE417C01014,FY23,2.2,2.29,0.07,222.11,278.32,0.25,0.0
INE417C01014,FY24,1.14,1.77,0.06,150.34,285.96,0.2,0.0
INE417C01014,FY25,0.62,1.63,0.12,88.95,301.51,0.56,0.0
INE417C01014,FY26,0.2,1.4,0.15,,266.37,0.35,0.0
INE15B701018,FY23,-7.09,-6.1,0.12,-2.31,1353.71,804.14,214.43
INE15B701018,FY24,-9.65,-7.96,0.18,-2.98,1433.12,648.6,123.96
INE15B701018,FY25,-4.15,-1.28,0.28,-1.27,2274.27,518.82,49.3
INE15B701018,FY26,1.91,3.49,0.07,1.02,2710.59,475.67,40.98
INE202B01038,FY23,-5007.33,-2276.74,2.76,-328.14,6498.57,5.25,0.0
INE202B01038,FY24,-1326.16,-579.41,3.06,-87.57,6568.84,6.17,0.0
INE202B01038,FY25,1.79,0.76,2.42,21.52,8568.38,521.55,0.0
INE202B01038,FY26,5.34,1.33,2.84,66.03,10370.97,375.86,0.0
INE450D01021,FY23,17.61,16.14,1.07,18.36,1094.76,399.25,46.09
INE450D01021,FY24,18.97,14.6,1.33,26.2,1234.3,639.54,184.3
INE450D01021,FY25,13.61,14.44,0.77,33.32,1704.57,980.23,97.19
INE450D01021,FY26,11.94,13.96,0.82,31.77,1912.8,1060.76,49.81
INE751B01018,FY23,15.51,19.12,0.17,47.57,481.44,276.16,3.13
INE751B01018,FY24,16.84,21.46,0.09,60.91,489.51,274.71,3.63
INE751B01018,FY25,18.94,24.68,0.06,82.84,581.66,271.01,6.65
INE751B01018,FY26,15.34,20.39,0.03,78.45,573.31,271.72,4.02
INE083C01022,FY23,6.8,9.56,0.02,10.33,767.41,178.76,0.12
INE083C01022,FY24,8.52,11.45,0.02,13.28,802.16,174.94,1.21
INE083C01022,FY25,7.82,10.68,0.01,12.87,779.71,170.93,2.53
INE083C01022,FY26,8.17,10.81,0.05,14.12,787.94,183.8,6.15
INE0PT501018,FY23,61.26,63.32,0.35,6.9,231.33,37.54,3.14
INE0PT501018,FY24,13.21,17.54,0.03,10.55,264.18,52.62,12.28
INE0PT501018,FY25,12.79,17.53,0.05,8.94,392.26,104.07,45.36
INE0PT501018,FY26,11.73,15.16,0.02,,450.44,133.83,45.14
INE160A01022,FY23,3.25,,0.68,3.04,47092.1,11885.07,0.0
INE160A01022,FY24,8.25,,0.66,8.27,55260.52,12142.23,0.0
INE160A01022,FY25,13.88,,0.54,16.42,59760.55,12723.98,0.0
INE160A01022,FY26,12.26,,0.58,16.0,62619.97,15078.53,0.0
INE859A01011,FY23,-6.13,4.33,15.27,-4.29,950.42,8.45,1.54
INE859A01011,FY24,5.22,6.36,16.85,3.86,1383.47,6.51,0.0
INE859A01011,FY25,15.08,6.78,14.49,12.95,1675.98,4.99,0.0
INE572E01012,FY23,9.5,,3.31,53.16,2541.07,131.86,0.08
INE572E01012,FY24,10.07,,2.5,58.2,2783.63,195.13,5.43
INE572E01012,FY25,11.48,,2.66,74.25,2962.06,219.14,4.67
INE572E01012,FY26,11.92,,2.77,87.8,3617.44,242.7,1.38
INE195J01029,FY23,15.37,13.37,1.47,25.67,7423.49,536.42,16.9
INE195J01029,FY24,17.54,14.35,1.55,35.45,7905.15,477.55,16.9
INE195J01029,FY25,13.62,13.31,1.56,31.79,6768.68,414.26,17.18
INE195J01029,FY26,12.2,13.76,0.76,32.42,5368.1,631.71,3.78
INE953R01016,FY23,19.89,21.81,0.87,5.47,4507.52,185.46,3.52
INE953R01016,FY24,29.03,25.18,0.85,11.43,6112.02,211.54,3.52
INE953R01016,FY25,14.05,13.55,0.6,17.1,7693.47,298.48,11.85
INE953R01016,FY26,20.88,17.39,0.89,30.2,10739.1,375.3,0.0
INE1RDG01013,FY23,-99.48,-133.0,0.0,16.32,198.85,0.0,0.0
INE1RDG01013,FY24,-148.84,-198.95,0.0,13.38,195.63,0.0,0.0
INE1RDG01013,FY25,6.57,5.09,0.91,2.08,64.47,0.47,0.0
INE1RDG01013,FY26,12.55,14.02,0.33,28.41,439.03,5.99,0.0
INE063E01061,FY23,28.41,23.5,0.59,12.91,1475.47,153.5,15.54
INE063E01061,FY24,8.92,13.3,0.29,5.42,1539.9,169.46,17.41
INE063E01061,FY25,9.79,12.82,0.19,8.43,2056.91,237.58,77.86
INE063E01061,FY26,16.73,20.25,0.19,,2958.36,243.86,2.57
INE637C01025,FY23,12.98,14.58,0.9,21.23,725.32,733.63,1.64
INE637C01025,FY24,14.75,17.98,0.68,28.18,687.61,779.98,71.12
INE637C01025,FY25,24.11,26.39,0.47,60.49,930.13,833.16,61.37
INE637C01025,FY26,9.41,10.7,0.53,26.0,571.62,1194.94,408.81
INE417T01026,FY23,-8.9,-8.18,0.04,-10.97,2557.85,270.06,0.28
INE417T01026,FY24,1.14,1.69,0.04,1.45,3437.68,315.62,0.26
INE417T01026,FY25,5.47,6.23,0.05,7.63,4977.21,411.3,0.2
INE417T01026,FY26,9.16,9.7,0.05,14.46,6794.02,430.4,0.0
INE455K01017,FY23,19.15,21.97,0.2,84.66,13941.89,2381.06,334.45
INE455K01017,FY24,21.79,24.0,0.25,118.49,17760.41,3046.23,805.65
INE455K01017,FY25,20.55,25.06,0.15,133.8,22031.42,3882.0,959.7
INE455K01017,FY26,22.25,23.07,0.37,176.95,28269.51,5103.73,1456.04
INE205C01021,FY23,14.44,17.69,0.12,18.67,1108.66,699.38,109.59
INE205C01021,FY24,17.57,21.59,0.12,26.9,1365.69,920.99,98.75
INE205C01021,FY25,12.24,15.77,0.07,34.11,1669.83,1178.29,137.74
INE205C01021,FY26,10.67,12.88,0.11,31.75,1875.26,1353.62,90.51
INE633B01018,FY23,10.0,17.35,0.23,110.97,7640.29,3550.78,302.13
INE633B01018,FY24,1.08,2.7,0.21,12.05,6294.39,3697.48,699.93
INE633B01018,FY25,5.56,10.58,0.23,66.64,6885.18,4065.44,125.99
INE633B01018,FY26,1.06,1.42,0.22,14.32,7085.86,4291.66,70.0
INE511C01022,FY23,9.97,4.44,1.63,8.86,1871.66,175.3,0.0
INE511C01022,FY24,20.6,9.21,1.86,21.63,2950.64,151.83,0.64
INE511C01022,FY25,-1.2,-0.35,3.19,-1.27,4000.48,185.21,3.22
INE511C01022,FY26,5.24,1.29,4.68,6.82,6490.61,353.87,24.89
INE752E01010,FY23,18.57,12.25,1.55,16.58,44005.22,197518.63,13741.24
INE752E01010,FY24,17.87,13.01,1.46,16.74,44202.75,195574.65,19352.14
INE752E01010,FY25,16.75,12.38,1.45,16.69,44072.92,206909.97,36024.23
INE752E01010,FY26,15.85,10.65,1.51,17.13,44765.43,222857.69,47887.49
INE921L01032,FY23,13.4,20.1,0.35,8.41,2360.68,1087.17,7.08
INE921L01032,FY24,24.8,32.84,0.19,17.88,2199.39,980.89,41.8
INE921L01032,FY25,15.38,19.58,0.29,,2642.57,1208.71,355.05
INE07Y701011,FY23,7.73,11.03,0.28,22.16,4334.5,731.02,50.57
INE07Y701011,FY24,12.04,17.05,0.16,38.64,5096.04,742.54,79.99
INE07Y701011,FY25,9.11,13.05,0.02,90.36,6224.09,819.25,135.55
INE07Y701011,FY26,19.09,25.35,0.02,221.63,7918.24,1257.01,444.55
INE211R01019,FY23,16.4,20.04,0.37,70.63,3600.44,190.38,4.1
INE211R01019,FY24,13.5,20.35,0.22,81.07,4205.8,247.58,18.8
INE211R01019,FY25,15.12,20.5,0.33,103.26,5234.14,347.77,31.77
INE211R01019,FY26,14.45,21.15,0.26,115.12,6061.57,599.69,181.66
INE050001010,FY23,25.59,32.13,0.03,29.81,709.21,73.44,5.87
INE050001010,FY24,24.55,27.96,0.11,37.48,669.35,83.19,12.6
INE050001010,FY25,18.73,24.69,0.09,34.74,780.48,140.32,12.88
INE050001010,FY26,9.04,12.29,0.04,18.09,788.71,154.21,18.24
INE0DK501011,FY23,-2.75,1.75,0.83,-1.54,7032.41,4441.44,852.93
INE0DK501011,FY24,0.23,4.96,0.6,0.14,8106.41,4815.96,565.7
INE0DK501011,FY25,1.12,6.41,0.6,0.69,9061.0,5023.5,489.12
INE0DK501011,FY26,-3.99,1.17,0.7,-2.46,8758.82,5641.86,799.17
INE0I0M01023,FY23,0.85,1.03,0.02,0.27,33.45,189.92,186.5
INE0I0M01023,FY24,-0.21,-0.23,0.18,-0.07,2.73,215.78,211.69
INE0I0M01023,FY25,-0.33,-0.33,0.29,-0.11,3.95,258.27,253.1
INE0I0M01023,FY26,0.13,0.1,0.38,0.05,6.11,301.66,298.81
INE074A01025,FY23,22.24,28.87,0.04,13.05,3462.8,247.21,10.61
INE074A01025,FY24,22.23,26.82,0.13,15.42,3417.44,417.94,10.76
INE074A01025,FY25,15.84,20.11,0.14,11.91,3188.8,468.84,22.35
INE074A01025,FY26,1.82,4.74,0.13,1.3,3136.38,454.76,6.42
INE603A01013,FY23,6.45,7.41,0.2,10.64,3443.75,3301.93,184.13
INE603A01013,FY24,11.51,11.81,0.12,19.44,3677.77,3226.49,506.2
INE603A01013,FY25,10.71,10.75,0.13,19.85,4014.35,3287.86,14.34
INE603A01013,FY26,9.28,9.13,0.14,18.6,3478.66,3168.81,196.87
INE484I01029,FY23,6.46,8.13,0.15,4.87,1065.24,356.03,81.27
INE484I01029,FY24,5.39,7.89,0.15,4.25,1012.38,333.61,27.68
INE484I01029,FY25,6.83,9.81,0.15,5.7,847.42,326.93,58.31
INE484I01029,FY26,6.13,9.42,0.06,5.4,761.35,354.81,64.89
INE283A01014,FY23,-6.41,-0.08,0.93,-21.69,918.69,469.28,22.24
INE283A01014,FY24,4.01,7.03,0.89,13.99,801.82,510.09,61.77
INE283A01014,FY25,7.33,12.19,0.73,,831.03,493.16,16.29
INE283A01014,FY26,7.46,9.53,0.72,29.87,852.09,530.93,18.35
INE372C01037,FY23,13.21,22.9,0.04,3.33,2877.42,126.21,10.27
INE372C01037,FY24,14.39,21.54,0.19,4.08,3132.07,158.61,19.32
INE372C01037,FY25,15.63,24.81,0.11,5.04,3926.63,248.13,30.04
INE372C01037,FY26,20.1,24.51,0.38,,5320.27,498.82,182.98
INE863B01029,FY23,3.55,5.59,0.43,1.28,201.54,186.28,3.98
INE863B01029,FY24,12.88,16.89,0.28,5.27,270.38,198.28,4.91
INE863B01029,FY25,11.67,16.97,0.17,5.34,417.45,200.22,6.88
INE863B01029,FY26,15.85,19.87,0.11,,388.34,208.19,26.39
INE0BS701011,FY23,-3.11,3.41,1.86,-0.29,1427.38,983.26,399.23
INE0BS701011,FY24,35.77,18.3,2.17,5.18,3139.2,1250.36,53.0
INE0BS701011,FY25,33.21,29.68,0.69,21.35,6518.74,1402.87,430.24
INE0BS701011,FY26,35.05,26.59,0.86,33.63,7824.37,3884.97,2143.87
INE309M01020,FY23,15.8,16.14,0.45,1.12,286.3,54.55,1.53
INE309M01020,FY24,21.82,26.47,0.16,9.83,294.43,41.08,0.31
INE309M01020,FY25,22.06,25.74,0.18,2.48,301.39,56.36,0.67
INE309M01020,FY26,21.66,29.63,0.0,3.04,338.9,60.61,0.5
INE811K01011,FY23,9.44,11.11,0.94,23.49,8215.4,4967.2,2472.0
INE811K01011,FY24,12.17,13.35,1.19,34.28,7803.4,4946.2,2197.8
INE811K01011,FY25,3.03,6.99,0.85,11.19,7205.2,4257.0,1621.6
INE811K01011,FY26,7.35,9.39,1.09,27.76,12544.8,5426.3,2560.3
INE726V01018,FY23,17.7,20.19,0.16,10.23,1902.83,447.79,17.46
INE726V01018,FY24,16.64,22.52,0.07,11.54,2208.17,532.09,45.18
INE726V01018,FY25,16.44,18.51,0.27,13.7,2620.91,810.46,77.59
INE726V01018,FY26,19.99,22.09,0.3,20.57,3963.85,1051.41,118.28
INE032B01021,FY23,8.81,12.25,0.01,3.31,40.54,2.64,0.0
INE032B01021,FY24,11.78,15.03,0.01,5.42,61.51,1.86,0.0
INE032B01021,FY25,18.57,21.4,0.02,11.15,79.8,5.34,0.38
INE032B01021,FY26,5.13,2.86,0.02,3.81,127.68,11.48,0.0
INE607A01022,FY23,33.31,34.91,0.35,5.67,707.38,502.19,224.54
INE607A01022,FY24,-6.54,-2.34,0.46,-1.05,396.98,521.98,53.95
INE607A01022,FY25,0.91,6.81,0.43,0.15,555.56,510.35,13.72
INE607A01022,FY26,3.78,6.57,0.32,,561.69,481.79,12.44
INE689W01016,FY23,8.9,12.27,0.05,10.98,2703.44,714.12,34.6
INE689W01016,FY24,11.82,14.85,0.08,16.51,2561.58,854.43,65.6
INE689W01016,FY25,2.74,3.75,0.18,3.9,2523.92,1010.98,57.3
INE689W01016,FY26,4.57,6.22,0.09,6.62,2598.33,1084.98,23.78
INE959A01019,FY23,2.68,5.18,1.3,5.45,1605.39,1100.72,94.63
INE959A01019,FY24,10.27,11.79,1.09,24.3,1751.66,1113.18,88.74
INE959A01019,FY25,16.95,15.24,1.04,47.3,2091.77,1272.85,127.47
INE959A01019,FY26,23.19,21.43,0.72,81.08,2541.76,1458.71,297.65
INE0BX301013,FY23,32.76,31.83,0.41,3.39,230.11,13.56,9.08
INE0BX301013,FY24,27.66,27.13,0.52,3.96,257.94,20.45,9.6
INE0BX301013,FY26,11.51,12.89,0.32,5.82,385.77,49.58,20.75
INE004A01022,FY23,12.49,16.34,0.01,26.46,730.83,59.7,0.0
INE004A01022,FY24,10.5,13.68,0.02,23.94,875.92,65.13,0.0
INE004A01022,FY25,9.26,11.32,0.07,22.65,840.7,115.03,0.12
INE004A01022,FY26,9.34,11.75,0.08,,997.75,144.97,1.77
INE195N01013,FY23,4.94,9.4,0.82,1.66,173.17,3.97,0.0
INE195N01013,FY24,0.89,4.87,0.83,0.3,184.51,2.83,0.0
INE195N01013,FY25,-8.11,3.97,0.91,-2.49,178.73,11.75,0.0
INE195N01013,FY26,2.34,6.44,1.44,0.7,195.22,9.16,0.0
INE010A01011,FY23,-8.55,-0.02,1.37,-2.05,7209.54,3153.64,239.97
INE010A01011,FY24,13.04,11.4,1.25,3.6,7331.29,3376.89,152.12
INE010A01011,FY25,5.41,8.8,1.01,1.59,6780.46,3386.92,153.46
INE010A01011,FY26,4.77,10.76,0.92,1.45,7326.0,3207.96,74.89
INE00F201020,FY23,33.34,43.19,0.05,28.18,604.84,31.06,0.0
INE00F201020,FY24,28.83,37.42,0.04,33.51,799.07,35.57,0.0
INE00F201020,FY25,29.3,37.88,0.05,47.25,1095.95,59.69,0.0
INE00F201020,FY26,25.16,33.01,0.04,53.63,1306.47,63.6,1.34
INE608A01012,FY23,8.69,,0.6,1.94,3886.06,1519.42,0.0
INE608A01012,FY24,3.83,,0.59,0.88,3709.21,1755.78,0.0
INE608A01012,FY25,7.61,,0.89,1.5,5381.34,1798.25,19.39
INE608A01012,FY26,9.35,,0.99,1.86,5632.41,1862.01,24.34
INE488V01015,FY23,16.47,22.02,0.18,36.65,1925.22,256.14,17.74
INE488V01015,FY24,13.44,15.27,0.5,34.16,2487.94,323.63,2.88
INE488V01015,FY25,4.67,7.71,0.22,14.32,2493.28,308.73,2.77
INE488V01015,FY26,4.39,6.93,0.26,14.0,3118.72,412.53,0.86
INE877F01012,FY23,8.88,9.65,1.3,15.05,15304.25,1616.47,0.14
INE877F01012,FY24,9.27,11.37,0.84,16.11,16498.59,42.75,0.03
INE877F01012,FY25,15.51,20.06,0.51,30.41,15545.86,37.15,0.12
INE877F01012,FY26,10.13,15.95,0.3,20.46,16621.16,30.54,0.0
INE596F01018,FY23,8.42,9.88,0.58,19.54,215.02,346.24,120.66
INE596F01018,FY24,6.54,8.17,0.28,30.35,251.59,449.52,219.37
INE596F01018,FY25,4.4,6.02,0.04,41.33,308.07,679.85,297.01
INE596F01018,FY26,6.74,7.67,0.17,67.74,602.78,849.1,310.65
INE034D01049,FY23,3.33,8.25,0.04,1.76,64.34,612.21,0.01
INE034D01049,FY24,2.79,6.87,0.03,1.78,64.35,610.17,0.09
INE034D01049,FY25,4.27,7.29,0.02,2.74,64.34,608.24,0.24
INE034D01049,FY26,5.48,7.79,0.01,3.49,64.34,606.9,0.02
INE277B01014,FY23,21.77,27.38,0.33,49.84,978.68,239.85,18.55
INE277B01014,FY24,16.23,19.55,0.37,43.7,912.52,245.52,13.12
INE277B01014,FY25,10.67,13.26,0.46,31.75,882.99,262.68,13.9
INE277B01014,FY26,15.1,17.29,0.36,52.17,1006.92,288.98,17.59
INE323I01011,FY23,3.35,8.36,1.48,2.8,1186.53,134.12,50.04
INE323I01011,FY24,2.24,9.55,1.77,1.77,2141.3,290.28,145.49
INE323I01011,FY25,-10.39,5.64,2.5,-7.59,2013.61,327.01,108.75
INE323I01011,FY26,3.56,10.23,3.13,2.69,3739.83,236.01,0.68
INE362A01016,FY23,97.09,102.01,0.8,5.87,175.68,3.88,0.0
INE362A01016,FY24,29.19,24.54,0.19,2.64,8.47,8.37,1.76
INE362A01016,FY25,-3.03,-2.0,0.1,-0.26,27.2,6.51,0.0
INE362A01016,FY26,-3.12,5.28,1.18,-0.25,89.71,118.46,0.32
INE191H01014,FY23,-4.57,2.16,1.1,-51.6,3737.3,8663.2,345.5
INE191H01014,FY24,-0.44,4.62,1.13,-3.26,6088.8,8889.9,292.6
INE191H01014,FY25,-3.97,3.03,1.1,-28.48,5699.9,8141.3,118.3
INE191H01014,FY26,4.53,6.78,0.92,33.87,6646.2,7537.6,31.5
INE772T01024,FY23,18.68,11.95,2.74,9.0,4670.41,651.6,10.08
INE772T01024,FY24,11.65,12.2,1.42,12.05,5371.7,724.51,16.43
INE772T01024,FY25,-1.64,4.3,1.44,-1.47,5326.81,708.6,9.39
INE772T01024,FY26,-1.99,4.18,2.24,-1.75,6142.3,1089.54,35.05
INE0LP301011,FY23,44.59,-17.76,-3.12,-0.28,740.96,658.31,19.42
INE0LP301011,FY24,83.47,282.26,-0.68,-3.64,1932.93,1017.73,12.99
INE0LP301011,FY25,-14.16,-6.87,0.65,-0.75,2886.64,1224.28,20.6
INE0LP301011,FY26,-0.5,2.01,0.23,-0.08,3899.54,1377.78,4.95
INE0MIS01010,FY23,29.61,28.75,0.52,8.63,480.03,69.13,7.26
INE0MIS01010,FY24,13.21,17.26,0.09,8.51,532.42,109.3,17.24
INE0MIS01010,FY25,10.7,12.75,0.22,7.38,591.34,172.83,59.96
INE0MIS01010,FY26,10.42,10.2,0.66,7.93,680.91,232.46,3.42
INE0SII01026,FY23,18.38,40.63,0.09,2.86,246.71,47.18,8.41
INE0SII01026,FY24,24.44,33.98,0.25,5.2,292.17,79.13,13.73
INE0SII01026,FY25,15.59,26.47,0.02,9.1,338.27,219.93,2.58
INE0SII01026,FY26,22.39,38.34,0.07,,947.27,302.46,73.03
INE0LRY01011,FY23,47.26,22.01,2.52,3.48,152.46,20.9,0.0
INE0LRY01011,FY24,24.99,19.45,1.75,2.91,150.05,30.47,0.0
INE0LRY01011,FY25,-6.6,-4.79,0.3,-6.12,150.61,30.15,0.0
INE0LRY01011,FY26,-16.65,-18.69,0.09,,152.97,26.93,0.0
INE615P01015,FY23,8.74,10.87,0.39,15.04,17158.39,645.75,0.1
INE615P01015,FY24,9.93,5.16,0.3,18.61,13695.09,624.66,6.55
INE615P01015,FY25,4.22,6.67,0.1,3.07,14967.2,100.82,0.02
INE615P01015,FY26,19.0,21.56,0.11,14.85,15305.19,123.56,0.0
INE306L01010,FY23,1.52,1.91,,1.14,278.09,97.56,0.0
INE306L01010,FY24,5.55,6.03,0.0,4.48,291.75,86.66,3.06
INE306L01010,FY25,1.14,0.28,0.0,0.91,279.53,83.6,0.05
INE306L01010,FY26,-2.5,-4.68,0.0,-1.98,261.02,88.66,0.0
INE704B01017,FY23,22.35,17.73,1.21,34.72,338.38,244.49,17.71
INE704B01017,FY24,19.24,15.15,1.41,36.54,409.52,312.65,9.08
INE704B01017,FY25,10.49,12.04,1.38,22.05,415.07,326.73,4.61
INE704B01017,FY26,13.89,16.26,0.67,,489.94,344.27,2.63
INE583V01021,FY23,13.79,16.43,0.16,2.52,312.73,13.72,0.0
INE583V01021,FY24,18.7,21.94,0.19,4.2,544.06,11.66,0.0
INE583V01021,FY25,18.63,24.02,0.13,5.09,587.79,9.86,0.0
INE583V01021,FY26,18.79,22.58,0.15,6.34,639.14,9.21,0.0
INE944F01028,FY23,9.98,10.54,0.34,16.48,3104.42,1551.81,325.59
INE944F01028,FY24,10.75,11.73,0.42,19.61,4098.21,1758.27,64.74
INE944F01028,FY25,12.55,13.95,0.4,25.82,4809.57,1858.84,55.02
INE944F01028,FY26,18.23,21.12,0.24,45.12,6003.63,2023.26,121.37
INE0DD101019,FY23,11.42,15.62,0.03,5.87,1951.4,972.76,156.93
INE0DD101019,FY24,13.47,18.22,0.02,7.67,2563.78,1036.94,129.59
INE0DD101019,FY25,14.99,19.71,0.02,9.34,3465.9,1191.27,123.71
INE0DD101019,FY26,15.31,20.59,0.03,10.79,4268.68,1366.14,135.11
INE855B01025,FY23,-12.77,1.94,1.18,-27.89,18051.81,5595.29,509.71
INE855B01025,FY24,-8.5,4.5,1.28,-16.78,15267.27,5474.32,538.3
INE855B01025,FY25,0.57,7.64,1.32,1.26,16791.14,5938.5,362.54
INE961O01016,FY23,19.89,20.63,0.54,20.89,1160.8,975.83,48.09
INE961O01016,FY24,17.24,17.48,0.61,21.38,1285.69,1432.81,183.92
INE961O01016,FY25,16.58,18.03,0.52,23.84,1495.01,1438.93,51.11
INE961O01016,FY26,16.89,17.17,0.54,27.41,1677.71,1673.36,111.75
INE343B01030,FY23,9.73,10.09,0.05,48.51,339689.51,1211.54,56.12
INE343B01030,FY24,2.21,3.19,0.04,11.41,280676.35,1188.26,16.76
INE343B01030,FY25,0.6,1.44,0.06,3.21,423099.32,425.47,17.88
INE343B01030,FY26,0.65,1.79,0.06,,778716.04,511.52,3.95
INE535F01024,FY23,10.55,11.77,0.02,0.7,157.46,38.11,2.56
INE535F01024,FY24,16.59,21.1,0.01,1.28,193.64,46.65,5.0
INE535F01024,FY25,23.35,30.99,0.0,2.32,253.66,54.24,1.11
INE535F01024,FY26,13.82,18.12,0.07,2.74,344.25,106.47,12.62
INE451D01029,FY23,22.79,23.73,0.39,19.72,894.97,464.29,160.16
INE451D01029,FY24,14.58,16.59,0.39,14.15,889.27,554.65,191.32
INE451D01029,FY25,10.52,12.67,0.42,11.58,934.28,604.4,75.46
INE451D01029,FY26,10.78,11.76,0.5,13.81,1155.16,718.24,101.43
INE533D01032,FY23,-11.88,-5.05,1.21,-0.22,137.22,182.09,43.72
INE533D01032,FY24,3.74,6.59,1.63,0.07,745.17,225.49,6.79
INE533D01032,FY25,11.27,6.07,1.94,0.17,849.38,313.87,104.84
INE533D01032,FY26,21.72,13.25,1.42,0.42,1179.72,343.3,0.87
INE613A01020,FY23,5.31,7.52,0.08,4.73,2954.92,732.58,183.26
INE613A01020,FY24,8.08,10.87,0.07,7.61,2632.54,808.38,20.44
INE613A01020,FY25,6.57,10.12,0.03,6.43,2639.86,704.82,25.5
INE613A01020,FY26,9.0,12.39,0.03,9.46,2872.27,639.03,11.55
INE230R01035,FY23,10.66,11.87,0.77,0.37,1327.12,102.82,28.44
INE230R01035,FY24,8.69,11.94,0.44,0.54,1039.05,85.91,8.05
INE230R01035,FY25,6.25,8.93,0.25,0.15,1048.05,81.36,10.18
INE230R01035,FY26,2.64,4.93,0.27,0.07,1124.12,80.73,4.03
INE1SJO01012,FY23,57.47,52.52,0.34,2.27,46.6,0.28,0.0
INE1SJO01012,FY24,44.84,34.7,0.63,3.21,69.44,1.93,0.0
INE1SJO01012,FY25,43.64,27.24,1.3,,124.94,14.57,0.0
INE331A01037,FY23,4.58,5.99,0.66,13.76,8122.36,12118.55,2002.64
INE331A01037,FY24,4.97,7.13,0.68,15.77,9348.69,13360.5,1392.75
INE331A01037,FY25,3.66,5.47,0.63,11.53,8491.67,13595.48,1425.93
INE331A01037,FY26,8.63,9.79,0.48,29.56,8947.17,13747.76,951.94
INE614A01028,FY23,3.19,3.3,0.08,14.83,1453.36,574.25,14.21
INE614A01028,FY24,2.6,3.03,0.06,12.66,1495.49,570.47,7.83
INE614A01028,FY25,4.27,3.47,0.06,20.89,1667.49,563.6,6.96
INE614A01028,FY26,6.77,4.56,0.04,35.35,1787.08,582.8,27.39
INE246B01019,FY23,-38.8,-32.95,0.2,-65.6,492.22,82.48,0.0
INE246B01019,FY24,-77.7,-63.49,0.2,-68.51,525.83,72.98,0.0
INE246B01019,FY25,-10.85,-5.82,0.17,-9.35,591.34,62.25,0.3
INE246B01019,FY26,11.96,13.49,0.12,11.15,700.95,52.64,0.34
INE874I01013,FY23,80.79,56.77,1.17,164.83,1705.13,382.96,57.61
INE874I01013,FY24,17.98,24.0,0.49,44.48,2160.52,213.72,0.0
INE874I01013,FY25,9.91,18.23,0.3,27.28,2044.54,203.09,0.09
INE874I01013,FY26,12.54,15.52,0.27,,1846.48,186.72,1.22
INE207E01023,FY23,14.4,16.86,0.86,5.1,2639.17,159.77,16.13
INE207E01023,FY24,13.16,16.97,0.58,6.02,2976.1,286.6,74.15
INE207E01023,FY25,14.51,19.14,0.63,7.52,3665.03,519.61,140.08
INE207E01023,FY26,18.47,18.71,1.17,11.46,5155.81,668.08,53.79
INE384A01010,FY23,7.71,10.94,1.11,43.61,3454.23,838.84,49.03
INE384A01010,FY24,13.66,8.33,0.94,86.67,3479.59,796.76,71.37
INE384A01010,FY25,18.74,19.09,0.96,145.13,4319.25,1200.53,142.98
INE384A01010,FY26,8.48,11.43,0.88,68.54,5835.72,1310.97,208.22
INE0CLI01024,FY23,9.64,9.45,0.02,6.29,565.13,22.96,0.0
INE0CLI01024,FY24,10.02,12.97,0.01,12.84,957.03,21.4,0.0
INE0CLI01024,FY25,12.42,16.1,0.01,17.72,1076.67,23.81,0.0
INE0CLI01024,FY26,9.69,9.59,0.47,16.43,1823.55,36.76,0.0
INE703B01027,FY23,19.6,25.16,0.09,72.83,4461.16,1210.49,108.12
INE703B01027,FY24,19.83,26.06,0.05,88.85,5027.51,1324.71,180.44
INE703B01027,FY25,14.96,20.1,0.04,77.25,5146.21,1558.09,234.77
INE703B01027,FY26,11.74,16.36,0.08,68.81,4417.08,1943.56,354.12
INE05CZ01011,FY23,23.61,12.5,2.16,5.16,479.73,43.65,8.8
INE05CZ01011,FY24,12.32,10.66,0.82,7.61,595.35,119.04,45.32
INE05CZ01011,FY25,12.62,12.98,0.52,9.31,891.88,240.07,53.8
INE05CZ01011,FY26,9.61,9.61,0.5,11.11,1068.74,324.48,82.38
INE301A01014,FY23,18.25,18.29,0.87,79.45,8112.36,1970.52,39.45
INE301A01014,FY24,35.47,0.99,0.91,246.07,929.54,2643.25,94.37
INE301A01014,FY25,205.36,3.22,0.2,1145.99,1860.74,908.63,18.27
INE301A01014,FY26,187.81,-0.57,0.37,802.31,2124.19,902.14,60.9
INE02ID01020,FY23,25.61,22.2,0.03,5.91,128.19,14.8,0.0
INE02ID01020,FY24,27.37,7.43,0.16,434.1,6493.18,2298.8,61.55
INE02ID01020,FY25,0.4,2.21,0.24,6.27,6126.46,2630.78,135.05
INE02ID01020,FY26,0.48,2.57,0.23,7.59,6820.4,2539.09,138.33
INE1SY401010,FY25,37.37,11.98,9.82,2.67,564.84,2.11,0.0
INE1SY401010,FY26,19.43,18.26,0.65,45.52,2977.51,93.87,5.28
INE07T201019,FY23,-26.8,-6.86,1.41,-4.48,2048.87,1962.13,78.64
INE07T201019,FY24,-34.78,-4.64,2.28,-4.4,2412.15,2304.36,76.69
INE07T201019,FY25,-23.8,-2.62,2.02,-4.33,2532.56,2573.5,94.98
INE07T201019,FY26,-25.94,-0.55,2.73,-3.19,2800.61,2817.52,112.56
INE976G01028,FY23,6.8,,0.89,15.27,7437.79,598.49,45.3
INE976G01028,FY24,8.49,,1.0,20.54,9103.7,557.9,7.33
INE976G01028,FY25,4.58,,0.93,11.76,10406.99,603.81,0.0
INE976G01028,FY26,5.26,,1.06,14.09,10495.2,581.6,20.51
INE0PEQ01016,FY23,24.15,19.82,1.04,5.58,287.93,26.1,0.89
INE0PEQ01016,FY24,10.4,13.31,0.33,6.61,327.43,26.72,0.1
INE0PEQ01016,FY25,15.83,18.48,0.37,9.7,530.15,33.13,2.55
INE0PEQ01016,FY26,18.28,18.74,0.57,,636.48,85.67,24.69
INE027A01015,FY23,21.05,22.43,0.41,17.52,7816.48,2782.35,245.15
INE027A01015,FY24,4.89,6.14,0.72,4.08,6424.28,3052.66,500.14
INE027A01015,FY25,5.11,7.75,0.58,4.39,16933.64,3649.03,748.39
INE027A01015,FY26,8.35,9.76,0.81,7.75,18480.17,4095.01,810.28
INE020B01018,FY23,19.21,,6.55,42.28,14600.87,649.15,9.98
INE020B01018,FY24,20.4,,6.42,53.59,17240.7,654.74,23.76
INE020B01018,FY25,20.27,,6.33,60.2,21900.0,702.04,76.01
INE020B01018,FY26,19.17,,6.05,61.81,21834.25,741.2,127.71
INE891D01026,FY23,20.1,20.45,0.48,17.81,79336.78,488.47,8.3
INE891D01026,FY24,16.14,18.55,0.39,15.59,89309.83,446.27,0.78
INE891D01026,FY25,18.4,23.01,0.32,20.53,99290.75,486.55,14.7
INE891D01026,FY26,14.67,15.63,0.28,19.06,119114.12,566.92,69.74
INE0LXT01019,FY23,29.82,27.63,0.55,2.57,1458.71,437.91,69.58
INE0LXT01019,FY24,27.18,23.82,0.74,3.19,1831.96,664.6,18.19
INE0LXT01019,FY25,21.55,18.78,0.92,3.08,2018.25,755.47,47.63
INE0LXT01019,FY26,23.55,22.61,0.7,,2416.4,766.76,25.28
INE056I01025,FY23,36.92,35.71,0.48,10.77,1617.9,150.22,3.51
INE056I01025,FY24,20.16,20.37,0.46,8.36,1377.1,211.27,9.0
INE056I01025,FY25,13.09,16.08,0.24,12.33,2251.84,341.44,8.23
INE056I01025,FY26,13.52,20.8,0.15,15.07,2275.44,215.06,11.96
INE0MHO01029,FY23,14.89,12.23,1.76,1.63,474.93,245.01,61.6
INE0MHO01029,FY24,16.44,10.05,2.69,2.16,590.66,348.17,43.2
INE0MHO01029,FY25,19.58,13.39,2.1,4.64,915.16,478.99,103.54
INE0MHO01029,FY26,11.35,9.54,1.26,5.81,1134.17,833.1,463.79
INE131B01039,FY23,8.33,11.35,0.09,6.21,2764.14,1216.95,97.48
INE131B01039,FY24,10.02,13.05,0.1,8.05,2893.6,1390.2,41.05
INE131B01039,FY25,8.12,10.84,0.1,6.84,2789.61,1408.99,53.21
INE131B01039,FY26,8.13,10.78,0.11,,2702.16,1453.07,96.7
INE002A01018,FY23,9.32,10.76,0.47,49.3,877835.0,694987.0,124484.0
INE002A01018,FY24,8.77,11.07,0.44,51.45,901064.0,767493.0,161409.0
INE002A01018,FY25,8.26,10.57,0.44,51.47,964693.0,861942.0,178840.0
INE002A01018,FY26,8.93,11.31,0.44,59.69,1057219.0,957893.0,206806.0
INE621H01010,FY23,4.22,137.98,0.37,94.67,3692.88,151.44,0.22
INE621H01010,FY24,9.94,19.34,0.19,7.07,837.73,120.86,0.13
INE621H01010,FY25,4.95,10.2,0.09,3.78,7329.1,108.1,1.97
INE621H01010,FY26,2.96,3.62,0.17,2.59,8408.89,106.7,0.0
INE036A01016,FY23,-34.66,-1.41,1.24,-112.98,20562.93,9963.8,916.14
INE036A01016,FY24,-18.39,8.2,1.13,-42.66,21703.3,10020.03,1023.5
INE036A01016,FY25,34.22,48.6,0.44,120.68,23277.27,10547.25,1003.47
INE036A01016,FY26,16.23,25.83,0.28,71.41,20126.56,11159.56,900.11
INE206N01018,FY23,8.06,11.11,0.62,1.13,252.63,221.0,33.73
INE206N01018,FY24,-34.91,-9.9,1.08,-3.45,130.97,283.91,26.88
INE206N01018,FY25,6.39,6.48,0.66,1.28,250.42,449.29,131.72
INE087H01022,FY23,22.35,8.1,-6.32,-0.93,9007.03,4415.0,119.21
INE087H01022,FY24,43.62,8.51,-4.03,-2.95,11299.79,4473.15,54.82
INE087H01022,FY25,17.89,10.64,-3.51,-1.41,10589.1,4371.97,22.28
INE087H01022,FY26,29.59,-3.03,-2.68,-3.72,9160.5,3942.4,24.3
INE612J01015,FY23,12.22,8.79,3.84,50.56,584.32,35.98,0.0
INE612J01015,FY24,13.84,3.83,3.58,66.04,1514.81,46.16,0.0
INE612J01015,FY25,13.75,3.65,3.25,75.33,1690.15,61.26,0.0
INE612J01015,FY26,11.77,3.34,3.02,75.99,1775.87,75.85,0.0
INE461B01014,FY23,2.98,4.99,0.33,6.84,403.37,238.78,0.0
INE461B01014,FY24,3.13,5.42,0.13,8.4,466.28,224.4,12.34
INE461B01014,FY25,-0.54,1.3,0.26,-1.44,452.59,247.94,12.49
INE461B01014,FY26,-9.52,-2.34,0.53,,478.93,190.64,11.73
INE688D01026,FY23,2.51,3.55,0.27,0.91,973.86,691.24,0.0
INE688D01026,FY24,14.18,14.16,0.19,6.05,1086.97,815.71,1.07
INE688D01026,FY25,14.78,14.36,0.19,7.46,1418.05,798.53,1.87
INE688D01026,FY26,9.52,9.83,0.13,5.57,1394.12,740.2,0.05
INE722H01024,FY23,8.49,8.31,0.6,9.16,2233.82,213.9,1.91
INE722H01024,FY24,6.3,7.61,0.57,7.54,2104.85,207.76,1.49
INE722H01024,FY25,1.94,3.16,0.48,3.7,1467.63,203.4,0.25
INE722H01024,FY26,0.84,2.26,0.43,2.29,1387.46,201.7,0.62
INE0KKN01029,FY23,6.36,8.16,0.21,0.09,86.02,8.58,0.0
INE0KKN01029,FY24,4.35,6.34,0.19,0.05,64.77,16.88,0.0
INE0KKN01029,FY25,5.27,5.85,0.24,0.06,37.16,17.81,1.5
INE0KKN01029,FY26,9.48,9.7,0.38,0.13,24.44,21.68,5.73
INE743M01012,FY23,-16.12,-7.97,0.55,-27.85,2689.76,928.29,44.4
INE743M01012,FY24,-2.61,1.12,0.13,-4.88,3781.1,927.92,56.58
INE743M01012,FY25,5.06,6.97,0.09,9.81,3674.5,949.27,63.33
INE743M01012,FY26,-10.76,-7.05,0.13,,4019.94,919.45,47.74
INE209B01025,FY23,7.11,8.68,1.09,3.62,2258.95,1073.75,71.92
INE209B01025,FY24,5.32,8.01,0.96,2.88,2125.47,1131.85,81.76
INE209B01025,FY25,2.59,6.91,0.96,1.42,2212.4,1185.99,108.7
INE209B01025,FY26,6.48,8.24,0.93,,2477.73,1339.39,161.75
INE046A01015,FY23,4.07,-0.71,0.0,6.39,68.05,36.82,0.0
INE046A01015,FY24,2.83,-1.86,0.0,8.82,58.08,28.77,0.0
INE046A01015,FY25,2.59,-2.89,0.0,7.93,49.49,27.24,0.0
INE046A01015,FY26,2.61,-1.92,0.0,8.21,45.42,25.84,0.0
INE0N2P01017,FY23,11.67,12.72,0.26,12.33,562.67,208.44,15.84
INE0N2P01017,FY24,7.09,8.92,0.1,10.54,678.95,254.39,14.8
INE0N2P01017,FY25,3.67,4.97,0.16,5.84,707.39,305.87,28.79
INE0N2P01017,FY26,10.94,13.5,0.11,21.07,758.02,369.48,43.84
INE01EG01016,FY23,16.43,14.0,1.39,9.97,751.15,37.87,0.0
INE01EG01016,FY24,17.99,14.93,1.42,13.36,933.3,63.47,0.0
INE01EG01016,FY25,13.08,12.42,0.98,15.54,1189.69,147.23,0.0
INE01EG01016,FY26,9.87,8.89,1.3,12.59,1499.19,210.21,0.0
INE320J01015,FY23,20.82,29.85,0.0,11.28,2598.41,805.2,257.0
INE320J01015,FY24,17.45,25.73,0.0,9.48,2443.82,886.73,357.15
INE320J01015,FY25,14.57,21.55,0.0,8.01,2196.35,672.15,81.26
INE320J01015,FY26,15.3,22.72,0.0,8.54,2415.08,663.84,87.82
INE399G01023,FY23,18.77,17.36,1.01,15.43,2859.42,1818.28,131.6
INE399G01023,FY24,11.06,12.86,0.46,17.14,3338.84,2637.81,336.81
INE399G01023,FY25,13.66,4.91,0.7,22.95,3628.54,3453.1,583.4
INE399G01023,FY26,2.18,4.11,0.74,3.95,3867.95,3999.26,357.11
INE0NQ801033,FY23,69.12,60.45,0.76,6.19,292.61,36.69,0.0
INE0NQ801033,FY24,16.46,22.66,0.08,8.86,331.52,26.1,0.0
INE0NQ801033,FY25,7.48,9.53,0.13,3.7,294.29,45.7,0.78
INE0NQ801033,FY26,8.36,10.67,0.16,,340.75,55.87,0.2
INE219Y01026,FY23,0.23,4.43,0.59,0.0,10.95,4.97,0.0
INE219Y01026,FY24,13.31,16.12,0.14,0.15,50.27,10.08,0.03
INE219Y01026,FY25,29.97,32.01,0.33,0.56,130.96,19.24,1.49
INE219Y01026,FY26,31.48,30.83,0.48,0.82,197.38,25.22,2.87
INE050H01012,FY23,12.42,10.09,2.76,18.46,2313.75,517.15,34.95
INE050H01012,FY24,8.32,2.23,1.29,19.81,3412.5,722.29,61.93
INE050H01012,FY25,5.61,10.2,1.21,13.62,3365.14,785.03,99.8
INE050H01012,FY26,14.32,13.51,1.0,,3818.36,860.05,123.89
INE283H01019,FY23,27.19,24.09,0.91,17.15,263.55,188.87,0.75
INE283H01019,FY24,25.42,19.29,1.05,17.68,293.61,238.08,0.36
INE283H01019,FY25,20.47,16.82,0.96,17.23,319.47,252.28,17.09
INE283H01019,FY26,12.47,8.59,2.48,11.74,384.15,714.72,2.4
INE645S01024,FY23,26.66,30.28,0.11,72.74,1094.47,454.46,64.28
INE645S01024,FY24,17.37,22.9,0.02,57.3,1127.1,477.74,11.84
INE645S01024,FY25,16.23,19.34,0.01,6.39,1154.8,488.94,44.94
INE645S01024,FY26,11.63,15.8,0.0,5.18,1143.49,484.81,38.58
INE02A801020,FY23,11.72,16.84,0.08,19.38,1651.32,334.46,20.85
INE02A801020,FY24,12.47,16.89,0.11,23.62,1825.19,425.12,110.43
INE02A801020,FY25,11.5,14.46,0.18,24.63,2071.46,555.72,202.19
INE02A801020,FY26,11.19,13.06,0.33,26.93,2389.82,755.61,195.07
INE0OJW01016,FY24,8.86,8.88,1.32,2.97,213.24,101.99,5.26
INE0OJW01016,FY25,5.92,7.61,1.8,2.1,259.67,101.34,2.83
INE0OJW01016,FY26,14.14,9.38,2.64,5.81,485.12,109.98,1.62
INE535D01037,FY23,20.39,22.49,0.34,3.51,224.37,106.82,24.96
INE535D01037,FY24,20.09,23.02,0.27,2.09,272.81,118.62,0.0
INE535D01037,FY25,15.3,18.08,0.2,1.79,293.87,117.01,2.13
INE535D01037,FY26,10.3,14.67,0.13,1.31,284.65,123.06,17.72
INE450U01017,FY23,17.97,20.41,0.08,52.29,3569.23,73.01,6.18
INE450U01017,FY24,17.45,19.04,0.18,59.07,4023.29,69.27,5.53
INE450U01017,FY25,13.11,16.1,0.19,50.69,4575.62,63.77,5.14
INE450U01017,FY26,8.63,12.94,0.02,37.94,4408.21,73.18,1.53
INE912T01018,FY23,18.93,23.46,0.07,5.5,134.86,89.21,61.99
INE912T01018,FY24,16.42,21.16,0.06,2.83,132.77,89.44,1.4
INE912T01018,FY25,19.09,24.12,0.04,8.05,197.47,94.97,2.08
INE912T01018,FY26,22.41,28.09,0.02,11.94,254.25,101.69,4.24
INE105J01010,FY23,21.99,29.9,0.0,40.9,509.08,116.3,15.03
INE105J01010,FY24,23.39,31.56,0.0,53.01,577.48,181.81,84.78
INE105J01010,FY25,34.54,44.01,,110.8,647.54,165.13,3.95
INE105J01010,FY26,19.03,24.8,0.03,69.64,702.0,211.72,20.02
INE614G01033,FY23,-4.06,4.8,1.83,-1.35,7032.6,39519.34,3763.17
INE614G01033,FY24,-17.81,0.0,1.62,-5.46,7426.45,35337.54,1773.06
INE614G01033,FY25,18.04,15.08,0.93,7.2,7153.21,33292.04,1445.03
INE614G01033,FY26,-2.1,4.52,0.92,-0.82,7204.23,32693.85,1761.73
INE425Y01011,FY23,-6.35,5.26,1.42,-53.72,7166.23,1333.76,12.42
INE425Y01011,FY24,-1.59,9.53,1.58,-14.26,7950.94,1473.49,46.39
INE425Y01011,FY25,-1.84,8.95,2.31,-14.82,9608.35,1893.03,62.22
INE425Y01011,FY26,-5.51,7.8,3.29,-41.7,11323.1,1856.74,81.96
INE0J1F01024,FY23,17.6,13.98,1.55,18.7,9454.28,73.79,3.96
INE0J1F01024,FY24,9.11,13.27,0.45,31.14,11094.7,65.57,0.0
INE0J1F01024,FY25,11.94,13.06,0.52,31.57,13772.73,58.76,0.12
INE0J1F01024,FY26,13.71,15.84,0.49,41.18,15827.34,76.41,0.3
INE777K01022,FY23,13.37,14.82,0.41,16.83,5536.89,554.25,43.58
INE777K01022,FY24,16.3,20.91,0.2,26.57,6517.62,695.88,163.58
INE777K01022,FY25,14.48,18.98,0.13,27.57,7517.83,1003.31,234.73
INE777K01022,FY26,19.12,24.93,0.13,43.52,9587.0,1244.68,72.19
INE313L01016,FY23,29.62,30.69,0.54,2.88,946.09,69.1,16.52
INE313L01016,FY24,28.17,28.29,0.71,3.78,907.98,71.6,1.21
INE313L01016,FY25,26.23,27.64,0.67,4.77,931.93,72.73,3.25
INE313L01016,FY26,13.71,20.01,0.19,,1006.96,75.35,4.35
INE611A01016,FY23,9.33,8.91,0.88,31.52,3732.67,1264.37,182.8
INE611A01016,FY24,-1.62,2.56,1.46,-4.47,3965.67,1550.6,32.01
INE611A01016,FY25,-3.09,2.71,1.32,-8.5,4825.83,1522.92,30.97
INE611A01016,FY26,3.82,5.62,1.24,11.04,4554.13,1540.02,68.04
INE411H01032,FY23,22.91,28.14,0.21,11.84,1684.52,130.8,7.2
INE411H01032,FY24,21.02,28.68,0.12,10.59,1741.73,93.27,0.0
INE411H01032,FY25,23.52,22.42,0.52,15.01,1958.21,141.16,0.13
INE834M01019,FY23,-69.54,-16.35,2.39,-2.06,4062.6,48.09,0.02
INE834M01019,FY24,50.77,27.68,1.41,3.09,5517.71,39.48,0.36
INE834M01019,FY25,9.16,13.34,1.0,0.61,6691.25,50.32,0.36
INE834M01019,FY26,-21.53,-4.74,1.43,-1.2,7521.05,42.58,0.0
INE399K01017,FY23,41.25,3.88,-4.64,-3.48,3231.16,14169.56,1110.03
INE399K01017,FY24,203.87,127.24,1.02,16.57,3364.0,6483.08,71.42
INE399K01017,FY25,4.84,8.55,0.79,0.41,3283.83,6322.09,65.35
INE399K01017,FY26,1.13,6.16,0.8,0.1,2991.36,6123.27,20.51
INE506V01022,FY25,,,,,1267.1,303.02,0.0
INE506V01022,FY26,19.14,21.98,0.24,15.31,1731.17,518.62,51.27
INE301D01026,FY23,6.29,5.9,0.43,10.53,225.54,91.66,7.17
INE301D01026,FY24,7.42,7.28,0.36,13.32,196.81,110.94,11.38
INE301D01026,FY25,6.65,5.99,0.52,12.65,208.35,122.17,19.4
INE301D01026,FY26,6.46,6.52,0.56,,358.6,201.85,93.17
INE895B01021,FY23,5.89,7.85,0.28,6.76,1137.26,253.61,25.39
INE895B01021,FY24,7.28,9.67,0.25,8.77,1210.53,248.46,5.71
INE895B01021,FY25,8.19,10.65,0.23,10.47,1234.06,244.11,4.04
INE895B01021,FY26,6.8,8.88,0.24,,1253.86,236.53,0.0
INE573K01025,FY23,21.37,16.03,1.12,3.46,827.14,634.81,0.09
INE573K01025,FY24,7.94,10.82,0.54,1.61,833.78,630.3,6.46
INE573K01025,FY25,7.6,9.97,0.43,1.63,897.94,718.76,14.75
INE573K01025,FY26,1.03,4.5,0.4,0.22,862.24,737.02,10.7
INE263M01029,FY23,4.91,5.32,0.62,7.67,646.12,14.34,0.0
INE263M01029,FY24,6.24,6.37,0.61,9.82,2163.13,27.88,0.0
INE263M01029,FY25,6.2,8.33,0.34,13.71,2004.1,48.66,0.0
INE263M01029,FY26,2.75,4.36,0.52,6.21,2634.54,39.37,0.0
INE415G01027,FY23,18.52,16.81,0.89,6.81,20281.57,596.52,256.51
INE415G01027,FY24,17.78,17.61,0.69,7.44,21878.52,930.84,573.1
INE415G01027,FY25,13.35,14.62,0.57,6.13,19923.25,884.71,0.32
INE415G01027,FY26,8.91,10.93,0.49,,20412.12,886.34,0.27
INE13B501022,FY23,23.41,9.96,7.55,0.37,608.56,50.04,0.0
INE13B501022,FY24,83.21,36.48,2.32,7.9,1087.86,166.18,49.31
INE13B501022,FY25,64.36,39.08,1.49,19.38,2158.39,356.15,36.53
INE13B501022,FY26,26.25,22.3,0.69,,4548.44,834.92,384.14
INE888C01040,FY23,1.41,4.02,0.61,0.03,142.06,195.15,51.81
INE888C01040,FY24,1.8,5.49,1.03,0.05,188.75,259.39,107.48
INE888C01040,FY25,2.69,5.49,0.88,0.23,165.55,346.05,199.31
INE888C01040,FY26,-19.02,-10.71,0.25,,49.67,239.05,78.26
INE429E01023,FY23,29.38,30.61,0.33,26.21,1208.43,183.61,0.0
INE429E01023,FY24,21.35,24.66,0.18,36.73,1546.99,292.86,1.04
INE429E01023,FY25,14.98,18.02,0.13,29.16,1767.83,424.87,12.44
INE429E01023,FY26,15.05,18.26,0.1,34.24,2040.04,454.86,0.31
INE229C01021,FY23,1.51,4.79,0.74,2.33,2222.92,3136.65,99.18
INE229C01021,FY24,-2.23,2.19,0.74,-3.32,2498.25,3137.7,14.7
INE229C01021,FY25,-12.18,-3.96,0.84,-16.58,2197.57,3108.38,123.24
INE229C01021,FY26,-0.65,1.27,1.01,-0.06,2573.32,3224.81,115.77
INE0W2G01015,FY23,2.31,4.41,0.46,0.31,4218.41,850.22,25.26
INE0W2G01015,FY24,3.54,4.76,0.39,0.49,4753.56,965.14,15.46
INE0W2G01015,FY25,6.47,9.11,0.17,1.17,5569.92,923.63,1.56
INE0W2G01015,FY26,9.57,12.42,0.11,1.98,7192.85,949.77,39.88
INE114A01011,FY23,3.98,5.59,0.56,5.27,103749.04,78550.41,5018.87
INE114A01011,FY24,5.37,6.93,0.64,7.42,104567.74,78786.7,6378.3
INE114A01011,FY25,4.03,6.31,0.63,5.74,102479.06,80750.5,7448.75
INE114A01011,FY26,5.59,7.22,0.53,8.17,110810.84,85150.37,10551.69
INE570L01029,FY23,1.12,5.13,1.05,0.48,1196.95,1182.66,157.17
INE570L01029,FY24,8.49,10.26,0.95,3.98,1456.47,1275.17,109.1
INE570L01029,FY25,7.99,12.25,0.17,8.61,1694.57,1607.8,130.45
INE570L01029,FY26,14.05,18.23,0.12,16.43,2192.49,2079.17,270.45
INE0H9F01037,FY23,13.9,12.97,2.18,0.99,96.8,47.32,3.78
INE0H9F01037,FY24,11.29,12.25,1.59,1.9,153.76,65.43,5.38
INE0H9F01037,FY25,17.61,14.08,1.83,4.44,494.96,173.18,0.5
INE732S01012,FY23,7.36,7.65,0.69,6.86,133.36,280.11,13.48
INE732S01012,FY24,4.45,6.63,0.3,5.67,153.35,315.28,2.46
INE732S01012,FY25,6.13,8.08,0.3,7.95,177.58,321.61,17.27
INE732S01012,FY26,9.4,12.54,0.17,,251.74,323.02,3.97
INE667G01023,FY23,20.26,25.67,0.03,6.02,665.6,27.45,0.0
INE667G01023,FY24,19.03,24.71,0.05,7.66,761.62,29.53,0.0
INE667G01023,FY25,17.57,21.61,0.12,8.21,883.01,31.36,0.0
INE667G01023,FY26,17.11,22.86,0.06,10.19,1007.19,24.74,0.0
INE170V01027,FY23,10.03,11.96,0.68,0.26,978.78,196.53,24.71
INE170V01027,FY24,11.75,13.83,0.78,0.34,1174.71,239.6,0.86
INE170V01027,FY25,2.43,8.29,0.4,0.11,1447.43,406.39,14.07
INE170V01027,FY26,2.06,7.63,0.51,,1502.77,442.92,7.79
INE658G01014,FY23,8.75,8.06,3.08,0.42,495.66,139.48,3.19
INE658G01014,FY24,1.12,8.01,2.97,0.06,576.52,143.49,1.01
INE658G01014,FY25,-16.61,4.33,4.58,-0.44,544.12,151.53,1.01
INE658G01014,FY26,-0.24,4.02,2.38,-0.04,207.4,315.47,173.77
INE457F01013,FY23,9.49,10.24,0.69,21.9,1035.4,239.09,4.57
INE457F01013,FY24,9.69,11.29,0.66,25.94,1164.32,265.97,7.7
INE457F01013,FY25,8.45,11.99,0.77,35.21,1418.33,308.01,2.62
INE457F01013,FY26,8.93,10.75,0.9,29.94,1758.38,336.93,7.31
INE12NJ01018,FY23,28.7,20.69,1.35,2.05,936.21,336.9,42.86
INE12NJ01018,FY24,18.81,17.9,0.8,2.8,1281.82,609.39,272.66
INE12NJ01018,FY26,13.49,16.22,0.35,5.05,2413.24,922.78,191.81
INE08U801020,FY23,41.92,10.38,-3.4,-15.53,738.57,1911.38,20.21
INE08U801020,FY24,-22.59,3.18,2.04,-14.67,957.39,2520.5,39.87
INE08U801020,FY25,7.49,8.56,1.97,3.84,1120.54,2764.74,104.79
INE08U801020,FY26,23.05,10.99,0.85,,1247.8,3086.63,139.38
INE148I01020,FY23,6.51,10.03,3.02,22.46,3083.6,352.49,5.89
INE148I01020,FY24,6.14,4.58,2.45,23.53,6738.3,230.42,2.22
INE148I01020,FY25,-8.28,3.74,1.96,-26.7,7305.95,356.86,0.0
INE148I01020,FY26,-37.62,-4.73,2.52,,5780.17,317.69,0.0
INE0JPD01013,FY23,13.4,16.31,0.25,18.1,3258.58,1075.62,127.26
INE0JPD01013,FY24,10.5,12.36,0.3,15.86,2889.86,1245.75,319.28
INE0JPD01013,FY25,8.87,8.1,0.6,21.3,2998.61,2637.27,1706.4
INE0JPD01013,FY26,4.13,6.22,0.81,,3811.18,3068.58,252.0
INE583B01015,FY23,9.61,12.67,0.0,133.98,338.22,67.38,3.96
INE583B01015,FY24,14.95,19.1,,249.14,318.47,65.89,5.34
INE583B01015,FY25,5.7,7.31,,101.89,294.18,62.29,4.79
INE583B01015,FY26,4.61,6.7,,86.99,439.7,56.89,0.0
INE278H01035,FY23,7.93,8.52,0.71,12.12,2866.13,1236.15,111.18
INE278H01035,FY24,10.8,11.39,0.72,18.24,3471.63,1351.1,69.43
INE278H01035,FY25,12.43,11.78,0.8,23.53,3884.5,1470.42,182.35
INE278H01035,FY26,14.9,13.08,0.86,33.0,4852.09,1605.79,100.41
INE149K01016,FY23,14.0,18.1,0.11,5.62,2112.76,957.31,122.94
INE149K01016,FY24,11.09,14.83,0.06,4.93,1237.84,1006.88,163.64
INE149K01016,FY25,18.0,15.94,0.72,9.67,3103.03,3091.36,410.57
INE149K01016,FY26,20.18,23.92,0.31,,5031.03,3027.73,149.58
INE495C01010,FY23,14.78,12.14,0.94,27.26,2656.36,1020.35,298.32
INE495C01010,FY24,4.15,5.77,1.08,8.21,2550.3,1316.95,312.13
INE495C01010,FY25,3.16,6.1,1.13,6.33,2773.62,1507.81,231.96
INE495C01010,FY26,7.67,9.26,1.19,16.44,3161.1,1639.39,137.65
INE989A01032,FY23,13.31,15.95,0.22,12.94,455.78,867.47,12.11
INE989A01032,FY24,18.57,21.12,0.29,21.71,618.54,1024.45,17.48
INE989A01032,FY25,13.7,15.22,0.38,18.08,782.12,1135.88,27.13
INE989A01032,FY26,14.06,14.35,0.51,21.29,1070.45,1434.29,12.74
INE058A01010,FY23,59.39,51.27,0.02,261.78,1981.6,325.3,15.3
INE058A01010,FY24,48.05,49.2,0.02,179.54,1989.0,329.9,18.7
INE058A01010,FY25,43.61,58.2,0.02,141.85,1823.4,317.7,14.3
INE0UOS01011,FY23,79.43,105.73,0.0,71.6,544.3,2.0,0.0
INE0UOS01011,FY24,66.3,85.51,0.07,78.59,716.2,27.9,0.7
INE0UOS01011,FY25,62.53,78.86,0.06,104.27,878.0,35.1,0.0
INE953O01021,FY23,12.52,13.37,0.69,27.17,2177.57,1462.48,106.03
INE953O01021,FY24,13.79,14.87,0.66,34.4,2639.87,1672.44,125.74
INE953O01021,FY25,7.82,11.47,0.15,37.18,3016.75,2143.24,245.71
INE953O01021,FY26,10.5,12.77,0.19,51.91,3497.92,2437.25,145.74
INE08NE01025,FY23,22.34,21.44,0.6,2.29,1205.07,196.65,0.91
INE08NE01025,FY24,26.31,26.01,0.5,3.66,1078.83,222.6,20.47
INE08NE01025,FY25,6.65,9.12,0.04,2.58,957.45,305.28,113.77
INE08NE01025,FY26,4.96,5.58,0.03,1.89,784.63,435.44,11.01
INE806T01020,FY23,18.58,8.77,0.77,7.26,2257.06,1657.11,95.05
INE806T01020,FY24,3.94,6.79,0.87,1.64,2587.96,2024.0,79.79
INE806T01020,FY25,1.38,4.99,0.92,0.6,2875.36,2176.98,64.92
INE806T01020,FY26,-2.3,3.04,1.02,-0.99,3115.9,2360.36,68.9
INE385C01021,FY23,17.66,18.94,0.42,16.99,4189.41,2986.9,191.62
INE385C01021,FY24,13.45,14.9,0.35,14.84,3822.95,3082.25,331.19
INE385C01021,FY25,11.13,12.44,0.46,19.86,4604.99,6452.36,706.4
INE385C01021,FY26,15.0,16.94,0.36,31.38,5643.76,6411.07,462.7
INE979A01025,FY23,13.81,18.87,0.0,9.63,706.25,278.29,56.96
INE979A01025,FY24,13.45,18.55,0.0,10.27,757.97,273.8,46.63
INE979A01025,FY25,12.9,17.77,0.0,10.61,1171.36,274.42,50.08
INE979A01025,FY26,12.23,16.4,0.04,10.73,984.62,223.8,0.0
INE453D01025,FY23,5.4,7.22,0.27,2.56,382.96,258.49,0.0
INE453D01025,FY24,7.68,9.0,0.32,3.94,374.33,239.87,0.0
INE453D01025,FY25,12.73,13.28,0.37,7.47,414.49,239.31,0.65
INE453D01025,FY26,-2.55,-1.13,0.38,-1.57,391.16,224.13,6.64
INE231F01020,FY23,13.83,17.13,0.0,65.58,446.98,39.08,0.05
INE231F01020,FY24,10.24,12.12,0.01,51.59,406.43,40.82,0.35
INE231F01020,FY25,6.38,7.97,0.03,33.04,550.91,60.39,0.7
INE231F01020,FY26,6.31,9.04,0.03,35.43,1113.17,70.16,0.17
INE170E01023,FY23,26.21,18.54,0.59,19.22,1883.74,890.4,188.44
INE170E01023,FY24,22.65,22.47,0.34,21.12,1720.78,922.88,69.64
INE170E01023,FY25,11.31,10.22,0.23,11.86,1511.99,901.12,151.91
INE170E01023,FY26,3.76,3.79,0.29,,1451.91,958.06,298.95
INE836B01017,FY23,0.3,0.09,3.63,0.59,1274.64,86.82,0.0
INE836B01017,FY24,18.16,5.68,3.29,43.27,1860.24,91.79,0.09
INE836B01017,FY25,7.32,2.1,3.46,16.92,2224.1,97.03,0.3
INE836B01017,FY26,11.6,3.14,3.84,30.2,2403.66,117.97,7.31
INE626A01014,FY23,-2.49,-2.17,0.07,-1.99,1634.82,849.09,96.35
INE626A01014,FY24,6.1,9.6,0.09,5.1,1769.29,899.78,107.95
INE626A01014,FY25,0.74,2.56,0.14,0.63,1537.62,942.77,92.04
INE626A01014,FY26,1.5,1.57,0.11,1.3,1666.04,918.91,36.71
INE04AK01028,FY23,20.03,18.61,0.78,0.22,195.73,9.94,1.87
INE04AK01028,FY24,21.0,19.61,1.19,0.3,209.41,25.97,2.8
INE04AK01028,FY25,24.04,13.33,2.45,0.28,300.05,29.83,4.69
INE04AK01028,FY26,31.51,14.76,2.83,,403.21,40.58,15.2
INE386D01027,FY23,29.79,32.69,0.22,13.73,470.37,118.98,8.89
INE386D01027,FY24,24.67,29.91,0.12,13.34,508.93,128.02,15.08
INE386D01027,FY25,19.0,23.78,0.1,13.34,508.35,156.71,23.68
INE386D01027,FY26,19.91,23.82,0.15,,570.86,176.9,33.83
INE423Y01016,FY23,8.67,3.77,2.16,1.41,636.54,34.02,0.37
INE423Y01016,FY24,8.53,4.78,1.44,2.3,936.97,38.12,0.13
INE423Y01016,FY25,10.82,6.25,1.65,3.15,1237.32,44.19,0.52
INE423Y01016,FY26,12.1,6.42,1.92,4.1,1638.19,49.69,0.6
INE018E01016,FY23,22.98,,3.21,23.8,10677.63,453.61,6.06
INE018E01016,FY24,19.93,,3.34,25.37,12751.2,438.42,0.1
INE018E01016,FY25,13.91,,3.28,20.14,14267.85,226.9,0.15
INE018E01016,FY26,13.78,,2.81,22.77,15626.93,157.98,0.02
INE640G01020,FY23,28.2,37.61,0.0,,2161.59,228.97,0.0
INE640G01020,FY24,30.72,39.92,0.0,10.18,2690.56,253.24,0.0
INE640G01020,FY25,30.61,40.83,0.0,12.47,3597.76,376.43,109.96
INE640G01020,FY26,51.44,67.56,0.0,15.06,4389.49,389.51,0.0
INE123W01016,FY23,13.22,13.7,0.0,17.18,80639.04,508.04,1.07
INE123W01016,FY24,12.7,13.09,0.0,18.9,130925.56,547.05,5.74
INE123W01016,FY25,14.21,14.75,0.0,24.07,115412.45,575.59,10.02
INE123W01016,FY26,12.94,13.35,0.0,24.62,110478.16,648.64,40.97
INE062A01020,FY23,15.5,,1.45,62.35,270336.91,44407.38,383.57
INE062A01020,FY24,16.17,,1.34,75.17,323613.5,44708.18,570.89
INE062A01020,FY25,15.93,,1.27,86.91,349523.42,46337.7,574.22
INE062A01020,FY26,13.97,,1.22,91.16,381709.18,57152.1,705.14
INE513A01022,FY23,18.71,25.05,0.01,57.5,7131.93,1821.81,541.53
INE513A01022,FY24,17.6,23.77,0.01,60.1,8114.59,2298.85,480.6
INE513A01022,FY25,19.02,25.67,0.01,73.6,9550.01,2422.4,368.87
INE807K01035,FY23,7.37,9.21,0.17,18.8,603.74,120.53,1.01
INE807K01035,FY24,6.02,6.77,0.14,16.08,658.42,117.65,0.0
INE807K01035,FY25,6.42,9.63,0.11,18.03,719.66,144.43,6.37
INE807K01035,FY26,7.2,9.51,0.13,21.54,798.75,159.87,6.23
INE839M01018,FY23,81.83,33.01,2.49,5.17,1764.22,333.87,13.98
INE839M01018,FY24,58.08,45.27,1.08,7.19,2206.68,440.25,39.04
INE839M01018,FY25,47.68,36.88,0.93,11.2,2636.71,505.24,85.99
INE839M01018,FY26,27.45,25.88,0.71,8.89,2890.63,563.32,101.9
INE109A01011,FY23,12.61,9.7,0.38,18.68,5770.42,7436.87,33.51
INE109A01011,FY24,9.01,7.64,0.39,14.58,5032.02,7061.76,42.13
INE109A01011,FY25,10.15,9.85,0.27,18.11,5605.83,6715.19,4.35
INE109A01011,FY26,14.87,13.56,0.29,29.05,5779.79,7203.35,4.95
INE0PB301013,FY23,1.12,0.55,0.0,0.76,12.5,2390.45,1.0
INE0PB301013,FY24,1.47,1.71,0.0,1.02,17.22,2397.51,8.02
INE0PB301013,FY25,-6.31,2.17,0.0,-4.07,18.3,2389.65,0.14
INE0PB301013,FY26,0.96,1.31,0.0,0.62,23.3,2389.37,0.13
INE090501011,FY23,22.81,13.66,3.08,1.73,305.13,67.83,5.77
INE090501011,FY24,28.77,16.44,3.19,3.05,399.86,97.13,15.56
INE090501011,FY26,9.95,13.44,0.48,,518.65,193.76,8.81
INE501Y01019,FY23,21.83,19.16,0.92,19.48,340.26,49.05,0.0
INE501Y01019,FY24,18.2,18.4,0.73,19.85,352.7,43.85,0.0
INE501Y01019,FY25,12.64,14.09,0.57,15.78,321.31,39.5,0.0
INE501Y01019,FY26,12.18,15.98,0.32,,366.0,47.71,0.0
INE480C01038,FY23,16.06,13.61,0.66,3.35,797.63,506.91,116.22
INE480C01038,FY24,15.39,17.36,0.35,4.48,1253.94,592.39,87.92
INE480C01038,FY25,13.98,16.84,0.23,5.28,1442.9,660.55,38.44
INE480C01038,FY26,1.33,4.51,0.27,,1229.32,920.26,246.36
INE497B01018,FY23,4.18,3.7,0.18,13.2,434.33,584.78,0.0
INE497B01018,FY24,13.13,11.01,0.36,47.08,725.97,702.31,0.57
INE497B01018,FY25,8.89,9.88,0.23,35.26,651.82,639.6,0.0
INE497B01018,FY26,19.32,17.53,0.27,,952.46,880.84,0.0
INE00XB01019,FY23,7.45,10.96,0.91,1.94,422.16,93.59,9.31
INE00XB01019,FY24,4.74,19.75,0.93,1.33,529.42,107.01,6.33
INE00XB01019,FY25,15.51,21.68,0.21,10.65,658.36,135.15,7.48
INE00XB01019,FY26,23.06,30.43,0.16,23.52,1058.38,206.68,20.27
INE955I01044,FY23,56.1,1.93,2.23,7.77,46.41,20.74,0.4
INE955I01044,FY24,11.35,6.95,5.57,3.27,163.8,115.45,5.03
INE955I01044,FY25,28.78,11.33,4.8,10.85,243.58,117.15,4.07
INE955I01044,FY26,18.99,13.69,1.34,,396.5,197.15,17.21
INE602W01027,FY23,16.76,12.58,1.47,11.44,4069.75,308.18,30.81
INE602W01027,FY24,13.26,11.08,1.29,12.01,5231.69,364.66,5.43
INE602W01027,FY25,8.09,8.79,1.05,10.08,6328.07,408.62,6.65
INE602W01027,FY26,22.85,18.55,1.07,,8430.03,475.01,2.13
INE0RB801010,FY23,18.53,13.21,1.38,1.83,35.33,16.2,8.99
INE0RB801010,FY24,15.4,7.24,1.26,6.83,210.78,182.12,20.81
INE0RB801010,FY25,7.45,8.37,0.4,16.12,398.25,259.76,51.55
INE0RB801010,FY26,12.36,14.43,0.37,26.39,632.63,362.71,17.46
INE964H01014,FY23,-0.45,5.73,0.38,-0.04,378.85,35.95,0.0
INE964H01014,FY24,1.88,4.03,0.38,0.15,560.98,30.72,0.0
INE964H01014,FY25,1.65,4.29,0.24,0.16,597.65,25.8,0.0
INE964H01014,FY26,2.79,4.53,0.18,0.3,1054.5,22.22,0.0
INE782X01033,FY23,13.45,13.5,0.53,0.52,278.48,19.78,0.02
INE782X01033,FY24,8.29,8.74,0.54,0.54,353.68,43.83,14.66
INE782X01033,FY25,13.84,16.56,0.33,1.45,674.44,69.26,3.16
INE782X01033,FY26,11.65,10.52,0.73,1.45,671.64,154.05,0.74
INE630A01024,FY23,24.2,31.66,0.0,65.72,2051.79,827.63,33.93
INE630A01024,FY24,14.17,17.91,0.01,44.96,1780.34,811.87,37.38
INE630A01024,FY25,5.49,6.38,0.04,18.13,1730.6,835.09,79.87
INE630A01024,FY26,4.04,4.71,0.0,13.7,1690.53,849.31,105.69
INE0M4D01010,FY23,34.31,33.55,0.53,2.68,496.32,78.79,4.37
INE0M4D01010,FY24,14.33,16.92,0.32,2.93,542.89,100.92,5.74
INE0M4D01010,FY25,9.1,14.03,0.1,3.47,613.66,138.33,11.21
INE0M4D01010,FY26,10.15,13.99,0.1,,774.1,177.35,26.59
INE916U01025,FY23,12.45,13.52,0.36,20.39,2868.36,858.65,321.06
INE916U01025,FY24,6.25,7.34,0.51,17.66,2978.04,1556.45,167.23
INE916U01025,FY25,2.96,4.97,0.48,8.17,3424.69,1445.46,137.81
INE916U01025,FY26,4.91,6.63,0.28,14.59,3812.93,1416.61,32.57
INE618R01015,FY23,3.21,3.12,0.86,5.05,39.9,0.22,0.85
INE618R01015,FY24,9.75,9.44,1.19,15.31,185.81,0.56,0.0
INE618R01015,FY25,7.98,5.77,1.37,13.45,166.74,0.66,0.0
INE618R01015,FY26,8.74,7.3,1.85,22.41,330.28,0.73,0.0
INE00QT01015,FY23,2.47,11.11,2.08,0.6,286.06,80.77,11.76
INE00QT01015,FY24,24.76,23.43,1.48,7.7,321.84,89.49,11.0
INE00QT01015,FY25,15.68,15.08,1.35,11.14,355.01,159.61,62.8
INE00QT01015,FY26,4.19,7.28,2.16,3.0,360.47,294.3,47.46
INE385F01024,FY23,1.62,2.19,,,1.56,0.0,0.0
INE385F01024,FY24,5.61,6.49,0.31,7.46,2682.9,104.72,65.66
INE385F01024,FY25,8.56,9.39,0.6,,5856.17,304.28,88.65
INE385F01024,FY26,6.96,10.42,0.17,8.92,6315.28,404.76,19.94
INE12UN01015,FY23,-80.9,-53.37,0.38,-2.47,1415.12,70.95,0.0
INE12UN01015,FY24,-2.82,-1.02,0.1,-0.21,1884.82,98.11,0.0
INE12UN01015,FY25,0.97,2.58,0.2,0.11,2485.13,252.78,14.88
INE12UN01015,FY26,6.4,6.56,0.14,2.18,4202.44,488.62,0.0
INE151G01028,FY23,8.76,10.7,0.47,7.66,605.33,413.58,64.54
INE151G01028,FY24,12.48,13.13,0.46,12.49,641.53,468.28,32.23
INE151G01028,FY25,17.0,18.51,0.34,20.23,786.8,499.35,39.79
INE151G01028,FY26,23.71,26.67,0.25,36.83,990.67,606.13,28.8
INE908D01010,FY23,5.77,8.84,0.18,2.19,943.35,144.09,2.0
INE908D01010,FY24,18.76,24.26,0.11,12.82,1342.75,188.1,43.58
INE908D01010,FY25,35.17,44.57,0.15,33.97,2479.11,277.86,56.33
INE908D01010,FY26,15.09,18.65,0.3,21.0,2661.51,448.3,138.33
INE597J01018,FY23,7.3,9.93,0.19,6.3,799.63,674.19,6.16
INE597J01018,FY24,8.4,10.35,0.38,7.83,928.22,939.54,43.65
INE597J01018,FY25,0.63,6.43,0.48,0.18,1086.96,932.04,43.72
INE597J01018,FY26,3.72,6.22,0.59,3.23,1141.43,976.19,0.39
INE849C01026,FY23,-10.25,-4.77,0.4,-5.01,481.95,271.44,2.66
INE849C01026,FY24,-18.78,-12.74,0.27,-9.52,530.58,314.73,42.88
INE849C01026,FY25,-25.77,-13.29,0.52,-9.7,599.81,333.41,34.33
INE849C01026,FY26,-25.86,-9.63,0.66,,575.63,293.75,0.01
INE631A01022,FY23,22.18,26.44,0.0,8.74,435.94,66.12,3.85
INE631A01022,FY24,23.82,27.16,0.0,10.72,527.63,72.62,8.7
INE631A01022,FY25,23.83,29.1,0.0,12.52,599.01,83.9,12.62
INE631A01022,FY26,17.42,20.6,0.0,9.99,512.84,124.1,26.11
INE06ZD01017,FY23,28.39,18.22,2.37,2.75,679.4,26.56,5.95
INE06ZD01017,FY24,27.79,16.15,2.18,3.72,711.43,46.56,7.84
INE06ZD01017,FY25,35.51,22.82,1.6,7.5,1106.41,42.37,8.92
INE06ZD01017,FY26,23.42,24.88,0.36,,2018.71,45.42,10.05
INE221J01015,FY23,15.32,19.47,0.0,37.9,4039.8,4.98,0.0
INE221J01015,FY24,1.43,3.35,0.01,3.53,3160.37,18.16,0.0
INE221J01015,FY25,12.17,15.17,0.0,33.74,4315.37,10.14,0.0
INE221J01015,FY26,21.71,27.33,0.0,75.47,5264.11,2.53,0.0
INE597I01028,FY23,27.49,35.8,0.03,35.03,2672.86,214.1,5.4
INE597I01028,FY24,29.78,38.99,0.02,50.38,2782.38,219.72,10.72
INE597I01028,FY25,29.66,38.07,0.05,54.86,2809.65,251.05,27.47
INE932X01026,FY23,32.71,39.71,0.2,17.85,1040.94,58.72,0.0
INE932X01026,FY24,24.35,29.32,0.23,21.83,1373.92,69.44,0.0
INE932X01026,FY25,14.04,18.26,0.22,14.9,560.98,69.0,2.57
INE932X01026,FY26,12.28,17.17,0.26,14.76,602.96,59.12,0.39
INE024F01011,FY23,35.51,48.06,0.0,37.69,280.24,38.35,0.18
INE024F01011,FY24,43.84,58.84,,80.32,396.88,45.9,5.95
INE024F01011,FY25,42.34,56.91,,128.37,623.15,60.32,2.2
INE024F01011,FY26,32.22,43.18,,,651.94,78.92,10.74
INE790G01031,FY23,-1.82,0.7,0.45,-1.88,1043.45,1587.75,408.3
INE790G01031,FY24,1.77,5.04,0.52,1.84,1151.6,1638.5,445.31
INE790G01031,FY25,3.31,7.97,0.25,4.02,1286.43,1705.44,493.01
INE790G01031,FY26,9.39,12.77,0.25,12.44,1538.87,1782.1,431.2
INE719F01016,FY23,14.95,15.65,0.61,10.53,495.93,4.21,0.0
INE719F01016,FY24,9.85,11.72,0.65,7.69,554.72,4.28,0.0
INE719F01016,FY25,7.65,9.38,0.81,6.52,555.14,3.98,0.0
INE719F01016,FY26,5.96,7.89,0.8,,573.58,3.55,0.0
INE500L01026,FY23,5.75,7.11,0.58,4.53,1676.9,409.31,22.71
INE500L01026,FY24,10.09,11.15,0.55,8.93,1832.64,427.95,9.22
INE500L01026,FY25,5.76,7.78,0.65,5.31,2112.72,505.09,44.7
INE500L01026,FY26,5.09,6.93,0.76,5.0,2358.65,762.09,119.89
INE498B01024,FY23,56.3,14.26,11.53,10.51,3708.39,2214.78,29.57
INE498B01024,FY24,25.63,10.68,9.24,7.0,4048.3,2690.04,17.37
INE498B01024,FY25,3.39,7.37,10.32,0.99,4358.12,3103.18,5.34
INE498B01024,FY26,-12.4,6.55,11.4,-3.28,4788.28,3141.84,3.57
INE232A01011,FY23,17.87,22.27,0.0,3.97,724.05,173.06,3.31
INE232A01011,FY24,23.01,31.37,0.0,6.0,790.33,193.83,34.49
INE232A01011,FY25,6.92,7.86,0.3,1.71,725.19,363.88,211.47
INE232A01011,FY26,6.83,4.93,1.41,1.69,749.1,397.29,4.24
INE070A01015,FY23,6.82,8.21,0.15,352.18,17441.04,10842.09,3390.94
INE070A01015,FY24,11.57,14.38,0.08,663.98,20091.66,12221.84,2698.24
INE070A01015,FY25,5.21,6.7,0.05,311.18,18976.45,13536.14,4259.33
INE070A01015,FY26,7.49,9.94,0.08,483.24,20587.83,12970.02,1801.69
INE1B6101010,FY23,46.47,40.65,0.69,7.3,827.0,361.1,0.02
INE1B6101010,FY24,39.5,37.49,0.5,7.64,731.0,371.31,0.35
INE1B6101010,FY25,41.95,34.04,0.75,8.84,584.08,396.93,30.67
INE1B6101010,FY26,19.86,20.72,0.36,9.75,709.38,457.75,14.52
INE712K01011,FY23,8.51,11.23,0.16,11.77,681.17,309.39,1.68
INE712K01011,FY24,7.83,8.43,0.23,11.69,723.2,339.11,48.72
INE712K01011,FY25,10.88,11.21,0.19,18.22,806.28,374.78,72.07
INE712K01011,FY26,11.49,12.08,0.22,21.55,976.63,449.88,149.37
INE879A01019,FY23,16.96,8.03,2.54,0.79,194.72,51.78,2.25
INE879A01019,FY24,9.7,10.07,0.04,0.79,177.0,57.12,10.52
INE879A01019,FY25,33.52,12.08,0.25,3.76,205.97,88.04,17.5
INE879A01019,FY26,13.95,17.37,0.12,,238.17,82.7,0.92
INE1B3L01017,FY23,22.09,18.24,0.88,2.42,934.04,20.08,0.0
INE1B3L01017,FY24,22.73,19.1,0.8,3.23,1081.64,18.69,0.22
INE1B3L01017,FY25,30.43,27.78,0.61,6.34,1429.82,19.16,0.0
INE1B3L01017,FY26,17.04,18.43,0.28,,2245.82,34.58,0.0
INE526E01018,FY23,19.21,22.15,0.22,33.31,2564.22,651.51,11.08
INE526E01018,FY24,22.98,25.66,0.25,100.47,3042.79,835.78,55.67
INE526E01018,FY25,21.17,24.67,0.21,115.02,3497.54,1034.6,72.56
INE526E01018,FY26,19.04,16.68,0.68,125.43,4408.61,1390.85,64.32
INE721A01047,FY23,13.81,,2.96,31.97,16930.99,760.12,8.64
INE721A01047,FY24,15.05,,3.1,39.14,19083.4,948.47,7.4
INE721A01047,FY25,16.92,,3.17,50.75,21987.26,1036.78,11.1
INE721A01047,FY26,15.21,,2.76,53.25,25034.27,1121.99,13.0
INE217L01019,FY23,5.5,9.16,0.54,3.88,644.39,203.57,135.35
INE217L01019,FY24,5.91,9.53,0.51,4.44,843.03,132.11,59.06
INE217L01019,FY25,5.69,9.57,0.48,4.53,823.44,127.54,58.56
INE217L01019,FY26,6.9,7.91,0.42,,1267.41,66.12,0.0
INE810G01011,FY23,11.72,13.05,0.16,33.07,12609.28,6138.96,2973.92
INE810G01011,FY24,10.73,10.0,0.06,39.68,13141.32,7820.64,3921.68
INE810G01011,FY25,8.6,11.72,0.07,32.53,15062.57,9201.77,2933.66
INE810G01011,FY26,9.29,12.69,0.09,38.33,18487.46,11359.36,3284.21
INE075B01020,FY23,-1558.18,-146.08,8.99,-115.26,392.11,610.81,37.98
INE075B01020,FY24,-86.42,-0.87,17.66,-3.15,221.09,575.84,49.73
INE075B01020,FY25,541.3,2.08,-127.42,-4.81,221.82,680.11,83.24
INE075B01020,FY26,37.54,20.95,3.69,,385.68,554.77,4.2
INE003A01024,FY23,14.98,20.08,0.01,55.06,19279.2,1262.6,62.8
INE003A01024,FY24,17.69,17.03,0.02,76.33,14937.8,1545.4,206.1
INE003A01024,FY25,15.91,17.18,0.01,59.14,17364.2,1136.3,205.8
INE0D0K01022,FY23,16.22,17.09,0.26,1.42,302.05,172.97,51.35
INE0D0K01022,FY24,13.31,12.92,0.35,1.54,398.96,304.62,105.87
INE0D0K01022,FY25,11.58,14.09,0.24,2.06,488.24,362.87,48.39
INE0D0K01022,FY26,-15.67,-10.79,0.31,,477.83,299.64,30.6
INE933B01012,FY23,4.57,6.32,0.75,1.2,1.97,179.19,0.0
INE933B01012,FY24,-7.06,7.72,0.81,-1.73,0.0,189.11,1.92
INE933B01012,FY25,-9.73,18.48,0.97,-0.79,107.36,199.99,0.0
INE933B01012,FY26,57.22,39.83,0.71,15.21,491.88,268.01,9.19
INE903U01023,FY23,-134.34,0.61,36.27,-4.55,1545.46,73.91,1.38
INE903U01023,FY24,2.58,1.02,3.09,1.22,1220.99,83.5,16.06
INE903U01023,FY25,13.91,5.02,3.29,7.19,2498.02,112.2,1.5
INE903U01023,FY26,59.18,28.38,1.61,77.83,2595.86,113.16,0.0
INE0KGZ01021,FY23,23.97,23.99,0.66,6.62,337.0,90.58,26.46
INE0KGZ01021,FY24,23.3,22.06,0.82,8.25,387.45,186.49,23.15
INE0KGZ01021,FY25,15.36,14.34,0.79,6.34,453.22,214.74,33.14
INE0KGZ01021,FY26,24.37,22.64,0.71,,575.93,232.79,20.22
INE625X01026,FY23,10.21,13.59,0.11,0.77,163.78,31.67,6.65
INE625X01026,FY24,14.23,18.24,0.1,1.27,224.3,32.91,9.45
INE625X01026,FY25,16.6,18.16,0.35,17.5,288.38,48.95,0.0
INE625X01026,FY26,21.06,24.32,0.29,28.17,341.99,59.81,0.0
INE059B01024,FY23,-156.59,-0.21,19.9,-82.41,1861.83,544.48,13.21
INE059B01024,FY24,-31.16,-0.49,30.95,-12.65,1377.04,475.61,13.3
INE059B01024,FY25,2.21,1.36,4.15,2.02,1075.6,242.41,2.91
INE059B01024,FY26,4.1,2.47,1.68,5.2,1021.19,251.82,0.0
INE325D01025,FY23,0.03,5.98,1.23,0.0,1173.69,3426.78,0.36
INE325D01025,FY24,3.8,9.09,0.68,0.37,1683.61,3458.55,0.0
INE325D01025,FY25,1.6,14.5,0.23,0.17,1731.1,56.21,0.0
INE325D01025,FY26,2.36,5.26,0.26,,524.08,54.55,1.24
INE792Z01011,FY23,17.37,23.4,0.0,8.41,267.75,57.42,7.99
INE792Z01011,FY24,16.66,22.38,0.0,9.38,311.72,61.19,8.18
INE792Z01011,FY25,14.03,16.42,0.14,8.95,373.68,63.63,6.85
INE792Z01011,FY26,13.68,17.71,0.09,11.63,492.48,85.56,18.65
INE285J01028,FY23,14.85,9.97,0.71,23.43,11223.94,331.77,21.19
INE285J01028,FY24,7.87,10.27,0.69,12.97,12159.92,380.03,6.53
INE285J01028,FY25,0.49,5.58,0.68,0.81,13086.04,399.66,25.1
INE285J01028,FY26,5.41,6.68,0.7,9.65,15786.84,739.57,6.48
INE076B01028,FY23,22.08,26.94,0.14,53.55,2227.98,485.42,22.15
INE076B01028,FY24,16.25,20.37,0.15,39.99,2088.93,481.48,20.03
INE076B01028,FY25,15.36,18.82,0.2,43.45,2218.15,582.55,5.73
INE076B01028,FY26,15.81,18.6,0.24,50.89,2568.79,593.95,16.96
INE284S01014,FY23,15.65,20.32,0.07,21.81,432.02,166.31,1.72
INE284S01014,FY24,15.41,19.09,0.15,26.87,608.09,216.8,2.33
INE284S01014,FY25,17.4,22.19,0.05,36.88,758.43,192.63,6.22
INE284S01014,FY26,19.67,26.26,0.03,53.06,952.36,229.95,59.66
INE002L01015,FY23,9.81,7.06,1.01,3.46,2820.67,24153.93,15673.87
INE002L01015,FY24,6.48,4.82,1.44,2.32,2567.46,32105.2,21200.57
INE002L01015,FY25,5.78,4.2,1.91,2.08,3029.25,39085.34,27476.33
INE002L01015,FY26,4.51,4.57,2.27,1.63,4244.17,43687.02,20229.22
INE640A01023,FY23,22.42,31.18,0.01,106.2,4233.92,480.91,80.06
INE640A01023,FY24,20.57,27.35,0.0,111.6,4487.73,541.5,94.33
INE640A01023,FY25,21.78,29.33,0.0,114.5,4830.5,587.05,61.39
INE640A01023,FY26,20.0,32.56,0.0,53.8,3638.85,474.94,36.01
INE2J8701016,FY25,9.25,12.53,0.0,24.54,720.61,169.46,11.98
INE2J8701016,FY26,14.74,14.95,0.0,,3344.02,323.56,135.4
INE439E01022,FY23,4.63,10.57,0.64,3.33,1962.05,708.89,13.15
INE439E01022,FY24,9.1,17.33,0.66,7.14,3136.85,771.55,23.19
INE439E01022,FY25,12.52,21.29,0.62,13.85,4624.48,1045.58,146.02
INE439E01022,FY26,14.29,20.44,0.64,18.88,5552.82,1434.44,273.05
INE411D01023,FY23,39.0,36.81,0.52,14.42,661.77,98.8,23.66
INE411D01023,FY24,30.84,29.02,0.53,16.22,701.13,148.17,34.39
INE411D01023,FY25,11.42,12.75,0.49,6.57,497.83,188.35,0.47
INE411D01023,FY26,26.24,27.66,0.36,19.7,768.0,184.41,6.33
INE01IU01018,FY23,18.96,14.39,1.49,1.73,1153.8,7.6,0.96
INE01IU01018,FY24,16.58,12.8,1.35,3.5,1745.48,37.7,2.81
INE01IU01018,FY25,19.4,16.63,0.92,9.44,3548.02,153.26,93.18
INE01IU01018,FY26,22.97,22.15,0.73,,6294.89,117.33,0.0
INE0NAZ01010,FY23,-321.13,2.46,124.36,-8.85,711.39,3772.44,48.44
INE0NAZ01010,FY24,-99.9,7.47,68.7,-4.38,1039.36,3475.77,71.64
INE0NAZ01010,FY25,-58.56,6.68,34.64,-5.54,1374.06,3907.7,141.52
INE103C01036,FY23,12.87,12.91,1.01,5.62,1073.03,133.94,8.93
INE103C01036,FY24,17.09,15.23,1.34,8.94,1426.39,155.36,26.81
INE103C01036,FY25,11.97,13.36,1.39,13.92,1494.56,161.23,44.34
INE103C01036,FY26,7.82,10.26,1.56,,1571.87,190.35,77.89
INE294B01019,FY23,11.15,8.69,1.49,13.71,1809.27,285.4,4.16
INE294B01019,FY24,37.77,19.17,1.48,74.54,2182.74,280.34,8.14
INE294B01019,FY25,31.8,27.01,0.85,84.08,2382.58,314.66,46.65
INE294B01019,FY26,30.76,29.0,0.56,,2818.94,336.42,37.58
INE812G01025,FY23,-1.53,3.69,0.55,-0.83,519.75,449.35,38.8
INE812G01025,FY24,9.29,10.86,0.52,5.89,706.46,478.74,44.14
INE812G01025,FY25,10.81,11.67,0.49,8.16,782.75,574.51,43.66
INE812G01025,FY26,12.98,12.14,0.46,11.15,886.87,652.86,121.64
INE734N01019,FY23,3.18,6.43,0.61,0.8,417.65,527.13,9.92
INE734N01019,FY24,3.04,7.05,0.66,0.76,503.37,542.2,17.71
INE734N01019,FY25,1.4,4.27,0.75,0.34,552.53,577.1,75.01
INE734N01019,FY26,0.82,3.39,0.78,0.2,604.38,563.23,0.07
INE671H01015,FY23,4.18,8.41,0.81,10.7,3274.92,1325.52,902.19
INE671H01015,FY24,1.95,6.73,0.77,5.04,3063.2,1390.35,911.55
INE671H01015,FY25,2.08,5.57,0.26,9.28,4016.76,1373.03,843.97
INE671H01015,FY26,4.1,6.71,0.22,18.09,5152.13,1596.6,961.51
INE728Z01015,FY23,3.86,6.69,0.46,3.78,65.4,12.26,0.0
INE728Z01015,FY24,2.84,6.15,0.31,3.17,78.78,10.38,0.0
INE728Z01015,FY25,0.78,3.88,0.25,1.0,95.25,10.03,0.0
INE728Z01015,FY26,2.88,6.17,0.23,3.56,132.9,9.89,0.0
INE624Z01016,FY23,-1.48,1.53,0.68,-5.68,1379.19,1160.24,239.66
INE624Z01016,FY24,-60.75,-19.98,1.08,-148.51,1238.39,1111.47,253.62
INE624Z01016,FY25,0.05,6.1,0.73,0.14,1283.76,1075.61,279.19
INE624Z01016,FY26,-0.59,4.5,0.55,-1.68,1368.98,1055.2,204.79
INE343H01029,FY23,29.01,31.33,0.46,83.68,6769.72,2060.98,417.93
INE343H01029,FY24,25.29,27.19,0.41,92.38,5909.02,2541.95,585.63
INE343H01029,FY25,27.4,32.08,0.31,133.65,7360.06,3448.27,935.31
INE343H01029,FY26,26.72,30.91,0.29,185.39,9611.87,4900.09,1123.1
INE0TY101024,FY23,67.71,28.21,2.95,1.71,232.46,1.18,0.0
INE0TY101024,FY24,70.24,55.31,0.83,5.96,500.74,0.93,0.0
INE0TY101024,FY25,24.93,26.64,0.37,8.89,544.76,141.6,104.22
INE0TY101024,FY26,14.21,16.47,0.3,14.95,1376.16,187.29,42.53
INE880Y01017,FY23,7.2,8.21,1.75,2.71,161.71,55.31,0.84
INE880Y01017,FY24,18.89,13.98,2.08,10.92,365.92,54.42,0.09
INE880Y01017,FY25,25.81,22.44,0.92,39.98,662.22,111.75,1.62
INE880Y01017,FY26,37.95,27.38,1.34,,1618.06,348.27,10.88
INE355A01028,FY23,9.08,10.08,0.68,16.83,2465.04,1074.41,66.74
INE355A01028,FY24,13.45,17.35,0.51,22.98,2590.49,1128.25,14.85
INE355A01028,FY25,7.78,12.22,0.45,14.65,2643.31,1076.76,20.47
INE355A01028,FY26,9.64,12.79,0.43,19.76,2770.51,1106.65,24.39
INE073K01018,FY23,17.26,20.28,0.13,6.75,2567.91,1070.03,105.67
INE073K01018,FY24,19.52,22.65,0.16,8.83,3081.95,1291.52,140.06
INE073K01018,FY25,10.94,14.45,0.04,9.92,3412.74,1509.37,136.29
INE073K01018,FY26,10.7,13.38,0.07,10.3,4308.37,2001.58,182.33
INE269A01021,FY23,34.74,32.5,0.45,16.29,7446.84,131.63,0.82
INE269A01021,FY24,21.94,25.11,0.54,11.1,8609.95,132.73,0.0
INE269A01021,FY25,24.89,28.69,0.3,15.28,10134.43,103.61,0.0
INE269A01021,FY26,24.38,25.87,0.38,16.74,10675.65,204.89,0.0
INE035D01020,FY23,15.58,21.85,0.0,32.66,3594.57,191.76,21.28
INE035D01020,FY24,12.38,17.65,0.0,29.05,3708.14,261.66,20.83
INE035D01020,FY25,6.81,11.05,0.0,16.45,3786.75,277.21,21.23
INE035D01020,FY26,10.02,14.52,0.0,26.52,4326.45,282.24,24.4
INE683A01023,FY23,11.62,,1.01,3.49,3961.12,877.93,124.0
INE683A01023,FY24,12.13,,0.44,5.09,4849.35,966.49,145.43
INE683A01023,FY25,12.89,,0.26,4.98,4975.3,1018.3,0.0
INE683A01023,FY26,12.75,,0.3,5.55,5199.62,1042.84,0.0
INE980Y01015,FY23,7.89,9.72,0.57,3.21,124.26,66.66,3.45
INE980Y01015,FY24,6.81,8.85,0.76,2.96,133.42,85.45,0.45
INE980Y01015,FY25,9.63,12.78,0.38,5.83,180.3,82.01,3.8
INE980Y01015,FY26,16.23,18.32,0.39,10.82,243.02,93.33,0.4
INE212I01016,FY23,12.25,13.4,0.36,32.37,1027.41,460.58,9.87
INE212I01016,FY24,11.74,13.59,0.27,35.72,1031.46,482.27,36.25
INE212I01016,FY25,11.11,12.67,0.44,37.9,1395.13,617.4,60.89
INE212I01016,FY26,10.67,13.31,0.44,,1578.64,653.43,3.87
INE572J01011,FY23,0.4,0.2,1.96,1.65,1268.01,24.9,0.0
INE572J01011,FY24,13.74,5.14,2.59,65.98,2215.83,29.99,0.0
INE572J01011,FY25,-39.31,-16.62,2.15,-138.06,2160.11,31.24,0.0
INE572J01011,FY26,-32.83,-15.22,1.85,-91.01,916.25,18.28,0.0
INE232I01014,FY23,-43.41,-40.68,0.03,-7.82,238.78,109.03,3.62
INE232I01014,FY24,-307.91,-210.25,0.46,-11.93,75.55,109.04,1.69
INE232I01014,FY25,157.88,-693.64,-1.22,-10.55,71.77,99.26,0.56
INE232I01014,FY26,116.01,83.55,0.42,47.86,39.15,85.68,0.5
INE247M01014,FY23,34.99,18.49,0.51,20.5,374.97,184.35,29.73
INE247M01014,FY24,9.57,11.18,0.45,5.96,404.7,209.61,37.99
INE247M01014,FY25,6.64,8.91,0.47,4.51,436.25,248.05,32.0
INE247M01014,FY26,6.3,8.59,0.4,4.52,476.47,258.53,30.26
INE01EO01010,FY23,9.62,9.89,1.17,5.59,253.35,101.57,25.71
INE01EO01010,FY24,11.76,13.93,0.57,12.44,314.17,116.41,26.03
INE01EO01010,FY25,23.47,12.11,1.12,28.42,402.24,197.2,56.3
INE01EO01010,FY26,18.17,14.77,1.02,28.33,525.94,316.66,171.93
INE147A01011,FY23,30.51,25.4,0.41,14.77,522.66,658.56,2.73
INE147A01011,FY24,10.51,13.45,0.44,5.55,414.65,694.99,44.12
INE147A01011,FY25,12.98,15.11,0.6,7.64,3071.65,726.47,107.89
INE147A01011,FY26,15.44,16.86,0.51,,2940.45,1062.16,447.64
INE663A01033,FY23,27.02,36.04,0.01,26.49,5277.6,674.78,148.56
INE663A01033,FY24,17.16,22.29,0.06,18.43,5236.49,1052.79,284.31
INE663A01033,FY25,17.5,22.78,0.06,20.77,6001.6,1411.9,599.86
INE663A01033,FY26,13.85,18.43,0.06,17.51,5389.39,1564.08,78.65
INE937A01023,FY23,0.11,2.54,5.12,0.08,854.62,149.98,56.35
INE937A01023,FY24,-1.51,4.46,1.76,-1.42,1230.42,6.25,0.0
INE937A01023,FY25,6.22,4.69,0.68,6.36,777.06,2.93,0.34
INE937A01023,FY26,7.88,6.32,0.38,9.33,868.46,103.49,64.21
INE885H01029,FY23,14.67,15.15,0.53,9.93,2157.38,769.51,12.78
INE885H01029,FY24,7.8,8.13,0.97,5.5,2317.0,785.97,0.31
INE885H01029,FY25,11.25,12.82,0.58,8.88,2524.23,765.4,6.42
INE885H01029,FY26,10.73,12.98,0.42,9.39,2495.86,744.02,14.71
INE099F01013,FY23,6.89,9.32,0.01,11.06,199.64,150.13,0.0
INE099F01013,FY24,6.43,8.79,0.01,11.59,217.68,149.78,0.0
INE099F01013,FY25,4.88,6.96,0.01,9.75,220.99,151.05,0.0
INE099F01013,FY26,5.77,7.71,0.0,12.41,248.4,149.82,0.0
INE647A01010,FY23,20.94,20.15,0.43,72.95,14591.82,12340.61,2405.54
INE647A01010,FY24,11.64,11.92,0.44,45.06,12910.35,14049.94,927.84
INE647A01010,FY25,9.91,11.82,0.37,42.2,14358.15,14563.43,956.09
INE647A01010,FY26,13.07,13.25,0.37,61.91,15416.37,16010.16,2190.54
INE917H01012,FY23,20.54,25.09,0.03,89.87,1645.39,115.92,13.61
INE917H01012,FY24,9.88,13.34,0.02,46.06,861.65,119.58,0.0
INE917H01012,FY25,9.53,12.97,0.02,52.47,637.82,128.67,0.0
INE917H01012,FY26,9.28,12.47,0.01,53.25,666.96,87.28,0.0
INE0R6Z01013,FY23,29.58,27.97,0.74,0.82,300.29,39.47,0.0
INE0R6Z01013,FY24,20.84,22.77,0.37,11.75,342.42,39.84,0.0
INE0R6Z01013,FY25,19.96,25.85,0.15,23.97,528.13,72.65,0.0
INE0R6Z01013,FY26,29.92,31.72,0.36,48.39,1025.57,216.7,0.1
INE802C01033,FY23,17.08,20.96,0.56,12.35,4026.9,1564.8,216.43
INE802C01033,FY24,46.78,33.83,0.73,43.0,4341.15,2060.92,434.04
INE802C01033,FY25,12.01,15.34,0.51,12.39,4429.0,2097.07,315.49
INE802C01033,FY26,10.54,14.33,0.46,12.07,5182.8,2124.8,154.48
INE0RYC01010,FY23,13.79,15.68,0.26,1.05,225.38,12.88,0.0
INE0RYC01010,FY24,12.35,13.13,0.52,1.66,233.16,13.72,0.0
INE0RYC01010,FY25,10.75,16.02,0.01,4.38,377.45,17.21,0.39
INE0RYC01010,FY26,6.44,8.37,0.05,5.34,430.68,65.6,34.69
INE01A001028,FY23,15.18,16.49,0.7,5.77,417.8,197.94,2.9
INE01A001028,FY24,12.19,12.79,0.83,5.28,431.0,279.6,39.9
INE01A001028,FY25,6.27,8.36,0.41,5.2,426.2,289.0,39.4
INE01A001028,FY26,2.6,5.58,0.66,,419.3,413.2,24.2
INE939A01011,FY23,-9.16,-1.31,1.37,-22.49,3607.67,1392.05,67.75
INE939A01011,FY24,-3.32,2.66,1.18,-7.76,3730.02,977.3,98.63
INE939A01011,FY25,140.82,15.67,0.74,390.5,4391.68,1018.43,137.74
INE939A01011,FY26,17.9,16.83,0.57,60.34,4627.97,1183.03,190.6
INE460H01021,FY23,10.25,15.81,0.01,6.13,2575.55,1516.26,629.3
INE460H01021,FY24,10.89,15.2,0.05,7.3,2888.18,2480.89,1067.44
INE460H01021,FY25,5.87,7.84,0.14,4.18,3163.39,2691.25,278.21
INE460H01021,FY26,12.33,15.25,0.19,9.73,3776.49,2701.7,94.8
INE575P01011,FY23,9.39,12.96,0.07,10.41,12241.1,111.34,0.0
INE575P01011,FY24,12.55,16.79,0.07,14.19,14413.32,175.13,16.48
INE575P01011,FY25,9.08,12.22,0.07,10.86,16488.13,128.82,24.01
INE575P01011,FY26,7.38,10.2,0.06,9.47,18148.47,95.3,8.56
INE655A01013,FY23,-0.68,-0.92,-0.17,8.74,0.0,0.0,0.0
INE655A01013,FY24,-1.1,2.12,-0.43,12.03,0.0,0.0,0.0
INE655A01013,FY25,-0.54,2.27,-0.43,5.1,0.0,0.0,0.0
INE124E01038,FY23,32.77,40.88,0.11,34.84,464.36,151.76,10.24
INE124E01038,FY24,27.82,37.81,0.0,37.06,400.75,148.15,10.21
INE124E01038,FY25,22.16,30.06,0.0,7.13,368.75,155.22,13.51
INE124E01038,FY26,21.99,29.55,0.0,8.58,417.35,173.23,15.14
INE503B01021,FY23,-11.38,8.37,0.66,-0.71,1388.33,593.37,14.2
INE503B01021,FY24,1.65,6.66,0.58,0.09,1089.17,607.15,37.23
INE503B01021,FY25,3.67,10.47,0.51,0.22,1142.04,616.69,3.32
INE503B01021,FY26,3.52,8.58,0.54,0.22,1058.24,596.66,6.65
INE577L01016,FY23,1.51,1.85,0.0,6.64,15.83,0.8,0.0
INE577L01016,FY24,0.88,1.08,,7.19,16.99,0.8,0.0
INE577L01016,FY25,0.91,1.21,,8.6,21.91,0.75,0.0
INE577L01016,FY26,1.23,1.66,,,27.43,0.71,0.0
INE334A01023,FY23,11.96,13.45,0.33,13.29,762.87,290.08,16.23
INE334A01023,FY24,12.38,14.46,0.26,15.35,922.91,284.87,8.12
INE334A01023,FY25,11.67,13.2,0.31,16.05,1026.3,333.56,16.45
INE334A01023,FY26,5.57,8.54,0.28,,827.81,337.4,22.14
INE1VXE01018,FY26,-12.38,0.29,1.34,-2.03,958.96,12.25,0.0
INE089C01029,FY23,6.74,9.47,1.83,3.5,6790.0,3010.0,158.0
INE089C01029,FY24,-2.52,3.24,1.67,-1.28,4000.0,2948.0,111.0
INE089C01029,FY25,-6.18,2.35,0.97,-2.54,3909.0,2699.0,31.0
INE089C01029,FY26,2.47,6.89,0.86,1.11,4663.0,2747.0,54.0
INE00IN01015,FY23,8.87,11.08,0.4,10.86,1257.62,407.52,9.53
INE00IN01015,FY24,7.77,9.86,0.58,10.3,1337.0,536.66,29.57
INE00IN01015,FY25,8.18,9.75,0.74,11.64,1449.82,640.84,22.63
INE00IN01015,FY26,8.33,13.82,0.12,,1607.42,596.19,14.82
INE00Q601028,FY26,15.8,21.19,0.02,21.0,634.23,383.4,52.94
INE04VU01023,FY23,37.26,28.22,1.08,6.68,1145.85,278.67,8.7
INE04VU01023,FY24,39.0,33.73,0.81,10.46,1557.37,347.96,15.59
INE04VU01023,FY25,34.84,32.38,0.59,13.74,1463.15,449.48,38.7
INE04VU01023,FY26,16.83,23.16,0.06,15.45,1441.14,529.61,49.7
INE239C01020,FY23,23.29,28.56,0.11,56.63,952.13,182.46,14.08
INE239C01020,FY24,23.95,30.9,0.0,75.78,914.08,197.84,26.11
INE239C01020,FY25,18.54,23.91,0.05,71.46,1025.09,257.96,83.05
INE239C01020,FY26,18.57,24.38,0.04,88.25,1129.29,447.71,247.32
INE01FR01028,FY23,2.64,6.76,2.53,0.68,787.13,468.93,1.61
INE01FR01028,FY24,10.2,8.97,3.06,2.94,971.85,625.78,7.09
INE01FR01028,FY25,3.63,6.28,2.47,2.02,1343.14,1030.54,12.43
INE01FR01028,FY26,10.41,9.56,2.21,6.28,1840.95,961.02,12.47
INE189B01011,FY23,25.61,33.6,0.05,104.07,2367.83,322.03,12.61
INE189B01011,FY24,23.96,31.46,0.04,98.47,2222.17,326.36,31.08
INE189B01011,FY25,20.02,19.66,0.34,132.91,2982.42,888.43,35.54
INE189B01011,FY26,13.38,12.68,0.4,103.98,3438.03,1055.32,105.03
INE754A01055,FY23,-9.81,-6.63,0.06,-0.93,278.69,41.25,0.0
INE754A01055,FY24,-57.49,-47.75,0.08,-3.47,309.72,31.64,0.0
INE754A01055,FY25,-10.33,-5.51,0.06,-0.57,285.61,20.84,0.0
INE754A01055,FY26,8.32,10.94,0.08,0.51,279.06,32.01,0.0
INE287B01021,FY23,5.53,7.93,0.09,7.35,2799.8,652.1,62.78
INE287B01021,FY24,10.21,15.12,0.04,14.96,3070.57,664.95,42.33
INE287B01021,FY25,13.76,18.95,0.04,23.07,3367.57,638.26,53.48
INE287B01021,FY26,13.31,17.42,0.06,25.39,3755.52,652.61,52.62
INE492A01029,FY23,4.44,9.24,0.0,8.31,757.41,144.92,7.63
INE492A01029,FY24,8.71,11.57,0.06,17.82,780.71,167.15,3.99
INE492A01029,FY25,9.83,12.84,0.05,22.29,818.04,156.31,4.91
INE492A01029,FY26,7.81,10.08,0.04,19.29,774.94,164.36,7.87
INE659A01023,FY23,5.41,6.01,1.0,6.5,2286.16,1130.33,45.08
INE659A01023,FY24,31.11,31.28,0.41,51.6,2522.19,1082.3,16.26
INE659A01023,FY25,1.65,2.46,0.7,7.9,3324.4,2773.5,124.7
INE659A01023,FY26,0.65,5.26,0.72,2.8,9767.7,2981.0,119.9
INE0QPI01025,FY23,27.91,29.18,0.37,5.52,426.17,186.91,29.08
INE0QPI01025,FY24,37.41,40.98,0.22,11.79,454.67,232.48,52.55
INE0QPI01025,FY25,28.13,29.73,0.28,12.28,497.41,286.26,97.13
INE0QPI01025,FY26,19.57,22.59,0.17,15.5,638.8,452.43,183.93
INE450E01029,FY23,13.61,14.3,0.71,20.28,1446.57,553.85,16.52
INE450E01029,FY24,9.94,12.18,0.67,15.99,1375.35,561.06,31.4
INE450E01029,FY25,7.36,9.92,0.55,12.79,1497.95,564.49,18.88
INE450E01029,FY26,4.76,7.27,0.61,8.65,1432.43,538.27,11.99
INE142Q01026,FY23,15.8,18.11,0.38,10.18,470.74,409.68,3.33
INE142Q01026,FY24,16.97,17.19,0.59,11.05,517.86,456.89,8.69
INE142Q01026,FY25,11.97,12.88,0.54,8.32,524.81,503.27,15.09
INE142Q01026,FY26,4.37,7.01,0.57,3.04,507.78,518.61,10.95
INE235C01036,FY23,50.48,-16.92,-3.95,-18.8,1033.12,184.85,1.21
INE235C01036,FY24,33.4,-22.39,-2.6,-18.87,984.86,160.96,1.21
INE235C01036,FY25,91.93,71.45,0.38,2.77,1003.37,142.69,1.98
INE235C01036,FY26,12.9,11.27,0.76,,1050.42,167.06,32.42
INE258G01013,FY23,21.09,27.24,0.01,10.06,3473.34,486.82,60.84
INE258G01013,FY24,15.14,20.49,0.01,7.4,2817.77,500.23,6.01
INE258G01013,FY25,17.42,23.19,0.02,10.13,3118.99,502.58,13.34
INE258G01013,FY26,16.02,21.26,0.02,10.88,3208.89,519.15,10.5
INE519C01017,FY23,0.73,0.89,0.0,34.0,49.16,0.18,0.0
INE519C01017,FY24,0.84,1.08,0.0,69.47,68.96,0.23,0.0
INE519C01017,FY25,0.7,1.14,0.0,62.92,125.84,0.01,0.0
INE519C01017,FY26,1.22,1.6,0.0,95.98,138.25,0.02,0.0
INE0Q3R01026,FY23,-13.93,-1.42,1.43,-53.3,2025.95,1564.43,93.93
INE0Q3R01026,FY24,-20.02,-1.98,2.38,-59.38,1401.33,1829.23,355.8
INE0Q3R01026,FY25,-1.1,5.77,1.54,-5.05,2239.23,2215.54,62.69
INE0Q3R01026,FY26,19.48,16.8,1.0,114.48,2011.69,2287.38,76.79
INE660A01013,FY23,13.38,,3.63,120.49,2952.56,513.9,2.87
INE660A01013,FY24,12.96,,4.01,130.31,3627.64,643.22,1.91
INE660A01013,FY25,14.24,,3.98,170.53,4214.13,740.63,1.52
INE660A01013,FY26,13.82,,4.09,186.81,4921.95,775.39,0.8
INE387A01021,FY23,16.4,18.54,0.24,23.54,5490.1,2124.98,105.06
INE387A01021,FY24,15.25,17.87,0.19,24.83,5493.18,2318.53,228.16
INE387A01021,FY25,14.15,16.14,0.22,25.66,5775.79,2497.86,256.01
INE387A01021,FY26,13.83,16.86,0.15,28.13,6103.19,2665.36,178.49
INE209A01019,FY23,3.1,4.3,0.13,6.28,847.97,322.81,31.94
INE209A01019,FY24,2.08,3.17,0.08,4.29,758.08,338.83,33.07
INE209A01019,FY25,-7.64,-9.91,0.01,-41.72,897.14,404.29,2.59
INE209A01019,FY26,1.36,1.95,0.01,5.34,1547.2,395.49,3.75
INE947A01014,FY23,33.37,39.07,0.18,61.89,3487.41,1809.71,218.27
INE947A01014,FY24,2.78,4.29,0.14,7.97,3415.28,1824.72,300.04
INE947A01014,FY25,1.85,3.21,0.07,8.99,3535.59,1806.27,321.28
INE947A01014,FY26,2.28,3.97,0.06,11.23,3939.38,1790.88,213.87
INE044A01036,FY23,15.13,15.24,0.12,35.3,43278.87,11484.12,1093.74
INE044A01036,FY24,15.04,16.92,0.05,39.9,47758.45,11488.83,1296.51
INE044A01036,FY25,15.13,18.75,0.03,45.6,52041.25,11486.75,1450.81
INE044A01036,FY26,13.74,17.53,0.06,47.8,58220.11,12637.32,1523.21
INE805D01034,FY23,0.05,2.57,0.25,0.1,352.3,153.41,101.17
INE805D01034,FY24,2.27,4.64,0.12,4.99,559.22,83.09,18.32
INE805D01034,FY25,4.61,6.15,0.12,10.26,853.13,104.07,31.85
INE805D01034,FY26,5.66,7.65,0.21,13.94,1123.84,77.25,0.0
INE424H01027,FY23,18.4,24.51,0.01,43.31,3772.05,962.39,0.0
INE424H01027,FY24,18.27,24.79,0.0,48.86,4282.1,858.33,7.38
INE424H01027,FY25,14.61,18.95,0.01,43.22,4019.87,870.17,17.26
INE424H01027,FY26,11.39,15.32,0.01,36.56,4334.82,831.96,30.51
INE399C01030,FY23,12.42,13.01,0.59,10.98,2748.36,589.63,34.66
INE399C01030,FY24,12.28,13.46,0.52,12.06,2891.8,631.0,12.97
INE399C01030,FY25,7.75,12.29,0.64,7.19,3276.95,798.07,41.79
INE399C01030,FY26,12.71,14.56,0.69,,3824.82,901.3,36.03
INE195A01028,FY23,19.66,25.1,0.01,68.12,9137.39,2142.5,83.71
INE195A01028,FY24,20.94,27.45,0.01,84.21,10080.5,2408.61,143.7
INE195A01028,FY25,16.98,21.71,0.01,75.64,10359.1,3228.51,609.88
INE195A01028,FY26,15.46,19.98,0.01,75.1,11134.95,3780.6,180.45
INE550H01011,FY23,22.6,-210.66,-1.01,-450.53,96.62,102.3,0.05
INE550H01011,FY24,24.12,12.0,-0.92,-457.07,58.73,91.03,0.05
INE550H01011,FY25,22.89,1.22,-0.46,-555.02,66.17,88.87,0.0
INE550H01011,FY26,2482.37,381.46,6.25,715.07,65.34,86.38,0.51
INE07RO01027,FY23,12.85,17.34,0.03,11.16,451.02,328.06,67.63
INE07RO01027,FY24,14.61,20.64,0.01,14.8,557.41,457.3,148.82
INE07RO01027,FY25,18.86,24.96,0.01,23.35,696.48,609.34,157.86
INE07RO01027,FY26,17.46,22.99,0.0,25.98,827.88,723.39,35.55
INE843S01025,FY23,45.05,22.27,8.31,7.25,305.74,3.73,0.0
INE843S01025,FY24,13.08,24.32,0.83,19.39,412.21,26.68,0.0
INE843S01025,FY25,11.1,14.8,0.51,19.7,549.09,26.46,0.0
INE843S01025,FY26,9.09,13.32,0.65,,555.86,56.91,0.19
INE877V01027,FY23,4.18,6.25,0.62,1.25,190.13,196.4,2.64
INE877V01027,FY24,13.17,14.91,0.5,4.54,218.71,216.4,5.94
INE877V01027,FY25,15.07,16.59,0.42,5.97,252.09,239.06,17.63
INE877V01027,FY26,13.15,15.22,0.53,,310.41,344.75,35.12
INE335A01020,FY23,18.0,21.8,0.22,15.42,7974.63,920.94,8.47
INE335A01020,FY24,15.19,21.39,0.01,15.13,7762.05,874.0,41.25
INE335A01020,FY25,14.06,19.59,0.01,15.93,7435.87,901.87,63.67
INE335A01020,FY26,10.85,15.16,0.03,13.13,7540.42,912.26,29.56
INE428Q01011,FY23,4.9,,1.29,7.32,843.98,164.48,1.33
INE428Q01011,FY24,11.96,,0.96,20.15,1181.61,168.79,16.62
INE428Q01011,FY25,5.97,,1.29,10.75,1323.34,290.14,134.53
INE428Q01011,FY26,7.31,,1.37,14.29,1458.3,298.04,4.87
INE645H01027,FY23,3.36,5.84,0.86,2.28,3026.85,1170.16,58.52
INE645H01027,FY24,-14.1,-7.75,0.88,-8.27,2652.75,1066.27,11.35
INE645H01027,FY25,-7.64,-2.7,0.98,-4.18,2624.67,1022.09,17.31
INE645H01027,FY26,-10.59,-3.08,1.14,,2530.1,977.79,16.52
INE495B01038,FY23,-31.51,-31.3,0.0,-6.63,13.54,37.11,0.09
INE495B01038,FY24,-38.91,-39.12,0.0,-4.82,11.69,28.02,0.01
INE495B01038,FY25,-146.15,-146.11,0.0,-7.37,6.66,59.48,0.01
INE495B01038,FY26,-46.73,-45.42,0.03,-12.13,7.11,76.49,3.63
INE442P01014,FY23,19.77,20.82,0.53,44.17,143.64,340.11,2.84
INE442P01014,FY24,21.22,20.14,0.5,59.83,166.61,370.6,7.13
INE442P01014,FY25,10.13,11.83,0.53,31.61,192.57,462.84,46.2
INE442P01014,FY26,12.88,12.49,0.76,52.4,221.85,661.48,87.57
INE040H01021,FY23,259.2,107.82,1.76,2.64,5854.29,785.15,6.7
INE040H01021,FY24,16.84,18.8,0.04,0.5,6402.57,851.2,41.69
INE040H01021,FY25,33.93,24.85,0.12,1.51,10851.32,976.71,154.65
INE040H01021,FY26,33.43,28.78,0.06,2.31,16679.11,1536.23,176.32
INE00CE01017,FY23,7.25,8.85,3.61,1.78,100.51,107.98,9.52
INE00CE01017,FY24,9.77,10.64,3.25,2.71,123.07,107.0,5.99
INE00CE01017,FY25,6.38,8.76,3.91,1.9,146.11,120.1,4.23
INE665A01038,FY23,-1.57,2.12,2.21,-2.52,1404.16,7079.97,3252.92
INE665A01038,FY24,4.8,8.48,0.56,11.23,4982.32,7417.79,3657.26
INE665A01038,FY25,10.29,16.06,0.4,27.9,4937.87,7244.28,3869.94
INE665A01038,FY26,3.64,4.63,0.28,,4371.2,7407.5,3996.59
INE542F01020,FY23,3277.72,719.99,3.92,66875.98,3.16,1332.54,36.69
INE542F01020,FY24,-25.3,-3.52,4.65,-449.62,0.0,1206.99,43.06
INE542F01020,FY25,-61.24,-5.72,8.47,-51.51,7.03,1331.2,155.23
INE542F01020,FY26,-324.41,-7.48,40.03,-42.88,282.14,1352.88,165.93
INE277A01016,FY23,39.04,52.36,0.0,109.99,1414.46,89.29,2.09
INE277A01016,FY24,37.41,50.09,0.0,113.48,1412.74,113.06,37.76
INE277A01016,FY25,39.6,53.04,0.0,136.61,1673.96,114.92,4.77
INE277A01016,FY26,40.15,53.76,0.0,161.56,1998.48,161.5,54.81
INE409B01013,FY23,0.7,4.36,0.7,4.23,236.29,534.49,31.5
INE409B01013,FY24,7.39,7.75,0.68,41.59,236.54,569.76,6.75
INE409B01013,FY25,1.47,6.48,0.73,8.31,614.44,675.84,7.0
INE409B01013,FY26,5.99,7.67,0.87,36.36,648.64,867.74,162.16
INE00H001014,FY23,-46.15,-42.68,0.07,-18.67,8138.5,867.61,8.04
INE00H001014,FY24,-30.16,-26.33,0.11,-10.5,11072.64,1048.45,7.87
INE00H001014,FY25,-30.5,-25.3,0.17,-13.72,15046.0,2708.0,24.0
INE00H001014,FY26,-22.68,-18.95,0.14,-16.87,22828.0,3683.0,35.0
INE00M201021,FY23,519.61,-58.64,-9.02,-61.65,2013.36,38.45,0.08
INE00M201021,FY24,-21.87,2.08,0.53,-10.4,3035.11,51.41,0.0
INE00M201021,FY25,8.09,13.2,0.93,3.49,6300.09,41.99,0.0
INE00M201021,FY26,-47.62,-6.91,1.83,-13.25,7545.81,34.76,0.0
INE225D01027,FY23,13.22,14.57,0.26,16.64,1183.84,139.27,0.44
INE225D01027,FY24,19.78,20.83,0.23,21.43,1153.63,119.17,1.15
INE225D01027,FY25,27.94,32.08,0.19,30.89,1572.7,119.9,3.35
INE225D01027,FY26,-25.87,-5.97,0.32,-20.54,1125.66,138.47,2.22
INE312C01025,FY23,7.84,8.77,0.32,0.22,222.49,70.57,27.35
INE312C01025,FY24,8.79,10.62,0.25,0.27,259.24,72.51,0.21
INE312C01025,FY25,14.45,19.14,0.01,0.53,465.01,78.06,0.53
INE312C01025,FY26,18.42,24.56,0.0,0.81,489.17,89.77,0.0
INE398R01022,FY23,12.84,14.17,0.23,11.51,3080.2,2792.7,192.3
INE398R01022,FY24,11.98,13.84,0.13,12.69,3369.5,3625.4,844.4
INE398R01022,FY25,10.5,13.37,0.12,12.34,3512.8,4030.8,1288.8
INE398R01022,FY26,6.54,8.6,0.09,7.87,3610.7,3975.6,1045.7
INE0DYJ01015,FY23,7.75,10.4,0.24,6.75,2009.82,432.5,21.92
INE0DYJ01015,FY24,6.66,9.09,0.39,6.02,3130.26,758.7,22.11
INE0DYJ01015,FY25,9.71,12.24,0.38,9.52,3786.69,865.11,62.12
INE0DYJ01015,FY26,11.1,15.13,0.14,16.92,4819.06,1054.56,67.55
INE356B01024,FY23,5.13,7.63,0.13,,67.94,2.65,0.0
INE356B01024,FY24,35.02,43.14,0.08,,112.13,12.22,0.0
INE356B01024,FY25,15.26,19.75,0.03,,125.07,11.97,0.0
INE586B01026,FY23,17.3,22.07,0.31,12.73,377.74,502.58,48.11
INE586B01026,FY24,13.58,17.91,0.2,14.78,401.62,521.52,79.54
INE586B01026,FY25,17.89,19.66,0.07,18.6,449.68,561.06,128.7
INE586B01026,FY26,40.06,37.44,0.13,65.31,508.45,826.88,316.84
INE187D01029,FY23,15.12,17.77,0.24,9.0,606.79,176.28,8.32
INE187D01029,FY24,20.47,25.0,0.18,17.82,729.28,222.69,13.73
INE187D01029,FY25,14.93,18.33,0.15,15.3,827.05,243.44,22.74
INE187D01029,FY26,14.01,17.43,0.11,16.87,870.04,246.64,21.73
INE483C01032,FY23,29.5,35.48,0.05,33.04,3354.55,253.72,8.18
INE483C01032,FY24,28.24,34.18,0.04,40.71,3927.79,295.4,23.96
INE483C01032,FY25,22.36,27.15,0.03,37.68,4027.72,286.59,5.35
INE483C01032,FY26,20.46,25.14,0.02,38.24,4417.71,246.21,0.0
INE0EK901012,FY23,1.5,5.78,1.03,0.69,184.52,453.76,69.24
INE0EK901012,FY24,-6.04,-0.94,1.09,-2.61,63.69,401.37,19.2
INE0EK901012,FY25,-22.17,-4.56,1.87,-7.84,33.69,418.81,12.42
INE0EK901012,FY26,1.8,2.28,1.78,0.64,329.84,411.56,0.0
INE763I01026,FY23,10.34,13.01,0.84,1.54,1372.91,151.27,3.37
INE763I01026,FY24,8.03,12.67,0.46,0.82,1267.27,140.62,3.62
INE763I01026,FY25,17.12,21.86,0.23,7.14,2019.39,293.73,61.76
INE763I01026,FY26,17.45,21.01,0.3,8.81,2508.8,368.79,138.31
INE144Z01023,FY23,14.18,16.63,0.19,15.17,281.36,466.89,242.55
INE144Z01023,FY24,6.96,8.03,0.44,8.01,294.74,658.84,392.18
INE144Z01023,FY25,4.72,6.62,0.54,5.6,392.41,765.14,293.33
INE144Z01023,FY26,2.26,4.32,0.62,,422.51,831.53,158.58
INE488B01017,FY23,12.41,12.63,0.55,117.73,474.33,268.17,61.88
INE488B01017,FY24,14.49,16.61,0.3,161.8,539.12,257.63,20.02
INE488B01017,FY25,8.23,10.41,0.23,99.8,553.14,236.96,21.46
INE488B01017,FY26,10.32,13.53,0.12,137.57,547.78,216.6,11.24
INE976I01016,FY23,,,,,12218.58,,0.0
INE976I01016,FY24,,,,,17049.05,,0.0
INE976I01016,FY25,,2.47,6.03,,26932.63,1925.15,0.0
INE976I01016,FY26,10.57,2.7,4.97,11.76,29745.36,2502.08,447.5
INE092A01019,FY23,11.75,11.78,0.32,90.95,16680.0,9060.0,2491.0
INE092A01019,FY24,1.2,4.53,0.25,10.52,15302.0,9551.0,2289.0
INE092A01019,FY25,1.09,3.47,0.33,9.23,14775.0,10797.0,2003.0
INE092A01019,FY26,-8.94,-3.27,0.38,-74.42,14397.0,11835.0,1102.0
INE151A01013,FY23,118.29,24.72,5.65,63.01,17838.26,9459.97,1003.37
INE151A01013,FY24,54.21,14.93,6.3,33.96,20784.68,9709.75,1176.53
INE151A01013,FY25,60.78,18.2,4.09,64.35,22988.66,10073.48,1005.13
INE151A01013,FY26,29.06,14.01,3.55,35.09,24783.07,10499.74,761.5
INE192A01025,FY23,7.4,10.52,0.1,12.86,13659.81,2284.57,295.85
INE192A01025,FY24,7.16,9.35,0.22,12.2,15098.51,2660.47,177.45
INE192A01025,FY25,6.39,9.23,0.12,13.06,17508.41,2974.96,400.72
INE192A01025,FY26,7.08,9.39,0.13,15.58,20170.61,3411.37,601.8
INE670A01012,FY23,36.21,42.05,0.09,121.26,3144.72,324.37,6.98
INE670A01012,FY24,31.62,39.16,0.09,127.18,3552.15,385.42,2.88
INE670A01012,FY25,27.45,34.32,0.07,126.01,3729.05,310.93,1.74
INE670A01012,FY26,20.66,26.26,0.05,100.89,3757.42,254.23,0.0
INE672A01026,FY23,1.29,,0.01,49.78,305.23,1.45,0.0
INE672A01026,FY24,1.28,,0.0,76.09,439.87,0.71,0.0
INE672A01026,FY25,1.0,,0.0,6.17,409.06,2.65,0.0
INE672A01026,FY26,1.48,,0.0,8.57,520.28,1.77,0.0
INE245A01021,FY23,11.59,11.63,1.84,10.43,54117.61,64534.13,6027.12
INE245A01021,FY24,11.42,10.93,1.82,11.56,60388.03,77521.04,13528.23
INE245A01021,FY25,11.08,10.29,1.9,12.41,64127.75,91354.2,16002.93
INE245A01021,FY26,9.49,9.71,2.02,11.71,61048.61,101823.83,17427.85
INE081A01020,FY23,8.5,13.05,0.82,7.17,241636.25,171683.88,31691.42
INE081A01020,FY24,-4.82,3.55,0.95,-3.62,227296.2,176991.59,34376.19
INE081A01020,FY25,3.75,8.47,1.04,2.74,216840.35,185952.77,41516.16
INE081A01020,FY26,10.56,11.89,0.9,8.65,230293.47,200133.86,29114.63
INE142M01025,FY23,20.87,25.09,0.09,15.38,4412.59,303.09,2.65
INE142M01025,FY24,21.09,27.34,0.08,16.72,5113.21,310.28,0.0
INE142M01025,FY25,18.91,24.66,0.07,16.66,5168.45,260.85,0.0
INE142M01025,FY26,13.93,16.43,0.24,13.47,5505.57,296.81,0.63
INE0GK401011,FY23,8.84,7.7,0.33,20.52,420.89,426.52,230.74
INE0GK401011,FY24,4.12,6.62,0.02,13.26,390.5,499.46,72.93
INE0GK401011,FY25,0.77,1.14,0.05,2.44,382.71,547.09,21.54
INE0GK401011,FY26,5.38,6.64,0.15,17.98,505.86,627.5,23.35
INE673O01025,FY23,42.39,44.14,0.21,13.28,982.77,70.84,0.0
INE673O01025,FY24,37.1,31.45,0.39,18.62,1280.91,79.85,0.0
INE673O01025,FY25,19.24,21.14,0.18,21.48,1614.04,77.82,0.0
INE673O01025,FY26,15.75,14.6,0.49,22.76,2512.1,114.12,0.0
INE760L01018,FY23,7.17,8.35,1.03,6.02,2393.43,160.15,1.89
INE760L01018,FY24,9.05,9.72,1.02,8.16,2298.79,151.32,0.7
INE760L01018,FY25,10.41,10.48,1.2,10.25,2619.86,164.62,3.13
INE760L01018,FY26,24.14,19.65,1.06,,3202.82,181.74,0.05
INE688A01022,FY23,18.65,20.77,0.05,40.83,3779.0,852.24,63.82
INE688A01022,FY24,17.51,18.2,0.1,45.06,4019.17,985.43,126.28
INE688A01022,FY25,19.14,19.96,0.11,53.32,4487.67,1266.85,305.66
INE688A01022,FY26,17.78,18.11,0.12,59.38,4912.73,1566.98,381.89
INE586V01016,FY23,23.35,30.83,0.01,36.2,1241.01,432.22,61.14
INE586V01016,FY24,18.7,24.51,0.01,34.27,1253.82,463.24,16.06
INE586V01016,FY25,11.23,15.0,0.01,22.31,1208.27,477.86,20.34
INE586V01016,FY26,9.95,12.72,0.08,,1237.41,590.79,45.49
INE822C01015,FY23,25.14,20.67,1.13,122.05,1442.21,626.74,53.3
INE822C01015,FY24,19.02,18.22,0.96,109.22,1512.78,692.42,7.41
INE822C01015,FY25,22.21,17.64,1.01,157.16,1742.57,838.58,78.15
INE822C01015,FY26,13.61,14.7,0.88,,1782.11,893.83,17.61
INE467B01029,FY23,46.61,58.8,0.09,115.19,225458.0,18996.0,1302.0
INE467B01029,FY24,50.73,63.72,0.09,125.88,240893.0,18854.0,1652.0
INE467B01029,FY25,51.24,63.49,0.1,134.19,255324.0,21948.0,1726.0
INE467B01029,FY26,45.89,56.29,0.11,136.01,267021.0,25100.0,3043.0
INE419M01027,FY23,16.01,21.54,0.0,6.22,849.3,164.77,25.68
INE419M01027,FY24,16.78,23.05,0.0,7.58,975.89,184.58,24.16
INE419M01027,FY25,20.29,26.9,0.01,11.17,1256.46,228.57,46.71
INE419M01027,FY26,22.28,30.1,0.02,15.28,1832.52,304.45,36.81
INE985S01024,FY23,13.79,13.3,0.12,65.0,7859.93,87.8,0.0
INE985S01024,FY24,14.05,14.17,0.13,66.65,9312.03,80.19,0.0
INE985S01024,FY25,11.97,12.59,0.13,64.86,11155.87,77.37,0.0
INE985S01024,FY26,13.39,14.19,0.11,3.3,11790.67,90.33,0.0
INE669C01036,FY23,17.3,22.08,0.1,54.54,53290.2,4068.4,110.0
INE669C01036,FY24,8.84,12.38,0.1,26.58,51995.6,3637.0,118.8
INE669C01036,FY25,15.54,20.33,0.07,47.91,52988.3,3932.0,32.9
INE669C01036,FY26,16.24,21.73,0.07,54.19,56815.4,4433.1,27.3
INE285K01026,FY23,9.68,7.68,,17.1,827.36,175.82,94.6
INE285K01026,FY24,12.41,15.34,0.0,24.94,1497.59,371.13,295.23
INE285K01026,FY25,11.31,13.0,0.01,37.19,2268.66,531.4,461.18
INE285K01026,FY26,11.4,14.05,0.02,40.74,3251.63,581.52,71.92
INE011K01018,FY23,17.54,17.92,0.34,27.62,1194.28,504.38,25.96
INE011K01018,FY24,16.27,18.4,0.26,29.17,1463.9,538.92,11.15
INE011K01018,FY25,14.33,16.57,0.24,30.08,1638.65,595.63,46.68
INE011K01018,FY26,4.19,5.88,0.12,,1691.94,685.31,107.22
INE010J01012,FY23,-1.22,-0.94,0.02,-2.46,919.57,137.88,8.54
INE010J01012,FY24,2.0,2.91,0.6,3.65,2314.32,355.49,18.23
INE010J01012,FY25,11.61,12.77,0.89,25.38,8454.96,517.96,3.54
INE010J01012,FY26,-31.01,-15.12,1.43,-51.35,1097.47,533.94,1.3
INE869Y01028,FY23,14.52,13.73,1.06,0.52,249.82,24.52,3.21
INE869Y01028,FY24,21.49,20.35,0.76,1.05,429.87,29.67,8.06
INE869Y01028,FY25,25.87,19.8,1.22,3.11,743.25,109.34,84.09
INE869Y01028,FY26,21.72,18.44,0.85,,1090.19,185.38,68.31
INE19RI01016,FY23,31.55,41.0,0.07,9.44,4798.7,658.78,29.72
INE19RI01016,FY24,42.52,55.43,0.06,10.32,5449.37,649.42,43.53
INE19RI01016,FY25,34.29,44.83,0.04,13.67,4869.9,615.56,34.97
INE19RI01016,FY26,50.41,66.48,0.07,14.95,5381.22,680.77,99.46
INE482B01010,FY23,3.21,10.54,0.22,2.77,116.58,26.75,10.83
INE482B01010,FY24,3.48,5.78,0.3,3.13,84.48,26.6,10.83
INE482B01010,FY25,7.69,11.35,0.16,7.52,107.26,26.53,10.83
INE482B01010,FY26,16.99,21.54,0.27,19.82,238.05,28.5,0.0
INE435C01024,FY23,0.49,0.73,0.05,0.24,16.53,89.17,15.39
INE435C01024,FY24,0.36,0.33,0.02,0.42,16.08,88.56,12.28
INE435C01024,FY25,-0.54,0.56,0.02,-0.57,15.87,66.84,12.35
INE435C01024,FY26,1.02,1.51,0.03,0.86,17.46,68.89,8.67
INE621L01012,FY23,1.87,4.55,0.71,0.81,2224.96,420.42,17.55
INE621L01012,FY24,4.47,8.54,0.25,3.29,3488.65,468.06,35.31
INE621L01012,FY25,8.91,13.49,0.34,6.21,5106.57,981.62,71.27
INE621L01012,FY26,8.22,12.23,0.38,4.84,4377.27,1102.42,164.68
INE305A01023,FY23,8.65,7.63,0.98,1.95,226.04,15.05,0.0
INE305A01023,FY24,8.36,7.23,0.9,2.02,225.55,14.33,0.0
INE305A01023,FY25,8.53,7.8,0.71,2.24,244.49,13.67,0.0
INE305A01023,FY26,9.39,7.57,0.82,2.67,269.95,13.2,0.0
INE085J01014,FY23,20.51,14.37,1.47,28.16,3152.55,120.75,1.6
INE085J01014,FY24,24.99,19.13,1.08,43.93,3826.78,154.31,2.36
INE085J01014,FY25,10.77,10.3,0.72,42.0,4910.58,210.22,11.27
INE085J01014,FY26,24.83,22.68,0.64,113.14,8499.33,298.64,6.87
INE924D01017,FY23,1.81,4.22,0.31,2.2,292.08,28.92,0.0
INE924D01017,FY24,2.81,5.89,0.57,3.56,272.76,23.92,0.0
INE924D01017,FY25,6.03,9.56,0.54,8.14,352.97,19.34,0.0
INE924D01017,FY26,4.09,10.51,0.08,5.76,284.54,9.2,0.0
INE121N01019,FY23,16.51,20.13,0.23,30.0,473.98,113.29,1.84
INE121N01019,FY24,22.23,27.76,0.17,51.43,558.89,109.54,2.54
INE121N01019,FY25,16.76,21.95,0.1,46.04,550.73,130.28,28.21
INE121N01019,FY26,13.9,17.83,0.12,,631.13,167.76,16.38
INE0AQ201015,FY23,2.46,21.75,-1.55,-1.85,860.06,4814.35,39.0
INE0AQ201015,FY24,0.08,27.77,-1.58,-0.06,1171.45,5565.13,56.89
INE0AQ201015,FY25,1.34,7.28,1.16,1.43,1300.57,5750.93,155.19
INE0AQ201015,FY26,6.3,8.42,0.28,12.43,1527.29,6807.81,228.94
INE083B01024,FY23,16.76,18.64,0.27,6.17,344.46,164.03,2.6
INE083B01024,FY24,11.52,12.9,0.25,4.72,376.63,170.42,2.6
INE083B01024,FY25,7.41,10.24,0.21,3.24,405.51,174.54,2.51
INE083B01024,FY26,0.29,2.53,0.25,,342.24,168.87,2.47
INE152A01029,FY23,11.64,13.57,0.22,39.97,8033.9,1796.89,580.94
INE152A01029,FY24,14.53,16.65,0.29,57.28,9237.24,2499.76,625.27
INE152A01029,FY25,12.85,14.97,0.35,56.31,10268.08,3333.07,717.88
INE152A01029,FY26,12.98,14.43,0.43,63.94,10642.55,4401.67,1533.79
INE332A01027,FY23,0.38,3.21,0.31,0.1,4952.45,1344.17,4.39
INE332A01027,FY24,12.59,15.75,0.2,5.57,7212.02,1541.52,6.21
INE332A01027,FY25,11.26,17.36,0.21,5.46,8139.57,1574.31,8.45
INE332A01027,FY26,8.59,13.66,0.21,4.69,8398.17,1746.9,7.97
INE594H01019,FY23,12.07,16.31,0.04,4.05,517.2,194.43,1.61
INE594H01019,FY24,13.43,17.6,0.08,4.45,567.88,203.7,2.55
INE594H01019,FY25,16.74,25.99,0.05,5.74,680.71,198.3,14.15
INE594H01019,FY26,27.85,33.9,0.09,10.21,821.89,208.68,3.07
INE133E01013,FY23,31.04,24.91,0.53,8.56,1155.81,421.96,2.25
INE133E01013,FY24,21.11,19.89,0.19,7.16,1393.95,396.16,0.28
INE133E01013,FY25,26.02,26.12,0.05,11.81,1380.52,372.63,3.41
INE133E01013,FY26,0.7,2.53,0.77,0.96,2345.58,559.47,60.26
INE545H01011,FY23,18.87,18.69,0.46,110.98,1856.93,477.95,61.24
INE545H01011,FY24,15.77,17.4,0.4,115.06,2061.4,711.86,43.57
INE545H01011,FY25,14.46,15.5,0.49,112.32,2595.58,825.43,38.81
INE545H01011,FY26,14.11,15.71,0.41,125.84,2758.98,801.2,14.26
INE974X01010,FY23,24.19,31.97,0.29,49.39,14430.95,2443.0,224.4
INE974X01010,FY24,23.65,24.24,0.41,62.31,16334.92,3087.73,431.07
INE974X01010,FY25,12.17,19.86,0.56,34.8,18915.14,4143.1,939.75
INE974X01010,FY26,8.22,22.43,0.1,,22221.18,5137.38,1042.53
INE806C01018,FY23,31.13,-50.4,-1.4,-24.63,43.82,106.27,0.27
INE806C01018,FY24,803.74,108.59,5.44,16.66,66.7,103.83,0.27
INE806C01018,FY25,3.47,8.14,3.45,0.42,313.58,98.86,0.27
INE806C01018,FY26,-27.72,-0.18,3.44,-4.58,320.51,93.17,0.27
INE508G01029,FY23,9.65,12.54,0.4,4.82,4289.44,1450.22,67.59
INE508G01029,FY24,12.16,15.29,0.32,6.84,4992.5,1409.34,41.18
INE508G01029,FY25,13.41,17.12,0.25,8.55,5457.04,1451.91,79.42
INE508G01029,FY26,11.46,14.89,0.18,9.99,6105.2,1664.86,229.77
INE325A01013,FY23,19.18,25.45,0.01,51.95,2787.85,575.95,74.32
INE325A01013,FY24,16.22,21.62,0.01,52.13,2895.71,757.9,239.89
INE325A01013,FY25,15.95,19.79,0.01,61.45,3183.58,1103.19,621.37
INE325A01013,FY26,14.23,18.99,0.0,55.16,3462.36,1271.24,146.61
INE015C01016,FY23,22.71,22.88,0.63,12.73,294.11,69.39,0.51
INE015C01016,FY24,31.53,27.67,0.67,23.52,362.07,134.48,10.1
INE015C01016,FY25,27.14,23.69,0.76,28.19,505.35,194.38,14.32
INE015C01016,FY26,17.59,19.29,0.43,29.67,545.81,285.37,41.72
INE716B01029,FY23,56.19,75.66,0.03,5.91,186.78,4.97,0.0
INE716B01029,FY24,70.85,92.61,0.03,9.9,241.58,7.86,0.02
INE716B01029,FY25,79.49,104.93,0.02,13.02,310.69,6.97,0.73
INE716B01029,FY26,83.38,110.19,0.02,16.96,375.51,14.1,0.0
INE338A01024,FY23,7.54,9.12,0.43,8.77,2120.33,1077.32,406.39
INE338A01024,FY24,-3.38,0.06,1.09,-3.79,2071.51,1911.11,1199.61
INE338A01024,FY25,-3.99,0.12,1.55,-4.5,2036.99,2603.44,1352.11
INE338A01024,FY26,-10.74,-3.24,1.39,-14.91,1721.86,3768.81,2518.43
INE319Y01024,FY23,26.02,28.94,0.28,0.96,83.34,15.35,0.17
INE319Y01024,FY24,13.31,15.76,0.26,0.0,98.59,26.75,7.68
INE319Y01024,FY25,7.34,9.13,0.24,0.73,114.98,55.37,18.41
INE319Y01024,FY26,4.72,6.63,0.31,,162.48,123.87,66.62
INE615H01020,FY23,13.51,19.35,0.37,10.89,2755.31,734.18,12.28
INE615H01020,FY24,12.9,18.63,0.07,22.46,3805.31,846.14,107.8
INE615H01020,FY25,3.55,7.16,0.25,6.42,3867.75,953.78,39.61
INE615H01020,FY26,5.01,8.56,0.25,,3185.82,1261.03,71.57
INE280A01028,FY23,27.42,22.37,0.79,36.61,40447.0,2761.0,133.0
INE280A01028,FY24,37.22,21.03,1.65,39.38,50936.0,3368.0,88.0
INE280A01028,FY25,28.71,16.94,1.79,37.61,60298.0,3721.0,93.0
INE280A01028,FY26,32.31,17.23,1.95,57.16,87305.0,5015.0,135.0
INE668A01016,FY23,14.86,,0.08,68.06,2723.11,245.65,0.0
INE668A01016,FY24,13.53,,0.06,67.7,2795.64,270.98,0.0
INE668A01016,FY25,13.13,,0.06,74.68,3150.89,284.48,0.0
INE668A01016,FY26,13.23,,0.07,84.47,3403.94,310.56,0.0
INE1TAE01010,FY24,37.74,18.74,1.26,87.02,431212.0,92400.0,11216.0
INE1TAE01010,FY25,30.33,25.26,0.94,8.68,57788.0,12438.0,753.0
INE1TAE01010,FY26,23.79,30.18,0.44,8.23,83390.0,12578.0,730.0
INE155A01022,FY23,5.33,7.49,3.01,6.29,342874.59,90107.59,5583.12
INE155A01022,FY24,36.98,18.5,1.29,81.88,431212.0,92400.0,11216.0
INE155A01022,FY25,23.96,17.02,0.64,78.75,363486.0,99105.0,18038.0
INE155A01022,FY26,73.52,0.62,0.73,0.61,333383.0,100275.0,26859.0
INE148A01019,FY23,11.48,14.41,0.09,10.47,2146.63,355.28,108.22
INE148A01019,FY24,5.83,7.95,0.02,5.56,1665.21,377.24,73.03
INE148A01019,FY25,6.4,8.1,0.15,6.49,1823.27,737.15,451.73
INE148A01019,FY26,9.58,9.78,0.46,10.83,1464.06,966.85,116.15
INE107A01015,FY23,19.95,19.89,0.96,56.04,5117.22,4474.84,20.23
INE107A01015,FY24,9.96,13.25,0.86,30.08,4643.36,4314.35,15.51
INE107A01015,FY25,0.18,6.0,0.77,0.54,4442.69,4153.74,55.48
INE107A01015,FY26,10.7,6.2,0.7,,4581.62,4352.1,473.39
INE685A01028,FY23,20.09,18.84,0.87,36.79,9463.69,3482.31,710.71
INE685A01028,FY24,24.16,24.86,0.59,48.94,10562.31,3593.15,296.18
INE685A01028,FY25,25.18,27.09,0.42,56.47,11317.25,3864.74,409.09
INE685A01028,FY26,25.79,13.91,1.79,63.92,13752.99,5394.12,485.59
INE813H01021,FY23,19.23,17.84,0.96,44.06,25402.84,21110.75,2778.35
INE813H01021,FY24,15.2,14.77,0.96,38.14,26894.39,23638.48,2725.73
INE813H01021,FY25,16.97,16.14,0.5,61.23,28840.99,26623.62,3196.47
INE813H01021,FY26,12.67,12.74,0.73,47.95,28609.56,34085.75,9299.57
INE413G01022,FY23,13.89,16.11,0.39,2.06,270.4,79.97,24.1
INE413G01022,FY24,15.23,19.25,0.24,2.54,312.91,85.06,1.23
INE413G01022,FY25,15.98,18.11,0.32,3.02,349.34,95.86,3.1
INE413G01022,FY26,17.21,22.6,0.11,3.73,422.55,95.39,5.61
INE454P01035,FY23,13.94,18.35,0.81,8.67,3086.14,387.78,9.04
INE454P01035,FY24,20.47,25.72,0.59,18.79,4009.23,381.16,7.32
INE454P01035,FY25,17.47,26.16,0.35,25.72,5212.24,464.45,39.59
INE454P01035,FY26,17.69,26.54,0.3,29.9,6779.95,665.12,65.28
INE103V01028,FY23,37.2,36.11,0.58,18.52,1066.1,367.48,17.26
INE103V01028,FY24,32.94,34.05,0.48,21.85,1395.32,418.05,33.38
INE103V01028,FY25,34.47,39.67,0.32,27.58,1687.74,412.83,43.06
INE103V01028,FY26,30.57,39.07,0.17,,1647.8,315.6,28.28
INE0O3901029,FY23,2.86,4.4,0.11,1.12,136.32,59.22,46.31
INE0O3901029,FY24,20.57,26.88,0.05,10.2,96.82,49.38,38.8
INE0O3901029,FY25,4.24,6.26,0.0,2.14,81.74,50.23,40.77
INE0O3901029,FY26,2.89,3.98,,,83.75,8.43,0.0
INE849A01020,FY23,17.13,13.05,1.72,8.34,8112.33,4755.23,333.81
INE849A01020,FY24,36.55,38.48,0.43,27.88,12205.31,3078.51,730.06
INE849A01020,FY25,28.32,28.16,0.41,29.01,16873.72,4647.76,853.2
INE849A01020,FY26,24.62,25.19,0.37,32.25,19850.11,6620.76,1204.16
INE064C01022,FY23,10.51,11.66,0.34,0.88,5982.42,4447.27,384.57
INE064C01022,FY24,8.1,9.79,0.49,0.69,6436.85,4639.66,87.46
INE064C01022,FY25,8.0,9.63,0.35,0.73,6589.88,4478.66,63.95
INE064C01022,FY26,7.9,9.6,0.38,0.74,6304.67,4464.05,152.68
INE152M01016,FY23,25.32,33.55,0.0,5.97,1236.49,265.99,5.43
INE152M01016,FY24,28.05,37.42,0.0,8.47,1642.7,276.19,1.36
INE152M01016,FY25,29.37,39.15,0.03,11.28,2005.8,335.84,19.29
INE152M01016,FY26,24.18,32.1,0.02,,2181.1,370.0,17.0
INE256C01024,FY23,67.23,56.21,0.35,74.58,5574.51,1485.67,31.27
INE256C01024,FY24,13.62,13.51,0.49,18.05,5209.3,1751.47,249.78
INE256C01024,FY25,7.82,8.01,0.64,10.88,5689.24,2368.49,48.7
INE256C01024,FY26,8.04,8.44,0.65,12.19,6290.49,2399.85,13.99
INE0MWH01014,FY23,20.38,11.23,3.59,,1160.39,1234.73,86.09
INE0MWH01014,FY24,12.02,11.1,5.16,,1223.04,1609.3,332.95
INE0MWH01014,FY25,19.07,13.03,2.02,,1907.72,1826.23,139.45
INE0MWH01014,FY26,6.37,9.14,1.09,12.3,1727.51,2125.12,67.71
INE202Z01029,FY23,6.65,1.31,0.01,10.7,73.66,20.28,0.0
INE202Z01029,FY24,11.12,5.11,0.0,24.0,80.75,18.85,0.0
INE202Z01029,FY25,7.35,2.1,0.0,18.55,91.37,25.61,0.0
INE202Z01029,FY26,8.65,3.28,0.04,23.49,861.81,237.08,0.77
INE910C01018,FY23,67.1,6.82,0.03,452.72,720.19,79.77,8.62
INE910C01018,FY24,6.28,8.41,0.02,44.47,747.64,77.02,2.22
INE910C01018,FY25,7.67,10.12,0.02,57.79,797.63,81.07,0.17
INE910C01018,FY26,5.89,7.4,0.02,,854.38,74.57,1.9
INE690A01028,FY23,13.11,16.97,0.07,18.34,2754.81,531.5,12.23
INE690A01028,FY24,10.94,13.87,0.09,16.48,2657.69,592.58,37.84
INE690A01028,FY25,5.98,9.23,0.1,8.16,2692.77,580.06,1.79
INE690A01028,FY26,8.11,10.9,0.09,11.72,2950.0,598.69,35.96
INE517B01013,FY23,6.01,-36.54,-0.95,-5.86,1101.24,767.84,29.48
INE517B01013,FY24,6.38,49.45,-1.04,-6.28,1186.88,844.02,59.44
INE517B01013,FY25,6.52,-44.59,-0.95,-6.52,1300.93,830.17,34.8
INE517B01013,FY26,1.08,-108.78,-0.95,-1.1,1150.14,969.49,32.71
INE0OC301013,FY23,-38.17,-36.19,0.04,-10.99,537.98,38.12,0.0
INE0OC301013,FY24,-33.17,-31.03,0.03,-7.06,564.17,25.41,0.0
INE0OC301013,FY25,-49.35,-45.18,0.06,-7.65,700.26,30.57,0.0
INE236G01019,FY23,9.35,12.31,0.13,5.11,352.84,22.8,1.77
INE236G01019,FY24,0.27,0.92,0.41,0.15,365.64,42.47,0.03
INE236G01019,FY25,-4.11,-1.04,0.45,-2.08,430.27,49.14,0.0
INE236G01019,FY26,1.31,4.97,0.56,,454.92,44.94,0.6
INE105A01035,FY23,20.04,12.13,7.72,321.1,32763.81,6042.93,393.63
INE105A01035,FY24,28.18,16.01,9.49,395.6,38806.97,4779.3,460.72
INE105A01035,FY25,24.84,15.2,7.15,575.41,43409.39,6441.74,883.2
INE105A01035,FY26,26.23,18.01,5.63,838.12,55653.05,8211.97,1608.53
INE494B01023,FY23,24.14,11.81,4.06,27.97,27433.68,4564.77,387.37
INE494B01023,FY24,24.86,13.95,3.83,35.5,32668.46,4758.52,464.4
INE494B01023,FY25,26.29,15.06,3.36,47.05,36887.44,6368.19,879.45
INE494B01023,FY26,31.56,16.63,3.43,63.53,47651.63,7656.34,1606.25
INE395N01027,FY23,5.5,5.35,4.59,0.91,9973.0,1458.82,19.57
INE395N01027,FY24,-5.58,3.56,1.21,-2.4,9199.31,1528.62,4.88
INE395N01027,FY25,-0.75,4.54,1.16,-0.31,9992.48,1423.25,75.22
INE395N01027,FY26,5.62,6.62,1.35,,11000.46,2032.68,8.89
INE421C01016,FY23,7.54,8.31,0.64,101.85,2972.22,989.11,129.93
INE421C01016,FY24,9.71,9.75,0.76,140.98,2911.8,1127.05,120.86
INE421C01016,FY25,1.74,4.38,0.75,26.92,3253.83,1150.53,73.73
INE421C01016,FY26,5.98,7.85,0.64,,3643.35,1095.37,40.48
INE038F01029,FY23,10.65,14.3,0.04,14.79,860.35,177.8,3.47
INE038F01029,FY24,6.5,10.97,0.04,9.45,919.39,169.61,3.68
INE038F01029,FY25,8.36,12.42,0.02,12.49,993.02,145.78,1.13
INE038F01029,FY26,1.61,3.53,0.02,2.4,808.7,341.95,2.61
INE686F01025,FY23,7.67,10.6,0.0,11.5,7330.6,1923.16,90.81
INE686F01025,FY24,9.81,13.03,0.02,15.51,7876.49,1941.44,181.35
INE686F01025,FY25,10.12,12.4,0.14,16.71,8915.09,2020.75,285.63
INE686F01025,FY26,9.14,10.86,0.29,15.63,9239.94,2549.89,512.17
INE691A01018,FY23,7.13,,0.8,1.53,9851.42,3509.51,65.01
INE691A01018,FY24,6.14,,0.78,1.4,10807.83,3781.47,64.84
INE691A01018,FY25,7.89,,0.76,2.04,11412.01,3851.95,61.22
INE691A01018,FY26,8.32,,0.55,2.21,12328.87,4200.44,74.48
INE851I01011,FY23,9.4,11.43,0.58,6.76,2098.89,102.6,1.6
INE851I01011,FY24,8.09,10.99,0.12,11.3,2444.36,119.88,13.58
INE851I01011,FY25,12.4,14.61,0.11,17.7,2736.06,115.94,2.43
INE851I01011,FY26,8.14,9.35,0.04,12.8,2939.51,102.56,0.31
INE899L01030,FY23,-36.32,-2.56,2.13,-95.24,29.78,134.02,0.0
INE899L01030,FY24,32.49,8.29,0.21,0.25,26.4,29.44,0.0
INE899L01030,FY25,10.35,10.11,0.28,0.26,26.73,29.69,0.0
INE899L01030,FY26,3.57,4.31,0.27,0.08,16.62,29.24,0.0
INE382M01027,FY23,4.24,8.77,1.71,4.32,1231.29,961.97,27.34
INE382M01027,FY24,-3.41,5.49,1.74,-3.44,1249.5,944.54,9.04
INE382M01027,FY25,-7.66,4.53,2.09,-7.11,1233.05,978.32,16.79
INE382M01027,FY26,-19.06,1.49,2.85,-15.13,1338.7,1064.75,13.62
INE516A01017,FY23,6.41,8.14,0.76,66.57,14457.92,8481.39,721.5
INE516A01017,FY24,-9.58,-0.53,0.96,-95.69,13188.63,9211.22,1016.86
INE516A01017,FY25,1.93,5.64,1.13,19.71,14845.16,10386.26,1673.86
INE516A01017,FY26,3.91,6.07,1.25,43.91,15063.51,12272.16,2756.61
INE071E01023,FY23,46.66,31.0,1.81,9.16,1793.97,277.91,54.34
INE071E01023,FY24,9.0,8.85,2.41,1.88,1150.76,351.5,97.84
INE071E01023,FY25,-7.52,2.5,3.11,-1.44,1329.24,401.47,167.57
INE071E01023,FY26,5.82,7.77,3.11,,1484.26,395.39,56.32
INE583D01011,FY23,4.04,4.93,3.2,5.55,487.97,28.21,0.03
INE583D01011,FY24,8.3,5.17,3.24,12.93,706.96,39.29,0.0
INE583D01011,FY25,7.03,4.61,3.37,14.41,963.82,69.63,0.0
INE583D01011,FY26,6.02,4.01,3.71,,1407.86,91.4,0.0
INE551W01018,FY23,26.13,,0.57,5.81,3287.76,179.15,17.57
INE551W01018,FY24,22.83,,0.27,6.54,4057.09,394.85,31.81
INE551W01018,FY25,11.94,,0.3,3.71,4370.29,443.74,13.17
INE551W01018,FY26,10.16,,0.36,3.51,4907.44,457.27,0.0
INE481G01011,FY23,9.32,12.51,0.2,175.54,62337.6,59448.92,6559.14
INE481G01011,FY24,11.63,14.49,0.19,242.87,69809.53,65640.5,9467.7
INE481G01011,FY25,8.54,9.66,0.34,205.13,74936.45,94528.05,8591.71
INE481G01011,FY26,10.66,12.69,0.31,277.45,87383.52,99498.37,9603.74
INE351A01035,FY23,-8.3,-5.82,0.13,-28.72,1302.42,1409.26,154.14
INE351A01035,FY24,-3.85,-2.34,0.1,-13.32,1737.63,1324.26,129.77
INE351A01035,FY25,5.61,6.02,0.19,19.47,2064.48,1331.34,52.02
INE351A01035,FY26,9.3,10.07,0.18,35.85,2159.41,1319.01,115.31
INE00U401027,FY23,12.48,17.07,0.0,0.64,90.06,0.92,0.0
INE00U401027,FY24,19.03,23.37,0.11,1.3,103.58,7.93,0.0
INE00U401027,FY25,25.2,31.71,0.11,1.58,134.79,8.37,0.0
INE00U401027,FY26,10.6,14.6,0.05,1.78,204.34,10.66,0.0
INE037A01022,FY23,1.31,-0.12,0.0,5.64,1.47,0.0,0.0
INE037A01022,FY24,1.86,-0.19,0.0,5.55,50.65,0.0,0.0
INE037A01022,FY25,0.01,0.06,0.0,0.04,111.51,0.0,0.0
INE037A01022,FY26,0.85,0.85,0.0,2.98,32.0,0.0,0.0
INE0U3I01011,FY23,46.7,42.85,0.49,4.49,93.01,28.88,0.23
INE0U3I01011,FY24,53.53,56.81,0.28,11.43,208.22,59.89,8.53
INE0U3I01011,FY25,12.48,14.05,0.13,17.59,241.4,193.45,32.87
INE0U3I01011,FY26,8.58,9.95,0.17,12.42,239.83,202.02,5.65
INE692A01016,FY23,10.8,,0.37,12.45,47131.65,8656.09,22.16
INE692A01016,FY24,14.14,,0.28,19.15,55177.69,9026.72,35.89
INE692A01016,FY25,15.84,,0.57,23.62,59339.68,9346.22,58.73
INE692A01016,FY26,14.55,,0.55,25.45,58787.88,11100.83,64.16
INE244O01017,FY23,24.67,30.62,0.07,45.4,1312.63,279.64,10.39
INE244O01017,FY24,14.37,17.27,0.12,27.63,1096.22,276.67,14.91
INE244O01017,FY25,9.92,12.17,0.14,19.5,963.7,267.12,10.05
INE244O01017,FY26,18.19,21.08,0.18,,1170.4,284.19,3.33
INE854D01024,FY23,18.95,22.37,0.03,16.01,10554.0,1223.0,73.0
INE854D01024,FY24,19.77,26.17,0.04,19.83,11259.0,1113.0,43.0
INE854D01024,FY25,19.52,25.91,0.06,22.28,11517.0,1387.0,80.0
INE854D01024,FY26,20.53,25.38,0.05,25.89,12415.0,1311.0,96.0
INE694A01020,FY23,326.26,-16.51,-8.57,-10.65,399.95,258.4,191.1
INE694A01020,FY24,79.31,-76.02,-1.76,-12.72,477.27,260.22,195.87
INE694A01020,FY25,38.04,-70.96,-1.07,-9.91,321.69,263.8,200.65
INE694A01020,FY26,26.22,14.8,-0.8,-9.39,512.23,266.4,203.11
INE368U01029,FY23,8.6,9.57,1.79,0.26,652.6,93.35,0.29
INE368U01029,FY24,8.3,10.63,1.58,0.31,908.46,104.41,24.68
INE368U01029,FY25,18.18,14.75,1.22,0.77,602.22,93.93,0.15
INE368U01029,FY26,18.31,16.89,0.8,1.07,682.03,83.52,0.0
INE279A01012,FY23,7.89,11.03,0.44,34.05,2185.42,148.43,10.59
INE279A01012,FY24,6.1,8.92,0.43,31.19,2001.66,178.08,0.18
INE279A01012,FY25,5.04,8.05,0.48,25.76,2379.84,268.51,34.48
INE279A01012,FY26,8.63,10.36,0.62,47.01,2995.5,532.99,136.81
INE03V001013,FY23,-4.24,-3.77,0.0,-40.62,43.21,4.42,0.0
INE03V001013,FY24,-22.74,-21.65,0.0,-179.37,32.44,4.21,0.0
INE03V001013,FY25,9.95,10.94,0.0,79.49,24.6,4.08,0.0
INE03V001013,FY26,-9.85,-9.7,0.0,-73.02,18.78,3.93,0.0
INE405E01023,FY23,15.73,17.1,0.34,11.37,11084.41,3190.29,464.68
INE405E01023,FY24,17.68,19.42,0.34,15.24,13910.36,3748.65,403.19
INE405E01023,FY25,16.46,17.93,0.43,16.37,16581.26,5030.04,866.39
INE405E01023,FY26,17.53,18.67,0.4,20.75,19385.01,5938.55,891.16
INE628A01036,FY23,11.96,15.12,0.8,43.92,53134.0,10321.0,1251.0
INE628A01036,FY24,-4.32,2.24,1.07,-17.45,42599.0,10838.0,1130.0
INE628A01036,FY25,2.79,7.09,0.78,9.62,46262.0,10095.0,664.0
INE628A01036,FY26,5.54,10.31,0.68,22.32,51303.0,11006.0,1092.0
INE0CAZ01013,FY23,-23.33,-21.18,0.08,-2.18,636.6,120.59,0.52
INE0CAZ01013,FY24,-7.18,-5.98,0.08,-0.65,828.02,116.63,0.0
INE0CAZ01013,FY25,13.35,2.04,0.07,1.67,1144.47,126.89,0.0
INE0CAZ01013,FY26,-10.95,-7.13,0.06,-1.57,1555.54,165.71,7.29
INE550C01020,FY23,0.89,1.54,0.14,0.03,39.58,94.89,90.91
INE550C01020,FY24,1.17,1.66,0.21,0.04,44.47,89.19,85.26
INE550C01020,FY25,0.73,1.2,0.26,0.02,67.25,83.57,78.98
INE550C01020,FY26,0.76,1.36,0.05,0.03,66.7,60.66,0.0
INE228A01035,FY23,17.24,19.76,0.21,11.51,3187.36,1067.19,175.99
INE228A01035,FY24,17.82,20.81,0.15,13.92,3137.99,1286.17,195.39
INE228A01035,FY25,14.8,17.47,0.15,13.37,3383.27,1482.94,140.33
INE228A01035,FY26,14.11,18.62,0.07,15.29,3595.63,1669.12,107.99
INE094J01016,FY23,11.31,15.4,,34.44,1131.37,354.61,6.48
INE094J01016,FY24,17.45,22.76,,60.22,1182.06,277.83,0.0
INE094J01016,FY25,15.9,23.17,0.0,57.11,1445.31,283.48,1.73
INE094J01016,FY26,8.97,14.34,0.03,31.41,1538.92,280.67,0.0
INE735W01017,FY23,20.22,,1.1,3.13,1828.29,303.32,1.83
INE735W01017,FY24,16.74,,0.62,4.75,2286.2,311.58,10.28
INE735W01017,FY25,0.8,,0.79,0.19,2622.46,386.92,63.0
INE735W01017,FY26,-41.47,,0.91,-8.37,1907.9,457.83,125.13
INE12UR01024,FY23,12.62,10.64,1.12,0.8,662.72,182.96,9.77
INE12UR01024,FY24,18.91,18.69,0.85,1.48,923.25,218.05,0.0
INE12UR01024,FY25,39.4,30.31,0.99,5.1,1540.68,381.48,22.68
INE12UR01024,FY26,23.88,25.19,0.41,,2654.51,815.76,201.27
INE786F01031,FY23,21.45,18.31,1.03,32.41,2050.7,693.27,20.72
INE786F01031,FY24,18.99,16.09,1.09,34.67,2046.97,778.28,2.14
INE786F01031,FY25,11.21,10.77,1.06,23.16,1846.01,884.03,2.51
INE786F01031,FY26,11.44,11.71,0.82,,2201.65,887.6,7.63
INE945H01021,FY23,-5.19,3.5,1.72,-0.37,836.13,404.54,0.11
INE945H01021,FY24,10.12,9.81,1.91,0.8,1164.73,478.91,1.32
INE945H01021,FY25,20.8,13.63,2.52,2.08,1879.66,866.66,4.15
INE945H01021,FY26,17.96,16.41,1.1,,3060.15,1012.68,45.47
INE694D01016,FY23,24.24,21.11,0.73,133.97,1054.77,423.29,22.9
INE694D01016,FY24,26.91,25.54,0.41,203.06,1122.76,467.03,25.79
INE694D01016,FY25,21.62,23.36,0.31,209.15,1240.26,542.84,67.27
INE694D01016,FY26,18.24,20.53,0.27,,1503.12,541.94,20.22
INE884A01027,FY23,8.74,10.59,0.16,6.29,2678.79,338.36,4.15
INE884A01027,FY24,10.17,13.0,0.17,7.59,3020.88,356.56,3.62
INE884A01027,FY25,11.36,13.48,0.17,9.1,3356.76,321.65,1.16
INE884A01027,FY26,16.15,14.36,0.25,15.75,3671.81,515.47,13.89
INE051B01021,FY23,0.81,2.31,0.47,0.01,197.3,130.56,3.47
INE051B01021,FY24,2.68,7.79,0.07,0.04,212.51,120.08,6.14
INE051B01021,FY25,3.19,5.43,0.02,0.06,255.01,122.4,12.37
INE051B01021,FY26,5.27,7.68,0.02,0.1,254.76,121.14,8.81
INE565V01010,FY23,12.79,15.37,0.4,31.5,1051.8,749.21,87.51
INE565V01010,FY24,-1.15,0.78,0.35,-3.07,723.06,721.97,91.72
INE565V01010,FY25,-0.52,2.69,0.34,-1.24,718.76,714.78,70.74
INE565V01010,FY26,4.38,5.92,0.34,11.86,738.76,703.41,21.16
INE1CDF01017,FY24,211.11,100.0,,0.0,0.0,0.0,0.0
INE1CDF01017,FY25,76.0,-1728.57,-1.04,0.0,0.0,0.0,0.0
INE1CDF01017,FY26,49.39,263.56,-0.84,0.0,0.0,0.0,0.0
INE665L01035,FY23,-83.98,9.38,1.85,-53.66,6795.83,2066.06,134.43
INE665L01035,FY24,35.14,17.3,0.93,34.43,7349.9,1998.59,82.13
INE665L01035,FY25,3.91,12.45,0.71,4.01,8002.48,2054.33,130.66
INE665L01035,FY26,12.64,17.3,0.52,,8724.5,2241.88,101.96
INE893I01013,FY23,10.69,10.79,0.16,4.49,997.94,86.29,0.0
INE893I01013,FY24,6.82,7.0,0.16,3.05,744.33,49.23,0.0
INE893I01013,FY25,11.88,12.55,0.19,5.81,1074.18,50.17,0.0
INE893I01013,FY26,4.26,5.52,0.26,2.15,945.05,41.61,0.0
INE200M01039,FY23,29.64,24.31,0.78,6.33,15621.74,10279.48,2441.65
INE200M01039,FY24,15.62,19.97,0.17,7.94,19445.05,13634.23,1648.55
INE200M01039,FY25,15.51,18.92,0.13,8.98,20834.6,15748.86,542.44
INE205A01025,FY23,26.82,24.63,1.69,28.32,145404.0,114682.0,50201.0
INE205A01025,FY24,13.8,27.83,2.37,11.33,141793.0,121084.0,53981.0
INE205A01025,FY25,39.13,13.4,1.96,38.65,61605.0,133120.0,63167.0
INE205A01025,FY26,42.59,28.62,0.68,44.21,76672.0,40580.0,11130.0
INE694L01019,FY23,-2.33,6.01,2.25,-0.18,5745.69,8385.99,1.62
INE694L01019,FY24,16.62,13.84,1.77,1.54,5266.93,7492.28,3.05
INE694L01019,FY25,-3.71,0.03,0.64,-1.29,6021.0,16618.0,7399.0
INE694L01019,FY26,-12.77,-6.92,0.71,-4.31,8891.0,17584.0,1693.0
INE484C01030,FY23,14.99,19.33,0.01,67.42,1851.81,151.95,2.45
INE484C01030,FY24,17.27,22.8,0.0,84.1,1929.27,180.53,11.99
INE484C01030,FY25,18.46,21.92,0.02,99.29,1961.7,214.82,7.98
INE484C01030,FY26,18.5,22.9,0.02,112.75,2155.59,228.43,7.86
INE398A01010,FY23,5.43,7.64,0.15,50.03,4056.51,619.9,37.81
INE398A01010,FY24,5.77,8.27,0.13,56.13,3609.86,637.54,30.08
INE398A01010,FY25,7.9,10.88,0.11,82.78,3306.99,647.12,12.33
INE398A01010,FY26,8.72,11.49,0.1,98.85,3727.32,644.36,8.56
INE781S01027,FY23,-0.52,6.21,1.35,-0.71,1699.37,4112.73,170.47
INE781S01027,FY24,5.54,3.61,1.33,7.97,477.98,4103.82,116.52
INE781S01027,FY25,2.5,7.34,0.57,6.83,1596.73,5132.5,89.37
INE781S01027,FY26,7.73,11.91,0.47,18.23,2451.65,5769.49,238.06
INE0JA001018,FY23,13.72,16.45,0.28,22.6,546.47,204.39,144.63
INE0JA001018,FY24,21.17,24.51,0.37,42.36,784.73,298.75,17.76
INE0JA001018,FY25,17.48,22.09,0.36,45.45,958.53,389.76,80.94
INE0JA001018,FY26,15.25,18.65,0.43,49.43,1166.85,521.49,123.67
INE411B01019,FY23,5.77,7.57,0.09,19.88,553.38,163.71,67.15
INE411B01019,FY24,5.84,8.46,0.08,21.31,591.45,155.3,21.97
INE411B01019,FY25,8.08,12.78,0.0,33.9,647.29,153.56,28.86
INE411B01019,FY26,15.49,19.85,0.02,76.9,734.54,192.96,55.34
INE0IQ001011,FY23,-25.89,-13.03,1.0,-13.65,161.17,86.24,0.28
INE0IQ001011,FY24,-21.45,-1.49,1.55,-12.2,357.01,147.75,1.38
INE0IQ001011,FY25,-96.28,-8.84,2.57,-34.73,351.1,153.21,0.31
INE0IQ001011,FY26,11.01,17.08,0.4,,474.56,97.18,1.11
INE386A01023,FY23,17.84,23.69,0.01,10.49,1591.21,419.77,105.06
INE386A01023,FY24,18.49,24.23,0.01,13.03,1864.97,638.52,204.81
INE386A01023,FY25,15.87,21.32,0.01,13.01,2099.95,677.34,55.31
INE951I01027,FY23,11.76,12.88,0.31,4.35,4091.96,590.23,23.7
INE951I01027,FY24,14.2,17.15,0.22,5.88,4821.81,669.41,24.75
INE951I01027,FY25,14.95,19.65,0.06,7.14,5536.99,718.87,48.62
INE951I01027,FY26,12.99,16.56,0.07,7.01,5918.36,853.08,19.93
INE701A01023,FY23,7.37,0.11,0.0,715.75,24.41,3.2,0.0
INE701A01023,FY24,5.61,0.32,0.0,579.28,8.48,3.19,0.0
INE701A01023,FY25,7.29,7.71,0.0,808.4,3.44,3.19,0.0
INE701A01023,FY26,5.74,6.09,0.0,676.83,4.03,3.18,0.0
INE048C01025,FY23,0.01,0.67,-1.15,-0.91,112.67,278.4,56.74
INE048C01025,FY24,3.57,0.69,2.68,0.46,130.97,252.48,38.19
INE048C01025,FY25,31.92,8.59,0.21,12.21,137.29,204.53,26.16
INE048C01025,FY26,6.87,5.55,0.99,2.91,143.2,403.2,57.03
INE632C01026,FY23,15.04,17.18,0.21,7.55,396.2,116.3,68.45
INE632C01026,FY24,13.01,16.8,0.07,7.31,290.15,130.3,4.25
INE632C01026,FY25,14.41,17.03,0.22,8.68,382.3,134.32,3.95
INE632C01026,FY26,14.93,18.3,0.18,9.8,380.03,137.89,3.91
INE14UN01029,FY23,21.53,18.9,0.97,1.01,1008.54,37.88,0.0
INE14UN01029,FY24,20.47,19.03,0.87,1.21,1180.91,39.64,0.0
INE14UN01029,FY25,24.38,21.19,0.88,1.91,1480.77,44.48,3.47
INE14UN01029,FY26,12.02,16.06,0.18,2.71,1839.64,142.93,72.34
INE043W01024,FY23,15.54,16.78,0.45,8.26,459.0,550.0,33.62
INE043W01024,FY24,18.08,19.71,0.39,11.59,547.58,614.7,12.52
INE043W01024,FY25,18.07,19.72,0.4,13.97,681.39,802.3,78.59
INE043W01024,FY26,18.07,19.27,0.44,16.79,814.2,963.92,34.29
INE078V01014,FY23,3.97,10.19,2.17,0.4,2072.98,655.99,22.77
INE078V01014,FY24,17.9,17.93,1.92,2.2,2510.99,543.93,45.16
INE078V01014,FY25,11.26,22.25,0.22,3.87,3423.45,609.31,64.65
INE078V01014,FY26,14.85,20.16,0.2,,4802.25,1716.97,609.11
INE01R501028,FY23,32.67,26.32,1.19,1.66,524.3,10.94,0.0
INE01R501028,FY24,25.69,26.96,0.63,2.9,776.68,9.58,0.0
INE01R501028,FY25,16.63,22.06,0.59,3.02,915.85,10.54,0.0
INE01R501028,FY26,7.41,12.19,0.24,,1249.31,19.2,0.0
INE579C01029,FY23,17.1,22.21,0.05,10.68,315.06,171.67,14.65
INE579C01029,FY24,13.06,19.21,0.06,9.12,288.6,216.75,60.31
INE579C01029,FY25,17.78,23.33,0.02,14.93,343.98,262.24,38.67
INE579C01029,FY26,16.97,22.7,0.01,17.4,407.29,318.49,18.29
INE410B01037,FY23,18.94,25.11,0.02,40.43,2064.84,1467.5,309.71
INE410B01037,FY24,13.12,17.66,0.0,31.15,1889.94,1791.9,303.85
INE410B01037,FY25,14.51,18.79,0.02,39.09,2248.17,2198.0,474.35
INE410B01037,FY26,14.03,18.82,0.0,42.8,2226.89,2335.72,214.09
INE498Q01014,FY23,3.56,5.11,0.94,0.55,62.89,79.53,0.0
INE498Q01014,FY24,7.21,7.89,0.58,1.14,131.04,76.26,0.0
INE498Q01014,FY25,13.25,9.96,0.66,3.19,308.52,78.3,0.0
INE498Q01014,FY26,12.68,14.14,0.22,4.96,553.05,229.21,0.0
INE707A01012,FY23,5.43,7.48,0.2,156.37,2891.42,134.26,29.02
INE707A01012,FY24,7.11,10.11,0.12,238.54,4078.65,160.48,3.84
INE707A01012,FY25,4.96,6.89,0.29,171.16,4034.54,133.83,1.97
INE707A01012,FY26,5.24,7.63,0.34,,3570.86,161.66,8.48
INE054A01027,FY23,23.74,22.33,0.55,10.72,2078.7,320.08,14.7
INE054A01027,FY24,8.01,7.93,1.29,3.82,2237.82,540.9,13.32
INE054A01027,FY25,-11.16,-2.58,1.22,-4.84,2164.74,523.05,22.7
INE054A01027,FY26,-116.76,-28.17,2.55,,1851.9,516.77,15.16
INE286H01012,FY23,-215.03,270.87,-1.81,143.39,638.76,998.2,38.75
INE286H01012,FY24,8.52,-7.43,-1.67,-6.21,639.95,959.05,38.75
INE286H01012,FY25,37.96,-1310.53,-1.03,-44.61,566.21,447.05,0.0
INE286H01012,FY26,-477.64,631.07,-1.78,,561.62,446.37,0.0
INE392A01021,FY23,6.95,8.21,0.5,6.2,1646.52,657.91,37.48
INE392A01021,FY24,0.11,3.06,0.71,0.1,1522.49,777.67,28.8
INE392A01021,FY25,-0.4,3.4,0.64,-0.35,1528.2,729.71,11.27
INE392A01021,FY26,10.32,12.38,0.37,9.88,1663.58,690.76,7.01
INE270I01022,FY23,32.96,29.0,0.73,22.86,1387.66,570.99,106.34
INE270I01022,FY24,14.42,18.23,0.34,15.9,1209.28,653.49,22.0
INE270I01022,FY25,13.67,16.2,0.37,19.23,1441.4,780.63,80.29
INE270I01022,FY26,13.31,14.64,0.49,21.14,1602.99,953.5,159.28
INE1CLE01013,FY25,24.83,9.97,-4.4,-2.2,13717.0,9791.0,2505.0
INE1CLE01013,FY26,40.81,-4.29,-2.44,-7.43,13341.0,9926.0,3123.0
INE0MEG01014,FY23,16.77,17.3,0.56,3.59,31.05,0.68,0.0
INE0MEG01014,FY24,26.73,26.49,0.68,6.85,65.22,1.1,0.0
INE0MEG01014,FY25,32.7,28.34,0.84,,218.67,1.5,0.05
INE807F01027,FY23,-17.34,-9.45,0.63,-4.88,1418.28,352.35,51.6
INE807F01027,FY24,-5.46,-0.72,0.74,-1.44,1366.3,311.48,11.33
INE807F01027,FY25,0.95,3.0,0.27,0.53,2963.4,1147.58,48.6
INE807F01027,FY26,6.09,12.14,0.17,4.01,3356.96,1208.45,70.55
INE709A01018,FY23,2.24,2.33,0.0,14.49,80.64,25.29,0.0
INE709A01018,FY24,10.87,12.95,0.0,93.07,378.2,66.67,0.0
INE709A01018,FY25,1.87,2.37,0.0,13.44,28.71,64.71,0.0
INE709A01018,FY26,1.03,1.04,0.0,6.5,31.52,62.74,0.0
INE665J01013,FY23,-0.92,4.75,1.57,-0.99,2457.79,1514.06,130.69
INE665J01013,FY24,-12.95,0.53,1.86,-12.23,2780.84,1615.57,6.12
INE665J01013,FY25,5.65,11.29,0.97,5.72,3247.37,1002.37,5.08
INE665J01013,FY26,13.04,12.03,1.01,15.54,3784.34,1343.39,9.56
INE01EA01019,FY23,6.23,8.91,0.28,0.71,7562.99,1679.7,79.68
INE01EA01019,FY24,8.22,10.76,0.26,1.02,8891.94,1930.03,38.58
INE01EA01019,FY25,9.87,12.28,0.27,1.36,10716.34,2254.36,13.63
INE01EA01019,FY26,11.32,13.79,0.27,1.79,12906.32,2613.94,33.62
INE704J01044,FY23,-1355.36,-47.29,24.26,-0.68,533.72,363.76,23.61
INE704J01044,FY24,124.9,-25.07,-3.95,-0.3,615.75,365.09,14.78
INE704J01044,FY25,22.05,19.97,1.12,4.97,11043.0,12409.0,5110.0
INE704J01044,FY26,0.33,4.12,0.36,0.14,9582.0,12612.0,5834.0
INE540H01012,FY23,18.06,23.6,0.0,197.63,1376.17,67.2,0.23
INE540H01012,FY24,22.71,29.48,0.0,303.8,1609.42,76.92,0.68
INE540H01012,FY25,20.5,27.54,0.0,321.65,1924.73,120.76,3.43
INE540H01012,FY26,17.04,22.72,0.0,301.85,2145.66,224.95,108.45
INE226A01021,FY23,2.48,5.52,0.12,4.08,9399.37,495.01,98.25
INE226A01021,FY24,4.33,8.25,0.13,7.62,12407.36,792.43,367.51
INE226A01021,FY25,12.92,16.92,0.14,25.43,15320.45,936.18,82.35
INE226A01021,FY26,5.9,8.74,0.16,11.36,14122.99,988.85,22.07
INE366I01010,FY23,33.12,15.14,0.74,18.29,2627.82,1519.54,38.37
INE366I01010,FY24,9.39,10.03,1.1,5.08,2871.41,1922.89,23.56
INE366I01010,FY25,16.87,14.91,1.13,10.46,3142.96,2265.35,23.84
INE366I01010,FY26,20.73,17.93,1.01,13.54,3203.77,2354.47,50.96
INE050M01012,FY23,15.64,19.19,0.22,12.31,1720.81,309.94,16.26
INE050M01012,FY24,12.74,17.59,0.12,11.18,1661.36,341.56,16.9
INE050M01012,FY25,11.67,15.65,0.15,11.37,1764.41,425.72,117.03
INE050M01012,FY26,9.55,12.84,0.07,13.13,1754.43,611.46,26.47
INE710A01016,FY23,27.72,31.36,0.0,19.25,1290.11,601.29,11.16
INE710A01016,FY24,24.08,27.84,0.0,17.75,1417.21,315.87,47.67
INE710A01016,FY25,21.95,17.72,0.0,17.1,1394.56,309.24,2.4
INE710A01016,FY26,20.22,24.12,0.0,17.21,1460.75,246.47,2.31
INE764D01017,FY23,11.2,15.15,0.0,106.9,1002.12,248.6,14.9
INE764D01017,FY24,13.11,17.01,0.0,140.1,963.12,232.94,6.87
INE764D01017,FY25,9.28,12.2,0.0,107.43,994.55,229.69,13.21
INE764D01017,FY26,9.57,13.09,0.0,120.68,1240.36,226.9,17.78
INE825A01020,FY23,9.29,11.21,0.2,27.95,9925.49,3998.58,65.46
INE825A01020,FY24,6.94,8.48,0.2,22.2,9320.2,3857.56,100.67
INE825A01020,FY25,8.93,11.19,0.13,31.05,9784.88,4510.26,370.19
INE825A01020,FY26,7.09,8.47,0.18,26.18,9869.05,5670.27,586.2
INE377N01017,FY23,26.26,27.2,0.49,16.8,6608.01,1739.64,648.24
INE377N01017,FY24,30.27,35.87,0.27,43.06,11371.23,3084.97,1648.59
INE377N01017,FY25,19.7,24.76,0.16,67.96,14444.5,6104.75,2079.74
INE377N01017,FY26,25.71,29.41,0.26,128.84,26536.77,10740.34,3476.15
INE866K01023,FY23,100489.86,1688.14,58.6,178.36,0.0,51.86,3.75
INE866K01023,FY24,107.49,-9.67,-7.08,-3.71,0.0,141.27,93.82
INE866K01023,FY25,135.55,75.79,1.24,13.17,323.91,122.42,0.11
INE866K01023,FY26,85.92,81.2,0.01,59.27,679.85,91.02,0.0
INE299N01021,FY23,65.1,66.22,0.46,5.31,350.81,151.95,80.61
INE299N01021,FY24,58.94,71.11,0.16,13.94,876.4,157.3,3.37
INE299N01021,FY25,50.32,65.31,0.06,21.95,1597.75,251.81,56.68
INE299N01021,FY26,51.23,60.45,0.16,45.85,3331.42,447.28,177.92
INE956G01038,FY23,0.83,2.54,0.14,2.07,2946.3,71.7,0.0
INE956G01038,FY24,13.5,16.87,0.16,39.49,2826.9,69.0,0.0
INE956G01038,FY25,13.8,16.7,0.17,46.8,3276.0,63.8,0.0
INE956G01038,FY26,14.42,18.29,0.09,69.31,3908.4,63.3,0.0
INE0E7301029,FY23,-28.84,-20.5,0.28,-4.46,796.79,297.71,9.21
INE0E7301029,FY24,-2.77,0.26,0.35,-0.46,967.86,335.68,6.89
INE0E7301029,FY25,-6.72,-0.68,0.53,-1.07,1273.69,419.26,4.75
INE0E7301029,FY26,16.71,8.49,0.24,,1488.94,389.64,1.66
INE711A01022,FY23,7.51,11.0,1.12,4.26,319.36,284.3,1.64
INE711A01022,FY24,-11.58,-0.8,0.67,-9.04,299.1,271.09,0.86
INE711A01022,FY25,-23.07,-9.26,0.52,-14.73,256.24,272.46,29.78
INE711A01022,FY26,-4.09,2.19,0.61,,272.27,289.14,26.79
INE107F01022,FY23,31.68,14.66,-3.31,-3.18,498.18,169.93,2.91
INE107F01022,FY24,200.26,59.49,4.14,16.89,574.48,170.38,3.82
INE107F01022,FY25,51.51,28.16,2.98,8.98,599.51,205.76,6.33
INE107F01022,FY26,45.78,24.34,1.55,,650.27,251.94,25.42
INE0CJF01024,FY23,22.48,20.71,0.68,7.02,1633.06,77.13,17.32
INE0CJF01024,FY24,20.17,19.34,0.68,7.88,1685.77,82.04,8.02
INE0CJF01024,FY25,7.87,10.89,0.21,7.16,1725.72,148.87,26.33
INE0CJF01024,FY26,4.48,6.52,0.26,,1829.24,206.43,31.4
INE658T01017,FY23,18.05,24.37,0.0,12.98,389.58,0.66,0.0
INE658T01017,FY24,36.09,46.87,0.0,40.06,847.33,0.72,0.0
INE658T01017,FY25,26.57,35.18,0.0,32.05,53.16,0.75,0.0
INE658T01017,FY26,25.69,34.37,0.0,,68.39,2.42,0.0
INE855C01023,FY23,-12.38,-12.81,0.14,-0.63,17.22,246.01,35.89
INE855C01023,FY24,-112.29,-50.78,1.7,-3.0,25.86,302.75,32.9
INE855C01023,FY25,55.65,49.54,0.55,3.62,575.46,301.45,17.06
INE855C01023,FY26,48.04,49.31,0.21,6.98,1049.44,459.08,0.84
INE02WG01024,FY23,10.55,13.97,0.42,0.47,397.68,33.51,0.0
INE02WG01024,FY24,11.56,12.32,0.73,0.76,561.94,39.42,0.0
INE02WG01024,FY25,18.43,15.85,0.96,1.42,894.5,45.56,0.0
INE02WG01024,FY26,8.71,9.5,1.08,0.68,654.75,45.4,0.0
INE191B01025,FY23,4.37,6.93,0.71,7.89,9487.06,4604.67,105.11
INE191B01025,FY24,19.77,22.65,0.34,42.32,16895.61,4541.32,159.72
INE191B01025,FY25,25.57,30.11,0.15,72.44,13321.82,5151.46,899.07
INE191B01025,FY26,17.62,20.43,0.26,61.2,16209.22,7640.55,1556.23
INE625G01013,FY23,30.68,26.83,0.32,48.08,2702.07,28.07,8.23
INE625G01013,FY24,12.7,18.46,0.33,21.25,2826.82,171.7,12.56
INE625G01013,FY25,12.7,16.31,0.59,23.3,3545.78,183.84,6.92
INE625G01013,FY26,11.49,14.5,0.65,25.27,3408.09,177.06,14.49
INE389K01018,FY23,2.86,3.83,0.0,15.0,7.65,,0.0
INE389K01018,FY24,0.61,0.81,0.0,7.6,4.09,,0.0
INE389K01018,FY25,0.51,0.67,0.0,10.13,5.19,,0.0
INE389K01018,FY26,0.45,0.6,0.0,8.29,5.12,,0.0
INE192B01031,FY23,4.86,6.18,0.6,2.02,7145.88,3756.4,45.68
INE192B01031,FY24,15.08,15.3,0.58,7.06,8620.59,3659.84,46.77
INE192B01031,FY25,13.26,14.21,0.57,6.68,10545.09,4178.2,374.65
INE192B01031,FY26,4.16,6.21,0.47,,9399.11,4482.03,257.65
INE274C01019,FY23,21.24,28.11,0.0,200.45,207.61,57.94,1.96
INE274C01019,FY24,19.31,25.56,0.0,204.77,224.82,66.32,8.15
INE274C01019,FY25,16.2,20.91,0.01,197.43,231.14,80.08,15.31
INE274C01019,FY26,5.73,8.99,0.0,72.75,233.94,78.55,4.25
INE274F01020,FY23,19.72,13.66,2.13,7.16,2259.4,1593.84,58.94
INE274F01020,FY24,11.77,10.49,2.32,4.44,2368.22,1775.56,44.79
INE274F01020,FY25,2.01,6.22,2.69,0.78,2474.13,1993.67,27.35
INE274F01020,FY26,5.22,7.59,2.92,2.07,2600.35,2260.06,97.4
INE085001019,FY26,24.98,11.16,18.63,5.4,2440.18,5834.62,64.2
INE715A01015,FY23,7.06,10.7,1.04,22.66,4247.39,1149.98,123.92
INE715A01015,FY24,7.47,12.17,0.93,25.69,4582.62,1221.33,107.51
INE715A01015,FY25,12.03,16.29,0.8,45.39,4404.04,1329.6,69.41
INE715A01015,FY26,14.88,18.14,0.74,63.44,5049.35,1563.76,94.43
INE716A01013,FY23,6.22,8.59,0.03,17.26,6664.14,947.19,24.75
INE716A01013,FY24,5.88,8.6,0.06,17.11,6828.59,981.04,27.29
INE716A01013,FY25,9.09,12.63,0.07,28.3,7919.37,1009.81,57.9
INE716A01013,FY26,7.06,9.78,0.09,23.15,8034.2,1217.24,203.16
INE0H5O01029,FY23,10.6,14.2,0.01,19.7,510.58,161.47,52.57
INE0H5O01029,FY24,12.93,17.24,0.01,27.88,628.88,185.12,10.54
INE0H5O01029,FY25,12.06,15.63,0.06,28.87,755.13,223.56,4.83
INE0H5O01029,FY26,11.44,14.9,0.06,,897.7,266.86,57.01
INE052A01021,FY23,1.66,4.8,0.13,0.72,373.22,310.28,0.09
INE052A01021,FY24,-2.89,-0.25,0.13,-1.19,351.24,316.83,0.09
INE052A01021,FY25,1.01,3.63,0.05,-0.47,368.72,354.22,20.91
INE052A01021,FY26,0.13,1.71,0.17,,570.5,229.54,16.05
INE075A01022,FY23,14.53,16.27,0.22,10.34,90487.6,10736.1,632.3
INE075A01022,FY24,14.73,17.0,0.22,10.41,89760.3,9956.3,748.0
INE075A01022,FY25,15.86,18.05,0.23,12.52,89088.4,10628.4,221.1
INE075A01022,FY26,14.91,16.66,0.23,12.56,92624.0,11007.4,456.3
INE049B01025,FY23,-16.67,-5.99,0.65,-38.79,2646.0,2448.0,426.0
INE049B01025,FY24,-13.78,-2.26,0.7,-32.05,2789.0,2318.0,443.0
INE049B01025,FY25,-1.08,3.69,0.46,-3.02,2915.0,2241.0,523.0
INE049B01025,FY26,4.31,6.22,0.45,13.1,3317.0,2302.0,684.0
INE066O01014,FY23,15.68,20.85,0.01,26.33,426.36,782.18,56.37
INE066O01014,FY24,14.43,19.27,0.01,27.84,479.61,976.24,218.07
INE066O01014,FY25,6.34,6.61,0.0,18.55,454.93,1225.83,274.1
INE066O01014,FY26,4.55,6.04,0.0,12.83,514.14,1433.28,115.78
INE976A01021,FY23,36.5,53.76,0.09,142.62,4894.53,1418.71,53.28
INE976A01021,FY24,21.35,30.55,0.09,104.77,4422.19,1858.52,261.6
INE976A01021,FY25,8.91,12.06,0.13,47.11,4033.56,2073.96,223.23
INE976A01021,FY26,4.17,7.0,0.1,22.8,4263.17,2252.9,336.73
INE692G01013,FY23,6.64,8.81,0.0,4.03,174.42,1.54,0.0
INE692G01013,FY24,3.87,14.82,0.3,1.23,174.42,1.06,0.0
INE692G01013,FY25,13.82,15.71,0.24,4.45,184.9,0.04,0.0
INE692G01013,FY26,15.01,17.57,0.18,5.34,202.92,0.01,0.0
INE445C01015,FY23,19.42,24.03,0.17,24.35,501.89,197.7,37.78
INE445C01015,FY24,7.83,10.71,0.07,21.77,460.9,226.51,75.49
INE445C01015,FY25,6.23,6.39,0.44,17.01,529.36,543.46,364.23
INE445C01015,FY26,2.53,3.39,0.43,8.31,500.31,701.32,312.3
INE0NG701011,FY23,22.63,24.24,0.74,,222.56,7.91,3.05
INE0NG701011,FY24,28.38,23.6,1.07,,232.94,14.51,6.09
INE0NG701011,FY25,31.15,34.21,0.41,,276.08,30.8,16.83
INE0NG701011,FY26,29.6,26.0,0.63,,365.29,73.35,25.26
INE616Z01012,FY23,28.52,18.56,1.36,59.54,668.07,290.39,123.36
INE616Z01012,FY24,19.66,10.25,1.96,50.83,587.93,655.06,461.19
INE616Z01012,FY25,1.45,6.63,1.38,5.32,663.9,613.36,1.45
INE616Z01012,FY26,5.69,8.23,1.25,20.95,807.24,630.49,10.04
INE0JO301016,FY23,35.95,24.22,1.46,7.66,520.29,259.76,0.94
INE0JO301016,FY24,13.09,17.34,0.1,14.46,670.55,413.71,31.52
INE0JO301016,FY25,8.13,11.09,0.01,14.72,885.62,746.55,246.15
INE0JO301016,FY26,9.85,11.25,0.15,,1207.17,1045.37,102.12
INE0JR601024,FY23,4.5,9.44,1.05,0.49,337.99,29.44,4.78
INE0JR601024,FY24,-0.6,2.23,0.11,-0.33,361.71,23.37,2.24
INE0JR601024,FY25,4.67,5.26,0.1,2.33,791.44,31.98,0.0
INE0JR601024,FY26,5.64,6.56,0.12,,1006.51,35.8,0.0
INE528G01035,FY23,1.81,,1.74,0.28,9369.72,2451.48,295.77
INE528G01035,FY24,3.05,,1.87,0.44,13978.28,2865.74,356.63
INE528G01035,FY25,5.11,,1.48,0.78,16829.96,3078.4,206.07
INE528G01035,FY26,6.86,,1.28,1.12,18436.96,3197.82,100.66
INE384C01016,FY23,4.8,8.14,0.6,7.97,371.17,182.91,16.9
INE384C01016,FY24,6.73,9.9,0.28,14.75,422.54,206.74,22.68
INE384C01016,FY25,8.18,10.5,0.33,18.94,457.36,256.6,12.78
INE384C01016,FY26,3.88,6.74,0.31,10.81,462.17,319.49,38.75
INE07K301024,FY23,46.98,20.92,2.9,1.88,553.46,24.16,2.14
INE07K301024,FY24,7.65,10.94,0.15,4.03,775.6,16.73,2.29
INE07K301024,FY25,7.04,9.94,0.02,6.96,1303.76,52.09,2.29
INE07K301024,FY26,9.83,13.06,0.04,,1907.65,45.45,0.0
INE256A01028,FY23,0.45,4.89,0.03,0.5,8087.9,735.3,23.8
INE256A01028,FY24,1.3,4.08,0.02,1.47,8637.2,650.4,10.6
INE256A01028,FY25,5.89,8.09,0.03,7.08,8294.1,552.0,15.1
INE256A01028,FY26,2.33,2.65,0.02,2.82,8098.9,500.6,3.5
INE520A01027,FY23,11.01,14.47,0.09,14.4,4848.2,326.2,0.0
INE520A01027,FY24,18.67,23.87,0.05,29.13,4901.9,229.3,5.5
INE520A01027,FY25,15.97,20.82,0.03,28.43,5280.6,190.1,1.7
INE520A01027,FY26,16.41,21.51,0.02,33.69,5687.4,174.6,2.8
INE251B01027,FY23,13.52,23.04,0.02,5.2,218.85,71.53,1.98
INE251B01027,FY24,28.51,41.04,0.01,15.34,439.85,96.63,10.12
INE251B01027,FY25,16.48,23.8,0.05,32.07,973.64,134.5,3.62
INE251B01027,FY26,10.24,16.0,0.01,21.52,687.69,169.24,15.97
INE342J01019,FY23,13.19,17.48,0.03,27.91,3416.2,664.17,88.94
INE342J01019,FY24,14.57,19.29,0.02,35.71,3784.43,753.5,94.24
INE342J01019,FY25,14.33,18.75,0.02,40.48,3793.69,796.35,73.78
INE342J01019,FY26,14.01,18.65,0.01,45.44,4090.9,803.48,83.04
INE518E01015,FY23,12.2,15.37,0.31,5.01,388.73,121.56,17.84
INE518E01015,FY24,7.22,8.43,0.47,3.54,355.51,180.45,23.52
INE518E01015,FY25,4.82,7.64,0.47,2.5,362.89,202.4,44.05
INE518E01015,FY26,1.97,4.8,0.43,,360.04,215.19,58.76
INE358U01012,FY23,-7.18,-1.76,0.56,-2.29,139.96,60.89,3.1
INE358U01012,FY24,-15.95,-6.46,1.06,-5.59,180.49,103.43,4.8
INE358U01012,FY25,-25.21,-12.9,0.62,-20.68,292.97,186.95,5.58
INE358U01012,FY26,-10.66,-6.48,0.39,,538.66,366.48,1.71
INE840M01016,FY23,30.14,23.24,1.33,113.33,4550.23,1853.92,25.48
INE840M01016,FY24,5.89,12.79,1.05,23.74,4592.1,1892.03,43.58
INE840M01016,FY25,8.88,18.32,0.39,39.17,4436.09,765.22,12.11
INE840M01016,FY26,44.03,47.62,0.31,218.7,3199.72,134.05,0.0
INE217A01012,FY23,12.94,11.93,1.1,104.3,954.18,555.41,49.06
INE217A01012,FY24,18.22,16.96,0.61,239.72,836.98,490.56,6.46
INE217A01012,FY25,-1.85,2.31,0.5,-31.3,970.33,477.69,7.81
INE217A01012,FY26,2.98,5.87,0.72,36.25,1044.82,481.4,5.93
INE010B01027,FY23,11.19,14.51,0.07,19.3,16877.8,6973.1,1276.6
INE010B01027,FY24,19.46,23.52,0.04,38.14,19021.5,7049.2,1245.9
INE010B01027,FY25,18.89,22.53,0.13,44.97,22573.8,7559.7,1517.7
INE010B01027,FY26,18.59,17.64,0.46,50.09,26719.7,10729.7,1499.0
INE768C01028,FY23,6.06,5.66,0.06,9.76,2242.6,283.4,13.0
INE768C01028,FY24,4.98,4.99,0.06,8.39,2315.2,256.4,9.7
INE768C01028,FY25,6.12,6.32,0.03,10.9,2691.2,305.5,15.1
INE768C01028,FY26,3.38,3.61,0.55,6.2,3940.0,338.4,23.1
