ISIN,Symbol,Name,Sector,IndustryGroup,MarketCap,CurrentPrice,NSECode,BSECode
INE002A01018,RELIANCE,Reliance Industries Ltd.,Refineries/Petro-Products,Oil & Gas,1789001.62,1322.0,RELIANCE,500325.0
INE397D01024,BHARTIARTL,Bharti Airtel Ltd.,Telecom Services,Telecom Services,1121215.04,1840.0,BHARTIARTL,532454.0
INE040A01034,HDFCBANK,HDFC Bank Ltd.,Banks,Banking and Finance,1097643.69,712.1,HDFCBANK,500180.0
INE090A01021,ICICIBANK,ICICI Bank Ltd.,Banks,Banking and Finance,1021462.56,1423.2,ICICIBANK,532174.0
INE062A01020,SBIN,State Bank of India,Banks,Banking and Finance,937923.05,1016.1,SBIN,500112.0
INE467B01029,TCS,Tata Consultancy Services Ltd.,IT Consulting & Software,Software & Services,833607.36,2304.0,TCS,532540.0
INE296A01032,BAJFINANCE,Bajaj Finance Ltd.,Finance (including NBFCs),Banking and Finance,660262.45,1060.5,BAJFINANCE,500034.0
INE018A01030,LT,Larsen & Toubro Ltd.,Construction & Engineering,Cement and Construction,557714.1,3964.1,LT,500510.0
INE0J1Y01017,LICI,Life Insurance Corporation of India,Life Insurance,Banking and Finance,525417.56,415.35,LICI,543526.0
INE030A01027,HINDUNILVR,Hindustan Unilever Ltd.,Personal Products,FMCG,463668.35,1973.4,HINDUNILVR,500696.0
INE009A01021,INFY,Infosys Ltd.,IT Consulting & Software,Software & Services,458580.27,1130.0,INFY,500209.0
INE044A01036,SUNPHARMA,Sun Pharmaceutical Industries Ltd.,Pharmaceuticals,Pharmaceuticals & Biotechnology,455633.72,1899.0,SUNPHARMA,524715.0
INE280A01028,TITAN,Titan Company Ltd.,Gems & Jewellery,Textiles Apparels & Accessories,445668.67,5020.0,TITAN,500114.0
INE237A01036,KOTAKBANK,Kotak Mahindra Bank Ltd.,Banks,Banking and Finance,422278.0,424.5,KOTAKBANK,500247.0
INE814H01029,ADANIPOWER,Adani Power Ltd.,Power - Electric Utilities,Utilities,399578.87,207.2,ADANIPOWER,533096.0
INE585B01010,MARUTI,Maruti Suzuki India Ltd.,Cars & Utility Vehicles,Automobiles & Auto Components,399102.66,12694.0,MARUTI,532500.0
INE423A01024,ADANIENT,Adani Enterprises Ltd.,Commodity Trading  & Distribution,Commercial Services & Supplies,397632.24,2938.0,ADANIENT,512599.0
INE238A01034,AXISBANK,Axis Bank Ltd.,Banks,Banking and Finance,396316.11,1273.0,AXISBANK,532215.0
INE101A01026,M&M,Mahindra & Mahindra Ltd.,Cars & Utility Vehicles,Automobiles & Auto Components,394198.63,3170.0,M&M,500520.0
INE742F01042,ADANIPORTS,Adani Ports & Special Economic Zone Ltd.,Marine Port & Services,Transportation,368800.51,1707.3,ADANIPORTS,532921.0
INE860A01027,HCLTECH,HCL Technologies Ltd.,IT Consulting & Software,Software & Services,350985.44,1293.4,HCLTECH,532281.0
INE481G01011,ULTRACEMCO,UltraTech Cement Ltd.,Cement & Cement Products,Cement and Construction,336170.03,11408.0,ULTRACEMCO,532538.0
INE917I01010,BAJAJ-AUTO,Bajaj Auto Ltd.,2/3 Wheelers,Automobiles & Auto Components,333133.43,11919.0,BAJAJ-AUTO,532977.0
INE154A01025,ITC,ITC Ltd.,Cigarettes-Tobacco Products,"Food, Beverages & Tobacco",330911.54,264.1,ITC,500875.0
INE066F01020,HAL,Hindustan Aeronautics Ltd.,Aerospace & Defence,General Industrials,324757.14,4856.0,HAL,541154.0
INE019A01038,JSWSTEEL,JSW Steel Ltd.,Iron & Steel/Interm.Products,Metals & Mining,324022.66,1325.0,JSWSTEEL,500228.0
INE733E01010,NTPC,NTPC Ltd.,Power - Electric Utilities,Utilities,322414.15,332.5,NTPC,532555.0
INE918I01026,BAJAJFINSV,Bajaj Finserv Ltd.,Holding Companies,Diversified,315308.35,1970.0,BAJAJFINSV,532978.0
INE758T01015,ETERNAL,Eternal Ltd.,Internet & Catalogue Retail,Retailing,311465.07,322.75,ETERNAL,543320.0
INE263A01024,BEL,Bharat Electronics Ltd.,Aerospace & Defence,General Industrials,296301.88,405.35,BEL,500049.0
INE213A01029,ONGC,Oil And Natural Gas Corporation Ltd.,Exploration & Production,Oil & Gas,295196.25,234.65,ONGC,500312.0
INE239A01024,NESTLEIND,Nestle India Ltd.,Packaged Foods,FMCG,271988.73,1410.5,NESTLEIND,500790.0
INE522F01014,COALINDIA,Coal India Ltd.,Coal & Mining,Metals & Mining,255968.92,415.35,COALINDIA,533278.0
INE267A01025,HINDZINC,Hindustan Zinc Ltd.,Other Non-Ferrous Metals,Metals & Mining,253941.67,601.0,HINDZINC,500188.0
INE752E01010,POWERGRID,Power Grid Corporation of India Ltd.,Power - Electric Utilities,Utilities,247396.06,266.0,POWERGRID,532898.0
INE192R01011,DMART,Avenue Supermarts Ltd.,Department Stores,Retailing,245896.74,3770.0,DMART,540376.0
INE721A01047,SHRIRAMFIN,Shriram Finance Ltd.,Finance (including NBFCs),Banking and Finance,244945.58,1041.0,SHRIRAMFIN,511218.0
INE021A01026,ASIANPAINT,Asian Paints Ltd.,Paints,Consumer Durables,242418.06,2527.3,ASIANPAINT,500820.0
INE361B01024,DIVISLAB,Divi's Laboratories Ltd.,Pharmaceuticals,Pharmaceuticals & Biotechnology,241576.43,9100.0,DIVISLAB,532488.0
INE081A01020,TATASTEEL,Tata Steel Ltd.,Iron & Steel/Interm.Products,Metals & Mining,235676.59,188.79,TATASTEEL,500470.0
INE038A01020,HINDALCO,Hindalco Industries Ltd.,Aluminium and Aluminium Products,Metals & Mining,227194.6,1011.0,HINDALCO,500440.0
INE047A01021,GRASIM,Grasim Industries Ltd.,Cement & Cement Products,Cement and Construction,226069.14,3322.0,GRASIM,500300.0
INE364U01010,ADANIGREEN,Adani Green Energy Ltd.,Green & Renewable Energy,Utilities,214347.04,1301.3,ADANIGREEN,541450.0
INE066A01021,EICHERMOT,Eicher Motors Ltd.,2/3 Wheelers,Automobiles & Auto Components,209470.12,7630.5,EICHERMOT,505200.0
INE494B01023,TVSMOTOR,TVS Motor Company Ltd.,2/3 Wheelers,Automobiles & Auto Components,196358.25,4133.1,TVSMOTOR,532343.0
INE242A01010,IOC,Indian Oil Corporation Ltd.,Oil Marketing & Distribution,Oil & Gas,194308.24,137.6,IOC,530965.0
INE343H01029,SOLARINDS,Solar Industries India Ltd.,Other Industrial Products,General Industrials,194056.02,21445.0,SOLARINDS,532725.0
INE646L01027,INDIGO,InterGlobe Aviation Ltd.,Airlines,Transportation,192443.97,4977.0,INDIGO,539448.0
INE685A01028,TORNTPHARM,Torrent Pharmaceuticals Ltd.,Pharmaceuticals,Pharmaceuticals & Biotechnology,184744.69,4857.0,TORNTPHARM,500420.0
INE0V6F01027,HYUNDAI,Hyundai Motor India Ltd.,Cars & Utility Vehicles,Automobiles & Auto Components,179165.31,2205.0,HYUNDAI,544274.0
INE123W01016,SBILIFE,SBI Life Insurance Company Ltd.,Life Insurance,Banking and Finance,178094.55,1775.0,SBILIFE,540719.0
INE075A01022,WIPRO,Wipro Ltd.,IT Consulting & Software,Software & Services,174718.4,176.4,WIPRO,507685.0
INE931S01010,ADANIENSOL,Adani Energy Solutions Ltd.,Power - Electric Utilities,Utilities,172387.67,1409.6,ADANIENSOL,539254.0
INE1CDF01017,VAML,Vedanta Aluminium Metal Ltd.,Aluminium and Aluminium Products,Metals & Mining,171177.24,437.75,VAML,544780.0
INE775A01035,MOTHERSON,Samvardhana Motherson International Ltd.,Auto Parts & Equipment,Automobiles & Auto Components,169609.89,160.7,MOTHERSON,517334.0
INE271C01023,DLF,DLF Ltd.,Realty,Realty,168791.5,681.9,DLF,532868.0
INE1TAE01010,TMCV,Tata Motors Ltd.,Commercial Vehicles,Automobiles & Auto Components,168741.33,458.2,TMCV,544569.0
INE318A01026,PIDILITIND,Pidilite Industries Ltd.,Specialty Chemicals,Chemicals & Petrochemicals,165863.5,1629.5,PIDILITIND,500331.0
INE669E01016,IDEA,Vodafone Idea Ltd.,Telecom Services,Telecom Services,162731.24,15.02,IDEA,532822.0
INE976I01016,TATACAP,Tata Capital Ltd.,Finance (including NBFCs),Banking and Finance,159203.81,375.05,TATACAP,544574.0
INE758E01017,JIOFIN,Jio Financial Services Ltd.,Finance (including NBFCs),Banking and Finance,158145.24,239.5,JIOFIN,543940.0
INE117A01022,ABB,ABB India Ltd.,Heavy Electrical Equipment,General Industrials,157024.12,7410.0,ABB,500002.0
INE669C01036,TECHM,Tech Mahindra Ltd.,IT Consulting & Software,Software & Services,156517.57,1596.9,TECHM,532755.0
INE121A01024,CHOLAFIN,Cholamandalam Investment & Finance Company Ltd.,Finance (including NBFCs),Banking and Finance,154997.71,1839.0,CHOLAFIN,511243.0
INE849A01020,TRENT,Trent Ltd.,Department Stores,Retailing,152131.18,2853.0,TRENT,500251.0
INE257A01026,BHEL,Bharat Heavy Electricals Ltd.,Heavy Electrical Equipment,General Industrials,150111.75,431.1,BHEL,500103.0
INE346A01027,ICICIAMC,ICICI Prudential Asset Management Company Ltd.,Asset Management Cos.,Banking and Finance,146839.26,2970.9,ICICIAMC,544658.0
INE692A01016,UNIONBANK,Union Bank of India,Banks,Banking and Finance,142916.36,187.22,UNIONBANK,532477.0
INE003A01024,SIEMENS,Siemens Ltd.,Heavy Electrical Equipment,General Industrials,141629.12,3977.0,SIEMENS,500550.0
INE07Y701011,POWERINDIA,Hitachi Energy India Ltd.,Heavy Electrical Equipment,General Industrials,141071.65,31650.0,POWERINDIA,543187.0
INE067A01029,CGPOWER,CG Power and Industrial Solutions Ltd.,Heavy Electrical Equipment,General Industrials,140372.6,891.0,CGPOWER,500093.0
INE298A01020,CUMMINSIND,Cummins India Ltd.,Industrial Machinery,General Industrials,139570.2,5035.0,CUMMINSIND,500480.0
INE118H01025,BSE,BSE Ltd.,Capital Markets,Banking and Finance,138481.9,3409.8,BSE,
INE323A01026,BOSCHLTD,Bosch Ltd.,Auto Parts & Equipment,Automobiles & Auto Components,138100.74,46820.0,BOSCHLTD,500530.0
INE200M01039,VBL,Varun Beverages Ltd.,Other Food & Beverages,"Food, Beverages & Tobacco",137869.27,407.6,VBL,540180.0
INE029A01011,BPCL,Bharat Petroleum Corporation Ltd.,Refineries/Petro-Products,Oil & Gas,136966.62,315.7,BPCL,500547.0
INE214T01019,LTM,LTM Ltd.,IT Consulting & Software,Software & Services,135081.34,4554.0,LTM,540005.0
INE160A01022,PNB,Punjab National Bank,Banks,Banking and Finance,134467.44,117.0,PNB,532461.0
INE455K01017,POLYCAB,Polycab India Ltd.,Wires & Cables,Consumer Durables,125074.03,8300.0,POLYCAB,542652.0
INE437A01024,APOLLOHOSP,Apollo Hospitals Enterprise Ltd.,Healthcare Facilities,Healthcare,124373.77,8650.0,APOLLOHOSP,508869.0
INE118A01012,BAJAJHLDNG,Bajaj Holdings & Investment Ltd.,Holding Companies,Diversified,124225.8,11162.0,BAJAJHLDNG,500490.0
INE028A01039,BANKBARODA,Bank of Baroda,Banks,Banking and Finance,123595.56,239.0,BANKBARODA,532134.0
INE216A01030,BRITANNIA,Britannia Industries Ltd.,Packaged Foods,FMCG,122878.96,5101.5,BRITANNIA,500825.0
INE670K01029,LODHA,Lodha Developers Ltd.,Realty,Realty,122105.08,1222.0,LODHA,543287.0
INE0HOQ01053,GROWW,Billionbrains Garage Ventures Ltd.,Capital Markets,Banking and Finance,121726.69,194.0,GROWW,544603.0
INE956O01016,LENSKART,Lenskart Solutions Ltd.,Other Apparels & Accessories,Textiles Apparels & Accessories,119084.97,684.9,LENSKART,544600.0
INE749A01030,JINDALSTEL,Jindal Steel Ltd.,Iron & Steel/Interm.Products,Metals & Mining,118840.26,1165.0,JINDALSTEL,532286.0
INE795G01014,HDFCLIFE,HDFC Life Insurance Company Ltd.,Life Insurance,Banking and Finance,118710.26,546.4,HDFCLIFE,540777.0
INE562A01011,INDIANB,Indian Bank,Banks,Banking and Finance,118492.42,879.7,INDIANB,532814.0
INE245A01021,TATAPOWER,Tata Power Company Ltd.,Power - Electric Utilities,Utilities,117588.49,368.0,TATAPOWER,500400.0
INE134E01011,PFC,Power Finance Corporation Ltd.,Financial Institutions,Banking and Finance,117351.62,355.6,PFC,532810.0
INE414G01012,MUTHOOTFIN,Muthoot Finance Ltd.,Finance (including NBFCs),Banking and Finance,116979.89,2913.8,MUTHOOTFIN,533398.0
INE155A01022,TMPV,Tata Motors Passenger Vehicles Ltd.,Cars & Utility Vehicles,Automobiles & Auto Components,114722.07,311.5,TMPV,500570.0
INE640G01020,SBIFUNDS,SBI Funds Management Ltd.,Asset Management Cos.,Banking and Finance,114490.08,562.1,SBIFUNDS,544829.0
INE129A01019,GAIL,GAIL (India) Ltd.,Utilities:Non-Electrical,Utilities,114012.23,173.4,GAIL,532155.0
INE476A01022,CANBK,Canara Bank,Banks,Banking and Finance,113836.67,125.5,CANBK,532483.0
INE010B01027,ZYDUSLIFE,Zydus Lifesciences Ltd.,Pharmaceuticals,Pharmaceuticals & Biotechnology,112698.21,1120.0,ZYDUSLIFE,532321.0
INE059A01026,CIPLA,Cipla Ltd.,Pharmaceuticals,Pharmaceuticals & Biotechnology,111888.39,1385.0,CIPLA,500087.0
INE324D01010,LGEINDIA,LG Electronics India Ltd.,Consumer Electronics,Consumer Durables,111366.19,1640.7,LGEINDIA,544576.0
INE1NPP01017,ENRIN,Siemens Energy India Ltd.,Green & Renewable Energy,Utilities,110956.46,3115.7,ENRIN,544390.0
INE674K01013,ABCAPITAL,Aditya Birla Capital Ltd.,Holding Companies,Diversified,110841.86,404.9,ABCAPITAL,540691.0
INE200A01026,GVT&D,GE Vernova T&D India Ltd.,Industrial Machinery,General Industrials,110261.3,4306.3,GVT&D,522275.0
INE053F01010,IRFC,Indian Railway Finance Corporation Ltd.,Financial Institutions,Banking and Finance,108991.34,83.4,IRFC,543257.0
INE854D01024,UNITDSPR,United Spirits Ltd.,Breweries & Distilleries,"Food, Beverages & Tobacco",107044.23,1471.7,UNITDSPR,532432.0
INE982J01020,PAYTM,One97 Communications Ltd.,Internet Software & Services,Software & Services,106474.81,1659.5,PAYTM,543396.0
INE205A01025,VEDL,Vedanta Ltd.,Aluminium and Aluminium Products,Metals & Mining,106401.66,272.1,VEDL,500295.0
INE158A01026,HEROMOTOCO,Hero MotoCorp Ltd.,2/3 Wheelers,Automobiles & Auto Components,106074.84,5300.0,HEROMOTOCO,500182.0
INE196A01026,MARICO,Marico Ltd.,Personal Products,FMCG,105838.08,815.15,MARICO,531642.0
INE127D01025,HDFCAMC,HDFC Asset Management Company Ltd.,Asset Management Cos.,Banking and Finance,105414.49,2458.3,HDFCAMC,541729.0
INE881D01027,OFSS,Oracle Financial Services Software Ltd.,IT Consulting & Software,Software & Services,105004.8,12058.0,OFSS,532466.0
INE776C01039,GMRAIRPORT,GMR Airports Ltd.,Construction & Engineering,Cement and Construction,102897.22,97.45,GMRAIRPORT,532754.0
INE281B01032,LLOYDSME,Lloyds Metals & Energy Ltd.,Coal & Mining,Metals & Mining,102617.95,1823.0,LLOYDSME,512455.0
INE053A01029,INDHOTEL,Indian Hotels Company Ltd.,Hotels,Hotels Restaurants & Tourism,102487.12,720.0,INDHOTEL,500850.0
INE079A01024,AMBUJACEM,Ambuja Cements Ltd.,Cement & Cement Products,Cement and Construction,100108.85,405.0,AMBUJACEM,500425.0
INE192A01025,TATACONSUM,Tata Consumer Products Ltd.,Tea & Coffee,"Food, Beverages & Tobacco",99958.69,1010.0,TATACONSUM,500800.0
INE249Z01020,MAZDOCK,Mazagon Dock Shipbuilders Ltd.,Aerospace & Defence,General Industrials,99836.55,2475.0,MAZDOCK,543237.0
INE947Q01028,LAURUSLABS,Laurus Labs Ltd.,Pharmaceuticals,Pharmaceuticals & Biotechnology,99417.44,1840.0,LAURUSLABS,540222.0
INE121J01017,INDUSTOWER,Indus Towers Ltd.,Other Telecom Services,Telecom Services,99405.97,376.8,INDUSTOWER,534816.0
INE208A01029,ASHOKLEY,Ashok Leyland Ltd.,Commercial Vehicles,Automobiles & Auto Components,99268.14,169.0,ASHOKLEY,500477.0
INE121E01018,JSWENERGY,JSW Energy Ltd.,Power - Electric Utilities,Utilities,98980.56,539.85,JSWENERGY,533148.0
INE008A01015,IDBI,IDBI Bank Ltd.,Banks,Banking and Finance,97449.02,90.63,IDBI,500116.0
INE0VDM01015,MEESHO,Meesho Ltd.,Internet & Catalogue Retail,Retailing,96659.75,209.0,MEESHO,544632.0
INE326A01037,LUPIN,Lupin Ltd.,Pharmaceuticals,Pharmaceuticals & Biotechnology,96483.1,2110.0,LUPIN,500257.0
INE634S01028,MANKIND,Mankind Pharma Ltd.,Pharmaceuticals,Pharmaceuticals & Biotechnology,96152.77,2327.9,MANKIND,543904.0
INE089A01031,DRREDDY,Dr. Reddy's Laboratories Ltd.,Pharmaceuticals,Pharmaceuticals & Biotechnology,96071.18,1151.0,DRREDDY,500124.0
INE406A01037,AUROPHARMA,Aurobindo Pharma Ltd.,Pharmaceuticals,Pharmaceuticals & Biotechnology,96012.31,1653.1,AUROPHARMA,524804.0
INE027H01010,MAXHEALTH,Max Healthcare Institute Ltd.,Healthcare Facilities,Healthcare,95848.27,984.8,MAXHEALTH,543220.0
INE459N01021,MANIPALHOS,Manipal Health Enterprises Ltd.,Healthcare Facilities,Healthcare,95391.15,725.2,MANIPALHOS,544847.0
INE388Y01029,NYKAA,FSN E-Commerce Ventures Ltd.,Internet & Catalogue Retail,Retailing,95231.79,332.5,NYKAA,543384.0
INE465A01025,BHARATFORG,Bharat Forge Ltd.,Castings & Forgings,General Industrials,93514.13,1956.0,BHARATFORG,500493.0
INE102D01028,GODREJCP,Godrej Consumer Products Ltd.,Personal Products,FMCG,89846.18,878.0,GODREJCP,532424.0
INE262H01021,PERSISTENT,Persistent Systems Ltd.,IT Consulting & Software,Software & Services,88256.52,5643.0,PERSISTENT,533179.0
INE591G01025,COFORGE,Coforge Ltd.,IT Consulting & Software,Software & Services,87379.36,1972.8,COFORGE,532541.0
INE935N01020,DIXON,Dixon Technologies (India) Ltd.,Consumer Electronics,Consumer Durables,87106.93,14240.0,DIXON,540699.0
INE070A01015,SHREECEM,Shree Cements Ltd.,Cement & Cement Products,Cement and Construction,86070.51,23855.0,SHREECEM,500387.0
INE663F01032,NAUKRI,Info Edge (India) Ltd.,Internet & Catalogue Retail,Retailing,85578.55,1319.8,NAUKRI,532777.0
INE417T01026,POLICYBZR,PB Fintech Ltd.,Internet Software & Services,Software & Services,84950.78,1836.0,POLICYBZR,543390.0
INE171A01029,FEDERALBNK,Federal Bank Ltd.,Banks,Banking and Finance,84792.0,343.0,FEDERALBNK,500469.0
INE020B01018,RECLTD,REC Ltd.,Financial Institutions,Banking and Finance,83920.85,318.7,RECLTD,532955.0
INE745G01043,MCX,Multi Commodity Exchange of India Ltd.,Capital Markets,Banking and Finance,83520.01,3275.4,MCX,534091.0
INE114A01011,SAIL,Steel Authority of India (SAIL) Ltd.,Iron & Steel/Interm.Products,Metals & Mining,81288.74,196.8,SAIL,500113.0
INE949L01017,AUBANK,Au Small Finance Bank Ltd.,Microfinance Institutions,Banking and Finance,79936.57,1065.0,AUBANK,540611.0
INE274J01014,OIL,Oil India Ltd.,Exploration & Production,Oil & Gas,79427.26,488.3,OIL,533106.0
INE498L01015,LTF,L&T Finance Ltd.,Finance (including NBFCs),Banking and Finance,78699.47,314.0,LTF,533519.0
INE095A01012,INDUSINDBK,IndusInd Bank Ltd.,Banks,Banking and Finance,78576.33,1008.5,INDUSINDBK,532187.0
INE880J01026,JSWINFRA,JSW Infrastructure Ltd.,Marine Port & Services,Transportation,77589.05,333.0,JSWINFRA,543994.0
INE848E01016,NHPC,NHPC Ltd.,Green & Renewable Energy,Utilities,76593.39,76.25,NHPC,533098.0
INE00H001014,SWIGGY,Swiggy Ltd.,Internet & Catalogue Retail,Retailing,76212.26,276.1,SWIGGY,544285.0
INE094A01015,HINDPETRO,Hindustan Petroleum Corporation Ltd.,Refineries/Petro-Products,Oil & Gas,75856.87,356.5,HINDPETRO,500104.0
INE377N01017,WAAREEENER,Waaree Energies Ltd.,Other Electrical Equipment/Products,Consumer Durables,75796.12,2635.0,WAAREEENER,544277.0
INE647A01010,SRF,SRF Ltd.,Specialty Chemicals,Chemicals & Petrochemicals,75499.4,2547.0,SRF,503806.0
INE765G01017,ICICIGI,ICICI Lombard General Insurance Company Ltd.,General Insurance,Banking and Finance,75440.02,1510.0,ICICIGI,540716.0
INE0ONG01011,NTPCGREEN,NTPC Green Energy Ltd.,Green & Renewable Energy,Utilities,75297.68,89.36,NTPCGREEN,544289.0
INE343G01021,BHARTIHEXA,Bharti Hexacom Ltd.,Other Telecom Services,Telecom Services,74770.0,1495.4,BHARTIHEXA,544162.0
INE092T01019,IDFCFIRSTB,IDFC First Bank Ltd.,Banks,Banking and Finance,74758.84,86.71,IDFCFIRSTB,539437.0
INE584A01023,NMDC,NMDC Ltd.,Coal & Mining,Metals & Mining,74466.7,84.7,NMDC,526371.0
INE298J01013,NAM-INDIA,Nippon Life India Asset Management Ltd.,Asset Management Cos.,Banking and Finance,74208.27,1159.9,NAM-INDIA,540767.0
INE372A01015,APARINDS,Apar Industries Ltd.,Other Electrical Equipment/Products,Consumer Durables,72945.73,17421.0,APARINDS,532259.0
INE176B01034,HAVELLS,Havells India Ltd.,Other Electrical Equipment/Products,Consumer Durables,72349.07,1154.0,HAVELLS,517354.0
INE405E01023,UNOMINDA,UNO Minda Ltd.,Auto Parts & Equipment,Automobiles & Auto Components,72166.08,1249.7,UNOMINDA,532539.0
INE726G01019,ICICIPRULI,ICICI Prudential Life Insurance Company Ltd.,Life Insurance,Banking and Finance,71759.03,494.55,ICICIPRULI,540133.0
INE528G01035,YESBANK,YES Bank Ltd.,Banks,Banking and Finance,70623.67,22.5,YESBANK,532648.0
INE211B01039,PHOENIXLTD,Phoenix Mills Ltd.,Realty,Realty,69461.05,1942.0,PHOENIXLTD,503100.0
INE377Y01014,BAJAJHFL,Bajaj Housing Finance Ltd.,Housing Finance,Banking and Finance,69225.04,83.08,BAJAJHFL,544252.0
INE935A01035,GLENMARK,Glenmark Pharmaceuticals Ltd.,Pharmaceuticals,Pharmaceuticals & Biotechnology,68783.8,2437.2,GLENMARK,532296.0
INE139A01034,NATIONALUM,National Aluminium Company Ltd.,Aluminium and Aluminium Products,Metals & Mining,68708.4,374.1,NATIONALUM,532234.0
INE914M01019,ASTERDM,Aster DM Quality Care Ltd.,Healthcare Facilities,Healthcare,68491.66,785.75,ASTERDM,540975.0
INE811K01011,PRESTIGE,Prestige Estates Projects Ltd.,Realty,Realty,68356.88,1587.0,PRESTIGE,533274.0
INE191B01025,WELCORP,Welspun Corp Ltd.,Iron & Steel Products,Metals & Mining,68337.59,2590.6,WELCORP,532144.0
INE061F01013,FORTIS,Fortis Healthcare Ltd.,Healthcare Facilities,Healthcare,68323.71,905.0,FORTIS,532843.0
INE093I01010,OBEROIRLTY,Oberoi Realty Ltd.,Realty,Realty,68197.23,1875.6,OBEROIRLTY,533273.0
INE016A01026,DABUR,Dabur India Ltd.,Personal Products,FMCG,67570.02,380.9,DABUR,500096.0
INE399L01023,ATGL,Adani Total Gas Ltd.,Utilities:Non-Electrical,Utilities,67346.87,612.35,ATGL,542066.0
INE457A01014,MAHABANK,Bank of Maharashtra,Banks,Banking and Finance,66108.92,85.95,MAHABANK,532525.0
INE084A01016,BANKINDIA,Bank of India,Banks,Banking and Finance,66013.68,145.0,BANKINDIA,532149.0
INE813H01021,TORNTPOWER,Torrent Power Ltd.,Power - Electric Utilities,Utilities,65462.1,1299.1,TORNTPOWER,532779.0
INE376G01013,BIOCON,Biocon Ltd.,Biotechnology,Pharmaceuticals & Biotechnology,64764.04,397.4,BIOCON,532523.0
INE565A01014,IOB,Indian Overseas Bank,Banks,Banking and Finance,64605.86,33.55,IOB,532388.0
INE976G01028,RBLBANK,RBL Bank Ltd.,Banks,Banking and Finance,64263.17,414.35,RBLBANK,540065.0
INE481Y01014,GICRE,General Insurance Corporation of India,General Insurance,Banking and Finance,62886.47,358.45,GICRE,540755.0
INE0LEZ01016,ATHERENERG,Ather Energy Ltd.,2/3 Wheelers,Automobiles & Auto Components,62822.04,1584.0,ATHERENERG,544397.0
INE018E01016,SBICARD,SBI Cards and Payment Services Ltd.,Finance (including NBFCs),Banking and Finance,62641.91,658.25,SBICARD,543066.0
INE702C01027,APLAPOLLO,APL Apollo Tubes Ltd.,Iron & Steel Products,Metals & Mining,62473.14,2250.0,APLAPOLLO,533758.0
INE338I01027,MOTILALOFS,Motilal Oswal Financial Services Ltd.,Capital Markets,Banking and Finance,62460.92,1037.0,MOTILALOFS,532892.0
INE040H01021,SUZLON,Suzlon Energy Ltd.,Heavy Electrical Equipment,General Industrials,62336.46,45.35,SUZLON,532667.0
INE540L01014,ALKEM,Alkem Laboratories Ltd.,Pharmaceuticals,Pharmaceuticals & Biotechnology,62054.24,5190.0,ALKEM,539523.0
INE303R01014,KALYANKJIL,Kalyan Jewellers India Ltd.,Gems & Jewellery,Textiles Apparels & Accessories,61841.13,598.8,KALYANKJIL,543278.0
INE513A01022,SCHAEFFLER,Schaeffler India Ltd.,Abrasives & Bearings,General Industrials,61840.0,3956.4,SCHAEFFLER,505790.0
INE220G01021,JSL,Jindal Stainless Ltd.,Iron & Steel/Interm.Products,Metals & Mining,60829.8,737.85,JSL,532508.0
INE944F01028,RADICO,Radico Khaitan Ltd.,Breweries & Distilleries,"Food, Beverages & Tobacco",60211.69,4494.0,RADICO,532497.0
INE484J01027,GODREJPROP,Godrej Properties Ltd.,Realty,Realty,59703.09,1982.0,GODREJPROP,533150.0
INE169A01031,COROMANDEL,Coromandel International Ltd.,Fertilizers,Fertilizers,57206.41,1938.8,COROMANDEL,506395.0
INE756I01012,HDBFS,HDB Financial Services Ltd.,Finance (including NBFCs),Banking and Finance,56716.32,682.7,HDBFS,544429.0
INE463A01038,BERGEPAINT,Berger Paints (India) Ltd.,Paints,Consumer Durables,56580.87,485.3,BERGEPAINT,509480.0
INE358A01014,ABBOTINDIA,Abbott India Ltd.,Pharmaceuticals,Pharmaceuticals & Biotechnology,55386.3,26065.0,ABBOTINDIA,500488.0
INE883A01011,MRF,MRF Ltd.,Auto Tyres & Rubber Products,Automobiles & Auto Components,55110.97,129945.0,MRF,500290.0
INE473A01011,LINDEINDIA,Linde India Ltd.,Industrial Gases,General Industrials,54121.35,6346.0,LINDEINDIA,523457.0
INE180A01020,MFSL,Max Financial Services Ltd.,Life Insurance,Banking and Finance,53437.58,1548.4,MFSL,500271.0
INE202B01038,PIRAMALFIN,Piramal Finance Ltd.,Finance (including NBFCs),Banking and Finance,52650.24,2225.0,PIRAMALFIN,544597.0
INE0CZ201020,ANTHEM,Anthem Biosciences Ltd.,Pharmaceuticals,Pharmaceuticals & Biotechnology,52605.24,934.05,ANTHEM,544449.0
INE974X01010,TIINDIA,Tube Investments of India Ltd.,Auto Parts & Equipment,Automobiles & Auto Components,52225.81,2698.0,TIINDIA,540762.0
INE774D01024,M&MFIN,Mahindra & Mahindra Financial Services Ltd.,Finance (including NBFCs),Banking and Finance,51936.27,373.65,M&MFIN,532720.0
INE188A01015,FACT,The Fertilisers and Chemicals Travancore Ltd.,Fertilizers,Fertilizers,51856.35,801.4,FACT,590024.0
INE660A01013,SUNDARMFIN,Sundaram Finance Ltd.,Finance (including NBFCs),Banking and Finance,51648.87,4648.7,SUNDARMFIN,590071.0
INE531E01026,HINDCOPPER,Hindustan Copper Ltd.,Copper,Metals & Mining,50444.81,521.65,HINDCOPPER,513599.0
INE159A01016,GLAXO,GlaxoSmithKline Pharmaceuticals Ltd.,Pharmaceuticals,Pharmaceuticals & Biotechnology,50111.99,2958.1,GLAXO,500660.0
INE151A01013,TATACOMM,Tata Communications Ltd.,Other Telecom Services,Telecom Services,50063.88,1756.1,TATACOMM,500483.0
INE09N301011,FLUOROCHEM,Gujarat Fluorochemicals Ltd.,Specialty Chemicals,Chemicals & Petrochemicals,50025.69,4554.0,FLUOROCHEM,542812.0
INE571A01038,IPCALAB,Ipca Laboratories Ltd.,Pharmaceuticals,Pharmaceuticals & Biotechnology,49860.49,1965.3,IPCALAB,524494.0
INE259A01022,COLPAL,Colgate-Palmolive (India) Ltd.,Personal Products,FMCG,49751.61,1829.2,COLPAL,500830.0
INE01EA01019,VMM,Vishal Mega Mart Ltd.,Department Stores,Retailing,49724.56,106.14,VMM,544307.0
INE073K01018,SONACOMS,Sona BLW Precision Forgings Ltd.,Auto Parts & Equipment,Automobiles & Auto Components,49243.73,789.0,SONACOMS,543300.0
INE628A01036,UPL,UPL Ltd.,Agrochemicals,Chemicals & Petrochemicals,49143.32,582.15,UPL,512070.0
INE068V01023,GLAND,Gland Pharma Ltd.,Pharmaceuticals,Pharmaceuticals & Biotechnology,48374.84,2932.4,GLAND,543245.0
INE084101034,INDOMIM,Indo-MIM Ltd.,Castings & Forgings,General Industrials,48038.82,971.5,INDOMIM,544837.0
INE878B01027,KEI,KEI Industries Ltd.,Wires & Cables,Consumer Durables,46366.29,4850.0,KEI,517569.0
INE466L01038,360ONE,360 One Wam Ltd.,Capital Markets,Banking and Finance,46340.08,1137.0,360ONE,542772.0
INE356A01018,MPHASIS,Mphasis Ltd.,IT Consulting & Software,Software & Services,46036.6,2422.0,MPHASIS,526299.0
INE171Z01026,BDL,Bharat Dynamics Ltd.,Aerospace & Defence,General Industrials,46003.59,1255.0,BDL,541143.0
INE0BS701011,PREMIERENE,Premier Energies Ltd.,Other Electrical Equipment/Products,Consumer Durables,45485.94,1002.0,PREMIERENE,544238.0
INE208C01025,AEGISLOG,Aegis Logistics Ltd.,Oil Marketing & Distribution,Oil & Gas,44584.02,1270.2,AEGISLOG,500003.0
INE415G01027,RVNL,Rail Vikas Nigam Ltd.,Construction & Engineering,Cement and Construction,44304.59,212.49,RVNL,542649.0
INE787D01026,BALKRISIND,Balkrishna Industries Ltd.,Auto Tyres & Rubber Products,Automobiles & Auto Components,44165.25,2284.6,BALKRISIND,502355.0
INE206F01022,AIIL,Authum Investment & Infrastructure Ltd.,Finance (including NBFCs),Banking and Finance,44151.23,519.9,AIIL,539177.0
INE195A01028,SUPREMEIND,Supreme Industries Ltd.,Plastic Products,General Industrials,44141.85,3475.0,SUPREMEIND,509930.0
INE048G01026,NAVINFLUOR,Navin Fluorine International Ltd.,Commodity Chemicals,Chemicals & Petrochemicals,43903.48,8557.5,NAVINFLUOR,532504.0
INE819V01029,CPPLUS,Aditya Infotech Ltd.,IT Networking Equipment,Hardware Technology & Equipment,43825.57,3704.6,CPPLUS,544466.0
INE152A01029,THERMAX,Thermax Ltd.,Heavy Electrical Equipment,General Industrials,43344.3,3637.6,THERMAX,500411.0
INE031B01049,AJANTPHARM,Ajanta Pharma Ltd.,Pharmaceuticals,Pharmaceuticals & Biotechnology,43295.79,3464.8,AJANTPHARM,532331.0
INE347G01014,PETRONET,Petronet LNG Ltd.,Oil Marketing & Distribution,Oil & Gas,43215.0,288.1,PETRONET,532522.0
INE511C01022,POONAWALLA,Poonawalla Fincorp Ltd.,Finance (including NBFCs),Banking and Finance,41250.57,468.45,POONAWALLA,524000.0
INE930H01031,KPRMILL,KPR Mill Ltd.,Textiles,Textiles Apparels & Accessories,40549.39,1186.3,KPRMILL,532889.0
INE761H01022,PAGEIND,Page Industries Ltd.,Other Apparels & Accessories,Textiles Apparels & Accessories,40488.66,36300.0,PAGEIND,532827.0
INE006I01046,ASTRAL,Astral Ltd.,Plastic Products,General Industrials,40106.79,1492.9,ASTRAL,532830.0
INE474Q01031,MEDANTA,Global Health Ltd.,Healthcare Facilities,Healthcare,39518.78,1469.8,MEDANTA,543654.0
INE212H01026,AIAENG,AIA Engineering Ltd.,Castings & Forgings,General Industrials,39485.73,4231.2,AIAENG,532683.0
INE704P01025,COCHINSHIP,Cochin Shipyard Ltd.,Marine Port & Services,Transportation,39438.44,1499.1,COCHINSHIP,540678.0
INE823G01014,JKCEMENT,JK Cement Ltd.,Cement & Cement Products,Cement and Construction,39279.34,5083.5,JKCEMENT,532644.0
INE233A01035,GODREJIND,Godrej Industries Ltd.,Diversified,Diversified,39192.63,1163.5,GODREJIND,500164.0
INE913H01037,ENDURANCE,Endurance Technologies Ltd.,Auto Parts & Equipment,Automobiles & Auto Components,39143.64,2782.8,ENDURANCE,540153.0
INE226A01021,VOLTAS,Voltas Ltd.,Consumer Electronics,Consumer Durables,38713.51,1170.0,VOLTAS,500575.0
INE111A01025,CONCOR,Container Corporation of India Ltd.,Warehousing & Logistics,Transportation,38690.19,508.0,CONCOR,531344.0
INE089C01029,STLTECH,Sterlite Technologies Ltd.,Telecom Cables,Telecommunications Equipment,38486.81,748.9,STLTECH,532374.0
INE335Y01020,IRCTC,Indian Railway Catering & Tourism Corporation Ltd.,Travel Support Services,Diversified Consumer Services,38084.0,476.05,IRCTC,542830.0
INE509F01029,CUPID,Cupid Ltd.,Personal Products,FMCG,38074.07,283.15,CUPID,530843.0
INE410P01011,NH,Narayana Hrudayalaya Ltd.,Healthcare Facilities,Healthcare,37980.45,1858.5,NH,539551.0
INE470Y01017,NIACL,The New India Assurance Company Ltd.,General Insurance,Banking and Finance,37889.17,229.91,NIACL,540769.0
INE589A01014,NLCINDIA,NLC India Ltd.,Power - Electric Utilities,Utilities,37862.11,273.05,NLCINDIA,513683.0
INE603J01030,PIIND,PI Industries Ltd.,Agrochemicals,Chemicals & Petrochemicals,37398.51,2465.0,PIIND,523642.0
INE619A01035,PATANJALI,Patanjali Foods Ltd.,Edible Oils,FMCG,37267.72,342.5,PATANJALI,500368.0
INE010V01017,LTTS,L&T Technology Services Ltd.,IT Consulting & Software,Software & Services,37056.05,3493.3,LTTS,540115.0
INE470A01017,3MINDIA,3M India Ltd.,Industrial Machinery,General Industrials,37000.22,32845.0,3MINDIA,523395.0
INE463V01026,ANANDRATHI,Anand Rathi Wealth Ltd.,Capital Markets,Banking and Finance,36793.09,2215.9,ANANDRATHI,543415.0
INE0LP301011,PWL,Physicswallah Ltd.,Education,Diversified Consumer Services,36673.01,126.42,PWL,544609.0
INE168P01015,EMCURE,Emcure Pharmaceuticals Ltd.,Pharmaceuticals,Pharmaceuticals & Biotechnology,36566.42,1927.6,EMCURE,544210.0
INE031A01017,HUDCO,Housing and Urban Development Corporation Ltd.,Financial Institutions,Banking and Finance,36138.3,180.52,HUDCO,540530.0
INE302A01020,EXIDEIND,Exide Industries Ltd.,Auto Parts & Equipment,Automobiles & Auto Components,36069.75,424.35,EXIDEIND,500086.0
INE596F01018,PTCIL,PTC Industries Ltd.,Other Industrial Products,General Industrials,35727.13,23830.0,PTCIL,539006.0
INE548A01028,HFCL,HFCL Ltd.,Telecom Cables,Telecommunications Equipment,35424.26,231.44,HFCL,500183.0
INE007A01025,CRISIL,Crisil Ltd.,Other Financial Services,Banking and Finance,35117.03,4802.0,CRISIL,500092.0
INE148O01028,DELHIVERY,Delhivery Ltd.,Warehousing & Logistics,Transportation,34304.35,457.9,DELHIVERY,543529.0
INE049B01025,WOCKPHARMA,Wockhardt Ltd.,Pharmaceuticals,Pharmaceuticals & Biotechnology,33939.75,2088.7,WOCKPHARMA,532300.0
INE019C01026,HSCL,Himadri Speciality Chemical Ltd.,Specialty Chemicals,Chemicals & Petrochemicals,33859.45,671.05,HSCL,500184.0
INE686F01025,UBL,United Breweries Ltd.,Breweries & Distilleries,"Food, Beverages & Tobacco",33827.99,1279.4,UBL,532478.0
INE036D01028,KARURVYSYA,Karur Vysya Bank Ltd.,Banks,Banking and Finance,33723.01,348.85,KARURVYSYA,590003.0
INE570L01029,SAILIFE,Sai Life Science Ltd.,Pharmaceuticals,Pharmaceuticals & Biotechnology,33649.61,1584.3,SAILIFE,544306.0
INE379A01028,ITCHOTELS,ITC Hotels Ltd.,Hotels,Hotels Restaurants & Tourism,33584.3,161.23,ITCHOTELS,544325.0
INE531F01023,NUVAMA,Nuvama Wealth Management Ltd.,Capital Markets,Banking and Finance,33446.66,1815.6,NUVAMA,543988.0
INE042A01014,ESCORTS,Escorts Kubota Ltd.,Commercial Vehicles,Automobiles & Auto Components,33214.28,2968.8,ESCORTS,500495.0
INE01NH01023,DHOOTTRANS,Dhoot Transmission Ltd.,Auto Parts & Equipment,Automobiles & Auto Components,33048.84,1615.7,DHOOTTRANS,544867.0
INE00R701025,DALBHARAT,Dalmia Bharat Ltd.,Cement & Cement Products,Cement and Construction,32810.92,1749.3,DALBHARAT,542216.0
INE575P01011,STARHEALTH,Star Health and Allied Insurance Company Ltd.,General Insurance,Banking and Finance,32754.31,557.35,STARHEALTH,543412.0
INE142M01025,TATATECH,Tata Technologies Ltd.,IT Software Products,Software & Services,32484.14,800.0,TATATECH,544028.0
INE093A01041,HEXT,Hexaware Technologies Ltd.,IT Consulting & Software,Software & Services,32192.11,528.6,HEXT,544362.0
INE967H01025,KIMS,Krishna Institute of Medical Sciences Ltd.,Healthcare Facilities,Healthcare,32092.7,764.1,KIMS,543308.0
INE672A01026,TATAINVEST,Tata Investment Corporation Ltd.,Holding Companies,Diversified,32062.24,633.7,TATAINVEST,501301.0
INE146L01010,KIRLOSENG,Kirloskar Oil Engines Ltd.,Industrial Machinery,General Industrials,32042.03,2201.9,KIRLOSENG,533293.0
INE260B01028,GODFRYPHLP,Godfrey Phillips India Ltd.,Cigarettes-Tobacco Products,"Food, Beverages & Tobacco",31991.87,2051.0,GODFRYPHLP,500163.0
INE202E01016,IREDA,Indian Renewable Energy Development Agency Ltd.,Financial Institutions,Banking and Finance,31924.1,113.64,IREDA,544026.0
INE797F01020,JUBLFOOD,Jubilant Foodworks Ltd.,Restaurants,Hotels Restaurants & Tourism,31850.73,482.7,JUBLFOOD,533155.0
INE671A01010,HONAUT,Honeywell Automation India Ltd.,Other Electrical Equipment/Products,Consumer Durables,31524.37,35655.0,HONAUT,517174.0
INE0INX01018,AEGISVOPAK,Aegis Vopak Terminals Ltd.,Marine Port & Services,Transportation,31522.36,284.5,AEGISVOPAK,544407.0
INE600L01024,LALPATHLAB,Dr. Lal Pathlabs Ltd.,Healthcare Services,Healthcare,31513.61,1877.5,LALPATHLAB,539524.0
INE691A01018,UCOBANK,UCO Bank,Banks,Banking and Finance,31073.03,24.78,UCOBANK,532505.0
INE115A01026,LICHSGFIN,LIC Housing Finance Ltd.,Housing Finance,Banking and Finance,30916.29,562.05,LICHSGFIN,500253.0
INE0NT901020,NETWEB,Netweb Technologies India Ltd.,IT Consulting & Software,Software & Services,30870.26,5193.0,NETWEB,543945.0
INE404A01024,ABSLAMC,Aditya Birla Sun Life AMC Ltd.,Asset Management Cos.,Banking and Finance,30728.48,1062.3,ABSLAMC,543374.0
INE103A01014,MRPL,Mangalore Refinery And Petrochemicals Ltd.,Refineries/Petro-Products,Oil & Gas,30640.68,174.83,MRPL,500109.0
INE472A01039,BLUESTARCO,Blue Star Ltd.,Consumer Electronics,Consumer Durables,30513.24,1484.0,BLUESTARCO,500067.0
INE572E01012,PNBHOUSING,PNB Housing Finance Ltd.,Housing Finance,Banking and Finance,30409.73,1166.0,PNBHOUSING,540173.0
INE115Q01022,IKS,Inventurus Knowledge Solutions Ltd.,Healthcare Services,Healthcare,30195.17,1759.9,IKS,544309.0
INE00LO01017,CRAFTSMAN,Craftsman Automation Ltd.,Auto Parts & Equipment,Automobiles & Auto Components,29810.79,11398.0,CRAFTSMAN,543276.0
INE810G01011,SHYAMMETL,Shyam Metalics and Energy Ltd.,Iron & Steel/Interm.Products,Metals & Mining,29735.92,1065.3,SHYAMMETL,543299.0
INE622W01025,ACMESOLAR,ACME Solar Holdings Ltd.,Green & Renewable Energy,Utilities,29547.35,418.0,ACMESOLAR,544283.0
INE839M01018,SCHNEIDER,Schneider Electric Infrastructure Ltd.,Heavy Electrical Equipment,General Industrials,29467.18,1232.4,SCHNEIDER,534139.0
INE506V01022,RUBICON,Rubicon Research Ltd.,Pharmaceuticals,Pharmaceuticals & Biotechnology,29271.01,1768.3,RUBICON,544578.0
INE736A01011,CDSL,Central Depository Services (India) Ltd.,Other Financial Services,Banking and Finance,29147.14,1394.6,CDSL,
INE794A01010,NEULANDLAB,Neuland Laboratories Ltd.,Pharmaceuticals,Pharmaceuticals & Biotechnology,29072.55,22660.0,NEULANDLAB,524558.0
INE342J01019,ZFCVINDIA,ZF Commercial Vehicle Control Systems India Ltd.,Auto Parts & Equipment,Automobiles & Auto Components,29042.03,2551.9,ZFCVINDIA,533023.0
INE891D01026,REDINGTON,Redington Ltd.,Commodity Trading  & Distribution,Commercial Services & Supplies,29027.28,371.3,REDINGTON,532805.0
INE382Z01011,GRSE,Garden Reach Shipbuilders & Engineers Ltd.,Aerospace & Defence,General Industrials,29018.31,2533.2,GRSE,542011.0
INE522D01027,MANAPPURAM,Manappuram Finance Ltd.,Finance (including NBFCs),Banking and Finance,28753.39,339.7,MANAPPURAM,531213.0
INE149A01033,CHOLAHLDNG,Cholamandalam Financial Holdings Ltd.,Holding Companies,Diversified,28649.21,1525.7,CHOLAHLDNG,504973.0
INE0DK501011,PPLPHARMA,Piramal Pharma Ltd.,Pharmaceuticals,Pharmaceuticals & Biotechnology,28520.14,214.22,PPLPHARMA,543635.0
INE483A01010,CENTRALBK,Central Bank of India,Banks,Banking and Finance,28131.76,31.08,CENTRALBK,532885.0
INE0DYJ01015,SYRMA,Syrma SGS Technology Ltd.,Other Electrical Equipment/Products,Consumer Durables,28047.81,1457.3,SYRMA,543573.0
INE0CAZ01013,URBANCO,Urban Company Ltd.,Special Consumer Services,Diversified Consumer Services,27927.35,181.09,URBANCO,544515.0
INE777K01022,RRKABEL,R R Kabel Ltd.,Wires & Cables,Consumer Durables,27757.22,2454.1,RRKABEL,543981.0
INE530B01024,IIFL,IIFL Finance Ltd.,Other Financial Services,Banking and Finance,27698.68,651.15,IIFL,532636.0
INE732I01021,ANGELONE,Angel One Ltd.,Capital Markets,Banking and Finance,27402.81,299.8,ANGELONE,543235.0
INE039A01010,IFCI,IFCI Ltd.,Financial Institutions,Banking and Finance,27314.96,101.38,IFCI,500106.0
INE438A01022,APOLLOTYRE,Apollo Tyres Ltd.,Auto Tyres & Rubber Products,Automobiles & Auto Components,27280.76,429.55,APOLLOTYRE,500877.0
INE105A01035,TVSHLTD,TVS Holdings Ltd.,Auto Parts & Equipment,Automobiles & Auto Components,27058.41,13374.0,TVSHLTD,520056.0
INE180C01042,CGCL,Capri Global Capital Ltd.,Finance (including NBFCs),Banking and Finance,26930.69,279.9,CGCL,531595.0
INE545U01014,BANDHANBNK,Bandhan Bank Ltd.,Banks,Banking and Finance,26575.29,164.95,BANDHANBNK,541153.0
INE371P01015,AMBER,Amber Enterprises India Ltd.,Consumer Electronics,Consumer Durables,26359.15,7474.0,AMBER,540902.0
INE248A01017,ITI,ITI Ltd.,Telecom Equipment,Telecommunications Equipment,26184.17,272.5,ITI,523610.0
INE473B01035,HATSUN,Hatsun Agro Products Ltd.,Packaged Foods,FMCG,26034.88,1168.8,HATSUN,531531.0
INE00FF01025,ACUTAAS,Acutaas Chemicals Ltd.,Pharmaceuticals,Pharmaceuticals & Biotechnology,25940.86,3168.5,ACUTAAS,543349.0
INE0IX101010,DATAPATTNS,Data Patterns (India) Ltd.,Aerospace & Defence,General Industrials,25668.66,4585.0,DATAPATTNS,543428.0
INE002L01015,SJVN,SJVN Ltd.,Green & Renewable Energy,Utilities,25634.05,65.23,SJVN,533206.0
INE387A01021,SUNDRMFAST,Sundram Fasteners Ltd.,Auto Parts & Equipment,Automobiles & Auto Components,25473.87,1212.3,SUNDRMFAST,500403.0
INE317I01021,METROBRAND,Metro Brands Ltd.,Footwear,Retailing,25327.95,929.15,METROBRAND,543426.0
INE179A01014,PGHH,Procter & Gamble Hygiene & Healthcare Ltd.,Personal Products,FMCG,24889.24,7667.5,PGHH,500459.0
INE844O01030,GUJENERGY,Gujarat Energy Ltd.,Utilities:Non-Electrical,Utilities,24730.83,263.59,GUJENERGY,539336.0
INE258G01013,SUMICHEM,Sumitomo Chemical India Ltd.,Agrochemicals,Chemicals & Petrochemicals,24627.85,493.4,SUMICHEM,542920.0
INE439A01020,ASAHIINDIA,Asahi India Glass Ltd.,Auto Parts & Equipment,Automobiles & Auto Components,24368.49,955.9,ASAHIINDIA,515030.0
INE699H01024,AWL,AWL Agri Business Ltd.,Edible Oils,FMCG,24341.68,187.29,AWL,543458.0
INE0FS801015,MSUMI,Motherson Sumi Wiring India Ltd.,Auto Parts & Equipment,Automobiles & Auto Components,24218.83,36.52,MSUMI,543498.0
INE918Z01012,KAYNES,Kaynes Technology India Ltd.,Other Electrical Equipment/Products,Consumer Durables,24119.09,3598.0,KAYNES,543664.0
INE012A01025,ACC,ACC Ltd.,Cement & Cement Products,Cement and Construction,24108.13,1283.8,ACC,500410.0
INE220B01022,KPIL,Kalpataru Projects International Ltd.,Construction & Engineering,Cement and Construction,24020.86,1406.6,KPIL,522287.0
INE524A01029,GABRIEL,Gabriel India Ltd.,Auto Parts & Equipment,Automobiles & Auto Components,23982.76,1353.2,GABRIEL,505714.0
INE367G01038,PFOCUS,Prime Focus Ltd.,Movies & Entertainment,Media,23908.36,307.0,PFOCUS,532748.0
INE322A01010,GILLETTE,Gillette India Ltd.,Personal Products,FMCG,23827.93,7312.5,GILLETTE,507815.0
INE03JT01014,GODIGIT,Go Digit General Insurance Ltd.,General Insurance,Banking and Finance,23821.58,258.3,GODIGIT,544179.0
INE821I01022,IRB,IRB Infrastructure Developers Ltd.,Roads & Highways,Cement and Construction,23733.27,19.65,IRB,532947.0
INE953O01021,SANSERA,Sansera Engineering Ltd.,Auto Parts & Equipment,Automobiles & Auto Components,23604.79,3782.6,SANSERA,543358.0
INE325A01013,TIMKEN,Timken India Ltd.,Abrasives & Bearings,General Industrials,23508.1,3125.3,TIMKEN,522113.0
INE491A01021,CUB,City Union Bank Ltd.,Banks,Banking and Finance,23383.57,236.01,CUB,532210.0
INE095N01031,NBCC,NBCC (India) Ltd.,Construction & Engineering,Cement and Construction,23382.0,86.6,NBCC,534309.0
INE288B01029,DEEPAKNTR,Deepak Nitrite Ltd.,Commodity Chemicals,Chemicals & Petrochemicals,23355.94,1712.4,DEEPAKNTR,506401.0
INE880L01014,KIOCL,KIOCL Ltd.,Iron & Steel/Interm.Products,Metals & Mining,23222.17,382.1,KIOCL,540680.0
INE741K01010,CREDITACC,CreditAccess Grameen Ltd.,Microfinance Institutions,Banking and Finance,23155.17,1443.1,CREDITACC,541770.0
INE419M01035,TDPOWERSYS,TD Power Systems Ltd.,Heavy Electrical Equipment,General Industrials,23124.94,740.1,TDPOWERSYS,533553.0
INE451A01017,FORCEMOT,Force Motors Ltd.,Cars & Utility Vehicles,Automobiles & Auto Components,23058.52,17500.0,FORCEMOT,500033.0
INE894V01022,BELRISE,Belrise Industries Ltd.,Auto Parts & Equipment,Automobiles & Auto Components,22907.96,236.86,BELRISE,544405.0
INE980O01024,JYOTICNC,Jyoti CNC Automation Ltd.,Industrial Machinery,General Industrials,22831.01,1003.9,JYOTICNC,544081.0
INE00WC01027,AFFLE,Affle 3I Ltd.,Internet Software & Services,Software & Services,22778.8,1616.5,AFFLE,542752.0
INE791I01019,BRIGADE,Brigade Enterprises Ltd.,Realty,Realty,22710.91,696.1,BRIGADE,532929.0
INE1C6T01020,EMMVEE,Emmvee Photovoltaic Power Ltd.,Other Electrical Equipment/Products,Consumer Durables,22515.06,325.2,EMMVEE,544608.0
INE242C01024,ANANTRAJ,Anant Raj Ltd.,Realty,Realty,22508.5,625.45,ANANTRAJ,515055.0
INE686A01026,CEMPRO,Cemindia Projects Ltd.,Construction & Engineering,Cement and Construction,22287.72,1297.4,CEMPRO,509496.0
INE670A01012,TATAELXSI,Tata Elxsi Ltd.,IT Consulting & Software,Software & Services,22168.37,3558.0,TATAELXSI,500408.0
INE203G01027,IGL,Indraprastha Gas Ltd.,Utilities:Non-Electrical,Utilities,22125.63,158.04,IGL,532514.0
INE864I01014,MTARTECH,MTAR Technologies Ltd.,Aerospace & Defence,General Industrials,22026.95,7161.0,MTARTECH,543270.0
INE0W2G01015,SAGILITY,Sagility Ltd.,Misc. Commercial Services,Commercial Services & Supplies,21917.98,46.82,SAGILITY,544282.0
INE536A01023,GRINDWELL,Grindwell Norton Ltd.,Abrasives & Bearings,General Industrials,21728.8,1962.5,GRINDWELL,506076.0
INE178A01016,CHENNPETRO,Chennai Petroleum Corporation Ltd.,Refineries/Petro-Products,Oil & Gas,21624.91,1452.2,CHENNPETRO,500110.0
INE0BWX01014,AETHER,Aether Industries Ltd.,Specialty Chemicals,Chemicals & Petrochemicals,21576.23,1625.6,AETHER,543534.0
INE120A01034,CARBORUNIV,Carborundum Universal Ltd.,Abrasives & Bearings,General Industrials,21538.54,1130.6,CARBORUNIV,513375.0
INE475E01026,CAPLIPOINT,Caplin Point Laboratories Ltd.,Pharmaceuticals,Pharmaceuticals & Biotechnology,21365.37,2810.8,CAPLIPOINT,524742.0
INE883F01010,AADHARHFC,Aadhar Housing Finance Ltd.,Housing Finance,Banking and Finance,21189.48,483.55,AADHARHFC,544176.0
INE330T01021,HAPPYFORGE,Happy Forgings Ltd.,Castings & Forgings,General Industrials,21126.67,2238.5,HAPPYFORGE,544057.0
INE182A01018,PFIZER,Pfizer Ltd.,Pharmaceuticals,Pharmaceuticals & Biotechnology,21088.32,4609.7,PFIZER,500680.0
INE526E01018,SHRIPISTON,SPR Auto Technologies Ltd,Auto Parts & Equipment,Automobiles & Auto Components,21045.0,4536.9,SHRIPISTON,544344.0
INE101D01020,GRANULES,Granules India Ltd.,Pharmaceuticals,Pharmaceuticals & Biotechnology,21020.61,848.3,GRANULES,532482.0
INE331A01037,RAMCOCEM,The Ramco Cements Ltd.,Cement & Cement Products,Cement and Construction,20900.06,884.5,RAMCOCEM,500260.0
INE19RI01016,TENNIND,Tenneco Clean Air India Ltd.,Auto Parts & Equipment,Automobiles & Auto Components,20888.54,517.55,TENNIND,544612.0
INE616N01034,INOXINDIA,Inox India Ltd.,Other Industrial Products,General Industrials,20401.82,2247.8,INOXINDIA,544046.0
INE285A01027,ELGIEQUIP,Elgi Equipments Ltd.,Compressors & Pumps,General Industrials,20348.73,642.1,ELGIEQUIP,522074.0
INE269B01029,LMW,LMW Ltd.,Industrial Machinery,General Industrials,20056.26,18774.0,LMW,500252.0
INE192B01031,WELSPUNLIV,Welspun Living Ltd.,Textiles,Textiles Apparels & Accessories,19999.29,208.51,WELSPUNLIV,514162.0
INE989C01038,DIACABS,Diamond Power Infrastructure Ltd.,Other Electrical Equipment/Products,Consumer Durables,19844.0,331.8,DIACABS,522163.0
INE217B01036,KAJARIACER,Kajaria Ceramics Ltd.,Ceramics,Consumer Durables,19745.96,1239.6,KAJARIACER,500233.0
INE427F01016,CHALET,Chalet Hotels Ltd.,Hotels,Hotels Restaurants & Tourism,19638.3,896.75,CHALET,542399.0
INE017A01032,GESHIP,Great Eastern Shipping Company Ltd.,Shipping,Transportation,19554.82,1369.7,GESHIP,500620.0
INE324A01032,JINDALSAW,Jindal Saw Ltd.,Iron & Steel/Interm.Products,Metals & Mining,19524.19,305.3,JINDALSAW,500378.0
INE00IT01020,MILKYMIST,Milky Mist Dairy Food Ltd.,Packaged Foods,FMCG,19433.16,252.43,MILKYMIST,544868.0
INE486A01021,CESC,CESC Ltd.,Power - Electric Utilities,Utilities,19419.61,146.5,CESC,500084.0
INE292B01021,HBLENGINE,HBL Engineering Ltd.,Other Electrical Equipment/Products,Consumer Durables,19285.84,695.75,HBLENGINE,517271.0
INE15B701018,PINELABS,Pine Labs Ltd.,Internet Software & Services,Software & Services,19196.74,166.37,PINELABS,544606.0
INE703B01027,RATNAMANI,Ratnamani Metals & Tubes Ltd.,Iron & Steel/Interm.Products,Metals & Mining,19114.09,2727.0,RATNAMANI,520111.0
INE790G01031,SHILPAMED,Shilpa Medicare Ltd.,Pharmaceuticals,Pharmaceuticals & Biotechnology,18857.02,964.15,SHILPAMED,530549.0
INE172A01027,CASTROLIND,Castrol India Ltd.,Oil Marketing & Distribution,Oil & Gas,18820.03,190.27,CASTROLIND,500870.0
INE100A01010,ATUL,Atul Ltd.,Specialty Chemicals,Chemicals & Petrochemicals,18801.53,6386.0,ATUL,500027.0
INE235A01022,FINCABLES,Finolex Cables Ltd.,Wires & Cables,Consumer Durables,18661.65,1220.2,FINCABLES,500144.0
INE596I01020,CAMS,Computer Age Management Services Ltd.,Data Processing Services,Software & Services,18601.57,748.8,CAMS,543232.0
INE424H01027,SUNTV,Sun TV Network Ltd.,Broadcasting & Cable TV,Media,18557.44,470.9,SUNTV,532733.0
INE0AQ201015,THELEELA,Leela Palaces Hotels & Resorts Ltd.,Hotels,Hotels Restaurants & Tourism,18502.94,554.05,THELEELA,544408.0
INE684F01012,FSL,Firstsource Solutions Ltd.,BPO/KPO,Software & Services,18440.56,264.4,FSL,532809.0
INE148I01020,SAMMAANCAP,Sammaan Capital Ltd.,Housing Finance,Banking and Finance,18413.68,158.39,SAMMAANCAP,535789.0
INE152M01016,TRITURBINE,Triveni Turbine Ltd.,Heavy Electrical Equipment,General Industrials,18352.28,577.3,TRITURBINE,533655.0
INE673O01025,TBOTEK,TBO Tek Ltd.,Travel Support Services,Diversified Consumer Services,18339.39,1688.9,TBOTEK,544174.0
INE406M01024,ERIS,Eris Lifesciences Ltd.,Pharmaceuticals,Pharmaceuticals & Biotechnology,18316.55,1321.7,ERIS,540596.0
INE230A01023,EIHOTEL,EIH Ltd.,Hotels,Hotels Restaurants & Tourism,18254.38,291.9,EIHOTEL,500840.0
INE02IJ01035,AZAD,Azad Engineering Ltd.,Industrial Machinery,General Industrials,17936.28,2777.3,AZAD,544061.0
INE462A01022,BAYERCROP,Bayer Cropscience Ltd.,Agrochemicals,Chemicals & Petrochemicals,17931.45,3989.9,BAYERCROP,506285.0
INE738I01010,ECLERX,eClerx Services Ltd.,BPO/KPO,Software & Services,17923.24,1905.7,ECLERX,532927.0
INE385C01021,SARDAEN,Sarda Energy & Minerals Ltd.,Iron & Steel/Interm.Products,Metals & Mining,17920.35,508.55,SARDAEN,504614.0
INE131A01031,GMDCLTD,Gujarat Mineral Development Corporation Ltd.,Coal & Mining,Metals & Mining,17901.81,562.95,GMDCLTD,532181.0
INE769A01020,AARTIIND,Aarti Industries Ltd.,Specialty Chemicals,Chemicals & Petrochemicals,17847.97,492.05,AARTIIND,524208.0
INE0LXG01040,OLAELEC,Ola Electric Mobility Ltd.,2/3 Wheelers,Automobiles & Auto Components,17680.52,38.2,OLAELEC,544225.0
INE013P01021,ONESOURCE,OneSource Specialty Pharma Ltd.,Pharmaceuticals,Pharmaceuticals & Biotechnology,17634.4,1537.8,ONESOURCE,544292.0
INE03QK01018,COHANCE,Cohance Lifesciences Ltd.,Pharmaceuticals,Pharmaceuticals & Biotechnology,17469.39,456.6,COHANCE,543064.0
INE05HV01027,CMPDI,Central Mine Planning & Design Institute Ltd.,Consulting Services,Commercial Services & Supplies,17415.89,243.92,CMPDI,544739.0
INE203A01020,ASTRAZEN,AstraZeneca Pharma India Ltd.,Pharmaceuticals,Pharmaceuticals & Biotechnology,17360.0,6944.0,ASTRAZEN,506820.0
INE825A01020,VTL,Vardhman Textiles Ltd.,Textiles,Textiles Apparels & Accessories,17322.48,598.2,VTL,502986.0
INE205C01021,POLYMED,Poly Medicure Ltd.,Healthcare Supplies,Healthcare,17256.8,1702.5,POLYMED,531768.0
INE501A01019,DEEPAKFERT,Deepak Fertilisers & Petrochemicals Corporation Ltd.,Commodity Chemicals,Chemicals & Petrochemicals,17194.85,1362.1,DEEPAKFERT,500645.0
INE872J01023,DEVYANI,Devyani International Ltd.,Restaurants,Hotels Restaurants & Tourism,17172.39,139.28,DEVYANI,543330.0
INE0K9O01026,LALITHAA,Lalithaa Jewellery Mart Ltd.,Gems & Jewellery,Textiles Apparels & Accessories,17166.3,306.7,LALITHAA,544879.0
INE258A01024,BEML,BEML Ltd.,Commercial Vehicles,Automobiles & Auto Components,17139.21,2057.8,BEML,500048.0
INE103V01028,TRAVELFOOD,Travel Food Services Ltd.,Restaurants,Hotels Restaurants & Tourism,17069.61,1296.3,TRAVELFOOD,544443.0
INE552Z01027,ABDL,Allied Blenders & Distillers Ltd.,Breweries & Distilleries,"Food, Beverages & Tobacco",17060.92,609.95,ABDL,544203.0
INE102B01014,CHOICEIN,Choice International Ltd.,Capital Markets,Banking and Finance,16952.18,760.95,CHOICEIN,531358.0
INE768C01028,ZYDUSWELL,Zydus Wellness Ltd.,Packaged Foods,FMCG,16916.6,531.7,ZYDUSWELL,531335.0
INE718I01012,JSWCEMENT,JSW Cement Ltd.,Cement & Cement Products,Cement and Construction,16915.27,124.07,JSWCEMENT,544480.0
INE842C01021,MINDACORP,Minda Corporation Ltd.,Auto Parts & Equipment,Automobiles & Auto Components,16802.5,702.8,MINDACORP,538962.0
INE085A01013,CHAMBLFERT,Chambal Fertilisers & Chemicals Ltd.,Fertilizers,Fertilizers,16789.33,419.05,CHAMBLFERT,500085.0
INE03Q201024,ALIVUS,Alivus Life Sciences Ltd.,Pharmaceuticals,Pharmaceuticals & Biotechnology,16774.26,1366.3,ALIVUS,543322.0
INE373A01013,BASF,BASF India Ltd.,Specialty Chemicals,Chemicals & Petrochemicals,16729.45,3864.9,BASF,500042.0
INE348B01021,CENTURYPLY,Century Plyboards (India) Ltd.,Forest Products,Forest Materials,16628.54,748.45,CENTURYPLY,532548.0
INE085J01014,THANGAMAYL,Thangamayil Jewellery Ltd.,Gems & Jewellery,Textiles Apparels & Accessories,16581.29,5332.0,THANGAMAYL,533158.0
INE168A01041,J&KBANK,Jammu & Kashmir Bank Ltd.,Banks,Banking and Finance,16519.94,150.02,J&KBANK,532209.0
INE608A01012,PSB,Punjab & Sind Bank,Banks,Banking and Finance,16483.04,23.23,PSB,533295.0
INE291A01017,GRWRHITECH,Garware Hi-Tech Films Ltd.,Containers & Packaging,Commercial Services & Supplies,16463.64,7086.5,GRWRHITECH,500655.0
INE386C01029,ASTRAMICRO,Astra Microwave Products Ltd.,Aerospace & Defence,General Industrials,16415.99,1729.0,ASTRAMICRO,532493.0
INE088F01024,PARADEEP,Paradeep Phosphates Ltd.,Fertilizers,Fertilizers,16304.77,157.0,PARADEEP,543530.0
INE943P01029,AGARWALEYE,Dr. Agarwals Health Care Ltd.,Healthcare Facilities,Healthcare,16298.32,514.1,AGARWALEYE,544350.0
INE251B01027,ZENTEC,Zen Technologies Ltd.,Aerospace & Defence,General Industrials,16264.91,1801.4,ZENTEC,533339.0
INE301O01023,NSDL,National Securities Depository Ltd.,Other Financial Services,Banking and Finance,16257.0,812.85,,544467.0
INE947N01017,AEQUS,Aequs Ltd.,Industrial Machinery,General Industrials,16242.18,242.18,AEQUS,544634.0
INE177H01039,GPIL,Godawari Power & Ispat Ltd.,Iron & Steel/Interm.Products,Metals & Mining,16202.84,240.67,GPIL,532734.0
INE457L01029,PGEL,PG Electroplast Ltd.,Consumer Electronics,Consumer Durables,16124.35,562.3,PGEL,533581.0
INE138Y01010,KFINTECH,KFIN Technologies Ltd.,Other Financial Services,Banking and Finance,16058.09,928.9,KFINTECH,543720.0
INE548C01032,EMAMILTD,Emami Ltd.,Personal Products,FMCG,15978.08,366.05,EMAMILTD,531162.0
INE398R01022,SYNGENE,Syngene International Ltd.,Pharmaceuticals,Pharmaceuticals & Biotechnology,15969.15,395.6,SYNGENE,539268.0
INE092A01019,TATACHEM,Tata Chemicals Ltd.,Commodity Chemicals,Chemicals & Petrochemicals,15924.82,625.1,TATACHEM,500770.0
INE499A01024,DCMSHRIRAM,DCM Shriram Ltd.,Diversified,Diversified,15920.15,1020.9,DCMSHRIRAM,523367.0
INE685T01010,HORIZONIND,Horizon Industrial Parks Ltd.,Realty,Realty,15893.44,55.13,HORIZONIND,544880.0
INE901L01018,APLLTD,Alembic Pharmaceuticals Ltd.,Pharmaceuticals,Pharmaceuticals & Biotechnology,15886.23,808.2,APLLTD,533573.0
INE725A01030,NAVA,NAVA Ltd.,Power - Electric Utilities,Utilities,15871.17,560.2,NAVA,513023.0
INE647U01026,CLEANMAX,Clean Max Enviro Energy Solutions Ltd.,Green & Renewable Energy,Utilities,15835.76,1347.9,CLEANMAX,544717.0
INE885A01032,ARE&M,Amara Raja Energy & Mobility Ltd.,Auto Parts & Equipment,Automobiles & Auto Components,15817.06,864.2,ARE&M,500008.0
INE686Y01026,FINEORG,Fine Organic Industries Ltd.,Specialty Chemicals,Chemicals & Petrochemicals,15796.03,5152.0,FINEORG,541557.0
INE04I401011,KPITTECH,KPIT Technologies Ltd.,IT Consulting & Software,Software & Services,15775.6,575.45,KPITTECH,542651.0
INE05XR01022,BHARATCOAL,Bharat Coking Coal Ltd.,Coal & Mining,Metals & Mining,15745.32,33.81,BHARATCOAL,544678.0
INE531A01024,KANSAINER,Kansai Nerolac Paints Ltd.,Paints,Consumer Durables,15706.48,194.2,KANSAINER,500165.0
INE510A01028,ENGINERSIN,Engineers India Ltd.,Consulting Services,Commercial Services & Supplies,15706.27,279.45,ENGINERSIN,532178.0
INE228A01035,USHAMART,Usha Martin Ltd.,Iron & Steel Products,Metals & Mining,15668.31,514.15,USHAMART,517146.0
INE288A01013,MAHSCOOTER,Maharashtra Scooters Ltd.,Investment Companies,Others,15545.18,13602.0,MAHSCOOTER,500266.0
INE818H01020,LTFOODS,LT Foods Ltd.,Other Agricultural Products,"Food, Beverages & Tobacco",15445.81,444.8,LTFOODS,532783.0
INE128S01021,FIVESTAR,Five-Star Business Finance Ltd.,Finance (including NBFCs),Banking and Finance,15439.84,523.05,FIVESTAR,543663.0
INE043W01024,VIJAYA,Vijaya Diagnostic Centre Ltd.,Healthcare Services,Healthcare,15379.62,1493.2,VIJAYA,543350.0
INE0J5401028,HONASA,Honasa Consumer Ltd.,Personal Products,FMCG,15357.37,471.05,HONASA,544014.0
INE055A01016,ABREL,Aditya Birla Real Estate Ltd.,Paper & Paper Products,Commercial Services & Supplies,15342.52,1373.6,ABREL,500040.0
INE177A01018,INGERRAND,Ingersoll-Rand (India) Ltd.,Compressors & Pumps,General Industrials,15293.75,4844.7,INGERRAND,500210.0
INE12UN01015,SHADOWFAX,Shadowfax Technologies Ltd.,Warehousing & Logistics,Transportation,15228.59,259.55,SHADOWFAX,544685.0
INE05C901015,JNPR,Juniper Green Energy Ltd.,Green & Renewable Energy,Utilities,15084.15,265.1,JNPR,544853.0
INE151G01028,SHAILY,Shaily Engineering Plastics Ltd.,Plastic Products,General Industrials,15064.67,3278.3,SHAILY,501423.0
INE034A01011,ARVIND,Arvind Ltd.,Textiles,Textiles Apparels & Accessories,15042.48,552.95,ARVIND,500101.0
INE0QPI01025,SUDEEPPHRM,Sudeep Pharma Ltd.,Pharmaceuticals,Pharmaceuticals & Biotechnology,15014.26,1329.3,SUDEEPPHRM,544619.0
INE299U01018,CROMPTON,Crompton Greaves Consumer Electricals Ltd.,Household Appliances,Consumer Durables,14964.58,232.4,CROMPTON,539876.0
INE01TY01017,CANHLIFE,Canara HSBC Life Insurance Company Ltd.,Life Insurance,Banking and Finance,14936.85,157.23,CANHLIFE,544583.0
INE704J01044,VOGL,Vedanta Oil and Gas Ltd.,Exploration & Production,Oil & Gas,14867.3,38.02,VOGL,544782.0
INE2J8701016,SKFINDUS,SKF India (Industrial) Ltd.,Abrasives & Bearings,General Industrials,14843.76,3002.5,SKFINDUS,544572.0
INE987B01026,NATCOPHARM,Natco Pharma Ltd.,Pharmaceuticals,Pharmaceuticals & Biotechnology,14841.94,828.65,NATCOPHARM,524816.0
INE338H01029,CONCORDBIO,Concord Biotech Ltd.,Biotechnology,Pharmaceuticals & Biotechnology,14825.16,1417.1,CONCORDBIO,543960.0
INE995S01015,NIVABUPA,Niva Bupa Health Insurance Company Ltd.,General Insurance,Banking and Finance,14817.5,80.11,NIVABUPA,544286.0
INE750C01026,MARKSANS,Marksans Pharma Ltd.,Pharmaceuticals,Pharmaceuticals & Biotechnology,14807.12,326.75,MARKSANS,524404.0
INE927D01051,JBMA,JBM Auto Ltd.,Auto Parts & Equipment,Automobiles & Auto Components,14795.08,625.6,JBMA,532605.0
INE732A01036,KIRLOSBROS,Kirloskar Brothers Ltd.,Compressors & Pumps,General Industrials,14785.94,1862.0,KIRLOSBROS,500241.0
INE421D01022,CCL,CCL Products India Ltd.,Tea & Coffee,"Food, Beverages & Tobacco",14770.86,1106.2,CCL,519600.0
INE668A01016,TMB,Tamilnad Mercantile Bank Ltd.,Banks,Banking and Finance,14765.49,932.45,TMB,543596.0
INE700A01033,JUBLPHARMA,Jubilant Pharmova Ltd.,Pharmaceuticals,Pharmaceuticals & Biotechnology,14725.54,924.5,JUBLPHARMA,530019.0
INE961O01016,RAINBOW,Rainbow Childrens Medicare Ltd.,Healthcare Facilities,Healthcare,14698.72,1447.2,RAINBOW,543524.0
INE0LCL01028,AVALON,Avalon Technologies Ltd.,Heavy Electrical Equipment,General Industrials,14691.37,2196.6,AVALON,543896.0
INE951I01027,VGUARD,V-Guard Industries Ltd.,Household Appliances,Consumer Durables,14654.13,335.4,VGUARD,532953.0
INE00E101023,BIKAJI,Bikaji Foods International Ltd.,Packaged Foods,FMCG,14648.02,584.2,BIKAJI,543653.0
INE536H01010,CIEINDIA,CIE Automotive India Ltd.,Auto Parts & Equipment,Automobiles & Auto Components,14618.73,385.35,CIEINDIA,532756.0
INE119A01028,BALRAMCHIN,Balrampur Chini Mills Ltd.,Sugar,"Food, Beverages & Tobacco",14612.92,690.6,BALRAMCHIN,500038.0
INE290S01011,CARTRADE,CarTrade Tech Ltd.,Internet & Catalogue Retail,Retailing,14554.57,3000.2,CARTRADE,543333.0
INE133A01011,JSWDULUX,JSW Dulux Ltd.,Paints,Consumer Durables,14538.58,3174.5,JSWDULUX,500710.0
INE663A01033,SPLPETRO,Supreme Petrochem Ltd.,Petrochemicals,Chemicals & Petrochemicals,14498.92,771.05,SPLPETRO,500405.0
INE065X01017,INDGN,Indegene Ltd.,Healthcare Services,Healthcare,14490.97,601.5,INDGN,544172.0
INE933B01012,SIGMAADV,Sigma Advanced Systems Ltd.,Aerospace & Defence,General Industrials,14480.19,762.4,SIGMAADV,532408.0
INE0Z4F01028,ATLANTAELE,Atlanta Electricals Ltd.,Heavy Electrical Equipment,General Industrials,14469.63,1881.7,ATLANTAELE,544527.0
INE825V01034,MANYAVAR,Vedant Fashions Ltd.,Specialty Retail,Retailing,14437.76,594.2,MANYAVAR,543463.0
INE371A01025,GRAPHITE,Graphite India Ltd.,Electrodes & Refractories,General Industrials,14332.75,733.6,GRAPHITE,509488.0
INE212S01015,FRACTAL,Fractal Analytics Ltd.,Internet Software & Services,Software & Services,14282.13,825.45,FRACTAL,544700.0
INE418L01047,NAZARA,Nazara Technologies Ltd.,Internet Software & Services,Software & Services,14181.82,368.65,NAZARA,543280.0
INE999A01023,KSB,KSB Ltd.,Compressors & Pumps,General Industrials,14158.96,813.55,KSB,500249.0
INE930P01018,ANURAS,Anupam Rasayan India Ltd.,Specialty Chemicals,Chemicals & Petrochemicals,14102.57,1238.7,ANURAS,543275.0
INE545A01024,HEG,HEG Ltd.,Electrodes & Refractories,General Industrials,14053.59,728.25,HEG,509631.0
INE0Q9301021,IGIL,International Gemological Institute Ltd.,Misc. Commercial Services,Commercial Services & Supplies,13980.37,323.5,IGIL,544311.0
INE126A01031,EIDPARRY,EID Parry (India) Ltd.,Other Food & Beverages,"Food, Beverages & Tobacco",13904.57,781.35,EIDPARRY,500125.0
INE713T01028,APOLLO,Apollo Micro Systems Ltd.,Aerospace & Defence,General Industrials,13895.61,388.9,APOLLO,540879.0
INE00F201020,PRUDENT,Prudent Corporate Advisory Services Ltd.,Other Financial Services,Banking and Finance,13861.31,3347.6,PRUDENT,543527.0
INE297H01019,GALLANTT,Gallantt Ispat Ltd.,Iron & Steel/Interm.Products,Metals & Mining,13849.52,574.0,GALLANTT,532726.0
INE1CLE01013,VISL,Vedanta Iron and Steel Ltd.,Iron & Steel Products,Metals & Mining,13838.86,35.39,VISL,544784.0
INE109A01011,SCI,Shipping Corporation of India Ltd.,Shipping,Transportation,13757.37,295.35,SCI,523598.0
INE781S01027,VENTIVE,Ventive Hospitality Ltd.,Hotels,Hotels Restaurants & Tourism,13736.92,588.2,VENTIVE,544321.0
INE410B01037,VINATIORGA,Vinati Organics Ltd.,Specialty Chemicals,Chemicals & Petrochemicals,13587.45,1310.7,VINATIORGA,524200.0
INE671H01015,SOBHA,Sobha Ltd.,Realty,Realty,13515.51,1263.8,SOBHA,532784.0
INE0NNS01018,NSLNISP,NMDC Steel Ltd.,Iron & Steel/Interm.Products,Metals & Mining,13486.65,46.02,NSLNISP,543768.0
INE482A01020,CEATLTD,Ceat Ltd.,Auto Tyres & Rubber Products,Automobiles & Auto Components,13482.83,3333.2,CEATLTD,500878.0
INE321T01012,DOMS,DOMS Industries Ltd.,Commodity Printing/Stationery,Commercial Services & Supplies,13404.22,2208.7,DOMS,544045.0
INE731H01025,ACE,Action Construction Equipment Ltd.,Commercial Vehicles,Automobiles & Auto Components,13401.62,1125.4,ACE,532762.0
INE869T01028,MOLBIO,Molbio Diagnostics Ltd.,Healthcare Services,Healthcare,13373.6,1160.5,MOLBIO,544866.0
INE694L01019,VEDPOWER,Vedanta Power Ltd.,Power - Electric Utilities,Utilities,13373.53,34.2,VEDPOWER,544781.0
INE872H01027,LUMAXTECH,Lumax Auto Technologies Ltd.,Auto Parts & Equipment,Automobiles & Auto Components,13303.7,1951.9,LUMAXTECH,532796.0
INE542F01020,SWANDEF,Swan Defence and Heavy Industries Ltd.,Shipping,Transportation,13276.97,2520.2,SWANDEF,533107.0
INE133E01013,TI,Tilaknagar Industries Ltd.,Breweries & Distilleries,"Food, Beverages & Tobacco",13242.33,535.1,TI,507205.0
INE12UR01024,UTLSOLAR,Fujiyama Power Systems Ltd.,Other Electrical Equipment/Products,Consumer Durables,13189.1,429.75,UTLSOLAR,544613.0
INE959A01019,PRIVISCL,Privi Speciality Chemicals Ltd.,Specialty Chemicals,Chemicals & Petrochemicals,13153.58,3367.3,PRIVISCL,530117.0
INE852O01025,APTUS,Aptus Value Housing Finance India Ltd.,Housing Finance,Banking and Finance,12963.99,258.85,APTUS,543335.0
INE532F01054,EDELWEISS,Edelweiss Financial Services Ltd.,Other Financial Services,Banking and Finance,12880.4,136.08,EDELWEISS,532922.0
INE304W01038,BLUESTONE,Bluestone Jewellery and Lifestyle Ltd.,Gems & Jewellery,Textiles Apparels & Accessories,12875.42,842.75,BLUESTONE,544484.0
INE614B01018,KTKBANK,Karnataka Bank Ltd.,Banks,Banking and Finance,12867.38,340.1,KTKBANK,532652.0
INE066P01011,INOXWIND,Inox Wind Ltd.,Heavy Electrical Equipment,General Industrials,12858.09,74.4,INOXWIND,539083.0
INE02ZQ01018,CORONA,Corona Remedies Ltd.,Pharmaceuticals,Pharmaceuticals & Biotechnology,12844.23,2100.1,CORONA,544644.0
INE824G01012,JSWHL,JSW Holdings Ltd.,Holding Companies,Diversified,12733.46,11472.0,JSWHL,532642.0
INE399G01023,RKFORGE,Ramkrishna Forgings Ltd.,Castings & Forgings,General Industrials,12673.37,700.85,RKFORGE,532527.0
INE481N01025,HOMEFIRST,Home First Finance Company India Ltd.,Housing Finance,Banking and Finance,12652.75,1210.1,HOMEFIRST,543259.0
INE676A01027,BBOX,Black Box Ltd.,IT Consulting & Software,Software & Services,12649.5,712.25,BBOX,500463.0
INE780C01023,JMFINANCIL,JM Financial Ltd.,Holding Companies,Diversified,12637.61,132.06,JMFINANCIL,523405.0
INE665L01035,VARROC,Varroc Engineering Ltd.,Auto Parts & Equipment,Automobiles & Auto Components,12625.5,826.35,VARROC,541578.0
INE00VM01036,MANORAMA,Manorama Industries Ltd.,Other Food & Beverages,"Food, Beverages & Tobacco",12582.82,1993.4,MANORAMA,541974.0
INE118D01016,NUVOCO,Nuvoco Vistas Corporation Ltd.,Cement & Cement Products,Cement and Construction,12577.26,352.15,NUVOCO,543334.0
INE551W01018,UJJIVANSFB,Ujjivan Small Finance Bank Ltd.,Microfinance Institutions,Banking and Finance,12554.45,64.43,UJJIVANSFB,542904.0
INE956G01038,WABAG,Va Tech Wabag Ltd.,Utilities:Non-Electrical,Utilities,12528.75,2005.3,WABAG,533269.0
INE602A01031,PCBL,PCBL Chemical Ltd.,Refineries/Petro-Products,Oil & Gas,12472.76,317.0,PCBL,506590.0
INE00XB01019,SEDEMAC,SEDEMAC Mechatronics Ltd.,Auto Parts & Equipment,Automobiles & Auto Components,12431.35,2814.4,SEDEMAC,544723.0
INE850D01014,GODREJAGRO,Godrej Agrovet Ltd.,Other Agricultural Products,"Food, Beverages & Tobacco",12407.65,644.85,GODREJAGRO,540743.0
INE683A01023,SOUTHBANK,South Indian Bank Ltd.,Banks,Banking and Finance,12386.67,47.29,SOUTHBANK,532218.0
INE255Z01027,E2E,E2E Networks Ltd.,Internet Software & Services,Software & Services,12365.76,601.55,E2E,544783.0
INE119201023,PARKHOSPS,Park Medi World Ltd.,Healthcare Facilities,Healthcare,12364.02,286.25,PARKHOSPS,544645.0
INE064C01022,TRIDENT,Trident Ltd.,Textiles,Textiles Apparels & Accessories,12311.83,24.16,TRIDENT,521064.0
INE024L01027,GRAVITA,Gravita India Ltd.,Other Non-Ferrous Metals,Metals & Mining,12264.02,1661.6,GRAVITA,533282.0
INE136B01020,CYIENT,Cyient Ltd.,IT Consulting & Software,Software & Services,12242.55,1101.8,CYIENT,532175.0
INE112L01020,METROPOLIS,Metropolis Healthcare Ltd.,Healthcare Services,Healthcare,12208.91,588.7,METROPOLIS,542650.0
INE491J01022,ASKAUTOLTD,ASK Automotive Ltd.,Auto Parts & Equipment,Automobiles & Auto Components,12200.17,618.85,ASKAUTOLTD,544022.0
INE121R01077,AMAGI,Amagi Media Labs Ltd.,Internet Software & Services,Software & Services,12186.37,563.3,AMAGI,544679.0
INE093R01011,LLOYDSENGG,Lloyds Engineering Works Ltd.,Industrial Machinery,General Industrials,12123.39,84.21,LLOYDSENGG,539992.0
INE01IU01018,SKYGOLD,Sky Gold and Diamonds Ltd.,Gems & Jewellery,Textiles Apparels & Accessories,12102.62,781.45,SKYGOLD,541967.0
INE09XN01023,AKUMS,Akums Drugs & Pharmaceuticals Ltd.,Pharmaceuticals,Pharmaceuticals & Biotechnology,12052.45,765.75,AKUMS,544222.0
INE191H01014,PVRINOX,PVR INOX Ltd.,Movies & Entertainment,Media,12051.1,1227.2,PVRINOX,532689.0
INE233B01017,BLUEDART,Blue Dart Express Ltd.,Warehousing & Logistics,Transportation,11844.26,4991.7,BLUEDART,526612.0
INE615H01020,TITAGARH,Titagarh Rail Systems Ltd.,Commercial Vehicles,Automobiles & Auto Components,11741.54,871.85,TITAGARH,532966.0
INE807F01027,VIYASH,Viyash Scientific Ltd.,Pharmaceuticals,Pharmaceuticals & Biotechnology,11694.94,265.85,VIYASH,512529.0
INE011K01018,TEGA,Tega Industries Ltd.,Coal & Mining,Metals & Mining,11629.77,1548.0,TEGA,543413.0
INE0SII01026,QPOWER,Quality Power Electrical Equipments Ltd.,Heavy Electrical Equipment,General Industrials,11580.22,1495.3,QPOWER,544367.0
INE785M01021,PCJEWELLER,PC Jeweller Ltd.,Gems & Jewellery,Textiles Apparels & Accessories,11566.03,11.86,PCJEWELLER,534809.0
INE540H01012,VOLTAMP,Voltamp Transformers Ltd.,Heavy Electrical Equipment,General Industrials,11551.7,11418.0,VOLTAMP,532757.0
INE713N01013,RRP,RRP Semiconductor Ltd.,Other Financial Services,Banking and Finance,11409.08,8374.25,,504346.0
INE045601023,PARAS,Paras Defence and Space Technologies Ltd.,Aerospace & Defence,General Industrials,11402.3,1414.9,PARAS,543367.0
INE285K01026,TECHNOE,Techno Electric & Engineering Company Ltd.,Power - Electric Utilities,Utilities,11391.55,979.5,TECHNOE,542141.0
INE094J01016,UTIAMC,UTI Asset Management Company Ltd.,Asset Management Cos.,Banking and Finance,11318.5,880.55,UTIAMC,543238.0
INE625G01013,WELENT,Welspun Enterprises Ltd.,Construction & Engineering,Cement and Construction,11261.35,813.6,WELENT,532553.0
INE383A01012,INDIACEM,India Cements Ltd.,Cement & Cement Products,Cement and Construction,11233.77,362.5,INDIACEM,530005.0
INE962Y01021,IRCON,Ircon International Ltd.,Construction & Engineering,Cement and Construction,11215.65,119.25,IRCON,541956.0
INE080I01025,LLOYDSENT,Lloyds Enterprises Ltd.,Commodity Trading  & Distribution,Commercial Services & Supplies,11211.53,74.23,LLOYDSENT,512463.0
INE903U01023,SIGNATURE,Signatureglobal (India) Ltd.,Realty,Realty,11206.34,796.55,SIGNATURE,543990.0
INE351F01018,JPPOWER,Jaiprakash Power Ventures Ltd.,Green & Renewable Energy,Utilities,11164.28,16.29,JPPOWER,532627.0
INE423Y01016,SBFC,SBFC Finance Ltd.,Finance (including NBFCs),Banking and Finance,11090.93,100.08,SBFC,543959.0
INE1B6101010,SHREEJISPG,Shreeji Shipping Global Ltd.,Shipping,Transportation,11080.89,680.15,SHREEJISPG,544490.0
INE010J01012,TEJASNET,Tejas Networks Ltd.,Telecom Equipment,Telecommunications Equipment,10935.88,614.15,TEJASNET,540595.0
INE871C01038,AVANTIFEED,Avanti Feeds Ltd.,Other Food & Beverages,"Food, Beverages & Tobacco",10880.57,798.6,AVANTIFEED,512573.0
INE389H01022,KEC,KEC International Ltd.,Heavy Electrical Equipment,General Industrials,10875.6,408.55,KEC,532714.0
INE0BY001018,JUBLINGREA,Jubilant Ingrevia Ltd.,Specialty Chemicals,Chemicals & Petrochemicals,10835.89,680.3,JUBLINGREA,543271.0
INE002S01010,MGL,Mahanagar Gas Ltd.,Utilities:Non-Electrical,Utilities,10831.97,1096.6,MGL,539957.0
INE101I01011,AFCONS,Afcons Infrastructure Ltd.,Construction & Engineering,Cement and Construction,10768.73,292.8,AFCONS,544280.0
INE489L01022,IIFLCAPS,IIFL Capital Services Ltd.,Capital Markets,Banking and Finance,10753.9,341.2,IIFLCAPS,542773.0
INE477A01020,CANFINHOME,Can Fin Homes Ltd.,Housing Finance,Banking and Finance,10750.9,807.4,CANFINHOME,511196.0
INE495B01038,SUVEN,Suven Life Sciences Ltd.,Healthcare Services,Healthcare,10680.87,378.0,SUVEN,530239.0
INE0UIZ01018,BLACKBUCK,BlackBuck Ltd.,Transport Related Services,Transportation,10676.82,586.1,BLACKBUCK,544288.0
INE022Q01020,IEX,Indian Energy Exchange Ltd.,Capital Markets,Banking and Finance,10603.12,118.91,IEX,540750.0
INE573A01042,JKTYRE,JK Tyre & Industries Ltd.,Auto Tyres & Rubber Products,Automobiles & Auto Components,10590.31,367.35,JKTYRE,530007.0
INE940H01022,PGIL,Pearl Global Industries Ltd.,Other Apparels & Accessories,Textiles Apparels & Accessories,10523.58,2278.3,PGIL,532808.0
INE14LE01019,ABLBL,Aditya Birla Lifestyle Brands Ltd.,Specialty Retail,Retailing,10505.03,86.07,ABLBL,544403.0
INE520A01027,ZENSARTECH,Zensar Technologies Ltd.,IT Consulting & Software,Software & Services,10503.99,461.55,ZENSARTECH,504067.0
INE075I01017,HCG,Healthcare Global Enterprises Ltd.,Healthcare Facilities,Healthcare,10454.14,700.2,HCG,539787.0
INE050A01025,BBTC,The Bombay Burmah Trading Corporation Ltd.,Packaged Foods,FMCG,10443.46,1496.8,BBTC,501425.0
INE209L01016,JWL,Jupiter Wagons Ltd.,Commercial Vehicles,Automobiles & Auto Components,10395.36,243.24,JWL,533272.0
INE385F01024,SGMART,SG Mart Ltd.,Power - Electric Utilities,Utilities,10394.75,824.75,SGMART,512329.0
INE933S01016,INDIAMART,IndiaMART InterMESH Ltd.,Internet & Catalogue Retail,Retailing,10383.1,1726.4,INDIAMART,542726.0
INE320J01015,RITES,Rites Ltd.,Construction & Engineering,Cement and Construction,10371.43,215.8,RITES,541556.0
INE716A01013,WHIRLPOOL,Whirlpool of India Ltd.,Consumer Electronics,Consumer Durables,10352.1,815.95,WHIRLPOOL,500238.0
INE216P01012,AAVAS,Aavas Financiers Ltd.,Housing Finance,Banking and Finance,10341.56,1304.2,AAVAS,541988.0
INE150B01039,ALKYLAMINE,Alkyl Amines Chemicals Ltd.,Specialty Chemicals,Chemicals & Petrochemicals,10336.14,2020.9,ALKYLAMINE,506767.0
INE717A01029,KENNAMET,Kennametal India Ltd.,Other Industrial Products,General Industrials,10293.49,4683.5,,505890.0
INE955D01029,GENUSPOWER,Genus Power Infrastructures Ltd.,Other Electrical Equipment/Products,Consumer Durables,10277.32,337.8,GENUSPOWER,530343.0
INE260D01016,OLECTRA,Olectra Greentech Ltd.,Commercial Vehicles,Automobiles & Auto Components,10087.72,1229.0,OLECTRA,532439.0
INE0CLI01024,RATEGAIN,RateGain Travel Technologies Ltd.,IT Software Products,Software & Services,10082.98,851.15,RATEGAIN,543417.0
INE2KCE01013,KWIL,Kwality Wall's (India) Ltd.,Packaged Foods,FMCG,9896.48,42.12,KWIL,544622.0
INE0FOO01011,SHIPROCKET,Shiprocket Ltd.,IT Software Products,Software & Services,9889.23,135.92,SHIPROCKET,544871.0
INE0KBH01020,BLUEJET,Blue Jet Healthcare Ltd,Pharmaceuticals,Pharmaceuticals & Biotechnology,9884.06,569.8,BLUEJET,544009.0
INE811A01038,KIRLPNU,Kirloskar Pneumatic Company Ltd.,Compressors & Pumps,General Industrials,9880.25,760.45,KIRLPNU,505283.0
INE183A01024,FINPIPE,Finolex Industries Ltd.,Plastic Products,General Industrials,9842.63,158.63,FINPIPE,500940.0
INE153T01027,BLS,BLS International Services Ltd.,Travel Support Services,Diversified Consumer Services,9831.96,238.79,BLS,540073.0
INE0Q3J01015,KRN,KRN Heat Exchanger and Refrigeration Ltd.,Electronic Components,Commercial Services & Supplies,9812.66,1578.7,KRN,544263.0
INE939A01011,STAR,Strides Pharma Science Ltd.,Pharmaceuticals,Pharmaceuticals & Biotechnology,9766.62,1059.6,STAR,532531.0
INE659A01023,SUDARSCHEM,Sudarshan Chemical Industries Ltd.,Dyes & Pigments,Chemicals & Petrochemicals,9735.49,1222.8,SUDARSCHEM,506655.0
INE205B01031,ELECON,Elecon Engineering Company Ltd.,Industrial Machinery,General Industrials,9733.35,433.75,ELECON,505700.0
INE280B01018,ELANTAS,Elantas Beck India Ltd.,Specialty Chemicals,Chemicals & Petrochemicals,9719.76,12260.5,,500123.0
INE0UOS01011,SANOFICONR,Sanofi Consumer Healthcare India Ltd.,Pharmaceuticals,Pharmaceuticals & Biotechnology,9676.77,4201.7,SANOFICONR,544250.0
INE001B01026,KRBL,KRBL Ltd.,Other Agricultural Products,"Food, Beverages & Tobacco",9658.01,421.95,KRBL,530813.0
INE306R01017,INTELLECT,Intellect Design Arena Ltd.,IT Software Products,Software & Services,9637.59,686.65,INTELLECT,538835.0
INE123F01029,MMTC,MMTC Ltd.,Commodity Trading  & Distribution,Commercial Services & Supplies,9627.0,64.18,MMTC,513377.0
INE149K01016,SANDUMA,Sandur Manganese & Iron Ores Ltd.,Coal & Mining,Metals & Mining,9616.61,197.83,SANDUMA,504918.0
INE0YD401026,JAINREC,Jain Resource Recycling Ltd.,Other Non-Ferrous Metals,Metals & Mining,9591.66,277.95,JAINREC,544537.0
INE0JO301016,YATHARTH,Yatharth Hospital & Trauma Care Services Ltd.,Healthcare Facilities,Healthcare,9549.68,991.1,YATHARTH,543950.0
INE979A01025,SAREGAMA,Saregama India Ltd.,Movies & Entertainment,Media,9500.69,492.75,SAREGAMA,532163.0
INE0V9Q01010,LOTUSDEV,Sri Lotus Developers and Realty Ltd.,Realty,Realty,9444.59,193.25,LOTUSDEV,544469.0
INE02RE01045,FIRSTCRY,Brainbees Solutions Ltd.,Internet & Catalogue Retail,Retailing,9405.94,180.16,FIRSTCRY,544226.0
INE868B01028,NCC,NCC Ltd.,Construction & Engineering,Cement and Construction,9398.86,149.7,NCC,500294.0
INE199A01012,PGHL,Procter & Gamble Health Ltd.,Pharmaceuticals,Pharmaceuticals & Biotechnology,9395.26,5660.0,PGHL,500126.0
INE682M01020,JLHL,Jupiter Life Line Hospitals Ltd.,Healthcare Facilities,Healthcare,9390.69,286.45,JLHL,543980.0
INE284A01012,ESABINDIA,Esab India Ltd.,Other Industrial Goods,General Industrials,9339.7,6067.5,ESABINDIA,500133.0
INE726V01018,PRICOLLTD,Pricol Ltd.,Auto Parts & Equipment,Automobiles & Auto Components,9323.33,764.95,PRICOLLTD,540293.0
INE508G01029,TIMETECHNO,Time Technoplast Ltd.,Plastic Products,General Industrials,9304.53,188.49,TIMETECHNO,532856.0
INE085001019,WEWORK,WeWork India Management Ltd.,Special Consumer Services,Diversified Consumer Services,9243.28,666.95,WEWORK,544570.0
INE271B01025,MAHSEAMLES,Maharashtra Seamless Ltd.,Iron & Steel/Interm.Products,Metals & Mining,9220.49,688.1,MAHSEAMLES,500265.0
INE594H01019,THYROCARE,Thyrocare Technologies Ltd.,Healthcare Services,Healthcare,9170.31,576.15,THYROCARE,539871.0
INE0DRI01029,ESDS,ESDS Software Solution Ltd.,Data Processing Services,Software & Services,9161.74,908.4,ESDS,544898.0
INE614G01033,RPOWER,Reliance Power Ltd.,Power - Electric Utilities,Utilities,9131.78,22.08,RPOWER,532939.0
INE294B01019,SMLMAH,SML Mahindra Ltd.,Commercial Vehicles,Automobiles & Auto Components,9114.94,6298.5,SMLMAH,505192.0
INE763I01026,TARIL,Transformers & Rectifiers (India) Ltd.,Heavy Electrical Equipment,General Industrials,9033.49,300.95,TARIL,532928.0
INE202Z01029,TSFINV,TSF Investments Ltd.,Investment Companies,Others,8988.54,404.7,TSFINV,
INE299N01021,WAAREERTL,Waaree Renewable Technologies Ltd.,Power - Electric Utilities,Utilities,8965.65,858.95,WAAREERTL,534618.0
INE953R01016,PNGJL,P N Gadgil Jewellers Ltd.,Gems & Jewellery,Textiles Apparels & Accessories,8965.37,609.05,PNGJL,544256.0
INE213C01025,BANCOINDIA,Banco Products (India) Ltd.,Auto Parts & Equipment,Automobiles & Auto Components,8918.38,623.5,BANCOINDIA,500039.0
INE483B01026,ICIL,Indo Count Industries Ltd.,Textiles,Textiles Apparels & Accessories,8908.48,449.8,ICIL,521016.0
INE227W01023,CLEAN,Clean Science & Technology Ltd.,Specialty Chemicals,Chemicals & Petrochemicals,8886.95,836.15,CLEAN,543318.0
INE03EI01018,MAXESTATES,Max Estates Ltd.,Realty,Realty,8866.85,542.1,MAXESTATES,544008.0
INE621H01010,RELIGARE,Religare Enterprises Ltd.,Other Financial Services,Banking and Finance,8862.41,257.08,RELIGARE,532915.0
INE665A01038,SWANCORP,Swan Corp Ltd.,Commodity Trading  & Distribution,Commercial Services & Supplies,8823.81,281.5,SWANCORP,503310.0
INE256A01028,ZEEL,Zee Entertainment Enterprises Ltd.,Broadcasting & Cable TV,Media,8799.32,91.61,ZEEL,505537.0
INE113A01013,GNFC,Gujarat Narmada Valley Fertilizers & Chemicals Ltd.,Fertilizers,Fertilizers,8767.95,596.7,GNFC,500670.0
INE0DD101019,RAILTEL,RailTel Corporation of India Ltd.,Telecom Services,Telecom Services,8699.04,271.05,RAILTEL,543265.0
INE176A01028,BATAINDIA,Bata India Ltd.,Footwear,Retailing,8646.69,672.75,BATAINDIA,500043.0
INE854B01010,JAYNECOIND,Jayaswal Neco Industries Ltd.,Iron & Steel/Interm.Products,Metals & Mining,8645.77,89.04,JAYNECOIND,522285.0
INE372C01037,PRECWIRE,Precision Wires India Ltd.,Other Industrial Products,General Industrials,8643.16,472.8,PRECWIRE,523539.0
INE131B01039,RELAXO,Relaxo Footwears Ltd.,Footwear,Retailing,8582.16,344.75,RELAXO,530517.0
INE386A01023,VESUVIUS,Vesuvius India Ltd.,Electrodes & Refractories,General Industrials,8507.1,419.15,VESUVIUS,520113.0
INE201P01022,GRINFRA,G R Infraprojects Ltd.,Roads & Highways,Cement and Construction,8409.46,869.1,GRINFRA,543317.0
INE063P01018,EQUITASBNK,Equitas Small Finance Bank Ltd.,Microfinance Institutions,Banking and Finance,8344.98,72.95,EQUITASBNK,543243.0
INE970X01018,LEMONTREE,Lemon Tree Hotels Ltd.,Hotels,Hotels Restaurants & Tourism,8314.63,104.95,LEMONTREE,541233.0
INE716B01029,TIPSMUSIC,Tips Music Ltd.,Movies & Entertainment,Media,8305.86,649.75,TIPSMUSIC,532375.0
INE912T01018,RPEL,Raghav Productivity Enhancers Ltd.,Electrodes & Refractories,General Industrials,8299.02,1807.2,RPEL,539837.0
INE274F01020,WESTLIFE,Westlife Foodworld Ltd.,Restaurants,Hotels Restaurants & Tourism,8273.97,530.6,WESTLIFE,505533.0
INE16W401027,AUGMONT,Augmont Enterprises Ltd.,Commodity Trading  & Distribution,Commercial Services & Supplies,8237.32,901.5,AUGMONT,544888.0
INE0KCE01017,EUREKAFORB,Eureka Forbes Ltd.,Consumer Electronics,Consumer Durables,8201.97,423.75,EUREKAFORB,543482.0
INE050E01027,BALAMINES,Balaji Amines Ltd.,Specialty Chemicals,Chemicals & Petrochemicals,8181.9,2525.2,BALAMINES,530999.0
INE0M4D01010,SETL,Standard Engineering Technology Ltd.,Other Industrial Products,General Industrials,8158.21,408.95,SETL,544333.0
INE16NZ01023,ORKLAINDIA,Orkla India Ltd.,Packaged Foods,FMCG,8139.21,594.15,ORKLAINDIA,544595.0
INE804L01022,MEDPLUS,Medplus Health Services Ltd.,Healthcare Supplies,Healthcare,8125.47,676.35,MEDPLUS,543427.0
INE836A01035,BSOFT,Birlasoft Ltd.,IT Consulting & Software,Software & Services,8092.17,289.35,BSOFT,532400.0
INE262A01018,HMT,HMT Ltd.,Heavy Electrical Equipment,General Industrials,8056.58,66.91,HMT,500191.0
INE473D01015,KINGFA,Kingfa Science & Technology (India) Ltd.,Plastic Products,General Industrials,8039.37,5932.5,KINGFA,524019.0
INE069I01010,EMBDL,Embassy Developments Ltd.,Realty,Realty,8000.31,57.53,EMBDL,532832.0
INE269A01021,SONATSOFTW,Sonata Software Ltd.,IT Consulting & Software,Software & Services,7999.12,285.25,SONATSOFTW,532221.0
INE010601016,ENTERO,Entero Healthcare Solutions Ltd.,Healthcare Services,Healthcare,7954.28,1827.6,ENTERO,544122.0
INE276A01018,GARFIBRES,Garware Technical Fibres Ltd.,Textiles,Textiles Apparels & Accessories,7946.72,800.55,GARFIBRES,509557.0
INE255A01020,EPL,EPL Ltd.,Containers & Packaging,Commercial Services & Supplies,7914.96,247.1,EPL,500135.0
INE221B01012,DYNAMATECH,Dynamatic Technologies Ltd.,Industrial Machinery,General Industrials,7914.7,11654.0,DYNAMATECH,505242.0
INE945H01021,V2RETAIL,V2 Retail Ltd.,Department Stores,Retailing,7894.4,216.5,V2RETAIL,532867.0
INE099Z01011,MIDHANI,Mishra Dhatu Nigam Ltd.,Aerospace & Defence,General Industrials,7845.8,418.8,MIDHANI,541195.0
INE738D01029,MRUTR,Mrugesh Trading Ltd.,Finance (including NBFCs),Banking and Finance,7842.19,108.55,,512065.0
INE867C01010,ASMTEC,ASM Technologies Ltd.,IT Consulting & Software,Software & Services,7834.73,5370.45,,526433.0
INE517F01014,GPPL,Gujarat Pipavav Port Ltd.,Marine Port & Services,Transportation,7813.36,161.62,GPPL,533248.0
INE0LRU01027,AARTIPHARM,Aarti Pharmalabs Ltd.,Pharmaceuticals,Pharmaceuticals & Biotechnology,7787.58,858.8,AARTIPHARM,543748.0
INE679V01027,AVL,Aditya Vision Ltd.,Specialty Retail,Retailing,7748.93,600.05,AVL,540205.0
INE813A01018,MAHLIFE,Mahindra Lifespace Developers Ltd.,Realty,Realty,7732.66,362.4,MAHLIFE,532313.0
INE690A01028,TTKPRESTIG,TTK Prestige Ltd.,Household Appliances,Consumer Durables,7706.86,562.75,TTKPRESTIG,517506.0
INE036B01030,GAEL,Gujarat Ambuja Exports Ltd.,Other Agricultural Products,"Food, Beverages & Tobacco",7696.95,167.81,GAEL,524226.0
INE0CJD01029,KMEW,Knowledge Marine & Engineering Works Ltd.,Marine Port & Services,Transportation,7694.01,3033.4,KMEW,543273.0
INE460H01021,STARCEMENT,Star Cement Ltd.,Cement & Cement Products,Cement and Construction,7687.11,190.19,STARCEMENT,540575.0
INE640A01023,SKFINDIA,SKF India Ltd.,Abrasives & Bearings,General Industrials,7678.71,1553.2,SKFINDIA,500472.0
INE600K01018,GALAXYSURF,Galaxy Surfactants Ltd.,Specialty Chemicals,Chemicals & Petrochemicals,7678.17,2165.0,GALAXYSURF,540935.0
INE743M01012,RHIM,RHI Magnesita India Ltd.,Electrodes & Refractories,General Industrials,7668.43,371.35,RHIM,534076.0
INE0U3I01011,UNIMECH,Unimech Aerospace and Manufacturing Ltd.,Industrial Machinery,General Industrials,7649.04,1502.7,UNIMECH,544322.0
INE884B01025,KIRLFER,Kirloskar Ferrous Industries Ltd.,Iron & Steel/Interm.Products,Metals & Mining,7592.13,460.15,,500245.0
INE0LMW01024,CELLO,Cello World Ltd.,Houseware,Consumer Durables,7554.27,342.0,CELLO,544012.0
INE411F01010,KAMAHOLD,Kama Holdings Ltd.,Holding Companies,Diversified,7538.08,2349.0,,532468.0
INE429E01023,SAFARI,Safari Industries (India) Ltd.,Other Apparels & Accessories,Textiles Apparels & Accessories,7530.4,1540.4,SAFARI,523025.0
INE0LZF01039,CORDELIA,Waterways Leisure Tourism Ltd.,Other Leisure Facilities,Diversified Consumer Services,7521.79,103.9,CORDELIA,544802.0
INE619B01017,NEWGEN,Newgen Software Technologies Ltd.,IT Consulting & Software,Software & Services,7478.92,524.8,NEWGEN,540900.0
INE04TZ01018,ETHOSLTD,Ethos Ltd.,Specialty Retail,Retailing,7472.89,2792.8,ETHOSLTD,543532.0
INE739E01017,CERA,Cera Sanitaryware Ltd.,Household Appliances,Consumer Durables,7464.43,5787.5,CERA,532443.0
INE254N01026,HNDFDS,Hindustan Foods Ltd.,Packaged Foods,FMCG,7452.11,615.05,HNDFDS,519126.0
INE0CU601026,GMRP&UI,GMR Power and Urban Infra Ltd.,Power - Electric Utilities,Utilities,7443.1,95.3,GMRP&UI,543490.0
INE668F01031,JYOTHYLAB,Jyothy Labs Ltd.,Personal Products,FMCG,7400.84,201.54,JYOTHYLAB,532926.0
INE284S01014,SJS,SJS Enterprises Ltd.,Auto Parts & Equipment,Automobiles & Auto Components,7385.68,2306.1,SJS,543387.0
INE317F01035,NESCO,Nesco Ltd.,Realty,Realty,7381.39,1047.6,NESCO,505355.0
INE922K01024,INDIASHLTR,India Shelter Finance Corporation Ltd.,Housing Finance,Banking and Finance,7378.14,677.1,INDIASHLTR,544044.0
INE517B01013,TTML,Tata Teleservices (Maharashtra) Ltd.,Telecom Services,Telecom Services,7377.9,37.74,TTML,532371.0
INE987S01020,KSHINTL,KSH International Ltd.,Other Industrial Products,General Industrials,7370.47,1087.8,KSHINTL,544664.0
INE789E01012,JKPAPER,JK Paper Ltd.,Paper & Paper Products,Commercial Services & Supplies,7357.92,405.8,JKPAPER,532162.0
INE0HV901016,IXIGO,LE Travenues Technology Ltd.,Travel Support Services,Diversified Consumer Services,7354.41,166.75,IXIGO,544192.0
INE666D01022,BORORENEW,Borosil Renewables Ltd.,Houseware,Consumer Durables,7346.67,499.15,BORORENEW,502219.0
INE806T01020,SAPPHIRE,Sapphire Foods India Ltd.,Restaurants,Hotels Restaurants & Tourism,7341.35,228.43,SAPPHIRE,543397.0
INE211R01019,POWERMECH,Power Mech Projects Ltd.,Construction & Engineering,Cement and Construction,7291.03,2306.1,POWERMECH,539302.0
INE555B01013,AXISCADES,AXISCADES Technologies Ltd.,Aerospace & Defence,General Industrials,7280.03,1711.6,AXISCADES,532395.0
INE900L01028,MBAPL,Madhya Bharat Agro Products Ltd.,Fertilizers,Fertilizers,7278.29,166.12,MBAPL,
INE058A01010,SANOFI,Sanofi India Ltd.,Pharmaceuticals,Pharmaceuticals & Biotechnology,7273.52,3158.2,SANOFI,500674.0
INE855B01025,RAIN,Rain Industries Ltd.,Petrochemicals,Chemicals & Petrochemicals,7255.65,215.72,RAIN,500339.0
INE545H01011,TIIL,Technocraft Industries (India) Ltd.,Iron & Steel Products,Metals & Mining,7243.05,3194.6,TIIL,532804.0
INE416D01022,BLISSGVS,Bliss GVS Pharma Ltd.,Pharmaceuticals,Pharmaceuticals & Biotechnology,7131.07,671.0,BLISSGVS,506197.0
INE083K01017,BENGALASM,Bengal & Assam Company Ltd.,Finance (including NBFCs),Banking and Finance,7129.04,6310.95,,533095.0
INE024001021,AEROFLEX,Aeroflex Industries Ltd.,Iron & Steel Products,Metals & Mining,7112.12,537.45,AEROFLEX,543972.0
INE503A01015,DCBBANK,DCB Bank Ltd.,Banks,Banking and Finance,7111.78,220.74,DCBBANK,532772.0
INE916U01025,SFL,Sheela Foam Ltd.,Furniture-Furnishing,Diversified Consumer Services,7063.27,646.8,SFL,540203.0
INE510W01014,INOXGREEN,Inox Green Energy Services Ltd.,Green & Renewable Energy,Utilities,7030.12,175.1,INOXGREEN,543667.0
INE428V01029,NEPHROPLUS,Nephrocare Health Services Ltd.,Healthcare Services,Healthcare,6994.25,697.05,NEPHROPLUS,544647.0
INE011E01029,BALUFORGE,Balu Forge Industries Ltd.,Castings & Forgings,General Industrials,6969.11,574.1,BALUFORGE,531112.0
INE919H01018,IMFA,Indian Metals & Ferro Alloys Ltd.,Iron & Steel/Interm.Products,Metals & Mining,6951.45,1288.4,IMFA,533047.0
INE495P01020,BECTORFOOD,Mrs. Bectors Food Specialities Ltd.,Packaged Foods,FMCG,6936.76,225.96,BECTORFOOD,543253.0
INE221J01015,SHARDACROP,Sharda Cropchem Ltd.,Agrochemicals,Chemicals & Petrochemicals,6932.09,768.35,SHARDACROP,538666.0
INE899I01028,SYMBIOTEC,Symbiotec Pharmalab Ltd.,Pharmaceuticals,Pharmaceuticals & Biotechnology,6928.41,1078.25,SYMBIOTEC,544889.0
INE07T201019,RBA,Restaurant Brands Asia Ltd.,Restaurants,Hotels Restaurants & Tourism,6917.84,97.15,RBA,543248.0
INE483C01032,TANLA,Tanla Platforms Ltd.,Internet Software & Services,Software & Services,6912.22,521.15,TANLA,532790.0
INE07RO01027,SUPRIYA,Supriya Lifescience Ltd.,Pharmaceuticals,Pharmaceuticals & Biotechnology,6863.98,852.85,SUPRIYA,543434.0
INE18JU01028,EBGNG,GNG Electronics Ltd.,Computer Hardware,Hardware Technology & Equipment,6854.94,601.25,EBGNG,544455.0
INE340A01012,BIRLACORPN,Birla Corporation Ltd.,Cement & Cement Products,Cement and Construction,6833.07,887.35,BIRLACORPN,500335.0
INE278Y01022,CAMPUS,Campus Activewear Ltd.,Footwear,Retailing,6823.99,223.24,CAMPUS,543523.0
INE314T01033,GOKULAGRO,Gokul Agro Resources Ltd.,Edible Oils,FMCG,6821.52,231.17,GOKULAGRO,539725.0
INE055S01018,CYIENTDLM,Cyient DLM Ltd.,Electronic Components,Commercial Services & Supplies,6802.76,856.95,CYIENTDLM,543933.0
INE064A01026,TIMEX,Timex Group India Ltd.,Other Apparels & Accessories,Textiles Apparels & Accessories,6767.69,670.4,,500414.0
INE933K01021,BAJAJCON,Bajaj Consumer Care Ltd.,Personal Products,FMCG,6760.13,517.55,BAJAJCON,533229.0
INE420C01059,PAISALO,Paisalo Digital Ltd.,Finance (including NBFCs),Banking and Finance,6739.56,74.1,PAISALO,532900.0
INE0DUT01020,INNOVACAP,Innova Captab Ltd.,Pharmaceuticals,Pharmaceuticals & Biotechnology,6726.21,1175.4,INNOVACAP,544067.0
INE02YR01019,EMIL,Electronics Mart India Ltd.,Specialty Retail,Retailing,6684.63,173.74,EMIL,543626.0
INE439E01022,SKIPPER,Skipper Ltd.,Construction & Engineering,Cement and Construction,6673.76,591.1,SKIPPER,538562.0
INE688A01022,TCI,Transport Corporation of India Ltd.,Surface Transportation,Transportation,6670.48,868.2,TCI,532349.0
INE274Y01021,AJAXENGG,Ajax Engineering Ltd.,Commercial Vehicles,Automobiles & Auto Components,6663.89,582.45,AJAXENGG,544356.0
INE0LXT01019,REDTAPE,Redtape Ltd.,Footwear,Retailing,6657.46,120.43,REDTAPE,543957.0
INE921L01032,POWERICA,Powerica Ltd.,Industrial Machinery,General Industrials,6644.61,525.05,POWERICA,544744.0
INE305A01023,TFCILTD,Tourism Finance Corporation of India Ltd.,Financial Institutions,Banking and Finance,6632.61,143.26,TFCILTD,526650.0
INE177F01017,KOVAI,Kovai Medical Center and Hospital Ltd.,Healthcare Services,Healthcare,6623.92,6053.5,,523323.0
INE00GO01025,LEAPIND,LEAP India Ltd.,Warehousing & Logistics,Transportation,6619.5,150.26,LEAPIND,544865.0
INE0RB801010,SENORES,Senores Pharmaceuticals Ltd.,Pharmaceuticals,Pharmaceuticals & Biotechnology,6578.3,1428.4,SENORES,544319.0
INE399C01030,SUPRAJIT,Suprajit Engineering Ltd.,Auto Parts & Equipment,Automobiles & Auto Components,6577.06,479.45,SUPRAJIT,532509.0
INE665J01013,VMART,V-Mart Retail Ltd.,Department Stores,Retailing,6558.6,824.2,VMART,534976.0
INE917M01012,DBL,Dilip Buildcon Ltd.,Roads & Highways,Cement and Construction,6514.04,401.0,DBL,540047.0
INE0UH301010,OMNI,Omnitech Engineering Ltd.,Industrial Machinery,General Industrials,6504.83,526.0,OMNI,544720.0
INE026A01025,GSFC,Gujarat State Fertilizer & Chemicals Ltd.,Fertilizers,Fertilizers,6490.4,162.88,GSFC,500690.0
INE232I01014,SPARC,Sun Pharma Advanced Research Company Ltd.,Pharmaceuticals,Pharmaceuticals & Biotechnology,6473.23,199.47,SPARC,532872.0
INE647O01011,ABFRL,Aditya Birla Fashion and Retail Ltd.,Department Stores,Retailing,6465.19,52.97,ABFRL,535755.0
INE386D01027,SBCL,Shivalik Bimetal Controls Ltd.,Other Industrial Goods,General Industrials,6458.01,1121.1,SBCL,513097.0
INE639B01023,TANFACIND,Tanfac Industries Ltd.,Commodity Chemicals,Chemicals & Petrochemicals,6447.04,3231.6,,506854.0
INE021O01019,DODLA,Dodla Dairy Ltd.,Packaged Foods,FMCG,6435.77,1066.8,DODLA,543306.0
INE0J5801029,JSLL,Jeena Sikho Lifecare Ltd.,Pharmaceuticals,Pharmaceuticals & Biotechnology,6417.65,516.3,JSLL,544476.0
INE786A01032,JKLAKSHMI,JK Lakshmi Cement Ltd.,Cement & Cement Products,Cement and Construction,6402.13,515.7,JKLAKSHMI,500380.0
INE091G01026,JAIBALAJI,Jai Balaji Industries Ltd.,Iron & Steel/Interm.Products,Metals & Mining,6361.13,69.73,JAIBALAJI,532976.0
INE027A01015,RCF,Rashtriya Chemicals & Fertilizers Ltd.,Fertilizers,Fertilizers,6340.0,114.92,RCF,524230.0
INE460C01014,GANESHHOU,Ganesh Housing Ltd.,Realty,Realty,6328.66,758.95,GANESHHOU,526367.0
INE083A01026,MOREPENLAB,Morepen Laboratories Ltd.,Pharmaceuticals,Pharmaceuticals & Biotechnology,6232.43,113.74,MOREPENLAB,500288.0
INE128X01021,ACI,Archean Chemical Industries Ltd.,Commodity Chemicals,Chemicals & Petrochemicals,6224.77,504.2,ACI,543657.0
INE04VU01023,STYL,Seshaasai Technologies Ltd.,Internet Software & Services,Software & Services,6205.25,383.5,STYL,544533.0
INE0AG901020,CEIGALL,Ceigall India Ltd.,Construction & Engineering,Cement and Construction,6198.21,355.8,CEIGALL,544223.0
INE947A01014,SUNFLAG,Sunflag Iron & Steel Company Ltd.,Iron & Steel/Interm.Products,Metals & Mining,6194.14,343.7,SUNFLAG,500404.0
INE0NAZ01010,SMARTWORKS,Smartworks Coworking Spaces Ltd.,Special Consumer Services,Diversified Consumer Services,6193.74,541.5,SMARTWORKS,544447.0
INE544R01021,GREENLAM,Greenlam Industries Ltd.,Furniture-Furnishing,Diversified Consumer Services,6190.39,242.62,GREENLAM,538979.0
INE074A01025,PRAJIND,Praj Industries Ltd.,Industrial Machinery,General Industrials,6167.85,335.55,PRAJIND,522205.0
INE0QJW01029,LCL,Lohia Corp Ltd.,Industrial Machinery,General Industrials,6143.55,581.5,LCL,544839.0
INE078V01014,VIKRAMSOLR,Vikram Solar Ltd.,Other Electrical Equipment/Products,Consumer Durables,6103.86,168.45,VIKRAMSOLR,544488.0
INE285J01028,SIS,SIS Ltd.,Misc. Commercial Services,Commercial Services & Supplies,6090.66,430.95,SIS,540673.0
INE256C01024,TRIVENI,Triveni Engineering & Industries Ltd.,Sugar,"Food, Beverages & Tobacco",6074.31,275.65,TRIVENI,532356.0
INE546C01010,PICCADIL,Piccadily Agro Industries Ltd.,Sugar,"Food, Beverages & Tobacco",6069.54,615.75,PICCADIL,530305.0
INE542W01025,KPIGREEN,KPI Green Energy Ltd.,Green & Renewable Energy,Utilities,6068.53,307.0,KPIGREEN,542323.0
INE007N01010,FEDFINA,Fedbank Financial Services Ltd.,Finance (including NBFCs),Banking and Finance,6060.11,161.56,FEDFINA,544027.0
INE549A01026,HCC,Hindustan Construction Company Ltd.,Construction & Engineering,Cement and Construction,6019.54,22.98,HCC,500185.0
INE570A01022,IONEXCHANG,Ion Exchange (India) Ltd.,Utilities:Non-Electrical,Utilities,6001.6,409.2,IONEXCHANG,500214.0
INE045J01034,FCL,Fineotex Chemical Ltd.,Specialty Chemicals,Chemicals & Petrochemicals,5998.34,51.51,FCL,533333.0
INE0ISX01025,KUSUMGAR,Kusumgar Ltd.,Textiles,Textiles Apparels & Accessories,5997.11,571.2,KUSUMGAR,544821.0
INE126M01010,IBULLSLTD,Indiabulls Ltd.,Misc. Commercial Services,Commercial Services & Supplies,5986.77,25.67,IBULLSLTD,533520.0
INE01JE01028,MARINE,Marine Electricals (India) Ltd.,Electronic Components,Commercial Services & Supplies,5976.39,432.15,MARINE,
INE955V01021,ARVINDFASN,Arvind Fashions Ltd.,Other Apparels & Accessories,Textiles Apparels & Accessories,5969.62,446.5,ARVINDFASN,542484.0
INE993A01026,MANINDS,Man Industries (India) Ltd.,Iron & Steel/Interm.Products,Metals & Mining,5914.88,788.55,MANINDS,513269.0
INE599M01018,JUSTDIAL,Just Dial Ltd.,Internet Software & Services,Software & Services,5892.62,692.85,JUSTDIAL,535648.0
INE602W01027,SENCO,Senco Gold Ltd.,Gems & Jewellery,Textiles Apparels & Accessories,5878.31,358.65,SENCO,543936.0
INE485C01029,IOLCP,IOL Chemicals and Pharmaceuticals Ltd.,Pharmaceuticals,Pharmaceuticals & Biotechnology,5869.08,199.95,IOLCP,524164.0
INE136S01016,NEOGEN,Neogen Chemicals Ltd.,Specialty Chemicals,Chemicals & Petrochemicals,5853.93,2137.9,NEOGEN,542665.0
INE908D01010,SHAKTIPUMP,Shakti Pumps (India) Ltd.,Compressors & Pumps,General Industrials,5836.73,473.0,SHAKTIPUMP,531431.0
INE858B01029,ISGEC,ISGEC Heavy Engineering Ltd.,Industrial Machinery,General Industrials,5789.35,787.35,ISGEC,533033.0
INE887G01027,GOKEX,Gokaldas Exports Ltd.,Textiles,Textiles Apparels & Accessories,5783.07,789.2,GOKEX,532630.0
INE162B01018,LUMAXIND,Lumax Industries Ltd.,Auto Parts & Equipment,Automobiles & Auto Components,5778.28,6181.5,LUMAXIND,517206.0
INE247D01039,JINDWORLD,Jindal Worldwide Ltd.,Textiles,Textiles Apparels & Accessories,5765.96,57.51,JINDWORLD,531543.0
INE454P01035,TRANSRAILL,Transrail Lighting Ltd.,Heavy Electrical Equipment,General Industrials,5763.61,429.3,TRANSRAILL,544317.0
INE395N01027,TVSSCS,TVS Supply Chain Solutions Ltd.,Transport Related Services,Transportation,5754.0,130.41,TVSSCS,543965.0
INE239C01020,STYLAMIND,Stylam Industries Ltd.,Forest Products,Forest Materials,5741.0,3387.4,STYLAMIND,526951.0
INE227J01012,KALPATARU,Kalpataru Ltd.,Realty,Realty,5717.43,277.65,KALPATARU,544423.0
INE191A01027,ORCHPHARMA,Orchid Pharma Ltd.,Pharmaceuticals,Pharmaceuticals & Biotechnology,5716.94,954.65,ORCHPHARMA,524372.0
INE679A01013,CSBBANK,CSB Bank Ltd.,Banks,Banking and Finance,5699.88,328.55,CSBBANK,542867.0
INE506W01020,KRISHANA,Krishana Phoschem Ltd.,Fertilizers,Fertilizers,5692.16,184.13,KRISHANA,
INE802C01033,SSWL,Steel Strips Wheels Ltd.,Auto Parts & Equipment,Automobiles & Auto Components,5690.64,361.85,SSWL,513262.0
INE09VQ01012,INDIGOPNTS,Indigo Paints Ltd.,Paints,Consumer Durables,5660.13,1185.8,INDIGOPNTS,543258.0
INE953L01027,JSFB,Jana Small Finance Bank Ltd.,Microfinance Institutions,Banking and Finance,5658.82,535.1,JSFB,544118.0
INE010A01011,PRSMJOHNSN,Prism Johnson Ltd.,Cement & Cement Products,Cement and Construction,5593.3,111.12,PRSMJOHNSN,500338.0
INE910A01012,NIRLON,Nirlon Ltd.,Realty,Realty,5585.51,619.8,,500307.0
INE258B01022,FDC,FDC Ltd.,Pharmaceuticals,Pharmaceuticals & Biotechnology,5581.13,342.8,FDC,531599.0
INE879I01012,DBREALTY,Valor Estate Ltd.,Realty,Realty,5563.47,102.57,DBREALTY,533160.0
INE320B01020,CENTUM,Centum Electronics Ltd.,Electronic Components,Commercial Services & Supplies,5561.29,3767.3,CENTUM,517544.0
INE0I7C01011,LATENTVIEW,Latent View Analytics Ltd.,Data Processing Services,Software & Services,5530.07,267.25,LATENTVIEW,543398.0
INE353K01014,ITDC,India Tourism Development Corporation Ltd.,Hotels,Hotels Restaurants & Tourism,5526.55,644.35,ITDC,532189.0
INE694D01016,VADILALIND,Vadilal Industries Ltd.,Packaged Foods,FMCG,5502.26,7655.0,VADILALIND,519156.0
INE759A01021,MASTEK,Mastek Ltd.,IT Consulting & Software,Software & Services,5497.12,1772.9,MASTEK,523704.0
INE737H01014,FIEMIND,FIEM Industries Ltd.,Auto Parts & Equipment,Automobiles & Auto Components,5489.76,2085.8,FIEMIND,532768.0
INE483S01020,CCAVENUE,AvenuesAI Ltd.,Internet Software & Services,Software & Services,5482.95,15.7,CCAVENUE,539807.0
INE12F801023,KISSHT,OnEMI Technology Solutions Ltd.,Finance (including NBFCs),Banking and Finance,5482.94,309.3,KISSHT,544754.0
INE323I01011,PURVA,Puravankara Ltd.,Realty,Realty,5471.52,230.72,PURVA,532891.0
INE0J1F01024,RPTECH,Rashi Peripherals Ltd.,Commodity Trading  & Distribution,Commercial Services & Supplies,5469.51,823.65,RPTECH,544119.0
INE279A01012,UNIVCABLES,Universal Cables Ltd.,Wires & Cables,Consumer Durables,5469.04,1576.3,UNIVCABLES,504212.0
INE337A01034,LGBBROSLTD,LG Balakrishnan & Bros Ltd.,Auto Parts & Equipment,Automobiles & Auto Components,5430.64,1702.8,LGBBROSLTD,500250.0
INE13B501022,SAATVIKGL,Saatvik Green Energy Ltd.,Other Electrical Equipment/Products,Consumer Durables,5394.34,424.4,SAATVIKGL,544526.0
INE419U01012,HAPPSTMNDS,Happiest Minds Technologies Ltd.,IT Consulting & Software,Software & Services,5390.53,354.0,HAPPSTMNDS,543227.0
INE942C01045,GUJTHEM,Gujarat Themis Biosyn Ltd.,Pharmaceuticals,Pharmaceuticals & Biotechnology,5353.79,411.35,GUJTHEM,506879.0
INE348L01012,MASFIN,Mas Financial Services Ltd.,Finance (including NBFCs),Banking and Finance,5352.88,295.0,MASFIN,540749.0
INE0BV301023,MAPMYINDIA,C.E. Info Systems Ltd.,Internet Software & Services,Software & Services,5320.04,972.2,MAPMYINDIA,543425.0
INE186A01019,GUJALKALI,Gujarat Alkalies & Chemicals Ltd.,Commodity Chemicals,Chemicals & Petrochemicals,5299.21,721.6,GUJALKALI,530001.0
INE615P01015,QUESS,Quess Corp Ltd.,BPO/KPO,Software & Services,5298.54,354.75,QUESS,539978.0
INE635Q01029,GULFOILLUB,Gulf Oil Lubricants India Ltd.,Oil Marketing & Distribution,Oil & Gas,5291.54,1067.8,GULFOILLUB,538567.0
INE559A01017,IFBIND,IFB Industries Ltd.,Household Appliances,Consumer Durables,5290.54,1305.7,IFBIND,505726.0
INE025R01021,ARTEMISMED,Artemis Medicare Services Ltd.,Healthcare Facilities,Healthcare,5268.43,332.8,ARTEMISMED,542919.0
INE348A01023,ASHAPURMIN,Ashapura Minechem Ltd.,Coal & Mining,Metals & Mining,5263.49,551.0,ASHAPURMIN,527001.0
INE071N01016,EPIGRAL,Epigral Ltd.,Specialty Chemicals,Chemicals & Petrochemicals,5261.94,1219.7,EPIGRAL,543332.0
INE332A01027,THOMASCOOK,Thomas Cook (India) Ltd.,Travel Support Services,Diversified Consumer Services,5252.35,111.65,THOMASCOOK,500413.0
INE752H01013,CARERATING,CARE Ratings Ltd.,Other Financial Services,Banking and Finance,5235.18,1738.2,CARERATING,534804.0
INE207E01023,RAMRAT,Ram Ratna Wires Ltd.,Other Electrical Equipment/Products,Consumer Durables,5233.62,560.65,RAMRAT,522281.0
INE306A01021,BAJAJHIND,Bajaj Hindusthan Sugar Ltd.,Sugar,"Food, Beverages & Tobacco",5226.0,21.86,BAJAJHIND,500032.0
INE366I01010,VRLLOG,VRL Logistics Ltd.,Warehousing & Logistics,Transportation,5207.87,297.7,VRLLOG,539118.0
INE025B01025,GOLDIAM,Goldiam International Ltd.,Gems & Jewellery,Textiles Apparels & Accessories,5198.74,345.3,GOLDIAM,526729.0
INE086A01029,ELECTCAST,Electrosteel Castings Ltd.,Iron & Steel/Interm.Products,Metals & Mining,5174.82,83.71,ELECTCAST,500128.0
INE255X01014,MSTCLTD,MSTC Ltd.,Commodity Trading  & Distribution,Commercial Services & Supplies,5168.77,734.2,MSTCLTD,542597.0
INE541A01023,GMMPFAUDLR,GMM Pfaudler Ltd.,Industrial Machinery,General Industrials,5160.64,1147.9,GMMPFAUDLR,505255.0
INE490G01020,MOIL,MOIL Ltd.,Coal & Mining,Metals & Mining,5133.93,252.3,MOIL,533286.0
INE350C01017,OPTIEMUS,Optiemus Infracom Ltd.,Telecom Equipment,Telecommunications Equipment,5133.17,569.3,OPTIEMUS,530135.0
INE087H01022,RENUKA,Shree Renuka Sugars Ltd.,Sugar,"Food, Beverages & Tobacco",5116.89,24.04,RENUKA,532670.0
INE035D01020,SOTL,Savita Oil Technologies Ltd.,Refineries/Petro-Products,Oil & Gas,5078.61,740.75,SOTL,524667.0
INE111Q01021,PDSL,PDS Ltd.,Textiles,Textiles Apparels & Accessories,5071.36,358.5,PDSL,538730.0
INE597I01028,SHARDAMOTR,Sharda Motor Industries Ltd.,Auto Parts & Equipment,Automobiles & Auto Components,5063.07,881.95,SHARDAMOTR,535602.0
INE949H01023,MANINFRA,Man Infraconstruction Ltd.,Construction & Engineering,Cement and Construction,5037.76,124.8,MANINFRA,533169.0
INE0FHS01024,DEEPINDS,Deep Industries Ltd.,Oil Equipment & Services,Oil & Gas,5033.28,786.45,DEEPINDS,543288.0
INE0E7301029,WAKEFIT,Wakefit Innovations Ltd.,Furniture-Furnishing,Diversified Consumer Services,5026.08,151.55,WAKEFIT,544642.0
INE218I01013,CRAMC,Canara Robeco Asset Management Company Ltd.,Asset Management Cos.,Banking and Finance,5015.35,251.5,CRAMC,544580.0
INE00WV01027,CMRGREEN,CMR Green Technologies Ltd.,Aluminium and Aluminium Products,Metals & Mining,5001.91,228.34,CMRGREEN,544777.0
INE616Z01012,YASHO,Yasho Industries Ltd.,Specialty Chemicals,Chemicals & Petrochemicals,4984.53,4134.1,YASHO,541167.0
INE841L01016,DEEDEV,DEE Development Engineers Ltd.,Construction & Engineering,Cement and Construction,4952.63,658.25,DEEDEV,544198.0
INE782A01015,BOSCH-HCIL,Bosch Home Comfort India Ltd.,Consumer Electronics,Consumer Durables,4945.48,1818.8,BOSCH-HCIL,523398.0
INE301A01014,RAYMOND,Raymond Ltd.,Industrial Machinery,General Industrials,4932.11,740.85,RAYMOND,500330.0
INE0B9K01025,BANSALWIRE,Bansal Wire Industries Ltd.,Iron & Steel Products,Metals & Mining,4931.51,315.0,BANSALWIRE,544209.0
INE519N01014,REMAGNET,Midwest Energy Ltd.,Coal & Mining,Metals & Mining,4920.61,3793.2,,526570.0
INE850M01015,NORTHARC,Northern Arc Capital Ltd.,Finance (including NBFCs),Banking and Finance,4884.67,302.15,NORTHARC,544260.0
INE516A01017,UFLEX,Uflex Ltd.,Containers & Packaging,Commercial Services & Supplies,4878.61,675.6,UFLEX,500148.0
INE696F01016,JUNIPER,Juniper Hotels Ltd.,Hotels,Hotels Restaurants & Tourism,4824.3,216.82,JUNIPER,544129.0
INE039C01032,JAMNAAUTO,Jamna Auto Industries Ltd.,Auto Parts & Equipment,Automobiles & Auto Components,4815.29,120.69,JAMNAAUTO,520051.0
INE291D01011,KDDL,KDDL Ltd.,Other Apparels & Accessories,Textiles Apparels & Accessories,4810.26,3911.0,KDDL,532054.0
INE417C01014,PILANIINVS,Pilani Investment and Industries Corporation Ltd.,Holding Companies,Diversified,4787.4,4323.8,PILANIINVS,539883.0
INE576O01020,LXCHEM,Laxmi Organic Industries Ltd.,Specialty Chemicals,Chemicals & Petrochemicals,4781.24,172.04,LXCHEM,543277.0
INE631A01022,SHANTIGEAR,Shanthi Gears Ltd.,Auto Parts & Equipment,Automobiles & Auto Components,4769.81,621.75,SHANTIGEAR,522034.0
INE459A01010,BANARISUG,Bannari Amman Sugars Ltd.,Sugar,"Food, Beverages & Tobacco",4769.22,3803.3,BANARISUG,500041.0
INE415A01038,AGI,AGI Greenpac Ltd.,Containers & Packaging,Commercial Services & Supplies,4756.88,735.25,AGI,500187.0
INE270I01022,VISHNU,Vishnu Chemicals Ltd.,Specialty Chemicals,Chemicals & Petrochemicals,4725.53,702.0,VISHNU,516072.0
INE263M01029,RUSTOMJEE,Keystone Realtors Ltd.,Realty,Realty,4720.81,373.95,RUSTOMJEE,543669.0
INE519A01011,FOSECOIND,Foseco India Ltd.,Commodity Chemicals,Chemicals & Petrochemicals,4720.61,6263.0,FOSECOIND,500150.0
INE621L01012,TEXRAIL,Texmaco Rail & Engineering Ltd.,Construction & Engineering,Cement and Construction,4719.22,115.99,TEXRAIL,533326.0
INE127I01024,GOODLUCK,Goodluck India Ltd.,Iron & Steel Products,Metals & Mining,4715.55,472.9,GOODLUCK,530655.0
INE725G01011,ICRA,ICRA Ltd.,Other Financial Services,Banking and Finance,4714.13,4884.5,ICRA,532835.0
INE335A01020,SURYAROSNI,Surya Roshni Ltd.,Iron & Steel Products,Metals & Mining,4711.6,216.49,SURYAROSNI,500336.0
INE195J01029,PNCINFRA,PNC Infratech Ltd.,Roads & Highways,Cement and Construction,4697.49,183.11,PNCINFRA,539150.0
INE0GXK01018,VMARCIND,V-Marc India Ltd.,Wires & Cables,Consumer Durables,4690.24,320.1,VMARCIND,
INE236E01022,ELLEN,Ellenbarrie Industrial Gases Ltd.,Industrial Gases,General Industrials,4676.95,331.85,ELLEN,544421.0
INE645S01024,ROLEXRINGS,Rolex Rings Ltd.,Auto Parts & Equipment,Automobiles & Auto Components,4676.5,171.72,ROLEXRINGS,543325.0
INE1KZI01025,TEMPSENS,Tempsens Instruments (India) Ltd.,Other Industrial Products,General Industrials,4651.04,554.8,TEMPSENS,544886.0
INE024F01011,SHILCTECH,Shilchar Technologies Ltd.,Other Electrical Equipment/Products,Consumer Durables,4650.78,4065.3,SHILCTECH,531201.0
INE287B01021,SUBROS,Subros Ltd.,Auto Parts & Equipment,Automobiles & Auto Components,4629.13,709.6,SUBROS,517168.0
INE877F01012,PTC,PTC India Ltd.,Power - Electric Utilities,Utilities,4626.31,156.29,PTC,532524.0
INE501X01029,AYE,Aye Finance Ltd.,Finance (including NBFCs),Banking and Finance,4560.85,184.81,AYE,544699.0
INE497B01018,SEAMECLTD,Seamec Ltd.,Shipping,Transportation,4560.23,1793.6,SEAMECLTD,526807.0
INE435G01025,DHANUKA,Dhanuka Agritech Ltd.,Agrochemicals,Chemicals & Petrochemicals,4555.84,1010.65,DHANUKA,507717.0
INE224A01026,GREAVESCOT,Greaves Cotton Ltd.,Auto Parts & Equipment,Automobiles & Auto Components,4555.6,195.56,GREAVESCOT,501455.0
INE943D01017,MPSLTD,MPS Ltd.,Publishing,Commercial Services & Supplies,4548.26,2658.9,MPSLTD,532440.0
INE618R01015,SGFIN,SG Finserve Ltd.,Other Financial Services,Banking and Finance,4522.26,675.7,SGFIN,539199.0
INE365B01017,DATAMATICS,Datamatics Global Services Ltd.,IT Consulting & Software,Software & Services,4521.05,764.9,DATAMATICS,532528.0
INE105J01010,RPGLIFE,RPG Life Sciences Ltd.,Pharmaceuticals,Pharmaceuticals & Biotechnology,4501.25,2721.6,RPGLIFE,532983.0
INE742B01025,GUFICBIO,Gufic BioSciences Ltd.,Pharmaceuticals,Pharmaceuticals & Biotechnology,4461.57,444.9,GUFICBIO,509079.0
INE054A01027,VIPIND,VIP Industries Ltd.,Other Apparels & Accessories,Textiles Apparels & Accessories,4461.2,314.05,VIPIND,507880.0
INE979B01015,HAWKINCOOK,Hawkins Cookers Ltd.,Houseware,Consumer Durables,4448.81,8413.35,,508486.0
INE805D01034,SUNTECK,Sunteck Realty Ltd.,Realty,Realty,4397.92,299.5,SUNTECK,512179.0
INE870H01013,NETWORK18,Network18 Media & Investments Ltd.,Broadcasting & Cable TV,Media,4376.2,28.38,NETWORK18,532798.0
INE878A01011,GVPIL,GE Power India Ltd.,Heavy Electrical Equipment,General Industrials,4367.1,649.6,GVPIL,532309.0
INE00M201021,SWSOLAR,Sterling and Wilson Renewable Energy Ltd.,Construction & Engineering,Cement and Construction,4349.24,186.23,SWSOLAR,542760.0
INE01QM01018,EMUDHRA,eMudhra Ltd.,Misc. Commercial Services,Commercial Services & Supplies,4345.96,524.8,EMUDHRA,543533.0
INE0OJW01016,ROSSTECH,Rossell Techsys Ltd.,Aerospace & Defence,General Industrials,4336.98,1150.5,ROSSTECH,544294.0
INE349A01021,NRBBEARING,NRB Bearings Ltd.,Other Industrial Products,General Industrials,4332.44,447.0,NRBBEARING,530367.0
INE765D01022,WPIL,WPIL Ltd.,Industrial Machinery,General Industrials,4331.7,443.5,,505872.0
INE277A01016,SWARAJENG,Swaraj Engines Ltd.,Auto Parts & Equipment,Automobiles & Auto Components,4322.69,3557.8,SWARAJENG,500407.0
INE976A01021,WSTCSTPAPR,West Coast Paper Mills Ltd.,Paper & Paper Products,Commercial Services & Supplies,4294.83,650.25,WSTCSTPAPR,500444.0
INE0OXY01013,AFCOM,Afcom Holdings Ltd.,Warehousing & Logistics,Transportation,4250.79,1630.65,,544224.0
INE0OC301013,TURTLEMINT,Turtlemint Fintech Solutions Ltd.,Internet Software & Services,Software & Services,4242.85,144.08,TURTLEMINT,544799.0
INE715A01015,WHEELS,Wheels India Ltd.,Auto Parts & Equipment,Automobiles & Auto Components,4214.45,1724.9,WHEELS,590073.0
INE498B01024,SHOPERSTOP,Shoppers Stop Ltd.,Department Stores,Retailing,4207.1,381.75,SHOPERSTOP,532638.0
INE945F01025,DECNGOLD,Deccan Gold Mines Ltd.,Coal & Mining,Metals & Mining,4204.92,213.5,,512068.0
INE835D01023,HIRECT,Hirect Ltd.,Electronic Components,Commercial Services & Supplies,4201.66,1222.4,HIRECT,504036.0
INE998I01010,MHRIL,Mahindra Holidays & Resorts India Ltd.,Hotels,Hotels Restaurants & Tourism,4190.65,207.4,MHRIL,533088.0
INE896L01010,INDOSTAR,Indostar Capital Finance Ltd.,Finance (including NBFCs),Banking and Finance,4181.38,258.66,INDOSTAR,541336.0
INE17IR01028,LASERPOWER,Laser Power and Infra Ltd.,Wires & Cables,Consumer Durables,4149.99,295.65,LASERPOWER,544822.0
INE935B01025,MOSCHIP,MosChip Technologies Ltd.,IT Consulting & Software,Software & Services,4139.31,212.22,MOSCHIP,532407.0
INE0JUS01029,HARSHA,Harsha Engineers International Ltd.,Construction & Engineering,Cement and Construction,4136.59,454.35,HARSHA,543600.0
INE688D01026,RESPONIND,Responsive Industries Ltd.,Furniture-Furnishing,Diversified Consumer Services,4129.77,154.9,RESPONIND,505509.0
INE06ST01018,INDIQUBE,Indiqube Spaces Ltd.,Special Consumer Services,Diversified Consumer Services,4124.2,194.54,INDIQUBE,544454.0
INE005B01027,AVANTEL,Avantel Ltd.,Telecom Equipment,Telecommunications Equipment,4117.45,154.96,AVANTEL,532406.0
INE907A01026,KSL,Kalyani Steels Ltd.,Iron & Steel/Interm.Products,Metals & Mining,4105.57,940.5,KSL,500235.0
INE450D01021,PITTIENG,Pitti Engineering Ltd.,Other Electrical Equipment/Products,Consumer Durables,4085.04,1084.9,PITTIENG,513519.0
INE613A01020,RALLIS,Rallis India Ltd.,Agrochemicals,Chemicals & Petrochemicals,4060.9,208.82,RALLIS,500355.0
INE515A01019,COCKERILL,John Cockerill India Ltd.,Industrial Machinery,General Industrials,4046.58,8195.1,,500147.0
INE02ID01020,RAYMONDLSL,Raymond Lifestyle Ltd.,Textiles,Textiles Apparels & Accessories,4043.19,663.65,RAYMONDLSL,544240.0
INE234A01025,NOVARTIND,Novartis India Ltd.,Pharmaceuticals,Pharmaceuticals & Biotechnology,4042.13,1637.1,,500672.0
INE111B01023,63MOONS,63 Moons Technologies Ltd.,IT Consulting & Software,Software & Services,4038.78,876.5,63MOONS,526881.0
INE766P01016,MAHLOG,Mahindra Logistics Ltd.,Warehousing & Logistics,Transportation,4024.21,405.35,MAHLOG,540768.0
INE539A01019,GHCL,GHCL Ltd.,Commodity Chemicals,Chemicals & Petrochemicals,4022.43,436.6,GHCL,500171.0
INE758C01029,AHLUCONT,Ahluwalia Contracts (India) Ltd.,Construction & Engineering,Cement and Construction,4012.89,599.05,AHLUCONT,532811.0
INE421C01016,TVSSRICHAK,TVS Srichakra Ltd.,Auto Tyres & Rubber Products,Automobiles & Auto Components,4010.35,5237.5,TVSSRICHAK,509243.0
INE225D01027,SYMPHONY,Symphony Ltd.,Consumer Electronics,Consumer Durables,3985.34,580.35,SYMPHONY,517385.0
INE399K01017,RTNPOWER,RattanIndia Power Ltd.,Power - Electric Utilities,Utilities,3952.4,7.36,RTNPOWER,533122.0
INE244O01017,UNIPARTS,Uniparts India Ltd.,Heavy Electrical Equipment,General Industrials,3947.3,874.05,UNIPARTS,543689.0
INE731F01037,WELSPLSOL,Welspun Specialty Solutions Ltd.,Iron & Steel/Interm.Products,Metals & Mining,3943.86,59.52,,500365.0
INE767A01016,AARTIDRUGS,Aarti Drugs Ltd.,Pharmaceuticals,Pharmaceuticals & Biotechnology,3939.67,431.65,AARTIDRUGS,524348.0
INE0GK401011,TATVA,Tatva Chintan Pharma Chem Ltd.,Specialty Chemicals,Chemicals & Petrochemicals,3926.36,1678.5,TATVA,543321.0
INE358U01012,ZOTA,Zota Healthcare Ltd.,Pharmaceuticals,Pharmaceuticals & Biotechnology,3921.8,1132.4,ZOTA,
INE250A01039,KIRLOSIND,Kirloskar Industries Ltd.,Other Industrial Products,General Industrials,3921.66,3731.5,KIRLOSIND,500243.0
INE094I01018,KOLTEPATIL,Kolte-Patil Developers Ltd.,Realty,Realty,3918.33,441.85,KOLTEPATIL,532924.0
INE295D01020,NACLIND,NACL Industries Ltd.,Agrochemicals,Chemicals & Petrochemicals,3908.12,166.84,NACLIND,524709.0
INE0ILV01024,CAPILLARY,Capillary Technologies India Ltd.,IT Software Products,Software & Services,3900.24,490.05,CAPILLARY,544614.0
INE325D01025,SINDHUTRAD,Sindhu Trade Links Ltd.,Diversified,Diversified,3898.0,25.28,SINDHUTRAD,532029.0
INE925R01014,CMSINFO,CMS Info Systems Ltd.,Other Financial Services,Banking and Finance,3896.9,243.46,CMSINFO,543441.0
INE332H01014,INDOTECH,Indo Tech Transformers Ltd.,Heavy Electrical Equipment,General Industrials,3890.21,3663.1,INDOTECH,532717.0
INE270A01029,ALOKINDS,Alok Industries Ltd.,Textiles,Textiles Apparels & Accessories,3887.78,7.83,ALOKINDS,521070.0
INE056I01025,REFEX,Refex Industries Ltd.,Industrial Gases,General Industrials,3877.39,282.55,REFEX,532884.0
INE351A01035,UNICHEMLAB,Unichem Laboratories Ltd.,Pharmaceuticals,Pharmaceuticals & Biotechnology,3873.73,550.2,UNICHEMLAB,506690.0
INE349Y01013,IDEAFORGE,ideaForge Technology Ltd.,Aerospace & Defence,General Industrials,3862.6,777.05,IDEAFORGE,543932.0
INE758D01027,DHENUBUILD,Dhenu Buildcon Infra Ltd.,Finance (including NBFCs),Banking and Finance,3856.97,6.5,,501945.0
INE052V01019,CIANAGRO,CIAN Agro Industries & Infrastructure Ltd.,Edible Oils,FMCG,3850.72,1375.95,,519477.0
INE0JPD01013,SANATHAN,Sanathan Textiles Ltd.,Textiles,Textiles Apparels & Accessories,3850.52,456.2,SANATHAN,544314.0
INE834M01019,RTNINDIA,RattanIndia Enterprises Ltd.,Power - Electric Utilities,Utilities,3845.47,27.82,RTNINDIA,534597.0
INE0XAD01024,MIDWESTLTD,Midwest Ltd.,Construction Materials,Cement and Construction,3840.64,1062.1,MIDWESTLTD,544587.0
INE455I01029,KSCL,Kaveri Seed Company Ltd.,Other Agricultural Products,"Food, Beverages & Tobacco",3827.58,744.1,KSCL,532899.0
INE142Z01019,ORIENTELEC,Orient Electric Ltd.,Consumer Electronics,Consumer Durables,3823.3,179.19,ORIENTELEC,541301.0
INE193E01025,BAJAJELEC,Bajaj Electricals Ltd.,Household Appliances,Consumer Durables,3821.23,331.15,BAJAJELEC,500031.0
INE132H01018,AURIONPRO,Aurionpro Solutions Ltd.,IT Software Products,Software & Services,3811.4,689.7,AURIONPRO,532668.0
INE461C01038,GREENPLY,Greenply Industries Ltd.,Forest Products,Forest Materials,3805.76,304.7,GREENPLY,526797.0
INE989A01032,SANGHVIMOV,Sanghvi Movers Ltd.,Transport Related Services,Transportation,3802.42,439.2,SANGHVIMOV,530073.0
INE12NJ01018,SAMBHV,Sambhv Steel Tubes Ltd.,Iron & Steel Products,Metals & Mining,3792.13,128.69,SAMBHV,544430.0
INE753U01022,DIVGIITTS,Divgi Torqtransfer Systems Ltd.,Auto Parts & Equipment,Automobiles & Auto Components,3779.43,1235.8,DIVGIITTS,543812.0
INE278H01035,SANDHAR,Sandhar Technologies Ltd.,Auto Parts & Equipment,Automobiles & Auto Components,3755.9,624.0,SANDHAR,541163.0
INE0EK901012,TARC,TARC Ltd.,Realty,Realty,3747.43,126.99,TARC,543249.0
INE633B01018,POLYPLEX,Polyplex Corporation Ltd.,Containers & Packaging,Commercial Services & Supplies,3738.85,1191.0,POLYPLEX,524051.0
INE822C01015,TCPLPACK,TCPL Packaging Ltd.,Containers & Packaging,Commercial Services & Supplies,3723.63,4091.9,TCPLPACK,523301.0
INE01EO01010,SPECTRUM,Spectrum Electrical Industries Ltd.,Other Electrical Equipment/Products,Consumer Durables,3721.66,2368.4,SPECTRUM,544386.0
INE932X01026,SHAREINDIA,Share India Securities Ltd.,Capital Markets,Banking and Finance,3720.64,170.5,SHAREINDIA,540725.0
INE576I01022,JKIL,J Kumar Infraprojects Ltd.,Construction & Engineering,Cement and Construction,3687.56,487.35,JKIL,532940.0
INE567L01025,LORDSMARK,Lords Mark Industries Ltd.,Other Financial Services,Banking and Finance,3685.59,86.39,,501261.0
INE884A01027,VAIBHAVGBL,Vaibhav Global Ltd.,Other Apparels & Accessories,Textiles Apparels & Accessories,3666.47,218.74,VAIBHAVGBL,532156.0
INE0MWH01014,TRUALT,TruAlt Bioenergy Ltd.,Sugar,"Food, Beverages & Tobacco",3646.63,425.25,TRUALT,544545.0
INE063E01061,POCL,Pondy Oxides & Chemicals Ltd.,Other Non-Ferrous Metals,Metals & Mining,3644.57,477.8,POCL,532626.0
INE415I01015,KIRIINDUS,Kiri Industries Ltd.,Dyes & Pigments,Chemicals & Petrochemicals,3643.54,559.1,KIRIINDUS,532967.0
INE578A01017,HEIDELBERG,Heidelberg Cement India Ltd.,Cement & Cement Products,Cement and Construction,3629.66,160.17,HEIDELBERG,500292.0
INE764D01017,VSTTILLERS,VST Tillers Tractors Ltd.,Commercial Vehicles,Automobiles & Auto Components,3619.51,4187.6,VSTTILLERS,531266.0
INE0S3G01027,PACEDIGITK,Pace Digitek Ltd.,Telecom Cables,Telecommunications Equipment,3617.45,167.59,PACEDIGITK,544550.0
INE365D01021,ASHIANA,Ashiana Housing Ltd.,Realty,Realty,3614.37,359.55,ASHIANA,523716.0
INE0AJG01018,HEMIPROP,Hemisphere Properties India Ltd.,Realty,Realty,3606.68,126.55,HEMIPROP,543242.0
INE391J01032,JTLIND,JTL Industries Ltd.,Iron & Steel Products,Metals & Mining,3603.38,91.67,JTLIND,534600.0
INE189B01011,STYRENIX,Styrenix Performance Materials Ltd.,Specialty Chemicals,Chemicals & Petrochemicals,3593.09,2043.2,STYRENIX,506222.0
INE229H01012,NITINSPIN,Nitin Spinners Ltd.,Textiles,Textiles Apparels & Accessories,3592.74,639.05,NITINSPIN,532698.0
INE0FFK01017,NPST,Network People Services Technologies Ltd.,Misc. Commercial Services,Commercial Services & Supplies,3586.02,1718.8,NPST,544396.0
INE050H01012,RML,Rane (Madras) Ltd.,Auto Parts & Equipment,Automobiles & Auto Components,3581.49,1295.9,RML,532661.0
INE294Z01018,ANUP,The Anup Engineering Ltd.,Industrial Machinery,General Industrials,3577.23,1785.8,ANUP,542460.0
INE863B01029,PREMEXPLN,Premier Explosives Ltd.,Other Industrial Products,General Industrials,3569.74,664.0,PREMEXPLN,526247.0
INE495A01022,DALMIASUG,Dalmia Bharat Sugar and Industries Ltd.,Sugar,"Food, Beverages & Tobacco",3549.59,438.55,DALMIASUG,500097.0
INE978A01027,HERITGFOOD,Heritage Foods Ltd.,Packaged Foods,FMCG,3548.06,382.35,HERITGFOOD,519552.0
INE710A01016,VSTIND,VST Industries Ltd.,Cigarettes-Tobacco Products,"Food, Beverages & Tobacco",3535.66,208.15,VSTIND,509966.0
INE150G01020,LUXIND,Lux Industries Ltd.,Other Apparels & Accessories,Textiles Apparels & Accessories,3533.73,1175.1,LUXIND,539542.0
INE1SY401010,RAYMONDREL,Raymond Realty Ltd.,Realty,Realty,3522.75,529.15,RAYMONDREL,544420.0
INE050M01012,VSSL,Vardhman Special Steels Ltd.,Iron & Steel Products,Metals & Mining,3521.37,364.15,VSSL,534392.0
INE634I01029,KNRCON,KNR Constructions Ltd.,Construction & Engineering,Cement and Construction,3505.87,124.66,KNRCON,532942.0
INE046W01019,MUTHOOTMF,Muthoot Microfin Ltd.,Microfinance Institutions,Banking and Finance,3500.03,205.29,MUTHOOTMF,544055.0
INE0LLY01014,EIEL,Enviro Infra Engineers Ltd.,Utilities:Non-Electrical,Utilities,3496.03,199.17,EIEL,544290.0
INE950I01011,DBCORP,DB Corp Ltd.,Publishing,Commercial Services & Supplies,3487.55,195.65,DBCORP,533151.0
INE185Q01025,LUMINO,Lumino Industries Ltd.,Wires & Cables,Consumer Durables,3487.14,114.5,LUMINO,544894.0
INE812G01025,SMSPHARMA,SMS Pharmaceuticals Ltd.,Pharmaceuticals,Pharmaceuticals & Biotechnology,3479.59,392.5,SMSPHARMA,532815.0
INE488V01015,PSPPROJECT,PSP Projects Ltd.,Construction & Engineering,Cement and Construction,3470.64,875.5,PSPPROJECT,540544.0
INE976R01033,AGIIL,AGI Infra Ltd.,Realty,Realty,3465.88,283.7,AGIIL,539042.0
INE870D01012,NFL,National Fertilizers Ltd.,Fertilizers,Fertilizers,3459.07,70.51,NFL,523630.0
INE816B01035,FILATEX,Filatex India Ltd.,Textiles,Textiles Apparels & Accessories,3451.22,77.72,FILATEX,526227.0
INE414D01027,BHAGCHEM,Bhagiradha Chemicals & Industries Ltd.,Agrochemicals,Chemicals & Petrochemicals,3431.04,264.6,BHAGCHEM,531719.0
INE08U801020,SAMHI,Samhi Hotels Ltd.,Hotels,Hotels Restaurants & Tourism,3424.12,153.99,SAMHI,543984.0
INE552U01010,KPL,Kwality Pharmaceuticals Ltd.,Pharmaceuticals,Pharmaceuticals & Biotechnology,3417.82,3293.9,,539997.0
INE066O01014,WONDERLA,Wonderla Holidays Ltd.,Other Leisure Facilities,Diversified Consumer Services,3387.76,533.9,WONDERLA,538268.0
INE0JA001018,VENUSPIPES,Venus Pipes & Tubes Ltd.,Iron & Steel Products,Metals & Mining,3378.8,1631.0,VENUSPIPES,543528.0
INE03CC01015,JUBLCPL,Jubilant Agri and Consumer Products Ltd.,Other Agricultural Products,"Food, Beverages & Tobacco",3367.79,2222.6,JUBLCPL,544355.0
INE0RUV01018,AIMTRON,Aimtron Electronics Ltd.,Electronic Components,Commercial Services & Supplies,3366.9,1582.6,AIMTRON,
INE818A01017,ANTELOPUS,Antelopus Selan Energy Ltd.,Exploration & Production,Oil & Gas,3365.57,957.15,ANTELOPUS,530075.0
INE643A01035,JTEKTINDIA,JTEKT India Ltd.,Auto Parts & Equipment,Automobiles & Auto Components,3363.99,121.27,JTEKTINDIA,520057.0
INE124E01038,STEELCAS,Steel Cast Ltd.,Castings & Forgings,General Industrials,3319.87,328.05,STEELCAS,513517.0
INE0L9R01028,GOPAL,Gopal Snacks Ltd.,Packaged Foods,FMCG,3304.92,265.1,GOPAL,544140.0
INE0I0M01023,PRABHA,Prabha Energy Ltd.,Exploration & Production,Oil & Gas,3300.54,230.6,PRABHA,544379.0
INE116A01032,APCOTEXIND,Apcotex Industries Ltd.,Auto Tyres & Rubber Products,Automobiles & Auto Components,3294.75,635.5,APCOTEXIND,523694.0
INE11XY01018,CMLL,Caliber Mining and Logistics Ltd.,Diversified,Diversified,3288.73,503.05,CMLL,544833.0
INE139R01012,FUSION,Fusion Finance Ltd.,Microfinance Institutions,Banking and Finance,3286.17,203.19,FUSION,543652.0
INE837H01020,ADVENZYMES,Advanced Enzyme Technologies Ltd.,Biotechnology,Pharmaceuticals & Biotechnology,3283.14,293.2,ADVENZYMES,540025.0
INE549H01021,ARSSBL,Anand Rathi Share & Stock Brokers Ltd.,Capital Markets,Banking and Finance,3248.23,515.05,ARSSBL,544530.0
INE482D01024,CARYSIL,Carysil Ltd.,Household Products,Consumer Durables,3244.73,1140.8,CARYSIL,524091.0
INE442H01029,ASHOKA,Ashoka Buildcon Ltd.,Roads & Highways,Cement and Construction,3243.76,115.55,ASHOKA,533271.0
INE707A01012,VINDHYATEL,Vindhya Telelinks Ltd.,Construction & Engineering,Cement and Construction,3238.5,2732.7,VINDHYATEL,517015.0
INE855C01023,WEBELSOLAR,Websol Energy Systems Ltd.,Other Electrical Equipment/Products,Consumer Durables,3235.82,74.53,WEBELSOLAR,517498.0
INE440T01028,SEIL,Shanti Educational Initiatives Ltd.,Education,Diversified Consumer Services,3234.83,200.8,,539921.0
INE266Y01019,DPABHUSHAN,D P Abhushan Ltd.,Gems & Jewellery,Textiles Apparels & Accessories,3228.32,1414.2,DPABHUSHAN,544161.0
INE899L01030,UEL,Ujaas Energy Ltd.,Heavy Electrical Equipment,General Industrials,3222.89,241.6,UEL,533644.0
INE0L1C01019,KESAR,Kesar India Ltd.,Realty,Realty,3219.78,1150.0,,543542.0
INE760L01018,TBZ,Tribhovandas Bhimji Zaveri Ltd.,Gems & Jewellery,Textiles Apparels & Accessories,3208.74,480.85,TBZ,534369.0
INE681B01017,INDRAMEDCO,Indraprastha Medical Corporation Ltd.,Healthcare Facilities,Healthcare,3205.8,349.7,INDRAMEDCO,532150.0
INE206N01018,RELTD,Ravindra Energy Ltd.,Power - Electric Utilities,Utilities,3204.19,161.37,RELTD,504341.0
INE266D01021,GRAUWEIL,Grauer & Weil (India) Ltd.,Commodity Chemicals,Chemicals & Petrochemicals,3199.72,70.57,,505710.0
INE040D01038,MAYURUNIQ,Mayur Uniquoters Ltd.,Textiles,Textiles Apparels & Accessories,3193.11,734.85,MAYURUNIQ,522249.0
INE162A01010,GIPCL,Gujarat Industries Power Company Ltd.,Power - Electric Utilities,Utilities,3184.72,205.18,GIPCL,517300.0
INE0BYP01024,OSWALPUMPS,Oswal Pumps Ltd.,Compressors & Pumps,General Industrials,3183.02,279.2,OSWALPUMPS,544418.0
INE683C01011,MAITHANALL,Maithan Alloys Ltd.,Iron & Steel/Interm.Products,Metals & Mining,3174.77,1090.55,MAITHANALL,590078.0
INE922A01025,BEPL,Bhansali Engineering Polymers Ltd.,Specialty Chemicals,Chemicals & Petrochemicals,3172.95,127.5,BEPL,500052.0
INE401H01017,KKCL,Kewal Kiran Clothing Ltd.,Other Apparels & Accessories,Textiles Apparels & Accessories,3169.38,514.3,KKCL,532732.0
INE450U01017,ROUTE,Route Mobile Ltd.,Internet Software & Services,Software & Services,3159.92,501.55,ROUTE,543228.0
INE310A01015,NILKAMAL,Nilkamal Ltd.,Plastic Products,General Industrials,3158.35,2116.5,NILKAMAL,523385.0
INE0Q8P01029,BONDADA,Bondada Engineering Ltd.,Construction & Engineering,Cement and Construction,3151.93,282.25,,543971.0
INE24OJ01011,BUILDPRO,Shankara Buildpro Ltd.,Construction Materials,Cement and Construction,3148.04,1298.2,BUILDPRO,544517.0
INE052A01021,WINDMACHIN,Windsor Machines Ltd.,Industrial Machinery,General Industrials,3147.75,304.25,WINDMACHIN,522029.0
INE926X01010,HGINFRA,HG Infra Engineering Ltd.,Construction & Engineering,Cement and Construction,3141.25,482.0,HGINFRA,541019.0
INE883N01014,PARAGMILK,Parag Milk Foods Ltd.,Packaged Foods,FMCG,3135.22,249.6,PARAGMILK,539889.0
INE172N01012,IMAGICAA,Imagicaaworld Entertainment Ltd.,Other Leisure Facilities,Diversified Consumer Services,3133.74,55.38,IMAGICAA,539056.0
INE689W01016,PRINCEPIPE,Prince Pipes & Fittings Ltd.,Plastic Products,General Industrials,3128.88,283.0,PRINCEPIPE,542907.0
INE342G01023,NIITMTS,NIIT Learning Systems Ltd.,Education,Diversified Consumer Services,3118.04,225.94,NIITMTS,543952.0
INE094B01013,ASHIKA,Ashika Global Securities Ltd.,Finance (including NBFCs),Banking and Finance,3111.96,422.1,,543766.0
INE445C01015,XPROINDIA,Xpro India Ltd.,Containers & Packaging,Commercial Services & Supplies,3110.06,1325.1,XPROINDIA,590013.0
INE02PY01013,BOROLTD,Borosil Ltd.,Houseware,Consumer Durables,3096.84,258.96,BOROLTD,543212.0
INE915B01019,INDSWFTLAB,Ind-Swift Laboratories Ltd.,Pharmaceuticals,Pharmaceuticals & Biotechnology,3095.4,355.95,INDSWFTLAB,532305.0
INE314H01012,TECHNVISN,TechNVision Ventures Ltd.,IT Consulting & Software,Software & Services,3076.76,4903.2,,501421.0
INE624Z01016,SOLARA,Solara Active Pharma Sciences Ltd.,Pharmaceuticals,Pharmaceuticals & Biotechnology,3071.63,639.15,SOLARA,541540.0
INE202H01019,KERNEX,Kernex Microsystems (India) Ltd.,Transport Related Services,Transportation,3053.21,1817.0,KERNEX,532686.0
INE01FR01028,STYLEBAAZA,Baazar Style Retail Ltd.,Department Stores,Retailing,3046.6,400.25,STYLEBAAZA,544243.0
INE506A01018,DREDGECORP,Dredging Corporation Of India Ltd.,Shipping,Transportation,3045.56,1087.7,DREDGECORP,523618.0
INE164A01016,BALMLAWRIE,Balmer Lawrie & Company Ltd.,Diversified,Diversified,3043.53,177.98,BALMLAWRIE,523319.0
INE227C01017,MMFL,M M Forgings Ltd.,Castings & Forgings,General Industrials,3042.22,630.1,MMFL,522241.0
INE411H01032,RSYSTEMS,R Systems International Ltd.,IT Consulting & Software,Software & Services,3034.92,256.12,RSYSTEMS,532735.0
INE0V7W01012,CARRARO,Carraro India Ltd.,Commercial Vehicles,Automobiles & Auto Components,3033.88,533.65,CARRARO,544320.0
INE039O01029,JASH,Jash Engineering Ltd.,Iron & Steel Products,Metals & Mining,3023.82,478.5,JASH,544402.0
INE347A01017,MANGLMCEM,Mangalam Cement Ltd.,Cement & Cement Products,Cement and Construction,3011.5,1095.2,MANGLMCEM,502157.0
INE305C01029,PANAMAPET,Panama Petrochem Ltd.,Refineries/Petro-Products,Oil & Gas,2997.16,495.45,PANAMAPET,524820.0
INE903D01011,MONARCH,Monarch Networth Capital Ltd.,Capital Markets,Banking and Finance,2997.06,377.9,MONARCH,511551.0
INE579B01039,ELPROINTL,Elpro International Ltd.,Realty,Realty,2965.88,175.0,,504000.0
INE182D01020,MARATHON,Marathon Nextgen Realty Ltd.,Realty,Realty,2953.4,437.9,MARATHON,503101.0
INE034S01021,ARVSMART,Arvind SmartSpaces Ltd.,Realty,Realty,2946.95,642.5,ARVSMART,539301.0
INE197D01010,JINDALPOLY,Jindal Poly Films Ltd.,Containers & Packaging,Commercial Services & Supplies,2943.98,672.35,JINDALPOLY,500227.0
INE023A01030,NSIL,Nalwa Sons Investments Ltd.,Finance (including NBFCs),Banking and Finance,2938.68,5721.5,NSIL,532256.0
INE045A01017,ADOR,Ador Welding Ltd.,Other Industrial Goods,General Industrials,2913.92,1674.4,ADOR,517041.0
INE885H01029,SPORTKING,Sportking India Ltd.,Textiles,Textiles Apparels & Accessories,2912.74,229.22,SPORTKING,539221.0
INE982B01027,ADFFOODS,ADF Foods Ltd.,Packaged Foods,FMCG,2909.19,264.8,ADFFOODS,519183.0
INE495C01010,SANGAMIND,Sangam (India) Ltd.,Textiles,Textiles Apparels & Accessories,2908.27,578.8,SANGAMIND,514234.0
INE0NLT01010,BLSE,BLS E-Services Ltd.,Misc. Commercial Services,Commercial Services & Supplies,2907.86,320.05,BLSE,544107.0
INE060A01024,NAVNETEDUL,Navneet Education Ltd.,Publishing,Commercial Services & Supplies,2902.54,131.21,NAVNETEDUL,508989.0
INE713R01022,GSPCROP,GSP Crop Science Ltd.,Agrochemicals,Chemicals & Petrochemicals,2880.68,619.25,GSPCROP,544733.0
INE163A01018,NOCIL,NOCIL Ltd.,Specialty Chemicals,Chemicals & Petrochemicals,2880.18,172.44,NOCIL,500730.0
INE615I01010,GLOBUSSPR,Globus Spirits Ltd.,Breweries & Distilleries,"Food, Beverages & Tobacco",2876.51,914.3,GLOBUSSPR,533104.0
INE0Q3R01026,SUNCLAY,Sundaram-Clayton Ltd.,Auto Parts & Equipment,Automobiles & Auto Components,2875.71,1304.4,SUNCLAY,544066.0
INE00M901018,INTERARCH,Interarch Building Solutions Ltd.,Construction & Engineering,Cement and Construction,2870.71,1707.0,INTERARCH,544232.0
INE426A01027,ALEMBICLTD,Alembic Ltd.,Pharmaceuticals,Pharmaceuticals & Biotechnology,2860.81,111.41,ALEMBICLTD,506235.0
INE886D01026,EFCIL,EFC (I) Ltd.,Realty,Realty,2858.91,193.24,EFCIL,512008.0
INE0N2P01017,RISHABH,Rishabh Instruments Ltd.,Other Electrical Equipment/Products,Consumer Durables,2857.58,738.45,RISHABH,543977.0
INE231F01020,SASKEN,Sasken Technologies Ltd.,IT Consulting & Software,Software & Services,2857.04,1881.3,SASKEN,532663.0
INE579C01029,VIMTALABS,Vimta Labs Ltd.,Healthcare Services,Healthcare,2840.52,635.65,VIMTALABS,524394.0
INE0HR601026,DDEVPLSTIK,Ddev Plastiks Industries Ltd.,Plastic Products,General Industrials,2825.01,273.0,DDEVPLSTIK,543547.0
INE614A01028,RAMCOIND,Ramco Industries Ltd.,Construction Materials,Cement and Construction,2807.15,323.25,RAMCOIND,532369.0
INE0S4R01014,CRIZAC,Crizac Ltd.,Education,Diversified Consumer Services,2804.79,160.29,CRIZAC,544439.0
INE529A01010,FMGOETZE,Federal-Mogul Goetze (India) Ltd.,Auto Parts & Equipment,Automobiles & Auto Components,2789.67,501.45,FMGOETZE,505744.0
INE393P01035,DIAMONDYD,Prataap Snacks Ltd.,Packaged Foods,FMCG,2771.81,1158.3,DIAMONDYD,540724.0
INE00IN01015,STOVEKRAFT,Stove Kraft Ltd.,Household Appliances,Consumer Durables,2756.35,832.55,STOVEKRAFT,543260.0
INE1DV401010,MONOLITH,Monolithisch India Ltd.,Electrodes & Refractories,General Industrials,2751.02,1265.65,MONOLITH,
INE425Y01011,RPSGVENT,RPSG Ventures Ltd.,IT Consulting & Software,Software & Services,2750.8,831.4,RPSGVENT,542333.0
INE475B01022,HIKAL,Hikal Ltd.,Pharmaceuticals,Pharmaceuticals & Biotechnology,2740.98,222.3,HIKAL,524735.0
INE552D01024,CONFIPET,Confidence Petroleum India Ltd.,Oil Marketing & Distribution,Oil & Gas,2740.32,82.48,CONFIPET,526829.0
INE382M01027,UFBL,United Foodbrands Ltd.,Restaurants,Hotels Restaurants & Tourism,2739.61,700.35,UFBL,543283.0
INE385W01011,DCAL,Dishman Carbogen Amcis Ltd.,Pharmaceuticals,Pharmaceuticals & Biotechnology,2733.98,174.38,DCAL,540701.0
INE079J01017,GATEWAY,Gateway Distriparks Ltd.,Warehousing & Logistics,Transportation,2732.55,54.69,GATEWAY,543489.0
INE317W01030,COLAB,Colab Platforms Ltd.,Other Financial Services,Banking and Finance,2727.48,133.7,,542866.0
INE08KJ01020,MUFIN,Mufin Green Finance Ltd.,Finance (including NBFCs),Banking and Finance,2725.92,137.56,MUFIN,542774.0
INE00GK01023,YASHHV,Yash Highvoltage Ltd.,Heavy Electrical Equipment,General Industrials,2719.81,950.65,,544310.0
INE244B01030,PATELENG,Patel Engineering Ltd.,Construction & Engineering,Cement and Construction,2706.56,27.28,PATELENG,531120.0
INE920A01037,DOLPHIN,Dolphin Offshore Enterprises (India) Ltd.,Oil Equipment & Services,Oil & Gas,2696.31,674.0,DOLPHIN,522261.0
INE198501012,EUROPRATIK,Euro Pratik Sales Ltd.,Furniture-Furnishing,Diversified Consumer Services,2695.52,263.75,EUROPRATIK,544519.0
INE212I01016,SPAL,S P Apparels Ltd.,Other Apparels & Accessories,Textiles Apparels & Accessories,2692.63,1071.1,SPAL,540048.0
INE488A01050,CHEMPLASTS,Chemplast Sanmar Ltd.,Specialty Chemicals,Chemicals & Petrochemicals,2692.45,170.29,CHEMPLASTS,543336.0
INE703H01016,HUBTOWN,Hubtown Ltd.,Realty,Realty,2689.4,189.26,HUBTOWN,532799.0
INE845D01014,GANECOS,Ganesha Ecosphere Ltd.,Textiles,Textiles Apparels & Accessories,2679.33,999.9,GANECOS,514167.0
INE126J01016,APOLLOPIPE,Apollo Pipes Ltd.,Plastic Products,General Industrials,2665.36,605.1,APOLLOPIPE,531761.0
INE876N01018,ORIENTCEM,Orient Cement Ltd.,Cement & Cement Products,Cement and Construction,2664.4,129.68,ORIENTCEM,535754.0
INE520G01024,AXISOL,Axis Solutions Ltd.,IT Consulting & Software,Software & Services,2631.45,556.8,,511144.0
INE092B01025,INDNIPPON,India Nippon Electricals Ltd.,Auto Parts & Equipment,Automobiles & Auto Components,2620.01,1158.2,INDNIPPON,532240.0
INE717W01049,GANDHAR,Gandhar Oil Refinery (India) Ltd.,Refineries/Petro-Products,Oil & Gas,2619.26,267.6,GANDHAR,544029.0
INE1AG301022,GKENERGY,GK Energy Ltd.,Compressors & Pumps,General Industrials,2615.53,128.96,GKENERGY,544525.0
INE735W01017,UTKARSHBNK,Utkarsh Small Finance Bank Ltd.,Microfinance Institutions,Banking and Finance,2590.99,14.56,UTKARSHBNK,543942.0
INE464A01036,BBL,Bharat Bijlee Ltd.,Other Electrical Equipment/Products,Consumer Durables,2587.62,2289.3,BBL,503960.0
INE725E01024,ORISSAMINE,The Orissa Minerals Development Company Ltd.,Coal & Mining,Metals & Mining,2587.02,4311.7,ORISSAMINE,590086.0
INE484C01030,VEEDOL,Veedol Corporation Ltd.,Oil Marketing & Distribution,Oil & Gas,2573.18,1476.8,VEEDOL,590005.0
INE602G01020,KITEX,Kitex Garments Ltd.,Other Apparels & Accessories,Textiles Apparels & Accessories,2570.56,128.85,KITEX,521248.0
INE00Y201027,FLAIR,Flair Writing Industries Ltd,Commodity Printing/Stationery,Commercial Services & Supplies,2568.59,243.71,FLAIR,544030.0
INE488B01017,TASTYBITE,Tasty Bite Eatables Ltd.,Packaged Foods,FMCG,2561.38,9982.0,TASTYBITE,519091.0
INE449A01011,AUTOAXLES,Automotive Axles Ltd.,Auto Parts & Equipment,Automobiles & Auto Components,2551.96,1688.7,AUTOAXLES,505010.0
INE02A801020,ROSSARI,Rossari Biotech Ltd.,Specialty Chemicals,Chemicals & Petrochemicals,2549.51,460.25,ROSSARI,543213.0
INE456Z01021,MEDIASSIST,Medi Assist Healthcare Services Ltd.,Healthcare Services,Healthcare,2542.48,340.35,MEDIASSIST,544088.0
INE934C01018,DRAGARWQ,Dr. Agarwal's Eye Hospital Ltd.,Healthcare Facilities,Healthcare,2534.43,5392.4,,526783.0
INE637C01025,POKARNA,Pokarna Ltd.,Construction Materials,Cement and Construction,2533.49,817.15,POKARNA,532486.0
INE451D01029,RAJRATAN,Rajratan Global Wire Ltd.,Auto Parts & Equipment,Automobiles & Auto Components,2530.17,498.35,RAJRATAN,517522.0
INE187D01029,TALBROAUTO,Talbros Automotive Components Ltd.,Auto Parts & Equipment,Automobiles & Auto Components,2516.97,407.75,TALBROAUTO,505160.0
INE276G01015,ASIANENE,Asian Energy Services Ltd.,Oil Equipment & Services,Oil & Gas,2515.38,517.45,ASIANENE,530355.0
INE076B01028,SIYSIL,Siyaram Silk Mills Ltd.,Textiles,Textiles Apparels & Accessories,2507.38,552.65,SIYSIL,503811.0
INE750A01020,ORIENTHOT,Oriental Hotels Ltd.,Hotels,Hotels Restaurants & Tourism,2499.14,139.93,ORIENTHOT,500314.0
INE209A01019,SUNDROP,Sundrop Brands Ltd.,Edible Oils,FMCG,2497.42,662.5,SUNDROP,500215.0
INE771F01041,FISCHER,Fischer Medical Ventures Ltd.,Commodity Chemicals,Chemicals & Petrochemicals,2496.44,36.04,FISCHER,524743.0
INE792Z01011,SIRCA,Sirca Paints India Ltd.,Paints,Consumer Durables,2494.62,439.25,SIRCA,543686.0
INE800H01010,OMAXE,Omaxe Ltd.,Realty,Realty,2494.4,136.38,OMAXE,532880.0
INE0OAF01028,JNKINDIA,JNK India Ltd.,Other Industrial Products,General Industrials,2490.23,445.05,JNKINDIA,544167.0
INE777F01014,EXICOM,Exicom Tele-Systems Ltd.,Power - Electric Utilities,Utilities,2473.53,177.85,EXICOM,544133.0
INE498Q01014,VINCOFE,Vintage Coffee And Beverages Ltd.,Commodity Trading  & Distribution,Commercial Services & Supplies,2464.84,170.65,VINCOFE,538920.0
INE351Y01019,BETA,Beta Drugs Ltd.,Pharmaceuticals,Pharmaceuticals & Biotechnology,2459.41,2218.5,BETA,531481.0
INE343B01030,RAJESHEXPO,Rajesh Exports Ltd.,Gems & Jewellery,Textiles Apparels & Accessories,2451.25,83.02,RAJESHEXPO,531500.0
INE0OUT01019,ORIANA,Oriana Power Ltd.,Green & Renewable Energy,Utilities,2449.89,1205.7,ORIANA,
INE345A01011,HINDOILEXP,Hindustan Oil Exploration Company Ltd.,Exploration & Production,Oil & Gas,2446.5,185.0,HINDOILEXP,500186.0
INE751B01018,PIXTRANS,Pix Transmissions Ltd.,Auto Tyres & Rubber Products,Automobiles & Auto Components,2441.23,1791.7,PIXTRANS,500333.0
INE836B01017,SATIN,Satin Creditcare Network Ltd.,Microfinance Institutions,Banking and Finance,2438.65,220.75,SATIN,539404.0
INE07K301024,ZAGGLE,Zaggle Prepaid Ocean Services Ltd.,IT Software Products,Software & Services,2430.6,180.77,ZAGGLE,543985.0
INE858F01012,NITCO,Nitco Ltd.,Ceramics,Consumer Durables,2427.26,96.1,NITCO,532722.0
INE873D01024,INDOCO,Indoco Remedies Ltd.,Pharmaceuticals,Pharmaceuticals & Biotechnology,2423.06,262.51,INDOCO,532612.0
INE757A01017,COSMOFIRST,Cosmo First Ltd.,Containers & Packaging,Commercial Services & Supplies,2414.58,919.85,COSMOFIRST,508814.0
INE874I01013,RAMKY,Ramky Infrastructure Ltd.,Construction & Engineering,Cement and Construction,2403.93,347.4,RAMKY,533262.0
INE0RYC01010,STALLION,Stallion India Fluorochemicals Ltd.,Specialty Chemicals,Chemicals & Petrochemicals,2399.26,206.68,STALLION,544342.0
INE988S01028,PARKHOTELS,Apeejay Surrendra Park Hotels Ltd.,Hotels,Hotels Restaurants & Tourism,2393.63,112.18,PARKHOTELS,544111.0
INE415B01044,MARSONS,Marsons Ltd.,Heavy Electrical Equipment,General Industrials,2366.38,137.5,,517467.0
INE934S01014,GNA,GNA Axles Ltd.,Auto Parts & Equipment,Automobiles & Auto Components,2365.7,551.05,GNA,540124.0
INE600Y01019,DYCL,Dynamic Cables Ltd.,Wires & Cables,Consumer Durables,2364.3,487.9,DYCL,540795.0
INE0H5O01029,WINDLAS,Windlas Biotech Ltd.,Pharmaceuticals,Pharmaceuticals & Biotechnology,2364.02,1126.35,WINDLAS,543329.0
INE0ALI01010,ADVAIT,Advait Energy Transitions Ltd.,Wires & Cables,Consumer Durables,2362.77,2151.3,ADVAIT,543230.0
INE384A01010,RANEHOLDIN,Rane Holdings Ltd.,Holding Companies,Diversified,2357.41,1651.1,RANEHOLDIN,505800.0
INE155D01018,SELECTRIC,Schneider Electric President Systems Ltd.,Industrial Machinery,General Industrials,2350.13,1942.9,,544786.0
INE893J01029,MOLDTKPAC,Mold-Tek Packaging Ltd.,Containers & Packaging,Commercial Services & Supplies,2348.12,706.65,MOLDTKPAC,533080.0
INE0MB501011,JGCHEM,J G Chemicals Ltd.,Specialty Chemicals,Chemicals & Petrochemicals,2343.92,598.15,JGCHEM,544138.0
INE032A01023,BOMDYEING,Bombay Dyeing & Manufacturing Company Ltd.,Textiles,Textiles Apparels & Accessories,2343.55,113.47,BOMDYEING,500020.0
INE398A01010,VENKEYS,Venky's (India) Ltd.,Packaged Foods,FMCG,2337.93,1659.6,VENKEYS,523261.0
INE0IQ001011,VERANDA,Veranda Learning Solutions Ltd.,IT Training Services,Software & Services,2337.76,242.63,VERANDA,543514.0
INE922B01023,PANACEABIO,Panacea Biotec Ltd.,Biotechnology,Pharmaceuticals & Biotechnology,2335.18,381.25,PANACEABIO,531349.0
INE036A01016,RELINFRA,Reliance Infrastructure Ltd.,Power - Electric Utilities,Utilities,2330.02,57.02,RELINFRA,500390.0
INE0MLS01022,EPACKPEB,EPack Prefab Technologies Ltd.,Construction & Engineering,Cement and Construction,2325.68,231.11,EPACKPEB,544540.0
INE0QRL01017,ARKADE,Arkade Developers Ltd.,Realty,Realty,2324.88,125.22,ARKADE,544261.0
INE298G01035,AJMERA,Ajmera Realty & Infra India Ltd.,Realty,Realty,2317.46,117.76,AJMERA,513349.0
INE461D01028,HLEGLAS,HLE Glascoat Ltd.,Industrial Machinery,General Industrials,2317.36,333.65,HLEGLAS,522215.0
INE128A01029,EVEREADY,Eveready Industries India Ltd.,Household Products,Consumer Durables,2310.73,317.9,EVEREADY,531508.0
INE007B01023,GEOJITFSL,Geojit Financial Services Ltd.,Capital Markets,Banking and Finance,2308.1,82.72,GEOJITFSL,532285.0
INE121N01019,THEJO,Thejo Engineering Ltd.,Industrial Machinery,General Industrials,2305.55,2125.3,THEJO,
INE246B01019,RAMCOSYS,Ramco Systems Ltd.,IT Consulting & Software,Software & Services,2297.91,611.2,RAMCOSYS,532370.0
INE0H9F01037,SAIPARENT,Sai Parenterals Ltd.,Pharmaceuticals,Pharmaceuticals & Biotechnology,2295.33,519.55,SAIPARENT,544742.0
INE17QZ01016,KNACK,Knack Packaging Ltd.,Containers & Packaging,Commercial Services & Supplies,2291.9,187.3,KNACK,544814.0
INE932A01024,PENIND,Pennar Industries Ltd.,Iron & Steel/Interm.Products,Metals & Mining,2288.15,169.56,PENIND,513228.0
INE355A01028,SOMANYCERA,Somany Ceramics Ltd.,Ceramics,Consumer Durables,2285.85,557.35,SOMANYCERA,531548.0
INE551C01044,SHUKRAPHAR,Shukra Pharmaceuticals Ltd.,Pharmaceuticals,Pharmaceuticals & Biotechnology,2284.24,51.96,,524632.0
INE18UN01038,GAJA,Gaja Alternative Asset Management Ltd.,Asset Management Cos.,Banking and Finance,2271.67,161.1,GAJA,544885.0
INE029L01018,KICL,Kalyani Investment Company Ltd.,Investment Companies,Others,2271.27,5203.0,KICL,533302.0
INE411B01019,VENUSREM,Venus Remedies Ltd.,Pharmaceuticals,Pharmaceuticals & Biotechnology,2264.9,1694.4,VENUSREM,526953.0
INE0P9J01013,AMIC,AMIC Forging Ltd.,Castings & Forgings,General Industrials,2258.1,2152.95,,544037.0
INE622Q01027,MOBAVENUE,Mobavenue AI Tech Ltd.,Education,Diversified Consumer Services,2257.12,300.95,,539682.0
INE732S01012,SAKAR,Sakar Healthcare Ltd.,Pharmaceuticals,Pharmaceuticals & Biotechnology,2255.92,1013.9,SAKAR,
INE879K01018,KMCSHIL,KMC Speciality Hospitals (India) Ltd.,Healthcare Facilities,Healthcare,2254.65,138.25,,524520.0
INE603A01013,PRAKASH,Prakash Industries Ltd.,Iron & Steel/Interm.Products,Metals & Mining,2249.8,125.63,PRAKASH,506022.0
INE03NU01014,BRIGHOTEL,Brigade Hotel Ventures Ltd.,Hotels,Hotels Restaurants & Tourism,2248.29,59.19,BRIGHOTEL,544457.0
INE612J01015,REPCOHOME,Repco Home Finance Ltd.,Housing Finance,Banking and Finance,2244.39,358.75,REPCOHOME,535322.0
INE338F01015,KLBRENG-B,Kilburn Engineering Ltd.,Industrial Machinery,General Industrials,2223.15,468.15,,522101.0
INE0N0J01014,CNCRD,Concord Control Systems Ltd.,Electronic Components,Commercial Services & Supplies,2222.04,2195.65,,543619.0
INE0Q7P01013,KODYTECH,Kody Technolab Ltd.,IT Consulting & Software,Software & Services,2219.22,1569.95,KODYTECH,
INE175A01038,JISLJALEQS,Jain Irrigation Systems Ltd.,Plastic Products,General Industrials,2206.0,30.87,JISLJALEQS,500219.0
INE392H01026,KETOMOTORS,Keto Motors Ltd.,Department Stores,Retailing,2189.46,310.85,,537392.0
INE07O001026,EASEMYTRIP,Easy Trip Planners Ltd.,Travel Support Services,Diversified Consumer Services,2182.11,6.0,EASEMYTRIP,543272.0
INE04AK01028,SBC,SBC Exports Ltd.,Other Apparels & Accessories,Textiles Apparels & Accessories,2179.05,45.76,SBC,542725.0
INE05CZ01011,RATNAVEER,Ratnaveer Precision Engineering Ltd.,Iron & Steel Products,Metals & Mining,2176.73,304.75,RATNAVEER,543978.0
INE0R4701017,ALPEXSOLAR,Alpex Solar Ltd.,Power - Electric Utilities,Utilities,2176.42,889.3,ALPEXSOLAR,
INE109C01017,ARMANFIN,Arman Financial Services Ltd.,Finance (including NBFCs),Banking and Finance,2175.83,2069.3,ARMANFIN,531179.0
INE903A01025,JAYKAY,Jaykay Enterprises Ltd.,Aerospace & Defence,General Industrials,2160.46,153.69,JAYKAY,500306.0
INE927X01018,ELCIDIN,Elcid Investments Ltd.,Misc. Commercial Services,Commercial Services & Supplies,2152.0,107600.0,,503681.0
INE074B01023,PARACABLES,Paramount Communications Ltd.,Wires & Cables,Consumer Durables,2143.75,65.51,PARACABLES,530555.0
INE059B01024,SIMPLEXINF,Simplex Infrastructures Ltd.,Construction & Engineering,Cement and Construction,2139.53,270.5,SIMPLEXINF,523838.0
INE818W01011,ESAFSFB,ESAF Small Finance Bank Ltd.,Microfinance Institutions,Banking and Finance,2137.21,41.41,ESAFSFB,544020.0
INE625X01026,SILVERTUC,Silver Touch Technologies Ltd.,IT Consulting & Software,Software & Services,2130.03,167.97,SILVERTUC,543525.0
INE0OV601013,EMSLIMITED,EMS Ltd.,Waste Management,Utilities,2127.11,383.05,EMSLIMITED,543983.0
INE0KQN01018,BAJEL,Bajel Projects Ltd.,Heavy Electrical Equipment,General Industrials,2126.74,183.82,BAJEL,544042.0
INE586V01016,TCIEXP,TCI Express Ltd.,Warehousing & Logistics,Transportation,2125.58,552.9,TCIEXP,540212.0
INE077F01035,GOCLCORP,GOCL Corporation Ltd.,Oil Marketing & Distribution,Oil & Gas,2118.98,427.45,GOCLCORP,506480.0
INE438E01032,SIKA,Sika Interplant Systems Ltd.,Aerospace & Defence,General Industrials,2118.71,999.35,,523606.0
INE559R01029,LANDMARK,Landmark Cars Ltd.,Specialty Retail,Retailing,2115.33,510.15,LANDMARK,543714.0
INE0VTV01012,ANONDITA,Anondita Medicare Ltd.,Personal Products,FMCG,2113.12,1109.55,ANONDITA,
INE00HZ01011,BNAGROCHEM,BN Agrochem Ltd.,Edible Oils,FMCG,2112.38,216.05,,526125.0
INE451L01014,MAHASTEEL,Mahamaya Steel Industries Ltd.,Iron & Steel Products,Metals & Mining,2107.71,1282.5,MAHASTEEL,513554.0
INE194R01017,FREDUN,Fredun Pharmaceuticals Ltd.,Pharmaceuticals,Pharmaceuticals & Biotechnology,2105.75,1474.1,,539730.0
INE075D01018,GMBREW,G M Breweries Ltd.,Breweries & Distilleries,"Food, Beverages & Tobacco",2101.57,919.85,GMBREW,507488.0
INE1B3L01017,SHRINGARMS,Shringar House of Mangalsutra Ltd.,Gems & Jewellery,Textiles Apparels & Accessories,2101.35,217.91,SHRINGARMS,544512.0
INE985S01024,TEAMLEASE,TeamLease Services Ltd.,Misc. Commercial Services,Commercial Services & Supplies,2097.12,1250.6,TEAMLEASE,539658.0
INE805C01028,KCP,KCP Ltd.,Cement & Cement Products,Cement and Construction,2093.42,162.38,KCP,590066.0
INE500L01026,SHK,S H Kelkar & Company Ltd.,Personal Products,FMCG,2088.35,150.87,SHK,539450.0
INE586B01026,TAJGVK,Taj GVK Hotels & Resorts Ltd.,Hotels,Hotels Restaurants & Tourism,2085.14,332.55,TAJGVK,532390.0
INE809Q01020,GHVINFRA,GHV Infra Projects Ltd.,IT Consulting & Software,Software & Services,2082.61,288.95,,505504.0
INE045B01015,NELCO,Nelco Ltd.,IT Networking Equipment,Hardware Technology & Equipment,2079.33,911.25,NELCO,504112.0
INE0U4101014,BLUSPRING,Bluspring Enterprises Ltd.,Misc. Commercial Services,Commercial Services & Supplies,2077.48,138.96,BLUSPRING,544414.0
INE149O01018,NIBE,NIBE Ltd.,Aerospace & Defence,General Industrials,2071.97,1336.6,NIBE,535136.0
INE219W01012,MODINSU,Modern Insulators Ltd.,Other Electrical Equipment/Products,Consumer Durables,2063.49,437.7,,515008.0
INE634A01018,HONDAPOWER,Honda India Power Products Ltd.,Industrial Machinery,General Industrials,2053.57,2024.6,HONDAPOWER,522064.0
INE667G01023,SAKSOFT,Saksoft Ltd.,IT Consulting & Software,Software & Services,2048.98,154.58,SAKSOFT,590051.0
INE782E01017,HESTERBIO,Hester Biosciences Ltd.,Pharmaceuticals,Pharmaceuticals & Biotechnology,2046.25,2405.4,HESTERBIO,524669.0
INE0YHV01011,OBSCP,OBSC Perfection Ltd.,Auto Parts & Equipment,Automobiles & Auto Components,2043.61,835.75,OBSCP,
INE243D01012,BFUTILITIE,BF Utilities Ltd.,Power - Electric Utilities,Utilities,2043.28,542.45,BFUTILITIE,532430.0
INE323C01030,INDIANHUME,Indian Hume Pipe Company Ltd.,Cement & Cement Products,Cement and Construction,2043.0,387.8,INDIANHUME,504741.0
INE002E01010,SAPL,SAR Auto Products Ltd.,Auto Parts & Equipment,Automobiles & Auto Components,2033.05,4266.9,,538992.0
INE068L01024,CANTABIL,Cantabil Retail India Ltd.,Other Apparels & Accessories,Textiles Apparels & Accessories,2032.82,243.05,CANTABIL,533267.0
INE08NE01025,SANSTAR,Sanstar Ltd.,Other Food & Beverages,"Food, Beverages & Tobacco",2028.56,111.31,SANSTAR,544217.0
INE0KKN01029,RHETAN,Rhetan TMT Ltd.,Iron & Steel Products,Metals & Mining,2025.66,25.42,RHETAN,543590.0
INE900B01029,KABRAEXTRU,Kabra Extrusion Technik Ltd.,Industrial Machinery,General Industrials,2025.45,579.15,KABRAEXTRU,524109.0
INE004A01022,PROTEAN,Protean eGov Technologies Ltd.,IT Consulting & Software,Software & Services,2016.03,496.3,PROTEAN,544021.0
INE05TO01019,AEROPLANE,Amir Chand Jagdish Kumar (Exports) Ltd.,Other Agricultural Products,"Food, Beverages & Tobacco",2011.9,194.29,AEROPLANE,544743.0
INE806C01018,TIL,TIL Ltd.,Transport Related Services,Transportation,2008.4,252.88,TIL,505196.0
INE752G01015,MSPL,MSP Steel & Power Ltd.,Iron & Steel/Interm.Products,Metals & Mining,2006.46,35.4,MSPL,532650.0
INE229C01021,SAGCEM,Sagar Cements Ltd.,Cement & Cement Products,Cement and Construction,1997.99,152.86,SAGCEM,502090.0
INE0OWZ01020,MVELECTRO,MV Electrosystems Ltd.,Electronic Components,Commercial Services & Supplies,1990.82,729.7,MVELECTRO,544851.0
INE0LGX01024,INA,Insolation Energy Ltd,Power - Electric Utilities,Utilities,1990.24,90.28,,543620.0
INE052I01032,CAMLINFINE,Camlin Fine Sciences Ltd.,Specialty Chemicals,Chemicals & Petrochemicals,1980.99,103.13,CAMLINFINE,532834.0
INE06ZD01017,SHANTIGOLD,Shanti Gold International Ltd.,Gems & Jewellery,Textiles Apparels & Accessories,1967.14,256.34,SHANTIGOLD,544459.0
INE0OLS01010,VINYAS,Vinyas Innovative Technologies Ltd.,Electronic Components,Commercial Services & Supplies,1962.4,1559.35,VINYAS,
INE338D01028,BODALCHEM,Bodal Chemicals Ltd.,Dyes & Pigments,Chemicals & Petrochemicals,1959.94,155.62,BODALCHEM,524370.0
INE495S01016,HPL,HPL Electric & Power Ltd.,Consumer Electronics,Consumer Durables,1955.7,304.15,HPL,540136.0
INE838B01021,BHARATRAS,Bharat Rasayan Ltd.,Agrochemicals,Chemicals & Petrochemicals,1947.66,1171.8,BHARATRAS,590021.0
INE304A01026,MUKANDLTD,Mukand Ltd.,Iron & Steel/Interm.Products,Metals & Mining,1942.6,134.44,MUKANDLTD,500460.0
INE08ZM01014,GREENPANEL,Greenpanel Industries Ltd.,Forest Products,Forest Materials,1941.44,158.32,GREENPANEL,542857.0
INE777X01017,AAYUSHBULL,Aayush Art and Bullion Ltd.,Textiles,Textiles Apparels & Accessories,1941.13,1267.7,,540718.0
INE111F01024,PAUSHAKLTD,Paushak Ltd.,Specialty Chemicals,Chemicals & Petrochemicals,1936.8,785.5,PAUSHAKLTD,532742.0
INE312C01025,SYNCOMF,Syncom Formulation (India) Ltd.,Pharmaceuticals,Pharmaceuticals & Biotechnology,1934.52,20.58,SYNCOMF,524470.0
INE059D01020,LAOPALA,La Opala RG Ltd.,Houseware,Consumer Durables,1930.29,173.9,LAOPALA,526947.0
INE0NJ001013,CFF,CFF Fluid Control Ltd.,Aerospace & Defence,General Industrials,1926.57,989.3,,543920.0
INE275B01026,HUHTAMAKI,Huhtamaki India Ltd.,Containers & Packaging,Commercial Services & Supplies,1925.81,255.0,HUHTAMAKI,509820.0
INE742C01031,JINDRILL,Jindal Drilling & Industries Ltd.,Exploration & Production,Oil & Gas,1921.59,663.05,JINDRILL,511034.0
INE096B01018,NUCLEUS,Nucleus Software Exports Ltd.,IT Consulting & Software,Software & Services,1919.51,729.15,NUCLEUS,531209.0
INE572J01011,SPANDANA,Spandana Sphoorty Financial Ltd.,Microfinance Institutions,Banking and Finance,1917.82,239.81,SPANDANA,542759.0
INE14UN01029,VIDYAWIRES,Vidya Wires Ltd.,Other Electrical Equipment/Products,Consumer Durables,1917.0,90.13,VIDYAWIRES,544633.0
INE1EEM01017,BLEL,Behari Lal Engineering Ltd.,Iron & Steel/Interm.Products,Metals & Mining,1916.94,453.15,BLEL,544870.0
INE155Z01011,MACPOWER,Macpower CNC Machines Ltd.,Industrial Machinery,General Industrials,1905.7,1904.9,MACPOWER,
INE156A01020,INDORAMA,Indo Rama Synthetics (India) Ltd.,Textiles,Textiles Apparels & Accessories,1905.08,72.96,INDORAMA,500207.0
INE926B01016,GRANDOAK,Grand Oak Canyons Distillery Ltd.,Finance (including NBFCs),Banking and Finance,1903.27,36.68,,523862.0
INE0I0T01010,VOEPL,Virtuoso Optoelectronics Ltd.,Other Electrical Equipment/Products,Consumer Durables,1899.74,554.65,,543597.0
INE338A01024,TIRUMALCHM,Thirumalai Chemicals Ltd.,Commodity Chemicals,Chemicals & Petrochemicals,1894.97,157.19,TIRUMALCHM,500412.0
INE0OWC01011,KHAZANCHI,Khazanchi Jewellers Ltd.,Gems & Jewellery,Textiles Apparels & Accessories,1889.67,763.6,,543953.0
INE0KL801015,DCXINDIA,DCX Systems Ltd.,Aerospace & Defence,General Industrials,1880.54,168.83,DCXINDIA,543650.0
INE108V01019,AWFIS,Awfis Space Solutions Ltd,Special Consumer Services,Diversified Consumer Services,1866.37,260.8,AWFIS,544181.0
INE418H01029,ALLCARGO,Allcargo Logistics Ltd.,Warehousing & Logistics,Transportation,1863.24,12.44,ALLCARGO,532749.0
INE982F01036,HATHWAY,Hathway Cable & Datacom Ltd.,Broadcasting & Cable TV,Media,1862.15,10.52,HATHWAY,533162.0
INE1B3501014,ZELIO,Zelio E-Mobility Ltd.,2/3 Wheelers,Automobiles & Auto Components,1858.87,878.9,,544563.0
INE1SRC01010,MILLWORKS,Millworks Technologies Ltd.,Industrial Machinery,General Industrials,1857.92,1054.75,,544826.0
INE704B01017,RACLGEAR,Racl Geartech Ltd.,Auto Parts & Equipment,Automobiles & Auto Components,1857.92,1576.1,RACLGEAR,520073.0
INE170I01016,HGS,Hinduja Global Solutions Ltd.,BPO/KPO,Software & Services,1857.32,399.25,HGS,532859.0
INE0PB301013,SCILAL,Shipping Corporation of India Land And Assets Ltd.,Realty,Realty,1852.48,39.77,SCILAL,544142.0
INE015C01016,TINNARUBR,Tinna Rubber and Infrastructure Ltd.,Specialty Chemicals,Chemicals & Petrochemicals,1852.38,1028.2,TINNARUBR,530475.0
INE264T01014,CAPACITE,Capacit'e Infraprojects Ltd.,Construction & Engineering,Cement and Construction,1829.31,216.22,CAPACITE,540710.0
INE193B01039,AYMSYNTEX,AYM Syntex Ltd.,Textiles,Textiles Apparels & Accessories,1826.54,310.7,AYMSYNTEX,508933.0
INE985W01018,CNL,Creative Newtech Ltd.,Internet & Catalogue Retail,Retailing,1825.28,1215.5,CNL,544631.0
INE0G5901015,EPACK,EPACK Durables Ltd.,Consumer Electronics,Consumer Durables,1821.32,189.27,EPACK,544095.0
INE08LI01020,KRSNAA,Krsnaa Diagnostics Ltd.,Healthcare Services,Healthcare,1816.57,560.0,KRSNAA,543328.0
INE276C01014,EIHAHOTELS,EIH Associated Hotels Ltd.,Hotels,Hotels Restaurants & Tourism,1813.77,297.65,EIHAHOTELS,523127.0
INE192H01020,GRMOVER,GRM Overseas Ltd.,Other Agricultural Products,"Food, Beverages & Tobacco",1813.71,87.53,GRMOVER,531449.0
INE598D01035,ALGOQUANT,Algoquant Fintech Ltd.,Other Financial Services,Banking and Finance,1813.07,64.5,ALGOQUANT,505725.0
INE425B01027,BCG,Brightcom Group Ltd.,Internet Software & Services,Software & Services,1812.63,8.98,BCG,532368.0
INE071D01033,MENONBE,Menon Bearings Ltd.,Auto Parts & Equipment,Automobiles & Auto Components,1801.13,321.4,MENONBE,523828.0
INE631E01024,SPICELOUNG,Spice Lounge Food Works Ltd.,Other Financial Services,Banking and Finance,1800.67,25.83,,539895.0
INE070I01018,INSECTICID,Insecticides (India) Ltd.,Agrochemicals,Chemicals & Petrochemicals,1799.55,618.45,INSECTICID,532851.0
INE782X01033,SERVOTECH,Servotech Renewable Power System Ltd.,Other Electrical Equipment/Products,Consumer Durables,1798.18,79.62,SERVOTECH,
INE887E01022,NGLFINE,NGL Fine - Chem Ltd.,Pharmaceuticals,Pharmaceuticals & Biotechnology,1796.25,2907.5,NGLFINE,524774.0
INE737E01011,KSSMART,KS Smart Technologies Ltd.,Paper & Paper Products,Commercial Services & Supplies,1795.75,109.45,,516038.0
INE150C01029,TITANBIO,Titan Biotech Ltd.,Specialty Chemicals,Chemicals & Petrochemicals,1793.43,434.05,,524717.0
INE144Z01023,TARSONS,Tarsons Products Ltd.,Medical Equipment,Healthcare,1785.34,335.55,TARSONS,543399.0
INE0PX301025,SKYWAYS,Skyways Air Services Ltd.,Warehousing & Logistics,Transportation,1783.66,122.72,SKYWAYS,544890.0
INE0JR601024,YATRA,Yatra Online Ltd.,Travel Support Services,Diversified Consumer Services,1780.84,113.49,YATRA,543992.0
INE542Z01028,KAPSTON,Kapston Services Ltd.,Misc. Commercial Services,Commercial Services & Supplies,1777.39,584.05,KAPSTON,
INE184O01015,DIFFNKG,Diffusion Engineers Ltd.,Other Industrial Goods,General Industrials,1777.37,474.9,DIFFNKG,544264.0
INE661I01014,BGRENERGY,BGR Energy Systems Ltd.,Power - Electric Utilities,Utilities,1777.05,246.26,BGRENERGY,532930.0
INE362A01016,PVP,PVP Ventures Ltd.,Realty,Realty,1769.18,67.94,PVP,517556.0
INE878K01010,BFINVEST,BF Investment Ltd.,Holding Companies,Diversified,1767.93,469.35,BFINVEST,533303.0
INE209B01025,RICOAUTO,Rico Auto Industries Ltd.,Auto Parts & Equipment,Automobiles & Auto Components,1764.93,130.46,RICOAUTO,520008.0
INE0BJS01011,GOCOLORS,Go Fashion (India) Ltd.,Other Apparels & Accessories,Textiles Apparels & Accessories,1764.2,326.65,GOCOLORS,543401.0
INE716F01012,INDOKEM,Indokem Ltd.,Specialty Chemicals,Chemicals & Petrochemicals,1763.66,632.4,,504092.0
INE0XNF01022,ARDEE,Ardee Industries Ltd.,Other Non-Ferrous Metals,Metals & Mining,1754.41,55.66,ARDEE,544860.0
INE959C01023,OAL,Oriental Aromatics Ltd.,Specialty Chemicals,Chemicals & Petrochemicals,1749.65,519.9,OAL,500078.0
INE204A01010,IGPL,I G Petrochemicals Ltd.,Petrochemicals,Chemicals & Petrochemicals,1747.3,567.4,IGPL,500199.0
INE070D01027,JAICORPLTD,Jai Corp Ltd.,Plastic Products,General Industrials,1746.63,99.52,JAICORPLTD,512237.0
INE560A01023,INDIAGLYCO,India Glycols Ltd.,Commodity Chemicals,Chemicals & Petrochemicals,1745.38,260.4,INDIAGLYCO,500201.0
INE131C01011,DISAQ,Disa India Ltd.,Industrial Machinery,General Industrials,1744.89,11999.0,,500068.0
INE632C01026,VIDHIING,Vidhi Specialty Food Ingredients Ltd.,Specialty Chemicals,Chemicals & Petrochemicals,1736.84,347.75,VIDHIING,531717.0
INE877V01027,SURAKSHA,Suraksha Diagnostic Ltd.,Healthcare Services,Healthcare,1731.43,332.45,SURAKSHA,544293.0
INE560K01014,PFS,PTC India Financial Services Ltd.,Finance (including NBFCs),Banking and Finance,1730.31,26.94,PFS,533344.0
INE898S01029,AURUM,Aurum Proptech Ltd.,IT Consulting & Software,Software & Services,1729.89,225.16,AURUM,539289.0
INE039D01014,HYPERSOFT,Hypersoft Technologies Ltd.,IT Consulting & Software,Software & Services,1721.97,203.9,,539724.0
INE07OG01012,NDRAUTO,NDR Auto Components Ltd.,Auto Parts & Equipment,Automobiles & Auto Components,1720.75,723.45,NDRAUTO,543214.0
INE533A01012,GOODYEAR,Goodyear India Ltd.,Auto Tyres & Rubber Products,Automobiles & Auto Components,1712.0,742.2,,500168.0
INE103C01036,SMCGLOBAL,SMC Global Securities Ltd.,Capital Markets,Banking and Finance,1701.38,81.25,SMCGLOBAL,543263.0
INE0CT101020,MOL,Meghmani Organics Ltd.,Agrochemicals,Chemicals & Petrochemicals,1695.26,66.66,MOL,543331.0
INE793A01012,ACCELYA,Accelya Solutions India Ltd.,IT Consulting & Software,Software & Services,1688.16,1131.0,ACCELYA,532268.0
INE0YU901016,DANISH,Danish Power Ltd.,Heavy Electrical Equipment,General Industrials,1681.86,854.1,DANISH,
INE127T01021,KPEL,K P Energy Ltd.,Power - Electric Utilities,Utilities,1676.78,247.32,KPEL,539686.0
INE153A01019,MTNL,Mahanagar Telephone Nigam Ltd.,Telecom Services,Telecom Services,1672.65,26.55,MTNL,500108.0
INE0LRY01011,QUADFUTURE,Quadrant Future Tek Ltd.,Wires & Cables,Consumer Durables,1671.6,417.9,QUADFUTURE,544336.0
INE00Q601028,STUDDS,Studds Accessories Ltd.,Auto Parts & Equipment,Automobiles & Auto Components,1669.37,424.2,STUDDS,544599.0
INE0JVO01026,GARUDA,Garuda Construction and Engineering Ltd.,Construction & Engineering,Cement and Construction,1662.93,178.73,GARUDA,544271.0
INE803D01021,INDOBORAX,Indo Borax & Chemicals Ltd.,Commodity Chemicals,Chemicals & Petrochemicals,1652.31,514.9,INDOBORAX,524342.0
INE597J01018,SHALBY,Shalby Ltd.,Healthcare Facilities,Healthcare,1649.42,152.71,SHALBY,540797.0
INE0LOJ01019,IKIO,IKIO Technologies Ltd.,Consumer Electronics,Consumer Durables,1640.98,212.34,IKIO,543923.0
INE363A01022,ASIANHOTNR,Asian Hotels (North) Ltd.,Hotels,Hotels Restaurants & Tourism,1640.31,384.75,ASIANHOTNR,500023.0
INE1RDG01013,PNGSREVA,PNGS Reva Diamond Jewellery Ltd.,Gems & Jewellery,Textiles Apparels & Accessories,1636.75,516.35,PNGSREVA,544718.0
INE274C01019,WENDT,Wendt (India) Ltd.,Abrasives & Bearings,General Industrials,1632.0,8160.0,WENDT,505412.0
INE0FRK01020,MOTISONS,Motisons Jewellers Ltd.,Gems & Jewellery,Textiles Apparels & Accessories,1622.39,16.48,MOTISONS,544053.0
INE349W01017,AVADHSUGAR,Avadh Sugar & Energy Ltd.,Sugar,"Food, Beverages & Tobacco",1620.49,809.5,AVADHSUGAR,540649.0
INE428Q01011,SURYODAY,Suryoday Small Finance Bank Ltd.,Microfinance Institutions,Banking and Finance,1616.45,152.07,SURYODAY,543279.0
INE200D01020,MMWL,Media Matrix Worldwide Ltd.,Advertising & Media,Media,1615.29,14.26,,512267.0
INE525F01025,BLIL,Balmer Lawrie Investments Ltd.,Finance (including NBFCs),Banking and Finance,1610.86,72.57,,532485.0
INE893C01032,BGDL,Bharat Global Developers Ltd.,Computer Hardware,Hardware Technology & Equipment,1608.0,158.8,,521238.0
INE065D01027,AEROENTER,Aeroflex Enterprises Ltd.,Iron & Steel Products,Metals & Mining,1604.78,141.81,AEROENTER,511076.0
INE618L01018,5PAISA,5Paisa Capital Ltd.,Capital Markets,Banking and Finance,1603.84,342.1,5PAISA,540776.0
INE722H01024,RGL,Renaissance Global Ltd.,Gems & Jewellery,Textiles Apparels & Accessories,1603.0,149.26,RGL,532923.0
INE250K01012,DLINKINDIA,D-Link (India) Ltd.,IT Networking Equipment,Hardware Technology & Equipment,1601.8,451.15,DLINKINDIA,533146.0
INE851I01011,UDS,Updater Services Ltd.,Misc. Commercial Services,Commercial Services & Supplies,1600.38,239.03,UDS,543996.0
INE048B01035,JAGSNPHARM,Jagsonpal Pharmaceuticals Ltd.,Pharmaceuticals,Pharmaceuticals & Biotechnology,1596.56,242.06,JAGSNPHARM,507789.0
INE0D6701023,IPL,India Pesticides Ltd.,Agrochemicals,Chemicals & Petrochemicals,1593.17,138.34,IPL,543311.0
INE344S01016,INFOBEAN,InfoBeans Technologies Ltd.,IT Consulting & Software,Software & Services,1571.52,162.08,INFOBEAN,543644.0
INE01R501028,VIKRAN,Vikran Engineering Ltd.,Heavy Electrical Equipment,General Industrials,1567.33,60.77,VIKRAN,544496.0
INE519C01017,SUMMITSEC,Summit Securities Ltd.,Investment Companies,Others,1563.54,1434.2,SUMMITSEC,533306.0
INE898Q01015,MIIL,Meghna Infracon Infrastructure Ltd.,Finance (including NBFCs),Banking and Finance,1560.64,718.4,,538668.0
INE910C01018,TTKHLTCARE,TTK Healthcare Ltd.,Diversified,Diversified,1554.62,1100.2,TTKHLTCARE,507747.0
INE613C01026,MCLOUD,Magellanic Cloud Ltd.,IT Consulting & Software,Software & Services,1548.66,26.29,MCLOUD,538891.0
INE08N601015,MBEL,M & B Engineering Ltd.,Iron & Steel Products,Metals & Mining,1544.2,270.15,MBEL,544470.0
INE727B01026,GENESYS,Genesys International Corporation Ltd.,IT Consulting & Software,Software & Services,1543.77,230.88,GENESYS,506109.0
INE106T01025,HITECH,Hi-Tech Pipes Ltd.,Iron & Steel Products,Metals & Mining,1538.95,75.77,HITECH,543411.0
INE480C01038,SDBL,Som Distilleries & Breweries Ltd.,Breweries & Distilleries,"Food, Beverages & Tobacco",1538.47,74.0,SDBL,507514.0
INE712K01011,SHREEPUSHK,Shree Pushkar Chemicals & Fertilisers Ltd.,Dyes & Pigments,Chemicals & Petrochemicals,1536.85,475.25,SHREEPUSHK,539334.0
INE207H01018,GNRL,Gujarat Natural Resources Ltd.,Exploration & Production,Oil & Gas,1527.74,99.59,,513536.0
INE05AN01011,HINDWAREAP,Hindware Home Innovation Ltd.,Household Appliances,Consumer Durables,1527.47,182.61,HINDWAREAP,542905.0
INE937A01023,SPMLINFRA,SPML Infra Ltd.,Construction & Engineering,Cement and Construction,1526.56,181.41,SPMLINFRA,500402.0
INE737D01021,MODISONLTD,Modison Ltd.,Other Electrical Equipment/Products,Consumer Durables,1524.99,469.95,MODISONLTD,506261.0
INE572D01014,FRONTSP,Frontier Springs Ltd.,Auto Parts & Equipment,Automobiles & Auto Components,1522.01,1288.15,,522195.0
INE313L01016,RSL,Rajputana Stainless Ltd.,Iron & Steel Products,Metals & Mining,1516.75,181.5,RSL,544731.0
INE0J5601015,KRISHNADEF,Krishna Defence and Allied Industries Ltd.,Aerospace & Defence,General Industrials,1514.5,1013.2,KRISHNADEF,
INE0HLU01028,MOBIKWIK,One Mobikwik Systems Ltd.,Internet Software & Services,Software & Services,1512.89,192.12,MOBIKWIK,544305.0
INE124G01033,DELTACORP,Delta Corp Ltd.,Other Leisure Facilities,Diversified Consumer Services,1502.73,56.12,DELTACORP,532848.0
INE419D01026,CLSEL,Chaman Lal Setia Exports Ltd.,Other Agricultural Products,"Food, Beverages & Tobacco",1501.22,301.9,CLSEL,530307.0
INE840Y01029,ONEPOINT,One Point One Solutions Ltd.,BPO/KPO,Software & Services,1500.14,57.01,ONEPOINT,544748.0
INE325C01035,DOLLAR,Dollar Industries Ltd.,Other Apparels & Accessories,Textiles Apparels & Accessories,1498.72,264.25,DOLLAR,541403.0
INE373T01047,BLUECLOUDS,Blue Cloud Softech Solutions Ltd.,IT Software Products,Software & Services,1498.63,19.9,,539607.0
INE0FMZ01045,SHREEREF,Shree Refrigerations Ltd.,Consumer Electronics,Consumer Durables,1496.12,419.9,,544458.0
INE859A01011,PNBGILTS,PNB Gilts Ltd.,Finance (including NBFCs),Banking and Finance,1495.52,83.08,PNBGILTS,532366.0
INE265B01019,NITTAGELA,Nitta Gelatin India Ltd.,Specialty Chemicals,Chemicals & Petrochemicals,1493.66,1645.15,,506532.0
INE201A01024,MANALIPETC,Manali Petrochemicals Ltd.,Petrochemicals,Chemicals & Petrochemicals,1492.27,86.76,MANALIPETC,500268.0
INE1G2W01011,QLINE,Q-Line Biotech Ltd.,Healthcare Supplies,Healthcare,1492.07,639.6,QLINE,
INE022I01019,ASIANTILES,Asian Granito India Ltd.,Ceramics,Consumer Durables,1490.08,50.26,ASIANTILES,532888.0
INE221H01019,GTLINFRA,GTL Infrastructure Ltd.,Telecom Equipment,Telecommunications Equipment,1485.89,1.16,GTLINFRA,532775.0
INE173M01012,ONIXSOLAR,Onix Solar Energy Ltd.,Commodity Trading  & Distribution,Commercial Services & Supplies,1484.3,402.6,,513119.0
INE048C01025,VHLTD,Viceroy Hotels Ltd.,Hotels,Hotels Restaurants & Tourism,1483.58,118.21,VHLTD,523796.0
INE0Q5D01013,ACCENTMIC,Accent Microcell Ltd.,Pharmaceuticals,Pharmaceuticals & Biotechnology,1482.04,617.8,ACCENTMIC,
INE133Y01011,IFGLEXPOR,IFGL Refractories Ltd.,Electrodes & Refractories,General Industrials,1475.38,204.69,IFGLEXPOR,540774.0
INE363L01045,BELDING,Belding India Ltd.,Aluminium and Aluminium Products,Metals & Mining,1474.74,1018.55,,513307.0
INE784R01023,ARFIN,Arfin India Ltd.,Aluminium and Aluminium Products,Metals & Mining,1471.94,87.24,ARFIN,539151.0
INE630A01024,SESHAPAPER,Seshasayee Paper & Boards Ltd.,Paper & Paper Products,Commercial Services & Supplies,1470.05,233.09,SESHAPAPER,502450.0
INE225B01021,FERMENTA,Fermenta Biotech Ltd.,Pharmaceuticals,Pharmaceuticals & Biotechnology,1466.69,498.35,,506414.0
INE435C01024,TEXINFRA,Texmaco Infrastructure & Holdings Ltd.,Realty,Realty,1465.66,115.02,TEXINFRA,505400.0
INE098F01031,AMRUTANJAN,Amrutanjan Health Care Ltd.,Pharmaceuticals,Pharmaceuticals & Biotechnology,1461.29,505.45,AMRUTANJAN,590006.0
INE1WFC01025,SHANKESH,Shankesh Jewellers Ltd.,Gems & Jewellery,Textiles Apparels & Accessories,1454.43,98.92,SHANKESH,544882.0
INE147A01011,SPIC,Southern Petrochemicals Industries Corporation Ltd.,Fertilizers,Fertilizers,1451.55,71.28,SPIC,590030.0
INE1D0W01018,TECHNOCRAF,Technocraft Ventures Ltd.,Utilities:Non-Electrical,Utilities,1449.98,366.1,TECHNOCRAF,544864.0
INE278M01019,NAVKARCORP,Navkar Corporation Ltd.,Transport Related Services,Transportation,1448.6,96.24,NAVKARCORP,539332.0
INE0U4701011,DIGITIDE,Digitide Solutions Ltd.,IT Consulting & Software,Software & Services,1447.19,97.01,DIGITIDE,544413.0
INE503B01021,STEELXIND,Steel Exchange India Ltd.,Iron & Steel/Interm.Products,Metals & Mining,1446.44,11.34,STEELXIND,534748.0
INE0SCO01019,DPEL,Divine Power Energy Ltd.,Other Electrical Equipment/Products,Consumer Durables,1444.86,578.75,DPEL,523810.0
INE0QVH01025,KPGEL,KP Green Engineering Ltd.,Construction & Engineering,Cement and Construction,1442.5,288.5,,544150.0
INE199P01028,GCSL,Gretex Corporate Services Ltd.,Other Financial Services,Banking and Finance,1437.84,595.15,GCSL,543324.0
INE301D01026,RUBYMILLS,Ruby Mills Ltd.,Textiles,Textiles Apparels & Accessories,1432.24,428.3,RUBYMILLS,503169.0
INE972A01020,KOTIC,Kothari Industrial Corporation Ltd.,Fertilizers,Fertilizers,1431.83,132.55,,509732.0
INE760B01019,VALIANT,Valiant Communications Ltd.,Telecom Equipment,Telecommunications Equipment,1425.91,1246.2,,526775.0
INE795B01031,CITURGIA,Citurgia Biochemicals Ltd.,Commodity Chemicals,Chemicals & Petrochemicals,1421.35,107.6,,506373.0
INE016Q01014,CEINSYS,Ceinsys Tech Ltd.,IT Consulting & Software,Software & Services,1419.58,678.0,,538734.0
INE711A01022,WALCHANNAG,Walchandnagar Industries Ltd.,Industrial Machinery,General Industrials,1416.56,208.61,WALCHANNAG,507410.0
INE390G01014,GPTINFRA,GPT Infraprojects Ltd.,Construction & Engineering,Cement and Construction,1416.55,112.1,GPTINFRA,533761.0
INE24H301028,VIVIDEL,Vivid Electromech Ltd.,Electronic Components,Commercial Services & Supplies,1414.58,1591.6,VIVIDEL,
INE724A01017,GYFTR,Gyftr Ltd.,Other Financial Services,Banking and Finance,1411.73,183.8,,507912.0
INE1VXE01018,STLNETWORK,STL Networks Ltd.,Telecom Equipment,Telecommunications Equipment,1409.17,28.87,STLNETWORK,544395.0
INE0VN801010,RAJESH,Rajesh Power Services Ltd.,Power - Electric Utilities,Utilities,1408.9,782.4,,544291.0
INE524T01011,TAALTECH,TAAL Tech Ltd.,Airlines,Transportation,1404.33,4506.4,,539956.0
INE201K01015,EXPLEOSOL,Expleo Solutions Ltd.,IT Consulting & Software,Software & Services,1395.22,899.0,EXPLEOSOL,533121.0
INE547E01014,IMPAL,India Motor Parts & Accessories Ltd.,Commodity Trading  & Distribution,Commercial Services & Supplies,1391.02,1114.6,IMPAL,590065.0
INE669R01026,ELITECON,Elitecon International Ltd.,Commodity Trading  & Distribution,Commercial Services & Supplies,1389.1,8.69,,539533.0
INE312M01024,JOJO,JOJO Ltd.,Movies & Entertainment,Media,1387.85,201.25,,531910.0
INE488D01021,AVTNPL,AVT Natural Products Ltd.,Other Agricultural Products,"Food, Beverages & Tobacco",1386.09,91.02,AVTNPL,519105.0
INE1B3O01011,SUNSHINE,Sunshine Pictures Ltd.,Movies & Entertainment,Media,1375.06,441.45,SUNSHINE,544881.0
INE384C01016,YUKEN,Yuken India Ltd.,Compressors & Pumps,General Industrials,1373.07,1010.8,YUKEN,522108.0
INE449C01025,ANDREWYU,Andrew Yule & Company Ltd.,Tea & Coffee,"Food, Beverages & Tobacco",1368.57,27.99,,526173.0
INE0O6601022,KROSS,Kross Ltd.,Auto Parts & Equipment,Automobiles & Auto Components,1364.83,211.57,KROSS,544253.0
INE0V0W01025,GKSL,Gujarat Kidney and Super Speciality Ltd.,Healthcare Facilities,Healthcare,1362.49,172.81,GKSL,544666.0
INE500A01029,DCW,DCW Ltd.,Commodity Chemicals,Chemicals & Petrochemicals,1357.12,45.98,DCW,500117.0
INE161A01038,NIITLTD,NIIT Ltd.,IT Training Services,Software & Services,1355.69,98.96,NIITLTD,500304.0
INE411D01023,SKMEGGPROD,SKM Egg Products Export (India) Ltd.,Other Food & Beverages,"Food, Beverages & Tobacco",1353.89,257.1,SKMEGGPROD,532143.0
INE848A01014,IZMO,IZMO Ltd.,IT Consulting & Software,Software & Services,1351.9,902.45,IZMO,532341.0
INE0GV601021,ALLTIME,All Time Plastics Ltd.,Houseware,Consumer Durables,1349.98,206.08,ALLTIME,544479.0
INE277B01014,PUNJABCHEM,Punjab Chemicals and Crop Protection Ltd.,Agrochemicals,Chemicals & Petrochemicals,1349.21,1100.3,PUNJABCHEM,506618.0
INE715B01021,ANDHRSUGAR,Andhra Sugars Ltd.,Commodity Chemicals,Chemicals & Petrochemicals,1348.71,99.51,ANDHRSUGAR,590062.0
INE1YPB01014,AGL,Allcargo Global Ltd.,Warehousing & Logistics,Transportation,1345.43,13.69,,544602.0
INE417B01040,DSSL,Dynacons Systems & Solutions Ltd.,IT Consulting & Software,Software & Services,1341.34,1053.1,DSSL,532365.0
INE583D01011,UGROCAP,Ugro Capital Ltd.,Finance (including NBFCs),Banking and Finance,1340.91,86.35,UGROCAP,511742.0
INE073G01016,ASALCBR,Associated Alcohols & Breweries Ltd.,Breweries & Distilleries,"Food, Beverages & Tobacco",1340.6,706.35,ASALCBR,507526.0
INE350H01032,BLKASHYAP,B L Kashyap & Sons Ltd.,Construction & Engineering,Cement and Construction,1337.76,59.34,BLKASHYAP,532719.0
INE947J01015,DEN,Den Networks Ltd.,Broadcasting & Cable TV,Media,1334.79,27.97,DEN,533137.0
INE188B01013,IGARASHI,Igarashi Motors India Ltd.,Auto Parts & Equipment,Automobiles & Auto Components,1330.61,422.75,IGARASHI,517380.0
INE485A01015,CENTENKA,Century Enka Ltd.,Textiles,Textiles Apparels & Accessories,1330.48,608.9,CENTENKA,500280.0
INE354C01027,BHAGERIA,Bhageria Industries Ltd.,Dyes & Pigments,Chemicals & Petrochemicals,1329.62,304.65,BHAGERIA,530803.0
INE415D01024,BHARATSE,Bharat Seats Ltd.,Auto Parts & Equipment,Automobiles & Auto Components,1329.41,211.69,BHARATSE,523229.0
INE0D0K01022,SIGACHI,Sigachi Industries Ltd.,Pharmaceuticals,Pharmaceuticals & Biotechnology,1327.47,34.74,SIGACHI,543389.0
INE199G01027,JAGRAN,Jagran Prakashan Ltd.,Publishing,Commercial Services & Supplies,1327.26,60.98,JAGRAN,532705.0
INE438K01021,KALAMANDIR,Sai Silks (Kalamandir) Ltd.,Other Apparels & Accessories,Textiles Apparels & Accessories,1326.46,86.49,KALAMANDIR,543989.0
INE664D01019,BENARAS,Benares Hotels Ltd.,Hotels,Hotels Restaurants & Tourism,1326.0,10200.0,,509438.0
INE395U01014,NINSYS,Nintec Systems Ltd.,IT Consulting & Software,Software & Services,1324.0,712.75,NINSYS,539843.0
INE571B01036,JAYBARMARU,Jay Bharat Maruti Ltd.,Auto Parts & Equipment,Automobiles & Auto Components,1323.79,122.29,JAYBARMARU,520066.0
INE0RE001014,GALAPREC,Gala Precision Engineering Ltd.,Other Industrial Goods,General Industrials,1312.38,1024.0,GALAPREC,544244.0
INE217L01019,SHRIRAMPPS,Shriram Properties Ltd.,Realty,Realty,1312.33,76.9,SHRIRAMPPS,543419.0
INE690J01011,INOVSYNTH,Innovassynth Technologies (India) Ltd.,Investment Companies,Others,1311.66,141.25,,533315.0
INE0PA801013,GHCLTEXTIL,GHCL Textiles Ltd.,Textiles,Textiles Apparels & Accessories,1306.85,136.72,GHCLTEXTIL,543918.0
INE0KGZ01021,SIGNPOST,Signpost India Ltd.,Advertising & Media,Media,1305.52,244.25,SIGNPOST,544117.0
INE158B01016,EIMCOELECO,Eimco Elecon (India) Ltd.,Industrial Machinery,General Industrials,1300.43,2254.4,EIMCOELECO,523708.0
INE830Q01018,MANAKCOAT,Manaksia Coated Metals & Industries Ltd.,Iron & Steel/Interm.Products,Metals & Mining,1298.8,121.8,MANAKCOAT,539046.0
INE486R01017,GPTHEALTH,GPT Healthcare Ltd.,Healthcare Facilities,Healthcare,1297.86,158.17,GPTHEALTH,544131.0
INE369A01029,EXCELINDUS,Excel Industries Ltd.,Specialty Chemicals,Chemicals & Petrochemicals,1296.54,1031.4,EXCELINDUS,500650.0
INE0V9N01017,PRIZOR,Prizor Viztech Ltd.,Consumer Electronics,Consumer Durables,1295.98,1200.4,PRIZOR,
INE0TY101024,SOLARWORLD,Solarworld Energy Solutions Ltd.,Green & Renewable Energy,Utilities,1294.2,149.32,SOLARWORLD,544532.0
INE124Y01028,PASHUPATI,Pashupati Cotspin Ltd.,Textiles,Textiles Apparels & Accessories,1293.34,81.94,PASHUPATI,544448.0
INE951D01028,ATULAUTO,Atul Auto Ltd.,2/3 Wheelers,Automobiles & Auto Components,1290.85,465.15,ATULAUTO,531795.0
INE435A01051,ANDHRAPAP,Andhra Paper Ltd.,Paper & Paper Products,Commercial Services & Supplies,1281.59,64.45,ANDHRAPAP,502330.0
INE831A01028,ONIDA,Onida Electronics Ltd.,Consumer Electronics,Consumer Durables,1280.04,34.64,ONIDA,500279.0
INE288301026,PPEL,Poojaa Precision Engg. Ltd.,Auto Parts & Equipment,Automobiles & Auto Components,1279.07,641.3,,544844.0
INE646H01017,CAPITALSFB,Capital Small Finance Bank Ltd.,Microfinance Institutions,Banking and Finance,1277.34,280.95,CAPITALSFB,544120.0
INE405A01021,ULTRAMAR,Ultramarine & Pigments Ltd.,Dyes & Pigments,Chemicals & Petrochemicals,1275.16,436.7,,506685.0
INE958L01034,META,String Metaverse Ltd.,Internet Software & Services,Software & Services,1275.06,8.96,,534535.0
INE155E01016,INVPRECQ,Investment & Precision Castings Ltd.,Castings & Forgings,General Industrials,1275.0,1275.0,,504786.0
INE17D601016,SAFEENTP,Safe Enterprises Retail Fixtures Ltd.,Misc. Commercial Services,Commercial Services & Supplies,1272.3,273.0,SAFEENTP,
INE0PT501018,PLATIND,Platinum Industries Ltd.,Specialty Chemicals,Chemicals & Petrochemicals,1271.73,231.54,PLATIND,544134.0
INE433O01024,AIRLTD,Avishkar Infra Realty Ltd.,Realty,Realty,1270.72,567.2,,508929.0
INE056801025,IVALUE,Ivalue Infosolutions Ltd.,IT Consulting & Software,Software & Services,1260.76,230.26,IVALUE,544523.0
INE142Q01026,SULA,Sula Vineyards Ltd.,Breweries & Distilleries,"Food, Beverages & Tobacco",1258.26,149.0,SULA,543711.0
INE680A01011,DHANBANK,Dhanlaxmi Bank Ltd.,Banks,Banking and Finance,1257.51,31.86,DHANBANK,532180.0
INE994E01018,3BBLACKBIO,3B BlackBio Dx Ltd.,Agrochemicals,Chemicals & Petrochemicals,1257.24,1464.85,,532067.0
INE881E01017,KELENRG,Keltech Energies Ltd.,Other Industrial Products,General Industrials,1254.04,12540.4,,506528.0
INE302D01024,RIR,RIR Power Electronics Ltd.,Electronic Components,Commercial Services & Supplies,1251.97,163.15,,517035.0
INE822G01016,ELECTHERM,Electrotherm (India) Ltd.,Iron & Steel Products,Metals & Mining,1249.94,980.9,ELECTHERM,526608.0
INE966A01022,DOLATALGO,Dolat Algotech Ltd.,Capital Markets,Banking and Finance,1248.02,70.91,DOLATALGO,505526.0
INE967G01019,ZSARACOM,Saraswati Commercial (India) Ltd.,Finance (including NBFCs),Banking and Finance,1248.01,11388.0,,512020.0
INE754D01018,SOBME,Sobhagya Mercantile Ltd.,Misc. Commercial Services,Commercial Services & Supplies,1247.78,1485.45,,512014.0
INE316L01019,BHARATWIRE,Bharat Wire Ropes Ltd.,Iron & Steel Products,Metals & Mining,1247.17,181.32,BHARATWIRE,539799.0
INE285B01017,SPICEJET,Spicejet Ltd.,Airlines,Transportation,1247.08,9.73,,500285.0
INE405C01035,LINCOLN,Lincoln Pharmaceuticals Ltd.,Pharmaceuticals,Pharmaceuticals & Biotechnology,1243.44,620.8,LINCOLN,531633.0
INE458B01036,BHAGYANGR,Bhagyanagar India Ltd.,Copper,Metals & Mining,1240.87,370.45,BHAGYANGR,512296.0
INE497S01012,GODAVARIB,Godavari Biorefineries Ltd.,Specialty Chemicals,Chemicals & Petrochemicals,1236.92,241.7,GODAVARIB,544279.0
INE563J01010,ASTEC,Astec Lifesciences Ltd.,Agrochemicals,Chemicals & Petrochemicals,1235.47,554.45,ASTEC,533138.0
INE1SJO01012,RAMBHAJO,Advit Jewels Ltd.,Gems & Jewellery,Textiles Apparels & Accessories,1230.82,268.68,RAMBHAJO,544803.0
INE533D01032,RAJRILTD,Raj Rayon Industries Ltd.,Textiles,Textiles Apparels & Accessories,1228.39,22.09,RAJRILTD,530699.0
INE570D01018,ARROWGREEN,Arrow Greentech Ltd.,Plastic Products,General Industrials,1228.31,814.1,ARROWGREEN,516064.0
INE835G01018,ALLDIGI,Alldigi Tech Ltd.,BPO/KPO,Software & Services,1227.98,805.85,ALLDIGI,532633.0
INE535D01037,ROTO,Roto Pumps Ltd.,Compressors & Pumps,General Industrials,1225.46,65.03,ROTO,517500.0
INE0NG701011,XTRANET,Xtranet Technologies Ltd.,IT Consulting & Software,Software & Services,1224.74,234.24,XTRANET,544838.0
INE828A01016,BIL,Bhartiya International Ltd.,Other Apparels & Accessories,Textiles Apparels & Accessories,1217.46,907.85,BIL,526666.0
INE963C01033,FAZE3Q,Faze Three Ltd.,Textiles,Textiles Apparels & Accessories,1215.01,493.95,FAZE3Q,530079.0
INE01GN01025,IRISDOREME,IRIS Clothings Ltd.,Textiles,Textiles Apparels & Accessories,1210.13,63.58,IRISDOREME,
INE073V01015,COMSYN,Commercial Syn Bags Ltd.,Containers & Packaging,Commercial Services & Supplies,1203.76,301.3,COMSYN,539986.0
INE737G01016,HARAFIN,Haryana Financial Corporation,Financial Institutions,Banking and Finance,1203.38,57.95,,530927.0
INE0ORA01015,COSMICCRF,Cosmic CRF Ltd.,Iron & Steel Products,Metals & Mining,1198.71,1304.7,,543928.0
INE184H01027,EKC,Everest Kanto Cylinder Ltd.,Other Industrial Products,General Industrials,1194.11,106.42,EKC,532684.0
INE148A01019,TNPETRO,Tamilnadu Petroproducts Ltd.,Commodity Chemicals,Chemicals & Petrochemicals,1193.92,132.7,TNPETRO,500777.0
INE258R01028,PANORAMA,Panorama Studios International Ltd.,Movies & Entertainment,Media,1191.27,47.98,,539469.0
INE950M01013,MONTECARLO,Monte Carlo Fashions Ltd.,Other Apparels & Accessories,Textiles Apparels & Accessories,1191.06,574.5,MONTECARLO,538836.0
INE197A01024,JYOTISTRUC,Jyoti Structures Ltd.,Construction & Engineering,Cement and Construction,1190.82,10.02,JYOTISTRUC,513250.0
INE284B01028,TGVSL,TGV SRAAC Ltd.,Commodity Chemicals,Chemicals & Petrochemicals,1179.06,110.1,,507753.0
INE484I01029,PRECAM,Precision Camshafts Ltd.,Auto Parts & Equipment,Automobiles & Auto Components,1178.01,124.02,PRECAM,539636.0
INE658G01014,SALSTEEL,SAL Steel Ltd.,Iron & Steel/Interm.Products,Metals & Mining,1177.97,81.37,SALSTEEL,532604.0
INE02L001032,BOROSCI,Borosil Scientific Ltd.,Containers & Packaging,Commercial Services & Supplies,1175.58,132.16,BOROSCI,544184.0
INE346W01013,APEX,Apex Frozen Foods Ltd.,Other Food & Beverages,"Food, Beverages & Tobacco",1172.34,375.15,APEX,540692.0
INE0XBS01012,AIRFLOA,Airfloa Rail Technology Ltd.,Auto Parts & Equipment,Automobiles & Auto Components,1167.82,487.2,,544516.0
INE520Y01019,ICEMAKE,ICE Make Refrigeration Ltd.,Industrial Machinery,General Industrials,1165.49,738.6,ICEMAKE,
INE255D01024,GULPOLY,Gulshan Polyols Ltd.,Commodity Chemicals,Chemicals & Petrochemicals,1160.16,186.01,GULPOLY,532457.0
INE02NC01014,FINOPB,Fino Payments Bank Ltd.,Microfinance Institutions,Banking and Finance,1159.48,139.33,FINOPB,543386.0
INE701A01023,VHL,Vardhman Holdings Ltd.,Finance (including NBFCs),Banking and Finance,1157.37,3626.4,VHL,500439.0
INE0DM401012,SHRIAHIMSA,Shri Ahimsa Naturals Ltd.,Tea & Coffee,"Food, Beverages & Tobacco",1155.9,485.5,SHRIAHIMSA,
INE07U701015,IRMENERGY,IRM Energy Ltd.,Utilities:Non-Electrical,Utilities,1155.42,281.4,IRMENERGY,544004.0
INE895B01021,RUPA,Rupa & Company Ltd.,Other Apparels & Accessories,Textiles Apparels & Accessories,1149.05,144.49,RUPA,533552.0
INE374E01021,BMW,BMW Industries Ltd.,Iron & Steel Products,Metals & Mining,1147.49,50.98,,542669.0
INE701G01012,AKCAPIT,AK Capital Services Ltd.,Finance (including NBFCs),Banking and Finance,1146.35,1736.9,,530499.0
INE0JYY01029,MWL,Mangalam Worldwide Ltd.,Iron & Steel Products,Metals & Mining,1145.26,38.56,MWL,544764.0
INE0PRF01011,UNIHEALTH,Unihealth Hospitals Ltd.,Healthcare Services,Diversified Consumer Services,1143.92,724.0,UNIHEALTH,
INE072A01029,INDIAHOMES,India Homes Ltd.,Iron & Steel/Interm.Products,Metals & Mining,1143.29,28.72,,513361.0
INE794B01026,BALAJITELE,Balaji Telefilms Ltd.,Broadcasting & Cable TV,Media,1135.76,93.17,BALAJITELE,532382.0
INE671K01027,SUNRAKSHAK,SunRakshakk Industries India Ltd.,Textiles,Textiles Apparels & Accessories,1135.31,366.15,,539300.0
INE0OLH01013,ROBU,Macfos Ltd.,Internet Software & Services,Software & Services,1134.36,1095.1,,543787.0
INE046A01015,RIIL,Reliance Industrial InfraStructure Ltd.,Construction & Engineering,Cement and Construction,1133.93,750.95,RIIL,523445.0
INE869Y01028,TEMBO,Tembo Global Industries Ltd.,Iron & Steel Products,Metals & Mining,1131.7,58.47,TEMBO,
INE866K01023,WAAREEINDO,Indosolar Ltd.,Other Electrical Equipment/Products,Consumer Durables,1131.62,272.0,WAAREEINDO,533257.0
INE800A01015,BIRLACABLE,Birla Cable Ltd.,Telecom Cables,Telecommunications Equipment,1129.65,376.55,BIRLACABLE,500060.0
INE062D01024,ALICON,Alicon Castalloy Ltd.,Auto Parts & Equipment,Automobiles & Auto Components,1122.9,684.2,ALICON,531147.0
INE082A01010,KOPRAN,Kopran Ltd.,Pharmaceuticals,Pharmaceuticals & Biotechnology,1122.83,232.54,KOPRAN,524280.0
INE672B01032,MUNJALAU,Munjal Auto Industries Ltd.,Auto Parts & Equipment,Automobiles & Auto Components,1122.8,112.28,MUNJALAU,520059.0
INE577L01016,STEL,STEL Holdings Ltd.,Holding Companies,Diversified,1121.9,607.9,STEL,533316.0
INE0PXC01024,ETL,Emkay Tools Ltd.,Industrial Machinery,General Industrials,1117.29,1047.0,ETL,
INE295F01017,BUTTERFLY,Butterfly Gandhimathi Appliances Ltd.,Household Appliances,Consumer Durables,1117.21,624.85,BUTTERFLY,517421.0
INE06IJ01010,UTSSAV,Utssav CZ Gold Jewels Ltd.,Gems & Jewellery,Textiles Apparels & Accessories,1115.4,468.3,UTSSAV,
INE00EV01017,HARIOMPIPE,Hariom Pipe Industries Ltd.,Iron & Steel Products,Metals & Mining,1112.35,359.2,HARIOMPIPE,543517.0
INE083B01024,THEMISMED,Themis Medicare Ltd.,Pharmaceuticals,Pharmaceuticals & Biotechnology,1109.07,120.42,THEMISMED,530199.0
INE833A01016,ADCINDIA,ADC India Communications Ltd.,Telecom Equipment,Telecommunications Equipment,1108.14,2409.0,,523411.0
INE390H01020,KAMDHENU,Kamdhenu Ltd.,Iron & Steel/Interm.Products,Metals & Mining,1106.11,39.24,KAMDHENU,532741.0
INE0HLJ01013,SVRL,Shri Venkatesh Refineries Ltd.,Edible Oils,FMCG,1103.75,499.0,,543373.0
INE232A01011,SHREDIGCEM,Shree Digvijay Cement Company Ltd.,Cement & Cement Products,Cement and Construction,1101.07,74.44,SHREDIGCEM,502180.0
INE451C01013,ACGL,Automobile Corporation Of Goa Ltd.,Auto Parts & Equipment,Automobiles & Auto Components,1100.09,1806.8,,505036.0
INE0VCK01011,FLYSBS,FlySBS Aviation Ltd.,Airlines,Transportation,1099.83,635.6,FLYSBS,
INE660C01027,CENTRUM,Centrum Capital Ltd.,Other Financial Services,Banking and Finance,1097.8,22.55,CENTRUM,501150.0
INE677D01037,MASTERTR,Master Trust Ltd.,Capital Markets,Banking and Finance,1096.81,89.16,MASTERTR,511768.0
INE0WO601020,LAXMIDENTL,Laxmi Dental Ltd.,Healthcare Supplies,Healthcare,1095.86,199.14,LAXMIDENTL,544339.0
INE041A01016,DHAMPURSUG,Dhampur Sugar Mills Ltd.,Sugar,"Food, Beverages & Tobacco",1095.83,167.59,DHAMPURSUG,500119.0
INE866R01028,MATRIMONY,Matrimony.com Ltd.,Internet Software & Services,Software & Services,1094.89,529.05,MATRIMONY,540704.0
INE524B01027,GANDHITUBE,Gandhi Special Tubes Ltd.,Iron & Steel Products,Metals & Mining,1093.86,900.15,GANDHITUBE,513108.0
INE0PPK01015,ORIENTTECH,Orient Technologies Ltd.,IT Consulting & Software,Software & Services,1091.97,238.39,ORIENTTECH,544235.0
INE557A01011,BIRLANU,BirlaNu Ltd.,Cement & Cement Products,Cement and Construction,1091.92,1448.0,BIRLANU,509675.0
INE999K01014,GREENPOWER,Orient Green Power Company Ltd.,Green & Renewable Energy,Utilities,1088.57,9.28,GREENPOWER,533263.0
INE1ARD01016,SACHEEROME,Sacheerome Ltd.,Personal Products,FMCG,1085.64,485.25,SACHEEROME,
INE0WKY01013,INDOSMC,INDO SMC Ltd.,Other Electrical Equipment/Products,Consumer Durables,1082.2,473.5,,544681.0
INE411U01027,BAJAJHCARE,Bajaj Healthcare Ltd.,Pharmaceuticals,Pharmaceuticals & Biotechnology,1082.17,321.45,BAJAJHCARE,539872.0
INE412G01024,BCLIND,BCL Industries Ltd.,Edible Oils,FMCG,1080.89,36.62,BCLIND,524332.0
INE107A01015,TNPL,Tamil Nadu Newsprint And Papers Ltd.,Paper & Paper Products,Commercial Services & Supplies,1077.96,155.75,TNPL,531426.0
INE137I01015,GRPLTD,GRP Ltd.,Auto Tyres & Rubber Products,Automobiles & Auto Components,1073.59,2013.0,GRPLTD,509152.0
INE786F01031,UTTAMSUGAR,Uttam Sugar Mills Ltd.,Sugar,"Food, Beverages & Tobacco",1072.44,281.2,UTTAMSUGAR,532729.0
INE694A01020,UNITECH,Unitech Ltd.,Realty,Realty,1067.45,4.08,UNITECH,507878.0
INE127B01011,HITECHGEAR,The Hi-Tech Gears Ltd.,Auto Parts & Equipment,Automobiles & Auto Components,1067.38,567.15,HITECHGEAR,522073.0
INE0R6Z01013,SRM,SRM Contractors Ltd.,Construction & Engineering,Cement and Construction,1060.83,462.35,SRM,544158.0
INE670O01013,ONEGLOBAL,One Global Service Provider Ltd.,Healthcare Services,Healthcare,1060.11,542.45,,514330.0
INE620D01011,INDPRUD,Industrial & Prudential Investment Company Ltd.,Investment Companies,Others,1055.75,6300.0,,501298.0
INE365Y01019,BPLPHARMA,Bharat Parenterals Ltd.,Pharmaceuticals,Pharmaceuticals & Biotechnology,1053.06,1527.95,,541096.0
INE01BK01022,AWHCL,Antony Waste Handling Cell Ltd.,Waste Management,Utilities,1052.41,370.8,AWHCL,543254.0
INE0H9P01028,ARIS,Arisinfra Solutions Ltd.,Construction Materials,Cement and Construction,1051.54,128.56,ARIS,544419.0
INE998U01015,PCCL,Petro Carbon and Chemicals Ltd.,Petrochemicals,Chemicals & Petrochemicals,1050.12,425.15,PCCL,
INE414A01015,MADRASFERT,Madras Fertilizers Ltd.,Fertilizers,Fertilizers,1049.09,65.12,MADRASFERT,590134.0
INE0O5T01011,REMUS,Remus Pharmaceuticals Ltd.,Pharmaceuticals,Pharmaceuticals & Biotechnology,1048.83,890.05,REMUS,
INE147P01019,JPOLYINVST,Jindal Poly Investment & Finance Company Ltd.,Other Financial Services,Banking and Finance,1048.51,997.45,JPOLYINVST,536773.0
INE887D01024,TCC,TCC Concept Ltd.,Commodity Trading  & Distribution,Commercial Services & Supplies,1047.99,44.1,,512038.0
INE796G01012,JINDALPHOT,Jindal Photo Ltd.,Photographic Products,General Industrials,1047.58,1021.2,JINDALPHOT,532624.0
INE290A01027,NAHARSPING,Nahar Spinning Mills Ltd.,Textiles,Textiles Apparels & Accessories,1045.17,289.8,NAHARSPING,500296.0
INE0ECP01024,HMAAGRO,HMA Agro Industries Ltd.,Other Food & Beverages,"Food, Beverages & Tobacco",1043.6,20.84,HMAAGRO,543929.0
INE577D01013,JYOTIRES,Jyoti Resins & Adhesives Ltd.,Specialty Chemicals,Chemicals & Petrochemicals,1043.1,869.25,,514448.0
INE068B01017,SEKURITIND,Saint-Gobain Sekurit India Ltd.,Auto Parts & Equipment,Automobiles & Auto Components,1042.25,114.4,,515043.0
INE0RFP01011,SSEGL,Sathlokhar Synergys E&C Global Ltd.,Construction & Engineering,Cement and Construction,1040.7,400.6,SSEGL,
INE611A01016,RSWM,RSWM Ltd.,Textiles,Textiles Apparels & Accessories,1039.2,220.63,RSWM,500350.0
INE964H01014,SEPC,SEPC Ltd.,Construction & Engineering,Cement and Construction,1030.55,5.38,SEPC,532945.0
INE00ZE01026,AFSL,Abans Financial Services Ltd.,Finance (including NBFCs),Banking and Finance,1027.32,202.07,AFSL,543712.0
INE511Y01018,MMP,MMP Industries Ltd.,Aluminium and Aluminium Products,Metals & Mining,1026.65,404.15,MMP,
INE284H01025,DAMCAPITAL,DAM Capital Advisors Ltd.,Capital Markets,Banking and Finance,1024.24,144.9,DAMCAPITAL,544316.0
INE559D01011,CREST,Crest Ventures Ltd.,Finance (including NBFCs),Banking and Finance,1021.35,359.0,CREST,511413.0
INE02WG01024,WEL,Wonder Electricals Ltd.,Household Appliances,Consumer Durables,1018.86,76.03,WEL,543449.0
INE189I01024,NELCAST,Nelcast Ltd.,Castings & Forgings,General Industrials,1017.83,116.99,NELCAST,532864.0
INE477B01010,DVL,Dhunseri Ventures Ltd.,Other Financial Services,Banking and Finance,1015.89,290.05,DVL,523736.0
INE0TO701015,MAMATA,Mamata Machinery Ltd.,Industrial Machinery,General Industrials,1015.19,412.55,MAMATA,544318.0
INE599F01020,FOSECOC,Foseco Crucible (India) Ltd.,Other Industrial Goods,General Industrials,1012.73,1808.45,,523160.0
INE734I01027,FINKURVE,Finkurve Financial Services Ltd.,Finance (including NBFCs),Banking and Finance,1012.71,72.31,FINKURVE,508954.0
INE336H01023,GAYAPROJ,Gayatri Projects Ltd.,Construction & Engineering,Cement and Construction,1010.31,21.76,GAYAPROJ,532767.0
INE199E01014,SUNSHIEL,Sunshield Chemicals Ltd.,Specialty Chemicals,Chemicals & Petrochemicals,1005.03,1142.75,,530845.0
INE799B01025,HIIL,Hindusthan Insulators & Industries Ltd.,Electronic Components,Commercial Services & Supplies,1002.3,463.1,,539984.0
INE0SFW01015,FRESHARA,Freshara Agro Exports Ltd.,Other Food & Beverages,"Food, Beverages & Tobacco",1000.36,425.7,FRESHARA,
INE309M01020,PREMIERPOL,Premier Polyfilm Ltd.,Plastic Products,General Industrials,998.82,95.36,PREMIERPOL,514354.0
INE740D01017,NRAIL,N R Agarwal Industries Ltd.,Paper & Paper Products,Commercial Services & Supplies,993.92,584.0,NRAIL,516082.0
INE643K01018,ARIHANTSUP,Arihant Superstructures Ltd.,Realty,Realty,992.59,229.5,ARIHANTSUP,506194.0
INE00YJ01010,JARO,Jaro Institute of Technology Management and Research Ltd.,Education,Diversified Consumer Services,992.48,445.65,JARO,544534.0
INE583V01021,RADHIKAJWE,Radhika Jeweltech Ltd.,Gems & Jewellery,Textiles Apparels & Accessories,981.29,83.16,RADHIKAJWE,540125.0
INE361D01012,UNIABEXAL,Uni Abex Alloy Products Ltd.,Iron & Steel Products,Metals & Mining,979.6,4960.0,,504605.0
INE0GGO01015,KRISHIVAL,Krishival Foods Ltd.,Other Food & Beverages,"Food, Beverages & Tobacco",976.71,416.3,KRISHIVAL,544416.0
INE0TR001017,VIESL,Vision Infra Equipment Solutions Ltd.,Misc. Commercial Services,Commercial Services & Supplies,976.55,393.1,VIESL,
INE0LEX01011,SAHANA,Sahana System Ltd.,IT Consulting & Software,Software & Services,975.93,920.3,SAHANA,
INE778B01029,ESTER,Ester Industries Ltd.,Containers & Packaging,Commercial Services & Supplies,975.89,93.57,ESTER,500136.0
INE00U401027,UNIECOM,Unicommerce eSolutions Ltd.,IT Software Products,Software & Services,975.75,87.62,UNIECOM,544227.0
INE457F01013,SALZERELEC,Salzer Electronics Ltd.,Other Electrical Equipment/Products,Consumer Durables,972.02,549.7,SALZERELEC,517059.0
INE754A01055,SUBEXLTD,Subex Ltd.,IT Software Products,Software & Services,971.14,17.28,SUBEXLTD,532348.0
INE17WC01013,TEJASCARGO,Tejas Cargo India Ltd.,Warehousing & Logistics,Transportation,967.66,405.0,TEJASCARGO,
INE032B01021,PRIMESECU,Prime Securities Ltd.,Other Financial Services,Banking and Finance,966.17,284.5,PRIMESECU,500337.0
INE528A01020,GKWLIMITED,GKW Ltd.,Other Financial Services,Banking and Finance,961.14,1610.9,GKWLIMITED,504704.0
INE032Z01020,BSHSL,Bombay Super Hybrid Seeds Ltd.,Other Agricultural Products,"Food, Beverages & Tobacco",959.97,91.48,BSHSL,544757.0
INE368U01029,UNITEDPOLY,United Polyfab Gujarat Ltd.,Textiles,Textiles Apparels & Accessories,956.16,41.66,UNITEDPOLY,544756.0
INE1J5V01013,ANAWIL,Anawil Wire & Engineering Ltd.,Other Industrial Products,General Industrials,955.99,382.4,ANAWIL,
INE0IZQ01016,BRRL,B-Right Realestate Ltd.,Realty,Realty,955.64,925.0,,543543.0
INE019J01013,HEALTHX,Health X Platform Ltd.,Healthcare Services,Healthcare,955.27,300.3,HEALTHX,533259.0
INE413D01011,ARIHANT,Arihant Foundations & Housing Ltd.,Realty,Realty,954.6,957.9,,531381.0
INE417D01020,FEDDERSHOL,Fedders Holding Ltd.,Finance (including NBFCs),Banking and Finance,952.09,47.27,,511628.0
INE275D01022,AMNPLST,Amines & Plasticizers Ltd.,Commodity Chemicals,Chemicals & Petrochemicals,951.24,172.89,AMNPLST,506248.0
INE663B01015,CONTROLPR,Control Print Ltd.,Computer Hardware,Hardware Technology & Equipment,949.02,593.35,CONTROLPR,522295.0
INE00TV01023,SUDARSHAN,Sudarshan Pharma Industries Ltd.,Specialty Chemicals,Chemicals & Petrochemicals,948.68,39.42,,543828.0
INE840M01016,ZUARI,Zuari Agro Chemicals Ltd.,Fertilizers,Fertilizers,948.66,225.56,ZUARI,534742.0
INE0GMR01016,SWARAJ,Swaraj Suiting Ltd.,Textiles,Textiles Apparels & Accessories,944.06,357.35,SWARAJ,544861.0
INE670C01026,IIRM,IIRM Holdings India Ltd.,Commodity Trading  & Distribution,Commercial Services & Supplies,943.8,138.5,,526530.0
INE00QT01015,SGIL,Synergy Green Industries Ltd.,Other Industrial Products,General Industrials,942.22,606.2,SGIL,541929.0
INE0CG401037,MUKKA,Mukka Proteins Ltd.,Other Food & Beverages,"Food, Beverages & Tobacco",940.2,31.34,MUKKA,544135.0
INE540G01014,AMBIKCO,Ambika Cotton Mills Ltd.,Textiles,Textiles Apparels & Accessories,938.38,1639.1,AMBIKCO,531978.0
INE455D01012,SHAHFOOD,Shah Foods Ltd.,Packaged Foods,FMCG,936.91,401.85,,519031.0
INE337E01010,VIKRAMTH,Vikram Thermo (India) Ltd.,Pharmaceuticals,Pharmaceuticals & Biotechnology,934.46,298.0,,530477.0
INE025A01027,CONSOFINVT,Consolidated Finvest & Holdings Ltd.,Finance (including NBFCs),Banking and Finance,931.97,288.3,CONSOFINVT,500226.0
INE194D01017,ASTAR,Asian Star Company Ltd.,Gems & Jewellery,Textiles Apparels & Accessories,928.39,580.0,,531847.0
INE535F01024,RAJOOENG,Rajoo Engineers Ltd.,Industrial Machinery,General Industrials,921.79,51.59,RAJOOENG,522257.0
INE841D01013,AMAL,Amal Ltd.,Specialty Chemicals,Chemicals & Petrochemicals,921.76,745.6,,506597.0
INE00CE01017,SVLL,Shree Vasu Logistics Ltd.,Warehousing & Logistics,Transportation,918.63,799.25,SVLL,
INE0QN801017,KRYSTAL,Krystal Integrated Services Ltd.,Misc. Commercial Services,Commercial Services & Supplies,914.61,654.6,KRYSTAL,544149.0
INE760F01028,INDOAMIN,Indo Amines Ltd.,Commodity Chemicals,Chemicals & Petrochemicals,914.31,125.96,INDOAMIN,524648.0
INE00OQ01016,DHARMAJ,Dharmaj Crop Guard Ltd.,Agrochemicals,Chemicals & Petrochemicals,912.7,270.05,DHARMAJ,543687.0
INE0MHO01029,REGAAL,Regaal Resources Ltd.,Other Agricultural Products,"Food, Beverages & Tobacco",911.6,88.51,REGAAL,544485.0
INE917H01012,SRHHYPOLTD,Sree Rayalaseema Hi-Strength Hypo Ltd.,Commodity Chemicals,Chemicals & Petrochemicals,911.54,531.05,SRHHYPOLTD,532842.0
INE0SOY01013,TAC,TAC Infosec Ltd.,IT Consulting & Software,Software & Services,911.17,433.35,TAC,
INE170V01027,SALASAR,Salasar Techno Engineering Ltd.,Construction & Engineering,Cement and Construction,908.93,5.2,SALASAR,540642.0
INE414Y01015,SGRL,Shree Ganesh Remedies Ltd.,Pharmaceuticals,Pharmaceuticals & Biotechnology,907.3,706.75,,540737.0
INE219Y01026,RMDRIP,R M Drip and Sprinklers Systems Ltd.,Plastic Products,General Industrials,904.85,21.13,RMDRIP,544456.0
INE049A01027,HIMATSEIDE,Himatsingka Seide Ltd.,Textiles,Textiles Apparels & Accessories,899.18,71.51,HIMATSEIDE,514043.0
INE319Y01024,TIRUPATIFL,Tirupati Forge Ltd.,Castings & Forgings,General Industrials,897.93,69.05,TIRUPATIFL,
INE565V01010,VALIANTORG,Valiant Organics Ltd.,Agrochemicals,Chemicals & Petrochemicals,897.81,320.25,VALIANTORG,540145.0
INE658T01017,WEALTH,Wealth First Portfolio Managers Ltd.,Other Financial Services,Banking and Finance,896.83,841.7,WEALTH,544536.0
INE435D01014,MCCHRLS-B,Mac Charles (India) Ltd.,Hotels,Hotels Restaurants & Tourism,890.68,679.85,,507836.0
INE388A01029,GANESHBE,Ganesh Benzoplast Ltd.,Commodity Chemicals,Chemicals & Petrochemicals,887.13,123.23,GANESHBE,500153.0
INE316A01038,ECORECO,Eco Recycling Ltd.,Waste Management,Utilities,887.07,459.7,,530643.0
INE287C01037,MICEL,MIC Electronics Ltd.,Electronic Components,Commercial Services & Supplies,885.48,36.74,MICEL,532850.0
INE865T01018,PDMJEPAPER,Pudumjee Paper Products Ltd.,Paper & Paper Products,Commercial Services & Supplies,885.12,93.22,PDMJEPAPER,539785.0
INE492A01029,SUDARCOLOR,Sudarshan Colorants India Ltd.,Dyes & Pigments,Chemicals & Petrochemicals,885.07,383.45,SUDARCOLOR,506390.0
INE029Q01017,BAHETI,Baheti Recycling Industries Ltd.,Aluminium and Aluminium Products,Metals & Mining,883.81,846.0,BAHETI,
INE0OSJ01014,VINSYS,Vinsys IT Services India Ltd.,IT Training Services,Software & Services,880.57,597.0,VINSYS,
INE310B01013,DANLAW,Danlaw Technologies India Ltd.,IT Consulting & Software,Software & Services,879.21,1805.1,,532329.0
INE0KNT01012,MVGJL,Manoj Vaibhav Gems N Jewellers Ltd.,Gems & Jewellery,Textiles Apparels & Accessories,878.76,179.9,MVGJL,543995.0
INE258Y01016,LGHL,Laxmi Goldorna House Ltd.,Gems & Jewellery,Textiles Apparels & Accessories,878.72,175.42,LGHL,
INE535P01015,RRPDEFENSE,RRP Defense Ltd.,Commodity Trading  & Distribution,Commercial Services & Supplies,877.8,639.85,,530929.0
INE693D01018,VADILENT,Vadilal Enterprises Ltd.,Packaged Foods,FMCG,876.83,10163.75,,519152.0
INE366A01041,DWARKESH,Dwarikesh Sugar Industries Ltd.,Sugar,"Food, Beverages & Tobacco",876.66,47.31,DWARKESH,532610.0
INE0JM501013,NRL,Nupur Recyclers Ltd.,Commodity Trading  & Distribution,Commercial Services & Supplies,876.62,126.92,NRL,
INE270B01035,MAFATIND,Mafatlal Industries Ltd.,Textiles,Textiles Apparels & Accessories,874.04,121.55,,500264.0
INE420B01036,ARIHANTCAP,Arihant Capital Markets Ltd.,Capital Markets,Banking and Finance,873.5,79.69,ARIHANTCAP,511605.0
INE750M01017,HEXATRADEX,Hexa Tradex Ltd.,Other Financial Services,Banking and Finance,870.93,157.65,HEXATRADEX,534328.0
INE409B01013,SWELECTES,Swelect Energy Systems Ltd.,Heavy Electrical Equipment,General Industrials,867.84,572.5,SWELECTES,532051.0
INE0AZY01017,VILAS,Vilas Transcore Ltd.,Heavy Electrical Equipment,General Industrials,865.86,353.7,VILAS,
INE748A01024,MBECL,McNally Bharat Engineering Company Ltd.,Construction & Engineering,Cement and Construction,862.97,258.89,MBECL,532629.0
INE107F01022,WANBURY,Wanbury Ltd.,Pharmaceuticals,Pharmaceuticals & Biotechnology,860.89,246.2,WANBURY,524212.0
INE0DNW01011,FAIRCHEMOR,Fairchem Organics Ltd.,Commodity Chemicals,Chemicals & Petrochemicals,859.7,660.25,FAIRCHEMOR,543252.0
INE442P01014,SUYOG,Suyog Telematics Ltd.,Other Telecom Services,Telecom Services,856.75,731.2,SUYOG,537259.0
INE075B01020,SICALLOG,Sical Logistics Ltd.,Warehousing & Logistics,Transportation,856.33,107.33,SICALLOG,520086.0
INE770A01010,PRADPME,Pradeep Metals Ltd.,Auto Parts & Equipment,Automobiles & Auto Components,854.86,495.0,,513532.0
INE01EG01016,RITCO,Ritco Logistics Ltd.,Warehousing & Logistics,Transportation,854.78,301.8,RITCO,542383.0
INE868X01014,YSL,The Yamuna Syndicate Ltd.,Commodity Trading  & Distribution,Commercial Services & Supplies,851.84,27711.05,,540980.0
INE843S01025,SURAJEST,Suraj Estate Developers Ltd.,Realty,Realty,851.56,178.25,SURAJEST,544054.0
INE730A01022,ORICONENT,Oricon Enterprises Ltd.,Containers & Packaging,Commercial Services & Supplies,850.41,54.15,ORICONENT,513121.0
INE0CJF01024,WCIL,Western Carriers (India) Ltd.,Warehousing & Logistics,Transportation,850.1,83.38,WCIL,544258.0
INE0CG601016,MAXIND,Max India Ltd.,Holding Companies,Diversified,848.53,150.66,MAXIND,543223.0
INE0P8B01020,GAUDIUMIVF,Gaudium IVF And Women Health Ltd.,Misc. Commercial Services,Commercial Services & Supplies,847.46,116.43,GAUDIUMIVF,544709.0
INE0Z7N01017,TANKUP,Tankup Engineers Ltd.,Industrial Machinery,General Industrials,846.14,1598.0,TANKUP,
INE076C01018,IFBAGRO,IFB Agro Industries Ltd.,Breweries & Distilleries,"Food, Beverages & Tobacco",846.13,903.3,IFBAGRO,507438.0
INE06XZ01023,GEMAROMA,Gem Aromatics Ltd.,Specialty Chemicals,Chemicals & Petrochemicals,843.63,161.5,GEMAROMA,544491.0
INE457G01029,ORIRAIL,Oriental Rail Infrastructure Ltd.,Other Industrial Products,General Industrials,841.53,130.35,,531859.0
INE895W01019,PANACHE,Panache Digilife Ltd.,Computer Hardware,Hardware Technology & Equipment,840.74,525.0,PANACHE,
INE134B01017,KECL,Kirloskar Electric Company Ltd.,Other Electrical Equipment/Products,Consumer Durables,839.54,126.41,KECL,533193.0
INE709A01018,VLSFINANCE,VLS Finance Ltd.,Other Financial Services,Banking and Finance,838.15,246.44,VLSFINANCE,511333.0
INE091E01039,JAYTEX,Jaybharat Textiles & Real Estate Ltd.,Textiles,Textiles Apparels & Accessories,838.03,21.89,,512233.0
INE155G01029,NDTV,New Delhi Television Ltd.,Broadcasting & Cable TV,Media,837.95,74.27,NDTV,532529.0
INE283A01014,PRECOT,Precot Ltd.,Textiles,Textiles Apparels & Accessories,837.66,698.05,PRECOT,521184.0
INE453D01025,SARLAPOLY,Sarla Performance Fibers Ltd.,Textiles,Textiles Apparels & Accessories,836.7,100.2,SARLAPOLY,526885.0
INE232E01013,VELJAN,Veljan Denison Ltd.,Auto Parts & Equipment,Automobiles & Auto Components,835.52,1856.7,,505232.0
INE13VU01016,BEEZAASAN,Beezaasan Explotech Ltd.,Other Industrial Products,General Industrials,834.33,550.65,,544369.0
INE0U9101019,EFFWA,Effwa Infra & Research Ltd.,Construction & Engineering,Cement and Construction,833.3,360.0,EFFWA,
INE140B01048,JTLDEFENCE,JTL Defence Ltd.,Iron & Steel/Interm.Products,Metals & Mining,831.58,790.0,,537254.0
INE0I3401014,DBOL,Dhampur Bio Organics Ltd.,Sugar,"Food, Beverages & Tobacco",829.78,124.99,DBOL,543593.0
INE0QRV01016,ABSMARINE,ABS Marine Services Ltd.,Marine Port & Services,Transportation,829.54,337.9,ABSMARINE,
INE0JUI01012,HEXAGON,Hexagon Nutrition Ltd.,Packaged Foods,FMCG,826.38,67.23,HEXAGON,544785.0
INE217A01012,ZUARIIND,Zuari Industries Ltd.,Sugar,"Food, Beverages & Tobacco",823.3,276.45,ZUARIIND,500780.0
INE356B01024,SYSTMTXC,Systematix Corporate Services Ltd.,Capital Markets,Banking and Finance,822.37,60.23,SYSTMTXC,526506.0
INE16SF01016,BORANA,Borana Weaves Ltd.,Textiles,Textiles Apparels & Accessories,819.61,307.6,BORANA,544404.0
INE0PK601023,OCCLLTD,OCCL Ltd.,Commodity Chemicals,Chemicals & Petrochemicals,818.84,163.93,OCCLLTD,544278.0
INE283H01019,ROHLTD,Royal Orchid Hotels Ltd.,Hotels,Hotels Restaurants & Tourism,818.78,298.55,ROHLTD,532699.0
INE026D01011,LOTUSCHO,Lotus Chocolate Company Ltd.,Packaged Foods,FMCG,816.37,635.75,,523475.0
INE389K01018,WELINV,Welspun Investments & Commercials Ltd.,Other Financial Services,Banking and Finance,815.21,2230.7,WELINV,533252.0
INE0MEG01014,VIVIANA,Viviana Power Tech Ltd.,Power - Electric Utilities,Utilities,814.74,804.7,VIVIANA,
INE550H01011,SUPREMEINF,Supreme Infrastructure India Ltd.,Construction & Engineering,Cement and Construction,813.37,83.42,SUPREMEINF,532904.0
INE239D01028,OMINFRAL,Om Infra Ltd.,Construction & Engineering,Cement and Construction,813.09,84.43,OMINFRAL,531092.0
INE489G01022,ANUHPHR,Anuh Pharma Ltd.,Pharmaceuticals,Pharmaceuticals & Biotechnology,812.82,81.1,ANUHPHR,506260.0
INE090501011,SCODATUBES,Scoda Tubes Ltd.,Iron & Steel Products,Metals & Mining,808.89,135.02,SCODATUBES,544411.0
INE760A01029,KOKUYOCMLN,Kokuyo Camlin Ltd.,Commodity Printing/Stationery,Commercial Services & Supplies,808.55,80.61,KOKUYOCMLN,523207.0
INE606N01019,EXCELSOFT,Excelsoft Technologies Ltd.,IT Consulting & Software,Software & Services,808.24,70.23,EXCELSOFT,544617.0
INE060901027,LIKHITHA,Likhitha Infrastructure Ltd.,Construction & Engineering,Cement and Construction,807.94,204.8,LIKHITHA,543240.0
INE392A01021,VISAKAIND,Visaka Industries Ltd.,Cement & Cement Products,Cement and Construction,806.76,93.37,VISAKAIND,509055.0
INE888C01040,SADHNANIQ,Sadhana Nitro Chem Ltd.,Commodity Chemicals,Chemicals & Petrochemicals,806.4,2.72,SADHNANIQ,506642.0
INE334A01023,STERTOOLS,Sterling Tools Ltd.,Auto Parts & Equipment,Automobiles & Auto Components,804.34,221.31,STERTOOLS,530759.0
INE732C01016,NCLIND,NCL Industries Ltd.,Cement & Cement Products,Cement and Construction,804.28,177.81,NCLIND,502168.0
INE0PEQ01016,RBZJEWEL,RBZ Jewellers Ltd.,Gems & Jewellery,Textiles Apparels & Accessories,802.76,200.69,RBZJEWEL,544060.0
INE213D01015,BEEKAY,Beekay Steel Industries Ltd.,Iron & Steel/Interm.Products,Metals & Mining,802.08,420.55,,539018.0
INE312B01027,SJCORP,SJ Corporation Ltd.,Gems & Jewellery,Textiles Apparels & Accessories,799.68,184.45,,504398.0
INE235C01036,SUMEETINDS,Sumeet Industries Ltd.,Textiles,Textiles Apparels & Accessories,798.96,11.5,SUMEETINDS,514211.0
INE583C01021,DECCANCE,Deccan Cements Ltd.,Cement & Cement Products,Cement and Construction,798.08,569.75,DECCANCE,502137.0
INE00U801010,PARIN,Parin Enterprises Ltd.,Furniture-Furnishing,Diversified Consumer Services,796.38,716.3,PARIN,
INE583B01015,SANDESH,Sandesh Ltd.,Publishing,Commercial Services & Supplies,795.77,1051.3,SANDESH,526725.0
INE397H01017,LOKESHMACH,Lokesh Machines Ltd.,Industrial Machinery,General Industrials,794.71,364.6,LOKESHMACH,532740.0
INE0BX301013,PROSTARM,Prostarm Info Systems Ltd.,Other Electrical Equipment/Products,Consumer Durables,793.22,134.73,PROSTARM,544410.0
INE896J01014,TANDHANIN,Tandhan Industries Ltd.,Misc. Commercial Services,Commercial Services & Supplies,788.4,158.4,,512062.0
INE0PKD01011,MEIL,Mangal Electrical Industries Ltd.,Heavy Electrical Equipment,General Industrials,787.73,285.1,MEIL,544492.0
INE506D01020,HALDYNGL,Haldyn Glass Ltd.,Containers & Packaging,Commercial Services & Supplies,786.92,146.4,,515147.0
INE443P01038,PERVASIVE,Pervasive Commodities Ltd.,Electronic Components,Commercial Services & Supplies,785.63,8.72,,517172.0
INE144J01027,20MICRONS,20 Microns Ltd.,Coal & Mining,Metals & Mining,785.09,222.49,20MICRONS,533022.0
INE236G01019,TVSELECT,TVS Electronics Ltd.,Electronic Components,Commercial Services & Supplies,784.9,420.85,TVSELECT,532513.0
INE687A01016,TRANSPEK,Transpek Industry Ltd.,Commodity Chemicals,Chemicals & Petrochemicals,783.94,1403.5,,506687.0
INE1ABX01018,UNIFIED,Unified Data- Tech Solutions Ltd.,IT Consulting & Software,Software & Services,783.71,390.1,,544406.0
INE880Y01017,SOLEX,Solex Energy Ltd.,Other Electrical Equipment/Products,Consumer Durables,783.51,725.3,SOLEX,544862.0
INE863T01013,JITFINFRA,JITF Infralogistics Ltd.,Utilities:Non-Electrical,Utilities,782.68,304.5,JITFINFRA,540311.0
INE345H01024,CIFL,Capital India Finance Ltd.,Finance (including NBFCs),Banking and Finance,781.33,19.98,CIFL,530879.0
INE0OMO01025,CELLECOR,Cellecor Gadgets Ltd.,Commodity Trading  & Distribution,Commercial Services & Supplies,779.0,32.85,CELLECOR,
INE347W01011,MAGADSUGAR,Magadh Sugar & Energy Ltd.,Sugar,"Food, Beverages & Tobacco",777.93,552.05,MAGADSUGAR,540650.0
INE668G01021,ELDEHSG,Eldeco Housing & Industries Ltd.,Realty,Realty,775.92,789.1,ELDEHSG,523329.0
INE01A001028,STANLEY,Stanley Lifestyles Ltd.,Furniture-Furnishing,Diversified Consumer Services,773.94,135.48,STANLEY,544202.0
INE0RBQ01018,SAHASRA,Sahasra Electronic Solutions Ltd.,Electronic Components,Commercial Services & Supplies,769.4,307.85,SAHASRA,
INE720A01015,KOTHARIPET,Kothari Petrochemicals Ltd.,Petrochemicals,Chemicals & Petrochemicals,768.3,130.56,KOTHARIPET,532096.0
INE0OMI01019,BRIGHT,Bright Outdoor Media Ltd.,Advertising & Media,Media,766.54,351.25,,543831.0
INE916G01016,GEECEE,GeeCee Ventures Ltd.,Realty,Realty,765.79,366.2,GEECEE,532764.0
INE306L01010,QUICKHEAL,Quick Heal Technologies Ltd.,IT Software Products,Software & Services,764.79,140.94,QUICKHEAL,539678.0
INE418E01018,PERMAGN,Permanent Magnets Ltd.,Other Industrial Goods,General Industrials,761.14,885.2,,504132.0
INE195N01013,PROZONER,Prozone Realty Ltd.,Realty,Realty,759.35,49.76,PROZONER,534675.0
INE032E01017,ARYAMAN,Aryaman Financial Services Ltd.,Finance (including NBFCs),Banking and Finance,759.31,620.0,,530245.0
INE0SA001017,RNFI,RNFI Services Ltd.,Other Financial Services,Banking and Finance,758.55,299.15,RNFI,
INE289B01019,GICHSGFIN,GIC Housing Finance Ltd.,Housing Finance,Banking and Finance,756.34,140.45,GICHSGFIN,511676.0
INE1B0W01010,ADVANCE,Advance Agrolife Ltd.,Agrochemicals,Chemicals & Petrochemicals,754.91,117.43,ADVANCE,544562.0
INE684B01029,ISTLTD,IST Ltd.,Auto Parts & Equipment,Automobiles & Auto Components,753.5,646.0,,508807.0
INE084K01015,AMANTA,Amanta Healthcare Ltd.,Pharmaceuticals,Pharmaceuticals & Biotechnology,753.41,194.03,AMANTA,544502.0
INE704G01024,BAJAJST,Bajaj Steel Industries Ltd.,Industrial Machinery,General Industrials,753.17,362.1,,507944.0
INE1E4401010,EXATO,Exato Technologies Ltd.,IT Consulting & Software,Software & Services,752.19,747.3,,544626.0
INE900C01027,ASAL,Automotive Stampings and Assemblies Ltd.,Auto Parts & Equipment,Automobiles & Auto Components,751.58,473.75,ASAL,520119.0
INE955I01044,SEJALLTD,Sejal Glass Ltd.,Construction Materials,Cement and Construction,749.55,657.5,SEJALLTD,532993.0
INE726E01014,UPHOT,U P Hotels Ltd.,Hotels,Hotels Restaurants & Tourism,749.52,1388.0,,509960.0
INE0U2N01013,SUNLITE,Sunlite Recycling Industries Ltd.,Copper,Metals & Mining,748.96,542.5,SUNLITE,
INE574A01016,JAGAJITIND,Jagatjit Industries Ltd.,Breweries & Distilleries,"Food, Beverages & Tobacco",748.75,160.05,,507155.0
INE0L0L01012,MODIS,Modis Navnirman Ltd.,Realty,Realty,746.13,380.85,MODIS,543539.0
INE296H01011,EMKAY,Emkay Global Financial Services Ltd.,Capital Markets,Banking and Finance,739.63,267.25,EMKAY,532737.0
INE164B01030,KELLTONTEC,Kellton Tech Solutions Ltd.,IT Consulting & Software,Software & Services,737.06,13.87,KELLTONTEC,519602.0
INE1OOJ01011,APSISAERO,Apsis Aerocom Ltd.,Industrial Machinery,General Industrials,736.73,611.3,APSISAERO,
INE400A01014,TUTIALKA,Tuticorin Alkali Chemicals & Fertilizers Ltd.,Commodity Chemicals,Chemicals & Petrochemicals,735.89,60.4,,506808.0
INE0R4L01018,DENTA,Denta Water and Infra Solutions Ltd.,Utilities:Non-Electrical,Utilities,735.18,275.35,DENTA,544345.0
INE0MGA01012,KARNIKA,Karnika Industries Ltd.,Other Apparels & Accessories,Textiles Apparels & Accessories,733.43,118.3,KARNIKA,
INE296E01026,RAJPALAYAM,Rajapalayam Mills Ltd.,Textiles,Textiles Apparels & Accessories,732.96,794.95,,532503.0
INE505A01010,DMCC,DMCC Speciality Chemicals Ltd.,Commodity Chemicals,Chemicals & Petrochemicals,731.61,293.35,DMCC,506405.0
INE772T01024,PVSL,Popular Vehicles and Services Ltd.,Specialty Retail,Retailing,730.71,102.63,PVSL,544144.0
INE0R8B01010,PATELRMART,Patel Retail Ltd.,Department Stores,Retailing,729.2,218.32,PATELRMART,544487.0
INE03YM01018,CHEMCON,Chemcon Speciality Chemicals Ltd.,Specialty Chemicals,Chemicals & Petrochemicals,726.68,198.38,CHEMCON,543233.0
INE070K01014,APIS,Apis India Ltd.,Other Food & Beverages,"Food, Beverages & Tobacco",726.23,52.72,,506166.0
INE28GN01010,ADVENTHTL,Advent Hotels International Ltd.,Hotels,Hotels Restaurants & Tourism,725.91,134.57,ADVENTHTL,544446.0
INE00YB01025,ABINFRA,AB Infrabuild Ltd.,Construction & Engineering,Cement and Construction,725.03,11.35,ABINFRA,544281.0
INE692C01020,TANAA,Taneja Aerospace & Aviation Ltd.,Aerospace & Defence,General Industrials,724.72,284.2,,522229.0
INE0ISZ01012,ZTECH,Z-Tech (India) Ltd.,Construction & Engineering,Cement and Construction,723.49,476.3,ZTECH,
INE0UZO01024,NEETUYOSHI,Neetu Yoshi Ltd.,Castings & Forgings,General Industrials,723.27,186.35,,544434.0
INE0H8H01019,CWD,CWD Ltd.,Consumer Electronics,Consumer Durables,720.15,315.65,,543378.0
INE1H7V01011,PARTH,Parth Electricals & Engineering Ltd.,Heavy Electrical Equipment,General Industrials,718.53,525.7,PARTH,
INE515H01014,EMPIND,Empire Industries Ltd.,Diversified,Diversified,717.36,1195.6,,509525.0
INE335Q01026,RNITAI,Rnit AI Solutions Ltd.,IT Consulting & Software,Software & Services,716.77,99.84,,517286.0
INE849C01026,SHALPAINTS,Shalimar Paints Ltd.,Paints,Consumer Durables,715.48,85.47,SHALPAINTS,509874.0
INE865C01022,BIRLAMONEY,Aditya Birla Money Ltd.,Capital Markets,Banking and Finance,714.11,126.37,BIRLAMONEY,532974.0
INE0O9T01021,BAJAJINDEF,Indef Manufacturing Ltd.,Industrial Machinery,General Industrials,712.61,222.69,BAJAJINDEF,544364.0
INE0TT901016,TOTEM,Forbes Precision Tools and Machine Parts Ltd.,Industrial Machinery,General Industrials,710.2,137.65,,544186.0
INE130L01014,ENKEIWHEL,Enkei Wheels (India) Ltd.,Auto Parts & Equipment,Automobiles & Auto Components,709.92,394.95,,533477.0
INE2L0V01019,SUSAN,Susan Electricals India Ltd.,Wires & Cables,Consumer Durables,709.75,349.1,,544793.0
INE064H01021,GEE,GEE Ltd.,Other Industrial Goods,General Industrials,709.48,136.5,,504028.0
INE215I01027,MAANALU,Maan Aluminium Ltd.,Aluminium and Aluminium Products,Metals & Mining,707.22,117.9,MAANALU,532906.0
INE893I01013,VASCONEQ,Vascon Engineers Ltd.,Construction & Engineering,Cement and Construction,705.98,30.47,VASCONEQ,533156.0
INE652V01016,GANESHCP,Ganesh Consumer Products Ltd.,Packaged Foods,FMCG,705.04,174.46,GANESHCP,544528.0
INE824Q01011,MANAKSTEEL,Manaksia Steels Ltd.,Iron & Steel/Interm.Products,Metals & Mining,703.18,107.3,MANAKSTEEL,539044.0
INE0N6U01018,KALYANI,Kalyani Cast-Tech Ltd.,Other Industrial Products,General Industrials,701.43,976.85,,544023.0
INE830C01026,EMAMIPAP,Emami Paper Mills Ltd.,Paper & Paper Products,Commercial Services & Supplies,701.3,115.92,EMAMIPAP,533208.0
INE878I01022,BAFNAPH,Bafna Pharmaceuticals Ltd.,Pharmaceuticals,Pharmaceuticals & Biotechnology,699.87,295.85,BAFNAPH,532989.0
INE0LEG01024,HTEL,Hy-Tech Engineers Ltd.,Other Industrial Products,General Industrials,698.59,73.65,HTEL,544891.0
INE485D01043,MAXGROW,Maxgrow India Ltd.,BPO/KPO,Software & Services,697.24,174.55,,521167.0
INE763M01028,MERCURYEV,Mercury Ev-Tech Ltd.,Cars & Utility Vehicles,Automobiles & Auto Components,697.01,36.69,,531357.0
INE722B01019,PRAVEG,Praveg Ltd.,Advertising & Media,Media,696.13,266.3,,531637.0
INE694N01015,HERANBA,Heranba Industries Ltd.,Agrochemicals,Chemicals & Petrochemicals,695.55,173.83,HERANBA,543266.0
INE290E01011,YOGI,Yogi Ltd.,Other Financial Services,Banking and Finance,695.52,161.15,,511702.0
INE980Y01015,SOUTHWEST,South West Pinnacle Exploration Ltd.,Coal & Mining,Metals & Mining,695.21,212.92,SOUTHWEST,543986.0
INE06WU01026,LAXMIINDIA,Laxmi India Finance Ltd.,Finance (including NBFCs),Banking and Finance,694.73,132.6,LAXMIINDIA,544465.0
INE335K01011,COFFEEDAY,Coffee Day Enterprises Ltd.,Restaurants,Hotels Restaurants & Tourism,694.17,32.86,COFFEEDAY,539436.0
INE474O01010,IFINSEC,India Finsec Ltd.,Finance (including NBFCs),Banking and Finance,691.84,237.0,,535667.0
INE785A01026,JAYAGROGN,Jayant Agro Organics Ltd.,Edible Oils,FMCG,691.8,230.6,JAYAGROGN,524330.0
INE655A01013,STCINDIA,State Trading Corporation Of India Ltd.,Commodity Trading  & Distribution,Commercial Services & Supplies,691.68,115.28,STCINDIA,512531.0
INE360C01024,DPSCLTD,India Power Corporation Ltd.,Power - Electric Utilities,Utilities,690.42,7.09,DPSCLTD,
INE538A01037,GFLLIMITED,GFL Ltd.,Holding Companies,Diversified,689.97,62.81,GFLLIMITED,500173.0
INE546V01010,EIFFL,Euro India Fresh Foods Ltd.,Packaged Foods,FMCG,689.84,273.05,EIFFL,
INE252A01019,SPELS,SPEL Semiconductor Ltd.,Electronic Components,Commercial Services & Supplies,688.3,149.25,,517166.0
INE0RMF01018,OSELDEVICE,Osel Devices Ltd.,Other Electrical Equipment/Products,Consumer Durables,685.36,385.15,OSELDEVICE,
INE0ATZ01017,KRONOX,Kronox Lab Sciences Ltd.,Specialty Chemicals,Chemicals & Petrochemicals,685.27,184.69,KRONOX,544187.0
INE0N5801013,DENTALKART,Vasa Denticity Ltd.,Healthcare Supplies,Healthcare,684.81,412.0,DENTALKART,
INE0TGX01019,CHEMBONDCH,Chembond Chemicals Ltd.,Specialty Chemicals,Chemicals & Petrochemicals,684.38,254.45,CHEMBONDCH,544450.0
INE052T01021,BESTAGRO,Best Agrolife Ltd.,Agrochemicals,Chemicals & Petrochemicals,684.16,19.29,BESTAGRO,539660.0
INE692G01013,XCHANGING,Xchanging Solutions Ltd.,IT Consulting & Software,Software & Services,684.02,61.4,XCHANGING,532616.0
INE06HJ01020,ECOSMOBLTY,Ecos (India) Mobility & Hospitality Ltd.,Transport Related Services,Transportation,681.24,113.54,ECOSMOBLTY,544239.0
INE138C01024,KANORICHEM,Kanoria Chemicals & Industries Ltd.,Commodity Chemicals,Chemicals & Petrochemicals,679.69,155.56,KANORICHEM,506525.0
INE501Y01019,SCPL,Sheetal Cool Products Ltd.,Packaged Foods,FMCG,678.77,646.45,SCPL,540757.0
INE974B01016,CHEVIOT,Cheviot Company Ltd.,Jute & Jute Products,Forest Materials,677.31,1159.4,CHEVIOT,526817.0
INE0MYZ01012,INFLUX,Influx Healthtech Ltd.,Pharmaceuticals,Pharmaceuticals & Biotechnology,674.49,291.35,INFLUX,
INE204E01012,AGARIND,Agarwal Industrial Corporation Ltd.,Petrochemicals,Chemicals & Petrochemicals,674.3,450.8,AGARIND,531921.0
INE0O3901029,TREL,Transindia Real Estate Ltd.,Realty,Realty,674.19,27.44,TREL,543955.0
INE518E01015,ZIMLAB,Zim Laboratories Ltd.,Pharmaceuticals,Pharmaceuticals & Biotechnology,673.41,125.5,ZIMLAB,541400.0
INE247M01014,SPECIALITY,Speciality Restaurants Ltd.,Restaurants,Hotels Restaurants & Tourism,673.32,139.59,SPECIALITY,534425.0
INE295A01018,EVERESTIND,Everest Industries Ltd.,Cement & Cement Products,Cement and Construction,672.13,423.9,EVERESTIND,508906.0
INE0N7W01012,BLAL,BEML Land Assets Ltd.,Realty,Realty,669.98,160.88,BLAL,543898.0
INE645H01027,SUTLEJTEX,Sutlej Textiles & Industries Ltd.,Textiles,Textiles Apparels & Accessories,669.9,40.89,SUTLEJTEX,532782.0
INE672K01025,TRUEGREEN,True Green Bio Energy Ltd.,Textiles,Textiles Apparels & Accessories,668.29,223.35,,533407.0
INE0HF201011,FABTECH,Fabtech Technologies Ltd.,Misc. Commercial Services,Commercial Services & Supplies,667.65,150.2,FABTECH,544558.0
INE967C01018,KAMATHOTEL,Kamat Hotels (India) Ltd.,Hotels,Hotels Restaurants & Tourism,664.81,225.51,KAMATHOTEL,526668.0
INE0NN701020,ATL,Allcargo Terminals Ltd.,Warehousing & Logistics,Transportation,663.15,25.31,ATL,543954.0
INE038F01029,TVTODAY,TV Today Network Ltd.,Broadcasting & Cable TV,Media,662.02,110.95,TVTODAY,532515.0
INE869I01013,GTPL,GTPL Hathway Ltd.,Broadcasting & Cable TV,Media,659.82,58.67,GTPL,540602.0
INE0ONE01016,PROV,Proventus Agrocom Ltd.,Commodity Trading  & Distribution,Commercial Services & Supplies,658.32,1910.0,PROV,
INE230R01035,RAMASTEEL,Rama Steel Tubes Ltd.,Iron & Steel Products,Metals & Mining,657.69,4.02,RAMASTEEL,539309.0
INE350Z01018,GLOSTERLTD,Gloster Ltd.,Jute & Jute Products,Forest Materials,652.77,596.5,GLOSTERLTD,542351.0
INE298I01015,ARIES,Aries Agro Ltd.,Agrochemicals,Chemicals & Petrochemicals,650.35,500.1,ARIES,532935.0
INE037A01022,UNIENTER,Uniphos Enterprises Ltd.,Commodity Trading  & Distribution,Commercial Services & Supplies,648.1,93.19,UNIENTER,500429.0
INE939X01013,MANBA,Manba Finance Ltd.,Finance (including NBFCs),Banking and Finance,647.84,128.95,MANBA,544262.0
INE529I01021,KUANTUM,Kuantum Papers Ltd.,Paper & Paper Products,Commercial Services & Supplies,647.32,74.18,KUANTUM,532937.0
INE0D6I01023,KSOLVES,Ksolves India Ltd.,IT Consulting & Software,Software & Services,645.08,272.05,KSOLVES,543599.0
INE622H01018,INDOFARM,Indo Farm Equipment Ltd.,Commercial Vehicles,Automobiles & Auto Components,644.04,134.03,INDOFARM,544328.0
INE285C01015,VOITHPAPR,Voith Paper Fabrics India Ltd.,Textiles,Textiles Apparels & Accessories,643.52,1465.0,,522122.0
INE626A01014,SAURASHCEM,Saurashtra Cements Ltd.,Cement & Cement Products,Cement and Construction,641.13,57.61,SAURASHCEM,502175.0
INE480D01010,NIYOGIN,Niyogin Fintech Ltd.,Finance (including NBFCs),Banking and Finance,638.44,57.52,,538772.0
INE220Z01013,SHINDL,Sharat Industries Ltd.,Other Food & Beverages,"Food, Beverages & Tobacco",637.82,162.65,,519397.0
INE429I01024,CCCL,Consolidated Construction Consortium Ltd.,Construction & Engineering,Cement and Construction,637.53,14.27,CCCL,532902.0
INE1IJQ01026,BAIKAKAJI,Bai-Kakaji Polymers Ltd.,Plastic Products,General Industrials,636.46,297.35,,544670.0
INE389C01015,MALLCOM,Mallcom (India) Ltd.,Other Apparels & Accessories,Textiles Apparels & Accessories,635.33,1018.15,MALLCOM,539400.0
INE333I01044,NEUEON,Neueon Corporation Ltd.,Heavy Electrical Equipment,General Industrials,634.43,11.22,NEUEON,532887.0
INE231G01010,ORBTEXP,Orbit Exports Ltd.,Textiles,Textiles Apparels & Accessories,633.67,239.02,ORBTEXP,512626.0
INE170E01023,SATIA,Satia Industries Ltd.,Paper & Paper Products,Commercial Services & Supplies,633.6,63.36,SATIA,539201.0
INE767C01012,AXTEL,Axtel Industries Ltd.,Industrial Machinery,General Industrials,633.27,392.0,,523850.0
INE229A01017,ONWARDTEC,Onward Technologies Ltd.,IT Consulting & Software,Software & Services,632.66,284.35,ONWARDTEC,517536.0
INE729D01010,KILITCH,Kilitch Drugs(I) Ltd.,Pharmaceuticals,Pharmaceuticals & Biotechnology,632.63,180.95,KILITCH,524500.0
INE19QK01022,TECHNOCRAT,Technocrats Plasma Systems Ltd.,Industrial Machinery,General Industrials,631.75,361.0,,544877.0
INE403Y01018,INNOVANA,Innovana Thinklabs Ltd.,IT Software Products,Software & Services,630.54,305.2,INNOVANA,544302.0
INE311M01018,SHRADDHA,Shraddha Prime Projects Ltd.,Realty,Realty,629.85,155.9,,531771.0
INE0Q1S01010,SUNITATOOL,Sunita Tools Ltd.,Industrial Machinery,General Industrials,628.55,1008.4,,544001.0
INE051B01021,VAKRANGEE,Vakrangee Ltd.,Misc. Commercial Services,Commercial Services & Supplies,627.17,5.79,VAKRANGEE,511431.0
INE08NZ01012,NAMOEWASTE,Namo eWaste Management Ltd.,Electronic Components,Commercial Services & Supplies,626.8,274.1,NAMOEWASTE,
INE050001010,PPL,Prakash Pipes Ltd.,Plastic Products,General Industrials,626.66,262.0,PPL,542684.0
INE133D01023,ARTSON,Artson Ltd.,Industrial Machinery,General Industrials,624.69,169.2,,522134.0
INE626Z01029,HARDWYN,Hardwyn India Ltd.,Household Products,Consumer Durables,624.31,9.13,HARDWYN,541276.0
INE320L01011,DHUNINV,Dhunseri Investments Ltd.,Other Financial Services,Banking and Finance,621.4,1019.15,DHUNINV,533336.0
INE871K01015,HMVL,Hindustan Media Ventures Ltd.,Publishing,Commercial Services & Supplies,620.9,84.28,HMVL,533217.0
INE915K01010,AHLWEST,Asian Hotels (West) Ltd.,Hotels,Hotels Restaurants & Tourism,618.5,530.85,AHLWEST,533221.0
INE734N01019,SNOWMAN,Snowman Logistics Ltd.,Warehousing & Logistics,Transportation,615.72,36.85,SNOWMAN,538635.0
INE607D01018,ORIENTBELL,Orient Bell Ltd.,Ceramics,Consumer Durables,615.45,420.1,ORIENTBELL,530365.0
INE099F01013,SREEL,Sreeleathers Ltd.,Footwear,Retailing,614.81,265.52,SREEL,535601.0
INE694E01014,KANPRPLA,Kanpur Plastipack Ltd.,Containers & Packaging,Commercial Services & Supplies,614.8,250.2,KANPRPLA,507779.0
INE291W01037,GLOBAL,Global Education Ltd.,Education,Diversified Consumer Services,613.11,120.45,GLOBAL,
INE467D01017,VIRAT,Virat Industries Ltd.,Other Apparels & Accessories,Textiles Apparels & Accessories,612.81,421.95,,530521.0
INE1MTV01019,KRMAYURVED,KRM Ayurveda Ltd.,Healthcare Facilities,Diversified Consumer Services,611.99,287.85,KRMAYURVED,
INE266B01017,KINETICENG,Kinetic Engineering Ltd.,Auto Parts & Equipment,Automobiles & Auto Components,610.48,226.85,,500240.0
INE17GV01016,PATILAUTOM,Patil Automation Ltd.,Industrial Machinery,General Industrials,609.56,279.35,PATILAUTOM,
INE1CEJ01017,E2ERAIL,E to E Transportation Infrastructure Ltd.,Heavy Electrical Equipment,General Industrials,609.37,353.1,E2ERAIL,
INE719F01016,SHIVAUM,Shiv Aum Steels Ltd.,Iron & Steel Products,Metals & Mining,609.37,448.05,SHIVAUM,
INE0O8901016,EXHICON,Exhicon Events Media Solutions Ltd.,Misc. Commercial Services,Commercial Services & Supplies,609.04,469.85,,543895.0
INE501G01024,HTMEDIA,HT Media Ltd.,Publishing,Commercial Services & Supplies,607.94,26.12,HTMEDIA,532662.0
INE0ADB01012,INNOVISION,Innovision Ltd.,Misc. Commercial Services,Commercial Services & Supplies,607.0,254.9,INNOVISION,544732.0
INE562X01013,UNIVASTU,Univastu India Ltd.,Construction & Engineering,Cement and Construction,605.8,168.34,UNIVASTU,
INE116C01012,ZFSTEERING,ZF Steering Gear (India) Ltd.,Auto Parts & Equipment,Automobiles & Auto Components,605.28,667.1,,505163.0
INE818B01023,PASUPTAC,Pasupati Acrylon Ltd.,Fibres & Plastics,General Industrials,602.9,67.64,PASUPTAC,500456.0
INE437D01010,MAGNAELQ,Magna Electrocastings Ltd.,Castings & Forgings,General Industrials,602.44,1423.5,,517449.0
INE835B01035,MOLDTECH,Mold-Tek Technologies Ltd.,Construction & Engineering,Cement and Construction,601.91,208.96,MOLDTECH,526263.0
INE25E901019,OMPOWER,Om Power Transmission Ltd.,Power - Electric Utilities,Utilities,601.62,175.68,OMPOWER,544750.0
INE308A01027,NAHARPOLY,Nahar Poly Films Ltd.,Plastic Products,General Industrials,601.27,244.54,NAHARPOLY,523391.0
INE071E01023,UGARSUGAR,Ugar Sugar Works Ltd.,Sugar,"Food, Beverages & Tobacco",600.78,53.35,UGARSUGAR,530363.0
INE919M01026,AXENTRA,Axentra Corp Ltd.,Construction & Engineering,Cement and Construction,600.06,304.6,,511634.0
INE0TJ801010,LTELEVATOR,L T Elevator Ltd.,Heavy Electrical Equipment,General Industrials,599.81,313.0,,544518.0
INE0OU201013,DCMSIL,DCM Shriram International Ltd.,Aerospace & Defence,General Industrials,598.16,68.76,DCMSIL,544702.0
INE0Q0M01015,VEEFIN,Veefin Solutions Ltd.,IT Software Products,Software & Services,597.62,234.0,,543931.0
INE175N01023,AERPACE,Aerpace Industries Ltd.,Iron & Steel/Interm.Products,Metals & Mining,597.41,39.96,,534733.0
INE1RQS01010,MRTX,Merritronix Ltd.,Electronic Components,Commercial Services & Supplies,595.27,340.45,,544773.0
INE289A01011,NAHARINDUS,Nahar Industrial Enterprises Ltd.,Textiles,Textiles Apparels & Accessories,594.64,137.63,NAHARINDUS,519136.0
INE412U01025,BIGBLOC,Bigbloc Construction Ltd.,Cement & Cement Products,Cement and Construction,593.49,41.92,BIGBLOC,540061.0
INE673E01018,SMTEL,SMT Engineering Ltd.,Commodity Trading  & Distribution,Commercial Services & Supplies,592.9,358.9,,538563.0
INE931X01010,CTCL,Captain Technocast Ltd.,Other Industrial Goods,General Industrials,592.11,255.0,,540652.0
INE102I01027,ADSL,Allied Digital Services Ltd.,IT Consulting & Software,Software & Services,589.9,104.13,ADSL,532875.0
INE879A01019,SHREERAMA,Shree Rama Multi-Tech Ltd.,Containers & Packaging,Commercial Services & Supplies,588.86,44.12,SHREERAMA,532310.0
INE318C01014,SAYAJIHOTL,Sayaji Hotels Ltd.,Hotels,Hotels Restaurants & Tourism,587.38,335.3,,523710.0
INE728Z01015,SOFTTECH,SoftTech Engineers Ltd.,IT Software Products,Software & Services,585.73,423.15,SOFTTECH,543470.0
INE365I01020,NBIFIN,NBI Industrial Finance Company Ltd.,Finance (including NBFCs),Banking and Finance,585.61,1981.9,NBIFIN,
INE1U6D01014,TIPCO,Tipco Engineering India Ltd.,Industrial Machinery,General Industrials,584.19,281.3,,544740.0
INE310C01029,HINDCOMPOS,Hindustan Composites Ltd.,Auto Parts & Equipment,Automobiles & Auto Components,583.15,394.85,HINDCOMPOS,509635.0
INE440G01017,TRITONV,Triton Valves Ltd.,Auto Parts & Equipment,Automobiles & Auto Components,582.69,1137.6,,505978.0
INE1KPX01025,CREDENT,Credent Connect N Care Ltd.,Warehousing & Logistics,Transportation,578.94,317.7,CREDENT,
INE120D01012,HITECHCORP,Hitech Corporation Ltd.,Containers & Packaging,Commercial Services & Supplies,578.82,337.0,HITECHCORP,526217.0
INE798F01010,PANCHMAHQ,Panchmahal Steel Ltd.,Iron & Steel/Interm.Products,Metals & Mining,578.07,303.0,,513511.0
INE0ZOM01013,GOELCONS,Goel Construction Company Ltd.,Construction & Engineering,Cement and Construction,577.98,400.0,,544504.0
INE0JWS01017,VALIANTLAB,Valiant Laboratories Ltd.,Pharmaceuticals,Pharmaceuticals & Biotechnology,575.55,105.97,VALIANTLAB,543998.0
INE0A1101019,DCI,DC Infotech and Communication Ltd.,IT Networking Equipment,Hardware Technology & Equipment,574.9,350.55,DCI,543636.0
INE0TQE01026,GLOTTIS,Glottis Ltd.,Warehousing & Logistics,Transportation,573.82,62.1,GLOTTIS,544557.0
INE718F01018,CSLFINANCE,CSL Finance Ltd.,Finance (including NBFCs),Banking and Finance,573.6,251.77,CSLFINANCE,530067.0
INE395F01023,STELLANT,Stellant Securities (India) Ltd.,Other Financial Services,Banking and Finance,573.45,1035.85,,526071.0
INE761G01016,BLACKROSE,Black Rose Industries Ltd.,Commodity Trading  & Distribution,Commercial Services & Supplies,573.24,112.4,,514183.0
INE953E01022,KSE,KSE Ltd.,Other Food & Beverages,"Food, Beverages & Tobacco",573.12,179.1,,519421.0
INE222F01029,VTMLTD,VTM Ltd.,Textiles,Textiles Apparels & Accessories,573.04,56.98,,532893.0
INE0NT601018,GARGI,PNGS Gargi Fashion Jewellery Ltd.,Gems & Jewellery,Textiles Apparels & Accessories,572.73,547.0,,543709.0
INE0I7D01019,FOCE,Foce India Ltd.,Other Apparels & Accessories,Textiles Apparels & Accessories,571.88,487.0,FOCE,
INE1KLZ01011,SYSTEMATIC,Systematic Industries Ltd.,Wires & Cables,Consumer Durables,571.12,255.75,,544541.0
INE491D01017,ARVAYA,Arvaya Healthcare Ltd.,Commodity Trading  & Distribution,Commercial Services & Supplies,570.26,118.75,,524723.0
INE416A01051,AQYLON,Aqylon Nexus Ltd.,Movies & Entertainment,Media,569.88,22.46,AQYLON,530943.0
INE636A01039,MAWANASUG,Mawana Sugars Ltd.,Sugar,"Food, Beverages & Tobacco",568.88,145.43,MAWANASUG,523371.0
INE303A01010,DICIND,DIC India Ltd.,Specialty Chemicals,Chemicals & Petrochemicals,567.81,618.6,DICIND,500089.0
INE371F01024,CHANDRIMA,Chandrima Mercantiles Ltd.,Commodity Trading  & Distribution,Commercial Services & Supplies,566.72,17.01,,540829.0
INE498D01012,SATANIBRG,Satani Bearings Ltd.,Industrial Machinery,General Industrials,566.1,283.05,,505703.0
INE0MIS01010,PYRAMID,Pyramid Technoplast Ltd.,Containers & Packaging,Commercial Services & Supplies,565.86,153.83,PYRAMID,543969.0
INE802B01027,LINC,Linc Ltd.,Commodity Printing/Stationery,Commercial Services & Supplies,565.56,95.07,LINC,531241.0
INE984B01023,INTEGRAEN,Integra Engineering India Ltd.,Industrial Machinery,General Industrials,565.09,164.15,,505358.0
INE13YH01017,SKM,SK Minerals & Additives Ltd.,Specialty Chemicals,Chemicals & Petrochemicals,564.88,461.5,,544584.0
INE555P01013,KIRANVYPAR,Kiran Vyapar Ltd.,Investment Companies,Others,564.51,206.9,,537750.0
INE597Z01014,COMMITTED,Committed Cargo Care Ltd.,Warehousing & Logistics,Transportation,562.68,345.0,COMMITTED,
INE401Z01019,FRATELLI,Fratelli Vineyards Ltd.,Commodity Trading  & Distribution,Commercial Services & Supplies,560.22,129.0,,541741.0
INE0PSK01027,SAAKSHI,Saakshi Medtech & Panels Ltd.,Heavy Electrical Equipment,General Industrials,560.22,317.3,SAAKSHI,
INE413G01022,TPLPLASTEH,TPL Plastech Ltd.,Plastic Products,General Industrials,559.59,71.74,TPLPLASTEH,526582.0
INE286H01012,VISACHROME,VISA Chrome Ltd.,Iron & Steel/Interm.Products,Metals & Mining,558.96,38.34,VISACHROME,532721.0
INE938C01019,LAKSHMIMIL,Lakshmi Mills Company Ltd.,Textiles,Textiles Apparels & Accessories,556.48,8000.0,,502958.0
INE0QHG01026,SUPREMEPWR,Supreme Power Equipment Ltd.,Heavy Electrical Equipment,General Industrials,556.3,222.6,SUPREMEPWR,
INE0R8C01018,GGBL,Ganesh Green Bharat Ltd.,Power - Electric Utilities,Utilities,552.81,222.9,GGBL,
INE260R01016,DHABRIYA,Dhabriya Polywood Ltd.,Plastic Products,General Industrials,552.3,510.25,,538715.0
INE564J01026,SHRJAGP,Shri Jagdamba Polymers Ltd.,Plastic Products,General Industrials,550.88,629.0,,512453.0
INE15XJ01010,APPL,Aptus Pharma Ltd.,Pharmaceuticals,Pharmaceuticals & Biotechnology,549.57,320.45,,544529.0
INE138A01028,PENINLAND,Peninsula Land Ltd.,Realty,Realty,549.54,16.55,PENINLAND,503031.0
INE0WDX01010,CLN,CLN Energy Ltd.,Other Electrical Equipment/Products,Consumer Durables,548.77,520.0,,544347.0
INE864K01010,IRIS,IRIS RegTech Solutions Ltd.,IT Software Products,Software & Services,546.95,265.92,IRIS,540735.0
INE249D01019,RIDDHI,Riddhi Siddhi Gluco Biols Ltd.,Commodity Trading  & Distribution,Commercial Services & Supplies,546.14,766.0,,524480.0
INE0S7E01015,GPECO,GP Eco Solutions India Ltd.,Other Electrical Equipment/Products,Consumer Durables,544.45,441.55,GPECO,
INE037Z01029,CEWATER,Concord Enviro Systems Ltd.,Waste Management,Utilities,543.38,262.55,CEWATER,544315.0
INE885E01042,MAZDA,Mazda Ltd.,Industrial Machinery,General Industrials,540.68,270.0,MAZDA,523792.0
INE783E01023,HIGHENE,High Energy Batteries (India) Ltd.,Other Electrical Equipment/Products,Consumer Durables,540.29,602.75,,504176.0
INE110B01017,MINDTECK,Mindteck (India) Ltd.,IT Consulting & Software,Software & Services,539.42,168.81,MINDTECK,517344.0
INE966H01019,ZEEMEDIA,Zee Media Corporation Ltd.,Broadcasting & Cable TV,Media,538.76,8.22,ZEEMEDIA,532794.0
INE03V001013,UNIVPHOTO,Universus Photo Imagings Ltd.,Photographic Products,General Industrials,536.82,490.4,UNIVPHOTO,542933.0
INE0HSD01011,FABCLEAN,Fabtech Cleanrooms Ltd.,Medical Equipment,Healthcare,536.26,435.3,,544332.0
INE0X3M01010,BLUEWATER,Blue Water Logistics Ltd.,Warehousing & Logistics,Transportation,535.42,486.75,BLUEWATER,
INE745B01028,KHAICHEM,Khaitan Chemicals & Fertilizers Ltd.,Fertilizers,Fertilizers,532.08,54.86,KHAICHEM,507794.0
INE569C01020,ORIENTCER,Orient Ceratech Ltd.,Electrodes & Refractories,General Industrials,525.34,43.91,ORIENTCER,504879.0
INE834C01028,MODMA,Modern Malleables Ltd.,Iron & Steel Products,Metals & Mining,524.25,44.99,,517336.0
INE587G01015,KAYA,Kaya Ltd.,Special Consumer Services,Diversified Consumer Services,524.12,345.1,KAYA,539276.0
INE14LM01012,PAJSON,Pajson Agro India Ltd.,Commodity Trading  & Distribution,Commercial Services & Supplies,523.81,220.0,,544657.0
INE143A01010,OSWALGREEN,Oswal Green Tech Ltd.,Other Financial Services,Banking and Finance,523.63,20.39,OSWALGREEN,539290.0
INE0XX801016,SUGSLLOYD,Sugs Lloyd Ltd.,Power - Electric Utilities,Utilities,523.59,225.55,,544501.0
INE697V01011,PANSARI,Pansari Developers Ltd.,Realty,Realty,523.49,300.05,PANSARI,
INE1AII01014,IWARE,Iware Supplychain Services Ltd.,Warehousing & Logistics,Transportation,520.1,485.35,IWARE,
INE348N01042,MANBRO,Manbro Industries Ltd.,Other Apparels & Accessories,Textiles Apparels & Accessories,518.72,51.1,,512595.0
INE575C01027,INTLCONV,International Conveyors Ltd.,Other Industrial Products,General Industrials,517.77,81.18,INTLCONV,509709.0
INE783X01023,CHEMFAB,Chemfab Alkalis Ltd.,Commodity Chemicals,Chemicals & Petrochemicals,517.6,360.1,CHEMFAB,541269.0
INE0B2N01016,CHANDAN,Chandan Healthcare Ltd.,Healthcare Services,Healthcare,517.16,211.5,CHANDAN,
INE266F01018,APTECHT,Aptech Ltd.,IT Training Services,Software & Services,516.98,89.13,APTECHT,532475.0
INE317D01014,MEGAMONT,Megamont Ltd.,Forest Products,Forest Materials,516.98,179.0,,523888.0
INE577A01027,MUNJALSHOW,Munjal Showa Ltd.,Auto Parts & Equipment,Automobiles & Auto Components,516.78,129.21,MUNJALSHOW,520043.0
INE439N01031,BPAGRI,Blue Pearl Agriventures Ltd.,Commodity Chemicals,Chemicals & Petrochemicals,516.39,8.57,,514440.0
INE788J01021,SHIVALIK,Shivalik Rasayan Ltd.,Agrochemicals,Chemicals & Petrochemicals,515.67,327.4,SHIVALIK,539148.0
INE809I01019,ONMOBILE,OnMobile Global Ltd.,Other Telecom Services,Telecom Services,515.55,48.49,ONMOBILE,532944.0
INE607A01022,PRIMO,Primo Chemicals Ltd.,Commodity Chemicals,Chemicals & Petrochemicals,515.46,21.27,PRIMO,506852.0
INE229R01011,ARYACAPM,Aryaman Capital Markets Ltd.,Other Financial Services,Banking and Finance,513.82,429.0,,538716.0
INE834D01018,VIPULORG,Vipul Organics Ltd.,Specialty Chemicals,Chemicals & Petrochemicals,512.95,269.2,,530627.0
INE034D01049,PTL,PTL Enterprises Ltd.,Misc. Commercial Services,Commercial Services & Supplies,512.83,38.74,PTL,509220.0
INE2B5L01011,MSAFE,Msafe Equipments Ltd.,Iron & Steel Products,Metals & Mining,511.63,250.8,,544695.0
INE550C01020,URJA,Urja Global Ltd.,Heavy Electrical Equipment,General Industrials,511.52,9.18,URJA,526987.0
INE0TL001013,CRYOGENIC,Cryogenic OGS Ltd.,Industrial Machinery,General Industrials,510.8,357.7,,544440.0
INE923A01015,SILINV,SIL Investments Ltd.,Other Financial Services,Banking and Finance,507.33,478.8,SILINV,521194.0
INE0KNW01016,KNAGRI,KN Agri Resources Ltd.,Other Food & Beverages,"Food, Beverages & Tobacco",498.48,199.4,KNAGRI,
INE0U6201010,SUBAM,Subam Papers Ltd.,Paper & Paper Products,Commercial Services & Supplies,497.21,213.9,,544267.0
INE924D01017,THEINVEST,The Investment Trust of India Ltd.,Finance (including NBFCs),Banking and Finance,496.3,95.0,THEINVEST,530023.0
INE450E01029,SUKHJITS,Sukhjit Starch & Chemicals Ltd.,Other Agricultural Products,"Food, Beverages & Tobacco",493.22,157.86,SUKHJITS,524542.0
INE142A01012,OSWALAGRO,Oswal Agro Mills Ltd.,Commodity Trading  & Distribution,Commercial Services & Supplies,492.1,36.66,OSWALAGRO,500317.0
INE220Q01020,MUFTI,Credo Brands Marketing Ltd.,Specialty Retail,Retailing,491.96,75.23,MUFTI,544058.0
INE0P0001010,APS,Australian Premium Solar (India) Ltd.,Power - Electric Utilities,Utilities,491.7,244.75,APS,
INE1OOT01028,DIGILOGIC,Digilogic Systems Ltd.,Aerospace & Defence,General Industrials,491.59,169.8,,544684.0
INE872E01016,DLTNCBL,Delton Cables Ltd.,Other Electrical Equipment/Products,Consumer Durables,491.27,568.6,,504240.0
INE155C01010,ALBERTDAVD,Albert David Ltd.,Pharmaceuticals,Pharmaceuticals & Biotechnology,490.96,860.25,ALBERTDAVD,524075.0
INE566M01017,AZADIND,Azad India Mobility Ltd.,Iron & Steel/Interm.Products,Metals & Mining,490.04,90.01,,504731.0
INE1E1V01017,HRS,HRS Aluglaze Ltd.,Aluminium and Aluminium Products,Metals & Mining,489.67,253.95,,544656.0
INE145Y01023,SHISHIND,Shish Industries Ltd.,Plastic Products,General Industrials,489.58,12.9,,540693.0
INE265F01028,ENIL,Entertainment Network (India) Ltd.,Broadcasting & Cable TV,Media,489.34,102.65,ENIL,532700.0
INE882B01037,NWIL,Nurture Well Industries Ltd.,Packaged Foods,FMCG,488.73,20.99,,531889.0
INE083C01022,PLASTIBLEN,Plastiblends India Ltd.,Specialty Chemicals,Chemicals & Petrochemicals,488.36,187.91,PLASTIBLEN,523648.0
INE0ZK601013,CSM,CSM Technologies Ltd.,IT Consulting & Software,Software & Services,486.93,94.36,CSM,544806.0
INE14VP01014,JDCABLES,JD Cables Ltd.,Wires & Cables,Consumer Durables,486.2,215.6,,544524.0
INE589N01017,FILTRON,Filtron Engineers Ltd.,Commodity Trading  & Distribution,Commercial Services & Supplies,485.9,76.5,,531191.0
INE0GYI01028,HSIL,Hemant Surgical Industries Ltd.,Medical Equipment,Healthcare,485.48,372.35,,543916.0
INE942G01012,MCLEODRUSS,McLeod Russel (India) Ltd.,Tea & Coffee,"Food, Beverages & Tobacco",483.63,46.3,MCLEODRUSS,532654.0
INE0F3301020,SJLOGISTIC,S J Logistics (India) Ltd.,Warehousing & Logistics,Transportation,482.8,315.7,SJLOGISTIC,
INE545L01039,MANCREDIT,Mangal Credit And Fincorp Ltd.,Finance (including NBFCs),Banking and Finance,482.1,228.33,MANCREDIT,505850.0
INE369I01014,IL&FSENGG,IL&FS Engineering & Construction Company Ltd.,Construction & Engineering,Cement and Construction,481.87,36.75,IL&FSENGG,532907.0
INE00S901012,NILASPACES,Nila Spaces Ltd.,Realty,Realty,481.73,12.23,NILASPACES,542231.0
INE300A01016,GOODRICKE,Goodricke Group Ltd.,Tea & Coffee,"Food, Beverages & Tobacco",481.36,222.85,,500166.0
INE807K01035,SCHAND,S Chand & Company Ltd.,Publishing,Commercial Services & Supplies,481.15,136.41,SCHAND,540497.0
INE965W01036,BMWVENTLTD,BMW Ventures Ltd.,Iron & Steel Products,Metals & Mining,480.05,55.36,BMWVENTLTD,544543.0
INE668D01028,DONEAR,Donear Industries Ltd.,Textiles,Textiles Apparels & Accessories,479.7,92.25,DONEAR,512519.0
INE0A0S01028,SIGMA,Sigma Solve Ltd.,IT Consulting & Software,Software & Services,479.55,46.66,SIGMA,543917.0
INE0OJ401014,BIZOTIC,Bizotic Commercial Ltd.,Other Apparels & Accessories,Textiles Apparels & Accessories,479.07,82.81,,543926.0
INE320I01017,BRAHMINFRA,Brahmaputra Infrastructure Ltd.,Construction & Engineering,Cement and Construction,476.63,164.25,,535693.0
INE551B01012,UDAYJEW,Uday Jewellery Industries Ltd.,Gems & Jewellery,Textiles Apparels & Accessories,475.99,141.65,,539518.0
INE0NQ801033,RKSWAMY,R K Swamy Ltd.,Advertising & Media,Media,475.75,94.25,RKSWAMY,544136.0
INE337M01021,INDOTHAI,Indo Thai Securities Ltd.,Capital Markets,Banking and Finance,474.9,35.75,INDOTHAI,533676.0
INE050401020,ELIN,Elin Electronics Ltd.,Household Appliances,Consumer Durables,474.23,95.4,ELIN,543725.0
INE0SMW01011,PPARIVAH,Paradeep Parivahan Ltd.,Warehousing & Logistics,Commercial Services & Supplies,473.4,297.4,,544383.0
INE638A01035,SINGERIND,Singer India Ltd.,Household Appliances,Consumer Durables,473.27,76.76,,505729.0
INE836F01026,DISHTV,Dish TV India Ltd.,Broadcasting & Cable TV,Media,473.2,2.57,DISHTV,532839.0
INE555C01029,SHIVACEM,Shiva Cement Ltd.,Cement & Cement Products,Cement and Construction,472.59,16.02,,532323.0
INE01EE01011,BBTCL,B&B Triplewall Containers Ltd.,Containers & Packaging,Commercial Services & Supplies,472.21,230.22,BBTCL,543668.0
INE573K01025,RUSHIL,Rushil Decor Ltd.,Forest Products,Forest Materials,469.76,16.01,RUSHIL,533470.0
INE0APB01032,MGEL,Mangalam Global Enterprise Ltd.,Other Agricultural Products,"Food, Beverages & Tobacco",469.29,14.24,MGEL,544273.0
INE142E01022,BEMHY,Bemco Hydraulics Ltd.,Other Industrial Goods,General Industrials,469.05,107.25,,522650.0
INE278B01020,RAMANEWS,Shree Rama Newsprint Ltd.,Paper & Paper Products,Commercial Services & Supplies,468.38,31.75,RAMANEWS,500356.0
INE0EAS01014,CONNPLEX,Connplex Cinemas Ltd.,Movies & Entertainment,Media,466.9,244.45,CONNPLEX,
INE0L2Y01011,ARHAM,Arham Technologies Ltd.,Consumer Electronics,Consumer Durables,466.67,213.95,ARHAM,
INE037B01020,SHARDUL,Shardul Securities Ltd.,Capital Markets,Banking and Finance,466.51,53.32,,512393.0
INE09EO01013,AARTISURF,Aarti Surfactants Ltd.,Specialty Chemicals,Chemicals & Petrochemicals,464.63,548.5,AARTISURF,543210.0
INE748C01038,3IINFOLTD,3i Infotech Ltd.,IT Consulting & Software,Software & Services,463.95,22.37,3IINFOLTD,532628.0
INE655I01032,BIRLACOT,Birla Cotsyn (India) Ltd.,Textiles,Textiles Apparels & Accessories,463.12,17.52,,533006.0
INE755Q01025,VISHAL,Vishal Fabrics Ltd.,Textiles,Textiles Apparels & Accessories,461.79,18.65,,538598.0
INE359U01028,LANCER,Lancer Container Lines Ltd.,Warehousing & Logistics,Transportation,461.72,13.07,,539841.0
INE826C01016,GUJAPOLLO,Gujarat Apollo Industries Ltd.,Industrial Machinery,General Industrials,461.67,355.95,GUJAPOLLO,522217.0
INE05J901018,IGCL,Indogulf Cropsciences Ltd.,Agrochemicals,Chemicals & Petrochemicals,460.84,72.89,IGCL,544432.0
INE00ST01011,BRGIL,B.R.Goyal Infrastructure Ltd.,Construction & Engineering,Cement and Construction,459.82,193.0,,544335.0
INE0GAO01018,PREVEST,Prevest Denpro Ltd.,Medical Equipment,Healthcare,458.33,381.85,,543363.0
INE461B01014,REPRO,Repro India Ltd.,Publishing,Commercial Services & Supplies,458.26,319.45,REPRO,532687.0
INE100D01014,WSI,W S Industries (India) Ltd.,Construction & Engineering,Cement and Construction,458.18,60.37,WSI,504220.0
INE208H01016,MEEIND,Meenakshi (India) Ltd.,Textiles,Textiles Apparels & Accessories,457.82,406.95,,544831.0
INE961D01019,UNIDT,United Drilling Tools Ltd.,Other Industrial Goods,General Industrials,457.75,225.46,UNIDT,522014.0
INE08PH01015,ABCOTS,AB Cotspin India Ltd.,Textiles,Textiles Apparels & Accessories,457.17,208.15,ABCOTS,544522.0
INE199C01026,ADVANIHOTR,Advani Hotels & Resorts (India) Ltd.,Hotels,Hotels Restaurants & Tourism,457.11,49.45,ADVANIHOTR,523269.0
INE777G01012,SRAMSET,Shriram Asset Management Company Ltd.,Asset Management Cos.,Banking and Finance,456.71,270.15,,531359.0
INE354A01013,JENBURPH,Jenburkt Pharmaceuticals Ltd.,Pharmaceuticals,Pharmaceuticals & Biotechnology,456.51,1034.4,,524731.0
INE926R01012,UCIL,Unifinz Capital India Ltd.,Finance (including NBFCs),Banking and Finance,455.96,103.0,,541358.0
INE377D01026,KALIND,Kalind Ltd.,Other Financial Services,Banking and Finance,455.26,4.98,,526935.0
INE537F01012,MODINATUR,Modi Naturals Ltd.,Other Agricultural Products,"Food, Beverages & Tobacco",453.68,340.95,MODINATUR,519003.0
INE0AE001013,VPRPL,Vishnu Prakash R Punglia Ltd.,Construction & Engineering,Cement and Construction,452.21,36.28,VPRPL,543974.0
INE12Z301012,SOTEFIN,Sotefin Bharat Ltd.,Industrial Machinery,General Industrials,452.01,248.9,,544832.0
INE0PUC01020,SARTELE,SAR Televenture Ltd.,Other Telecom Services,Telecom Services,448.32,89.4,SARTELE,
INE0PMR01017,AKIKO,Akiko Global Services Ltd.,Distributors,Commercial Services & Supplies,448.18,416.15,AKIKO,
INE103001017,ANNU,Annu Projects Ltd.,Construction & Engineering,Cement and Construction,446.86,68.23,ANNU,544893.0
INE757T01025,AEPL,Artemis Electricals and Projects Ltd.,Household Appliances,Consumer Durables,446.09,17.77,,542670.0
INE1FL101016,SHETHJI,Shreeji Global FMCG Ltd.,Other Food & Beverages,"Food, Beverages & Tobacco",445.98,195.95,SHETHJI,
INE788D01016,BCCFUBA,BCC Fuba India Ltd.,Computer Hardware,Hardware Technology & Equipment,445.91,224.95,,517246.0
INE855R01021,RADIANTCMS,Radiant Cash Management Services Ltd.,Other Financial Services,Banking and Finance,445.83,41.78,RADIANTCMS,543732.0
INE0MM001019,SHERA,Shera Energy Ltd.,Iron & Steel Products,Metals & Mining,445.53,182.3,SHERA,
INE0QQJ01021,PARMESHWAR,Parmeshwar Metal Ltd.,Other Electrical Equipment/Products,Consumer Durables,445.4,291.0,,544330.0
INE550F01049,HAZOOR,Hazoor Multi Projects Ltd.,Roads & Highways,Cement and Construction,444.51,19.19,,532467.0
INE1I1301016,WORKMATES,Workmates Core2Cloud Solution Ltd.,IT Consulting & Software,Software & Services,444.41,344.0,,544610.0
INE184D01026,RAJSEC,Rajasthan Securities Ltd.,Oil Marketing & Distribution,Oil & Gas,439.72,57.2,,526873.0
INE019B01010,TRANSCHEM,Transchem Ltd.,Other Food & Beverages,"Food, Beverages & Tobacco",439.42,359.0,,500422.0
INE228I01012,ASAHISONG,Asahi Songwon Colors Ltd.,Dyes & Pigments,Chemicals & Petrochemicals,439.25,372.65,ASAHISONG,532853.0
INE0XWS01018,TAURIAN,Taurian Mps Ltd.,Industrial Machinery,General Industrials,438.83,494.0,TAURIAN,
INE320X01016,HALEOSLABS,Haleos Labs Ltd.,Pharmaceuticals,Pharmaceuticals & Biotechnology,438.77,1451.3,HALEOSLABS,540679.0
INE0OCC01013,BASILIC,Basilic Fly Studio Ltd.,Movies & Entertainment,Media,438.42,188.65,BASILIC,
INE0S6S01017,HOACFOODS,HOAC Foods India Ltd.,Packaged Foods,FMCG,438.37,1009.95,HOACFOODS,
INE049I01012,NAHARCAP,Nahar Capital & Financial Services Ltd.,Investment Companies,Others,438.33,261.75,NAHARCAP,532952.0
INE445D01013,NILE,Nile Ltd.,Other Non-Ferrous Metals,Metals & Mining,438.28,1460.0,,530129.0
INE0VG001016,AMCL,ANB Metal Cast Ltd.,Aluminium and Aluminium Products,Metals & Mining,437.89,370.0,AMCL,
INE035S01028,POEL,POCL Enterprises Ltd.,Commodity Chemicals,Chemicals & Petrochemicals,437.8,142.3,,539195.0
INE809A01032,RAMAPHO,Rama Phosphates Ltd.,Fertilizers,Fertilizers,436.95,123.48,RAMAPHO,524037.0
INE432F01032,EBIX,EBIX Ltd.,Hotels,Hotels Restaurants & Tourism,436.73,20.38,,531035.0
INE044N01021,EMERALL,Emerald Leisures Ltd.,Hotels,Hotels Restaurants & Tourism,435.99,290.3,,507265.0
INE15EH01014,PRIORITY,Priority Jewels Ltd.,Gems & Jewellery,Textiles Apparels & Accessories,434.7,241.5,PRIORITY,544899.0
INE379J01029,VERITAS,Veritas (India) Ltd.,Commodity Trading  & Distribution,Commercial Services & Supplies,433.52,161.7,,512229.0
INE0TVT01024,GANESHIN,Ganesh Infraworld Ltd.,Construction & Engineering,Cement and Construction,433.33,99.0,GANESHIN,
INE798K01010,KRITINUT,Kriti Nutrients Ltd.,Edible Oils,FMCG,433.14,86.45,KRITINUT,533210.0
INE0V0L01028,MSECL,Monarch Surveyors and Engineering Consultants Ltd.,Consulting Services,Commercial Services & Supplies,432.11,305.25,,544453.0
INE244A01016,DENORA,De Nora India Ltd.,Electrodes & Refractories,General Industrials,431.22,812.3,DENORA,590031.0
INE531R01010,MEGATHERM,Megatherm Induction Ltd.,Industrial Machinery,General Industrials,430.98,228.75,MEGATHERM,
INE280H01015,SAHYADRI,Sahyadri Industries Ltd.,Cement & Cement Products,Cement and Construction,429.26,392.15,SAHYADRI,532841.0
INE0Q1R01012,QLL,Qualitek Labs Ltd.,Consulting Services,Commercial Services & Supplies,429.12,430.0,,544091.0
INE2KRP01017,DEVSON,Devson Catalyst Ltd.,Specialty Chemicals,Chemicals & Petrochemicals,429.04,315.75,,544823.0
INE0NA501011,DIVINEHIRA,Divine Hira Jewellers Ltd.,Gems & Jewellery,Textiles Apparels & Accessories,428.4,109.45,DIVINEHIRA,
INE593W01028,FOCUS,Focus Lighting and Fixtures Ltd.,Other Electrical Equipment/Products,Consumer Durables,428.19,63.37,FOCUS,
INE985A01022,SINCLAIR,Sinclairs Hotels Ltd.,Hotels,Hotels Restaurants & Tourism,428.02,83.5,SINCLAIR,523023.0
INE771A01026,MIRZAINT,Mirza International Ltd.,Footwear,Retailing,427.87,30.96,MIRZAINT,526642.0
INE102A01024,HLVLTD,HLV Ltd.,Hotels,Hotels Restaurants & Tourism,427.2,6.48,HLVLTD,500193.0
INE177C01022,BATLIBOI,Batliboi Ltd.,Industrial Machinery,General Industrials,426.5,90.76,,522004.0
INE250B01029,VINYLINDIA,Vinyl Chemicals (I) Ltd.,Commodity Trading  & Distribution,Commercial Services & Supplies,426.12,232.38,VINYLINDIA,524129.0
INE020J01029,GOKUL,Gokul Refoils & Solvent Ltd.,Edible Oils,FMCG,425.28,42.96,GOKUL,532980.0
INE547B01028,XTGLOBAL,Xtglobal Infotech Ltd.,IT Consulting & Software,Software & Services,425.04,31.69,XTGLOBAL,531225.0
INE784W01015,MANOMAY,Manomay Tex India Ltd.,Textiles,Textiles Apparels & Accessories,424.09,234.97,MANOMAY,540396.0
INE219M01021,ATVOENT,ATVO Enterprises Ltd.,Textiles,Textiles Apparels & Accessories,422.7,39.51,,532090.0
INE976E01023,FOODSIN,Foods & Inns Ltd.,Other Food & Beverages,"Food, Beverages & Tobacco",421.85,57.37,FOODSIN,507552.0
INE658D01029,SIMPLEXCAS,Simplex Castings Ltd.,Other Industrial Products,General Industrials,420.42,102.55,,513472.0
INE846D01012,LORDSCHLO,Lords Chloro Alkali Ltd.,Commodity Chemicals,Chemicals & Petrochemicals,420.07,146.6,LORDSCHLO,500284.0
INE353A01023,NDLVENTURE,NDL Ventures Ltd.,Broadcasting & Cable TV,Media,419.95,124.72,NDLVENTURE,500189.0
INE277E01026,MSCTC,Mardia Samyoung Capillary Tubes Company Ltd.,Copper,Metals & Mining,419.41,52.79,,513544.0
INE370D01013,MANORG,Mangalam Organics Ltd.,Commodity Chemicals,Chemicals & Petrochemicals,419.23,489.5,MANORG,514418.0
INE0LR101013,ANLON,Anlon Technology Solutions Ltd.,Industrial Machinery,General Industrials,419.11,670.0,ANLON,
INE0U9D01019,MAHALIFE,Mahamaya Lifesciences Ltd.,Agrochemicals,Chemicals & Petrochemicals,417.43,178.35,,544611.0
INE341Z01025,BHATIA,Bhatia Communications & Retail (India) Ltd.,Specialty Retail,Retailing,416.75,32.02,,540956.0
INE0U2501017,FORCAS,Forcas Studio Ltd.,Textiles,Textiles Apparels & Accessories,416.73,237.05,FORCAS,
INE510U01018,PESB,Pune E-Stock Broking Ltd.,Capital Markets,Banking and Finance,415.77,265.65,,544141.0
INE05ST01028,SBGLP,Suratwwala Business Group Ltd.,Realty,Realty,415.51,23.96,SBGLP,543218.0
INE324X01026,SARVESHWAR,Sarveshwar Foods Ltd.,Other Agricultural Products,"Food, Beverages & Tobacco",413.83,3.36,SARVESHWAR,543688.0
INE015D01022,MANAKSIA,Manaksia Ltd.,Iron & Steel Products,Metals & Mining,413.19,63.05,MANAKSIA,532932.0
INE2OL601013,TEAMTECH,Teamtech Formwork Solutions Ltd.,Construction Materials,Cement and Construction,410.67,137.0,TEAMTECH,
INE296Q01012,MONEYBOXX,Moneyboxx Finance Ltd.,Finance (including NBFCs),Banking and Finance,410.48,58.8,MONEYBOXX,538446.0
INE0O4601016,SEALMATIC,Sealmatic India Ltd.,Industrial Machinery,General Industrials,409.96,377.5,,543782.0
INE792I01017,CORDSCABLE,Cords Cable Industries Ltd.,Wires & Cables,Consumer Durables,409.81,317.0,CORDSCABLE,532941.0
INE0PQ001012,VISHNUINFR,Vishnusurya Projects And Infra Ltd.,Construction & Engineering,Cement and Construction,409.62,158.0,VISHNUINFR,
INE875G01048,NDL,Nandan Denim Ltd.,Textiles,Textiles Apparels & Accessories,407.94,2.83,NDL,532641.0
INE0VG601013,PELATRO,Pelatro Ltd.,BPO/KPO,Software & Services,407.68,391.75,PELATRO,
INE15B101011,OPTIVALUE,Optivalue Tek Consulting Ltd.,IT Consulting & Software,Software & Services,407.48,174.05,OPTIVALUE,
INE0PT101017,CHAVDA,Chavda Infra Ltd.,Construction & Engineering,Cement and Construction,406.57,124.5,CHAVDA,
INE05CY01014,TIERRA,Tierra Agrotech Ltd.,Other Agricultural Products,"Food, Beverages & Tobacco",404.98,61.74,,543531.0
INE296G01013,MUTHOOTCAP,Muthoot Capital Services Ltd.,Finance (including NBFCs),Banking and Finance,404.07,241.72,MUTHOOTCAP,511766.0
INE214A01019,CYBERTECH,Cybertech Systems & Software Ltd.,IT Consulting & Software,Software & Services,403.82,133.36,CYBERTECH,532173.0
INE641C01019,KAVDEFENCE,Kavveri Defence & Wireless Technologies Ltd.,Telecom Equipment,Telecommunications Equipment,403.67,67.14,KAVDEFENCE,590041.0
INE554H01021,EMROCK,Emrock Corporation Ltd.,Other Food & Beverages,"Food, Beverages & Tobacco",403.41,255.0,,531676.0
INE147C01017,POOJAENT,Vashu Bhagnani Industries Ltd.,Movies & Entertainment,Media,402.32,72.57,,532011.0
INE823A01017,KOTHARIPRO,Kothari Products Ltd.,Commodity Trading  & Distribution,Commercial Services & Supplies,402.24,67.39,KOTHARIPRO,530299.0
INE0S2V01010,VRAJ,Vraj Iron & Steel Ltd.,Iron & Steel/Interm.Products,Metals & Mining,401.43,121.71,VRAJ,544204.0
INE916Y01027,AFIL,Akme Fintrade (India) Ltd.,Finance (including NBFCs),Banking and Finance,401.02,9.22,AFIL,544200.0
INE385O01018,FROG,Frog Innovations Ltd.,Telecom Equipment,Telecommunications Equipment,400.76,257.65,FROG,
INE629D01020,BANSWRAS,Banswara Syntex Ltd.,Textiles,Textiles Apparels & Accessories,400.69,117.05,BANSWRAS,503722.0
INE0P5R01014,PURPLEUTED,Purple United Sales Ltd.,Other Apparels & Accessories,Textiles Apparels & Accessories,399.96,416.2,PURPLEUTED,
INE902B01017,S&SPOWER,S & S Power Switchgear Ltd.,Other Electrical Equipment/Products,Consumer Durables,399.81,323.95,S&SPOWER,517273.0
INE666E01020,ACL,Andhra Cements Ltd.,Cement & Cement Products,Cement and Construction,399.66,43.36,ACL,532141.0
INE0Y5H01014,TECHD,TechD Cybersecurity Ltd.,IT Consulting & Software,Software & Services,399.08,533.55,TECHD,
INE585A01020,NAPEROL,Naperol Investments Ltd.,Commodity Chemicals,Chemicals & Petrochemicals,399.01,694.3,,500298.0
INE04VX01019,SHEETAL,Sheetal Universal Ltd.,Other Agricultural Products,"Food, Beverages & Tobacco",398.78,348.1,SHEETAL,
INE927C01020,DIGISPICE,DiGiSPICE Technologies Ltd.,IT Software Products,Software & Services,398.47,16.98,DIGISPICE,517214.0
INE0VDK01019,PURPLEWAVE,Purple Wave Infocom Ltd.,Distributors,Commercial Services & Supplies,397.9,430.35,,544627.0
INE557B01019,LIBERTSHOE,Liberty Shoes Ltd.,Footwear,Retailing,397.49,233.27,LIBERTSHOE,526596.0
INE156901014,NEPTUNE,Neptune Petrochemicals Ltd.,Petrochemicals,Chemicals & Petrochemicals,396.44,175.0,NEPTUNE,
INE650G01029,MENNPIS,Menon Pistons Ltd.,Auto Parts & Equipment,Automobiles & Auto Components,395.35,77.52,,531727.0
INE767M01029,ASGARD,Asgard Alcobev Ltd.,Commodity Trading  & Distribution,Commercial Services & Supplies,395.3,33.0,,512025.0
INE874A01010,MKVENTURES,Mkventures Capital Ltd.,Other Financial Services,Banking and Finance,394.87,1027.4,,514238.0
