AssetClass,Key,Date,High,Low,Close,Volume
equity,INE280B01018,2026-04-22,9280.7487,9143.0565,9215.3994,855
equity,INE280B01018,2026-04-23,9215.7986,9092.8947,9103.0869,455
equity,INE280B01018,2026-04-24,9148.6513,8977.9849,9028.5957,537
equity,INE280B01018,2026-04-27,9167.7863,8982.9805,9040.4854,992
equity,INE280B01018,2026-04-28,9872.2365,9072.8113,9505.0234,1379
equity,INE280B01018,2026-04-29,10095.1118,9592.5045,10014.4746,1352
equity,INE280B01018,2026-04-30,10022.3692,9422.6376,9603.7959,757
equity,INE280B01018,2026-05-04,9994.1908,9403.6522,9598.5,582
equity,INE280B01018,2026-05-05,9600,9400.5,9461,377
equity,INE280B01018,2026-05-06,9799.5,9370.5,9421.5,651
equity,INE280B01018,2026-05-07,9849,9442,9729,655
equity,INE280B01018,2026-05-08,10150,9725.5,10024.5,515
equity,INE280B01018,2026-05-11,10145,9650,9767,1264
equity,INE280B01018,2026-05-12,9910,9475.5,9545,620
equity,INE280B01018,2026-05-13,9445,9055,9214,2932
equity,INE280B01018,2026-05-14,9499.5,9292,9360,727
equity,INE280B01018,2026-05-15,9440,9100,9159.5,1477
equity,INE280B01018,2026-05-18,9169,8900,9034,964
equity,INE280B01018,2026-05-19,9249.5,9090,9174.5,434
equity,INE280B01018,2026-05-20,9450,9175.5,9340.5,346
equity,INE280B01018,2026-05-21,9385.5,9015,9210,1905
equity,INE280B01018,2026-05-22,9266,9022,9147.5,632
equity,INE280B01018,2026-05-25,9290,9108,9246,285
equity,INE280B01018,2026-05-26,9399,9000,9070,1902
equity,INE280B01018,2026-05-27,9350,9031,9317.5,479
equity,INE280B01018,2026-05-28,9317.5,9317.5,9317.5,
equity,INE280B01018,2026-05-29,9400,9150,9252.5,574
equity,INE280B01018,2026-06-01,9513,9143,9466.5,896
equity,INE280B01018,2026-06-02,9530,9290.5,9479,285
equity,INE280B01018,2026-06-03,9825,9509.5,9702.5,1012
equity,INE280B01018,2026-06-04,10965,9704,9912.5,9303
equity,INE280B01018,2026-06-05,10165.5,9861,9967,1819
equity,INE280B01018,2026-06-08,9899,9603.5,9644.5,653
equity,INE280B01018,2026-06-09,9841,9532,9652.5,414
equity,INE280B01018,2026-06-10,9795,9351.5,9475.5,965
equity,INE280B01018,2026-06-11,9636.5,9303,9330.5,888
equity,INE280B01018,2026-06-12,9690,9016.5,9545,1499
equity,INE280B01018,2026-06-15,9900,9565,9815.5,926
equity,INE280B01018,2026-06-16,10196,9535.5,10011.5,2207
equity,INE280B01018,2026-06-17,10470.5,9976.5,10299,1500
equity,INE280B01018,2026-06-18,10559.5,10180.5,10505.5,1626
equity,INE280B01018,2026-06-19,10799,10289,10619,1515
equity,INE280B01018,2026-06-22,10949,10500,10672,1516
equity,INE280B01018,2026-06-23,10839,10550,10738,1285
equity,INE280B01018,2026-06-24,10930,10635,10755,1023
equity,INE280B01018,2026-06-25,10900,10486,10540,1868
equity,INE280B01018,2026-06-26,10540,10540,10540,
equity,INE280B01018,2026-06-29,10875,10500.5,10619.5,1425
equity,INE280B01018,2026-06-30,10850,10600,10724,1107
equity,INE280B01018,2026-07-01,10817,10325,10384,1159
equity,INE280B01018,2026-07-02,10480,10055,10137,840
equity,INE280B01018,2026-07-03,10478,9936,10068,1472
equity,INE280B01018,2026-07-06,10143,9761,9858,1185
equity,INE280B01018,2026-07-07,9943,9456,9520,1220
equity,INE280B01018,2026-07-08,9598,9211,9258,833
equity,INE280B01018,2026-07-09,9923,9324,9758,810
equity,INE280B01018,2026-07-10,9998,9502,9606,962
equity,INE280B01018,2026-07-13,9697,9426,9461,641
equity,INE280B01018,2026-07-14,9543,9408,9522,493
equity,INE280B01018,2026-07-15,9568,9306,9383,1381
equity,INE280B01018,2026-07-16,9650,9151,9203,908
equity,INE280B01018,2026-07-17,9320,9211,9280,447
equity,INE280B01018,2026-07-20,9712,9200,9532,1560
equity,INE280B01018,2026-07-21,9601,9435,9545,291
equity,INE280B01018,2026-07-22,9535,9301,9349,423
equity,INE280B01018,2026-07-23,9386,9201,9250,568
equity,INE280B01018,2026-07-24,9357,9197,9266,762
equity,INE280B01018,2026-07-27,9648,9290,9555,720
equity,INE280B01018,2026-07-28,9555,9255,9310,504
equity,INE280B01018,2026-07-29,9601,9309,9556,321
equity,INE280B01018,2026-07-30,9581,9294,9325,504
equity,INE280B01018,2026-07-31,9445,9289,9370,391
equity,INE280B01018,2026-08-03,9899,9497,9797,935
equity,INE280B01018,2026-08-04,9967,9712.5,9873,647
equity,INE280B01018,2026-08-05,11847.5,10728,11847.5,40039
equity,INE280B01018,2026-08-06,13200,12061.5,12376.5,35359
equity,INE280B01018,2026-08-07,12549.5,12000,12312,3888
equity,INE280B01018,2026-08-10,12850,11610.5,11746,3474
equity,INE280B01018,2026-08-11,12170,11490,11657.5,2553
equity,INE280B01018,2026-08-12,11840,10880,11443.5,4628
equity,INE280B01018,2026-08-13,12325,11349,11519,3783
equity,INE280B01018,2026-08-14,12320,11351,11807.5,5875
equity,INE280B01018,2026-08-17,11999,11425,11705.5,2151
equity,INE280B01018,2026-08-18,11893,11460,11701.5,2723
equity,INE280B01018,2026-08-19,11800,11560,11600.5,1965
equity,INE280B01018,2026-08-20,11999,11523,11599.5,2603
equity,INE280B01018,2026-08-21,11744.5,11453.5,11550,2448
equity,INE280B01018,2026-08-24,12224.5,11343,11687.5,3692
equity,INE280B01018,2026-08-25,11760,11589.5,11660,1261
equity,INE280B01018,2026-08-26,11859,11424,11563,1523
equity,INE280B01018,2026-08-27,11700,11528,11583.5,1333
equity,INE280B01018,2026-08-28,11700,11404,11475,927
equity,INE280B01018,2026-08-31,11698,11424,11604.5,1234
equity,INE280B01018,2026-09-01,11699,11130,11297,3579
equity,INE280B01018,2026-09-02,12238,11403,11904,8310
equity,INE280B01018,2026-09-03,12277,11911,12114,2816
equity,INE280B01018,2026-09-04,12400,12100,12219,1367
equity,INE280B01018,2026-09-07,13876,11900,13054,17387
equity,INE280B01018,2026-09-08,13999,13187,13891,9941
equity,INE280B01018,2026-09-09,13850,13510,13618,1998
equity,INE280B01018,2026-09-10,13899,13351,13397,3335
equity,INE280B01018,2026-09-11,14769,13162,14513,23985
equity,INE280B01018,2026-09-14,14513,14513,14513,
equity,INE280B01018,2026-09-15,14890,13125,13481,9233
equity,INE280B01018,2026-09-16,13676,12920,13436,3194
equity,INE280B01018,2026-09-17,14000,13450,13686,2711
equity,INE280B01018,2026-09-18,14400,13561,14228,3136
equity,INE280B01018,2026-09-21,14949,14123,14793,6739
equity,INE411F01010,2026-08-18,2474.8,2440,2448.5,5044
equity,INE411F01010,2026-08-19,2455,2435,2442.7,3395
equity,INE411F01010,2026-08-20,2454.8999,2419,2424.8,3319
equity,INE411F01010,2026-08-21,2450,2418,2421.1001,2874
equity,INE411F01010,2026-08-24,2444.8999,2415,2417.3999,2974
equity,INE411F01010,2026-08-25,2443.8999,2387.8,2394.3999,6974
equity,INE411F01010,2026-08-26,2422,2375,2385.5,4177
equity,INE411F01010,2026-08-27,2403.6001,2381,2389.3999,3320
equity,INE411F01010,2026-08-28,2400,2370,2374.6001,4904
equity,INE411F01010,2026-08-31,2409.8,2358.6001,2363.2,2399
equity,INE411F01010,2026-09-01,2365.2,2350,2352.7,4907
equity,INE411F01010,2026-09-02,2359.8,2340,2344.8999,6405
equity,INE411F01010,2026-09-03,2405.1001,2327.2,2341.1001,10909
equity,INE411F01010,2026-09-04,2369.8999,2340,2348.2,1979
equity,INE411F01010,2026-09-07,2368,2321,2331.1001,3887
equity,INE411F01010,2026-09-08,2336.5,2316.1001,2318.7,1318
equity,INE411F01010,2026-09-09,2327.8999,2289,2297.5,5094
equity,INE411F01010,2026-09-10,2344.8999,2280,2285,5128
equity,INE411F01010,2026-09-11,2303.5,2241.1001,2273.5,2654
equity,INE411F01010,2026-09-15,2299.8999,2250,2269.7,8835
equity,INE411F01010,2026-09-16,2275.8999,2244.1001,2249.8999,3365
equity,INE411F01010,2026-09-17,2297,2240,2278.8,3479
equity,INE411F01010,2026-09-18,2288.7,2244.1001,2249.8999,5489
equity,INE411F01010,2026-09-21,2250,2241,2250,2972
equity,INE083K01017,2026-08-18,6333.5,6234.5,6246,91
equity,INE083K01017,2026-08-19,6250,6153,6201.5,109
equity,INE083K01017,2026-08-20,6289.5,6120,6201,218
equity,INE083K01017,2026-08-21,6287,6127,6256,203
equity,INE083K01017,2026-08-24,6287,6152.5,6184.5,762
equity,INE083K01017,2026-08-25,6170,6150.5,6165,32
equity,INE083K01017,2026-08-26,6217,6126.5,6160,157
equity,INE083K01017,2026-08-27,6280,6140,6248,289
equity,INE083K01017,2026-08-28,6350,6247.5,6339.5,462
equity,INE083K01017,2026-08-31,6557,6280,6438,1373
equity,INE083K01017,2026-09-01,6700,6422,6661.5,1001
equity,INE083K01017,2026-09-02,6688.5,6263,6474,336
equity,INE083K01017,2026-09-03,6600,6212,6375,2123
equity,INE083K01017,2026-09-04,6499,6271,6332.5,362
equity,INE083K01017,2026-09-07,6490,6226,6302,438
equity,INE083K01017,2026-09-08,6350,6206,6222,252
equity,INE083K01017,2026-09-09,6300,6113.5,6149.5,6527
equity,INE083K01017,2026-09-10,6374.5,6151,6200.5,4096
equity,INE083K01017,2026-09-11,6300,6105,6265,186
equity,INE083K01017,2026-09-15,6349,6111.5,6286.5,372
equity,INE083K01017,2026-09-16,6337.5,6201,6319,302
equity,INE083K01017,2026-09-17,6349,6202,6212.5,97
equity,INE083K01017,2026-09-18,6241.5,6195,6199.5,151
equity,INE083K01017,2026-09-21,6274.5,6204,6215.5,280
equity,INE064A01026,2026-04-23,348,333.6,344.55,332325
equity,INE064A01026,2026-04-24,344.2,323,337.95,414488
equity,INE064A01026,2026-04-27,350.5,337.5,341.9,302384
equity,INE064A01026,2026-04-28,357,339.55,354,307049
equity,INE064A01026,2026-04-29,357.6,345.2,348.15,132543
equity,INE064A01026,2026-04-30,349.2,329.9,342.45,165142
equity,INE064A01026,2026-05-04,354.9,342.4,350.45,396345
equity,INE064A01026,2026-05-05,370.5,349.2,368.65,373263
equity,INE064A01026,2026-05-06,377,359.55,366.5,192213
equity,INE064A01026,2026-05-07,375,368,369,125573
equity,INE064A01026,2026-05-08,373.75,365.15,369.45,94744
equity,INE064A01026,2026-05-11,374,360.45,364.7,136376
equity,INE064A01026,2026-05-12,364.9,341,342.25,151071
equity,INE064A01026,2026-05-13,353.4,332.3,349.25,140591
equity,INE064A01026,2026-05-14,355.95,344.55,348.05,97853
equity,INE064A01026,2026-05-15,356.7,345.15,348.8,96696
equity,INE064A01026,2026-05-18,350.3,332.6,336.35,139244
equity,INE064A01026,2026-05-19,347.2,335,336.95,65141
equity,INE064A01026,2026-05-20,347,332,344.4,86534
equity,INE064A01026,2026-05-21,367.8,341.6,364.05,450143
equity,INE064A01026,2026-05-22,386.25,357,378.95,543997
equity,INE064A01026,2026-05-25,388.4,376,381.5,325074
equity,INE064A01026,2026-05-26,387,369.3,374.6,362784
equity,INE064A01026,2026-05-27,439.9,392,423.55,8013434
equity,INE064A01026,2026-05-28,423.55,423.55,423.55,
equity,INE064A01026,2026-05-29,456.4,434,449.35,1781841
equity,INE064A01026,2026-06-01,465,438.1,450,880884
equity,INE064A01026,2026-06-02,459.2,430.95,435.6,412187
equity,INE064A01026,2026-06-03,448.4,425.1,433.2,623727
equity,INE064A01026,2026-06-04,444,431.6,435.1,394401
equity,INE064A01026,2026-06-05,449.7,435,437.95,478796
equity,INE064A01026,2026-06-08,464.95,422.15,441.85,890262
equity,INE064A01026,2026-06-09,466.4,441.9,460.3,710695
equity,INE064A01026,2026-06-10,475,453.55,460.85,885948
equity,INE064A01026,2026-06-11,474.4,450.55,455.95,510721
equity,INE064A01026,2026-06-12,496.9,457.95,493.75,1084820
equity,INE064A01026,2026-06-15,507,486.1,496.45,596128
equity,INE064A01026,2026-06-16,499.55,480.6,488.4,279571
equity,INE064A01026,2026-06-17,499.7,480.55,483.65,294194
equity,INE064A01026,2026-06-18,491.95,472.6,476.95,212894
equity,INE064A01026,2026-06-19,522.9,477,518.7,1318434
equity,INE064A01026,2026-06-22,517.55,492.05,499.65,535885
equity,INE064A01026,2026-06-23,498.45,481.05,490.6,386636
equity,INE064A01026,2026-06-24,506.9,488.15,494.65,539026
equity,INE064A01026,2026-06-25,519.9,493.15,507.5,644077
equity,INE064A01026,2026-06-26,507.5,507.5,507.5,
equity,INE064A01026,2026-06-29,527.5,503.55,512.15,739186
equity,INE064A01026,2026-06-30,540.9,520,528.45,1081544
equity,INE064A01026,2026-07-01,532.25,514.75,519.25,273562
equity,INE064A01026,2026-07-02,533,518,529,310723
equity,INE064A01026,2026-07-03,543,520.55,524.45,464595
equity,INE064A01026,2026-07-06,548,522.55,534.7,352457
equity,INE064A01026,2026-07-07,538.5,515.65,522.6,187160
equity,INE064A01026,2026-07-08,535,509.1,522.2,257255
equity,INE064A01026,2026-07-09,550,522.5,547.25,339138
equity,INE064A01026,2026-07-10,576.8,550,569.6,537052
equity,INE064A01026,2026-07-13,591.8,565.8,576.75,381099
equity,INE064A01026,2026-07-14,574,540.9,547.4,370421
equity,INE064A01026,2026-07-15,562.4,543.6,555.75,187354
equity,INE064A01026,2026-07-16,561.2,543.05,544.55,102369
equity,INE064A01026,2026-07-17,549.95,525,534,189265
equity,INE064A01026,2026-07-20,573.35,527.3,567.45,375240
equity,INE064A01026,2026-07-21,578.7,555.55,562.95,197958
equity,INE064A01026,2026-07-22,568.9,552.2,556.1,101311
equity,INE064A01026,2026-07-23,618,552,573.75,1962036
equity,INE064A01026,2026-07-24,581,559.6,578.85,175926
equity,INE064A01026,2026-07-27,609.8,558,561.25,400370
equity,INE064A01026,2026-07-28,575,561.15,566.7,275138
equity,INE064A01026,2026-07-29,571.35,545.25,553.75,334535
equity,INE064A01026,2026-07-30,553,515,530.5,1081723
equity,INE064A01026,2026-07-31,542.9,523.7,532.05,294751
equity,INE064A01026,2026-08-03,553.6,532,549.25,257413
equity,INE064A01026,2026-08-04,559.8,542.1,556.95,260662
equity,INE064A01026,2026-08-05,564.8,547.85,553.35,180446
equity,INE064A01026,2026-08-06,558.95,540.25,543.05,229730
equity,INE064A01026,2026-08-07,559.65,540.1,556.3,149560
equity,INE064A01026,2026-08-10,574.8,553,563.25,360784
equity,INE064A01026,2026-08-11,574.85,557.3,573.1,217749
equity,INE064A01026,2026-08-12,573.1,558.55,563.65,108031
equity,INE064A01026,2026-08-13,566.65,535.5,539.15,284390
equity,INE064A01026,2026-08-14,544.65,522.2,524.65,236525
equity,INE064A01026,2026-08-17,547.95,521.45,541.3,224125
equity,INE064A01026,2026-08-18,569.4,545.15,549.2,542921
equity,INE064A01026,2026-08-19,569,537.3,563,340374
equity,INE064A01026,2026-08-20,594.9,560.1,591.05,582819
equity,INE064A01026,2026-08-21,609.8,594,599.95,504006
equity,INE064A01026,2026-08-24,607,584.1,595.25,236791
equity,INE064A01026,2026-08-25,624.4,587.4,617.65,389938
equity,INE064A01026,2026-08-26,647.8,614,629,832414
equity,INE064A01026,2026-08-27,641,620.1,624.05,247568
equity,INE064A01026,2026-08-28,657,629,653.75,384200
equity,INE064A01026,2026-08-31,687.8,646.8,679.45,692144
equity,INE064A01026,2026-09-01,685.75,639.25,647.45,373200
equity,INE064A01026,2026-09-02,654.95,639.4,643.15,162126
equity,INE064A01026,2026-09-03,654.9,641.55,649.55,120673
equity,INE064A01026,2026-09-04,674,646.3,669.85,323553
equity,INE064A01026,2026-09-07,672.15,617.6,628.3,616321
equity,INE064A01026,2026-09-08,637,599,607.1,839127
equity,INE064A01026,2026-09-09,632.5,603.75,623.35,313646
equity,INE064A01026,2026-09-10,638.65,618.3,627.1,232843
equity,INE064A01026,2026-09-11,636,611.5,631.7,226422
equity,INE064A01026,2026-09-14,631.7,631.7,631.7,
equity,INE064A01026,2026-09-15,637.25,600,605.65,315563
equity,INE064A01026,2026-09-16,613.5,580.15,605.45,290955
equity,INE064A01026,2026-09-17,620.4,605,611.1,151529
equity,INE064A01026,2026-09-18,729,613.05,714.2,6651306
equity,INE064A01026,2026-09-21,726.5,700,709.65,923419
equity,INE177F01017,2023-09-18,2610.8209,2523.9381,2545.9331,4558
equity,INE177F01017,2023-09-20,2608.3273,2526.2325,2585.0354,3401
equity,INE177F01017,2023-09-21,2613.514,2563.7384,2579.1001,1266
equity,INE177F01017,2023-09-22,2617.8034,2556.4069,2588.377,2472
equity,INE177F01017,2023-09-25,2604.5866,2574.9605,2587.3796,2070
equity,INE177F01017,2023-09-26,2623.4392,2549.4244,2563.8882,5581
equity,INE177F01017,2023-09-27,2618.352,2530.6714,2592.2673,4133
equity,INE177F01017,2023-09-28,2615.8083,2552.6163,2590.4216,2515
equity,INE177F01017,2023-09-29,2623.4393,2573.0153,2587.7285,1011
equity,INE177F01017,2023-10-03,2613.4643,2543.6389,2547.6289,1979
equity,INE177F01017,2023-10-04,2583.4892,2538.7013,2555.1602,3931
equity,INE177F01017,2023-10-05,2603.4891,2525.2349,2582.4417,2712
equity,INE177F01017,2023-10-06,2613.7135,2573.5639,2590.4216,5367
equity,INE177F01017,2023-10-09,2600.9454,2543.6388,2552.2671,3469
equity,INE177F01017,2023-10-10,2588.3769,2557.6537,2569.9231,1900
equity,INE177F01017,2023-10-11,2693.2647,2561.6439,2673.7634,11669
equity,INE177F01017,2023-10-12,2761.9926,2680.2471,2702.8904,6216
equity,INE177F01017,2023-10-13,2733.115,2664.4369,2670.8208,5853
equity,INE177F01017,2023-10-16,2700.2471,2628.4267,2681.9927,7258
equity,INE177F01017,2023-10-17,2693.2647,2643.3895,2662.8408,3151
equity,INE177F01017,2023-10-18,2693.2647,2641.6937,2673.6638,5052
equity,INE177F01017,2023-10-19,2700.2473,2645.3845,2678.5515,4107
equity,INE177F01017,2023-10-20,2702.2421,2604.8358,2669.3245,7820
equity,INE177F01017,2023-10-23,2696.0077,2594.6114,2630.1724,5922
equity,INE177F01017,2023-10-25,2631.1199,2499.3496,2570.2222,5822
equity,INE177F01017,2023-10-26,2570.2222,2570.2222,2570.2222,
equity,INE177F01017,2023-10-27,2570.2222,2570.2222,2570.2222,
equity,INE177F01017,2023-10-30,2570.2222,2570.2222,2570.2222,
equity,INE177F01017,2023-10-31,2570.2222,2570.2222,2570.2222,
equity,INE177F01017,2023-11-01,2570.2222,2570.2222,2570.2222,
equity,INE177F01017,2023-11-02,2570.2222,2570.2222,2570.2222,
equity,INE177F01017,2023-11-03,2570.2222,2570.2222,2570.2222,
equity,INE177F01017,2023-11-06,2570.2222,2570.2222,2570.2222,
equity,INE177F01017,2023-11-07,2570.2222,2570.2222,2570.2222,
equity,INE177F01017,2023-11-08,2570.2222,2570.2222,2570.2222,
equity,INE177F01017,2023-11-09,2570.2222,2570.2222,2570.2222,
equity,INE177F01017,2023-11-10,2570.2222,2570.2222,2570.2222,
equity,INE177F01017,2023-11-13,2570.2222,2570.2222,2570.2222,
equity,INE177F01017,2023-11-15,2570.2222,2570.2222,2570.2222,
equity,INE177F01017,2023-11-16,2570.2222,2570.2222,2570.2222,
equity,INE177F01017,2023-11-17,2570.2222,2570.2222,2570.2222,
equity,INE177F01017,2023-11-20,2570.2222,2570.2222,2570.2222,
equity,INE177F01017,2023-11-21,2570.2222,2570.2222,2570.2222,
equity,INE177F01017,2023-11-22,2570.2222,2570.2222,2570.2222,
equity,INE177F01017,2023-11-23,2570.2222,2570.2222,2570.2222,
equity,INE177F01017,2023-11-24,2570.2222,2570.2222,2570.2222,
equity,INE177F01017,2023-11-28,2570.2222,2570.2222,2570.2222,
equity,INE177F01017,2023-11-29,2570.2222,2570.2222,2570.2222,
equity,INE177F01017,2023-11-30,2570.2222,2570.2222,2570.2222,
equity,INE177F01017,2023-12-01,2570.2222,2570.2222,2570.2222,
equity,INE177F01017,2023-12-04,2570.2222,2570.2222,2570.2222,
equity,INE177F01017,2023-12-05,2570.2222,2570.2222,2570.2222,
equity,INE177F01017,2023-12-06,2570.2222,2570.2222,2570.2222,
equity,INE177F01017,2026-04-13,2570.2222,2570.2222,2570.2222,
equity,INE177F01017,2026-04-15,2570.2222,2570.2222,2570.2222,
equity,INE177F01017,2026-04-16,2570.2222,2570.2222,2570.2222,
equity,INE177F01017,2026-04-17,2570.2222,2570.2222,2570.2222,
equity,INE177F01017,2026-04-20,5486.2799,5336.7539,5474.21,915
equity,INE177F01017,2026-04-21,5584.0351,5411.4667,5560.7935,1340
equity,INE177F01017,2026-04-22,5664.8333,5527.1775,5623.7358,1724
equity,INE177F01017,2026-04-23,5727.8759,5566.0803,5662.4395,2335
equity,INE177F01017,2026-04-24,5733.6613,5596.0056,5645.4819,4886
equity,INE177F01017,2026-04-27,6037.5017,5622.9383,5940.5439,7045
equity,INE177F01017,2026-04-28,5984.0351,5486.2799,5625.731,6929
equity,INE177F01017,2026-04-29,5833.212,5634.0105,5679.5962,4747
equity,INE177F01017,2026-04-30,5760.494,5625.9306,5643.4868,666
equity,INE177F01017,2026-05-04,5709.7211,5557.1028,5602.4893,3062
equity,INE177F01017,2026-05-05,5684.7833,5516.2049,5554.6089,1658
equity,INE177F01017,2026-05-06,5756.6037,5597.0028,5713.7109,4380
equity,INE177F01017,2026-05-07,5823.9356,5676.3048,5701.7412,3882
equity,INE177F01017,2026-05-08,5774.5589,5586.0304,5675.3071,4610
equity,INE177F01017,2026-05-11,5735.656,5540.6437,5589.5215,3920
equity,INE177F01017,2026-05-12,5641.8909,5346.6293,5409.4722,5178
equity,INE177F01017,2026-05-13,5522.1898,5356.6039,5378.0503,8257
equity,INE177F01017,2026-05-14,5466.3298,5327.6766,5351.6167,2619
equity,INE177F01017,2026-05-15,5670.8186,5326.6792,5413.9609,3976
equity,INE177F01017,2026-05-18,5478.7985,5281.2925,5349.6216,2507
equity,INE177F01017,2026-05-19,5514.7086,5286.7786,5328.6738,4674
equity,INE177F01017,2026-05-20,5371.0681,5283.2877,5325.6816,1254
equity,INE177F01017,2026-05-21,5466.3296,5337.6514,5384.5342,5805
equity,INE177F01017,2026-05-22,5436.4045,5342.639,5380.0454,3982
equity,INE177F01017,2026-05-25,5440.8934,5306.7289,5337.1528,6305
equity,INE177F01017,2026-05-26,5386.0308,5266.3301,5326.6792,8554
equity,INE177F01017,2026-05-27,5406.4795,5262.3399,5378.5493,4554
equity,INE177F01017,2026-05-28,5378.5493,5378.5493,5378.5493,
equity,INE177F01017,2026-05-29,5526.1802,5326.6791,5347.1279,11272
equity,INE177F01017,2026-06-01,5445.3822,5286.7788,5356.1055,5892
equity,INE177F01017,2026-06-02,5380.5441,5296.7537,5328.6738,1772
equity,INE177F01017,2026-06-03,5386.5291,5337.1526,5355.6064,1483
equity,INE177F01017,2026-06-04,5422.4394,5311.7163,5375.5566,1081
equity,INE177F01017,2026-06-05,5406.4793,5311.7163,5384.5342,2202
equity,INE177F01017,2026-06-08,5657.3522,5262.34,5503.7363,9173
equity,INE177F01017,2026-06-09,5801.9901,5541.1425,5731.666,14365
equity,INE177F01017,2026-06-10,5931.1674,5736.6538,5841.8906,7372
equity,INE177F01017,2026-06-11,5898.7486,5751.1178,5780.0454,5630
equity,INE177F01017,2026-06-12,5835.4066,5697.7509,5796.5039,2484
equity,INE177F01017,2026-06-15,5845.3819,5723.1875,5760.0952,2610
equity,INE177F01017,2026-06-16,5830.4194,5747.6265,5780.0454,1926
equity,INE177F01017,2026-06-17,5885.2819,5713.7109,5818.9478,4148
equity,INE177F01017,2026-06-18,5885.2822,5746.6289,5852.8633,4180
equity,INE177F01017,2026-06-19,5868.823,5794.5089,5827.9253,1604
equity,INE177F01017,2026-06-22,5885.2819,5785.5313,5827.9253,10511
equity,INE177F01017,2026-06-23,6324.1842,5811.9652,6189.521,49205
equity,INE177F01017,2026-06-24,6172.5638,5992.0153,6073.312,12611
equity,INE177F01017,2026-06-25,6129.671,5950.1201,6003.9854,7565
equity,INE177F01017,2026-06-26,6003.9854,6003.9854,6003.9854,
equity,INE177F01017,2026-06-29,6004.4837,5886.2793,5936.6533,7741
equity,INE177F01017,2026-06-30,6064.3341,5884.7831,5983.5361,9786
equity,INE177F01017,2026-07-01,6124.6832,5995.0075,6034.9077,9812
equity,INE177F01017,2026-07-02,6093.2618,5985.0325,6025.9302,8872
equity,INE177F01017,2026-07-03,6094.7584,5992.5141,6027.4268,4728
equity,INE177F01017,2026-07-06,6143.1374,5987.5265,6008.4741,4646
equity,INE177F01017,2026-07-07,6052.8628,5985.0325,6021.4414,2391
equity,INE177F01017,2026-07-08,6021.4417,5879.2972,5953.6113,1745
equity,INE177F01017,2026-07-09,5985.0324,5900.2444,5955.606,1917
equity,INE177F01017,2026-07-10,6024.9326,5942.6384,5974.5586,4445
equity,INE177F01017,2026-07-13,6000.4941,5785.5316,5980.5439,4071
equity,INE177F01017,2026-07-14,6041.8905,5830.4194,5847.377,5765
equity,INE177F01017,2026-07-15,6001.9901,5828.4241,5971.0674,4705
equity,INE177F01017,2026-07-16,6019.9451,5861.3418,5934.1597,4358
equity,INE177F01017,2026-07-17,5999.995,5835.4066,5971.0674,3781
equity,INE177F01017,2026-07-20,5999.4965,5901.741,5911.2173,3478
equity,INE177F01017,2026-07-21,5973.0624,5895.257,5920.6934,1372
equity,INE177F01017,2026-07-22,5928.6735,5656.3545,5734.6587,7451
equity,INE177F01017,2026-07-23,5829.9203,5710.7184,5736.1548,2055
equity,INE177F01017,2026-07-24,5875.3072,5686.2799,5830.4194,2149
equity,INE177F01017,2026-07-27,5885.7809,5746.1302,5829.4219,3319
equity,INE177F01017,2026-07-28,6113.7109,5808.4742,5847.377,3284
equity,INE177F01017,2026-07-29,5999.9953,5840.8932,5930.1699,2708
equity,INE177F01017,2026-07-30,5984.0352,5895.7559,5933.6611,2665
equity,INE177F01017,2026-07-31,5975.0573,5845.8803,5895.2568,4038
equity,INE177F01017,2026-08-03,5905.2319,5795.5063,5817.9502,4105
equity,INE177F01017,2026-08-04,5904.7335,5797.0029,5847.377,2299
equity,INE177F01017,2026-08-05,5949.6213,5802.4892,5912.2148,2775
equity,INE177F01017,2026-08-06,5974.0601,5818.948,5878.7983,3575
equity,INE177F01017,2026-08-07,5915.7058,5810.469,5828.9229,1574
equity,INE177F01017,2026-08-10,6263.3366,5935.1573,6146.6284,15049
equity,INE177F01017,2026-08-11,6179.0475,5736.6538,5850.8682,23449
equity,INE177F01017,2026-08-12,5935.1572,5805.9802,5810.9678,9806
equity,INE177F01017,2026-08-13,5956.6037,5805.4816,5876.8032,8452
equity,INE177F01017,2026-08-14,6068.3243,5877.302,6023.4365,7285
equity,INE177F01017,2026-08-17,6139.6457,5944.6334,6106.728,6978
equity,INE177F01017,2026-08-18,6166.0797,5975.0574,5998,3161
equity,INE177F01017,2026-08-19,6054.5,5891,5999.5,4574
equity,INE177F01017,2026-08-20,6086.5,5968,6066.5,3630
equity,INE177F01017,2026-08-21,6090,5975,6034.5,2070
equity,INE177F01017,2026-08-24,6070,5911,5925.5,3584
equity,INE177F01017,2026-08-25,6000,5905.5,5985.5,3612
equity,INE177F01017,2026-08-26,6178.5,5955.5,6122,5077
equity,INE177F01017,2026-08-27,6111,5985,6014,1955
equity,INE177F01017,2026-08-28,6094,6014,6032.5,4637
equity,INE177F01017,2026-08-31,6172,5990,6074.5,8540
equity,INE177F01017,2026-09-01,6104.5,6005,6036,1824
equity,INE177F01017,2026-09-02,6035,5930.5,6017.5,2393
equity,INE177F01017,2026-09-03,6100,5990.5,6091.5,2136
equity,INE177F01017,2026-09-04,6140,5994,6062.5,1977
equity,INE177F01017,2026-09-07,6125,6000.5,6069,4985
equity,INE177F01017,2026-09-08,6128,5970,6107,4468
equity,INE177F01017,2026-09-09,6188,6099,6149.5,6798
equity,INE177F01017,2026-09-10,6444,6117.5,6292,15697
equity,INE177F01017,2026-09-11,6339,6150.5,6203.5,4574
equity,INE177F01017,2026-09-15,6189,5980.5,6019,11357
equity,INE177F01017,2026-09-16,6169,5974,6088,4040
equity,INE177F01017,2026-09-17,6190,6031,6112,3567
equity,INE177F01017,2026-09-18,6290,6071.5,6226,3229
equity,INE177F01017,2026-09-21,6334.5,6102,6179,5056
equity,INE910A01012,2026-04-23,534.373,531.5204,532.7904,3987
equity,INE910A01012,2026-04-24,539.2576,530.4653,537.3233,12483
equity,INE910A01012,2026-04-27,556.7444,533.6989,541.6608,6815
equity,INE910A01012,2026-04-28,554.8589,543.8296,547.8838,32269
equity,INE910A01012,2026-04-29,551.9575,544.9335,547.0729,26181
equity,INE910A01012,2026-04-30,558.5615,545.1875,557.4185,8389
equity,INE910A01012,2026-05-04,561.7267,556.5979,558.4052,13782
equity,INE910A01012,2026-05-05,570.4213,561.1894,565.9763,7593
equity,INE910A01012,2026-05-06,570.5189,562.0198,566.5624,17810
equity,INE910A01012,2026-05-07,570.5189,565.8297,568.272,8647
equity,INE910A01012,2026-05-08,575.4035,570.5189,571.8866,5250
equity,INE910A01012,2026-05-11,575.4035,563.4363,571.4958,16224
equity,INE910A01012,2026-05-12,604.6133,544.2887,579.8484,37492
equity,INE910A01012,2026-05-13,603.3433,576.9666,583.5119,5164
equity,INE910A01012,2026-05-14,595.6745,584.1957,584.3911,3943
equity,INE910A01012,2026-05-15,588.9826,583.0723,584.2446,5816
equity,INE910A01012,2026-05-18,594.9418,586.4426,590.3503,15131
equity,INE910A01012,2026-05-19,605.6879,588.2011,591.7668,6750
equity,INE910A01012,2026-05-20,600.3149,582.0954,593.2322,4569
equity,INE910A01012,2026-05-21,600.7056,595.9187,598.361,3299
equity,INE910A01012,2026-05-22,613.3079,596.8957,605.1995,22016
equity,INE910A01012,2026-05-25,615.457,600.9987,611.0609,4551
equity,INE910A01012,2026-05-26,620.1462,596.0164,600.9987,14132
equity,INE910A01012,2026-05-27,603.2945,596.2607,601.3895,9455
equity,INE910A01012,2026-05-28,601.3895,601.3895,601.3895,
equity,INE910A01012,2026-05-29,607.3487,588.1034,588.2988,30043
equity,INE910A01012,2026-06-01,600.7545,568.7117,588.9338,34675
equity,INE910A01012,2026-06-02,598.8006,585.1726,592.0599,32520
equity,INE910A01012,2026-06-03,610.5725,591.1318,597.7749,5256
equity,INE910A01012,2026-06-04,610.719,591.0341,605.1017,2530
equity,INE910A01012,2026-06-05,609.5467,594.9907,600.9499,7385
equity,INE910A01012,2026-06-08,605.5903,576.9177,600.8522,5871
equity,INE910A01012,2026-06-09,605.6879,597.8725,602.9037,6684
equity,INE910A01012,2026-06-10,609.5468,604.9552,605.7368,11402
equity,INE910A01012,2026-06-11,611.2563,604.4179,605.5413,4183
equity,INE910A01012,2026-06-12,609.4979,604.3691,605.6879,7212
equity,INE910A01012,2026-06-15,614.2848,595.9188,605.7856,2543
equity,INE910A01012,2026-06-16,609.5956,603.7341,605.7368,4849
equity,INE910A01012,2026-06-17,609.3513,586.9799,602.2198,34336
equity,INE910A01012,2026-06-18,609.5955,605.1994,606.1275,9721
equity,INE910A01012,2026-06-19,609.2537,604.8575,605.9321,5478
equity,INE910A01012,2026-06-22,609.3025,605.6879,606.0787,1305
equity,INE910A01012,2026-06-23,607.7883,605.6879,605.6879,2169
equity,INE910A01012,2026-06-24,611.4517,603.8317,605.639,3630
equity,INE910A01012,2026-06-25,609.4979,602.0245,605.7856,5054
equity,INE910A01012,2026-06-26,605.7856,605.7856,605.7856,
equity,INE910A01012,2026-06-29,610.5236,594.258,605.3948,4241
equity,INE910A01012,2026-06-30,609.5467,603.7829,605.9321,4514
equity,INE910A01012,2026-07-01,613.9429,604.7598,605.7368,3014
equity,INE910A01012,2026-07-02,609.5467,604.9552,606.1275,2996
equity,INE910A01012,2026-07-03,606.7625,595.0395,605.7368,4370
equity,INE910A01012,2026-07-06,606.7625,600.8033,605.639,1676
equity,INE910A01012,2026-07-07,609.3025,605.6879,605.7368,2218
equity,INE910A01012,2026-07-08,606.7625,605.3949,605.7368,2523
equity,INE910A01012,2026-07-09,607.6417,600.8033,605.6879,5270
equity,INE910A01012,2026-07-10,614.4313,602.8548,605.004,4063
equity,INE910A01012,2026-07-13,617.4109,590.6434,614.6755,7325
equity,INE910A01012,2026-07-14,641.8338,610.084,632.9927,66699
equity,INE910A01012,2026-07-15,641.8338,623.2724,628.0104,8406
equity,INE910A01012,2026-07-16,634.0184,604.6133,605.6879,27468
equity,INE910A01012,2026-07-17,610.1328,600.3637,607.2509,12206
equity,INE910A01012,2026-07-20,615.6525,605.6391,605.7856,6966
equity,INE910A01012,2026-07-21,611.5005,605.7855,610.0352,2519
equity,INE910A01012,2026-07-22,627.18,609.6932,612.0378,4849
equity,INE910A01012,2026-07-23,613.3567,605.6879,605.8345,4204
equity,INE910A01012,2026-07-24,610.5725,592.1577,606.274,8456
equity,INE910A01012,2026-07-27,618.4367,596.4561,605.7368,2136
equity,INE910A01012,2026-07-28,612.6728,600.901,605.6879,5237
equity,INE910A01012,2026-07-29,609.449,605.6879,605.6879,2980
equity,INE910A01012,2026-07-30,610.5725,605.4925,606.0787,2528
equity,INE910A01012,2026-07-31,621.2209,605.6879,606.1763,2714
equity,INE910A01012,2026-08-03,617.6063,601.2918,605.8345,3137
equity,INE910A01012,2026-08-04,614.4313,595.186,605.6879,4339
equity,INE910A01012,2026-08-05,610.5725,605.6879,607.1533,2264
equity,INE910A01012,2026-08-06,609.7909,605.5902,606.616,3756
equity,INE910A01012,2026-08-07,609.8398,605.6879,605.6879,2512
equity,INE910A01012,2026-08-10,634.9954,605.6879,618.5832,93320
equity,INE910A01012,2026-08-11,632.4554,618.9739,625.3239,6982
equity,INE910A01012,2026-08-12,634.5558,617.4109,622.8328,4051
equity,INE910A01012,2026-08-13,634.0185,606.8602,614.1382,4856
equity,INE910A01012,2026-08-14,630.1108,608.6675,612.1355,2544
equity,INE910A01012,2026-08-17,629.9642,605.6879,607.1533,9693
equity,INE910A01012,2026-08-18,611.5494,605.8345,607.5441,4271
equity,INE910A01012,2026-08-19,625.0308,605.6879,607.2509,4727
equity,INE910A01012,2026-08-20,615.4571,608.6187,610.1817,3875
equity,INE910A01012,2026-08-21,617.4109,608.6186,610.3282,3497
equity,INE910A01012,2026-08-24,634.9954,615.5059,627.2777,15735
equity,INE910A01012,2026-08-25,633.0415,626.1543,628.5477,9194
equity,INE910A01012,2026-08-26,634.3115,622.3443,625.91,2842
equity,INE910A01012,2026-08-27,630.3062,615.457,616.6293,5317
equity,INE910A01012,2026-08-28,629.9642,617.7528,627.8151,6956
equity,INE910A01012,2026-08-31,634.9953,630.2573,632.4065,13162
equity,INE910A01012,2026-09-01,640.8569,631.0877,634.4581,20163
equity,INE910A01012,2026-09-02,636.9492,632.0646,634.8,21690
equity,INE910A01012,2026-09-03,639.8,620,621.6,14704
equity,INE910A01012,2026-09-04,624.5,610,620,10246
equity,INE910A01012,2026-09-07,624.8,604.55,615.15,15402
equity,INE910A01012,2026-09-08,628.85,619.05,619.65,10847
equity,INE910A01012,2026-09-09,624.75,617.6,619.7,5143
equity,INE910A01012,2026-09-10,622.65,619,620.05,3618
equity,INE910A01012,2026-09-11,624,598.8,607.5,6764
equity,INE910A01012,2026-09-15,620.45,600,600.65,3067
equity,INE910A01012,2026-09-16,602.75,591.8,593.6,1923
equity,INE910A01012,2026-09-17,611.95,594.2,601.05,1233
equity,INE910A01012,2026-09-18,604.95,596.05,600.4,1961
equity,INE910A01012,2026-09-21,611.95,590.4,594.15,2305
equity,INE979B01015,2026-04-23,7481.5935,7383.1515,7452.9468,518
equity,INE979B01015,2026-04-24,7461.8757,7294.5536,7357.8223,205
equity,INE979B01015,2026-04-27,7479.6149,7315.2753,7381.1729,210
equity,INE979B01015,2026-04-28,7381.1628,7314.7832,7362.6655,430
equity,INE979B01015,2026-04-29,7373.2776,7245.3323,7357.7139,183
equity,INE979B01015,2026-04-30,7378.2293,7284.1383,7343.7842,275
equity,INE979B01015,2026-05-04,7437.2947,7152.7972,7293.5693,296
equity,INE979B01015,2026-05-05,7495.8674,7236.4726,7247.3013,343
equity,INE979B01015,2026-05-06,7353.6189,7216.7845,7241.395,397
equity,INE979B01015,2026-05-07,7352.6342,7275.3572,7301.4443,316
equity,INE979B01015,2026-05-08,7383.1511,7266.0051,7377.7368,427
equity,INE979B01015,2026-05-11,7383.1515,7087.8255,7230.5664,988
equity,INE979B01015,2026-05-12,7323.5939,7142.9528,7181.3452,524
equity,INE979B01015,2026-05-13,7227.1205,7094.716,7122.772,5315
equity,INE979B01015,2026-05-14,7179.3765,7019.4082,7072.5669,349
equity,INE979B01015,2026-05-15,7133.1084,6998.2429,7058.2925,1926
equity,INE979B01015,2026-05-18,7165.1024,7013.0095,7136.5542,399
equity,INE979B01015,2026-05-19,7273.8805,7031.2209,7058.7847,884
equity,INE979B01015,2026-05-20,7166.579,7028.7602,7093.7319,603
equity,INE979B01015,2026-05-21,7137.0465,7000.2121,7059.7695,894
equity,INE979B01015,2026-05-22,7112.4357,7029.2522,7088.3174,380
equity,INE979B01015,2026-05-25,7193.158,7053.8626,7079.9497,1300
equity,INE979B01015,2026-05-26,7131.6322,7058.7851,7080.9346,627
equity,INE979B01015,2026-05-27,7332.9459,7085.3642,7225.1519,1673
equity,INE979B01015,2026-05-28,7225.1519,7225.1519,7225.1519,
equity,INE979B01015,2026-05-29,7559.8546,7245.3323,7366.416,4378
equity,INE979B01015,2026-06-01,7559.3624,7304.3976,7376.7524,1003
equity,INE979B01015,2026-06-02,7376.7526,7200.0492,7341.8057,955
equity,INE979B01015,2026-06-03,7377.7372,7220.7222,7337.8682,497
equity,INE979B01015,2026-06-04,7529.8297,7330.4846,7494.8828,1852
equity,INE979B01015,2026-06-05,7536.7207,7427.9423,7473.2256,1143
equity,INE979B01015,2026-06-08,7485.5311,7422.5282,7466.8271,761
equity,INE979B01015,2026-06-09,7727.6982,7478.1477,7621.3809,3896
equity,INE979B01015,2026-06-10,7733.6048,7549.5182,7588.4028,1376
equity,INE979B01015,2026-06-11,7598.7396,7433.357,7539.1821,643
equity,INE979B01015,2026-06-12,7667.6488,7476.6712,7564.7769,1711
equity,INE979B01015,2026-06-15,7677.4928,7564.7767,7675.0317,511
equity,INE979B01015,2026-06-16,7740.496,7635.163,7700.627,723
equity,INE979B01015,2026-06-17,7707.0258,7629.7488,7666.1724,488
equity,INE979B01015,2026-06-18,7698.1656,7601.6924,7676.0161,470
equity,INE979B01015,2026-06-19,7696.6891,7531.7987,7641.0693,707
equity,INE979B01015,2026-06-22,7825.6481,7581.0197,7769.0439,1110
equity,INE979B01015,2026-06-23,7816.2962,7590.864,7693.2437,1052
equity,INE979B01015,2026-06-24,7808.9131,7683.3995,7767.0752,677
equity,INE979B01015,2026-06-25,7928.5199,7773.966,7888.1587,1241
equity,INE979B01015,2026-06-26,7888.1587,7888.1587,7888.1587,
equity,INE979B01015,2026-06-29,8071.2612,7781.8417,8029.4233,1400
equity,INE979B01015,2026-06-30,8170.6876,7915.2306,8156.9058,1501
equity,INE979B01015,2026-07-01,8534.9233,8141.6475,8460.5996,2577
equity,INE979B01015,2026-07-02,8868.6412,8230.2448,8770.1992,4099
equity,INE979B01015,2026-07-03,8849.9369,8662.8971,8798.2549,1214
equity,INE979B01015,2026-07-06,8859.7816,8592.0193,8723.9316,2266
equity,INE979B01015,2026-07-07,8868.6415,8663.3899,8827.2959,2670
equity,INE979B01015,2026-07-08,8859.7815,8614.6609,8661.9131,1472
equity,INE979B01015,2026-07-09,8907.0341,8657.9758,8824.3428,3067
equity,INE979B01015,2026-07-10,8859.7819,8712.1188,8740.1748,711
equity,INE979B01015,2026-07-13,8849.937,8619.0905,8817.4512,1493
equity,INE979B01015,2026-07-14,8894.236,8727.869,8837.1396,1612
equity,INE979B01015,2026-07-15,8849.4455,8776.5984,8823.3584,613
equity,INE979B01015,2026-07-16,8859.7813,8727.869,8815.4824,1015
equity,INE979B01015,2026-07-17,8958.2235,8783.9811,8939.5195,2820
equity,INE979B01015,2026-07-20,9145.2634,8934.1052,9109.332,2867
equity,INE979B01015,2026-07-21,9450.434,8761.3399,8846,7098
equity,INE979B01015,2026-07-22,9015,8633.5,8735.5,1817
equity,INE979B01015,2026-07-23,8863,8405,8451.5,3121
equity,INE979B01015,2026-07-24,8820,8220.5,8704,1974
equity,INE979B01015,2026-07-27,8942.5,8790,8894.5,2418
equity,INE979B01015,2026-07-28,8938.5,8699.5,8765.5,3422
equity,INE979B01015,2026-07-29,8938,8456,8520.5,8569
equity,INE979B01015,2026-07-30,8671,8411,8530.5,1434
equity,INE979B01015,2026-07-31,8590,8475,8549.5,1052
equity,INE979B01015,2026-08-03,8649.5,8400,8496.5,984
equity,INE979B01015,2026-08-04,8601,8450.5,8566,539
equity,INE979B01015,2026-08-05,8600,8500,8526.5,472
equity,INE979B01015,2026-08-06,8578.5,8402,8465,1032
equity,INE979B01015,2026-08-07,8500,8315,8398.5,967
equity,INE979B01015,2026-08-10,8640,8304,8382.5,1238
equity,INE979B01015,2026-08-11,8426,8013.5,8193,2216
equity,INE979B01015,2026-08-12,8286.5,8105.5,8177.5,595
equity,INE979B01015,2026-08-13,8330,8230,8305.5,361
equity,INE979B01015,2026-08-14,8450,8199.5,8351,1012
equity,INE979B01015,2026-08-17,8370,8199,8340,425
equity,INE979B01015,2026-08-18,8410,8116,8235,2401
equity,INE979B01015,2026-08-19,8201.5,7930,8049,4353
equity,INE979B01015,2026-08-20,8181,7990,8087.5,1699
equity,INE979B01015,2026-08-21,8144,7980,8029.5,1102
equity,INE979B01015,2026-08-24,8175,7960,8153.5,1593
equity,INE979B01015,2026-08-25,8220,8090,8152.5,1927
equity,INE979B01015,2026-08-26,8222.5,8000,8197.5,1934
equity,INE979B01015,2026-08-27,8264.5,8020,8239,976
equity,INE979B01015,2026-08-28,8301,8131,8230,373
equity,INE979B01015,2026-08-31,8257.5,8050,8116.5,826
equity,INE979B01015,2026-09-01,8235,8101,8152,346
equity,INE979B01015,2026-09-02,8220.5,8124,8194.5,804
equity,INE979B01015,2026-09-03,8351.5,8151.5,8297,920
equity,INE979B01015,2026-09-04,8471,8225,8406.5,1806
equity,INE979B01015,2026-09-07,8426,8200,8254,1354
equity,INE979B01015,2026-09-08,8395,8171,8212,843
equity,INE979B01015,2026-09-09,8640,8337,8504.5,5000
equity,INE979B01015,2026-09-10,8637.5,8333,8408,2639
equity,INE979B01015,2026-09-11,8491.5,8366.5,8411.5,2765
equity,INE979B01015,2026-09-15,8484,8250,8381.5,2478
equity,INE979B01015,2026-09-16,8375,8200,8296.5,1644
equity,INE979B01015,2026-09-17,8375,8220.5,8251.5,1500
equity,INE979B01015,2026-09-18,8364.5,8250,8286,937
equity,INE979B01015,2026-09-21,8370,8124,8166,2754
equity,INE765D01022,2026-08-18,439.4,418.65,426.35,36814
equity,INE765D01022,2026-08-19,455,426.35,452,228486
equity,INE765D01022,2026-08-20,468,454,461.5,137426
equity,INE765D01022,2026-08-21,462.95,442.5,451.35,60772
equity,INE765D01022,2026-08-24,468,452.6,459,55993
equity,INE765D01022,2026-08-25,464.55,439.05,442.9,49433
equity,INE765D01022,2026-08-26,455.6,435,438.35,23746
equity,INE765D01022,2026-08-27,458,439.6,448.65,187664
equity,INE765D01022,2026-08-28,454.95,441.25,447.75,19718
equity,INE765D01022,2026-08-31,448.35,437.8,443.45,25879
equity,INE765D01022,2026-09-01,444.85,436.15,439.15,16178
equity,INE765D01022,2026-09-02,441.95,432,440.05,30472
equity,INE765D01022,2026-09-03,448.8,436.6,445.5,15497
equity,INE765D01022,2026-09-04,452.6,440,443.9,12409
equity,INE765D01022,2026-09-07,445,433,435.3,31690
equity,INE765D01022,2026-09-08,436.4,428,428.6,20429
equity,INE765D01022,2026-09-09,440.4,427,427.75,21399
equity,INE765D01022,2026-09-10,445,425.05,444.2,144403
equity,INE765D01022,2026-09-11,444,430,435.25,51726
equity,INE765D01022,2026-09-15,440.4,421.5,428.55,30776
equity,INE765D01022,2026-09-16,436,418,431.85,30844
equity,INE765D01022,2026-09-17,446.45,427.9,442.4,49611
equity,INE765D01022,2026-09-18,445,430.5,433.7,38917
equity,INE765D01022,2026-09-21,450.45,426.1,446.95,209534
equity,INE945F01025,2026-08-18,249,240.4,244.05,4205721
equity,INE945F01025,2026-08-19,244.95,232.1,233.21,1792043
equity,INE945F01025,2026-08-20,248.8,238,242.66,2916403
equity,INE945F01025,2026-08-21,250.8,236.1,245.67,3292732
equity,INE945F01025,2026-08-24,250.3,244.9,247.61,1613681
equity,INE945F01025,2026-08-25,249.49,231.1,232.84,2097704
equity,INE945F01025,2026-08-26,234.65,228,230.96,1430774
equity,INE945F01025,2026-08-27,231.8,222.02,229.37,2139149
equity,INE945F01025,2026-08-28,234.49,226.4,227.64,1156406
equity,INE945F01025,2026-08-31,226.5,220.1,223.34,802968
equity,INE945F01025,2026-09-01,224.77,218.21,221.05,835236
equity,INE945F01025,2026-09-02,223.99,215.5,219.03,757656
equity,INE945F01025,2026-09-03,223.99,211.15,213.8,1232250
equity,INE945F01025,2026-09-04,219.3,212.43,213.87,959258
equity,INE945F01025,2026-09-07,217.8,212.1,215.77,636636
equity,INE945F01025,2026-09-08,224.5,214,223.22,1302537
equity,INE945F01025,2026-09-09,228.7,216.54,219.36,1734880
equity,INE945F01025,2026-09-10,228.9,219.62,225.88,1682664
equity,INE945F01025,2026-09-11,236.8,222.13,229.73,3107818
equity,INE945F01025,2026-09-14,229.73,229.73,229.73,
equity,INE945F01025,2026-09-15,238.4,221.25,222.82,2417752
equity,INE945F01025,2026-09-16,225.99,216.6,220.67,1128957
equity,INE945F01025,2026-09-17,225.7,216.56,217.85,812361
equity,INE945F01025,2026-09-18,220.74,216,217.21,714192
equity,INE945F01025,2026-09-21,221.63,215.05,217.04,650192
equity,INE515A01019,2026-04-22,5293,5207,5277.3501,2861
equity,INE515A01019,2026-04-23,5292.9502,5108.1499,5213.9502,1792
equity,INE515A01019,2026-04-24,5238.0498,5015.25,5136.7002,1213
equity,INE515A01019,2026-04-27,5265,5100,5173.4502,1202
equity,INE515A01019,2026-04-28,5255,5149.8999,5156.5,1836
equity,INE515A01019,2026-04-29,5265,5141.0498,5174.3999,1236
equity,INE515A01019,2026-04-30,5205.9502,5100,5115.5,1649
equity,INE515A01019,2026-05-01,5115.5,5115.5,5115.5,
equity,INE515A01019,2026-05-04,5169.5,5061.5,5086.5,2327
equity,INE515A01019,2026-05-05,5229,5060,5193.5,1557
equity,INE515A01019,2026-05-06,5295,5102,5191,3085
equity,INE515A01019,2026-05-07,5635.5,5150,5579.5,12923
equity,INE515A01019,2026-05-08,5715,5479.5,5540.5,4622
equity,INE515A01019,2026-05-11,5575,5121,5197.5,5461
equity,INE515A01019,2026-05-12,5309.5,5126,5152.5,2742
equity,INE515A01019,2026-05-13,5350,5113,5278.5,4933
equity,INE515A01019,2026-05-14,5349.5,5220.5,5271.5,1392
equity,INE515A01019,2026-05-15,5340,5180,5280,2480
equity,INE515A01019,2026-05-18,5699.5,5404.5,5665.5,20373
equity,INE515A01019,2026-05-19,5700,5365.5,5408,7627
equity,INE515A01019,2026-05-20,5607,5410,5473.5,6642
equity,INE515A01019,2026-05-21,5600,5350.5,5373,2987
equity,INE515A01019,2026-05-22,6300,5426.5,6181.5,83684
equity,INE515A01019,2026-05-25,6599.5,6229,6544,30320
equity,INE515A01019,2026-05-26,6650,6336,6382,11584
equity,INE515A01019,2026-05-27,6800,6395.5,6764,24609
equity,INE515A01019,2026-05-28,6764,6764,6764,
equity,INE515A01019,2026-05-29,7400,6870,7076.5,31441
equity,INE515A01019,2026-06-01,7629,7196.5,7540.5,32448
equity,INE515A01019,2026-06-02,8085.5,7475,7593.5,41440
equity,INE515A01019,2026-06-03,9112,7660,9112,250401
equity,INE515A01019,2026-06-04,10023,9007.5,9316.5,161709
equity,INE515A01019,2026-06-05,9500,9012.5,9164.5,37795
equity,INE515A01019,2026-06-08,9676.5,8823.5,9101.5,48305
equity,INE515A01019,2026-06-09,10011.5,9101,9883.5,48768
equity,INE515A01019,2026-06-10,10871.5,10012,10290.5,92584
equity,INE515A01019,2026-06-11,10599.5,9306.5,9605,59060
equity,INE515A01019,2026-06-12,10207,9641,10011,33826
equity,INE515A01019,2026-06-15,10489,9127,9325,42864
equity,INE515A01019,2026-06-16,9550,9212,9283.5,17647
equity,INE515A01019,2026-06-17,9497,9150.5,9239.5,15554
equity,INE515A01019,2026-06-18,9422,8955,9021.5,15522
equity,INE515A01019,2026-06-19,9350,8860.5,9125,13391
equity,INE515A01019,2026-06-22,9555.5,9180,9208.5,21582
equity,INE515A01019,2026-06-23,9248,8850,8917.5,9533
equity,INE515A01019,2026-06-24,8980,8690.5,8726,9451
equity,INE515A01019,2026-06-25,8944.5,8714,8840.5,7110
equity,INE515A01019,2026-06-26,8840.5,8840.5,8840.5,
equity,INE515A01019,2026-06-29,8942.5,8725,8740,4592
equity,INE515A01019,2026-06-30,9296.5,8725.5,9209,20184
equity,INE515A01019,2026-07-01,9439.5,9162,9323.5,11139
equity,INE515A01019,2026-07-02,9367,9076.5,9107,6291
equity,INE515A01019,2026-07-03,9189,8850.5,8947.5,6920
equity,INE515A01019,2026-07-06,8983,8860.5,8916.5,2885
equity,INE515A01019,2026-07-07,8943,8500,8657.5,6523
equity,INE515A01019,2026-07-08,8712.5,8406,8493.5,7307
equity,INE515A01019,2026-07-09,9342.5,8505,9342.5,18714
equity,INE515A01019,2026-07-10,9858.5,9449,9548.5,28278
equity,INE515A01019,2026-07-13,10070,9325,9602.5,15800
equity,INE515A01019,2026-07-14,9800,9426,9552,12183
equity,INE515A01019,2026-07-15,9719.5,9395.5,9441,4936
equity,INE515A01019,2026-07-16,9580,9148.5,9263,5796
equity,INE515A01019,2026-07-17,9299.5,8902.5,8959,6824
equity,INE515A01019,2026-07-20,9280,8854,9185.5,4552
equity,INE515A01019,2026-07-21,9467,9132.5,9182,4704
equity,INE515A01019,2026-07-22,9194.5,8970.5,9026,3320
equity,INE515A01019,2026-07-23,9162,8900,8930,2598
equity,INE515A01019,2026-07-24,8999.5,8700.5,8937.5,3192
equity,INE515A01019,2026-07-27,9159,8774,8859.5,3922
equity,INE515A01019,2026-07-28,8996.5,8670.5,8759.5,3453
equity,INE515A01019,2026-07-29,8840,8531.5,8678,4562
equity,INE515A01019,2026-07-30,8785,8462,8509,4528
equity,INE515A01019,2026-07-31,8691.5,8510,8645.5,2524
equity,INE515A01019,2026-08-03,9149,8500.5,8987.5,8857
equity,INE515A01019,2026-08-04,9129,8825,8989,3626
equity,INE515A01019,2026-08-05,9044,8870.5,8897,2413
equity,INE515A01019,2026-08-06,9725,8871,9462,13096
equity,INE515A01019,2026-08-07,10130,9499,9635.5,24931
equity,INE515A01019,2026-08-10,9960,9400,9525.5,8614
equity,INE515A01019,2026-08-11,9794,9490.5,9661.5,4639
equity,INE515A01019,2026-08-12,9880.5,9602.5,9693.5,4817
equity,INE515A01019,2026-08-13,10458,9708.5,10101.5,43803
equity,INE515A01019,2026-08-14,9040,8222,8578.5,115890
equity,INE515A01019,2026-08-17,8589.5,8351.5,8419,11341
equity,INE515A01019,2026-08-18,8550,8260,8361.5,12747
equity,INE515A01019,2026-08-19,8484,7972,8010.5,13649
equity,INE515A01019,2026-08-20,8225.5,7762.5,7834,15478
equity,INE515A01019,2026-08-21,8244.5,7835,8213.5,16054
equity,INE515A01019,2026-08-24,8339,8005.5,8047.5,5502
equity,INE515A01019,2026-08-25,8143,7856,7889.5,5112
equity,INE515A01019,2026-08-26,8070,7905,8024.5,4575
equity,INE515A01019,2026-08-27,8190,8067.5,8089.5,4588
equity,INE515A01019,2026-08-28,8150,8030,8123,2613
equity,INE515A01019,2026-08-31,8500,8116,8174.5,11090
equity,INE515A01019,2026-09-01,8191,7900,7968.5,6824
equity,INE515A01019,2026-09-02,8049,7820.5,8005,4052
equity,INE515A01019,2026-09-03,8117,7950,8080,3086
equity,INE515A01019,2026-09-04,8230,8025.5,8193.5,4524
equity,INE515A01019,2026-09-07,8244.5,7908,8065.5,7820
equity,INE515A01019,2026-09-08,8409,8006,8325.5,11751
equity,INE515A01019,2026-09-09,8361,8105,8140,3989
equity,INE515A01019,2026-09-10,8264.5,7980,8009,3961
equity,INE515A01019,2026-09-11,8259,7860.5,8191,4452
equity,INE515A01019,2026-09-14,8191,8191,8191,
equity,INE515A01019,2026-09-15,8885,8115,8286,34982
equity,INE515A01019,2026-09-16,8298.5,7771,7877.5,18330
equity,INE515A01019,2026-09-17,8090,7848,8029,4903
equity,INE515A01019,2026-09-18,8220,8006.5,8164,3914
equity,INE515A01019,2026-09-21,8174,8023,8055,2331
equity,INE234A01025,2023-09-18,761.75,743.5,746.1,13051
equity,INE234A01025,2023-09-20,749.45,733.3,737.55,14268
equity,INE234A01025,2023-09-21,742.9,731,737.75,13913
equity,INE234A01025,2023-09-22,739,725,726.7,14301
equity,INE234A01025,2023-09-25,733,719.4,721.7,18171
equity,INE234A01025,2023-09-26,728.85,717,718.2,11559
equity,INE234A01025,2023-09-27,720.4,711,712.5,9176
equity,INE234A01025,2023-09-28,720.95,709,713.3,15630
equity,INE234A01025,2023-09-29,725,712.1,720.35,12636
equity,INE234A01025,2023-10-03,733.4,719.05,727.4,21335
equity,INE234A01025,2023-10-04,730.95,720.3,724.65,10005
equity,INE234A01025,2023-10-05,729,720.25,721.65,7177
equity,INE234A01025,2023-10-06,726.95,720.25,720.85,8779
equity,INE234A01025,2023-10-09,721.95,704.6,707.2,10390
equity,INE234A01025,2023-10-10,725,710.55,716,13926
equity,INE234A01025,2023-10-11,722.85,713,716.35,8103
equity,INE234A01025,2023-10-12,720.7,710,712.65,9445
equity,INE234A01025,2023-10-13,721,706.85,718.75,19141
equity,INE234A01025,2023-10-16,721.95,707.6,712.1,7103
equity,INE234A01025,2023-10-17,719,711.1,714.75,6927
equity,INE234A01025,2023-10-18,719.8,713.3,716.95,12895
equity,INE234A01025,2023-10-19,717.45,708,712.55,6456
equity,INE234A01025,2023-10-20,715.8,685.5,702.5,17000
equity,INE234A01025,2023-10-23,722,685.5,689.35,21747
equity,INE234A01025,2023-10-25,698.2,668.35,672.25,11837
equity,INE234A01025,2023-10-26,672.25,672.25,672.25,
equity,INE234A01025,2023-10-27,672.25,672.25,672.25,
equity,INE234A01025,2023-10-30,672.25,672.25,672.25,
equity,INE234A01025,2023-10-31,672.25,672.25,672.25,
equity,INE234A01025,2023-11-01,672.25,672.25,672.25,
equity,INE234A01025,2023-11-02,672.25,672.25,672.25,
equity,INE234A01025,2023-11-03,672.25,672.25,672.25,
equity,INE234A01025,2023-11-06,672.25,672.25,672.25,
equity,INE234A01025,2023-11-07,672.25,672.25,672.25,
equity,INE234A01025,2023-11-08,672.25,672.25,672.25,
equity,INE234A01025,2023-11-09,672.25,672.25,672.25,
equity,INE234A01025,2023-11-10,672.25,672.25,672.25,
equity,INE234A01025,2023-11-13,672.25,672.25,672.25,
equity,INE234A01025,2023-11-15,672.25,672.25,672.25,
equity,INE234A01025,2023-11-16,672.25,672.25,672.25,
equity,INE234A01025,2023-11-17,672.25,672.25,672.25,
equity,INE234A01025,2023-11-20,672.25,672.25,672.25,
equity,INE234A01025,2023-11-21,672.25,672.25,672.25,
equity,INE234A01025,2023-11-22,672.25,672.25,672.25,
equity,INE234A01025,2023-11-23,672.25,672.25,672.25,
equity,INE234A01025,2023-11-24,672.25,672.25,672.25,
equity,INE234A01025,2023-11-28,672.25,672.25,672.25,
equity,INE234A01025,2023-11-29,672.25,672.25,672.25,
equity,INE234A01025,2023-11-30,672.25,672.25,672.25,
equity,INE234A01025,2023-12-01,672.25,672.25,672.25,
equity,INE234A01025,2023-12-04,672.25,672.25,672.25,
equity,INE234A01025,2023-12-05,672.25,672.25,672.25,
equity,INE234A01025,2023-12-06,672.25,672.25,672.25,
equity,INE234A01025,2026-04-15,672.25,672.25,672.25,
equity,INE234A01025,2026-04-16,672.25,672.25,672.25,
equity,INE234A01025,2026-04-17,672.25,672.25,672.25,
equity,INE234A01025,2026-04-20,1005.85,991,995.45,4123
equity,INE234A01025,2026-04-21,1019.95,971.2,988.9,10699
equity,INE234A01025,2026-04-22,999.95,976.1,989.85,8133
equity,INE234A01025,2026-04-23,997.35,975.55,985.45,3005
equity,INE234A01025,2026-04-24,1004,950,962,11164
equity,INE234A01025,2026-04-27,984.95,950.5,977.7,12624
equity,INE234A01025,2026-04-28,1059.9,982.25,1050.85,44741
equity,INE234A01025,2026-04-29,1056.5,1025.2,1033.05,6959
equity,INE234A01025,2026-04-30,1051.95,1009.6,1030.5,5995
equity,INE234A01025,2026-05-04,1043.2,1013,1026.3,18357
equity,INE234A01025,2026-05-05,1049,1018,1036.6,9226
equity,INE234A01025,2026-05-06,1054.2,1036.6,1050.7,8994
equity,INE234A01025,2026-05-07,1075,1046.3,1066.3,9872
equity,INE234A01025,2026-05-08,1125,1060.2,1112.5,26837
equity,INE234A01025,2026-05-11,1240,1095,1182.5,138443
equity,INE234A01025,2026-05-12,1275,1150,1263,258169
equity,INE234A01025,2026-05-13,1263.7,1188.1,1241.7,66223
equity,INE234A01025,2026-05-14,1260,1182.1,1194.3,26328
equity,INE234A01025,2026-05-15,1230.9,1200,1209.4,10377
equity,INE234A01025,2026-05-18,1224,1165.1,1181.3,17622
equity,INE234A01025,2026-05-19,1220.2,1166.3,1209.8,17228
equity,INE234A01025,2026-05-20,1348,1209,1323,82537
equity,INE234A01025,2026-05-21,1356.9,1287,1346.6,44109
equity,INE234A01025,2026-05-22,1407,1327,1365.3,56056
equity,INE234A01025,2026-05-25,1425,1322,1360.2,30346
equity,INE234A01025,2026-05-26,1455,1342.9,1415.7,61211
equity,INE234A01025,2026-05-27,1498,1412.2,1487.7,54278
equity,INE234A01025,2026-05-28,1487.7,1487.7,1487.7,
equity,INE234A01025,2026-05-29,1575,1472.1,1556.6,52927
equity,INE234A01025,2026-06-01,1589.2,1496,1509.1,23115
equity,INE234A01025,2026-06-02,1528.9,1452.1,1465.5,14088
equity,INE234A01025,2026-06-03,1449.9,1301.3,1323.1,53812
equity,INE234A01025,2026-06-04,1379,1272.1,1353,33136
equity,INE234A01025,2026-06-05,1418.6,1355,1391.1,23113
equity,INE234A01025,2026-06-08,1428,1337,1351.3,17737
equity,INE234A01025,2026-06-09,1374.8,1308.6,1331.4,10452
equity,INE234A01025,2026-06-10,1352.2,1305,1321.1,11939
equity,INE234A01025,2026-06-11,1347.5,1310,1329.7,11516
equity,INE234A01025,2026-06-12,1346,1285.5,1301.6,13186
equity,INE234A01025,2026-06-15,1329.8,1281,1294.4,15561
equity,INE234A01025,2026-06-16,1334.2,1300,1323.5,10527
equity,INE234A01025,2026-06-17,1383.5,1296,1365.6,13589
equity,INE234A01025,2026-06-18,1375.8,1320,1364.3,11042
equity,INE234A01025,2026-06-19,1395,1356.8,1388.9,13788
equity,INE234A01025,2026-06-22,1519,1388.9,1491.7,53909
equity,INE234A01025,2026-06-23,1547.7,1464.1,1472.1,17493
equity,INE234A01025,2026-06-24,1554,1438.3,1475,74128
equity,INE234A01025,2026-06-25,1493,1424.8,1434.9,31577
equity,INE234A01025,2026-06-26,1434.9,1434.9,1434.9,
equity,INE234A01025,2026-06-29,1493,1421.6,1440,6652
equity,INE234A01025,2026-06-30,1467.9,1421.1,1434.4,4650
equity,INE234A01025,2026-07-01,1450,1430,1444.4,6413
equity,INE234A01025,2026-07-02,1538.6,1440,1453.6,29615
equity,INE234A01025,2026-07-03,1489.1,1455,1469.4,9432
equity,INE234A01025,2026-07-06,1480,1440,1457.4,6058
equity,INE234A01025,2026-07-07,1482,1447.1,1457.8,4794
equity,INE234A01025,2026-07-08,1472.4,1445,1452.4,9978
equity,INE234A01025,2026-07-09,1515,1448.1,1466.3,44705
equity,INE234A01025,2026-07-10,1512,1461,1494.6,18812
equity,INE234A01025,2026-07-13,1690,1500.3,1664.8,307545
equity,INE234A01025,2026-07-14,1723,1586.1,1617.6,94029
equity,INE234A01025,2026-07-15,1647.4,1506.3,1538.6,52790
equity,INE234A01025,2026-07-16,1667.3,1539,1596.2,117659
equity,INE234A01025,2026-07-17,1596.5,1532.6,1570.1,25137
equity,INE234A01025,2026-07-20,1676.9,1552,1667.9,42789
equity,INE234A01025,2026-07-21,1713,1628.3,1701.9,51286
equity,INE234A01025,2026-07-22,1711.3,1677.5,1699.8,24406
equity,INE234A01025,2026-07-23,1780,1630.1,1673,218528
equity,INE234A01025,2026-07-24,1724,1614.4,1641.2,54369
equity,INE234A01025,2026-07-27,1689.8,1616.6,1631,17325
equity,INE234A01025,2026-07-28,1654.9,1573.5,1579.3,24509
equity,INE234A01025,2026-07-29,1622.8,1590.4,1595.9,39670
equity,INE234A01025,2026-07-30,1657.8,1569.4,1575.5,26460
equity,INE234A01025,2026-07-31,1607.4,1519,1537.1,27976
equity,INE234A01025,2026-08-03,1651.4,1540.1,1635.7,29922
equity,INE234A01025,2026-08-04,1657,1608.2,1622,11819
equity,INE234A01025,2026-08-05,1649,1605.7,1634.9,7765
equity,INE234A01025,2026-08-06,1681.6,1556,1609.7,27545
equity,INE234A01025,2026-08-07,1634.9,1589.7,1609.6,12030
equity,INE234A01025,2026-08-10,1635,1590,1607.4,8299
equity,INE234A01025,2026-08-11,1618.9,1572.1,1593.7,7968
equity,INE234A01025,2026-08-12,1630,1584.1,1591.7,9409
equity,INE234A01025,2026-08-13,1603.7,1541,1548.3,12632
equity,INE234A01025,2026-08-14,1675.1,1548.3,1582.5,16470
equity,INE234A01025,2026-08-17,1627.7,1576,1589.1,19092
equity,INE234A01025,2026-08-18,1601.9,1579,1596.5,3787
equity,INE234A01025,2026-08-19,1617,1527.1,1531.7,13069
equity,INE234A01025,2026-08-20,1574.9,1476,1482.2,16240
equity,INE234A01025,2026-08-21,1510,1402,1418.9,29213
equity,INE234A01025,2026-08-24,1543,1416.5,1502.2,23805
equity,INE234A01025,2026-08-25,1503.8,1474.2,1486.3,6845
equity,INE234A01025,2026-08-26,1500,1481,1490.1,7165
equity,INE234A01025,2026-08-27,1505,1461.2,1490.2,6478
equity,INE234A01025,2026-08-28,1494,1471.2,1486.3,4238
equity,INE234A01025,2026-08-31,1577,1480,1554.4,31457
equity,INE234A01025,2026-09-01,1620.6,1541.6,1582.1,21875
equity,INE234A01025,2026-09-02,1614,1560.2,1601.5,7814
equity,INE234A01025,2026-09-03,1620.8,1585.6,1614.1,16580
equity,INE234A01025,2026-09-04,1665,1614.9,1646.7,22436
equity,INE234A01025,2026-09-07,1699,1602.5,1639.6,73338
equity,INE234A01025,2026-09-08,1856,1640.1,1822,551700
equity,INE234A01025,2026-09-09,2186.3999,1851,2186.3999,785816
equity,INE234A01025,2026-09-10,2588.8,2232.1001,2428.2,2292871
equity,INE234A01025,2026-09-11,2550,2262.1001,2391.3,454582
equity,INE234A01025,2026-09-14,2391.3,2391.3,2391.3,
equity,INE234A01025,2026-09-15,2360.2,2153.3,2188,135595
equity,INE234A01025,2026-09-16,2178.1001,1980,1995.5,122942
equity,INE234A01025,2026-09-17,2195,2013,2082.2,153168
equity,INE234A01025,2026-09-18,2154.8999,2006,2046.8,76794
equity,INE234A01025,2026-09-21,2088,1981.9,2004.1,36483
equity,INE731F01037,2026-08-18,48.93,47.25,47.96,175909
equity,INE731F01037,2026-08-19,49.6,46.78,48.28,316504
equity,INE731F01037,2026-08-20,49.68,48,48.41,160537
equity,INE731F01037,2026-08-21,54.2,49.01,51.38,9355286
equity,INE731F01037,2026-08-24,52.4,50.9,51.59,955163
equity,INE731F01037,2026-08-25,52.4,50.4,50.8,458317
equity,INE731F01037,2026-08-26,55.6,49.75,54.71,2798818
equity,INE731F01037,2026-08-27,57.6,53.4,54.03,1948887
equity,INE731F01037,2026-08-28,55,53,53.29,370412
equity,INE731F01037,2026-08-31,53.79,52.42,52.87,246905
equity,INE731F01037,2026-09-01,53.9,50.16,50.83,685725
equity,INE731F01037,2026-09-02,53.59,50.7,53.22,612747
equity,INE731F01037,2026-09-03,57.4,53.16,56.02,2473746
equity,INE731F01037,2026-09-04,59.95,56.01,59.55,4319775
equity,INE731F01037,2026-09-07,61.99,58.5,58.99,2204084
equity,INE731F01037,2026-09-08,59.28,56.55,57.11,788167
equity,INE731F01037,2026-09-09,59.5,56.63,56.95,914578
equity,INE731F01037,2026-09-10,57.61,55.88,56.42,451059
equity,INE731F01037,2026-09-11,56.21,54.51,55.59,525139
equity,INE731F01037,2026-09-14,55.59,55.59,55.59,
equity,INE731F01037,2026-09-15,56,52.55,53.52,746478
equity,INE731F01037,2026-09-16,54.31,50.59,52.1,988521
equity,INE731F01037,2026-09-17,55.74,51.67,53.93,858565
equity,INE731F01037,2026-09-18,56.23,52.99,55.65,558795
equity,INE731F01037,2026-09-21,57.94,55,55.74,658809
equity,INE552U01010,2026-08-18,3654.8,3499.8,3532.6001,35819
equity,INE552U01010,2026-08-19,3576,3436.5,3452.3999,23949
equity,INE552U01010,2026-08-20,3708.8999,3474.7,3630.3,71712
equity,INE552U01010,2026-08-21,3634.5,3327,3361.1001,113735
equity,INE552U01010,2026-08-24,3524.1001,3350.1001,3452.2,44461
equity,INE552U01010,2026-08-25,3529.8,3350,3373.1001,45124
equity,INE552U01010,2026-08-26,3455.8,3310.1001,3326.1001,33084
equity,INE552U01010,2026-08-27,3418.8,3250,3267.1001,26045
equity,INE552U01010,2026-08-28,3338.3999,3257.7,3314.3,18523
equity,INE552U01010,2026-08-31,3337,3230.1001,3277,16351
equity,INE552U01010,2026-09-01,3447.8,3265,3390.5,34248
equity,INE552U01010,2026-09-02,3425,3324.1001,3390.1001,25588
equity,INE552U01010,2026-09-03,3445,3290.2,3351.7,21875
equity,INE552U01010,2026-09-04,3421.7,3211.1001,3285.5,49245
equity,INE552U01010,2026-09-07,3428.3,3285.6001,3411.2,22589
equity,INE552U01010,2026-09-08,3710,3442.8999,3661.3999,162467
equity,INE552U01010,2026-09-09,3798.8999,3552.5,3577,42952
equity,INE552U01010,2026-09-10,3619.8999,3464,3511.6001,18178
equity,INE552U01010,2026-09-11,3694,3422.3,3643.3,42959
equity,INE552U01010,2026-09-15,3786.3999,3392.5,3430.6001,57728
equity,INE552U01010,2026-09-16,3477.2,3137,3356,82018
equity,INE552U01010,2026-09-17,3485,3346.3,3452.1001,21503
equity,INE552U01010,2026-09-18,3564.8999,3430.1001,3471.2,28652
equity,INE552U01010,2026-09-21,3949,3447.2,3844.8999,171018
equity,INE440T01028,2026-08-18,211.36,204.51,205.69,136463
equity,INE440T01028,2026-08-19,211.99,204.13,210.93,228157
equity,INE440T01028,2026-08-20,215.6,209.1,210.81,348672
equity,INE440T01028,2026-08-21,211.5,205,205.84,329391
equity,INE440T01028,2026-08-24,211.95,203,210.15,450698
equity,INE440T01028,2026-08-25,210.33,205.1,206.93,262547
equity,INE440T01028,2026-08-26,212,206.93,211.66,213879
equity,INE440T01028,2026-08-27,214.3,206.22,208.11,329879
equity,INE440T01028,2026-08-28,210.33,205.3,206.67,76804
equity,INE440T01028,2026-08-31,206.67,200.3,203.26,204552
equity,INE440T01028,2026-09-01,202.9,198.51,200.5,311964
equity,INE440T01028,2026-09-02,205.2,196.66,201.56,644724
equity,INE440T01028,2026-09-03,209.03,201,202.34,161132
equity,INE440T01028,2026-09-04,202.34,198.5,200.76,440822
equity,INE440T01028,2026-09-07,201.32,196.9,200.17,294366
equity,INE440T01028,2026-09-08,203.89,197.1,198.59,123244
equity,INE440T01028,2026-09-09,200.01,193.06,195.28,205180
equity,INE440T01028,2026-09-10,197.73,189.94,195.02,213881
equity,INE440T01028,2026-09-11,196.68,191,192.68,123748
equity,INE440T01028,2026-09-14,192.68,192.68,192.68,
equity,INE440T01028,2026-09-15,195,188.3,190.09,382765
equity,INE440T01028,2026-09-16,193.43,178.4,189.33,377063
equity,INE440T01028,2026-09-17,194.1,186,193.07,91703
equity,INE440T01028,2026-09-18,195.24,188.05,192.19,257466
equity,INE440T01028,2026-09-21,192.18,183.01,184.79,271525
equity,INE314H01012,2026-08-18,5122.2002,4792.8999,5014.3999,688
equity,INE314H01012,2026-08-19,5262.5,4800,5083.7998,853
equity,INE314H01012,2026-08-20,5100,4950,4973.5,303
equity,INE314H01012,2026-08-21,5082.8999,4915,4932,216
equity,INE314H01012,2026-08-24,5035,4880,4907.1001,504
equity,INE314H01012,2026-08-25,4990,4672.8999,4885,240
equity,INE314H01012,2026-08-26,5129.2002,4929,5129.2002,768
equity,INE314H01012,2026-08-27,5291.6001,4911,5117.8999,238
equity,INE314H01012,2026-08-28,5373.7002,5018.8999,5373.7002,619
equity,INE314H01012,2026-08-31,5550,5105.1001,5249.6001,521
equity,INE314H01012,2026-09-01,5399.5,5230,5282,141
equity,INE314H01012,2026-09-02,5237.5,5020.5,5112,181
equity,INE314H01012,2026-09-03,5197.5,5025,5136.5,93
equity,INE314H01012,2026-09-04,5135,4880,4917.5,1147
equity,INE314H01012,2026-09-07,4918.5,4710.5,4792.5,537
equity,INE314H01012,2026-09-08,4956,4680,4797.5,314
equity,INE314H01012,2026-09-09,4950,4636,4928.5,156
equity,INE314H01012,2026-09-10,4950,4682.5,4808,135
equity,INE314H01012,2026-09-11,4800.5,4766,4788,145
equity,INE314H01012,2026-09-15,4874,4549,4591.5,744
equity,INE314H01012,2026-09-16,4480.5,4362,4362,185
equity,INE314H01012,2026-09-17,4576,4144,4144,378
equity,INE314H01012,2026-09-18,4351,3941,4349,752
equity,INE314H01012,2026-09-21,4494.5,4132,4154.5,611
equity,INE579B01039,2026-04-22,107,102,105.35,42396
equity,INE579B01039,2026-04-23,108.5,102.07,107.51,156963
equity,INE579B01039,2026-04-24,110.9,105.6,108.63,127127
equity,INE579B01039,2026-04-27,117.1,107.41,114.14,114295
equity,INE579B01039,2026-04-28,117,111,112.47,91504
equity,INE579B01039,2026-04-29,111.58,105.22,109.86,266115
equity,INE579B01039,2026-04-30,109.22,106.26,108.19,85848
equity,INE579B01039,2026-05-04,124.88,117.18,120.21,595237
equity,INE579B01039,2026-05-05,123.77,118.41,122.09,142292
equity,INE579B01039,2026-05-06,125.56,119.11,123.56,280864
equity,INE579B01039,2026-05-07,129.71,124,128,555703
equity,INE579B01039,2026-05-08,151,126.11,143.96,1533256
equity,INE579B01039,2026-05-11,170.7,160.08,165.3,2362879
equity,INE579B01039,2026-05-12,167.13,163,165.99,242525
equity,INE579B01039,2026-05-13,168.01,163,166.21,140443
equity,INE579B01039,2026-05-14,167.9,164,164.16,125287
equity,INE579B01039,2026-05-15,165.6,162,164.83,127585
equity,INE579B01039,2026-05-18,165,162.8,164.59,92500
equity,INE579B01039,2026-05-19,165,163.15,164.66,126687
equity,INE579B01039,2026-05-20,165.4,163.69,164.93,97532
equity,INE579B01039,2026-05-21,166,164.05,165.51,45917
equity,INE579B01039,2026-05-22,174.3,164.7,172.3,137813
equity,INE579B01039,2026-05-25,177.5,162.5,166.65,138009
equity,INE579B01039,2026-05-26,167.6,164.01,166,39277
equity,INE579B01039,2026-05-27,168.9,164.7,166.02,51874
equity,INE579B01039,2026-05-28,166.02,166.02,166.02,
equity,INE579B01039,2026-05-29,166.89,159.87,166.04,49898
equity,INE579B01039,2026-06-01,168.7,165,166.98,70507
equity,INE579B01039,2026-06-02,168.8,166.82,167.65,33941
equity,INE579B01039,2026-06-03,169,167.01,168.1,40659
equity,INE579B01039,2026-06-04,171.01,167.5,167.89,32459
equity,INE579B01039,2026-06-05,170.01,167,167.74,42908
equity,INE579B01039,2026-06-08,170.5,166,166.77,66830
equity,INE579B01039,2026-06-09,167.51,166,166.77,37893
equity,INE579B01039,2026-06-10,167.7,166,166.05,35776
equity,INE579B01039,2026-06-11,167.95,166,166.71,30919
equity,INE579B01039,2026-06-12,171,166.74,168.81,67212
equity,INE579B01039,2026-06-15,172.29,168.4,169.1,53550
equity,INE579B01039,2026-06-16,171,168.42,169.55,59204
equity,INE579B01039,2026-06-17,170.99,168.28,169.49,33540
equity,INE579B01039,2026-06-18,170.88,168.5,170.28,34180
equity,INE579B01039,2026-06-19,172.27,170,170.94,20201
equity,INE579B01039,2026-06-22,172.21,170.02,171.75,42796
equity,INE579B01039,2026-06-23,173,171.2,172.47,70217
equity,INE579B01039,2026-06-24,173,171.05,172.1,31742
equity,INE579B01039,2026-06-25,172.99,171.19,172.19,30910
equity,INE579B01039,2026-06-26,172.19,172.19,172.19,
equity,INE579B01039,2026-06-29,172.5,167.8,171.74,46061
equity,INE579B01039,2026-06-30,174,171.5,172.42,87707
equity,INE579B01039,2026-07-01,174.4,172,172.48,48102
equity,INE579B01039,2026-07-02,173.24,171.02,172.63,43080
equity,INE579B01039,2026-07-03,173.9,172.8,173.51,128168
equity,INE579B01039,2026-07-06,174,173.5,173.61,35758
equity,INE579B01039,2026-07-07,174.5,173.75,173.91,24013
equity,INE579B01039,2026-07-08,176.4,173.5,173.63,31127
equity,INE579B01039,2026-07-09,174.29,167.26,173.97,33269
equity,INE579B01039,2026-07-10,174.4,173.5,174,49161
equity,INE579B01039,2026-07-13,174.4,173.5,173.81,57110
equity,INE579B01039,2026-07-14,174.4,171.2,174.15,18314
equity,INE579B01039,2026-07-15,176.37,172.2,173.52,43516
equity,INE579B01039,2026-07-16,175.15,173.64,174.97,23184
equity,INE579B01039,2026-07-17,176.29,171.1,174.63,27176
equity,INE579B01039,2026-07-20,175.35,174,174.86,7708
equity,INE579B01039,2026-07-21,175.39,174.25,174.49,23357
equity,INE579B01039,2026-07-22,175.5,174.5,174.55,24741
equity,INE579B01039,2026-07-23,175.5,174.5,175.02,32259
equity,INE579B01039,2026-07-24,177.2,174.5,176.52,74371
equity,INE579B01039,2026-07-27,178.5,174.5,177.89,189067
equity,INE579B01039,2026-07-28,178.4,175.79,177.18,109052
equity,INE579B01039,2026-07-29,177.98,176.31,176.97,83896
equity,INE579B01039,2026-07-30,177.49,173.1,177.01,115820
equity,INE579B01039,2026-07-31,177.45,176,177,59183
equity,INE579B01039,2026-08-03,179,176.51,178.37,68128
equity,INE579B01039,2026-08-04,179.8,178,178.9,67359
equity,INE579B01039,2026-08-05,179.19,178,178.58,156248
equity,INE579B01039,2026-08-06,178.58,177.01,177.98,76236
equity,INE579B01039,2026-08-07,180.89,178.05,180.06,531761
equity,INE579B01039,2026-08-10,179,172.17,175.53,92990
equity,INE579B01039,2026-08-11,175.96,170.01,174.84,28030
equity,INE579B01039,2026-08-12,178,174,174.49,34121
equity,INE579B01039,2026-08-13,175.4,171.8,174.73,31907
equity,INE579B01039,2026-08-14,175.62,174.02,174.85,6400
equity,INE579B01039,2026-08-17,180,175,175.32,25915
equity,INE579B01039,2026-08-18,179.75,175.1,175.58,13682
equity,INE579B01039,2026-08-19,176.92,175,175.1,35363
equity,INE579B01039,2026-08-20,176.8,175,176.44,33053
equity,INE579B01039,2026-08-21,177,175.08,175.47,18447
equity,INE579B01039,2026-08-24,176.39,175,175.13,12806
equity,INE579B01039,2026-08-25,176.19,173.98,174.51,16979
equity,INE579B01039,2026-08-26,176.26,174,174.6,10307
equity,INE579B01039,2026-08-27,174.9,173,173.21,7299
equity,INE579B01039,2026-08-28,175.87,174.29,174.71,7211
equity,INE579B01039,2026-08-31,176,173.7,173.97,21712
equity,INE579B01039,2026-09-01,176.13,173.73,175.01,9627
equity,INE579B01039,2026-09-02,175.48,173.62,173.86,17302
equity,INE579B01039,2026-09-03,175.4,172.06,174.44,57329
equity,INE579B01039,2026-09-04,174.94,173.58,174,3631
equity,INE579B01039,2026-09-07,177.58,174.41,175.05,10857
equity,INE579B01039,2026-09-08,177.95,174.01,174.17,4832
equity,INE579B01039,2026-09-09,176,174.17,174.87,5075
equity,INE579B01039,2026-09-10,175.8,173.45,173.76,11047
equity,INE579B01039,2026-09-11,174.74,172.8,173.24,10781
equity,INE579B01039,2026-09-15,174.89,171.9,172.85,17260
equity,INE579B01039,2026-09-16,174.5,173.5,173.51,7268
equity,INE579B01039,2026-09-17,174.11,173.01,173.26,1210
equity,INE579B01039,2026-09-18,174.58,170.97,172.53,15621
equity,INE579B01039,2026-09-21,175,170.1,171.4,12983
equity,INE934C01018,2026-08-18,5400,5225,5321,612
equity,INE934C01018,2026-08-19,5409.5,5226,5327.5,1590
equity,INE934C01018,2026-08-20,5333.5,5278,5307,606
equity,INE934C01018,2026-08-21,5405,5262.5,5395,1163
equity,INE934C01018,2026-08-24,5400,5296,5373.5,654
equity,INE934C01018,2026-08-25,5386.5,5205,5328.5,649
equity,INE934C01018,2026-08-26,5375,5205.5,5246,1726
equity,INE934C01018,2026-08-27,5324,5151,5176.5,1492
equity,INE934C01018,2026-08-28,5275,5175.5,5245.5,780
equity,INE934C01018,2026-08-31,5299,5245.5,5266,1718
equity,INE934C01018,2026-09-01,5321,5255,5309.5,501
equity,INE934C01018,2026-09-02,5489.5,5260.5,5420,2319
equity,INE934C01018,2026-09-03,5500,5303,5339,1168
equity,INE934C01018,2026-09-04,5474,5302,5422.5,954
equity,INE934C01018,2026-09-07,5494.5,5280,5323.5,2556
equity,INE934C01018,2026-09-08,5351,5236,5267.5,898
equity,INE934C01018,2026-09-09,5300.5,5223,5241.5,644
equity,INE934C01018,2026-09-10,5348,5266.5,5306,2708
equity,INE934C01018,2026-09-11,5350.5,5252,5306.5,976
equity,INE934C01018,2026-09-15,5420,5105.5,5137,1747
equity,INE934C01018,2026-09-16,5325,5104,5269.5,3151
equity,INE934C01018,2026-09-17,5395,5251,5255,731
equity,INE934C01018,2026-09-18,5380,5251,5371.5,708
equity,INE934C01018,2026-09-21,5400,5221,5280.5,9326
equity,INE415B01044,2026-03-13,152,137,138.54,907069
equity,INE415B01044,2026-03-16,141.89,132.25,133.24,491325
equity,INE415B01044,2026-03-17,139.59,131.51,133.15,650866
equity,INE415B01044,2026-03-18,142.5,132.76,137.95,501163
equity,INE415B01044,2026-03-19,139.99,131.25,133.2,362360
equity,INE415B01044,2026-03-20,138.99,132.5,133.97,479939
equity,INE415B01044,2026-03-23,134.85,124.02,125.87,413760
equity,INE415B01044,2026-03-24,138.25,128.76,131.99,931519
equity,INE415B01044,2026-03-25,144.12,131.52,136.31,1431837
equity,INE415B01044,2026-03-27,138.79,130.5,132.12,819301
equity,INE415B01044,2026-03-30,134.85,120,122.97,1170283
equity,INE415B01044,2026-04-01,137.89,124.15,133.82,917242
equity,INE415B01044,2026-04-02,138.34,131.51,135.87,652660
equity,INE415B01044,2026-04-06,144.46,135.53,140.32,2089622
equity,INE415B01044,2026-04-07,141.95,134.01,136.34,2174023
equity,INE415B01044,2026-04-08,144.35,138,139.63,1987753
equity,INE415B01044,2026-04-09,143.7,136.25,137.24,1076971
equity,INE415B01044,2026-04-10,141.75,135.5,136.99,2665904
equity,INE415B01044,2026-04-13,154,135.5,150.99,1728231
equity,INE415B01044,2026-04-15,161.99,152,157.1,1479421
equity,INE415B01044,2026-04-16,162.68,155.32,159.05,1299910
equity,INE415B01044,2026-04-17,168.9,159.5,167.21,2695112
equity,INE415B01044,2026-04-20,173,162.5,164.1,2041915
equity,INE415B01044,2026-04-21,166.9,160.57,161.25,1352797
equity,INE415B01044,2026-04-22,170.66,161,165.4,1408413
equity,INE415B01044,2026-04-23,171,165.47,168.59,2743464
equity,INE415B01044,2026-04-24,172.01,160.1,161.04,340347
equity,INE415B01044,2026-04-27,166,161.3,162.75,2390259
equity,INE415B01044,2026-04-28,164.48,155.51,156.91,1240892
equity,INE415B01044,2026-04-29,164.9,157.6,163.53,1874550
equity,INE415B01044,2026-04-30,164.76,152.5,154.2,881467
equity,INE415B01044,2026-05-01,154.2,154.2,154.2,
equity,INE415B01044,2026-05-04,165.09,155.3,160.72,2333441
equity,INE415B01044,2026-05-05,165.86,156.3,157.22,2679070
equity,INE415B01044,2026-05-06,161.8,152.66,154.89,3270856
equity,INE415B01044,2026-05-07,175.4,154.5,170.76,5379178
equity,INE415B01044,2026-05-08,175,160,160.59,3370643
equity,INE415B01044,2026-05-11,161.85,151.49,152.23,555883
equity,INE415B01044,2026-05-12,155.4,143.66,144.74,1597616
equity,INE415B01044,2026-05-13,149.5,143.35,144.86,2515596
equity,INE415B01044,2026-05-14,149,141.55,142.86,1980099
equity,INE415B01044,2026-05-15,147.88,139.22,143.08,943848
equity,INE415B01044,2026-05-18,144.7,140.15,140.51,2021309
equity,INE415B01044,2026-05-19,147.71,140.95,145.8,4702918
equity,INE415B01044,2026-05-20,153.63,143.25,150.8,1088566
equity,INE415B01044,2026-05-21,155.9,151.25,151.81,1308820
equity,INE415B01044,2026-05-22,157,148.11,151.6,2712145
equity,INE415B01044,2026-05-25,157.99,151,151.57,1146724
equity,INE415B01044,2026-05-26,152.6,148.3,149.32,537793
equity,INE415B01044,2026-05-27,155.2,149,150.28,1647954
equity,INE415B01044,2026-05-28,150.28,150.28,150.28,
equity,INE415B01044,2026-05-29,152.98,141.92,143.03,1062677
equity,INE415B01044,2026-06-01,146.8,133,134.14,2847923
equity,INE415B01044,2026-06-02,144.73,132.09,141.61,1824653
equity,INE415B01044,2026-06-03,142.63,130.11,131.25,1489056
equity,INE415B01044,2026-06-04,140.7,129.5,131.53,3238846
equity,INE415B01044,2026-06-05,137.3,128.44,128.92,3205083
equity,INE415B01044,2026-06-08,129.49,118.8,120.4,2320675
equity,INE415B01044,2026-06-09,136.94,121.4,123.16,8894268
equity,INE415B01044,2026-06-10,125.4,118.6,119.91,2302402
equity,INE415B01044,2026-06-11,122.3,109.25,111.09,3245791
equity,INE415B01044,2026-06-12,123.89,113.5,117.46,6018544
equity,INE415B01044,2026-06-15,121,110.4,112.36,1941096
equity,INE415B01044,2026-06-16,115.9,110,114.6,1884172
equity,INE415B01044,2026-06-17,119.4,114.99,117.65,1329786
equity,INE415B01044,2026-06-18,119,116.33,117.48,769610
equity,INE415B01044,2026-06-19,118.64,116.41,116.99,847213
equity,INE415B01044,2026-06-22,123,117.32,120.83,1415810
equity,INE415B01044,2026-06-23,122.48,118,119.07,700009
equity,INE415B01044,2026-06-24,121.55,115.85,117.14,833142
equity,INE415B01044,2026-06-25,117.9,110.55,112.44,991637
equity,INE415B01044,2026-06-26,112.44,112.44,112.44,
equity,INE415B01044,2026-06-29,114.64,110.7,111.7,809608
equity,INE415B01044,2026-06-30,119.77,112.1,113.28,1365516
equity,INE415B01044,2026-07-01,116,113.3,114.45,825760
equity,INE415B01044,2026-07-02,116.98,113.8,114.26,597992
equity,INE415B01044,2026-07-03,115.8,112.64,113.62,673928
equity,INE415B01044,2026-07-06,116.5,112.3,112.95,539451
equity,INE415B01044,2026-07-07,114.62,111.75,112.7,581491
equity,INE415B01044,2026-07-08,113.4,104.16,105.64,872300
equity,INE415B01044,2026-07-09,118.8,107.7,116.8,3999130
equity,INE415B01044,2026-07-10,125.81,116.83,118.86,2675920
equity,INE415B01044,2026-07-13,123.76,117.6,119.51,1099798
equity,INE415B01044,2026-07-14,119.84,111.99,113.19,937208
equity,INE415B01044,2026-07-15,118.18,112.5,113.04,751744
equity,INE415B01044,2026-07-16,114.6,110.95,111.39,601964
equity,INE415B01044,2026-07-17,113.85,110.82,112.78,658241
equity,INE415B01044,2026-07-20,115.25,112.5,113.07,599774
equity,INE415B01044,2026-07-21,119.99,112.93,117.2,2456411
equity,INE415B01044,2026-07-22,119.49,113.5,114.49,2034039
equity,INE415B01044,2026-07-23,119.98,112.11,113.27,2639598
equity,INE415B01044,2026-07-24,114.18,109.11,109.92,2244547
equity,INE415B01044,2026-07-27,113.99,110.5,111.86,1816057
equity,INE415B01044,2026-07-28,113.54,108.66,109.48,2817779
equity,INE415B01044,2026-07-29,114,109.44,109.73,1522590
equity,INE415B01044,2026-07-30,111.2,108.36,109.4,2181482
equity,INE415B01044,2026-07-31,111.84,109.55,110.04,688691
equity,INE415B01044,2026-08-03,113.49,109.35,110.45,2317039
equity,INE415B01044,2026-08-04,111,107.5,108.15,1923406
equity,INE415B01044,2026-08-05,113.49,107.25,107.9,1530835
equity,INE415B01044,2026-08-06,110.15,106.9,107.82,1761268
equity,INE415B01044,2026-08-07,108.68,101.15,103.97,2174787
equity,INE415B01044,2026-08-10,109.8,102.56,103.45,1553131
equity,INE415B01044,2026-08-11,105.44,101.48,102.19,1001958
equity,INE415B01044,2026-08-12,104.76,100.25,103.16,1976838
equity,INE415B01044,2026-08-13,105.85,101.74,102.58,2493901
equity,INE415B01044,2026-08-14,109.9,101.75,104.52,3581844
equity,INE415B01044,2026-08-17,106.78,103.55,104.8,803250
equity,INE415B01044,2026-08-18,105.65,102,102.31,1330099
equity,INE415B01044,2026-08-19,111.6,102.31,108.37,4951490
equity,INE415B01044,2026-08-20,113.4,107.55,112.15,5140606
equity,INE415B01044,2026-08-21,120.33,111.6,119.56,4022032
equity,INE415B01044,2026-08-24,124.98,119.51,120.97,1358438
equity,INE415B01044,2026-08-25,124.99,120.02,123.4,4140791
equity,INE415B01044,2026-08-26,124.9,121.4,123.58,1040813
equity,INE415B01044,2026-08-27,127.94,122.39,125.54,5656610
equity,INE415B01044,2026-08-28,136.5,125.3,133.17,4963629
equity,INE415B01044,2026-08-31,135.78,129.3,130.26,2858394
equity,INE415B01044,2026-09-01,131.19,122.01,123.99,5620598
equity,INE415B01044,2026-09-02,126,120.56,122.84,2909043
equity,INE415B01044,2026-09-03,127.5,120.24,125.53,3153131
equity,INE415B01044,2026-09-04,140.73,125.3,137.56,12724657
equity,INE415B01044,2026-09-07,144.28,127.92,128.83,4849194
equity,INE415B01044,2026-09-08,133.89,128.5,131.07,4113139
equity,INE415B01044,2026-09-09,135.8,129.25,135.08,2107683
equity,INE415B01044,2026-09-10,141.76,125.01,125.38,6404815
equity,INE415B01044,2026-09-11,128.4,122.46,127.24,1265195
equity,INE415B01044,2026-09-14,127.24,127.24,127.24,
equity,INE415B01044,2026-09-15,129,121,121.3,2630119
equity,INE415B01044,2026-09-16,124.79,119.71,121.54,2019696
equity,INE415B01044,2026-09-17,127.95,121.01,121.67,1499002
equity,INE415B01044,2026-09-18,132.58,121.76,128.62,5689077
equity,INE415B01044,2026-09-21,134,125.91,127.33,1829501
equity,INE551C01044,2026-08-14,43.3922,40.0528,41.4126,1113804
equity,INE551C01044,2026-08-17,44.3821,41.3926,41.4326,1136748
equity,INE551C01044,2026-08-18,42.7723,41.5026,41.5426,1250990
equity,INE551C01044,2026-08-19,43.1323,41.5026,42.6624,889499
equity,INE551C01044,2026-08-20,45.7718,42.8823,43.3223,416182
equity,INE551C01044,2026-08-21,44.492,42.5924,44.0521,1048348
equity,INE551C01044,2026-08-24,45.2419,44.0321,44.0621,694253
equity,INE551C01044,2026-08-25,44.932,44.0621,44.0721,1374828
equity,INE551C01044,2026-08-26,46.1517,44.0821,44.1721,2435650
equity,INE551C01044,2026-08-27,45.3319,44.1921,44.2121,1003469
equity,INE551C01044,2026-08-28,45.3219,44.2421,44.2721,901483
equity,INE551C01044,2026-08-31,46.9816,44.2821,44.3821,1624555
equity,INE551C01044,2026-09-01,46.3917,44.3321,44.4221,1832377
equity,INE551C01044,2026-09-02,47.2316,44.512,46.7816,2933344
equity,INE551C01044,2026-09-03,54.8902,47.0916,51.9207,8949935
equity,INE551C01044,2026-09-04,55.5301,51.6508,51.9207,4036493
equity,INE551C01044,2026-09-07,53.5804,51.9207,53.0605,1887833
equity,INE551C01044,2026-09-08,55.99,52.2007,54.1003,6791172
equity,INE551C01044,2026-09-09,57.4297,54.1603,56.09,2827806
equity,INE551C01044,2026-09-10,58.1896,53.9004,53.9604,4087812
equity,INE551C01044,2026-09-11,55.5901,53.7404,53.9304,1577298
equity,INE551C01044,2026-09-14,53.9304,53.9304,53.9304,
equity,INE551C01044,2026-09-15,56.19,54.0503,55.2601,2366428
equity,INE551C01044,2026-09-16,56.2399,52.3206,54.5902,2286024
equity,INE551C01044,2026-09-17,55.78,54.0503,54.2303,2008697
equity,INE551C01044,2026-09-18,57.8796,54.2803,55.92,3423614
equity,INE551C01044,2026-09-21,56.49,55,55.33,635277
equity,INE879K01018,2026-08-18,146,141,141.97,217294
equity,INE879K01018,2026-08-19,142.56,136,136.95,132475
equity,INE879K01018,2026-08-20,139.79,136,136.94,116875
equity,INE879K01018,2026-08-21,143.07,138.98,141.65,118525
equity,INE879K01018,2026-08-24,144.78,138.62,139.25,123570
equity,INE879K01018,2026-08-25,141.6,137.5,140.22,72174
equity,INE879K01018,2026-08-26,141.59,137.82,138.91,75596
equity,INE879K01018,2026-08-27,140.6,136.01,138.18,54285
equity,INE879K01018,2026-08-28,139.58,136.62,138.05,82093
equity,INE879K01018,2026-08-31,140.57,133.06,135.52,125433
equity,INE879K01018,2026-09-01,137.4,132.11,133.32,85988
equity,INE879K01018,2026-09-02,134.9,131.45,133.19,62555
equity,INE879K01018,2026-09-03,139,133.35,138,75512
equity,INE879K01018,2026-09-04,141.58,136.5,138.24,94440
equity,INE879K01018,2026-09-07,140.4,135,135.73,70725
equity,INE879K01018,2026-09-08,138.59,134.61,137.59,73643
equity,INE879K01018,2026-09-09,139.2,135,138.25,71949
equity,INE879K01018,2026-09-10,139.99,136.5,137.45,85875
equity,INE879K01018,2026-09-11,139.31,134.75,138.47,161203
equity,INE879K01018,2026-09-14,138.47,138.47,138.47,
equity,INE879K01018,2026-09-15,138.56,132,132.8,108615
equity,INE879K01018,2026-09-16,154,128.48,146.93,9088731
equity,INE879K01018,2026-09-17,160.39,144.47,156.74,5686607
equity,INE879K01018,2026-09-18,158.33,148,150.26,467949
equity,INE879K01018,2026-09-21,163.25,152.72,160.45,1236500
equity,INE338F01015,2026-08-18,374.4,346,362.75,383012
equity,INE338F01015,2026-08-19,369.65,356.55,363.5,228643
equity,INE338F01015,2026-08-20,366.95,354.05,357.65,175275
equity,INE338F01015,2026-08-21,408.6,361.7,397.4,3833782
equity,INE338F01015,2026-08-24,409.7,388,398.35,449174
equity,INE338F01015,2026-08-25,400,389.05,393.9,188822
equity,INE338F01015,2026-08-26,410,391.8,394.9,431682
equity,INE338F01015,2026-08-27,399,389,390.9,97542
equity,INE338F01015,2026-08-28,427,394.8,421,605979
equity,INE338F01015,2026-08-31,434.4,417.55,428.55,556586
equity,INE338F01015,2026-09-01,432.75,420,424.25,101876
equity,INE338F01015,2026-09-02,448.4,410,443.25,450114
equity,INE338F01015,2026-09-03,464,450,453.25,386969
equity,INE338F01015,2026-09-04,474,452.5,467.85,303427
equity,INE338F01015,2026-09-07,476,456.3,461.2,278310
equity,INE338F01015,2026-09-08,463.45,450.05,459.7,189596
equity,INE338F01015,2026-09-09,479,450.25,466.4,326009
equity,INE338F01015,2026-09-10,490.45,465.05,477.4,381171
equity,INE338F01015,2026-09-11,490,465.7,486.95,237994
equity,INE338F01015,2026-09-15,483.5,457.8,466,216254
equity,INE338F01015,2026-09-16,469.05,448,462.65,181219
equity,INE338F01015,2026-09-17,470.45,457.05,460.1,73999
equity,INE338F01015,2026-09-18,474.5,455,471,93229
equity,INE338F01015,2026-09-21,475,456.5,460,352527
equity,INE927X01018,2026-04-20,136968.8938,130670.3242,133749.125,30
equity,INE927X01018,2026-04-21,133669.5937,124971.6161,128165.7891,91
equity,INE927X01018,2026-04-22,131170.1586,125171.6148,126124.3516,34
equity,INE927X01018,2026-04-23,126950.1607,124171.8388,124596.9453,12
equity,INE927X01018,2026-04-24,125566.4794,122105.0625,124271.7734,37
equity,INE927X01018,2026-04-27,126471.3194,125080.6353,125641.7109,11
equity,INE927X01018,2026-04-28,129970.4741,123082.5858,126211.3281,21
equity,INE927X01018,2026-04-29,128888.0742,124662.331,125534.7344,18
equity,INE927X01018,2026-04-30,126171.3369,123972.8364,124972.1094,10
equity,INE927X01018,2026-05-04,125741.439,122132.2588,123546.9375,17
equity,INE927X01018,2026-05-05,124571.7056,122272.2278,123756.8906,12
equity,INE927X01018,2026-05-06,125066.593,122572.1596,124581.7031,25
equity,INE927X01018,2026-05-07,125971.3889,123177.0235,124071.8203,17
equity,INE927X01018,2026-05-08,124071.8161,122742.1182,123571.9297,7
equity,INE927X01018,2026-05-11,124171.7986,122972.0711,123182.0234,15
equity,INE927X01018,2026-05-12,124271.775,119472.8649,120047.7344,24
equity,INE927X01018,2026-05-13,121972.2958,117978.203,120247.6875,19
equity,INE927X01018,2026-05-14,121272.4504,117973.1999,120297.6719,11
equity,INE927X01018,2026-05-15,120297.6789,118228.1489,118643.0547,6
equity,INE927X01018,2026-05-18,119972.7517,116773.4783,118673.0469,15
equity,INE927X01018,2026-05-19,118668.0462,115988.6547,116463.5469,12
equity,INE927X01018,2026-05-20,118473.0893,115533.7569,118178.1563,14
equity,INE927X01018,2026-05-21,121972.2938,118278.1329,119172.9297,10
equity,INE927X01018,2026-05-22,122472.1843,119172.9336,120772.5703,7
equity,INE927X01018,2026-05-25,123971.8367,119972.7452,122462.1797,21
equity,INE927X01018,2026-05-26,124911.6274,119972.7493,120072.7266,25
equity,INE927X01018,2026-05-27,121972.2935,119962.75,119962.75,9
equity,INE927X01018,2026-05-29,121972.2919,117943.2072,118992.9688,19
equity,INE927X01018,2026-06-01,121967.2942,117988.198,118688.0391,26
equity,INE927X01018,2026-06-02,121457.4081,116558.521,117923.2109,33
equity,INE927X01018,2026-06-03,117523.3048,116973.4297,116973.4297,5
equity,INE927X01018,2026-06-04,118967.9773,116273.5893,118008.1953,9
equity,INE927X01018,2026-06-05,118872.9987,111644.6406,117973.2031,10
equity,INE927X01018,2026-06-08,118073.1767,115023.8694,116443.5469,13
equity,INE927X01018,2026-06-09,117748.2567,115278.8176,117468.3203,11
equity,INE927X01018,2026-06-10,117468.3182,116968.4318,117218.375,8
equity,INE927X01018,2026-06-11,117373.3388,114119.078,114943.8906,11
equity,INE927X01018,2026-06-12,117153.3888,115178.8373,116973.4297,7
equity,INE927X01018,2026-06-15,118773.0179,116973.4267,117923.2109,19
equity,INE927X01018,2026-06-16,118743.0268,116493.5378,118173.1563,5
equity,INE927X01018,2026-06-17,118543.0765,116473.5465,118123.1719,19
equity,INE927X01018,2026-06-18,118773.0214,116478.5425,117663.2734,11
equity,INE927X01018,2026-06-19,116973.4291,116473.5426,116523.5313,12
equity,INE927X01018,2026-06-22,118338.1187,116523.5309,116728.4844,9
equity,INE927X01018,2026-06-23,118423.0988,115278.813,116278.5859,51
equity,INE927X01018,2026-06-24,116463.5474,113004.3331,116018.6484,12
equity,INE927X01018,2026-06-25,115948.6641,114508.9911,115948.6641,5
equity,INE927X01018,2026-06-29,114978.8848,113474.2266,113474.2266,6
equity,INE927X01018,2026-06-30,113874.1357,111974.5672,113474.2266,9
equity,INE927X01018,2026-07-01,114039.0946,113474.2229,113974.1094,6
equity,INE927X01018,2026-07-02,116953.4348,113934.1206,113949.1172,8
equity,INE927X01018,2026-07-03,114973.8822,113959.1127,114523.9844,5
equity,INE927X01018,2026-07-06,114873.9081,112659.4111,113334.2578,8
equity,INE927X01018,2026-07-07,113474.2266,113474.2266,113474.2266,2
equity,INE927X01018,2026-07-08,116173.6109,112999.3319,113979.1094,14
equity,INE927X01018,2026-07-09,115618.7352,112974.3359,112974.3359,8
equity,INE927X01018,2026-07-10,115618.7403,112029.5554,112514.4453,21
equity,INE927X01018,2026-07-13,114503.9934,106975.7033,113959.1172,20
equity,INE927X01018,2026-07-14,114528.9836,112049.5469,112049.5469,5
equity,INE927X01018,2026-07-15,113924.1209,110974.7908,111429.6875,17
equity,INE927X01018,2026-07-16,112549.432,111124.7557,111149.75,6
equity,INE927X01018,2026-07-17,112539.4338,112374.4713,112454.4531,2
equity,INE927X01018,2026-07-20,112474.4546,110869.8191,111999.5625,13
equity,INE927X01018,2026-07-21,111074.7734,110869.82,111074.7734,9
equity,INE927X01018,2026-07-22,111259.7317,108975.2505,109975.0234,5
equity,INE927X01018,2026-07-23,111474.6821,110075,110075,17
equity,INE927X01018,2026-07-24,111000,109500,109500,8
equity,INE927X01018,2026-07-27,112000,105505,110725,11
equity,INE927X01018,2026-07-28,112000,108730,110900,8
equity,INE927X01018,2026-07-29,112000,109000,112000,12
equity,INE927X01018,2026-07-30,112000,110200,110200,5
equity,INE927X01018,2026-07-31,111900,110095,111000,12
equity,INE927X01018,2026-08-03,112995,110600,111750,18
equity,INE927X01018,2026-08-04,112300,106560,110915,30
equity,INE927X01018,2026-08-05,113100,109005,112860,25
equity,INE927X01018,2026-08-06,114480,111010,112400,67
equity,INE927X01018,2026-08-07,113255,110155,112260,8
equity,INE927X01018,2026-08-10,112980,109190,111515,19
equity,INE927X01018,2026-08-11,112300,109105,112150,19
equity,INE927X01018,2026-08-12,113000,109160,112500,25
equity,INE927X01018,2026-08-13,112800,110100,110350,7
equity,INE927X01018,2026-08-14,112115,108815,110390,19
equity,INE927X01018,2026-08-17,112500,109550,110895,19
equity,INE927X01018,2026-08-18,110995,110000,110000,5
equity,INE927X01018,2026-08-19,110000,108150,108465,17
equity,INE927X01018,2026-08-20,109100,109000,109000,4
equity,INE927X01018,2026-08-21,109100,109000,109005,8
equity,INE927X01018,2026-08-24,109000,108320,108320,4
equity,INE927X01018,2026-08-25,109000,107000,109000,23
equity,INE927X01018,2026-08-26,109985,109000,109000,9
equity,INE927X01018,2026-08-27,109800,108450,109130,4
equity,INE927X01018,2026-08-28,109900,106000,109000,5
equity,INE927X01018,2026-08-31,109000,106250,107300,5
equity,INE927X01018,2026-09-01,108990,106055,106700,6
equity,INE927X01018,2026-09-02,107000,106170,107000,3
equity,INE927X01018,2026-09-03,107450,105500,106500,4
equity,INE927X01018,2026-09-04,109880,107400,107590,12
equity,INE927X01018,2026-09-07,109995,107500,108950,8
equity,INE927X01018,2026-09-08,108915,106500,106500,2
equity,INE927X01018,2026-09-09,108495,105340,108000,21
equity,INE927X01018,2026-09-10,107995,105590,106400,14
equity,INE927X01018,2026-09-11,107000,105000,106850,6
equity,INE927X01018,2026-09-15,105500,102210,102210,11
equity,INE927X01018,2026-09-16,108500,105305,107120,24
equity,INE927X01018,2026-09-17,108985,104825,106270,14
equity,INE927X01018,2026-09-18,109735,103820,105130,13
equity,INE927X01018,2026-09-21,106610,105200,105870,7
equity,INE438E01032,2026-08-18,1078.9,1025.2,1030.1,26842
equity,INE438E01032,2026-08-19,1070,1030,1035.1,22642
equity,INE438E01032,2026-08-20,1047.6,990,999.8,58658
equity,INE438E01032,2026-08-21,1038,990.1,1002.7,22844
equity,INE438E01032,2026-08-24,1050.1,1003,1036.6,25849
equity,INE438E01032,2026-08-25,1044,1011,1017.7,14880
equity,INE438E01032,2026-08-26,1036.1,1010.4,1020.4,14308
equity,INE438E01032,2026-08-27,1024.9,993.5,1006.9,18378
equity,INE438E01032,2026-08-28,1027,1002.1,1018.6,15560
equity,INE438E01032,2026-08-31,1018.8,984.5,995.9,22965
equity,INE438E01032,2026-09-01,1019.75,987.2,995.4,20593
equity,INE438E01032,2026-09-02,1014.9,977.55,987.4,16813
equity,INE438E01032,2026-09-03,998.85,962.5,974.75,27776
equity,INE438E01032,2026-09-04,1013.7,974,996.1,31520
equity,INE438E01032,2026-09-07,1004.95,982.3,986.1,14380
equity,INE438E01032,2026-09-08,1025.2,978.1,1015.15,46112
equity,INE438E01032,2026-09-09,1019.05,985.6,993.4,26269
equity,INE438E01032,2026-09-10,1059.5,989.95,1024.85,75059
equity,INE438E01032,2026-09-11,1111,993.6,1085.55,654708
equity,INE438E01032,2026-09-15,1106.95,1026.1,1040.05,46605
equity,INE438E01032,2026-09-16,1085.7,993.6,1052.2,62044
equity,INE438E01032,2026-09-17,1063,1021,1027.05,25819
equity,INE438E01032,2026-09-18,1063.7,1010.25,1021.5,36899
equity,INE438E01032,2026-09-21,1094.05,1025,1085.25,64616
equity,INE00HZ01011,2026-08-18,239,221.15,231.7,14186
equity,INE00HZ01011,2026-08-19,240,221.65,238.75,2568
equity,INE00HZ01011,2026-08-20,240,233,237.45,477
equity,INE00HZ01011,2026-08-21,240,230,239.95,47
equity,INE00HZ01011,2026-08-24,249,229,238.9,75198
equity,INE00HZ01011,2026-08-25,239.9,227.1,229.8,15584
equity,INE00HZ01011,2026-08-26,232.9,225.05,230.05,1332
equity,INE00HZ01011,2026-08-27,234.95,219.05,233.9,32625
equity,INE00HZ01011,2026-08-28,234.95,223.65,226.8,22675
equity,INE00HZ01011,2026-08-31,234,225,229,5244
equity,INE00HZ01011,2026-09-01,232,225.1,229,24252
equity,INE00HZ01011,2026-09-02,228.89,218,225,1745
equity,INE00HZ01011,2026-09-03,230,217.51,226.73,15402
equity,INE00HZ01011,2026-09-04,227.69,215.4,216.73,1260
equity,INE00HZ01011,2026-09-07,224,208,213.46,3763
equity,INE00HZ01011,2026-09-08,215,203.01,214,1621
equity,INE00HZ01011,2026-09-09,214,214,214,
equity,INE00HZ01011,2026-09-10,215.99,203.3,212,424
equity,INE00HZ01011,2026-09-11,208,201.4,204.99,13194
equity,INE00HZ01011,2026-09-15,204.95,200,200.08,961
equity,INE00HZ01011,2026-09-16,205,199.9,202.34,659
equity,INE00HZ01011,2026-09-17,209.99,192.23,207.86,757
equity,INE00HZ01011,2026-09-18,207,200,207,944
equity,INE00HZ01011,2026-09-21,207,202,206.6,263
equity,INE194R01017,2026-08-18,1499.8,1400,1436.7,28535
equity,INE194R01017,2026-08-19,1449.9,1404.6,1428,11940
equity,INE194R01017,2026-08-20,1499,1422.7,1471.8,19545
equity,INE194R01017,2026-08-21,1469,1415,1434.6,10306
equity,INE194R01017,2026-08-24,1469.9,1403,1431.1,17421
equity,INE194R01017,2026-08-25,1465,1420.6,1448.6,15597
equity,INE194R01017,2026-08-26,1536,1446.9,1494.3,33106
equity,INE194R01017,2026-08-27,1526.8,1474.7,1492.7,19034
equity,INE194R01017,2026-08-28,1509.8,1465.7,1476.6,10875
equity,INE194R01017,2026-08-31,1494,1431,1446.9,20616
equity,INE194R01017,2026-09-01,1531,1450,1497.8,24906
equity,INE194R01017,2026-09-02,1519.6,1470,1505.8,9712
equity,INE194R01017,2026-09-03,1525.9,1480,1488.3,9559
equity,INE194R01017,2026-09-04,1517,1458,1470.7,15103
equity,INE194R01017,2026-09-07,1487,1360,1405.5,33122
equity,INE194R01017,2026-09-08,1430,1320.1,1356.8,97274
equity,INE194R01017,2026-09-09,1449,1348,1439.2,63586
equity,INE194R01017,2026-09-10,1493,1418.2,1461.2,44072
equity,INE194R01017,2026-09-11,1450,1400,1412.2,25210
equity,INE194R01017,2026-09-15,1424.7,1308.1,1327.9,66072
equity,INE194R01017,2026-09-16,1345.8,1195.2,1221.6,306726
equity,INE194R01017,2026-09-17,1302.8,1225,1278.2,130408
equity,INE194R01017,2026-09-18,1324,1288.1,1303.5,65181
equity,INE194R01017,2026-09-21,1360,1302,1348.2,94914
equity,INE0LGX01024,2026-03-09,98.48,93.6,96.81,345985
equity,INE0LGX01024,2026-03-10,101.98,97,100,443208
equity,INE0LGX01024,2026-03-11,104.9,99.54,100.21,496839
equity,INE0LGX01024,2026-03-12,101.9,97,98.02,442673
equity,INE0LGX01024,2026-03-13,99.69,93,95.23,460671
equity,INE0LGX01024,2026-03-16,98.65,91.11,91.97,1077294
equity,INE0LGX01024,2026-03-17,96.2,92.4,93.2,620688
equity,INE0LGX01024,2026-03-18,103.5,93.77,100.45,1017526
equity,INE0LGX01024,2026-03-19,101.29,95.55,96.2,440496
equity,INE0LGX01024,2026-03-20,103.99,97.47,101.3,917979
equity,INE0LGX01024,2026-03-23,101.3,94,94.75,560709
equity,INE0LGX01024,2026-03-24,98.4,93.95,94.43,606006
equity,INE0LGX01024,2026-03-25,98.5,95.1,95.7,522474
equity,INE0LGX01024,2026-03-27,95.89,88.1,89.15,1095742
equity,INE0LGX01024,2026-03-30,90,79.75,82.18,1128366
equity,INE0LGX01024,2026-04-01,92.19,84.55,89.68,1219592
equity,INE0LGX01024,2026-04-02,92.6,85.3,91.94,388716
equity,INE0LGX01024,2026-04-06,95.79,89.26,94.05,414366
equity,INE0LGX01024,2026-04-07,95.9,92.75,93.1,244877
equity,INE0LGX01024,2026-04-08,101.8,96.7,99.19,728862
equity,INE0LGX01024,2026-04-09,109,98.12,106.96,1615354
equity,INE0LGX01024,2026-04-10,122.4,108,119.04,4164794
equity,INE0LGX01024,2026-04-13,136.68,114.5,131.4,9906675
equity,INE0LGX01024,2026-04-15,143.9,131.11,133.45,5042990
equity,INE0LGX01024,2026-04-16,138,128.43,135.73,1861504
equity,INE0LGX01024,2026-04-17,147,136,142.86,3750921
equity,INE0LGX01024,2026-04-20,146.8,138,142.86,1510629
equity,INE0LGX01024,2026-04-21,146.17,141.72,143.6,712455
equity,INE0LGX01024,2026-04-22,153.8,141.11,152.51,1658123
equity,INE0LGX01024,2026-04-23,160.9,153.64,154.77,1451781
equity,INE0LGX01024,2026-04-24,159.8,142,144.5,1484741
equity,INE0LGX01024,2026-04-27,151.99,145.01,147.55,707245
equity,INE0LGX01024,2026-04-28,161.81,148,156.43,2239323
equity,INE0LGX01024,2026-04-29,161.72,151,152.52,1024416
equity,INE0LGX01024,2026-04-30,152.99,145,147.18,703372
equity,INE0LGX01024,2026-05-01,147.18,147.18,147.18,
equity,INE0LGX01024,2026-05-04,150.89,132.47,133.74,1611523
equity,INE0LGX01024,2026-05-05,137.65,129.11,136.64,844419
equity,INE0LGX01024,2026-05-06,143.32,131.7,134.75,696628
equity,INE0LGX01024,2026-05-07,140.5,132.69,138.82,759913
equity,INE0LGX01024,2026-05-08,142.9,137,138.62,797342
equity,INE0LGX01024,2026-05-11,139.5,134,136.7,406813
equity,INE0LGX01024,2026-05-12,138.3,128.5,129.99,604215
equity,INE0LGX01024,2026-05-13,132.78,124,127.85,1353293
equity,INE0LGX01024,2026-05-14,131.85,123.6,127.58,445837
equity,INE0LGX01024,2026-05-15,129.75,123.75,125.41,461166
equity,INE0LGX01024,2026-05-18,124,117.01,119.93,870897
equity,INE0LGX01024,2026-05-19,131.5,118.74,130.32,926437
equity,INE0LGX01024,2026-05-20,136.64,131.01,135.53,1096097
equity,INE0LGX01024,2026-05-21,141.5,134.31,138.84,907355
equity,INE0LGX01024,2026-05-22,139.87,135.9,138.14,589402
equity,INE0LGX01024,2026-05-25,148,138.11,146.83,1762491
equity,INE0LGX01024,2026-05-26,150,132.15,134.09,2715314
equity,INE0LGX01024,2026-05-27,136.7,121,121.53,2507149
equity,INE0LGX01024,2026-05-28,121.53,121.53,121.53,
equity,INE0LGX01024,2026-05-29,129.25,123,126.25,1306042
equity,INE0LGX01024,2026-06-01,129.85,119,119.94,1086904
equity,INE0LGX01024,2026-06-02,126.5,119.99,124.11,801105
equity,INE0LGX01024,2026-06-03,125.55,119,121.26,1037423
equity,INE0LGX01024,2026-06-04,123.8,121,121.84,335459
equity,INE0LGX01024,2026-06-05,122.78,116.8,117.64,918786
equity,INE0LGX01024,2026-06-08,121,112,115.89,462245
equity,INE0LGX01024,2026-06-09,119.4,115.29,118.43,686421
equity,INE0LGX01024,2026-06-10,119.84,114.56,115.42,354396
equity,INE0LGX01024,2026-06-11,117.99,113.24,114.07,348862
equity,INE0LGX01024,2026-06-12,122.7,116.03,116.9,1883345
equity,INE0LGX01024,2026-06-15,122.68,118.25,118.71,620266
equity,INE0LGX01024,2026-06-16,120.59,116,118.06,733251
equity,INE0LGX01024,2026-06-17,119.4,116.2,116.92,392126
equity,INE0LGX01024,2026-06-18,120,116.18,117.78,529132
equity,INE0LGX01024,2026-06-19,118.7,115.68,116.91,465953
equity,INE0LGX01024,2026-06-22,122.18,116.91,119.92,874602
equity,INE0LGX01024,2026-06-23,121.5,114.18,115.83,662770
equity,INE0LGX01024,2026-06-24,116.89,113.31,115.15,446763
equity,INE0LGX01024,2026-06-25,116.7,112.2,113.18,502533
equity,INE0LGX01024,2026-06-26,113.18,113.18,113.18,
equity,INE0LGX01024,2026-06-29,115,111.25,113.57,395171
equity,INE0LGX01024,2026-06-30,118.23,113.5,116.2,483373
equity,INE0LGX01024,2026-07-01,117.59,115,115.73,217142
equity,INE0LGX01024,2026-07-02,117,114.54,115.84,453142
equity,INE0LGX01024,2026-07-03,118,113,113.85,455381
equity,INE0LGX01024,2026-07-06,114.37,111.85,112.72,452596
equity,INE0LGX01024,2026-07-07,114.79,111.18,112.1,302074
equity,INE0LGX01024,2026-07-08,112.39,107.03,108.5,382047
equity,INE0LGX01024,2026-07-09,125,109.71,118.56,42385448
equity,INE0LGX01024,2026-07-10,131.52,122,124.93,22232334
equity,INE0LGX01024,2026-07-13,122.64,119.02,120.52,2252825
equity,INE0LGX01024,2026-07-14,123.79,117,117.48,2051617
equity,INE0LGX01024,2026-07-15,118.9,116.31,117.87,742299
equity,INE0LGX01024,2026-07-16,118.79,115.1,115.93,467661
equity,INE0LGX01024,2026-07-17,120,113.46,118.34,571523
equity,INE0LGX01024,2026-07-20,120.12,115.55,119.11,650922
equity,INE0LGX01024,2026-07-21,121.2,116.5,119.83,525141
equity,INE0LGX01024,2026-07-22,119.94,116,117.29,397743
equity,INE0LGX01024,2026-07-23,117.89,111.8,113.15,879273
equity,INE0LGX01024,2026-07-24,113.99,110.85,112.57,366531
equity,INE0LGX01024,2026-07-27,115.79,110,112.04,396562
equity,INE0LGX01024,2026-07-28,113.42,110.4,110.94,359075
equity,INE0LGX01024,2026-07-29,112.44,110.95,111.73,279634
equity,INE0LGX01024,2026-07-30,112.26,108.93,110.05,407170
equity,INE0LGX01024,2026-07-31,112.66,109.45,111.78,384535
equity,INE0LGX01024,2026-08-03,113.98,111.11,112.75,374327
equity,INE0LGX01024,2026-08-04,117.5,111.6,115.92,1115093
equity,INE0LGX01024,2026-08-05,116.87,112.4,113.34,315643
equity,INE0LGX01024,2026-08-06,114.23,111.41,112.44,197108
equity,INE0LGX01024,2026-08-07,112.5,109.25,110.56,326797
equity,INE0LGX01024,2026-08-10,111.9,105.56,107.87,566527
equity,INE0LGX01024,2026-08-11,108.49,102.92,104.04,1071702
equity,INE0LGX01024,2026-08-12,107.9,102,105.99,715013
equity,INE0LGX01024,2026-08-13,100.55,95.76,97.16,2086933
equity,INE0LGX01024,2026-08-14,99.95,96.9,99.02,613257
equity,INE0LGX01024,2026-08-17,99,97.8,98.41,326818
equity,INE0LGX01024,2026-08-18,99.15,93.85,94.86,697214
equity,INE0LGX01024,2026-08-19,96.9,92.2,93.31,571563
equity,INE0LGX01024,2026-08-20,98.29,92.78,93.42,1494245
equity,INE0LGX01024,2026-08-21,94.93,93.21,93.79,355798
equity,INE0LGX01024,2026-08-24,97.74,93.57,94.51,820229
equity,INE0LGX01024,2026-08-25,95.33,92.95,93.47,355418
equity,INE0LGX01024,2026-08-26,95.34,92.9,93.21,343211
equity,INE0LGX01024,2026-08-27,94.17,90,90.55,979655
equity,INE0LGX01024,2026-08-28,92.97,90.7,92.58,217012
equity,INE0LGX01024,2026-08-31,93.2,90.7,91.58,293357
equity,INE0LGX01024,2026-09-01,93.7,89,89.6,504829
equity,INE0LGX01024,2026-09-02,90.98,88,89.37,328762
equity,INE0LGX01024,2026-09-03,91.78,88.5,89.03,396368
equity,INE0LGX01024,2026-09-04,91.93,89.22,90.24,481868
equity,INE0LGX01024,2026-09-07,93.8,88.23,92.77,755743
equity,INE0LGX01024,2026-09-08,95.69,90.38,93.12,1060998
equity,INE0LGX01024,2026-09-09,94,90.5,90.72,446968
equity,INE0LGX01024,2026-09-10,94.89,90.6,93,605182
equity,INE0LGX01024,2026-09-11,93.95,90.61,92.98,594093
equity,INE0LGX01024,2026-09-15,90.81,84.78,86.93,1853188
equity,INE0LGX01024,2026-09-16,88.93,84.2,86.95,989571
equity,INE0LGX01024,2026-09-17,89,86.48,87.38,409068
equity,INE0LGX01024,2026-09-18,93.5,87.81,91.7,561788
equity,INE0LGX01024,2026-09-21,93.4,90.31,90.72,346998
equity,INE926B01016,2026-08-18,40.05,38.1,39.55,5451
equity,INE926B01016,2026-08-19,40.99,37.58,37.81,5138
equity,INE926B01016,2026-08-20,37.99,35.92,36.25,15803
equity,INE926B01016,2026-08-21,38,36.23,37.97,9152
equity,INE926B01016,2026-08-24,39.85,36.61,37.88,4729
equity,INE926B01016,2026-08-25,38.89,36.01,36.25,7226
equity,INE926B01016,2026-08-26,37.3,35.99,36.7,1972
equity,INE926B01016,2026-08-27,38.53,36.13,37.45,3325
equity,INE926B01016,2026-08-28,38.95,35.58,36.69,16138
equity,INE926B01016,2026-08-31,37.7,35.51,36.43,2875
equity,INE926B01016,2026-09-01,37,35.15,36.23,369
equity,INE926B01016,2026-09-02,36.28,34.42,34.58,7029
equity,INE926B01016,2026-09-03,35.45,34.1,34.98,4379
equity,INE926B01016,2026-09-04,36.7,34.48,34.84,4351
equity,INE926B01016,2026-09-07,36.5,35,35.86,1194
equity,INE926B01016,2026-09-08,36.25,34.36,34.56,772
equity,INE926B01016,2026-09-09,36.28,35.26,36.26,6576
equity,INE926B01016,2026-09-10,37.2,36.15,36.88,3734
equity,INE926B01016,2026-09-11,36.16,35.04,35.16,2496
equity,INE926B01016,2026-09-14,35.16,35.16,35.16,
equity,INE926B01016,2026-09-15,36.8,33.41,34.89,6532
equity,INE926B01016,2026-09-16,36.43,34,34.08,1703
equity,INE926B01016,2026-09-17,35.49,33.5,34.07,1833
equity,INE926B01016,2026-09-18,35.48,33.55,34.23,2900
equity,INE926B01016,2026-09-21,35.73,32.57,33.07,3205
equity,INE0I0T01010,2026-07-01,468.7,429,435.4,152904
equity,INE0I0T01010,2026-07-02,457.8,429.85,438.35,97342
equity,INE0I0T01010,2026-07-03,495,428.65,469.35,207733
equity,INE0I0T01010,2026-07-06,487.95,453.05,473.2,99989
equity,INE0I0T01010,2026-07-07,489,458.1,465.35,62595
equity,INE0I0T01010,2026-07-08,468.05,441.15,449.05,46136
equity,INE0I0T01010,2026-07-09,465,434.45,437.5,53712
equity,INE0I0T01010,2026-07-10,460.2,437.1,446.7,30633
equity,INE0I0T01010,2026-07-13,448.95,434.35,437.35,39333
equity,INE0I0T01010,2026-07-14,459.95,435,439.1,52739
equity,INE0I0T01010,2026-07-15,461.4,439.2,456.15,32956
equity,INE0I0T01010,2026-07-16,487.6,449,470.75,106309
equity,INE0I0T01010,2026-07-17,521.8,462.2,509.1,251372
equity,INE0I0T01010,2026-07-20,533.9,498.15,511.2,591983
equity,INE0I0T01010,2026-07-21,528,505,512.4,231693
equity,INE0I0T01010,2026-07-22,534.45,493.55,502.1,381710
equity,INE0I0T01010,2026-07-23,505.15,484,498.6,129817
equity,INE0I0T01010,2026-07-24,512.95,480.65,484.05,136848
equity,INE0I0T01010,2026-07-27,514,486.1,496.6,238675
equity,INE0I0T01010,2026-07-28,525,471.6,479,372778
equity,INE0I0T01010,2026-07-29,503.55,480.95,491.2,90119
equity,INE0I0T01010,2026-07-30,495.8,463.45,469.15,67689
equity,INE0I0T01010,2026-07-31,483.7,468,478.6,37707
equity,INE0I0T01010,2026-08-03,505,472.05,498.45,90890
equity,INE0I0T01010,2026-08-04,500.95,478,484.15,50374
equity,INE0I0T01010,2026-08-05,510,485.6,498.1,87284
equity,INE0I0T01010,2026-08-06,514.8,495.15,508.7,65043
equity,INE0I0T01010,2026-08-07,516.95,504.05,505.95,62820
equity,INE0I0T01010,2026-08-10,511.9,481.9,494.2,60678
equity,INE0I0T01010,2026-08-11,508.25,482.8,491,68589
equity,INE0I0T01010,2026-08-12,535.1,492.95,518.65,213883
equity,INE0I0T01010,2026-08-13,547,486.25,499.05,182054
equity,INE0I0T01010,2026-08-14,511.95,489.5,506,116930
equity,INE0I0T01010,2026-08-17,523,489.6,490.4,53014
equity,INE0I0T01010,2026-08-18,499.5,471.95,477.85,54797
equity,INE0I0T01010,2026-08-19,504.65,473,494.35,99841
equity,INE0I0T01010,2026-08-20,500.05,478.6,485.55,30463
equity,INE0I0T01010,2026-08-21,493,477,488.05,44398
equity,INE0I0T01010,2026-08-24,507,481.05,498.2,60205
equity,INE0I0T01010,2026-08-25,501,492,498.75,22135
equity,INE0I0T01010,2026-08-26,593.45,497.4,579.55,2738620
equity,INE0I0T01010,2026-08-27,578,556,572.7,291096
equity,INE0I0T01010,2026-08-28,591.6,556.6,570.65,181264
equity,INE0I0T01010,2026-08-31,589.95,551.05,556.1,189872
equity,INE0I0T01010,2026-09-01,568.55,540,551.45,70808
equity,INE0I0T01010,2026-09-02,564.1,537,548.55,65132
equity,INE0I0T01010,2026-09-03,561.1,537.55,545.9,64859
equity,INE0I0T01010,2026-09-04,558.45,540.05,553.2,95767
equity,INE0I0T01010,2026-09-07,574.95,538.6,543.15,99932
equity,INE0I0T01010,2026-09-08,554.75,524.6,549.7,111664
equity,INE0I0T01010,2026-09-09,558.2,531.7,552.45,107371
equity,INE0I0T01010,2026-09-10,555.75,528.2,531.85,76519
equity,INE0I0T01010,2026-09-11,531.8,503.8,515.35,132543
equity,INE0I0T01010,2026-09-14,515.35,515.35,515.35,
equity,INE0I0T01010,2026-09-15,522.7,485.55,495,79658
equity,INE0I0T01010,2026-09-16,497.25,471,479.6,76478
equity,INE0I0T01010,2026-09-17,500.15,464.05,491.95,57584
equity,INE0I0T01010,2026-09-18,510.15,491.55,506.75,30038
equity,INE0I0T01010,2026-09-21,514.15,490.2,494.4,36231
equity,INE716F01012,2026-08-18,640,572,585.5,3563
equity,INE716F01012,2026-08-19,601,560,587.35,3093
equity,INE716F01012,2026-08-20,594.55,585.2,590.4,769
equity,INE716F01012,2026-08-21,609.7,589.9,600.85,2565
equity,INE716F01012,2026-08-24,598.9,575.2,597.9,1273
equity,INE716F01012,2026-08-25,657,582,627.85,17940
equity,INE716F01012,2026-08-26,635,607,624,1718
equity,INE716F01012,2026-08-27,635,607,610.85,1758
equity,INE716F01012,2026-08-28,634.95,608,617.85,1353
equity,INE716F01012,2026-08-31,639,592.35,606.1,1374
equity,INE716F01012,2026-09-01,624,600.05,607.45,3222
equity,INE716F01012,2026-09-02,619,590.3,597.55,2412
equity,INE716F01012,2026-09-03,657,587.05,628.7,13764
equity,INE716F01012,2026-09-04,640,615.1,625.55,3809
equity,INE716F01012,2026-09-07,645,630.05,636.35,4721
equity,INE716F01012,2026-09-08,649.85,624.9,627.4,2468
equity,INE716F01012,2026-09-09,632,615.5,623.45,2754
equity,INE716F01012,2026-09-10,654,616.1,620.45,2599
equity,INE716F01012,2026-09-11,620,603,613.85,3375
equity,INE716F01012,2026-09-14,613.85,613.85,613.85,
equity,INE716F01012,2026-09-15,644,596,611.7,3603
equity,INE716F01012,2026-09-16,625,555,606.55,9015
equity,INE716F01012,2026-09-17,666.9,600,643.15,28640
equity,INE716F01012,2026-09-18,668,602,620,13991
equity,INE716F01012,2026-09-21,641.2,612.1,614.6,3491
equity,INE131C01011,2026-04-21,12201.1231,11611.7302,12109.7627,148
equity,INE131C01011,2026-04-22,12109.8117,11837.1063,12013.4814,68
equity,INE131C01011,2026-04-23,12250.3206,11905.8851,12053.5283,202
equity,INE131C01011,2026-04-24,12378.3842,11808.5225,12092.9854,158
equity,INE131C01011,2026-04-27,12299.5194,11827.2668,12190.3486,112
equity,INE131C01011,2026-04-28,12591.5588,11819.444,12040.7373,323
equity,INE131C01011,2026-04-29,12454.0015,11949.9182,12027.9951,460
equity,INE131C01011,2026-04-30,12298.535,11720.2116,12233.1016,201
equity,INE131C01011,2026-05-04,12232.6093,11562.5315,11900.0303,157
equity,INE131C01011,2026-05-05,12170.6197,11914.7897,11925.6133,22
equity,INE131C01011,2026-05-06,12242.4497,11917.7424,11927.582,162
equity,INE131C01011,2026-05-07,12279.8403,11600.9068,12029.9141,186
equity,INE131C01011,2026-05-08,12298.5354,11979.7318,12071.2402,77
equity,INE131C01011,2026-05-11,12272.9522,11905.9346,11957.1006,71
equity,INE131C01011,2026-05-12,12208.9942,11828.2011,12053.5283,83
equity,INE131C01011,2026-05-13,12053.5282,11807.5378,11946.2764,127
equity,INE131C01011,2026-05-14,12345.7657,11610.7464,11895.1113,138
equity,INE131C01011,2026-05-15,12101.7426,11787.8589,11967.9238,75
equity,INE131C01011,2026-05-18,11951.1963,11711.1097,11809.5059,55
equity,INE131C01011,2026-05-19,12164.7165,11812.4583,11917.7422,351
equity,INE131C01011,2026-05-20,11711.1096,11336.2202,11425.7607,692
equity,INE131C01011,2026-05-21,11555.6446,11315.558,11407.0664,504
equity,INE131C01011,2026-05-22,11609.7617,11240.7761,11365.7393,680
equity,INE131C01011,2026-05-25,11629.4417,11263.408,11381.4834,1055
equity,INE131C01011,2026-05-26,11610.7461,11239.7926,11559.5801,507
equity,INE131C01011,2026-05-27,11804.5864,11168.9473,11380.499,616
equity,INE131C01011,2026-05-29,11561.5482,11217.1617,11274.2314,539
equity,INE131C01011,2026-06-01,11605.8265,11316.5418,11492.6709,567
equity,INE131C01011,2026-06-02,11655.0247,11261.4401,11407.0664,816
equity,INE131C01011,2026-06-03,11473.9751,11177.8027,11242.7441,1045
equity,INE131C01011,2026-06-04,11153.2041,10909.1817,10985.9307,800
equity,INE131C01011,2026-06-05,11256.5202,10897.3742,11100.0703,306
equity,INE131C01011,2026-06-08,11118.7651,10676.9664,10913.1172,490
equity,INE131C01011,2026-06-09,11163.0436,10823.5769,11032.1768,580
equity,INE131C01011,2026-06-10,11183.7063,10918.0367,10975.1064,464
equity,INE131C01011,2026-06-11,11318.5095,10967.2353,11039.0645,684
equity,INE131C01011,2026-06-12,11452.328,11012.4972,11196.498,616
equity,INE131C01011,2026-06-15,11610.7459,11234.8726,11477.9111,1470
equity,INE131C01011,2026-06-16,11461.1834,11218.1449,11316.541,367
equity,INE131C01011,2026-06-17,11795.7309,11456.2642,11603.8584,493
equity,INE131C01011,2026-06-18,11846.8972,11512.3503,11818.3623,302
equity,INE131C01011,2026-06-19,12004.3311,11865.5925,12004.3311,236
equity,INE131C01011,2026-06-22,12496.3113,12039.7531,12358.5566,575
equity,INE131C01011,2026-06-23,12495.3272,12216.8661,12321.166,501
equity,INE131C01011,2026-06-24,12402.8355,12202.1073,12248.3535,380
equity,INE131C01011,2026-06-25,12378.2355,12145.0366,12318.2139,161
equity,INE131C01011,2026-06-29,12657.6811,11465.1198,11752.4365,580
equity,INE131C01011,2026-06-30,12279.84,11610.7461,11687.4951,283
equity,INE131C01011,2026-07-01,12245.4009,11827.2173,12065.3359,1731
equity,INE131C01011,2026-07-02,12183.4111,12006.298,12132.2451,916
equity,INE131C01011,2026-07-03,12203.0909,11848.8647,11919.71,970
equity,INE131C01011,2026-07-06,12151.9247,11756.3722,11947.2607,469
equity,INE131C01011,2026-07-07,12088.9512,11856.7363,11863.624,750
equity,INE131C01011,2026-07-08,12002.363,11562.5322,11646.1689,275
equity,INE131C01011,2026-07-09,12299.5189,11316.5414,11986.6191,429
equity,INE131C01011,2026-07-10,12180.4592,11967.9235,12132.2451,183
equity,INE131C01011,2026-07-13,12149.9565,12006.2981,12067.3037,428
equity,INE131C01011,2026-07-14,12049.5932,11541.869,11832.1377,327
equity,INE131C01011,2026-07-15,12042.7055,11633.3775,11657.9766,708
equity,INE131C01011,2026-07-16,12298.5353,11708.1584,11892.1592,363
equity,INE131C01011,2026-07-17,12241.4652,11562.5318,11626.4893,377
equity,INE131C01011,2026-07-20,11887.2392,11562.5319,11682.5752,316
equity,INE131C01011,2026-07-21,12002.3624,11738.6607,11904.9502,54
equity,INE131C01011,2026-07-22,11935.4533,11758.3402,11773.0996,348
equity,INE131C01011,2026-07-23,12101.7425,11778.0192,11904.9502,511
equity,INE131C01011,2026-07-24,11973.8281,11776.0519,11915.7744,659
equity,INE131C01011,2026-07-27,12099.7745,11900.0303,11995.4746,516
equity,INE131C01011,2026-07-28,12102.7269,11905.9346,12098.791,508
equity,INE131C01011,2026-07-29,12147.9891,11964.9723,12066.3203,443
equity,INE131C01011,2026-07-30,12151.9249,11901.0147,12080.0957,1036
equity,INE131C01011,2026-07-31,12102.7268,11743.5808,12028.9297,606
equity,INE131C01011,2026-08-03,12151.9252,12004.3309,12134.2139,824
equity,INE131C01011,2026-08-04,12589.7875,12100.7586,12270,647
equity,INE131C01011,2026-08-05,12470,12143,12199,334
equity,INE131C01011,2026-08-06,12239,11621,11769,874
equity,INE131C01011,2026-08-07,12000,11715,11880,677
equity,INE131C01011,2026-08-10,11999,11700,11722,657
equity,INE131C01011,2026-08-11,12100,11829,12023,222
equity,INE131C01011,2026-08-12,12100,11580,11622,697
equity,INE131C01011,2026-08-13,12001,11521,11597,504
equity,INE131C01011,2026-08-14,11737,11399,11661,788
equity,INE131C01011,2026-08-17,11799,11611,11641,305
equity,INE131C01011,2026-08-18,11954,11650,11696,761
equity,INE131C01011,2026-08-19,11949,11694,11803,394
equity,INE131C01011,2026-08-20,12010,11152,11508,686
equity,INE131C01011,2026-08-21,11848,11659,11836,367
equity,INE131C01011,2026-08-24,11999,11585,11880,201
equity,INE131C01011,2026-08-25,12020,11622,11906,514
equity,INE131C01011,2026-08-26,12052,11905,11974,261
equity,INE131C01011,2026-08-27,12099,11400,11590,389
equity,INE131C01011,2026-08-28,12400,11734,12208,819
equity,INE131C01011,2026-08-31,12150,11900,12084,302
equity,INE131C01011,2026-09-01,12118,11652,11724,318
equity,INE131C01011,2026-09-02,12160,11811,12008,342
equity,INE131C01011,2026-09-03,12158,11700,11775,95
equity,INE131C01011,2026-09-04,12119,11825,11990,61
equity,INE131C01011,2026-09-07,12167,11621,11758,509
equity,INE131C01011,2026-09-08,11994,11800,11926,492
equity,INE131C01011,2026-09-09,11999,11733,11929,330
equity,INE131C01011,2026-09-10,11999,11712,11849,277
equity,INE131C01011,2026-09-11,11962,11623,11688,280
equity,INE131C01011,2026-09-15,11919,11500,11677,295
equity,INE131C01011,2026-09-16,11844,11602,11747,96
equity,INE131C01011,2026-09-17,11988,11794,11923,108
equity,INE131C01011,2026-09-18,12165,11716,12062,137
equity,INE131C01011,2026-09-21,12160,12000,12134,106
equity,INE533A01012,2023-09-18,1289.1634,1265.8449,1271.7594,6350
equity,INE533A01012,2023-09-20,1283.3459,1260.4637,1264.9723,9248
equity,INE533A01012,2023-09-21,1277.577,1245.9199,1258.5245,49885
equity,INE533A01012,2023-09-22,1271.517,1251.5435,1257.6519,10913
equity,INE533A01012,2023-09-25,1267.2508,1250.7678,1258.2821,5339
equity,INE533A01012,2023-09-26,1275.0075,1251.9798,1271.1292,5980
equity,INE533A01012,2023-09-27,1278.7404,1252.3677,1263.8087,7969
equity,INE533A01012,2023-09-28,1270.9837,1252.707,1255.0824,4501
equity,INE533A01012,2023-09-29,1270.9837,1248.4408,1256.5853,11021
equity,INE533A01012,2023-10-03,1298.4715,1251.7859,1285.7699,50074
equity,INE533A01012,2023-10-04,1286.6425,1267.7355,1273.9409,11976
equity,INE533A01012,2023-10-05,1319.5116,1276.0257,1291.0057,27665
equity,INE533A01012,2023-10-06,1301.0409,1269.2869,1279.5161,10962
equity,INE533A01012,2023-10-09,1271.42,1246.8894,1255.9066,9504
equity,INE533A01012,2023-10-10,1275.1044,1261.4333,1265.6025,4477
equity,INE533A01012,2023-10-11,1307.9734,1268.2689,1291.248,30572
equity,INE533A01012,2023-10-12,1326.2987,1287.4667,1313.5001,39131
equity,INE533A01012,2023-10-13,1337.0125,1303.1255,1319.657,20524
equity,INE533A01012,2023-10-16,1326.9289,1292.6055,1297.6958,12023
equity,INE533A01012,2023-10-17,1359.1677,1304.1436,1330.9042,69208
equity,INE533A01012,2023-10-18,1347.7266,1299.2472,1302.0105,27624
equity,INE533A01012,2023-10-19,1314.6637,1289.5999,1307.6342,16198
equity,INE533A01012,2023-10-20,1327.3167,1262.5967,1287.6606,26933
equity,INE533A01012,2023-10-23,1294.5447,1241.072,1255.7612,19981
equity,INE533A01012,2023-10-25,1272.0502,1217.0747,1234.9635,24143
equity,INE533A01012,2023-10-26,1234.9635,1234.9635,1234.9635,
equity,INE533A01012,2023-10-27,1234.9635,1234.9635,1234.9635,
equity,INE533A01012,2023-10-30,1234.9635,1234.9635,1234.9635,
equity,INE533A01012,2023-10-31,1234.9635,1234.9635,1234.9635,
equity,INE533A01012,2023-11-01,1234.9635,1234.9635,1234.9635,
equity,INE533A01012,2023-11-02,1234.9635,1234.9635,1234.9635,
equity,INE533A01012,2023-11-03,1234.9635,1234.9635,1234.9635,
equity,INE533A01012,2023-11-06,1234.9635,1234.9635,1234.9635,
equity,INE533A01012,2023-11-07,1234.9635,1234.9635,1234.9635,
equity,INE533A01012,2023-11-08,1234.9635,1234.9635,1234.9635,
equity,INE533A01012,2023-11-09,1234.9635,1234.9635,1234.9635,
equity,INE533A01012,2023-11-10,1234.9635,1234.9635,1234.9635,
equity,INE533A01012,2023-11-13,1234.9635,1234.9635,1234.9635,
equity,INE533A01012,2023-11-15,1234.9635,1234.9635,1234.9635,
equity,INE533A01012,2023-11-16,1234.9635,1234.9635,1234.9635,
equity,INE533A01012,2023-11-17,1234.9635,1234.9635,1234.9635,
equity,INE533A01012,2023-11-20,1234.9635,1234.9635,1234.9635,
equity,INE533A01012,2023-11-21,1234.9635,1234.9635,1234.9635,
equity,INE533A01012,2023-11-22,1234.9635,1234.9635,1234.9635,
equity,INE533A01012,2023-11-23,1234.9635,1234.9635,1234.9635,
equity,INE533A01012,2023-11-24,1234.9635,1234.9635,1234.9635,
equity,INE533A01012,2023-11-28,1234.9635,1234.9635,1234.9635,
equity,INE533A01012,2023-11-29,1234.9635,1234.9635,1234.9635,
equity,INE533A01012,2023-11-30,1234.9635,1234.9635,1234.9635,
equity,INE533A01012,2023-12-01,1234.9635,1234.9635,1234.9635,
equity,INE533A01012,2023-12-04,1234.9635,1234.9635,1234.9635,
equity,INE533A01012,2023-12-05,1234.9635,1234.9635,1234.9635,
equity,INE533A01012,2023-12-06,1234.9635,1234.9635,1234.9635,
equity,INE533A01012,2026-04-15,1234.9635,1234.9635,1234.9635,
equity,INE533A01012,2026-04-16,1234.9635,1234.9635,1234.9635,
equity,INE533A01012,2026-04-17,1234.9635,1234.9635,1234.9635,
equity,INE533A01012,2026-04-20,775.6699,726.1725,773.1975,3417
equity,INE533A01012,2026-04-21,808.6359,757.2478,774.7004,3392
equity,INE533A01012,2026-04-22,787.7414,761.1262,774.6035,2907
equity,INE533A01012,2026-04-23,785.3658,768.8828,771.6461,2237
equity,INE533A01012,2026-04-24,782.3601,748.4246,760.7383,3058
equity,INE533A01012,2026-04-27,772.7612,755.551,759.8657,3232
equity,INE533A01012,2026-04-28,771.7431,756.5206,766.5558,2533
equity,INE533A01012,2026-04-29,788.2746,762.1926,765.3923,10577
equity,INE533A01012,2026-04-30,765.4408,748.5215,756.5691,2984
equity,INE533A01012,2026-05-01,756.5691,756.5691,756.5691,
equity,INE533A01012,2026-05-04,765.8286,755.1147,760.205,3155
equity,INE533A01012,2026-05-05,764.0349,749.4911,761.2716,1525
equity,INE533A01012,2026-05-06,768.3981,750.2668,756.5691,6396
equity,INE533A01012,2026-05-07,766.7497,754.5814,762.3866,4247
equity,INE533A01012,2026-05-08,772.7127,758.4113,760.7868,4041
equity,INE533A01012,2026-05-11,771.5977,750.4122,753.9027,4326
equity,INE533A01012,2026-05-12,753.9027,733.0081,739.7468,4836
equity,INE533A01012,2026-05-13,746.2914,737.9045,741.7344,2329
equity,INE533A01012,2026-05-14,749.5881,722.3427,726.0756,10079
equity,INE533A01012,2026-05-15,736.7895,719.4824,727.9178,4384
equity,INE533A01012,2026-05-18,741.2981,696.2123,716.5251,13298
equity,INE533A01012,2026-05-19,726.1725,714.6344,720.1126,3977
equity,INE533A01012,2026-05-20,718.9491,707.9443,713.8588,4054
equity,INE533A01012,2026-05-21,718.4158,705.0355,714.489,7231
equity,INE533A01012,2026-05-22,727.0451,708.7684,711.7741,7982
equity,INE533A01012,2026-05-25,727.2875,711.8227,717.6402,4990
equity,INE533A01012,2026-05-26,736.8865,710.9015,713.8588,9294
equity,INE533A01012,2026-05-27,731.069,719.7248,727.1906,17418
equity,INE533A01012,2026-05-28,727.1906,727.1906,727.1906,
equity,INE533A01012,2026-05-29,767.8163,709.9319,714.1011,22749
equity,INE533A01012,2026-06-01,716.0403,704.5022,707.8473,10824
equity,INE533A01012,2026-06-02,710.7076,694.2246,697.0364,19661
equity,INE533A01012,2026-06-03,716.4282,689.6191,711.7256,7873
equity,INE533A01012,2026-06-04,715.3131,698.1029,709.0593,6592
equity,INE533A01012,2026-06-05,716.5251,702.9993,710.7076,5832
equity,INE533A01012,2026-06-08,722.1487,699.0726,705.278,6475
equity,INE533A01012,2026-06-09,715.5071,702.9509,709.738,1794
equity,INE533A01012,2026-06-10,725.6392,700.0421,712.4528,8211
equity,INE533A01012,2026-06-11,711.9196,700.1876,701.3996,4948
equity,INE533A01012,2026-06-12,713.5679,700.1391,710.7076,3399
equity,INE533A01012,2026-06-15,736.6925,712.6953,723.3607,7451
equity,INE533A01012,2026-06-16,726.9966,717.5916,723.7001,5472
equity,INE533A01012,2026-06-17,733.396,723.5546,729.8085,6750
equity,INE533A01012,2026-06-18,740.7648,717.4947,730.2448,9963
equity,INE533A01012,2026-06-19,733.9292,722.9729,726.2695,3525
equity,INE533A01012,2026-06-22,755.2601,724.7181,739.8922,9812
equity,INE533A01012,2026-06-23,745.6127,731.1659,738.1954,5814
equity,INE533A01012,2026-06-24,744.7401,731.1174,738.4863,1754
equity,INE533A01012,2026-06-25,745.5158,733.4929,738.3893,3112
equity,INE533A01012,2026-06-26,738.3893,738.3893,738.3893,
equity,INE533A01012,2026-06-29,751.1879,728.2571,732.9112,9487
equity,INE533A01012,2026-06-30,744.3523,729.663,732.4264,5072
equity,INE533A01012,2026-07-01,745.6128,729.1298,732.8142,13666
equity,INE533A01012,2026-07-02,806.6967,736.9349,775.4276,90116
equity,INE533A01012,2026-07-03,788.2746,770.822,773.4399,8444
equity,INE533A01012,2026-07-06,785.3658,770.822,774.3125,4548
equity,INE533A01012,2026-07-07,780.1786,765.9741,766.9921,3926
equity,INE533A01012,2026-07-08,774.361,737.6136,744.5947,7206
equity,INE533A01012,2026-07-09,760.0596,742.2677,747.1156,4703
equity,INE533A01012,2026-07-10,768.8829,747.1156,755.5026,5229
equity,INE533A01012,2026-07-13,765.8771,740.0861,762.3866,4547
equity,INE533A01012,2026-07-14,774.1187,757.3933,767.8163,7286
equity,INE533A01012,2026-07-15,802.7214,766.2649,786.8202,21103
equity,INE533A01012,2026-07-16,820.271,787.305,793.0256,14975
equity,INE533A01012,2026-07-17,803.788,788.323,792.5408,14122
equity,INE533A01012,2026-07-20,798.8431,790.2138,796.2252,10679
equity,INE533A01012,2026-07-21,802.7699,794.6254,797.922,12734
equity,INE533A01012,2026-07-22,802.576,793.1225,799.7157,8605
equity,INE533A01012,2026-07-23,811.3507,770.822,799.7157,40223
equity,INE533A01012,2026-07-24,804.7091,793.3649,797.825,8423
equity,INE533A01012,2026-07-27,802.2851,788.2746,793.4134,10402
equity,INE533A01012,2026-07-28,796.71,786.4324,791.6197,7549
equity,INE533A01012,2026-07-29,799.8127,791.1834,798.2614,10345
equity,INE533A01012,2026-07-30,808.539,795.3526,804.0789,17060
equity,INE533A01012,2026-07-31,809.6055,797.0978,807.9088,19773
equity,INE533A01012,2026-08-03,836.7055,809.751,831.0819,84106
equity,INE533A01012,2026-08-04,849.3586,833.8452,844.85,78651
equity,INE533A01012,2026-08-05,844,809.2,826.85,39355
equity,INE533A01012,2026-08-06,852,794.45,814.95,43257
equity,INE533A01012,2026-08-07,814,800,802.9,11852
equity,INE533A01012,2026-08-10,829.7,791,795.6,11363
equity,INE533A01012,2026-08-11,800,770,778.25,9837
equity,INE533A01012,2026-08-12,820,770,810.85,22705
equity,INE533A01012,2026-08-13,798,780,780.95,14061
equity,INE533A01012,2026-08-14,792,774.05,777.4,3346
equity,INE533A01012,2026-08-17,776.7,764,765.35,4780
equity,INE533A01012,2026-08-18,773.6,759.7,763.5,4124
equity,INE533A01012,2026-08-19,767,752.05,761.4,3881
equity,INE533A01012,2026-08-20,780,756.05,762.9,4513
equity,INE533A01012,2026-08-21,766.95,758.15,760.05,2759
equity,INE533A01012,2026-08-24,770,750,756.15,7573
equity,INE533A01012,2026-08-25,760,749.5,754.1,4422
equity,INE533A01012,2026-08-26,759.4,747.75,755.4,4012
equity,INE533A01012,2026-08-27,771.9,750.05,765.05,4955
equity,INE533A01012,2026-08-28,774.35,736.3,749.9,7639
equity,INE533A01012,2026-08-31,754.95,736,743.35,7100
equity,INE533A01012,2026-09-01,743.35,732.05,736.25,4047
equity,INE533A01012,2026-09-02,740,729.05,736.1,3995
equity,INE533A01012,2026-09-03,751,735,736.7,2872
equity,INE533A01012,2026-09-04,748,733.1,741.5,2498
equity,INE533A01012,2026-09-07,743.45,722.2,730.8,6727
equity,INE533A01012,2026-09-08,734.85,723.5,725.2,4216
equity,INE533A01012,2026-09-09,730,723.05,729.35,2468
equity,INE533A01012,2026-09-10,733.65,720,724.7,3645
equity,INE533A01012,2026-09-11,727.75,708.6,722.05,4337
equity,INE533A01012,2026-09-14,722.05,722.05,722.05,
equity,INE533A01012,2026-09-15,726.95,709.8,712.95,2756
equity,INE533A01012,2026-09-16,729.8,708.1,712.05,3200
equity,INE533A01012,2026-09-17,732.2,704.6,706.15,13069
equity,INE533A01012,2026-09-18,716.55,702,704.85,5290
equity,INE533A01012,2026-09-21,715.4,700.1,708.2,4530
equity,INE200D01020,2026-04-22,10.9,10.15,10.35,17151
equity,INE200D01020,2026-04-23,10.65,10,10.2,33643
equity,INE200D01020,2026-04-24,10.7,10.1,10.3,1915
equity,INE200D01020,2026-04-27,10.9,10.15,10.25,12373
equity,INE200D01020,2026-04-28,10.8,9.6,10.5,16373
equity,INE200D01020,2026-04-29,10.5,10.1,10.4,5913
equity,INE200D01020,2026-04-30,10.95,9.9,10.55,64475
equity,INE200D01020,2026-05-01,10.55,10.55,10.55,
equity,INE200D01020,2026-05-04,10.95,9.02,10.33,28930
equity,INE200D01020,2026-05-05,12.39,10.17,12.39,316749
equity,INE200D01020,2026-05-06,14.86,13.65,14.86,1156126
equity,INE200D01020,2026-05-07,16.34,15.11,16.16,1052817
equity,INE200D01020,2026-05-08,15.85,14.76,15.15,519462
equity,INE200D01020,2026-05-11,15.99,14.65,15.02,147567
equity,INE200D01020,2026-05-12,15.02,13.52,13.54,142823
equity,INE200D01020,2026-05-13,14.2,12.5,13.09,103436
equity,INE200D01020,2026-05-14,14.39,12.72,14.39,101252
equity,INE200D01020,2026-05-15,15.63,14.46,14.72,246512
equity,INE200D01020,2026-05-18,15.12,14,14.14,122092
equity,INE200D01020,2026-05-19,14.63,13.65,13.88,39300
equity,INE200D01020,2026-05-20,14.57,13.42,14.33,28050
equity,INE200D01020,2026-05-21,14.87,13.66,14,13400
equity,INE200D01020,2026-05-22,14.49,13.51,13.7,24506
equity,INE200D01020,2026-05-25,14.16,13.11,13.67,54946
equity,INE200D01020,2026-05-26,13.64,13.14,13.26,18718
equity,INE200D01020,2026-05-27,13.6,12.75,13.17,10086
equity,INE200D01020,2026-05-28,13.17,13.17,13.17,
equity,INE200D01020,2026-05-29,13.82,12.67,13.82,1608955
equity,INE200D01020,2026-06-01,14.51,13.8,13.88,47270
equity,INE200D01020,2026-06-02,14.48,13.35,13.49,35938
equity,INE200D01020,2026-06-03,14.1,13.24,13.44,20005
equity,INE200D01020,2026-06-04,13.99,13,13.55,19991
equity,INE200D01020,2026-06-05,13.78,13.06,13.55,15641
equity,INE200D01020,2026-06-08,13.82,12.9,13.17,17491
equity,INE200D01020,2026-06-09,13.46,12.93,13.18,8054
equity,INE200D01020,2026-06-10,13.28,12.65,12.7,22447
equity,INE200D01020,2026-06-11,13.29,12.13,12.75,43180
equity,INE200D01020,2026-06-12,13.35,12.51,12.95,3730
equity,INE200D01020,2026-06-15,13.49,12.6,13.14,15894
equity,INE200D01020,2026-06-16,13.4,12.66,12.88,2528
equity,INE200D01020,2026-06-17,13.4,12.59,13.31,101107
equity,INE200D01020,2026-06-18,13.5,12.73,13.32,88241
equity,INE200D01020,2026-06-19,13.5,12.87,13.46,49326
equity,INE200D01020,2026-06-22,13.95,12.81,13.27,17757
equity,INE200D01020,2026-06-23,13.5,12.72,13.48,22997
equity,INE200D01020,2026-06-24,13.88,12.87,13.47,72228
equity,INE200D01020,2026-06-25,13.8,13.1,13.59,23655
equity,INE200D01020,2026-06-26,13.59,13.59,13.59,
equity,INE200D01020,2026-06-29,13.8,13.13,13.28,42566
equity,INE200D01020,2026-06-30,13.79,13.18,13.58,44147
equity,INE200D01020,2026-07-01,13.77,12.92,13.13,31494
equity,INE200D01020,2026-07-02,13.65,12.56,13.54,24815
equity,INE200D01020,2026-07-03,14.2,13.01,13.44,47863
equity,INE200D01020,2026-07-06,13.73,12.87,13.37,11976
equity,INE200D01020,2026-07-07,13.64,13.16,13.21,3721
equity,INE200D01020,2026-07-08,13.59,13,13.16,66761
equity,INE200D01020,2026-07-09,13.57,13.01,13.26,8917
equity,INE200D01020,2026-07-10,13.79,12.96,13.28,21093
equity,INE200D01020,2026-07-13,13.58,13.01,13.24,8457
equity,INE200D01020,2026-07-14,13.55,13.26,13.26,5484
equity,INE200D01020,2026-07-15,13.78,13.01,13.32,13981
equity,INE200D01020,2026-07-16,13.7,13.1,13.47,9080
equity,INE200D01020,2026-07-17,14.14,13.31,14.13,155717
equity,INE200D01020,2026-07-20,14.82,14.02,14.28,22255
equity,INE200D01020,2026-07-21,14.88,13.61,14.05,18002
equity,INE200D01020,2026-07-22,14.75,13.72,14.68,68423
equity,INE200D01020,2026-07-23,14.72,13.95,14.02,19269
equity,INE200D01020,2026-07-24,14,13.35,13.99,4063
equity,INE200D01020,2026-07-27,14.27,13.7,13.72,17923
equity,INE200D01020,2026-07-28,14.29,13.5,13.73,49278
equity,INE200D01020,2026-07-29,14.28,13.66,13.82,23128
equity,INE200D01020,2026-07-30,14.34,13.54,14.24,7421
equity,INE200D01020,2026-07-31,14.51,13.55,13.73,1726
equity,INE200D01020,2026-08-03,14.4,13.72,13.9,2808
equity,INE200D01020,2026-08-04,14.59,13.5,13.82,121876
equity,INE200D01020,2026-08-05,14.51,13.75,14.51,62030
equity,INE200D01020,2026-08-06,15.22,13.85,15.05,53009
equity,INE200D01020,2026-08-07,15.8,14.3,15.79,217155
equity,INE200D01020,2026-08-10,16.57,15.01,15.6,136426
equity,INE200D01020,2026-08-11,16.28,15.3,15.95,95438
equity,INE200D01020,2026-08-12,16.25,15.16,15.24,20937
equity,INE200D01020,2026-08-13,16,14.67,15.29,109629
equity,INE200D01020,2026-08-14,16.05,15,15.87,182890
equity,INE200D01020,2026-08-17,15.87,15.1,15.21,38276
equity,INE200D01020,2026-08-18,15.9,14.65,14.91,50362
equity,INE200D01020,2026-08-19,15.35,14.17,14.37,40624
equity,INE200D01020,2026-08-20,14.69,14,14.05,21062
equity,INE200D01020,2026-08-21,14.75,13.51,14.75,52393
equity,INE200D01020,2026-08-24,15.48,15,15.42,19835
equity,INE200D01020,2026-08-25,16.19,15.42,15.77,136296
equity,INE200D01020,2026-08-26,16.48,15.26,15.6,25628
equity,INE200D01020,2026-08-27,15.9,14.9,14.97,52297
equity,INE200D01020,2026-08-28,15.6,14.65,14.81,9034
equity,INE200D01020,2026-08-31,15.14,14.13,14.59,13913
equity,INE200D01020,2026-09-01,14.73,14.07,14.14,15297
equity,INE200D01020,2026-09-02,14.67,14,14.13,22481
equity,INE200D01020,2026-09-03,14.83,13.78,14.07,37516
equity,INE200D01020,2026-09-04,14.59,14.1,14.53,8751
equity,INE200D01020,2026-09-07,14.8,13.95,14.34,15481
equity,INE200D01020,2026-09-08,14.99,13.77,13.99,57368
equity,INE200D01020,2026-09-09,14.26,13.4,13.83,42797
equity,INE200D01020,2026-09-10,14.2,13.45,13.87,28053
equity,INE200D01020,2026-09-11,14.09,13.31,13.46,16167
equity,INE200D01020,2026-09-15,14.1,13.4,13.77,30090
equity,INE200D01020,2026-09-16,13.9,13.09,13.12,23806
equity,INE200D01020,2026-09-17,13.75,12.59,13.04,20551
equity,INE200D01020,2026-09-18,13.39,12.76,12.89,11336
equity,INE200D01020,2026-09-21,13.37,12.62,13.19,10663
equity,INE525F01025,2026-08-18,71.38,70.72,71.3,45096
equity,INE525F01025,2026-08-19,71.69,70.91,71.14,56460
equity,INE525F01025,2026-08-20,71.6,70.61,71.44,48538
equity,INE525F01025,2026-08-21,71.99,71.41,71.89,46713
equity,INE525F01025,2026-08-24,72.39,71.81,72.01,114215
equity,INE525F01025,2026-08-25,72.47,71.5,71.9,52679
equity,INE525F01025,2026-08-26,72.29,71.07,71.9,51154
equity,INE525F01025,2026-08-27,72.45,71.63,72.19,52156
equity,INE525F01025,2026-08-28,72.43,71.95,72.14,52904
equity,INE525F01025,2026-08-31,72.36,71.54,71.82,69018
equity,INE525F01025,2026-09-01,72.49,72,72.18,54581
equity,INE525F01025,2026-09-02,72.38,71.94,72.11,58245
equity,INE525F01025,2026-09-03,72.95,71.92,72.47,91512
equity,INE525F01025,2026-09-04,72.98,72.36,72.53,97501
equity,INE525F01025,2026-09-07,73.4,72.55,72.79,106611
equity,INE525F01025,2026-09-08,73.17,72.3,72.43,74366
equity,INE525F01025,2026-09-09,72.43,71.5,72.01,123875
equity,INE525F01025,2026-09-10,72.25,71.25,71.42,117230
equity,INE525F01025,2026-09-11,70.09,67.79,68.44,188524
equity,INE525F01025,2026-09-15,69.07,67,67.13,144750
equity,INE525F01025,2026-09-16,67.95,67.1,67.33,49188
equity,INE525F01025,2026-09-17,68.1,67.16,67.62,64913
equity,INE525F01025,2026-09-18,68.48,66.97,67.1,110370
equity,INE525F01025,2026-09-21,67.69,65.16,67.38,126705
equity,INE898Q01015,2026-08-18,720.7282,692.7387,707.6331,76476
equity,INE898Q01015,2026-08-19,717.8292,689.8398,700.7856,77497
equity,INE898Q01015,2026-08-20,713.6808,687.1408,704.6842,59632
equity,INE898Q01015,2026-08-21,718.9788,698.3366,704.3343,162764
equity,INE898Q01015,2026-08-24,715.68,702.7349,707.5331,83992
equity,INE898Q01015,2026-08-25,738.1716,702.7849,721.7777,100151
equity,INE898Q01015,2026-08-26,736.1223,717.7792,726.1761,85569
equity,INE898Q01015,2026-08-27,742.6199,711.5316,718.479,75771
equity,INE898Q01015,2026-08-28,726.7259,688.7902,709.6823,94256
equity,INE898Q01015,2026-08-31,723.727,688.7402,706.0836,85795
equity,INE898Q01015,2026-09-01,724.7266,713.8307,722.5774,70807
equity,INE898Q01015,2026-09-02,727.6755,709.7822,722.2775,65224
equity,INE898Q01015,2026-09-03,733.1735,710.8319,718.1292,75209
equity,INE898Q01015,2026-09-04,722.0776,711.5816,716.7796,82890
equity,INE898Q01015,2026-09-07,733.2734,707.2332,709.8823,57187
equity,INE898Q01015,2026-09-08,725.5763,700.2359,704.3343,68291
equity,INE898Q01015,2026-09-09,714.6804,666.2986,688.1404,116329
equity,INE898Q01015,2026-09-10,717.1795,677.9443,686.9409,66187
equity,INE898Q01015,2026-09-11,699.6861,669.6974,676.1949,76449
equity,INE898Q01015,2026-09-14,676.1949,676.1949,676.1949,
equity,INE898Q01015,2026-09-15,698.4366,657.9518,665.8488,89895
equity,INE898Q01015,2026-09-16,704.6342,640.2585,662.75,140872
equity,INE898Q01015,2026-09-17,690.8,651,689,156055
equity,INE898Q01015,2026-09-18,714.85,689.95,711.35,83235
equity,INE898Q01015,2026-09-21,716.95,698.5,703.6,69729
equity,INE207H01018,2026-08-18,105.56,103.5,104.34,41822
equity,INE207H01018,2026-08-19,107.99,104,105.4,45032
equity,INE207H01018,2026-08-20,105.9,103.81,104.02,77754
equity,INE207H01018,2026-08-21,104.7,101.22,101.9,83489
equity,INE207H01018,2026-08-24,102.4,99,99.96,73975
equity,INE207H01018,2026-08-25,100.77,99.5,99.54,21837
equity,INE207H01018,2026-08-26,100.5,99.55,99.73,27103
equity,INE207H01018,2026-08-27,101.5,97.35,97.65,55385
equity,INE207H01018,2026-08-28,97.9,96.31,96.82,34747
equity,INE207H01018,2026-08-31,97.7,94.21,95.47,89338
equity,INE207H01018,2026-09-01,97,94.5,95.56,39190
equity,INE207H01018,2026-09-02,95.9,94.7,94.84,58303
equity,INE207H01018,2026-09-03,99,95,96.72,148024
equity,INE207H01018,2026-09-04,101.2,96.9,99.27,185644
equity,INE207H01018,2026-09-07,116.33,100,113.96,3632929
equity,INE207H01018,2026-09-08,117.8,106.7,108.95,634510
equity,INE207H01018,2026-09-09,112,108.1,109.03,149510
equity,INE207H01018,2026-09-10,110.29,107.31,107.73,76155
equity,INE207H01018,2026-09-11,108.2,103.83,104.29,102693
equity,INE207H01018,2026-09-14,104.29,104.29,104.29,
equity,INE207H01018,2026-09-15,104.8,101.9,102.54,76246
equity,INE207H01018,2026-09-16,102.8,99.1,99.87,92414
equity,INE207H01018,2026-09-17,102.09,99.9,101.05,77728
equity,INE207H01018,2026-09-18,103.99,96.69,98.43,205527
equity,INE207H01018,2026-09-21,100.99,97,97.17,153726
equity,INE572D01014,2026-08-18,1310.9,1260,1284.7,37490
equity,INE572D01014,2026-08-19,1322.4,1273.1,1281.4,20430
equity,INE572D01014,2026-08-20,1310,1279.4,1293.8,10736
equity,INE572D01014,2026-08-21,1293.9,1272.1,1278.4,10422
equity,INE572D01014,2026-08-24,1289.6,1241.1,1259.1,31758
equity,INE572D01014,2026-08-25,1285,1260.1,1278.5,8192
equity,INE572D01014,2026-08-26,1292.8,1251.1,1257.9,15478
equity,INE572D01014,2026-08-27,1292.8,1255,1285.4,20818
equity,INE572D01014,2026-08-28,1298.6,1265,1273.4,8714
equity,INE572D01014,2026-08-31,1295.7,1256.8,1292.5,10684
equity,INE572D01014,2026-09-01,1300,1246.4,1256.2,12369
equity,INE572D01014,2026-09-02,1264.3,1242.5,1250.4,13571
equity,INE572D01014,2026-09-03,1284.8,1247.5,1269.8,15627
equity,INE572D01014,2026-09-04,1305,1255.9,1291.8,21620
equity,INE572D01014,2026-09-07,1304.8,1264,1268,10430
equity,INE572D01014,2026-09-08,1267.4,1246,1258.2,10954
equity,INE572D01014,2026-09-09,1275.7,1242.8,1263.9,11690
equity,INE572D01014,2026-09-10,1275.1,1250,1255,7869
equity,INE572D01014,2026-09-11,1255,1231,1240,10679
equity,INE572D01014,2026-09-15,1247,1195.4,1226.6,19127
equity,INE572D01014,2026-09-16,1225,1178.1,1185.8,22377
equity,INE572D01014,2026-09-17,1211.9,1177.8,1197.4,7310
equity,INE572D01014,2026-09-18,1226.9,1178,1198.4,15604
equity,INE572D01014,2026-09-21,1208,1170,1173.5,16517
equity,INE373T01047,2026-08-18,23.55,21.5,22.85,4225295
equity,INE373T01047,2026-08-19,22.98,22.1,22.36,1565205
equity,INE373T01047,2026-08-20,23.21,22.26,22.47,1406731
equity,INE373T01047,2026-08-21,22.9,22,22.22,948721
equity,INE373T01047,2026-08-24,23.49,22.82,22.98,3397715
equity,INE373T01047,2026-08-25,23.99,22.1,22.28,2393447
equity,INE373T01047,2026-08-26,22.91,19.8,20.02,8600073
equity,INE373T01047,2026-08-27,20.85,19.9,20.43,4216077
equity,INE373T01047,2026-08-28,20.9,19.9,20.19,3212056
equity,INE373T01047,2026-08-31,20.64,19.95,20.25,2827239
equity,INE373T01047,2026-09-01,20.28,19.9,19.99,1271193
equity,INE373T01047,2026-09-02,20.02,19.61,19.89,1134230
equity,INE373T01047,2026-09-03,20.34,19.69,19.9,1111985
equity,INE373T01047,2026-09-04,20.15,19.8,19.88,1013239
equity,INE373T01047,2026-09-07,20.16,19.62,19.69,826444
equity,INE373T01047,2026-09-08,20.1,19.56,19.75,1221023
equity,INE373T01047,2026-09-09,19.89,19.55,19.7,722640
equity,INE373T01047,2026-09-10,19.92,19.3,19.5,1031852
equity,INE373T01047,2026-09-11,19.5,19.1,19.13,846423
equity,INE373T01047,2026-09-15,20.47,19.05,19.19,1858911
equity,INE373T01047,2026-09-16,19.74,18.85,19.59,1424515
equity,INE373T01047,2026-09-17,19.71,19.44,19.57,543486
equity,INE373T01047,2026-09-18,19.65,19.25,19.34,493433
equity,INE373T01047,2026-09-21,19.49,18.96,19.07,850913
equity,INE265B01019,2026-04-23,922.2268,878.7857,919.2876,8338
equity,INE265B01019,2026-04-24,931.6424,897.7165,922.0774,3765
equity,INE265B01019,2026-04-27,940.0118,923.6217,935.3787,4908
equity,INE265B01019,2026-04-28,982.4067,919.6363,968.2087,10857
equity,INE265B01019,2026-04-29,995.3594,951.5197,961.7822,2945
equity,INE265B01019,2026-04-30,981.4104,934.5817,977.9232,8343
equity,INE265B01019,2026-05-01,977.9232,977.9232,977.9232,
equity,INE265B01019,2026-05-04,1169.7216,1096.9877,1124.1882,57843
equity,INE265B01019,2026-05-05,1145.8091,1097.0375,1121.0497,19498
equity,INE265B01019,2026-05-06,1217.1481,1116.4166,1201.0072,42942
equity,INE265B01019,2026-05-07,1226.4641,1207.5832,1212.0668,18963
equity,INE265B01019,2026-05-08,1292.2733,1210.5722,1266.9161,26182
equity,INE265B01019,2026-05-11,1345.0802,1266.3681,1282.4592,27720
equity,INE265B01019,2026-05-12,1301.2405,1275.3353,1277.9258,11577
equity,INE265B01019,2026-05-13,1313.1969,1275.3354,1276.78,6315
equity,INE265B01019,2026-05-14,1315.7376,1275.3353,1281.3135,4622
equity,INE265B01019,2026-05-15,1334.768,1277.6767,1323.8578,10001
equity,INE265B01019,2026-05-18,1337.5577,1305.226,1308.1155,6847
equity,INE265B01019,2026-05-19,1349.0656,1305.226,1311.0049,4346
equity,INE265B01019,2026-05-20,1338.0558,1305.226,1314.3427,6117
equity,INE265B01019,2026-05-21,1346.0765,1320.2211,1343.9343,7700
equity,INE265B01019,2026-05-22,1443.7194,1316.1859,1415.672,33118
equity,INE265B01019,2026-05-25,1594.1692,1416.6186,1577.0817,45642
equity,INE265B01019,2026-05-26,1683.8411,1545.5469,1630.5859,45554
equity,INE265B01019,2026-05-27,1679.8557,1599.1509,1647.4243,17068
equity,INE265B01019,2026-05-28,1647.4243,1647.4243,1647.4243,
equity,INE265B01019,2026-05-29,1652.9042,1584.2055,1620.6721,12172
equity,INE265B01019,2026-06-01,1667.8995,1604.5313,1642.7914,10600
equity,INE265B01019,2026-06-02,1667.1024,1611.2068,1636.0161,7085
equity,INE265B01019,2026-06-03,1863.1852,1615.0926,1799.6177,84590
equity,INE265B01019,2026-06-04,1863.1852,1759.6638,1813.766,22267
equity,INE265B01019,2026-06-05,1838.1767,1697.1924,1739.0393,13200
equity,INE265B01019,2026-06-08,1679.258,1410.9393,1438.6381,77370
equity,INE265B01019,2026-06-09,1519.4425,1399.8798,1465.6393,42745
equity,INE265B01019,2026-06-10,1517.4498,1427.3792,1450.694,8888
equity,INE265B01019,2026-06-11,1479.09,1295.1628,1318.9757,20261
equity,INE265B01019,2026-06-12,1422.6963,1360.0255,1409.0461,22614
equity,INE265B01019,2026-06-15,1519.4425,1437.5421,1473.0123,17386
equity,INE265B01019,2026-06-16,1514.8593,1441.9259,1446.6089,8751
equity,INE265B01019,2026-06-17,1589.1874,1439.9333,1547.2408,23009
equity,INE265B01019,2026-06-18,1658.8327,1569.1606,1596.8593,18363
equity,INE265B01019,2026-06-19,1653.9504,1558.3999,1572.3489,7811
equity,INE265B01019,2026-06-22,1618.8789,1556.5069,1607.9189,7905
equity,INE265B01019,2026-06-23,1668.8959,1571.8508,1648.7695,11384
equity,INE265B01019,2026-06-24,1788.6578,1661.1242,1696.4949,25216
equity,INE265B01019,2026-06-25,1757.7707,1673.8776,1713.5326,9807
equity,INE265B01019,2026-06-26,1713.5326,1713.5326,1713.5326,
equity,INE265B01019,2026-06-29,1720.2081,1638.1084,1646.7767,11188
equity,INE265B01019,2026-06-30,1725.6882,1634.0234,1696.196,12235
equity,INE265B01019,2026-07-01,1813.2678,1674.3758,1718.7136,19477
equity,INE265B01019,2026-07-02,1752.7889,1675.3721,1706.4584,7006
equity,INE265B01019,2026-07-03,1742.7257,1695.0003,1721.1049,6109
equity,INE265B01019,2026-07-06,1775.9044,1725.688,1756.6747,8361
equity,INE265B01019,2026-07-07,1779.4914,1726.9835,1771.2216,6143
equity,INE265B01019,2026-07-08,1897.4598,1745.8144,1838.9736,60277
equity,INE265B01019,2026-07-09,1952.8572,1838.9737,1921.6713,27643
equity,INE265B01019,2026-07-10,2079.5936,1928.3469,2023.9971,47457
equity,INE265B01019,2026-07-13,2047.511,1912.2059,1922.1694,27300
equity,INE265B01019,2026-07-14,1971.6883,1813.5666,1886.3005,44856
equity,INE265B01019,2026-07-15,1929.9411,1848.2399,1874.5437,16935
equity,INE265B01019,2026-07-16,1957.7393,1853.4208,1946.6798,21294
equity,INE265B01019,2026-07-17,1950.7648,1853.2216,1873.1487,20457
equity,INE265B01019,2026-07-20,1880.2228,1843.258,1857.506,10674
equity,INE265B01019,2026-07-21,1890.9835,1794.5362,1849.7344,11303
equity,INE265B01019,2026-07-22,1886.5995,1813.7659,1829.8073,7171
equity,INE265B01019,2026-07-23,1962.8207,1811.7732,1913.8,19220
equity,INE265B01019,2026-07-24,1935.4,1861.2,1909,6134
equity,INE265B01019,2026-07-27,1959.8,1900,1904.9,4547
equity,INE265B01019,2026-07-28,1917.9,1827.1,1838.9,8627
equity,INE265B01019,2026-07-29,1879.4,1836.1,1852.6,2887
equity,INE265B01019,2026-07-30,1878.6,1824.4,1832.5,3462
equity,INE265B01019,2026-07-31,1973,1773.9,1922.5,20261
equity,INE265B01019,2026-08-03,1822.2,1700,1729.2,39875
equity,INE265B01019,2026-08-04,1750,1620,1637.7,16688
equity,INE265B01019,2026-08-05,1696,1626.6,1674.3,6588
equity,INE265B01019,2026-08-06,1720,1682.2,1695.5,5760
equity,INE265B01019,2026-08-07,1764.8,1702,1722.9,8103
equity,INE265B01019,2026-08-10,1732.3,1662.5,1681.7,4569
equity,INE265B01019,2026-08-11,1680.1,1600,1611.9,9470
equity,INE265B01019,2026-08-12,1659.3,1579.8,1582.7,6221
equity,INE265B01019,2026-08-13,1614.4,1566.2,1575.9,5317
equity,INE265B01019,2026-08-14,1640,1560.4,1607.4,6033
equity,INE265B01019,2026-08-17,1645,1570,1589.1,6161
equity,INE265B01019,2026-08-18,1631,1591.5,1599.8,6641
equity,INE265B01019,2026-08-19,1624.6,1546.2,1559.5,7362
equity,INE265B01019,2026-08-20,1598.9,1561,1577.6,2908
equity,INE265B01019,2026-08-21,1590,1554.2,1584.6,2281
equity,INE265B01019,2026-08-24,1618,1552.5,1563.6,3368
equity,INE265B01019,2026-08-25,1575.5,1553,1561.6,2366
equity,INE265B01019,2026-08-26,1582,1565,1567.8,2057
equity,INE265B01019,2026-08-27,1598,1564.3,1589.5,3613
equity,INE265B01019,2026-08-28,1672.9,1580.2,1656.1,5804
equity,INE265B01019,2026-08-31,1706.5,1593.1,1620.7,4350
equity,INE265B01019,2026-09-01,1644.9,1600,1631.4,2055
equity,INE265B01019,2026-09-02,1643.9,1591,1618.2,3273
equity,INE265B01019,2026-09-03,1650,1603,1639.1,1826
equity,INE265B01019,2026-09-04,1654,1600,1632.5,5396
equity,INE265B01019,2026-09-07,1691.5,1644,1677.8,6224
equity,INE265B01019,2026-09-08,1706,1654.2,1670.5,3735
equity,INE265B01019,2026-09-09,1689.2,1650.4,1667,2041
equity,INE265B01019,2026-09-10,1718.9,1633.7,1654.4,1675
equity,INE265B01019,2026-09-11,1655.1,1584,1645.3,6154
equity,INE265B01019,2026-09-14,1645.3,1645.3,1645.3,
equity,INE265B01019,2026-09-15,1807,1602.2,1693,14085
equity,INE265B01019,2026-09-16,1779,1651.2,1756.9,11261
equity,INE265B01019,2026-09-17,1794.8,1735.6,1766.1,9697
equity,INE265B01019,2026-09-18,1794.1,1690.2,1711.4,5804
equity,INE265B01019,2026-09-21,1759.9,1692.2,1725.8,2941
equity,INE173M01012,2026-08-18,357,356.65,356.65,1217
equity,INE173M01012,2026-08-19,338.85,338.85,338.85,5926
equity,INE173M01012,2026-08-20,321.95,321.95,321.95,12425
equity,INE173M01012,2026-08-21,305.9,305.9,305.9,11633
equity,INE173M01012,2026-08-24,290.65,290.65,290.65,13015
equity,INE173M01012,2026-08-25,290.65,276.15,276.25,856148
equity,INE173M01012,2026-08-26,290.05,262.45,288.65,1314397
equity,INE173M01012,2026-08-27,303.05,284.75,301,350922
equity,INE173M01012,2026-08-28,316.05,305.35,316.05,354364
equity,INE173M01012,2026-08-31,331.85,325,331.8,592882
equity,INE173M01012,2026-09-01,348.35,331.85,348.35,214098
equity,INE173M01012,2026-09-02,365.75,358.05,365.75,252187
equity,INE173M01012,2026-09-03,384,373,384,404235
equity,INE173M01012,2026-09-04,403.2,399.95,403.2,265016
equity,INE173M01012,2026-09-07,423.35,383.05,423.2,900835
equity,INE173M01012,2026-09-08,444.35,425,444.3,435163
equity,INE173M01012,2026-09-09,462.8,446,455.3,462195
equity,INE173M01012,2026-09-10,464.2,432.55,459.4,690257
equity,INE173M01012,2026-09-11,459,436.45,438.65,428009
equity,INE173M01012,2026-09-15,436,416.75,416.75,279187
equity,INE173M01012,2026-09-16,406.25,395.95,395.95,361158
equity,INE173M01012,2026-09-17,376.2,376.2,376.2,7550
equity,INE173M01012,2026-09-18,357.4,357.4,357.4,6099
equity,INE173M01012,2026-09-21,368,339.55,339.55,854678
equity,INE225B01021,2026-08-18,465.7,442.05,454.2,118947
equity,INE225B01021,2026-08-19,460.05,446.05,456.1,68970
equity,INE225B01021,2026-08-20,465,454.5,460.1,39498
equity,INE225B01021,2026-08-21,481,456.55,478.35,92282
equity,INE225B01021,2026-08-24,493.8,471.3,475.1,114514
equity,INE225B01021,2026-08-25,480,456.05,468.4,91861
equity,INE225B01021,2026-08-26,479.95,465.35,467.5,32908
equity,INE225B01021,2026-08-27,492.5,462.85,486.25,78747
equity,INE225B01021,2026-08-28,519.9,486.1,509.9,198787
equity,INE225B01021,2026-08-31,514.35,490.3,500.1,85965
equity,INE225B01021,2026-09-01,509.9,477.8,485.8,93488
equity,INE225B01021,2026-09-02,529.8,480,520.65,159537
equity,INE225B01021,2026-09-03,537.75,495.2,502.3,102491
equity,INE225B01021,2026-09-04,509.35,491.65,498.5,101413
equity,INE225B01021,2026-09-07,511,494,496.5,79101
equity,INE225B01021,2026-09-08,495.45,472.2,480.7,124807
equity,INE225B01021,2026-09-09,506.9,475.95,494.4,168702
equity,INE225B01021,2026-09-10,499.45,479.5,483.65,54975
equity,INE225B01021,2026-09-11,484,471,474.65,53319
equity,INE225B01021,2026-09-14,474.65,474.65,474.65,
equity,INE225B01021,2026-09-15,479,468,471,59767
equity,INE225B01021,2026-09-16,477.9,450,470,111404
equity,INE225B01021,2026-09-17,473.2,462,465.7,36048
equity,INE225B01021,2026-09-18,478.9,465.7,474.15,26096
equity,INE225B01021,2026-09-21,478.9,461.35,474.25,50477
equity,INE972A01020,2026-08-18,156.36,143.35,145.08,11873
equity,INE972A01020,2026-08-19,146.9,144,144.8,3984
equity,INE972A01020,2026-08-20,147.43,141.9,144.5,1412
equity,INE972A01020,2026-08-21,144.92,142.32,142.77,3934
equity,INE972A01020,2026-08-24,159.9,141.2,155.55,78288
equity,INE972A01020,2026-08-25,159.7,145.2,146.69,15386
equity,INE972A01020,2026-08-26,150.02,146.01,149.05,2464
equity,INE972A01020,2026-08-27,152.03,144,149,8608
equity,INE972A01020,2026-08-28,153.65,149,150.19,9899
equity,INE972A01020,2026-08-31,152.97,141.8,143.43,15735
equity,INE972A01020,2026-09-01,145.8,139.35,140.78,8975
equity,INE972A01020,2026-09-02,141.2,136.1,136.47,14128
equity,INE972A01020,2026-09-03,142.7,133.51,134.79,25043
equity,INE972A01020,2026-09-04,135.99,130.25,132.47,11357
equity,INE972A01020,2026-09-07,134.89,128.85,131.86,11885
equity,INE972A01020,2026-09-08,137,132.9,136.63,8391
equity,INE972A01020,2026-09-09,141,134.2,135.54,5193
equity,INE972A01020,2026-09-10,159.97,136.1,151.21,804224
equity,INE972A01020,2026-09-11,148.76,130.55,133.82,122378
equity,INE972A01020,2026-09-14,133.82,133.82,133.82,
equity,INE972A01020,2026-09-15,133.9,125.15,126.62,23198
equity,INE972A01020,2026-09-16,137.95,123.12,133.61,26388
equity,INE972A01020,2026-09-17,142.39,131,135.69,51566
equity,INE972A01020,2026-09-18,152,131.6,144.41,87682
equity,INE972A01020,2026-09-21,154.85,142.35,145.25,73582
equity,INE016Q01014,2026-02-19,1036.0735,996.875,1005.63,23221
equity,INE016Q01014,2026-02-20,1056.2697,994.9848,1003.9387,31326
equity,INE016Q01014,2026-02-23,1041.8438,975.9825,983.4441,24684
equity,INE016Q01014,2026-02-24,988.2195,944.3451,948.6231,41822
equity,INE016Q01014,2026-02-25,993.7909,959.0694,967.5259,25508
equity,INE016Q01014,2026-02-26,1005.5306,968.1229,982.7477,26997
equity,INE016Q01014,2026-02-27,1001.8494,960.3627,967.1279,12065
equity,INE016Q01014,2026-03-02,957.2289,907.3354,929.77,58023
equity,INE016Q01014,2026-03-04,917.6822,875.499,893.3572,63298
equity,INE016Q01014,2026-03-05,920.4181,892.4618,904.5994,29830
equity,INE016Q01014,2026-03-06,917.2345,891.8152,899.1276,178843
equity,INE016Q01014,2026-03-09,895.347,850.6269,855.4521,40407
equity,INE016Q01014,2026-03-10,883.1099,850.7264,866.8932,30995
equity,INE016Q01014,2026-03-11,1040.252,906.3405,967.6254,514164
equity,INE016Q01014,2026-03-12,1062.3882,945.0415,1004.088,138601
equity,INE016Q01014,2026-03-13,1012.6439,943.8974,962.7007,62847
equity,INE016Q01014,2026-03-16,1011.3009,920.2689,933.6501,67533
equity,INE016Q01014,2026-03-17,969.8639,916.2893,926.2382,60496
equity,INE016Q01014,2026-03-18,981.5041,935.1922,951.5083,51770
equity,INE016Q01014,2026-03-19,974.9876,908.579,920.3683,46095
equity,INE016Q01014,2026-03-20,965.4864,925.293,933.8988,30268
equity,INE016Q01014,2026-03-23,933.1526,862.5655,883.8063,102701
equity,INE016Q01014,2026-03-24,962.85,885.8459,895.1978,110716
equity,INE016Q01014,2026-03-25,1051.5937,905.3953,1020.3046,619549
equity,INE016Q01014,2026-03-27,1044.6295,965.0387,976.6789,285009
equity,INE016Q01014,2026-03-30,994.4873,877.8868,887.6864,339918
equity,INE016Q01014,2026-04-01,998.7653,945.141,977.8727,142107
equity,INE016Q01014,2026-04-02,983.9415,931.2126,978.2707,72391
equity,INE016Q01014,2026-04-06,1002.1479,966.2823,986.4785,56310
equity,INE016Q01014,2026-04-07,1033.3873,981.4543,1010.6044,84931
equity,INE016Q01014,2026-04-08,1105.3175,1027.9154,1068.7057,134046
equity,INE016Q01014,2026-04-09,1092.8815,1035.9741,1049.0568,57457
equity,INE016Q01014,2026-04-10,1105.3176,1046.2214,1095.6174,116978
equity,INE016Q01014,2026-04-13,1157.0516,1028.2139,1092.8815,125847
equity,INE016Q01014,2026-04-15,1170.2338,1085.768,1098.5522,117682
equity,INE016Q01014,2026-04-16,1154.0669,1103.2283,1141.0339,60612
equity,INE016Q01014,2026-04-17,1237.6373,1141.034,1222.913,142457
equity,INE016Q01014,2026-04-20,1243.5071,1155.5592,1170.781,94672
equity,INE016Q01014,2026-04-21,1197.4438,1146.1078,1152.3756,43751
equity,INE016Q01014,2026-04-22,1179.4365,1119.2459,1162.9711,51793
equity,INE016Q01014,2026-04-23,1163.9162,1096.3635,1101.5369,90781
equity,INE016Q01014,2026-04-24,1116.1618,1057.6625,1079.0525,53375
equity,INE016Q01014,2026-04-27,1130.1897,1082.1367,1118.0521,56656
equity,INE016Q01014,2026-04-28,1142.0785,1077.5105,1089.1506,42230
equity,INE016Q01014,2026-04-29,1105.8647,1065.5221,1089.5983,62886
equity,INE016Q01014,2026-04-30,1114.2715,1060.5477,1068.0591,31363
equity,INE016Q01014,2026-05-01,1068.0591,1068.0591,1068.0591,
equity,INE016Q01014,2026-05-04,1101.0394,1035.775,1046.0223,54173
equity,INE016Q01014,2026-05-05,1079.2516,1006.028,1014.186,69957
equity,INE016Q01014,2026-05-06,1045.0275,990.0103,995.3827,93579
equity,INE016Q01014,2026-05-07,1025.7267,985.9313,990.3088,86270
equity,INE016Q01014,2026-05-08,1108.3022,989.9109,1086.8127,208301
equity,INE016Q01014,2026-05-11,1126.1106,1045.8233,1054.5784,135931
equity,INE016Q01014,2026-05-12,1079.2516,1023.5381,1030.8007,99414
equity,INE016Q01014,2026-05-13,1090.6928,986.2298,1002.8444,185932
equity,INE016Q01014,2026-05-14,1022.941,975.286,996.0792,110182
equity,INE016Q01014,2026-05-15,1019.8569,937.1819,942.1564,147369
equity,INE016Q01014,2026-05-18,942.0569,894.4018,902.6594,80234
equity,INE016Q01014,2026-05-19,953.697,905.3456,911.9118,54048
equity,INE016Q01014,2026-05-20,922.6566,894.5013,915.4934,45783
equity,INE016Q01014,2026-05-21,952.1052,902.9578,911.4144,54687
equity,INE016Q01014,2026-05-22,916.2893,894.4018,900.0727,68889
equity,INE016Q01014,2026-05-25,923.2535,895.3967,898.2819,48649
equity,INE016Q01014,2026-05-26,1018.6631,898.7794,979.564,394223
equity,INE016Q01014,2026-05-27,1007.4208,954.3934,963.1484,104913
equity,INE016Q01014,2026-05-28,963.1484,963.1484,963.1484,
equity,INE016Q01014,2026-05-29,984.5384,925.2433,930.7151,72457
equity,INE016Q01014,2026-06-01,984.638,935.1922,945.1907,109063
equity,INE016Q01014,2026-06-02,965.0387,915.2944,946.2354,54722
equity,INE016Q01014,2026-06-03,961.0094,912.3098,941.4102,66119
equity,INE016Q01014,2026-06-04,962.9992,936.2865,941.5594,53213
equity,INE016Q01014,2026-06-05,953.1001,938.2266,944.1959,26312
equity,INE016Q01014,2026-06-08,938.1768,905.8431,918.0801,49369
equity,INE016Q01014,2026-06-09,945.141,915.2944,935.7393,32696
equity,INE016Q01014,2026-06-10,949.2698,911.3149,916.0903,37629
equity,INE016Q01014,2026-06-11,915.195,896.4414,901.2666,35983
equity,INE016Q01014,2026-06-12,939.122,908.8277,915.8914,40408
equity,INE016Q01014,2026-06-15,1039.6053,915.3442,926.4372,587560
equity,INE016Q01014,2026-06-16,956.0847,927.3325,946.2354,76175
equity,INE016Q01014,2026-06-17,961.5566,933.2024,939.4702,62825
equity,INE016Q01014,2026-06-18,950.1652,910.718,931.9091,60216
equity,INE016Q01014,2026-06-19,934.9932,921.413,927.4818,32338
equity,INE016Q01014,2026-06-22,945.9866,918.7268,922.4576,59178
equity,INE016Q01014,2026-06-23,930.6654,903.0076,907.2856,44398
equity,INE016Q01014,2026-06-24,930.2177,906.3405,913.7524,35815
equity,INE016Q01014,2026-06-25,934.8937,906.3405,908.3303,26185
equity,INE016Q01014,2026-06-26,908.3303,908.3303,908.3303,
equity,INE016Q01014,2026-06-29,940.1168,908.9271,916.8365,60899
equity,INE016Q01014,2026-06-30,919.5227,898.3814,901.1173,41776
equity,INE016Q01014,2026-07-01,912.3098,896.3916,899.3265,40839
equity,INE016Q01014,2026-07-02,927.2331,905.3456,919.7714,60267
equity,INE016Q01014,2026-07-03,947.1308,925.2433,930.5162,68133
equity,INE016Q01014,2026-07-06,943.5492,910.32,922.5571,88058
equity,INE016Q01014,2026-07-07,929.6208,911.3149,916.1899,28834
equity,INE016Q01014,2026-07-08,915.2945,893.606,898.3814,50166
equity,INE016Q01014,2026-07-09,912.2601,894.4516,903.1569,39203
equity,INE016Q01014,2026-07-10,948.1256,916.8862,932.2572,113983
equity,INE016Q01014,2026-07-13,959.9648,922.3084,934.9434,71338
equity,INE016Q01014,2026-07-14,942.1066,905.8431,911.2652,44412
equity,INE016Q01014,2026-07-15,928.2279,906.3405,909.2754,35742
equity,INE016Q01014,2026-07-16,920.2192,902.8584,904.9476,26626
equity,INE016Q01014,2026-07-17,907.3354,897.5358,900.5204,23904
equity,INE016Q01014,2026-07-20,906.3405,893.407,895.148,27604
equity,INE016Q01014,2026-07-21,904.0523,876.4939,879.5283,43810
equity,INE016Q01014,2026-07-22,887.0397,859.6803,865.3015,29753
equity,INE016Q01014,2026-07-23,887.4377,856.646,865.8984,35019
equity,INE016Q01014,2026-07-24,880.4735,850.7264,865.5999,28693
equity,INE016Q01014,2026-07-27,895.3967,852.6166,854.2084,67485
equity,INE016Q01014,2026-07-28,865.8984,836.8975,839.9319,43063
equity,INE016Q01014,2026-07-29,854.0593,837.6934,847.6423,34966
equity,INE016Q01014,2026-07-30,853.0644,831.8733,835.9026,26964
equity,INE016Q01014,2026-07-31,846.5977,829.7343,835.0569,30297
equity,INE016Q01014,2026-08-03,853.6115,815.8059,828.8389,50461
equity,INE016Q01014,2026-08-04,870.0272,827.5456,857.2429,69576
equity,INE016Q01014,2026-08-05,881.4186,844.6576,853.6613,60920
equity,INE016Q01014,2026-08-06,853.6116,835.7036,840.1806,23017
equity,INE016Q01014,2026-08-07,853.2136,831.5251,837.8427,18771
equity,INE016Q01014,2026-08-10,843.812,831.8733,838.1411,29544
equity,INE016Q01014,2026-08-11,865.5999,771.434,791.9784,246621
equity,INE016Q01014,2026-08-12,783.2731,732.5837,744.7711,221452
equity,INE016Q01014,2026-08-13,805.8571,746.1639,790.9338,195229
equity,INE016Q01014,2026-08-14,827.6451,771.6828,813.5177,133155
equity,INE016Q01014,2026-08-17,835.7534,767.3053,778.647,79379
equity,INE016Q01014,2026-08-18,787.8994,776.0105,780.2885,23346
equity,INE016Q01014,2026-08-19,784.1686,756.1128,759.7939,35769
equity,INE016Q01014,2026-08-20,773.971,755.1676,757.1077,26383
equity,INE016Q01014,2026-08-21,765.4647,750.0937,754.7697,23507
equity,INE016Q01014,2026-08-24,740.6921,693.5843,717.2128,240247
equity,INE016Q01014,2026-08-25,733.1807,710.4475,718.7051,48920
equity,INE016Q01014,2026-08-26,735.6679,719.9985,724.4755,50281
equity,INE016Q01014,2026-08-27,740.1947,716.1184,723.2816,37637
equity,INE016Q01014,2026-08-28,737.3094,716.3174,719.4513,29948
equity,INE016Q01014,2026-08-31,718.6554,699.9515,706.7665,47907
equity,INE016Q01014,2026-09-01,717.2128,696.4197,700.7972,45055
equity,INE016Q01014,2026-09-02,716.3174,691.3955,694.3304,63889
equity,INE016Q01014,2026-09-03,710.1491,671.5475,675.1789,82259
equity,INE016Q01014,2026-09-04,698.4094,668.5629,674.3829,71954
equity,INE016Q01014,2026-09-07,720.2969,677.4174,705.1249,149385
equity,INE016Q01014,2026-09-08,712.7856,692.5396,698.6085,48187
equity,INE016Q01014,2026-09-09,706.8162,681.7451,684.5805,26064
equity,INE016Q01014,2026-09-10,692.4899,676.522,681.4964,70255
equity,INE016Q01014,2026-09-11,715.3225,674.0845,703.3839,83507
equity,INE016Q01014,2026-09-14,703.3839,703.3839,703.3839,
equity,INE016Q01014,2026-09-15,711.542,667.8665,673.1393,49837
equity,INE016Q01014,2026-09-16,683.2375,661.5987,669.6075,58089
equity,INE016Q01014,2026-09-17,692.1417,667.568,680.8,95879
equity,INE016Q01014,2026-09-18,715,672.05,675.35,73862
equity,INE016Q01014,2026-09-21,721.35,681.1,709.65,124570
equity,INE724A01017,2026-07-10,174.9,166.01,169.21,29705
equity,INE724A01017,2026-07-13,173.7,162.1,164.52,15771
equity,INE724A01017,2026-07-14,170,164.2,165.68,36595
equity,INE724A01017,2026-07-15,167.53,163.1,163.32,31632
equity,INE724A01017,2026-07-16,168.99,161.15,162.78,25968
equity,INE724A01017,2026-07-17,169.76,160.3,161.72,29443
equity,INE724A01017,2026-07-20,167.19,153.3,156.03,46518
equity,INE724A01017,2026-07-21,158,148.83,149.49,61869
equity,INE724A01017,2026-07-22,155,139.69,150.82,65969
equity,INE724A01017,2026-07-23,155,145.15,149.83,37372
equity,INE724A01017,2026-07-24,151.99,147.7,149.51,32578
equity,INE724A01017,2026-07-27,152.27,145,148.63,36262
equity,INE724A01017,2026-07-28,151,145.25,145.38,30644
equity,INE724A01017,2026-07-29,172.5,145.15,152.82,431549
equity,INE724A01017,2026-07-30,170,152.1,154.98,69511
equity,INE724A01017,2026-07-31,162.1,151.1,159.68,60407
equity,INE724A01017,2026-08-03,168,156,161.69,44488
equity,INE724A01017,2026-08-04,165.91,157,159.46,32430
equity,INE724A01017,2026-08-05,163.9,157,161.31,39291
equity,INE724A01017,2026-08-06,162.1,157.2,159.4,42413
equity,INE724A01017,2026-08-07,170,156.48,164.3,39793
equity,INE724A01017,2026-08-10,166.79,158.11,159.41,64734
equity,INE724A01017,2026-08-11,165.6,153.22,160.33,78622
equity,INE724A01017,2026-08-12,162,156.99,160.15,36123
equity,INE724A01017,2026-08-13,161.71,159,159.5,33620
equity,INE724A01017,2026-08-14,170,159.1,161.87,205712
equity,INE724A01017,2026-08-17,166.5,158,162.22,56069
equity,INE724A01017,2026-08-18,162.61,155.21,157.94,47780
equity,INE724A01017,2026-08-19,160.47,148.72,151.9,48275
equity,INE724A01017,2026-08-20,172.17,152,159.08,178155
equity,INE724A01017,2026-08-21,165,158.18,159.32,50907
equity,INE724A01017,2026-08-24,162.48,159.36,160.61,30698
equity,INE724A01017,2026-08-25,162.7,160,160.74,11160
equity,INE724A01017,2026-08-26,175,158.8,168.19,158090
equity,INE724A01017,2026-08-27,169,165,166.81,30786
equity,INE724A01017,2026-08-28,168.58,164.88,166.82,12842
equity,INE724A01017,2026-08-31,176.5,165.5,174.63,659877
equity,INE724A01017,2026-09-01,188,170,182.15,216367
equity,INE724A01017,2026-09-02,189.17,173.5,183,102161
equity,INE724A01017,2026-09-03,193.9,177.22,180.23,54722
equity,INE724A01017,2026-09-04,186.38,180.01,182.54,27733
equity,INE724A01017,2026-09-07,188,182.52,186.34,23288
equity,INE724A01017,2026-09-08,190,186,186.02,16980
equity,INE724A01017,2026-09-09,187.77,180.11,181.7,47501
equity,INE724A01017,2026-09-10,187.19,180.37,185.32,18925
equity,INE724A01017,2026-09-11,189,175,175.73,47421
equity,INE724A01017,2026-09-15,182.5,174.3,178.62,26808
equity,INE724A01017,2026-09-16,182.1,176.1,178.11,19937
equity,INE724A01017,2026-09-17,180.82,174.15,176.12,12955
equity,INE724A01017,2026-09-18,182.49,168.18,171.05,223375
equity,INE724A01017,2026-09-21,176.38,167.79,169.95,69219
equity,INE524T01011,2026-08-18,4270,4169.3999,4196.2002,2392
equity,INE524T01011,2026-08-19,4331,4180.7002,4227.7002,1635
equity,INE524T01011,2026-08-20,4283.1001,4200,4218,2077
equity,INE524T01011,2026-08-21,4285.7002,4190,4216.2002,1982
equity,INE524T01011,2026-08-24,4416.8999,4250,4365.7998,6645
equity,INE524T01011,2026-08-25,4525,4352.1001,4501.2998,9985
equity,INE524T01011,2026-08-26,4550,4402,4501.5,1623
equity,INE524T01011,2026-08-27,4613,4370,4406.3999,4853
equity,INE524T01011,2026-08-28,4590,4375.1001,4562,7719
equity,INE524T01011,2026-08-31,4592,4495,4518.7998,3895
equity,INE524T01011,2026-09-01,4579.8999,4353.7998,4449.5,6274
equity,INE524T01011,2026-09-02,4421.8999,4210,4399.6001,3630
equity,INE524T01011,2026-09-03,4625,4432,4496,6900
equity,INE524T01011,2026-09-04,4634.7998,4475.2002,4502.2002,5834
equity,INE524T01011,2026-09-07,4574.7998,4400,4439.1001,8803
equity,INE524T01011,2026-09-08,4550,4437.1001,4532.2002,7902
equity,INE524T01011,2026-09-09,4949,4534,4886.6001,45586
equity,INE524T01011,2026-09-10,5260,4850,5198.7002,24471
equity,INE524T01011,2026-09-11,5550,5180,5375.5,43191
equity,INE524T01011,2026-09-14,5375.5,5375.5,5375.5,
equity,INE524T01011,2026-09-15,5550,4957.2002,5012.3999,20898
equity,INE524T01011,2026-09-16,5200,4712.1001,5121.2002,14013
equity,INE524T01011,2026-09-17,5439,5175.3999,5349.2002,16454
equity,INE524T01011,2026-09-18,5483.7998,5250.1001,5416.2998,11685
equity,INE524T01011,2026-09-21,5799,5500,5714.6001,42768
equity,INE669R01026,2026-08-18,17.25,16.73,17.13,649218
equity,INE669R01026,2026-08-19,17.24,16.81,16.85,591137
equity,INE669R01026,2026-08-20,17.22,16.7,16.79,1793355
equity,INE669R01026,2026-08-21,16.95,15.61,15.7,2851572
equity,INE669R01026,2026-08-24,16.55,15,15.19,2688396
equity,INE669R01026,2026-08-25,15.48,13.7,13.76,4559258
equity,INE669R01026,2026-08-26,14.27,12.39,12.39,8073193
equity,INE669R01026,2026-08-27,12.64,11.78,11.78,3843227
equity,INE669R01026,2026-08-28,11.2,11.2,11.2,1116613
equity,INE669R01026,2026-08-31,10.64,10.64,10.64,689853
equity,INE669R01026,2026-09-01,11.17,10.11,10.11,15340431
equity,INE669R01026,2026-09-02,9.61,9.61,9.61,809638
equity,INE669R01026,2026-09-03,9.13,9.13,9.13,616110
equity,INE669R01026,2026-09-04,8.68,8.68,8.68,1122582
equity,INE669R01026,2026-09-07,8.91,8.25,8.25,4027390
equity,INE669R01026,2026-09-08,7.84,7.84,7.84,1895127
equity,INE669R01026,2026-09-09,7.45,7.45,7.45,660044
equity,INE669R01026,2026-09-10,7.82,7.08,7.8,33059819
equity,INE669R01026,2026-09-11,8.19,7.96,8.18,13024169
equity,INE669R01026,2026-09-14,8.18,8.18,8.18,
equity,INE669R01026,2026-09-15,8.58,8.36,8.57,12249273
equity,INE669R01026,2026-09-16,8.9,8.15,8.15,2875950
equity,INE669R01026,2026-09-17,7.75,7.75,7.75,642833
equity,INE669R01026,2026-09-18,8.13,7.37,7.99,15604333
equity,INE669R01026,2026-09-21,8.38,7.65,8.35,5457008
equity,INE664D01019,2026-08-18,10300,10100,10205,50
equity,INE664D01019,2026-08-19,10500,10000,10189,160
equity,INE664D01019,2026-08-20,10250,10200,10200,86
equity,INE664D01019,2026-08-21,10299,10200,10200,61
equity,INE664D01019,2026-08-24,10500,10200,10336,170
equity,INE664D01019,2026-08-25,10300,10201,10201,33
equity,INE664D01019,2026-08-26,10333,10200,10200,23
equity,INE664D01019,2026-08-27,10275,10081,10200,23
equity,INE664D01019,2026-08-28,10270,10000,10122,167
equity,INE664D01019,2026-08-31,10290,9965,10200,124
equity,INE664D01019,2026-09-01,10349,10141,10312,74
equity,INE664D01019,2026-09-02,10300,10008,10155,44
equity,INE664D01019,2026-09-03,10249,10160,10200,96
equity,INE664D01019,2026-09-04,10270,10200,10200,107
equity,INE664D01019,2026-09-07,10399,10052,10134,39
equity,INE664D01019,2026-09-08,10250,10120,10250,57
equity,INE664D01019,2026-09-09,10555,10070,10520,279
equity,INE664D01019,2026-09-10,11200,10205,10736,341
equity,INE664D01019,2026-09-11,11100,10796,11085,467
equity,INE664D01019,2026-09-15,11499,10460,11001,250
equity,INE664D01019,2026-09-16,11395,10541,10789,284
equity,INE664D01019,2026-09-17,11097,10555,10800,60
equity,INE664D01019,2026-09-18,10700,10551,10588,37
equity,INE664D01019,2026-09-21,10600,10301,10373,93
equity,INE405A01021,2026-04-22,408.5064,395.9991,404.3209,6390
equity,INE405A01021,2026-04-23,408.4572,398.8551,400.9232,5472
equity,INE405A01021,2026-04-24,406.1428,393.8325,400.3816,5930
equity,INE405A01021,2026-04-27,408.6542,396.2453,402.9914,5980
equity,INE405A01021,2026-04-28,405.4042,390.3363,393.8325,14378
equity,INE405A01021,2026-04-29,413.1351,394.0294,402.8929,32279
equity,INE405A01021,2026-04-30,408.7034,402.9421,403.9762,6514
equity,INE405A01021,2026-05-04,405.7489,393.3401,397.1317,21942
equity,INE405A01021,2026-05-05,403.7792,395.9991,397.5748,11577
equity,INE405A01021,2026-05-06,405.6997,393.931,401.2679,7826
equity,INE405A01021,2026-05-07,412.5442,399.9876,408.4572,17636
equity,INE405A01021,2026-05-08,430.1234,403.7792,427.2181,22723
equity,INE405A01021,2026-05-11,436.2785,403.9762,408.0632,10751
equity,INE405A01021,2026-05-12,410.2298,396.8854,406.9307,16772
equity,INE405A01021,2026-05-13,407.6201,396.1961,406.4875,16560
equity,INE405A01021,2026-05-14,411.6578,398.9043,404.5671,6732
equity,INE405A01021,2026-05-15,411.6578,399.3967,408.4572,22760
equity,INE405A01021,2026-05-18,425.4454,408.5064,418.6009,30084
equity,INE405A01021,2026-05-19,426.381,410.1806,412.5442,8924
equity,INE405A01021,2026-05-20,417.5668,408.211,410.0329,6285
equity,INE405A01021,2026-05-21,410.0329,392.4045,398.4119,35306
equity,INE405A01021,2026-05-22,407.5708,393.931,400.5786,11381
equity,INE405A01021,2026-05-25,403.2868,388.7606,399.4952,18924
equity,INE405A01021,2026-05-26,406.5367,397.4763,401.8096,21744
equity,INE405A01021,2026-05-27,403.7792,397.8703,399.9384,3979
equity,INE405A01021,2026-05-28,399.9384,399.9384,399.9384,
equity,INE405A01021,2026-05-29,401.7604,393.1431,399.8399,32366
equity,INE405A01021,2026-06-01,408.7034,395.3097,396.6392,8343
equity,INE405A01021,2026-06-02,397.7718,390.0409,390.9765,10036
equity,INE405A01021,2026-06-03,402.6959,389.0068,389.9916,4295
equity,INE405A01021,2026-06-04,396.8855,389.1053,392.8969,7489
equity,INE405A01021,2026-06-05,392.7492,377.7798,382.2115,8936
equity,INE405A01021,2026-06-08,389.0068,374.2344,374.6283,6868
equity,INE405A01021,2026-06-09,394.2757,376.1548,388.8098,25113
equity,INE405A01021,2026-06-10,389.0068,375.2193,377.829,6783
equity,INE405A01021,2026-06-11,383.7873,368.4239,370.1966,3297
equity,INE405A01021,2026-06-12,376.9919,364.4354,368.7686,17308
equity,INE405A01021,2026-06-15,381.7191,373.7912,376.4995,11698
equity,INE405A01021,2026-06-16,378.9616,365.4202,371.2799,18948
equity,INE405A01021,2026-06-17,376.9427,362.4165,364.4354,56783
equity,INE405A01021,2026-06-18,371.2307,358.5757,360.2498,34672
equity,INE405A01021,2026-06-19,370.689,359.3635,365.7649,14983
equity,INE405A01021,2026-06-22,372.2648,363.4013,365.8634,30390
equity,INE405A01021,2026-06-23,370.1966,360.5945,362.2688,22727
equity,INE405A01021,2026-06-24,368.1285,360.4468,361.087,13660
equity,INE405A01021,2026-06-25,379.1585,360.693,369.8027,47426
equity,INE405A01021,2026-06-26,369.8027,369.8027,369.8027,
equity,INE405A01021,2026-06-29,388.022,359.462,384.4766,60774
equity,INE405A01021,2026-06-30,389.0068,375.2192,376.8442,8182
equity,INE405A01021,2026-07-01,381.1282,370.689,372.9049,19672
equity,INE405A01021,2026-07-02,377.6813,364.3861,365.6172,107037
equity,INE405A01021,2026-07-03,384.0827,367.3899,380.9805,37341
equity,INE405A01021,2026-07-06,386.9387,378.1737,379.1093,17714
equity,INE405A01021,2026-07-07,385.9538,370.5905,373.5943,25481
equity,INE405A01021,2026-07-08,379.1585,369.6057,375.2192,32298
equity,INE405A01021,2026-07-09,383.7872,374.2344,382.9009,14318
equity,INE405A01021,2026-07-10,393.6355,378.1737,388.3667,37749
equity,INE405A01021,2026-07-13,392.4045,378.5677,389.45,25892
equity,INE405A01021,2026-07-14,393.9,373.55,387.15,28788
equity,INE405A01021,2026-07-15,390.95,384,386.9,8136
equity,INE405A01021,2026-07-16,388.5,380.1,384.75,7460
equity,INE405A01021,2026-07-17,384.45,376,378.3,6477
equity,INE405A01021,2026-07-20,380.35,375.3,378.4,13981
equity,INE405A01021,2026-07-21,389.9,375.3,385.85,11926
equity,INE405A01021,2026-07-22,387.9,377.3,381,14676
equity,INE405A01021,2026-07-23,390,379.3,385.05,11678
equity,INE405A01021,2026-07-24,385,376.15,379.5,15894
equity,INE405A01021,2026-07-27,385,372.3,374.95,34925
equity,INE405A01021,2026-07-28,376,365,368.95,12603
equity,INE405A01021,2026-07-29,382.7,367.5,372.45,13741
equity,INE405A01021,2026-07-30,378,368.3,373.75,10259
equity,INE405A01021,2026-07-31,390,373,387.25,51529
equity,INE405A01021,2026-08-03,394.9,382.35,385.2,27753
equity,INE405A01021,2026-08-04,390.9,382.6,389,15109
equity,INE405A01021,2026-08-05,397,383.05,392.25,22032
equity,INE405A01021,2026-08-06,395,385.35,389.4,56980
equity,INE405A01021,2026-08-07,455.75,381.2,410.75,1889911
equity,INE405A01021,2026-08-10,414,394.1,397.95,208629
equity,INE405A01021,2026-08-11,404.9,380,388.1,65728
equity,INE405A01021,2026-08-12,399.85,389,395.9,40082
equity,INE405A01021,2026-08-13,401.15,386.05,399.85,89786
equity,INE405A01021,2026-08-14,405.9,393.55,398.2,33524
equity,INE405A01021,2026-08-17,408,391.65,394.2,53324
equity,INE405A01021,2026-08-18,405,392.8,401,28858
equity,INE405A01021,2026-08-19,403.8,390.3,399.05,35462
equity,INE405A01021,2026-08-20,424,395.55,419.2,163816
equity,INE405A01021,2026-08-21,428.9,415.6,419.4,46784
equity,INE405A01021,2026-08-24,426.1,410.5,413,32221
equity,INE405A01021,2026-08-25,419.6,405.5,410.25,43269
equity,INE405A01021,2026-08-26,439.7,421,432.75,198497
equity,INE405A01021,2026-08-27,435,421.05,423.3,45873
equity,INE405A01021,2026-08-28,429,406.8,411.3,103267
equity,INE405A01021,2026-08-31,448.65,416.2,442.85,465042
equity,INE405A01021,2026-09-01,445,423.8,428.1,76866
equity,INE405A01021,2026-09-02,447,425.9,441.35,182999
equity,INE405A01021,2026-09-03,443.9,428.25,435.15,92645
equity,INE405A01021,2026-09-04,446.5,434.7,437.15,84008
equity,INE405A01021,2026-09-07,441.7,428,429.4,41522
equity,INE405A01021,2026-09-08,438.5,419.2,421.45,110114
equity,INE405A01021,2026-09-09,431,420.3,427.5,35369
equity,INE405A01021,2026-09-10,436.8,426.1,433.35,54884
equity,INE405A01021,2026-09-11,432.2,422.85,428.55,21619
equity,INE405A01021,2026-09-14,428.55,428.55,428.55,
equity,INE405A01021,2026-09-15,434.5,415.2,416.2,39348
equity,INE405A01021,2026-09-16,429,410.7,418.65,45196
equity,INE405A01021,2026-09-17,423.7,405.95,412.5,50870
equity,INE405A01021,2026-09-18,430,412.1,424.4,78947
equity,INE405A01021,2026-09-21,438.5,424.65,435,40322
equity,INE155E01016,2026-08-18,1256.5,1166,1256.5,17094
equity,INE155E01016,2026-08-19,1319.3,1270,1316.6,24346
equity,INE155E01016,2026-08-20,1358,1309.5,1341.5,6446
equity,INE155E01016,2026-08-21,1314.7,1314.7,1314.7,1708
equity,INE155E01016,2026-08-24,1288.5,1288.5,1288.5,2570
equity,INE155E01016,2026-08-25,1288.5,1262.8,1288.5,6609
equity,INE155E01016,2026-08-26,1295,1270,1285,1366
equity,INE155E01016,2026-08-27,1285,1269.1,1285,3234
equity,INE155E01016,2026-08-28,1305,1288,1290,977
equity,INE155E01016,2026-08-31,1288,1281,1285,2949
equity,INE155E01016,2026-09-01,1290,1281,1281,955
equity,INE155E01016,2026-09-02,1290,1257,1275,2935
equity,INE155E01016,2026-09-03,1293,1275,1280,737
equity,INE155E01016,2026-09-04,1275,1268,1273.6,1405
equity,INE155E01016,2026-09-07,1299,1299,1299,1969
equity,INE155E01016,2026-09-08,1324.9,1324.9,1324.9,1224
equity,INE155E01016,2026-09-09,1351.3,1351.3,1351.3,562
equity,INE155E01016,2026-09-10,1378.3,1378.3,1378.3,888
equity,INE155E01016,2026-09-11,1405.8,1405.8,1405.8,4228
equity,INE155E01016,2026-09-15,1377.7,1377.7,1377.7,8851
equity,INE155E01016,2026-09-16,1350.2,1350.2,1350.2,4502
equity,INE155E01016,2026-09-17,1349,1325,1349,5400
equity,INE155E01016,2026-09-18,1375.9,1350,1357,1269
equity,INE155E01016,2026-09-21,1370,1357,1368,1940
equity,INE994E01018,2026-08-18,1167.8,1142,1148.4,7528
equity,INE994E01018,2026-08-19,1160.9,1124.8,1143.8,20123
equity,INE994E01018,2026-08-20,1178,1099.5,1151.1,21992
equity,INE994E01018,2026-08-21,1225,1130,1202.5,18551
equity,INE994E01018,2026-08-24,1278,1191.4,1261.6,33260
equity,INE994E01018,2026-08-25,1279,1230.1,1262.4,11001
equity,INE994E01018,2026-08-26,1313,1266.3,1306.3,15966
equity,INE994E01018,2026-08-27,1361.9,1310,1350.3,16388
equity,INE994E01018,2026-08-28,1463,1362,1441.2,45446
equity,INE994E01018,2026-08-31,1510,1430,1447.8,33118
equity,INE994E01018,2026-09-01,1546.8,1451.1,1523.5,40078
equity,INE994E01018,2026-09-02,1588.9,1469.1,1478.6,50928
equity,INE994E01018,2026-09-03,1550,1481,1486.2,20142
equity,INE994E01018,2026-09-04,1513.9,1411.2,1460.1,19626
equity,INE994E01018,2026-09-07,1530.2,1470.2,1521.3,14265
equity,INE994E01018,2026-09-08,1569.5,1428.1,1455.3,26241
equity,INE994E01018,2026-09-09,1499,1448.1,1476.1,9173
equity,INE994E01018,2026-09-10,1494.6,1431,1443.3,13603
equity,INE994E01018,2026-09-11,1448.3,1389,1419.9,19596
equity,INE994E01018,2026-09-14,1419.9,1419.9,1419.9,
equity,INE994E01018,2026-09-15,1437.3,1352,1355.8,10026
equity,INE994E01018,2026-09-16,1367.2,1285,1292.6,24554
equity,INE994E01018,2026-09-17,1317.1,1283.2,1290.8,5794
equity,INE994E01018,2026-09-18,1328.7,1289.8,1319.3,6766
equity,INE994E01018,2026-09-21,1419.7,1306.3,1407.8,9258
equity,INE302D01024,2026-07-16,170.5,162.26,163.94,165163
equity,INE302D01024,2026-07-17,167.7,157,157.76,253210
equity,INE302D01024,2026-07-20,162,159.41,160.51,64158
equity,INE302D01024,2026-07-21,164.7,160.52,162.84,80778
equity,INE302D01024,2026-07-22,165,159.5,160.33,77031
equity,INE302D01024,2026-07-23,161.84,157,157.66,64421
equity,INE302D01024,2026-07-24,158,155.1,157.51,56559
equity,INE302D01024,2026-07-27,161.99,156.7,157.21,41734
equity,INE302D01024,2026-07-28,159.65,154.3,155.23,101951
equity,INE302D01024,2026-07-29,161,156,159.26,106807
equity,INE302D01024,2026-07-30,161.88,156.16,156.91,40128
equity,INE302D01024,2026-07-31,160.49,157.13,158.93,61824
equity,INE302D01024,2026-08-03,163.44,157.17,159.25,117095
equity,INE302D01024,2026-08-04,161.2,158,159.26,63897
equity,INE302D01024,2026-08-05,160.99,156.05,159.6,101793
equity,INE302D01024,2026-08-06,161.85,159,160.05,48782
equity,INE302D01024,2026-08-07,162.99,159.8,161.44,86577
equity,INE302D01024,2026-08-10,162.58,156.76,157.96,74842
equity,INE302D01024,2026-08-11,185.99,164,176.13,2174035
equity,INE302D01024,2026-08-12,185.15,172.25,176.8,673721
equity,INE302D01024,2026-08-13,175.9,165.4,166.64,326629
equity,INE302D01024,2026-08-14,168.62,163.21,165.36,165640
equity,INE302D01024,2026-08-17,178,165.55,173.94,524243
equity,INE302D01024,2026-08-18,176.8,168,170.35,139576
equity,INE302D01024,2026-08-19,170.3,165,166.23,129460
equity,INE302D01024,2026-08-20,169,163.1,164.38,135274
equity,INE302D01024,2026-08-21,166.99,164.26,164.93,50964
equity,INE302D01024,2026-08-24,169.62,162.5,164.17,89584
equity,INE302D01024,2026-08-25,166.88,162.17,162.92,77109
equity,INE302D01024,2026-08-26,167,161.5,164.46,85489
equity,INE302D01024,2026-08-27,166.9,161,162.21,92180
equity,INE302D01024,2026-08-28,163.99,158,159.83,180957
equity,INE302D01024,2026-08-31,161.6,157.92,159.27,96898
equity,INE302D01024,2026-09-01,160.46,156.05,157.5,78861
equity,INE302D01024,2026-09-02,159,154,157.69,78631
equity,INE302D01024,2026-09-03,162.77,154,157.58,505055
equity,INE302D01024,2026-09-04,175.45,158,169.86,335333
equity,INE302D01024,2026-09-07,203.83,175.04,191.95,11233703
equity,INE302D01024,2026-09-08,193.01,179.07,183.84,1449221
equity,INE302D01024,2026-09-09,191.5,181.82,184.9,932071
equity,INE302D01024,2026-09-10,191.1,176.05,177.38,2170322
equity,INE302D01024,2026-09-11,181,172.61,177.26,353197
equity,INE302D01024,2026-09-14,177.26,177.26,177.26,
equity,INE302D01024,2026-09-15,181,170.27,171.5,512746
equity,INE302D01024,2026-09-16,184,164.11,179.77,1024742
equity,INE302D01024,2026-09-17,207.71,186.51,197.63,36391145
equity,INE302D01024,2026-09-18,213.94,196.2,198.93,14823429
equity,INE302D01024,2026-09-21,204.39,191.72,194.45,1429184
equity,INE967G01019,2026-08-18,13418,12660,13076,123
equity,INE967G01019,2026-08-19,13300,12431,12454,56
equity,INE967G01019,2026-08-20,12620,12230,12416,31
equity,INE967G01019,2026-08-21,12900,12200,12433,48
equity,INE967G01019,2026-08-24,12433,11724,11934,59
equity,INE967G01019,2026-08-25,12270,11100,11300,86
equity,INE967G01019,2026-08-26,11500,11035,11261,41
equity,INE967G01019,2026-08-27,11270,10960,11046,44
equity,INE967G01019,2026-08-28,11000,10991,10991,11
equity,INE967G01019,2026-08-31,11000,10750,10980,20
equity,INE967G01019,2026-09-01,11034,10600,10702,14
equity,INE967G01019,2026-09-02,10949,10301,10437,60
equity,INE967G01019,2026-09-03,10634,10000,10227,323
equity,INE967G01019,2026-09-04,11600,9808,11302,221
equity,INE967G01019,2026-09-07,11859,11302,11706,54
equity,INE967G01019,2026-09-08,11699,11150,11276,55
equity,INE967G01019,2026-09-09,11499,10980,11002,43
equity,INE967G01019,2026-09-10,11277,10590,11190,26
equity,INE967G01019,2026-09-11,11190,10221,10797,43
equity,INE967G01019,2026-09-15,11000,10300,10337,43
equity,INE967G01019,2026-09-16,10495,9801,10494,56
equity,INE967G01019,2026-09-17,10520,10062,10338,37
equity,INE967G01019,2026-09-18,10400,10400,10400,4
equity,INE967G01019,2026-09-21,10400,10000,10282,32
equity,INE258R01028,2026-08-18,48.03,45.86,46.41,591390
equity,INE258R01028,2026-08-19,47,44.1,45.95,250800
equity,INE258R01028,2026-08-20,47.5,44.98,45.95,163879
equity,INE258R01028,2026-08-21,47.5,45.34,45.93,173528
equity,INE258R01028,2026-08-24,47.3,44,44.99,350193
equity,INE258R01028,2026-08-25,47.8,44,47.12,257516
equity,INE258R01028,2026-08-26,49.23,46.4,48.65,473412
equity,INE258R01028,2026-08-27,49.29,47.5,48.26,255386
equity,INE258R01028,2026-08-28,48.62,45.51,46.47,262808
equity,INE258R01028,2026-08-31,47.45,40.49,42.38,294670
equity,INE258R01028,2026-09-01,43.86,41.5,42.57,194529
equity,INE258R01028,2026-09-02,43.79,40,41.59,131992
equity,INE258R01028,2026-09-03,47.5,41.1,45.83,1367199
equity,INE258R01028,2026-09-04,48,44.6,47.41,473879
equity,INE258R01028,2026-09-07,49.4,47.69,48.87,357826
equity,INE258R01028,2026-09-08,50.04,46.26,48.38,288476
equity,INE258R01028,2026-09-09,49.32,45.5,47.56,198297
equity,INE258R01028,2026-09-10,56.2,48,52.92,1538580
equity,INE258R01028,2026-09-11,55.96,50.01,53.78,755344
equity,INE258R01028,2026-09-15,56.18,50.35,51.92,572747
equity,INE258R01028,2026-09-16,54.26,49.14,50.13,417500
equity,INE258R01028,2026-09-17,53.9,50.31,52.63,379760
equity,INE258R01028,2026-09-18,54,52,53.26,171382
equity,INE258R01028,2026-09-21,56.42,53.19,54.89,436211
equity,INE284B01028,2026-08-18,107.99,104.75,105.17,81178
equity,INE284B01028,2026-08-19,106.65,102.5,105.4,330548
equity,INE284B01028,2026-08-20,108,104.6,105.68,134805
equity,INE284B01028,2026-08-21,107.5,105,105.89,45061
equity,INE284B01028,2026-08-24,108.5,105.37,106.06,202599
equity,INE284B01028,2026-08-25,107.73,104.74,106.1,95719
equity,INE284B01028,2026-08-26,108,104.7,105.42,63317
equity,INE284B01028,2026-08-27,106.79,104.31,104.96,92534
equity,INE284B01028,2026-08-28,106.04,103.75,105.24,122911
equity,INE284B01028,2026-08-31,106.02,103.24,104.4,91107
equity,INE284B01028,2026-09-01,105,102.5,103.24,77093
equity,INE284B01028,2026-09-02,104.48,102.6,103.35,72480
equity,INE284B01028,2026-09-03,109.64,103.5,108.57,458900
equity,INE284B01028,2026-09-04,114.24,108.01,109.98,615070
equity,INE284B01028,2026-09-07,114,109.98,110.52,366176
equity,INE284B01028,2026-09-08,111.85,108.62,109.47,103553
equity,INE284B01028,2026-09-09,109.93,106.1,106.92,103034
equity,INE284B01028,2026-09-10,110,105.6,107.45,158109
equity,INE284B01028,2026-09-11,107.45,105.12,105.91,70249
equity,INE284B01028,2026-09-14,105.91,105.91,105.91,
equity,INE284B01028,2026-09-15,107,103.01,103.91,127830
equity,INE284B01028,2026-09-16,104.89,101.01,102.37,119527
equity,INE284B01028,2026-09-17,104,102.01,102.58,45919
equity,INE284B01028,2026-09-18,103.5,102.1,102.59,44012
equity,INE284B01028,2026-09-21,108,102.4,107,321059
equity,INE701G01012,2026-08-18,1765.3835,1706.6354,1728.8008,1966
equity,INE701G01012,2026-08-19,1745.7681,1716.4431,1720.4642,1890
equity,INE701G01012,2026-08-20,1745.7682,1716.3452,1731.2528,3295
equity,INE701G01012,2026-08-21,1766.8073,1733.0404,1738.0061,1783
equity,INE701G01012,2026-08-24,1757.8691,1729.1671,1746.4479,2228
equity,INE701G01012,2026-08-25,1767.8005,1731.8487,1740.787,284
equity,INE701G01012,2026-08-26,1757.6704,1698.5782,1705.8281,1476
equity,INE701G01012,2026-08-27,1749.6259,1673.4516,1674.6433,1302
equity,INE701G01012,2026-08-28,1762.5368,1632.9312,1696.3933,3268
equity,INE701G01012,2026-08-31,1766.8074,1701.359,1738.9,1340
equity,INE701G01012,2026-09-01,1765.6,1666.9,1733.9,1648
equity,INE701G01012,2026-09-02,1729.7,1682,1699.4,1057
equity,INE701G01012,2026-09-03,1730,1676.5,1697.4,182
equity,INE701G01012,2026-09-04,1740,1684.2,1736.9,674
equity,INE701G01012,2026-09-07,1775,1684.9,1733.5,1137
equity,INE701G01012,2026-09-08,1775,1738.1,1772.2,628
equity,INE701G01012,2026-09-09,1750.2,1673.5,1691.6,2791
equity,INE701G01012,2026-09-10,1736,1676,1702.5,1610
equity,INE701G01012,2026-09-11,1744.9,1686,1708.4,887
equity,INE701G01012,2026-09-15,1715,1681.3,1714.1,1383
equity,INE701G01012,2026-09-16,1755,1710,1715.4,1051
equity,INE701G01012,2026-09-17,1755,1704.8,1748.4,888
equity,INE701G01012,2026-09-18,1755,1701.3,1746.4,1185
equity,INE701G01012,2026-09-21,1762,1722.1,1758.1,1244
equity,INE671K01027,2026-08-18,380.5,370.05,376.95,6621
equity,INE671K01027,2026-08-19,382.4,375.5,377.25,5329
equity,INE671K01027,2026-08-20,377.6,371,375.4,7222
equity,INE671K01027,2026-08-21,379.95,370,378.45,13921
equity,INE671K01027,2026-08-24,382,375.15,380.45,3836
equity,INE671K01027,2026-08-25,375,371.95,372.85,10427
equity,INE671K01027,2026-08-26,378,365,369.2,11328
equity,INE671K01027,2026-08-27,374.95,365.7,371.1,3426
equity,INE671K01027,2026-08-28,374.15,368.05,373,2388
equity,INE671K01027,2026-08-31,374,365,367.7,5767
equity,INE671K01027,2026-09-01,369,363,365.8,5911
equity,INE671K01027,2026-09-02,375,363.85,371.55,13513
equity,INE671K01027,2026-09-03,378,366,373.8,7380
equity,INE671K01027,2026-09-04,375,365,369.55,13415
equity,INE671K01027,2026-09-07,375,366.05,370.15,8109
equity,INE671K01027,2026-09-08,375,361.05,373.75,10927
equity,INE671K01027,2026-09-09,377.5,370.5,372.7,6679
equity,INE671K01027,2026-09-10,376.95,373,375.55,11408
equity,INE671K01027,2026-09-11,378.95,374.95,377.05,14206
equity,INE671K01027,2026-09-15,378.9,350.1,362.45,8173
equity,INE671K01027,2026-09-16,374,359.85,370.55,9439
equity,INE671K01027,2026-09-17,372,360,362.1,5639
equity,INE671K01027,2026-09-18,369.95,363.5,368.5,3601
equity,INE671K01027,2026-09-21,369.8,364,365,5230
equity,INE451C01013,2026-08-18,1814.9,1715.5,1755,628
equity,INE451C01013,2026-08-19,1814.9,1780,1793,257
equity,INE451C01013,2026-08-20,1829.8,1775,1802,592
equity,INE451C01013,2026-08-21,1834.2,1790,1806.2,520
equity,INE451C01013,2026-08-24,1824.9,1780,1793.8,1053
equity,INE451C01013,2026-08-25,1828.8,1789.9,1794.4,102
equity,INE451C01013,2026-08-26,1839.2,1794.1,1802.9,364
equity,INE451C01013,2026-08-27,1807,1790.1,1805.3,378
equity,INE451C01013,2026-08-28,1825,1773.4,1792.6,342
equity,INE451C01013,2026-08-31,1805,1773,1805,583
equity,INE451C01013,2026-09-01,1800,1777.1,1787.8,1923
equity,INE451C01013,2026-09-02,1809.8,1756,1760,629
equity,INE451C01013,2026-09-03,1799.8,1765,1790.9,309
equity,INE451C01013,2026-09-04,1842.9,1761.8,1797.6,616
equity,INE451C01013,2026-09-07,1839,1780,1799.4,1000
equity,INE451C01013,2026-09-08,1822,1762.7,1780.5,246
equity,INE451C01013,2026-09-09,1799.8,1760.1,1795.1,393
equity,INE451C01013,2026-09-10,1795.1,1750,1754.6,764
equity,INE451C01013,2026-09-11,1961.9,1702,1785.7,2316
equity,INE451C01013,2026-09-14,1785.7,1785.7,1785.7,
equity,INE451C01013,2026-09-15,1824,1725.2,1732.1,944
equity,INE451C01013,2026-09-16,1800.2,1726.1,1769.4,449
equity,INE451C01013,2026-09-17,1795,1726,1774,343
equity,INE451C01013,2026-09-18,1836.9,1725.1,1737.2,1004
equity,INE451C01013,2026-09-21,1768.9,1708,1714.3,2468
equity,INE670O01013,2026-08-18,543,537.05,537.05,17961
equity,INE670O01013,2026-08-19,563.9,533,560.65,20875
equity,INE670O01013,2026-08-20,575,544.05,564.1,18280
equity,INE670O01013,2026-08-21,580,535.9,555.1,15288
equity,INE670O01013,2026-08-24,566.95,545,553.95,13499
equity,INE670O01013,2026-08-25,562.95,545,546.2,9369
equity,INE670O01013,2026-08-26,565,545.85,556.5,6603
equity,INE670O01013,2026-08-27,565,540,541.4,8373
equity,INE670O01013,2026-08-28,564.95,546,546.7,4526
equity,INE670O01013,2026-08-31,561.75,520,532.55,9861
equity,INE670O01013,2026-09-01,554.35,505.95,514.15,20299
equity,INE670O01013,2026-09-02,520,501,502.05,19205
equity,INE670O01013,2026-09-03,527.15,494,527.15,132633
equity,INE670O01013,2026-09-04,552.95,530.35,542.4,16907
equity,INE670O01013,2026-09-07,544.95,515.3,522,14827
equity,INE670O01013,2026-09-08,537.65,513.05,531.2,23535
equity,INE670O01013,2026-09-09,550,525.05,540.4,11378
equity,INE670O01013,2026-09-10,549,527.05,546,15825
equity,INE670O01013,2026-09-11,545,535,540.45,10095
equity,INE670O01013,2026-09-15,560.2,513.45,518.5,19227
equity,INE670O01013,2026-09-16,531.2,495,524.75,8604
equity,INE670O01013,2026-09-17,541.15,520,530.45,5391
equity,INE670O01013,2026-09-18,550.45,525.05,538.75,3309
equity,INE670O01013,2026-09-21,544,528.05,538.8,4470
equity,INE620D01011,2026-08-18,6250,6141,6198,51
equity,INE620D01011,2026-08-19,6300,6136,6175,33
equity,INE620D01011,2026-08-20,6273,6113,6178.5,65
equity,INE620D01011,2026-08-21,6300,6156,6289.5,31
equity,INE620D01011,2026-08-24,6344.5,6100,6275,156
equity,INE620D01011,2026-08-25,6275,6161,6200,52
equity,INE620D01011,2026-08-26,6450,6180,6220.5,62
equity,INE620D01011,2026-08-27,6300,6180,6200,22
equity,INE620D01011,2026-08-28,6389.5,6225,6302.5,26
equity,INE620D01011,2026-08-31,6397,6215.5,6392,54
equity,INE620D01011,2026-09-01,6375,6215.5,6232,55
equity,INE620D01011,2026-09-02,6297,6275,6275,38
equity,INE620D01011,2026-09-03,6392,6225,6325,71
equity,INE620D01011,2026-09-04,6390,6221,6305,94
equity,INE620D01011,2026-09-07,6390,6260,6385,75
equity,INE620D01011,2026-09-08,6389,6200,6210,119
equity,INE620D01011,2026-09-09,6270,6164.5,6164.5,45
equity,INE620D01011,2026-09-10,6270,6200,6211.5,58
equity,INE620D01011,2026-09-11,6250,6250,6250,2
equity,INE620D01011,2026-09-15,6260,6080,6081,67
equity,INE620D01011,2026-09-16,6388,6200,6240,17
equity,INE620D01011,2026-09-17,6280.5,6125,6273.5,12
equity,INE620D01011,2026-09-18,6304.5,6150,6227.5,64
equity,INE620D01011,2026-09-21,6300,6260,6295.5,31
equity,INE365Y01019,2026-08-18,1552.903,1200.3293,1263.9885,290
equity,INE365Y01019,2026-08-19,1324.1498,1215.5196,1273.4824,190
equity,INE365Y01019,2026-08-20,1475.053,1289.1723,1293.8693,1380
equity,INE365Y01019,2026-08-21,1527.9191,1330.146,1396.2036,4535
equity,INE365Y01019,2026-08-24,1487.0453,1428.0831,1440.2753,1622
equity,INE365Y01019,2026-08-25,1498.9377,1409.8949,1471.4553,1334
equity,INE365Y01019,2026-08-26,1588.9799,1449.0697,1540.2112,7651
equity,INE365Y01019,2026-08-27,1647.942,1479.2503,1495.6398,1177
equity,INE365Y01019,2026-08-28,1577.1874,1509.0312,1526.8198,936
equity,INE365Y01019,2026-08-31,1558.8993,1519.0248,1528.8186,1197
equity,INE365Y01019,2026-09-01,1584.7826,1495.1401,1506.4329,5388
equity,INE365Y01019,2026-09-02,1531.9166,1489.0441,1517.226,524
equity,INE365Y01019,2026-09-03,1567.2939,1511.4297,1519.8243,897
equity,INE365Y01019,2026-09-04,1567.7935,1519.0248,1532.3163,586
equity,INE365Y01019,2026-09-07,1573.9895,1499.0376,1547.7063,1034
equity,INE365Y01019,2026-09-08,1573.9896,1547.0069,1567.7936,939
equity,INE365Y01019,2026-09-09,1581.4846,1499.0376,1517.6256,1692
equity,INE365Y01019,2026-09-10,1563.9959,1529.0183,1557.6,1275
equity,INE365Y01019,2026-09-11,1577,1449.8,1505.1,8418
equity,INE365Y01019,2026-09-15,1575,1510,1543.4,2207
equity,INE365Y01019,2026-09-16,1570,1500,1509.8,515
equity,INE365Y01019,2026-09-17,1549.2,1504.9,1534,32
equity,INE365Y01019,2026-09-18,1564,1499.9,1509.7,843
equity,INE365Y01019,2026-09-21,1560.2,1516,1541.7,902
equity,INE887D01024,2026-02-25,105.28,91.21,93.25,2112850
equity,INE887D01024,2026-02-26,95.2,90.74,91.69,157595
equity,INE887D01024,2026-02-27,93.74,88.31,89.42,199415
equity,INE887D01024,2026-03-02,89.4,83.98,85.89,140405
equity,INE887D01024,2026-03-04,85.59,76.6,79.15,240670
equity,INE887D01024,2026-03-05,90,77.59,84.7,111610
equity,INE887D01024,2026-03-06,86.4,81.07,81.56,80235
equity,INE887D01024,2026-03-09,81.49,80.01,80.58,11955
equity,INE887D01024,2026-03-10,84.08,78.22,79.64,40370
equity,INE887D01024,2026-03-11,82,80,80.27,35000
equity,INE887D01024,2026-03-12,84.16,81,82.65,39315
equity,INE887D01024,2026-03-13,81.82,77.56,79.05,29390
equity,INE887D01024,2026-03-16,81.2,73.01,73.54,105240
equity,INE887D01024,2026-03-17,75.99,73.4,73.99,40140
equity,INE887D01024,2026-03-18,74.88,72.47,73.13,111340
equity,INE887D01024,2026-03-19,74.76,70.66,71.19,103110
equity,INE887D01024,2026-03-20,74.06,69.01,71.73,64145
equity,INE887D01024,2026-03-23,75.4,62,66.21,125565
equity,INE887D01024,2026-03-24,72,66.23,70.59,443510
equity,INE887D01024,2026-03-25,75,70.8,74.41,40725
equity,INE887D01024,2026-03-27,74.98,68.41,69.34,477995
equity,INE887D01024,2026-03-30,72.99,62.1,64.98,106745
equity,INE887D01024,2026-04-01,69.99,65.2,69.24,11235
equity,INE887D01024,2026-04-02,70,67.01,69.58,30490
equity,INE887D01024,2026-04-06,72.94,70.25,71.18,29445
equity,INE887D01024,2026-04-07,76.4,70,70.75,67540
equity,INE887D01024,2026-04-08,75.6,72.62,73.43,33300
equity,INE887D01024,2026-04-09,75.18,71,72.29,48620
equity,INE887D01024,2026-04-10,74.8,72.29,73.93,31780
equity,INE887D01024,2026-04-13,74.06,71.67,73.47,15550
equity,INE887D01024,2026-04-15,76.39,73.2,75.5,51145
equity,INE887D01024,2026-04-16,79.92,76.73,78.19,122040
equity,INE887D01024,2026-04-17,80.4,75.6,77.88,119910
equity,INE887D01024,2026-04-20,83.99,74.99,77.74,199915
equity,INE887D01024,2026-04-21,81.57,78.28,80.21,43090
equity,INE887D01024,2026-04-22,82,78.12,80.19,26960
equity,INE887D01024,2026-04-23,81.95,78.61,79.27,22185
equity,INE887D01024,2026-04-24,81.61,77.04,78.85,5085
equity,INE887D01024,2026-04-27,80.39,78.41,79.78,15005
equity,INE887D01024,2026-04-28,81.16,76.01,77.1,43135
equity,INE887D01024,2026-04-29,80.99,76,76.39,28185
equity,INE887D01024,2026-04-30,79.38,75.06,78.39,18525
equity,INE887D01024,2026-05-04,81.45,77.05,78.8,27190
equity,INE887D01024,2026-05-05,80.55,77.3,77.89,13370
equity,INE887D01024,2026-05-06,81.16,76.22,79.71,75860
equity,INE887D01024,2026-05-07,79.4,75.24,76.24,71635
equity,INE887D01024,2026-05-08,79,72.04,75.33,66485
equity,INE887D01024,2026-05-11,75.4,74,74.31,11815
equity,INE887D01024,2026-05-12,73.38,72,72.11,15505
equity,INE887D01024,2026-05-13,74.24,72,72.76,16755
equity,INE887D01024,2026-05-14,75.78,72.38,74.22,8525
equity,INE887D01024,2026-05-15,76.75,72.6,74.65,65180
equity,INE887D01024,2026-05-18,75.97,68.63,71.92,64495
equity,INE887D01024,2026-05-19,74.6,71.98,72.02,25890
equity,INE887D01024,2026-05-20,73.76,71,71.38,12845
equity,INE887D01024,2026-05-21,74.8,71.84,72.35,6660
equity,INE887D01024,2026-05-22,80.29,72.21,78.06,224210
equity,INE887D01024,2026-05-25,83.65,73.92,77.96,422190
equity,INE887D01024,2026-05-26,79.79,75,75.31,74865
equity,INE887D01024,2026-05-27,79.38,75,75.93,161530
equity,INE887D01024,2026-05-29,78,73.81,74.06,50395
equity,INE887D01024,2026-06-01,77.48,73.79,76,104735
equity,INE887D01024,2026-06-02,76.38,74.41,74.91,116930
equity,INE887D01024,2026-06-03,75.44,72.64,73.78,74260
equity,INE887D01024,2026-06-04,74.6,72.82,73.49,12770
equity,INE887D01024,2026-06-05,73.56,72.28,72.37,11240
equity,INE887D01024,2026-06-08,73.48,72.37,73.28,22560
equity,INE887D01024,2026-06-09,74.56,73.16,73.72,16720
equity,INE887D01024,2026-06-10,74.87,73,73.69,4105
equity,INE887D01024,2026-06-11,74.6,71.05,71.53,21530
equity,INE887D01024,2026-06-12,73.99,71.2,71.38,11495
equity,INE887D01024,2026-06-15,73.86,68.42,69.42,85215
equity,INE887D01024,2026-06-16,71.35,69.6,69.72,21735
equity,INE887D01024,2026-06-17,71.4,68.05,69.93,55565
equity,INE887D01024,2026-06-18,69.8,68.99,69.4,84895
equity,INE887D01024,2026-06-19,70.07,68.47,69.08,32305
equity,INE887D01024,2026-06-22,75.01,66.8,68.06,86875
equity,INE887D01024,2026-06-23,69.81,65.35,66.14,98050
equity,INE887D01024,2026-06-24,67.48,65.81,66.26,50350
equity,INE887D01024,2026-06-25,67.88,64.96,65.85,46670
equity,INE887D01024,2026-06-29,67.56,62.42,64.05,29140
equity,INE887D01024,2026-06-30,65.8,63.28,64.37,35925
equity,INE887D01024,2026-07-01,65.71,61.1,62.08,43770
equity,INE887D01024,2026-07-02,64.6,62.41,62.68,22880
equity,INE887D01024,2026-07-03,68.1,62.97,66.34,36065
equity,INE887D01024,2026-07-06,70,66.61,68.76,108000
equity,INE887D01024,2026-07-07,69.6,67,68.29,42600
equity,INE887D01024,2026-07-08,68.78,63.33,64.75,36730
equity,INE887D01024,2026-07-09,66.86,65.47,65.9,37445
equity,INE887D01024,2026-07-10,66.98,63,64.23,72590
equity,INE887D01024,2026-07-13,68,64.32,67.18,51345
equity,INE887D01024,2026-07-14,67,63.02,63.35,91635
equity,INE887D01024,2026-07-15,65,60.82,61.59,87725
equity,INE887D01024,2026-07-16,62.7,57.86,58.58,96015
equity,INE887D01024,2026-07-17,62.05,58.25,58.56,1759665
equity,INE887D01024,2026-07-20,59.8,56.2,56.93,99210
equity,INE887D01024,2026-07-21,59.8,56.73,57.87,112835
equity,INE887D01024,2026-07-22,58.6,53.45,55.06,314815
equity,INE887D01024,2026-07-23,57.59,54.4,55.49,202845
equity,INE887D01024,2026-07-24,56,54.04,54.39,87625
equity,INE887D01024,2026-07-27,56.46,53.03,53.84,122715
equity,INE887D01024,2026-07-28,54.37,52.09,52.46,182345
equity,INE887D01024,2026-07-29,55.75,52.89,55.1,488430
equity,INE887D01024,2026-07-30,59.98,55.34,57.27,513615
equity,INE887D01024,2026-07-31,61.6,56.8,57.93,710745
equity,INE887D01024,2026-08-03,64.4,57.37,58.3,223750
equity,INE887D01024,2026-08-04,59.41,57.07,57.88,249760
equity,INE887D01024,2026-08-05,60.17,56.98,57.14,170585
equity,INE887D01024,2026-08-06,57.88,53.98,54.6,268035
equity,INE887D01024,2026-08-07,56.8,54.03,54.75,176895
equity,INE887D01024,2026-08-10,55.98,54.5,54.79,56710
equity,INE887D01024,2026-08-11,55.28,52.79,53.35,121455
equity,INE887D01024,2026-08-12,53.79,50,50.42,233370
equity,INE887D01024,2026-08-13,51.83,50,50.94,230190
equity,INE887D01024,2026-08-14,53.57,50.21,51.91,280900
equity,INE887D01024,2026-08-17,53.37,50.02,51.26,158175
equity,INE887D01024,2026-08-18,51.09,50.02,50.61,67665
equity,INE887D01024,2026-08-19,51.68,49.26,50.47,179350
equity,INE887D01024,2026-08-20,51.16,50.05,50.57,98235
equity,INE887D01024,2026-08-21,51.21,49.92,50.34,89860
equity,INE887D01024,2026-08-24,52.94,47,48.01,698900
equity,INE887D01024,2026-08-25,51.29,47.11,48.45,859570
equity,INE887D01024,2026-08-26,55.68,44.68,47.03,24835470
equity,INE887D01024,2026-08-27,48.73,46,46.35,3088325
equity,INE887D01024,2026-08-28,46.65,43.61,44.65,1812300
equity,INE887D01024,2026-08-31,45.86,43.83,45.03,1279930
equity,INE887D01024,2026-09-01,46.2,44.322,45.488,454070
equity,INE887D01024,2026-09-02,47.666,45.11,46.662,1337260
equity,INE887D01024,2026-09-03,47.2,46,46.626,780085
equity,INE887D01024,2026-09-04,49.22,43.8,44.1,578711
equity,INE887D01024,2026-09-07,44.47,40.5,41.08,580938
equity,INE887D01024,2026-09-08,49.29,39.37,49.07,6862837
equity,INE887D01024,2026-09-09,58.88,45.6,51.5,32714581
equity,INE887D01024,2026-09-10,58.97,51.81,53.62,56803097
equity,INE887D01024,2026-09-11,57.31,54,55.32,13756114
equity,INE887D01024,2026-09-15,57.3,52.36,54.63,3680305
equity,INE887D01024,2026-09-16,54.74,50.15,52.26,1749386
equity,INE887D01024,2026-09-17,52.39,50.15,51.25,658138
equity,INE887D01024,2026-09-18,51.86,49.3,49.85,705212
equity,INE887D01024,2026-09-21,50.78,43.81,45.99,929852
equity,INE577D01013,2026-08-18,860.9912,841.2466,850.9952,3299
equity,INE577D01013,2026-08-19,861.0407,838.327,855.6468,5821
equity,INE577D01013,2026-08-20,868.6614,831.3991,841.1477,36308
equity,INE577D01013,2026-08-21,846.1457,821.7,840.7518,11365
equity,INE577D01013,2026-08-24,862.9211,836.4961,851.6385,19487
equity,INE577D01013,2026-08-25,870.6903,826.698,855.6963,16021
equity,INE577D01013,2026-08-26,901.6185,861.0407,894.3442,18576
equity,INE577D01013,2026-08-27,900.6287,880.8347,881.379,5200
equity,INE577D01013,2026-08-28,895.2348,864.0098,870.5913,5279
equity,INE577D01013,2026-08-31,890.7317,864.2572,869.1068,9887
equity,INE577D01013,2026-09-01,879.1522,856.2406,861.9809,6970
equity,INE577D01013,2026-09-02,871.3336,827.4403,848.7684,10196
equity,INE577D01013,2026-09-03,863.8118,846.1951,857.4282,4557
equity,INE577D01013,2026-09-04,867.9686,854.1622,859.1602,5189
equity,INE577D01013,2026-09-07,866.8799,843.5229,859.8035,5575
equity,INE577D01013,2026-09-08,870.9377,857.5767,864.95,8040
equity,INE577D01013,2026-09-09,877,858.05,865.45,5254
equity,INE577D01013,2026-09-10,889.7,857,875.9,5330
equity,INE577D01013,2026-09-11,878.95,860,867.85,7907
equity,INE577D01013,2026-09-15,875,840,843.5,7780
equity,INE577D01013,2026-09-16,852,821.2,839.45,9126
equity,INE577D01013,2026-09-17,845.95,831.05,837.9,2099
equity,INE577D01013,2026-09-18,856.45,832.7,841,2378
equity,INE577D01013,2026-09-21,845,835.2,842.45,3142
equity,INE068B01017,2026-08-18,124.65,117.1,121.66,43443
equity,INE068B01017,2026-08-19,124.18,119.01,119.69,14877
equity,INE068B01017,2026-08-20,122.96,118.26,119.05,16757
equity,INE068B01017,2026-08-21,120.55,118.25,118.71,14339
equity,INE068B01017,2026-08-24,122.9,118,118.4,12639
equity,INE068B01017,2026-08-25,119.49,117,117.07,12340
equity,INE068B01017,2026-08-26,117.99,116.3,117.04,21750
equity,INE068B01017,2026-08-27,117.62,116.1,116.78,23587
equity,INE068B01017,2026-08-28,117,115,115.43,19600
equity,INE068B01017,2026-08-31,118.01,114.01,114.45,21054
equity,INE068B01017,2026-09-01,118.19,114.47,116.59,27223
equity,INE068B01017,2026-09-02,119,113.21,113.7,15293
equity,INE068B01017,2026-09-03,117.6,113.98,114.67,50859
equity,INE068B01017,2026-09-04,116,113.95,114.56,31358
equity,INE068B01017,2026-09-07,115,114.01,114.16,27540
equity,INE068B01017,2026-09-08,114.84,112.7,113.19,28488
equity,INE068B01017,2026-09-09,114.19,110.25,111.7,29556
equity,INE068B01017,2026-09-10,113.17,111.42,112.43,20279
equity,INE068B01017,2026-09-11,115,108.96,110.34,50303
equity,INE068B01017,2026-09-15,112.16,105.05,106.86,52685
equity,INE068B01017,2026-09-16,108.9,106,107.25,17097
equity,INE068B01017,2026-09-17,109.99,107,108.72,14502
equity,INE068B01017,2026-09-18,114,108.39,113.44,52095
equity,INE068B01017,2026-09-21,115,113.46,113.6,16775
equity,INE199E01014,2026-08-18,1274.8,1225,1262.4,1312
equity,INE199E01014,2026-08-19,1280,1235.6,1273.4,1781
equity,INE199E01014,2026-08-20,1279.9,1243.3,1264,1195
equity,INE199E01014,2026-08-21,1278.9,1230,1232.6,2435
equity,INE199E01014,2026-08-24,1233.3,1170,1208,1578
equity,INE199E01014,2026-08-25,1232,1152.1,1178.6,1488
equity,INE199E01014,2026-08-26,1203.2,1164.9,1188.7,311
equity,INE199E01014,2026-08-27,1209.6,1131.3,1156.3,1474
equity,INE199E01014,2026-08-28,1224,1150.1,1179.4,1631
equity,INE199E01014,2026-08-31,1200,1130,1148.8,3753
equity,INE199E01014,2026-09-01,1193,1133.9,1152.7,2042
equity,INE199E01014,2026-09-02,1179,1135.1,1150,1386
equity,INE199E01014,2026-09-03,1170,1133,1145.1,2400
equity,INE199E01014,2026-09-04,1169.5,1140.1,1144.9,981
equity,INE199E01014,2026-09-07,1275,1155,1268.6,13356
equity,INE199E01014,2026-09-08,1284.8,1230,1239.4,2607
equity,INE199E01014,2026-09-09,1259.9,1180.8,1225.3,1041
equity,INE199E01014,2026-09-10,1251.8,1204.1,1231.7,3247
equity,INE199E01014,2026-09-11,1249,1185.7,1200.2,4670
equity,INE199E01014,2026-09-15,1275.4,1201,1209.3,4496
equity,INE199E01014,2026-09-16,1255,1205,1213.8,2087
equity,INE199E01014,2026-09-17,1250,1205,1215.7,3393
equity,INE199E01014,2026-09-18,1242,1218.8,1233.3,2481
equity,INE199E01014,2026-09-21,1236,1200,1208.4,1192
equity,INE413D01011,2026-04-13,39.65,39.65,39.65,
equity,INE413D01011,2026-04-15,39.65,39.65,39.65,
equity,INE413D01011,2026-04-16,39.65,39.65,39.65,
equity,INE413D01011,2026-04-17,39.65,39.65,39.65,
equity,INE413D01011,2026-04-20,1100,900,907.55,706
equity,INE413D01011,2026-04-21,1049.95,902.05,956.4,2831
equity,INE413D01011,2026-04-22,960.05,910,947.9,4701
equity,INE413D01011,2026-04-23,988,875,928.55,2464
equity,INE413D01011,2026-04-24,950,900,939.05,869
equity,INE413D01011,2026-04-27,950,934,945.7,2083
equity,INE413D01011,2026-04-28,949.8,880.4,924.2,2914
equity,INE413D01011,2026-04-29,950,865.5,906.5,5235
equity,INE413D01011,2026-04-30,940,877.8,910.7,1406
equity,INE413D01011,2026-05-04,987,888,916.4,2915
equity,INE413D01011,2026-05-05,922,882,911.3,3508
equity,INE413D01011,2026-05-06,930,861.4,904.6,1705
equity,INE413D01011,2026-05-07,938.95,891.2,913.1,8613
equity,INE413D01011,2026-05-08,914.95,893,909.3,980
equity,INE413D01011,2026-05-11,919.9,860.05,891.1,6267
equity,INE413D01011,2026-05-12,920,872.1,892.8,4612
equity,INE413D01011,2026-05-13,923.8,866,874.1,1995
equity,INE413D01011,2026-05-14,890.5,815.5,841.4,1769
equity,INE413D01011,2026-05-15,884.9,830,858.85,3845
equity,INE413D01011,2026-05-18,910,770,806.15,4211
equity,INE413D01011,2026-05-19,877.3,751,852.35,4086
equity,INE413D01011,2026-05-20,940,825,865.9,2926
equity,INE413D01011,2026-05-21,918.9,867.1,899.35,3189
equity,INE413D01011,2026-05-22,901.8,801.4,865.3,7066
equity,INE413D01011,2026-05-25,919,806.4,851.65,3572
equity,INE413D01011,2026-05-26,914,834.7,859.6,1436
equity,INE413D01011,2026-05-27,896.95,830.05,893.2,1002
equity,INE413D01011,2026-05-28,893.2,893.2,893.2,
equity,INE413D01011,2026-05-29,919.95,853.25,893.85,2213
equity,INE413D01011,2026-06-01,957.95,715.1,737.4,62638
equity,INE413D01011,2026-06-02,839.85,740.45,812.65,14131
equity,INE413D01011,2026-06-03,839.95,800.4,829.05,1834
equity,INE413D01011,2026-06-04,839.75,765,824,4388
equity,INE413D01011,2026-06-05,859.25,815,823.9,1437
equity,INE413D01011,2026-06-08,839,805,822.65,1306
equity,INE413D01011,2026-06-09,855,810,828.75,1406
equity,INE413D01011,2026-06-10,929.4,857.8,882.95,34423
equity,INE413D01011,2026-06-11,982,842.5,861.65,74064
equity,INE413D01011,2026-06-12,875,825,858,7248
equity,INE413D01011,2026-06-15,875,846,873.55,1794
equity,INE413D01011,2026-06-16,902,858,882.55,4737
equity,INE413D01011,2026-06-17,885,858,877,2661
equity,INE413D01011,2026-06-18,864.8,858,861.85,2154
equity,INE413D01011,2026-06-19,936,831.05,871,5079
equity,INE413D01011,2026-06-22,896.8,858,863.55,3640
equity,INE413D01011,2026-06-23,889,848.1,872,1079
equity,INE413D01011,2026-06-24,876,832.55,865.45,1924
equity,INE413D01011,2026-06-25,865.75,835,844.05,1205
equity,INE413D01011,2026-06-26,844.05,844.05,844.05,
equity,INE413D01011,2026-06-29,870,844.05,850.85,712
equity,INE413D01011,2026-06-30,878,819.05,844.5,1967
equity,INE413D01011,2026-07-01,956,762.6,782.25,68440
equity,INE413D01011,2026-07-02,807.55,765,788.9,7359
equity,INE413D01011,2026-07-03,804.95,777.05,791.3,4654
equity,INE413D01011,2026-07-06,820,783.1,789.65,4157
equity,INE413D01011,2026-07-07,815,793.45,808.8,2668
equity,INE413D01011,2026-07-08,811.2,775,789.1,6334
equity,INE413D01011,2026-07-09,810,773,798.4,2892
equity,INE413D01011,2026-07-10,831,768.1,808.65,2546
equity,INE413D01011,2026-07-13,819.9,792.05,816.65,2814
equity,INE413D01011,2026-07-14,819,789.5,808.45,5343
equity,INE413D01011,2026-07-15,809,764,797.55,9748
equity,INE413D01011,2026-07-16,804,770.1,793.1,23732
equity,INE413D01011,2026-07-17,862,770.05,802.8,18609
equity,INE413D01011,2026-07-20,872,794.55,860.7,9024
equity,INE413D01011,2026-07-21,934.95,843.6,914.85,17074
equity,INE413D01011,2026-07-22,937.4,878.5,907.85,6562
equity,INE413D01011,2026-07-23,1018,910,969.8,4778
equity,INE413D01011,2026-07-24,1039.4,930.1,1021.7,5725
equity,INE413D01011,2026-07-27,1097,1022,1081.4,7647
equity,INE413D01011,2026-07-28,1097,1063.5,1088.4,1786
equity,INE413D01011,2026-07-29,1225,1088.4,1144.9,46928
equity,INE413D01011,2026-07-30,1139.6,1069.9,1087,4909
equity,INE413D01011,2026-07-31,1175,1087.05,1142.75,12691
equity,INE413D01011,2026-08-03,1142,1106.2,1137.9,1624
equity,INE413D01011,2026-08-04,1175,1112.4,1149.6,3408
equity,INE413D01011,2026-08-05,1180,1110,1136.6,5414
equity,INE413D01011,2026-08-06,1147,1072,1130.4,1815
equity,INE413D01011,2026-08-07,1138.2,1088.3,1124.6,2527
equity,INE413D01011,2026-08-10,1133.9,1107,1124.3,773
equity,INE413D01011,2026-08-11,1126.5,1105.1,1119.2,1019
equity,INE413D01011,2026-08-12,1110.2,1080.2,1096.8,1252
equity,INE413D01011,2026-08-13,1125,1025.1,1072.5,6175
equity,INE413D01011,2026-08-14,1100,982,1048.5,4716
equity,INE413D01011,2026-08-17,1080,1010,1031.6,3566
equity,INE413D01011,2026-08-18,1046.8,975.2,1021.5,3544
equity,INE413D01011,2026-08-19,1059.6,977,1029.5,2750
equity,INE413D01011,2026-08-20,1054,1010.2,1035.4,3381
equity,INE413D01011,2026-08-21,1058.1,990,1007.2,4525
equity,INE413D01011,2026-08-24,1065,979.9,999.6,2849
equity,INE413D01011,2026-08-25,1019.4,962.6,971.9,5562
equity,INE413D01011,2026-08-26,1005,957.1,973.3,7801
equity,INE413D01011,2026-08-27,1009.9,945.3,974.8,11973
equity,INE413D01011,2026-08-28,994.8,950,958.9,1298
equity,INE413D01011,2026-08-31,984.7,890,907.8,3929
equity,INE413D01011,2026-09-01,929.35,882,900,2202
equity,INE413D01011,2026-09-02,914.45,878,900.3,2447
equity,INE413D01011,2026-09-03,959.35,890,920.65,2144
equity,INE413D01011,2026-09-04,994.8,920.5,953.15,1172
equity,INE413D01011,2026-09-07,985.25,935.8,961.25,1341
equity,INE413D01011,2026-09-08,959.3,910.4,919.55,922
equity,INE413D01011,2026-09-09,918,860.1,887.5,1558
equity,INE413D01011,2026-09-10,890.95,850.55,883.35,727
equity,INE413D01011,2026-09-11,899.4,885,887.75,3002
equity,INE413D01011,2026-09-15,960,841.4,858.8,6740
equity,INE413D01011,2026-09-16,879.4,841,862.25,969
equity,INE413D01011,2026-09-17,928.95,842.2,896.7,9571
equity,INE413D01011,2026-09-18,947.4,900,936.35,2240
equity,INE413D01011,2026-09-21,971.95,907.55,957.35,686
equity,INE417D01020,2026-08-18,41.8,40.07,41,123208
equity,INE417D01020,2026-08-19,41.6,39,39.9,139465
equity,INE417D01020,2026-08-20,40.8,39.95,40.2,48921
equity,INE417D01020,2026-08-21,40.98,39.76,40.26,79914
equity,INE417D01020,2026-08-24,40.65,39.12,39.82,101539
equity,INE417D01020,2026-08-25,41.07,39.04,40.53,191082
equity,INE417D01020,2026-08-26,42.98,41.77,42.5,695192
equity,INE417D01020,2026-08-27,43.35,42.4,43.11,360339
equity,INE417D01020,2026-08-28,45.1,43.9,43.99,672325
equity,INE417D01020,2026-08-31,45.59,44.11,44.69,814235
equity,INE417D01020,2026-09-01,46.49,45.15,45.21,1288203
equity,INE417D01020,2026-09-02,46.94,45,45.99,954494
equity,INE417D01020,2026-09-03,46.6,45.99,46,729500
equity,INE417D01020,2026-09-04,47.7,46,47.28,1773925
equity,INE417D01020,2026-09-07,48.6,48,48.03,2445557
equity,INE417D01020,2026-09-08,48.89,47.99,48,3577049
equity,INE417D01020,2026-09-09,48.9,47.28,48.5,3134810
equity,INE417D01020,2026-09-10,50.32,48.4,48.42,4104988
equity,INE417D01020,2026-09-11,49.32,48.5,48.51,1182463
equity,INE417D01020,2026-09-14,48.51,48.51,48.51,
equity,INE417D01020,2026-09-15,49.9,49.01,49.14,1540025
equity,INE417D01020,2026-09-16,52.25,49.5,50.81,4985896
equity,INE417D01020,2026-09-17,53.1,51,52.29,3091043
equity,INE417D01020,2026-09-18,53.39,52.7,52.9,4766815
equity,INE417D01020,2026-09-21,63.48,54,61.49,35766255
equity,INE194D01017,2026-08-18,618.349,589.2033,589.5027,268
equity,INE194D01017,2026-08-19,617.85,573.3328,581.9667,194
equity,INE194D01017,2026-08-20,612.8593,581.9667,591.2495,137
equity,INE194D01017,2026-08-21,612.7595,583.9131,598.8853,16
equity,INE194D01017,2026-08-24,598.7355,588.9038,598.7355,209
equity,INE194D01017,2026-08-25,598.8853,568.941,598.8853,123
equity,INE194D01017,2026-08-26,588.9038,573.0333,588.9038,13
equity,INE194D01017,2026-08-27,588.9038,588.9038,588.9038,
equity,INE194D01017,2026-08-28,598.8354,586.9075,598.7855,75
equity,INE194D01017,2026-08-31,598.7855,598.7855,598.7855,
equity,INE194D01017,2026-09-01,598.7855,598.7855,598.7855,
equity,INE194D01017,2026-09-02,598.8852,588.9038,588.9038,124
equity,INE194D01017,2026-09-03,588.9038,575.928,577.4252,23
equity,INE194D01017,2026-09-04,596.7891,583.9131,583.9131,9
equity,INE194D01017,2026-09-07,596.7892,584.9113,596.7892,11
equity,INE194D01017,2026-09-08,595.8908,588.9038,595.8409,18
equity,INE194D01017,2026-09-09,593.7948,573.9317,574.0315,32
equity,INE194D01017,2026-09-10,588.804,574.9299,586.658,52
equity,INE194D01017,2026-09-11,593.8945,563.9503,581.9168,172
equity,INE194D01017,2026-09-15,581.9168,559.0094,561.4549,164
equity,INE194D01017,2026-09-16,580.8189,484.0989,559.6583,197
equity,INE194D01017,2026-09-17,671.55,596.8391,671.55,1394
equity,INE194D01017,2026-09-18,805.85,758.9373,805.85,13851
equity,INE194D01017,2026-09-21,848,725.3,726.15,16464
equity,INE841D01013,2026-08-18,770,730.3,740.45,2234
equity,INE841D01013,2026-08-19,766,736.05,740.15,3658
equity,INE841D01013,2026-08-20,822,741,793.6,36666
equity,INE841D01013,2026-08-21,792,756.1,772.95,6851
equity,INE841D01013,2026-08-24,791,756.1,761,6839
equity,INE841D01013,2026-08-25,789.7,750.05,754.5,6381
equity,INE841D01013,2026-08-26,764.75,741.6,745.85,8628
equity,INE841D01013,2026-08-27,751.95,738.05,741.3,4782
equity,INE841D01013,2026-08-28,779.9,737,760.75,10626
equity,INE841D01013,2026-08-31,767.7,742,744.25,5023
equity,INE841D01013,2026-09-01,759.6,741.6,753.1,6902
equity,INE841D01013,2026-09-02,771,741,749.7,15022
equity,INE841D01013,2026-09-03,764.95,747,749.8,2809
equity,INE841D01013,2026-09-04,756.7,735,743.2,4940
equity,INE841D01013,2026-09-07,764.9,741.05,758.85,4759
equity,INE841D01013,2026-09-08,764,745.15,757.85,4498
equity,INE841D01013,2026-09-09,763.95,736.4,740.8,6623
equity,INE841D01013,2026-09-10,765,742,760.6,6250
equity,INE841D01013,2026-09-11,751.1,730.6,738.7,8186
equity,INE841D01013,2026-09-15,739.4,702.65,713.3,7292
equity,INE841D01013,2026-09-16,719,673.55,711.75,17598
equity,INE841D01013,2026-09-17,747.4,711.95,723,32741
equity,INE841D01013,2026-09-18,749,707,722.4,25482
equity,INE841D01013,2026-09-21,730,715,721.05,15150
equity,INE414Y01015,2026-08-18,542,512,524.2,7976
equity,INE414Y01015,2026-08-19,532.1,512,518.35,3846
equity,INE414Y01015,2026-08-20,525.5,493.5,501.05,7823
equity,INE414Y01015,2026-08-21,513,490,507.6,6242
equity,INE414Y01015,2026-08-24,529.65,506.85,519.05,1918
equity,INE414Y01015,2026-08-25,534,500.3,507.1,6538
equity,INE414Y01015,2026-08-26,520,508,513.05,6213
equity,INE414Y01015,2026-08-27,524.9,510,516.7,3407
equity,INE414Y01015,2026-08-28,589.75,519.05,542.6,6293
equity,INE414Y01015,2026-08-31,651.1,588.95,606.7,143393
equity,INE414Y01015,2026-09-01,700.05,610.45,684.35,131593
equity,INE414Y01015,2026-09-02,697.95,661.6,685.65,29477
equity,INE414Y01015,2026-09-03,699.95,678,684.1,21215
equity,INE414Y01015,2026-09-04,717,684,708.55,22022
equity,INE414Y01015,2026-09-07,717,698.35,714.2,9913
equity,INE414Y01015,2026-09-08,722,685,696,14245
equity,INE414Y01015,2026-09-09,708,653.5,665.9,15678
equity,INE414Y01015,2026-09-10,669.25,620,631.65,42088
equity,INE414Y01015,2026-09-11,661.95,620,659.2,18758
equity,INE414Y01015,2026-09-14,659.2,659.2,659.2,
equity,INE414Y01015,2026-09-15,699.2,646.6,657.6,15689
equity,INE414Y01015,2026-09-16,665.95,630,648.65,14381
equity,INE414Y01015,2026-09-17,679,638.85,678.2,6805
equity,INE414Y01015,2026-09-18,722.65,675,697.75,18488
equity,INE414Y01015,2026-09-21,740,702.05,720.75,40973
equity,INE435D01014,2026-08-18,690,659.95,660,240
equity,INE435D01014,2026-08-19,680,670,679.55,17
equity,INE435D01014,2026-08-20,675,660,675,68
equity,INE435D01014,2026-08-21,700,660,694.95,167
equity,INE435D01014,2026-08-24,698.4,670.05,683.55,48
equity,INE435D01014,2026-08-25,698,668.05,673.2,31
equity,INE435D01014,2026-08-26,700,670,670,82
equity,INE435D01014,2026-08-27,799,670,680,141
equity,INE435D01014,2026-08-28,697.95,680,687.8,46
equity,INE435D01014,2026-08-31,694.95,665,690.3,41
equity,INE435D01014,2026-09-01,697,694.95,694.95,11
equity,INE435D01014,2026-09-02,694.95,650,675.6,345
equity,INE435D01014,2026-09-03,693,670,679.95,185
equity,INE435D01014,2026-09-04,682.6,656.05,670,310
equity,INE435D01014,2026-09-07,685,625.1,679.9,194
equity,INE435D01014,2026-09-08,684.45,659,670,165
equity,INE435D01014,2026-09-09,684.9,672,683.5,41
equity,INE435D01014,2026-09-10,683.5,679,679,5086
equity,INE435D01014,2026-09-11,720,670,673.9,4933
equity,INE435D01014,2026-09-15,675,650,675,226
equity,INE435D01014,2026-09-16,699,650.1,660,5283
equity,INE435D01014,2026-09-17,700,650,659.75,4694
equity,INE435D01014,2026-09-18,680,648,655,6059
equity,INE435D01014,2026-09-21,680.95,664,664.65,5524
equity,INE316A01038,2026-08-18,492.4675,458.9446,466.6768,5959
equity,INE316A01038,2026-08-19,476.9033,452.9583,457.6974,9480
equity,INE316A01038,2026-08-20,472.7129,458.9446,460.1917,6674
equity,INE316A01038,2026-08-21,469.3706,442.7319,453.7066,15259
equity,INE316A01038,2026-08-24,465.8787,448.9675,457.9469,9623
equity,INE316A01038,2026-08-25,468.8219,446.2737,449.2169,14000
equity,INE316A01038,2026-08-26,462.9354,448.2691,455.9016,8130
equity,INE316A01038,2026-08-27,463.9331,451.362,458.8947,8284
equity,INE316A01038,2026-08-28,468.9216,450.4641,466.577,9337
equity,INE316A01038,2026-08-31,475.9555,453.9561,470.8672,13571
equity,INE316A01038,2026-09-01,474.8081,459.2439,463.4343,8887
equity,INE316A01038,2026-09-02,467.6247,450.0151,453.4073,13107
equity,INE316A01038,2026-09-03,467.1258,452.0604,455.0536,5421
equity,INE316A01038,2026-09-04,467.8741,454.8041,458.2961,10145
equity,INE316A01038,2026-09-07,473.9102,453.557,454.9538,7709
equity,INE316A01038,2026-09-08,463.5839,445.0266,449.3666,10266
equity,INE316A01038,2026-09-09,456.4503,440.2376,443.4303,10030
equity,INE316A01038,2026-09-10,451.8609,434.002,436.2468,14410
equity,INE316A01038,2026-09-11,439.9882,422.0793,434.5008,8801
equity,INE316A01038,2026-09-15,442.9813,423.0272,426.4194,6437
equity,INE316A01038,2026-09-16,428.8638,414.1476,424.1247,11414
equity,INE316A01038,2026-09-17,440.936,423.8253,434.85,5030
equity,INE316A01038,2026-09-18,445.95,424,432.1,8812
equity,INE316A01038,2026-09-21,447.95,420.1,422.75,11131
equity,INE693D01018,2026-08-19,10098.5566,10000.5706,10098.5566,2
equity,INE693D01018,2026-08-20,10350.5211,9399.657,9698.6143,8
equity,INE693D01018,2026-08-21,9724.6105,9601.6281,9698.6143,10
equity,INE693D01018,2026-08-24,9698.6143,9698.6143,9698.6143,3
equity,INE693D01018,2026-08-25,9748.6074,9698.6146,9748.6074,2
equity,INE693D01018,2026-08-26,9793.6006,9749.6069,9793.6006,7
equity,INE693D01018,2026-08-27,9793.6006,9793.6006,9793.6006,
equity,INE693D01018,2026-08-28,11752.3206,9698.614,10831.4521,298
equity,INE693D01018,2026-08-31,10831.4524,10262.5337,10498.5,62
equity,INE693D01018,2026-09-01,12598,9999,10217,118
equity,INE693D01018,2026-09-02,10444,10000,10019,27
equity,INE693D01018,2026-09-03,10500,9801,10495,139
equity,INE693D01018,2026-09-04,10489,9600,10045,35
equity,INE693D01018,2026-09-07,10950,10399,10730,22
equity,INE693D01018,2026-09-08,10999,10225,10364,36
equity,INE693D01018,2026-09-09,10590,10400,10401,51
equity,INE693D01018,2026-09-10,10401,10400,10400,105
equity,INE693D01018,2026-09-11,10501,10400,10400,31
equity,INE693D01018,2026-09-15,10450,10400,10400,11
equity,INE693D01018,2026-09-16,10599,10390,10599,10
equity,INE693D01018,2026-09-17,10585,10395,10575,9
equity,INE693D01018,2026-09-18,10575,10400,10540,10
equity,INE693D01018,2026-09-21,10570,10500,10500,57
equity,INE270B01035,2026-04-23,139.6782,131.3074,138.0932,65117
equity,INE270B01035,2026-04-24,139.0838,132.7438,133.9326,22094
equity,INE270B01035,2026-04-27,136.7063,130.5149,134.9232,21767
equity,INE270B01035,2026-04-28,136.6072,133.7344,134.8736,11835
equity,INE270B01035,2026-04-29,138.2913,133.7344,136.0624,37132
equity,INE270B01035,2026-04-30,135.7157,132.5457,134.1802,12761
equity,INE270B01035,2026-05-04,140.4212,134.1802,138.321,50890
equity,INE270B01035,2026-05-05,142.3925,136.5973,139.589,46784
equity,INE270B01035,2026-05-06,141.6594,135.7157,138.4795,46063
equity,INE270B01035,2026-05-07,144.978,133.8335,141.4316,79325
equity,INE270B01035,2026-05-08,142.9473,139.9357,141.5703,29544
equity,INE270B01035,2026-05-11,143.0463,134.9133,136.6172,47413
equity,INE270B01035,2026-05-12,140.6688,132.9618,134.7052,44714
equity,INE270B01035,2026-05-13,138.3607,128.9794,130.931,41063
equity,INE270B01035,2026-05-14,133.5264,131.2579,132.3277,21604
equity,INE270B01035,2026-05-15,136.2903,128.7813,129.7422,23640
equity,INE270B01035,2026-05-18,128.8804,122.9069,124.8881,48975
equity,INE270B01035,2026-05-19,128.1968,122.9861,125.8887,24509
equity,INE270B01035,2026-05-20,126.9982,123.3329,125.8986,16244
equity,INE270B01035,2026-05-21,128.7813,124.9773,126.1859,18222
equity,INE270B01035,2026-05-22,128.3454,123.8678,126.1264,17151
equity,INE270B01035,2026-05-25,128.7813,124.69,126.7604,32433
equity,INE270B01035,2026-05-26,135.6166,126.7604,133.8434,67279
equity,INE270B01035,2026-05-27,135.7157,132.9518,134.1802,12019
equity,INE270B01035,2026-05-28,134.1802,134.1802,134.1802,
equity,INE270B01035,2026-05-29,135.8841,129.3361,131.3867,27115
equity,INE270B01035,2026-06-01,137.5979,131.0895,132.199,14839
equity,INE270B01035,2026-06-02,133.6849,128.9596,129.554,22839
equity,INE270B01035,2026-06-03,132.5853,129.3757,130.3663,11339
equity,INE270B01035,2026-06-04,132.1494,126.9784,127.8997,41515
equity,INE270B01035,2026-06-05,132.1494,124.0857,125.9382,31729
equity,INE270B01035,2026-06-08,127.0774,122.9862,123.8777,23366
equity,INE270B01035,2026-06-09,127.7907,123.3329,126.6614,27514
equity,INE270B01035,2026-06-10,128.5634,124.8188,125.6608,19539
equity,INE270B01035,2026-06-11,127.0081,123.8282,124.3235,11560
equity,INE270B01035,2026-06-12,127.5628,124.5216,124.8089,31151
equity,INE270B01035,2026-06-15,129.5639,125.4726,128.5237,67343
equity,INE270B01035,2026-06-16,130.9607,127.0576,128.1968,18645
equity,INE270B01035,2026-06-17,129.7719,126.8001,127.5133,40292
equity,INE270B01035,2026-06-18,131.7334,127.2161,127.7907,70813
equity,INE270B01035,2026-06-19,135.4978,126.0175,130.8517,170734
equity,INE270B01035,2026-06-22,142.6501,130.9706,140.6589,187794
equity,INE270B01035,2026-06-23,142.9968,135.5176,136.4091,105142
equity,INE270B01035,2026-06-24,156.291,134.8043,148.6235,1234836
equity,INE270B01035,2026-06-25,153.2497,141.6594,142.1944,250879
equity,INE270B01035,2026-06-26,142.1944,142.1944,142.1944,
equity,INE270B01035,2026-06-29,144.3242,141.6594,142.3628,52883
equity,INE270B01035,2026-06-30,148.4353,138.9352,141.1146,88580
equity,INE270B01035,2026-07-01,142.6402,138.8461,139.5593,53506
equity,INE270B01035,2026-07-02,143.3435,137.2512,138.2517,58408
equity,INE270B01035,2026-07-03,142.8482,137.6969,140.4509,83023
equity,INE270B01035,2026-07-06,143.6407,139.1928,140.1834,42894
equity,INE270B01035,2026-07-07,141.6594,135.8742,138.1526,46839
equity,INE270B01035,2026-07-08,138.4894,131.2777,134.418,60866
equity,INE270B01035,2026-07-09,138.6876,132.3575,138.0437,58462
equity,INE270B01035,2026-07-10,142.1449,135.5176,136.3794,108590
equity,INE270B01035,2026-07-13,137.4493,135.1312,135.5572,56255
equity,INE270B01035,2026-07-14,135.7553,133.3382,133.7344,40283
equity,INE270B01035,2026-07-15,135.2006,132.5754,133.9326,66716
equity,INE270B01035,2026-07-16,137.8356,132.7438,133.4571,65621
equity,INE270B01035,2026-07-17,134.9133,131.2777,131.6343,35969
equity,INE270B01035,2026-07-20,134.4477,130.1187,133.1797,32270
equity,INE270B01035,2026-07-21,133.9722,130.2078,130.9111,33229
equity,INE270B01035,2026-07-22,131.6937,127.8996,129.3658,35490
equity,INE270B01035,2026-07-23,131.6541,127.6718,131.1192,29424
equity,INE270B01035,2026-07-24,133.4273,129.2766,131.6541,49727
equity,INE270B01035,2026-07-27,133.7344,132.3971,133.249,19820
equity,INE270B01035,2026-07-28,134.418,129.9701,131.664,24914
equity,INE270B01035,2026-07-29,134.0316,131.5947,133.5165,19362
equity,INE270B01035,2026-07-30,135.3194,131.8027,132.09,26748
equity,INE270B01035,2026-07-31,136.9,132.62,133.63,20913
equity,INE270B01035,2026-08-03,137.19,132.4,134.61,47533
equity,INE270B01035,2026-08-04,135.98,128.5,132.01,32953
equity,INE270B01035,2026-08-05,135.35,132.53,134.33,14561
equity,INE270B01035,2026-08-06,135,131.5,133.05,24656
equity,INE270B01035,2026-08-07,138.6,131.05,132.13,199525
equity,INE270B01035,2026-08-10,131.99,127,127.52,91077
equity,INE270B01035,2026-08-11,128.98,124.75,125.63,70399
equity,INE270B01035,2026-08-12,127.8,123.62,126.23,61199
equity,INE270B01035,2026-08-13,128.28,125.55,126.5,27875
equity,INE270B01035,2026-08-14,127,119.6,122.55,143374
equity,INE270B01035,2026-08-17,126,120.28,124.21,37172
equity,INE270B01035,2026-08-18,124.44,122.2,122.53,18806
equity,INE270B01035,2026-08-19,124.5,120.01,122.4,28579
equity,INE270B01035,2026-08-20,125,122.6,124.61,23254
equity,INE270B01035,2026-08-21,124.39,121.1,121.81,20104
equity,INE270B01035,2026-08-24,124.5,120.94,121.56,23799
equity,INE270B01035,2026-08-25,123.59,119.02,120.92,32004
equity,INE270B01035,2026-08-26,123,119.55,120.09,41096
equity,INE270B01035,2026-08-27,122.5,119.87,120.73,21835
equity,INE270B01035,2026-08-28,124,120.61,123.4,29417
equity,INE270B01035,2026-08-31,124.95,122,122.64,10463
equity,INE270B01035,2026-09-01,123.54,121,121.77,36702
equity,INE270B01035,2026-09-02,124,119.12,122.57,27261
equity,INE270B01035,2026-09-03,125,121.01,123.24,30086
equity,INE270B01035,2026-09-04,124.77,120.35,121.66,25114
equity,INE270B01035,2026-09-07,123.85,121,121.83,33638
equity,INE270B01035,2026-09-08,122.28,119.41,120.56,51795
equity,INE270B01035,2026-09-09,123.3,120.26,121.6,19046
equity,INE270B01035,2026-09-10,124.19,120.02,122.85,37271
equity,INE270B01035,2026-09-11,123.58,120.15,122.57,18322
equity,INE270B01035,2026-09-15,126.61,121,122.15,58688
equity,INE270B01035,2026-09-16,122.94,119.1,120.41,21676
equity,INE270B01035,2026-09-17,121.85,120.05,120.9,14704
equity,INE270B01035,2026-09-18,122.39,119.2,119.56,45441
equity,INE270B01035,2026-09-21,123.8,119.58,122.59,28628
equity,INE770A01010,2026-08-18,524.05,501.55,524,15087
equity,INE770A01010,2026-08-19,543.9,520.1,534.55,4610
equity,INE770A01010,2026-08-20,539.95,524.8,532.3,4061
equity,INE770A01010,2026-08-21,532,505.7,509.25,8180
equity,INE770A01010,2026-08-24,513.05,502.4,507.2,6480
equity,INE770A01010,2026-08-25,514.7,503.6,510,4302
equity,INE770A01010,2026-08-26,515.3,492.1,510,5647
equity,INE770A01010,2026-08-27,512,495.1,496.2,9807
equity,INE770A01010,2026-08-28,504.7,480.1,492.5,8126
equity,INE770A01010,2026-08-31,502.85,492.5,495.3,1829
equity,INE770A01010,2026-09-01,490.95,480.3,490.35,4344
equity,INE770A01010,2026-09-02,497.9,483,497.9,2320
equity,INE770A01010,2026-09-03,502.85,481.3,497.45,6445
equity,INE770A01010,2026-09-04,500,486,491.6,11144
equity,INE770A01010,2026-09-07,495,485.05,490.75,3715
equity,INE770A01010,2026-09-08,498.9,486,489.1,6186
equity,INE770A01010,2026-09-09,497.9,481,487.85,8320
equity,INE770A01010,2026-09-10,497.65,486.55,486.65,2534
equity,INE770A01010,2026-09-11,495.9,472.1,486.9,2492
equity,INE770A01010,2026-09-15,497.8,465.3,469.35,5366
equity,INE770A01010,2026-09-16,456.5,445.9,446.1,8849
equity,INE770A01010,2026-09-17,466.9,440,451,8373
equity,INE770A01010,2026-09-18,464.5,447.75,453.5,3004
equity,INE770A01010,2026-09-21,476.15,447,475.1,12655
equity,INE457G01029,2026-08-18,110.4135,104.9178,107.6457,19425
equity,INE457G01029,2026-08-19,109.7141,103.9186,105.0078,54954
equity,INE457G01029,2026-08-20,106.7064,102.7196,103.5489,51219
equity,INE457G01029,2026-08-21,124.2527,104.1684,114.6902,1142227
equity,INE457G01029,2026-08-24,122.4042,113.4112,119.8162,377427
equity,INE457G01029,2026-08-25,136.693,119.5664,131.7069,1932218
equity,INE457G01029,2026-08-26,141.8889,127.4002,132.886,644347
equity,INE457G01029,2026-08-27,133.7453,125.6016,126.461,128112
equity,INE457G01029,2026-08-28,133.2756,124.4026,131.597,113427
equity,INE457G01029,2026-08-31,135.8936,126.9006,127.71,107168
equity,INE457G01029,2026-09-01,130,122.1,124.79,97252
equity,INE457G01029,2026-09-02,127.95,123.42,125.37,75670
equity,INE457G01029,2026-09-03,127.7,123,125.72,66688
equity,INE457G01029,2026-09-04,134.94,125.3,130.76,263412
equity,INE457G01029,2026-09-07,134.7,126.6,127.28,158500
equity,INE457G01029,2026-09-08,130.99,126.7,128.38,67864
equity,INE457G01029,2026-09-09,129.29,125.94,126.65,59102
equity,INE457G01029,2026-09-10,127.73,120.4,122.3,86819
equity,INE457G01029,2026-09-11,125,116.86,124.11,164548
equity,INE457G01029,2026-09-15,124.99,117.01,119.03,99410
equity,INE457G01029,2026-09-16,121.9,115.1,119.85,131322
equity,INE457G01029,2026-09-17,121.35,117.13,117.94,43602
equity,INE457G01029,2026-09-18,120.41,116.3,117.09,33351
equity,INE457G01029,2026-09-21,118.5,115.85,116.41,47701
equity,INE232E01013,2026-08-18,1845,1766,1773.7,295
equity,INE232E01013,2026-08-19,1829.3,1775,1800.6,142
equity,INE232E01013,2026-08-20,1860,1750.3,1840.6,697
equity,INE232E01013,2026-08-21,1839.9,1780.3,1785.2,64
equity,INE232E01013,2026-08-24,1842,1800,1825,373
equity,INE232E01013,2026-08-25,1825,1771.6,1773.3,71
equity,INE232E01013,2026-08-26,1825,1773.4,1785.1,80
equity,INE232E01013,2026-08-27,1873.9,1775,1811,3113
equity,INE232E01013,2026-08-28,1839.9,1800,1808.8,189
equity,INE232E01013,2026-08-31,1820,1802,1802,214
equity,INE232E01013,2026-09-01,1822,1780,1801,166
equity,INE232E01013,2026-09-02,1835,1781,1803.1,447
equity,INE232E01013,2026-09-03,1860,1805,1848.4,758
equity,INE232E01013,2026-09-04,1890,1802.1,1878.9,1181
equity,INE232E01013,2026-09-07,1935,1832,1902.3,1081
equity,INE232E01013,2026-09-08,1935,1855.3,1890,371
equity,INE232E01013,2026-09-09,1915,1841,1885.2,153
equity,INE232E01013,2026-09-10,1923,1850,1919.4,570
equity,INE232E01013,2026-09-11,1935,1875,1890,693
equity,INE232E01013,2026-09-14,1890,1890,1890,
equity,INE232E01013,2026-09-15,1950,1850,1856.1,590
equity,INE232E01013,2026-09-16,1911,1765.1,1902.6,2130
equity,INE232E01013,2026-09-17,1996.8,1881,1978.3,2205
equity,INE232E01013,2026-09-18,2009,1931.1,1941.4,608
equity,INE232E01013,2026-09-21,1999,1938.2,1987.4,594
equity,INE026D01011,2026-08-18,633.95,601,616.8,2315
equity,INE026D01011,2026-08-19,627.25,619.95,623.25,1159
equity,INE026D01011,2026-08-20,623,612,615,2405
equity,INE026D01011,2026-08-21,620,613,614.9,1484
equity,INE026D01011,2026-08-24,632.9,610,622.2,3838
equity,INE026D01011,2026-08-25,632,617.05,625.4,5672
equity,INE026D01011,2026-08-26,629.4,616.1,625.45,1007
equity,INE026D01011,2026-08-27,625.5,607,618.7,1395
equity,INE026D01011,2026-08-28,622.9,612,614.35,1278
equity,INE026D01011,2026-08-31,660,613.9,634.8,9848
equity,INE026D01011,2026-09-01,634.45,618.3,621.85,1787
equity,INE026D01011,2026-09-02,659,620,640.05,2761
equity,INE026D01011,2026-09-03,671,617,650.95,11659
equity,INE026D01011,2026-09-04,649.95,624,630.4,4002
equity,INE026D01011,2026-09-07,655.65,592,596.45,17992
equity,INE026D01011,2026-09-08,613.95,580,590.1,8090
equity,INE026D01011,2026-09-09,603.95,581.7,587.7,2898
equity,INE026D01011,2026-09-10,605,590,597.1,1262
equity,INE026D01011,2026-09-11,599.9,579.6,589.45,1396
equity,INE026D01011,2026-09-15,594.9,570,574.9,2708
equity,INE026D01011,2026-09-16,584,560,561.7,2698
equity,INE026D01011,2026-09-17,570,550,568.85,973
equity,INE026D01011,2026-09-18,580,560,575.1,1912
equity,INE026D01011,2026-09-21,588,570.3,577.8,683
equity,INE213D01015,2026-08-18,432.9327,421.0605,423.0558,1239
equity,INE213D01015,2026-08-19,432.9826,414.0271,426.2982,429
equity,INE213D01015,2026-08-20,433.9802,422.1081,422.2578,1734
equity,INE213D01015,2026-08-21,448.7455,420.013,434.2795,1137
equity,INE213D01015,2026-08-24,443.4579,422.3076,443.009,1093
equity,INE213D01015,2026-08-25,436.9732,425.2008,433.3317,1905
equity,INE213D01015,2026-08-26,433.0324,423.9538,424.0036,6547
equity,INE213D01015,2026-08-27,447.9474,425.151,426.2484,1954
equity,INE213D01015,2026-08-28,442.9591,418.0177,423.2055,6911
equity,INE213D01015,2026-08-31,435.9755,393.1761,402.155,8561
equity,INE213D01015,2026-09-01,402.155,391.3304,395.9196,824
equity,INE213D01015,2026-09-02,412.9796,389.2853,403.3522,3760
equity,INE213D01015,2026-09-03,419.0154,403.0529,418.5664,2983
equity,INE213D01015,2026-09-04,420.013,405.8962,416.4214,4726
equity,INE213D01015,2026-09-07,428.9919,404.1503,427.2959,2437
equity,INE213D01015,2026-09-08,434.6287,419.2648,426.5976,3407
equity,INE213D01015,2026-09-09,428.4931,419.3146,425.1509,2146
equity,INE213D01015,2026-09-10,438.9685,419.1151,432.3839,2538
equity,INE213D01015,2026-09-11,445.4532,416.0224,424.6022,25298
equity,INE213D01015,2026-09-15,441.1633,426.0488,434.1299,2968
equity,INE213D01015,2026-09-16,442.4104,416.172,430.7877,2215
equity,INE213D01015,2026-09-17,434.7783,418.0676,425.55,1515
equity,INE213D01015,2026-09-18,439.35,420.3,430.05,1478
equity,INE213D01015,2026-09-21,444.8,417.15,429.7,586
equity,INE506D01020,2026-08-18,127.5,124,125.74,54261
equity,INE506D01020,2026-08-19,130.9,125,129.67,50020
equity,INE506D01020,2026-08-20,136,130,132.67,77182
equity,INE506D01020,2026-08-21,136.9,132,133.72,49582
equity,INE506D01020,2026-08-24,137.98,130,134.21,44964
equity,INE506D01020,2026-08-25,136.4,130.1,134.15,17554
equity,INE506D01020,2026-08-26,134.99,130.12,132.54,11839
equity,INE506D01020,2026-08-27,134.8,130.1,134.26,29414
equity,INE506D01020,2026-08-28,140.23,131.1,139.29,86342
equity,INE506D01020,2026-08-31,143,138.1,140.79,86871
equity,INE506D01020,2026-09-01,141,137.2,139.52,76271
equity,INE506D01020,2026-09-02,145,137.77,142.55,75540
equity,INE506D01020,2026-09-03,146,139.02,144.65,62519
equity,INE506D01020,2026-09-04,149.25,145.1,147.7,40259
equity,INE506D01020,2026-09-07,149.45,142.5,144.33,31734
equity,INE506D01020,2026-09-08,145.95,140,141.14,43680
equity,INE506D01020,2026-09-09,144.05,140.4,141.07,48565
equity,INE506D01020,2026-09-10,146,140.01,142.18,43890
equity,INE506D01020,2026-09-11,146.79,138.51,145.7,42006
equity,INE506D01020,2026-09-15,149.79,140.25,141.68,39743
equity,INE506D01020,2026-09-16,144.8,138.5,140.91,52067
equity,INE506D01020,2026-09-17,143.95,139.01,140.41,32509
equity,INE506D01020,2026-09-18,143.5,141.05,142.58,28774
equity,INE506D01020,2026-09-21,143.8,140,142.78,23450
equity,INE687A01016,2026-04-22,1164.6709,1120.2931,1154.3358,1471
equity,INE687A01016,2026-04-23,1165.6571,1140.0165,1165.2527,1704
equity,INE687A01016,2026-04-24,1153.8526,1132.1272,1135.9141,1148
equity,INE687A01016,2026-04-27,1171.5742,1132.1174,1160.9235,488
equity,INE687A01016,2026-04-28,1184.3944,1143.9613,1168.9509,1346
equity,INE687A01016,2026-04-29,1198.2008,1147.9059,1161.9885,633
equity,INE687A01016,2026-04-30,1183.211,1145.9336,1161.2687,653
equity,INE687A01016,2026-05-04,1182.6192,1163.8819,1175.9133,558
equity,INE687A01016,2026-05-05,1182.422,1144.9474,1181.2386,1382
equity,INE687A01016,2026-05-06,1202.1454,1153.8229,1169.7003,1228
equity,INE687A01016,2026-05-07,1219.798,1170.1934,1199.2855,1671
equity,INE687A01016,2026-05-08,1232.7168,1183.6054,1227.0957,2224
equity,INE687A01016,2026-05-11,1232.8155,1172.7575,1188.8322,5763
equity,INE687A01016,2026-05-12,1216.1491,1144.9475,1161.4165,1540
equity,INE687A01016,2026-05-13,1180.1537,1145.046,1158.8524,645
equity,INE687A01016,2026-05-14,1178.2802,1144.1585,1152.7383,573
equity,INE687A01016,2026-05-15,1181.4358,1147.2157,1171.87,640
equity,INE687A01016,2026-05-18,1208.0626,1115.4609,1162.6986,1859
equity,INE687A01016,2026-05-19,1232.7169,1125.224,1204.3151,1201
equity,INE687A01016,2026-05-20,1251.4542,1195.2423,1213.5851,910
equity,INE687A01016,2026-05-21,1228.6736,1186.3667,1191.5935,557
equity,INE687A01016,2026-05-22,1205.3999,1134.6912,1169.2073,1827
equity,INE687A01016,2026-05-25,1242.5787,1169.8977,1239.423,3335
equity,INE687A01016,2026-05-26,1250.9611,1155.7954,1177.4912,3980
equity,INE687A01016,2026-05-27,1144.9474,1046.3301,1054.8112,17009
equity,INE687A01016,2026-05-28,1054.8112,1054.8112,1054.8112,
equity,INE687A01016,2026-05-29,1096.625,1015.7587,1023.7467,3834
equity,INE687A01016,2026-06-01,1023.5495,966.7459,973.2546,5257
equity,INE687A01016,2026-06-02,1009.8417,974.438,986.2721,2872
equity,INE687A01016,2026-06-03,1015.6601,965.4639,970.592,2533
equity,INE687A01016,2026-06-04,1006.1928,966.4501,969.9017,1606
equity,INE687A01016,2026-06-05,985.1873,961.2233,979.3689,872
equity,INE687A01016,2026-06-08,991.3016,955.7994,965.6611,2218
equity,INE687A01016,2026-06-09,982.6233,955.6021,969.5071,2242
equity,INE687A01016,2026-06-10,988.2444,956.7855,966.9431,1396
equity,INE687A01016,2026-06-11,982.1302,947.7127,959.251,1275
equity,INE687A01016,2026-06-12,1028.4804,959.5468,1008.7569,6934
equity,INE687A01016,2026-06-15,1040.413,956.5883,967.5348,14727
equity,INE687A01016,2026-06-16,1005.6997,962.7026,985.3846,3010
equity,INE687A01016,2026-06-17,1003.333,977.298,984.6943,1647
equity,INE687A01016,2026-06-18,1004.3191,982.3274,1003.1357,1662
equity,INE687A01016,2026-06-19,1002.7412,966.3515,998.1062,1570
equity,INE687A01016,2026-06-22,1009.8417,976.509,993.274,2210
equity,INE687A01016,2026-06-23,1033.9043,978.6786,986.2721,1458
equity,INE687A01016,2026-06-24,1001.9523,976.3118,984.3984,2202
equity,INE687A01016,2026-06-25,1010.8279,986.1735,995.5422,4145
equity,INE687A01016,2026-06-26,995.5422,995.5422,995.5422,
equity,INE687A01016,2026-06-29,1008.7569,982.2288,984.5956,1381
equity,INE687A01016,2026-06-30,987.3569,952.7422,976.9034,5560
equity,INE687A01016,2026-07-01,1010.9264,964.527,1003.2836,3601
equity,INE687A01016,2026-07-02,1042.3854,981.2919,1020.4924,5414
equity,INE687A01016,2026-07-03,1029.5652,990.6113,1004.1219,2339
equity,INE687A01016,2026-07-06,1007.7707,977.2979,985.3846,1134
equity,INE687A01016,2026-07-07,1003.9246,978.3827,990.6606,940
equity,INE687A01016,2026-07-08,1002.9385,961.5192,993.6684,1419
equity,INE687A01016,2026-07-09,993.6684,977.2979,978.4321,1800
equity,INE687A01016,2026-07-10,1004.3684,952.1505,966.0062,5542
equity,INE687A01016,2026-07-13,985.9763,953.7777,959.7441,5732
equity,INE687A01016,2026-07-14,973.0574,939.133,954.0735,5130
equity,INE687A01016,2026-07-15,985.779,951.6574,955.7994,4345
equity,INE687A01016,2026-07-16,1091.6941,956.5883,1011.5181,123328
equity,INE687A01016,2026-07-17,1017.7311,983.9546,1001.5578,22268
equity,INE687A01016,2026-07-20,1056.1918,990.7099,1019.2103,16255
equity,INE687A01016,2026-07-21,1044.3084,1007.4256,1014.8712,9315
equity,INE687A01016,2026-07-22,1035.9752,994.7039,1010.2361,8290
equity,INE687A01016,2026-07-23,1032.2771,997.5145,1007.9679,6651
equity,INE687A01016,2026-07-24,1069.9982,987.1596,1050.1761,12644
equity,INE687A01016,2026-07-27,1106.7826,1042.9278,1094.9485,20432
equity,INE687A01016,2026-07-28,1103.4296,1038.0956,1050.4227,7661
equity,INE687A01016,2026-07-29,1094.6033,1025.6205,1030.3048,6440
equity,INE687A01016,2026-07-30,1114.376,1010.8278,1085.8756,12541
equity,INE687A01016,2026-07-31,1303.0311,1108.2125,1303.0311,289600
equity,INE687A01016,2026-08-03,1427.8806,1293.4651,1394.9424,175728
equity,INE687A01016,2026-08-04,1405.2973,1317.6264,1361.314,24507
equity,INE687A01016,2026-08-05,1380.6429,1324.431,1340.6042,6743
equity,INE687A01016,2026-08-06,1359.5388,1293.9583,1303.1298,3113
equity,INE687A01016,2026-08-07,1312.2024,1208.2597,1244.9454,3737
equity,INE687A01016,2026-08-10,1262.3021,1175.6175,1215.5575,5657
equity,INE687A01016,2026-08-11,1208.0625,1158.7539,1178.8718,1257
equity,INE687A01016,2026-08-12,1173.5464,1119.9972,1124.4349,5896
equity,INE687A01016,2026-08-13,1180.6469,1124.435,1159.6415,5454
equity,INE687A01016,2026-08-14,1203.1316,1104.5143,1110.2341,2560
equity,INE687A01016,2026-08-17,1157.7677,1110.2342,1122.8572,3191
equity,INE687A01016,2026-08-18,1147.8074,1097.1181,1117.1375,4536
equity,INE687A01016,2026-08-19,1172.9548,1099.5835,1172.9548,957
equity,INE687A01016,2026-08-20,1231.2377,1183.4082,1227.293,3774
equity,INE687A01016,2026-08-21,1288.6329,1287.9427,1288.6329,5319
equity,INE687A01016,2026-08-24,1353.03,1327.3895,1353.03,16774
equity,INE687A01016,2026-08-25,1358.8485,1285.9702,1316.5416,7661
equity,INE687A01016,2026-08-26,1376.6982,1291.8873,1360.5249,4748
equity,INE687A01016,2026-08-27,1358.9471,1317.725,1317.725,2688
equity,INE687A01016,2026-08-28,1359.6374,1304.7076,1351.3536,1173
equity,INE687A01016,2026-08-31,1418.9065,1350.466,1418.9065,15061
equity,INE687A01016,2026-09-01,1454.6059,1380.6429,1403.1277,2078
equity,INE687A01016,2026-09-02,1400.3664,1337.2513,1365.7517,2669
equity,INE687A01016,2026-09-03,1415.1589,1346.1268,1370.7811,1170
equity,INE687A01016,2026-09-04,1439.3203,1351.0577,1426.5,13477
equity,INE687A01016,2026-09-07,1429.7,1361.1,1399.2,10148
equity,INE687A01016,2026-09-08,1401,1351.2,1370.4,3860
equity,INE687A01016,2026-09-09,1388,1321,1358.6,1859
equity,INE687A01016,2026-09-10,1348.8,1291,1298.4,4552
equity,INE687A01016,2026-09-11,1350,1275,1344.9,1190
equity,INE687A01016,2026-09-15,1369,1320,1336.7,1076
equity,INE687A01016,2026-09-16,1376.7,1310,1359.9,1024
equity,INE687A01016,2026-09-17,1365,1313.1,1350.1,316
equity,INE687A01016,2026-09-18,1370,1325.1,1359.4,864
equity,INE687A01016,2026-09-21,1380,1340,1374.6,3230
equity,INE0OMI01019,2023-09-18,5.85,5.65,5.7,171000
equity,INE0OMI01019,2023-09-20,5.75,5.55,5.65,162000
equity,INE0OMI01019,2023-09-21,5.7,5.5,5.55,132000
equity,INE0OMI01019,2023-09-22,5.6,5.5,5.5,60000
equity,INE0OMI01019,2023-09-25,5.6,5.4,5.5,57000
equity,INE0OMI01019,2023-09-26,5.5,5.25,5.35,159000
equity,INE0OMI01019,2023-09-27,5.5,5.3,5.4,48000
equity,INE0OMI01019,2023-09-28,5.5,5.35,5.35,60000
equity,INE0OMI01019,2023-09-29,5.45,5.3,5.4,78000
equity,INE0OMI01019,2023-10-03,5.5,5.3,5.3,96000
equity,INE0OMI01019,2023-10-04,5.5,5.1,5.25,117000
equity,INE0OMI01019,2023-10-05,5.4,5.2,5.4,159000
equity,INE0OMI01019,2023-10-06,5.45,5.3,5.3,111000
equity,INE0OMI01019,2023-10-09,5.45,4.8,5.1,189000
equity,INE0OMI01019,2023-10-10,5.4,5.05,5.15,111000
equity,INE0OMI01019,2023-10-11,5.4,5.15,5.3,102000
equity,INE0OMI01019,2023-10-12,5.55,5.3,5.4,132000
equity,INE0OMI01019,2023-10-13,5.4,5.25,5.35,87000
equity,INE0OMI01019,2023-10-16,5.35,5.2,5.25,84000
equity,INE0OMI01019,2023-10-17,5.75,5.2,5.35,225000
equity,INE0OMI01019,2023-10-18,5.4,5.3,5.3,60000
equity,INE0OMI01019,2023-10-19,5.35,5.2,5.3,66000
equity,INE0OMI01019,2023-10-20,5.3,5.1,5.25,147000
equity,INE0OMI01019,2023-10-23,5.25,5,5.1,69000
equity,INE0OMI01019,2023-10-25,5.2,5,5,84000
equity,INE0OMI01019,2023-10-26,5.25,4.75,5.1,246000
equity,INE0OMI01019,2023-10-27,5.25,5.05,5.2,72000
equity,INE0OMI01019,2023-10-30,5.15,4.85,5,237000
equity,INE0OMI01019,2023-10-31,5.15,5,5.05,75000
equity,INE0OMI01019,2023-11-01,5.15,5,5,60000
equity,INE0OMI01019,2023-11-02,5.15,5,5.05,51000
equity,INE0OMI01019,2023-11-03,5.2,5,5.15,135000
equity,INE0OMI01019,2023-11-06,5.1,5.05,5.05,69000
equity,INE0OMI01019,2023-11-07,5.1,5.05,5.05,81000
equity,INE0OMI01019,2023-11-08,5.2,5.05,5.15,84000
equity,INE0OMI01019,2023-11-09,5.2,5.05,5.1,69000
equity,INE0OMI01019,2023-11-10,5.15,5.05,5.1,48000
equity,INE0OMI01019,2023-11-13,5.2,5.05,5.15,63000
equity,INE0OMI01019,2023-11-15,5.35,5,5.1,216000
equity,INE0OMI01019,2023-11-16,5.2,5.1,5.2,81000
equity,INE0OMI01019,2023-11-17,5.25,5.1,5.2,108000
equity,INE0OMI01019,2023-11-20,5.5,5.2,5.35,171000
equity,INE0OMI01019,2023-11-21,5.55,5.4,5.5,210000
equity,INE0OMI01019,2023-11-22,5.5,5.3,5.35,60000
equity,INE0OMI01019,2023-11-23,5.3,5.2,5.2,57000
equity,INE0OMI01019,2023-11-24,5.45,5.2,5.3,165000
equity,INE0OMI01019,2023-11-28,5.35,5.15,5.3,66000
equity,INE0OMI01019,2023-11-29,5.5,5.35,5.35,111000
equity,INE0OMI01019,2023-11-30,5.8,5.35,5.5,336000
equity,INE0OMI01019,2023-12-01,5.8,5.45,5.5,198000
equity,INE0OMI01019,2023-12-04,6.05,5.55,5.95,849000
equity,INE0OMI01019,2023-12-05,6.5,6.05,6.5,978000
equity,INE0OMI01019,2023-12-06,7.15,6.05,7.15,1464000
equity,INE0OMI01019,2023-12-07,7.5,7.3,7.5,513000
equity,INE0OMI01019,2023-12-08,7.85,7.8,7.85,573000
equity,INE0OMI01019,2023-12-11,8.2,7.45,7.45,864000
equity,INE0OMI01019,2023-12-12,7.1,7.1,7.1,165000
equity,INE0OMI01019,2023-12-13,7.45,6.75,6.75,942000
equity,INE0OMI01019,2023-12-14,6.55,6.45,6.45,180000
equity,INE0OMI01019,2023-12-15,6.15,6.15,6.15,150000
equity,INE0OMI01019,2023-12-18,6.45,5.9,6.45,618000
equity,INE0OMI01019,2023-12-19,6.75,6.2,6.3,399000
equity,INE0OMI01019,2023-12-20,6.6,6,6.05,459000
equity,INE0OMI01019,2023-12-21,6.35,5.75,6.3,198000
equity,INE0OMI01019,2023-12-22,6.6,6.3,6.45,237000
equity,INE0OMI01019,2023-12-26,6.65,6.15,6.25,267000
equity,INE0OMI01019,2023-12-27,6.45,6.25,6.35,96000
equity,INE0OMI01019,2023-12-28,6.4,6.2,6.2,231000
equity,INE0OMI01019,2023-12-29,6.3,5.9,6.1,198000
equity,INE0OMI01019,2024-01-01,6.4,6,6.4,219000
equity,INE0OMI01019,2024-01-02,6.6,6.3,6.5,255000
equity,INE0OMI01019,2024-01-03,6.65,6.3,6.4,186000
equity,INE0OMI01019,2024-01-04,6.7,6.4,6.65,405000
equity,INE0OMI01019,2024-01-05,6.95,6.9,6.95,225000
equity,INE0OMI01019,2024-01-08,7.25,7.1,7.25,366000
equity,INE0OMI01019,2024-01-09,7.6,7.4,7.6,348000
equity,INE0OMI01019,2024-01-10,7.95,7.25,7.25,507000
equity,INE0OMI01019,2024-01-11,7.25,6.9,7.05,405000
equity,INE0OMI01019,2024-01-12,7.4,6.75,7.15,420000
equity,INE0OMI01019,2024-01-15,7.15,7.15,7.15,
equity,INE0OMI01019,2024-01-16,7.5,7,7,333000
equity,INE0OMI01019,2024-01-17,7.35,6.95,7.25,234000
equity,INE0OMI01019,2024-01-18,7.4,6.95,7.3,270000
equity,INE0OMI01019,2024-01-19,7.4,7.15,7.25,219000
equity,INE0OMI01019,2024-01-23,7.5,7.5,7.5,303000
equity,INE0OMI01019,2024-01-24,7.85,7.65,7.85,513000
equity,INE0OMI01019,2024-01-25,8.2,8.2,8.2,273000
equity,INE0OMI01019,2024-01-29,8.6,8.6,8.6,261000
equity,INE0OMI01019,2024-01-30,9,9,9,294000
equity,INE0OMI01019,2024-01-31,9.45,9.45,9.45,198000
equity,INE0OMI01019,2024-02-01,9.9,9.9,9.9,261000
equity,INE0OMI01019,2024-02-02,10.35,10.35,10.35,345000
equity,INE0OMI01019,2024-02-05,10.85,10.85,10.85,177000
equity,INE0OMI01019,2024-02-06,11.35,11.35,11.35,225000
equity,INE0OMI01019,2024-02-07,11.9,11.9,11.9,141000
equity,INE0OMI01019,2024-02-08,12.45,11.3,11.65,5181000
equity,INE0OMI01019,2024-02-09,12.05,11.1,11.1,699000
equity,INE0OMI01019,2024-02-12,10.55,10.55,10.55,147000
equity,INE0OMI01019,2024-02-13,10.05,10.05,10.05,78000
equity,INE0OMI01019,2024-02-14,10.55,9.55,10,2346000
equity,INE0OMI01019,2024-02-15,10.4,9.5,9.5,834000
equity,INE0OMI01019,2024-02-16,9.95,9.1,9.95,603000
equity,INE0OMI01019,2024-02-19,10.4,10.15,10.4,276000
equity,INE0OMI01019,2024-02-20,10.9,10.9,10.9,126000
equity,INE0OMI01019,2024-02-21,11.4,11.4,11.4,165000
equity,INE0OMI01019,2024-02-22,11.95,11.95,11.95,219000
equity,INE0OMI01019,2024-02-23,12.5,11.35,11.35,1491000
equity,INE0OMI01019,2024-02-26,11.8,10.8,10.8,435000
equity,INE0OMI01019,2024-02-27,10.8,10.3,10.3,273000
equity,INE0OMI01019,2024-02-28,9.8,9.8,9.8,150000
equity,INE0OMI01019,2024-02-29,10.25,9.35,10.25,576000
equity,INE0OMI01019,2024-03-01,10.75,10.7,10.75,165000
equity,INE0OMI01019,2024-03-04,11.8,10.7,10.7,504000
equity,INE0OMI01019,2024-03-05,10.7,10.2,10.2,168000
equity,INE0OMI01019,2024-03-06,10.7,9.75,10.1,366000
equity,INE0OMI01019,2024-03-07,10.15,9.6,10.05,309000
equity,INE0OMI01019,2024-03-11,10.2,9.55,9.55,369000
equity,INE0OMI01019,2024-03-12,9.5,9.1,9.1,168000
equity,INE0OMI01019,2024-03-13,8.85,8.65,8.65,141000
equity,INE0OMI01019,2024-03-14,9.05,8.25,9.05,414000
equity,INE0OMI01019,2024-03-18,9.35,9,9.25,159000
equity,INE0OMI01019,2024-03-19,9.3,8.8,8.85,147000
equity,INE0OMI01019,2024-03-20,8.85,8.5,8.6,117000
equity,INE0OMI01019,2024-03-21,9,8.8,8.85,123000
equity,INE0OMI01019,2024-03-22,9,8.6,8.7,183000
equity,INE0OMI01019,2024-03-26,8.8,8.55,8.65,120000
equity,INE0OMI01019,2024-03-27,8.7,8.25,8.25,267000
equity,INE0OMI01019,2024-03-28,8.2,8,8.15,171000
equity,INE0OMI01019,2024-04-01,8.55,8,8.55,135000
equity,INE0OMI01019,2024-04-02,8.95,8.6,8.95,198000
equity,INE0OMI01019,2024-04-03,9.35,9.25,9.35,84000
equity,INE0OMI01019,2024-04-04,9.8,9.75,9.8,204000
equity,INE0OMI01019,2024-04-05,10.05,9.35,9.7,423000
equity,INE0OMI01019,2024-04-08,9.85,9.3,9.4,129000
equity,INE0OMI01019,2024-04-09,9.65,9.25,9.5,120000
equity,INE0OMI01019,2024-04-10,9.5,9.1,9.25,99000
equity,INE0OMI01019,2024-04-12,9.45,8.85,9.05,237000
equity,INE0OMI01019,2024-04-15,9,8.6,8.85,141000
equity,INE0OMI01019,2024-04-16,9,8.8,8.9,93000
equity,INE0OMI01019,2024-04-18,9.1,8.85,8.95,135000
equity,INE0OMI01019,2024-04-19,8.9,8.65,8.8,99000
equity,INE0OMI01019,2024-04-22,9.1,8.85,9.1,180000
equity,INE0OMI01019,2024-04-23,9.1,9,9.05,93000
equity,INE0OMI01019,2024-04-24,9.1,8.9,9,96000
equity,INE0OMI01019,2024-04-25,9.1,8.65,8.9,135000
equity,INE0OMI01019,2024-04-26,9,8.8,8.95,150000
equity,INE0OMI01019,2024-04-29,9.2,8.95,9.05,276000
equity,INE0OMI01019,2024-04-30,9.25,8.8,9,192000
equity,INE0OMI01019,2024-05-02,9.1,8.75,8.9,147000
equity,INE0OMI01019,2024-05-03,9,8.85,8.9,96000
equity,INE0OMI01019,2024-05-06,9.1,8.85,8.85,114000
equity,INE0OMI01019,2024-05-07,9,8.65,8.75,81000
equity,INE0OMI01019,2024-05-08,9,8.75,8.75,126000
equity,INE0OMI01019,2024-05-09,8.8,8.55,8.55,93000
equity,INE0OMI01019,2024-05-10,8.55,8.35,8.45,60000
equity,INE0OMI01019,2024-05-13,8.7,8.05,8.05,213000
equity,INE0OMI01019,2024-05-14,8.05,7.8,7.85,249000
equity,INE0OMI01019,2024-05-15,8.2,7.85,8.2,105000
equity,INE0OMI01019,2024-05-16,8.6,8.5,8.6,150000
equity,INE0OMI01019,2024-05-17,9,8.5,8.65,252000
equity,INE0OMI01019,2024-05-21,9.2,8.55,8.65,330000
equity,INE0OMI01019,2024-05-22,8.75,8.45,8.55,207000
equity,INE0OMI01019,2024-05-23,8.6,8.5,8.5,90000
equity,INE0OMI01019,2024-05-24,8.7,8.5,8.55,231000
equity,INE0OMI01019,2024-05-27,8.95,8.65,8.95,276000
equity,INE0OMI01019,2024-05-28,9.2,8.6,8.9,174000
equity,INE0OMI01019,2024-05-29,9.1,8.6,8.65,111000
equity,INE0OMI01019,2024-05-30,9,8.7,8.8,162000
equity,INE0OMI01019,2024-05-31,9.05,8.65,8.7,123000
equity,INE0OMI01019,2024-06-03,9.1,8.75,9,405000
equity,INE0OMI01019,2024-06-04,9.25,8.55,8.75,306000
equity,INE0OMI01019,2024-06-05,8.75,8.4,8.65,150000
equity,INE0OMI01019,2024-06-06,9,8.25,8.65,219000
equity,INE0OMI01019,2024-06-07,8.65,8.4,8.45,198000
equity,INE0OMI01019,2024-06-10,8.75,8.4,8.6,210000
equity,INE0OMI01019,2024-06-11,8.7,8.5,8.65,294000
equity,INE0OMI01019,2024-06-12,8.9,8.5,8.55,276000
equity,INE0OMI01019,2024-06-13,8.7,8.3,8.35,489000
equity,INE0OMI01019,2024-06-14,8.45,8.35,8.4,186000
equity,INE0OMI01019,2024-06-18,8.6,8.35,8.45,492000
equity,INE0OMI01019,2024-06-19,8.7,8.5,8.65,342000
equity,INE0OMI01019,2024-06-20,9,8.6,8.6,336000
equity,INE0OMI01019,2024-06-21,8.65,8.5,8.5,204000
equity,INE0OMI01019,2024-06-24,8.75,7.8,8.35,456000
equity,INE0OMI01019,2024-06-25,8.55,8.35,8.5,234000
equity,INE0OMI01019,2024-06-26,8.75,8.5,8.65,306000
equity,INE0OMI01019,2024-06-27,8.65,8.4,8.4,267000
equity,INE0OMI01019,2024-06-28,8.5,8.25,8.35,207000
equity,INE0OMI01019,2024-07-01,8.35,8.35,8.35,
equity,INE0OMI01019,2024-07-02,8.35,8.35,8.35,
equity,INE0OMI01019,2024-07-03,8.35,8.35,8.35,
equity,INE0OMI01019,2024-07-04,8.35,8.35,8.35,
equity,INE0OMI01019,2024-07-05,8.35,8.35,8.35,
equity,INE0OMI01019,2024-07-08,8.35,8.35,8.35,
equity,INE0OMI01019,2024-07-09,8.35,8.35,8.35,
equity,INE0OMI01019,2024-07-10,8.35,8.35,8.35,
equity,INE0OMI01019,2024-07-11,8.35,8.35,8.35,
equity,INE0OMI01019,2024-07-12,8.35,8.35,8.35,
equity,INE0OMI01019,2024-07-15,8.35,8.35,8.35,
equity,INE0OMI01019,2024-07-16,8.35,8.35,8.35,
equity,INE0OMI01019,2024-07-18,8.35,8.35,8.35,
equity,INE0OMI01019,2024-07-19,8.35,8.35,8.35,
equity,INE0OMI01019,2024-07-22,8.35,8.35,8.35,
equity,INE0OMI01019,2024-07-23,8.35,8.35,8.35,
equity,INE0OMI01019,2024-07-24,8.35,8.35,8.35,
equity,INE0OMI01019,2024-07-25,8.35,8.35,8.35,
equity,INE0OMI01019,2024-07-26,8.35,8.35,8.35,
equity,INE0OMI01019,2024-07-29,8.35,8.35,8.35,
equity,INE0OMI01019,2024-07-30,8.35,8.35,8.35,
equity,INE0OMI01019,2024-07-31,8.35,8.35,8.35,
equity,INE0OMI01019,2024-08-01,8.35,8.35,8.35,
equity,INE0OMI01019,2024-08-02,8.35,8.35,8.35,
equity,INE0OMI01019,2024-08-05,8.35,8.35,8.35,
equity,INE0OMI01019,2024-08-06,8.35,8.35,8.35,
equity,INE0OMI01019,2024-08-07,8.35,8.35,8.35,
equity,INE0OMI01019,2024-08-08,8.35,8.35,8.35,
equity,INE0OMI01019,2024-08-09,8.35,8.35,8.35,
equity,INE0OMI01019,2024-08-12,8.35,8.35,8.35,
equity,INE0OMI01019,2024-08-13,8.35,8.35,8.35,
equity,INE0OMI01019,2024-08-14,8.35,8.35,8.35,
equity,INE0OMI01019,2024-08-16,8.35,8.35,8.35,
equity,INE0OMI01019,2024-08-19,8.35,8.35,8.35,
equity,INE0OMI01019,2024-08-20,8.35,8.35,8.35,
equity,INE0OMI01019,2024-08-21,8.35,8.35,8.35,
equity,INE0OMI01019,2024-08-22,8.35,8.35,8.35,
equity,INE0OMI01019,2024-08-23,8.35,8.35,8.35,
equity,INE0OMI01019,2024-08-26,8.35,8.35,8.35,
equity,INE0OMI01019,2024-08-27,8.35,8.35,8.35,
equity,INE0OMI01019,2024-08-28,8.35,8.35,8.35,
equity,INE0OMI01019,2024-08-29,8.35,8.35,8.35,
equity,INE0OMI01019,2024-08-30,8.35,8.35,8.35,
equity,INE0OMI01019,2024-09-02,8.35,8.35,8.35,
equity,INE0OMI01019,2024-09-03,8.35,8.35,8.35,
equity,INE0OMI01019,2024-09-04,8.35,8.35,8.35,
equity,INE0OMI01019,2024-09-05,8.35,8.35,8.35,
equity,INE0OMI01019,2024-09-06,8.35,8.35,8.35,
equity,INE0OMI01019,2024-09-09,7.6,7.6,7.6,27000
equity,INE0OMI01019,2024-09-10,7.6,7.6,7.6,
equity,INE0OMI01019,2024-09-11,7.6,7.6,7.6,
equity,INE0OMI01019,2024-09-12,7.6,7.6,7.6,
equity,INE0OMI01019,2024-09-13,7.6,7.6,7.6,
equity,INE0OMI01019,2024-09-16,7.25,7.25,7.25,24000
equity,INE0OMI01019,2024-09-17,7.25,7.25,7.25,
equity,INE0OMI01019,2024-09-18,7.25,7.25,7.25,
equity,INE0OMI01019,2024-09-19,7.25,7.25,7.25,
equity,INE0OMI01019,2024-09-20,7.25,7.25,7.25,
equity,INE0OMI01019,2024-09-23,6.9,6.9,6.9,48000
equity,INE0OMI01019,2024-09-24,6.9,6.9,6.9,
equity,INE0OMI01019,2024-09-25,6.9,6.9,6.9,
equity,INE0OMI01019,2024-09-26,6.9,6.9,6.9,
equity,INE0OMI01019,2024-09-27,6.9,6.9,6.9,
equity,INE0OMI01019,2024-09-30,6.55,6.55,6.55,18000
equity,INE0OMI01019,2024-10-01,6.55,6.55,6.55,
equity,INE0OMI01019,2024-10-03,6.55,6.55,6.55,
equity,INE0OMI01019,2024-10-04,6.55,6.55,6.55,
equity,INE0OMI01019,2024-10-07,6.25,6.25,6.25,27000
equity,INE0OMI01019,2024-10-08,6.25,6.25,6.25,
equity,INE0OMI01019,2024-10-09,6.25,6.25,6.25,
equity,INE0OMI01019,2024-10-10,6.25,6.25,6.25,
equity,INE0OMI01019,2024-10-11,6.25,6.25,6.25,
equity,INE0OMI01019,2024-10-14,5.95,5.95,5.95,102000
equity,INE0OMI01019,2024-10-15,5.95,5.95,5.95,
equity,INE0OMI01019,2024-10-16,5.95,5.95,5.95,
equity,INE0OMI01019,2024-10-17,5.95,5.95,5.95,
equity,INE0OMI01019,2024-10-18,5.95,5.95,5.95,
equity,INE0OMI01019,2024-10-21,5.65,5.65,5.65,42000
equity,INE0OMI01019,2024-10-22,5.65,5.65,5.65,
equity,INE0OMI01019,2024-10-23,5.65,5.65,5.65,
equity,INE0OMI01019,2024-10-24,5.65,5.65,5.65,
equity,INE0OMI01019,2024-10-25,5.65,5.65,5.65,
equity,INE0OMI01019,2024-10-28,5.4,5.4,5.4,15000
equity,INE0OMI01019,2024-10-29,5.4,5.4,5.4,
equity,INE0OMI01019,2024-10-30,5.4,5.4,5.4,
equity,INE0OMI01019,2024-10-31,5.4,5.4,5.4,
equity,INE0OMI01019,2024-11-01,5.4,5.4,5.4,
equity,INE0OMI01019,2024-11-04,5.15,5.15,5.15,72000
equity,INE0OMI01019,2024-11-05,5.15,5.15,5.15,
equity,INE0OMI01019,2024-11-06,5.15,5.15,5.15,
equity,INE0OMI01019,2024-11-07,5.15,5.15,5.15,
equity,INE0OMI01019,2024-11-08,5.15,5.15,5.15,
equity,INE0OMI01019,2024-11-11,4.9,4.9,4.9,48000
equity,INE0OMI01019,2024-11-12,4.9,4.9,4.9,
equity,INE0OMI01019,2024-11-13,4.9,4.9,4.9,
equity,INE0OMI01019,2024-11-14,4.9,4.9,4.9,
equity,INE0OMI01019,2024-11-18,4.65,4.65,4.65,75000
equity,INE0OMI01019,2024-11-19,4.65,4.65,4.65,
equity,INE0OMI01019,2024-11-21,4.65,4.65,4.65,
equity,INE0OMI01019,2024-11-22,4.65,4.65,4.65,
equity,INE0OMI01019,2024-11-25,4.45,4.45,4.45,87000
equity,INE0OMI01019,2024-11-26,4.45,4.45,4.45,
equity,INE0OMI01019,2024-11-27,4.45,4.45,4.45,
equity,INE0OMI01019,2024-11-28,4.45,4.45,4.45,
equity,INE0OMI01019,2024-11-29,4.45,4.45,4.45,
equity,INE0OMI01019,2024-12-02,4.25,4.25,4.25,78000
equity,INE0OMI01019,2024-12-03,4.25,4.25,4.25,
equity,INE0OMI01019,2024-12-04,4.25,4.25,4.25,
equity,INE0OMI01019,2024-12-05,4.25,4.25,4.25,
equity,INE0OMI01019,2024-12-06,4.25,4.25,4.25,
equity,INE0OMI01019,2024-12-09,4.1,4.05,4.1,336000
equity,INE0OMI01019,2024-12-10,4.1,4.1,4.1,
equity,INE0OMI01019,2024-12-11,4.1,4.1,4.1,
equity,INE0OMI01019,2024-12-12,4.1,4.1,4.1,
equity,INE0OMI01019,2024-12-13,4.1,4.1,4.1,
equity,INE0OMI01019,2024-12-16,4.3,3.9,4.3,354000
equity,INE0OMI01019,2024-12-17,4.3,4.3,4.3,
equity,INE0OMI01019,2024-12-18,4.3,4.3,4.3,
equity,INE0OMI01019,2024-12-19,4.3,4.3,4.3,
equity,INE0OMI01019,2024-12-20,4.3,4.3,4.3,
equity,INE0OMI01019,2024-12-23,4.5,4.2,4.3,159000
equity,INE0OMI01019,2024-12-24,4.3,4.3,4.3,
equity,INE0OMI01019,2024-12-26,4.3,4.3,4.3,
equity,INE0OMI01019,2024-12-27,4.3,4.3,4.3,
equity,INE0OMI01019,2024-12-30,4.25,4.1,4.1,87000
equity,INE0OMI01019,2024-12-31,4.1,4.1,4.1,
equity,INE0OMI01019,2025-01-01,4.1,4.1,4.1,
equity,INE0OMI01019,2025-01-02,4.1,4.1,4.1,
equity,INE0OMI01019,2025-01-03,4.1,4.1,4.1,
equity,INE0OMI01019,2025-01-06,3.9,3.9,3.9,84000
equity,INE0OMI01019,2025-01-07,3.9,3.9,3.9,
equity,INE0OMI01019,2025-01-08,3.9,3.9,3.9,
equity,INE0OMI01019,2025-01-09,3.9,3.9,3.9,
equity,INE0OMI01019,2025-01-10,3.9,3.9,3.9,
equity,INE0OMI01019,2025-01-13,3.7,3.7,3.7,87000
equity,INE0OMI01019,2025-01-14,3.7,3.7,3.7,
equity,INE0OMI01019,2025-01-15,3.7,3.7,3.7,
equity,INE0OMI01019,2025-01-16,3.7,3.7,3.7,
equity,INE0OMI01019,2025-01-17,3.7,3.7,3.7,
equity,INE0OMI01019,2025-01-20,3.7,3.55,3.55,78000
equity,INE0OMI01019,2025-01-21,3.55,3.55,3.55,
equity,INE0OMI01019,2025-01-22,3.55,3.55,3.55,
equity,INE0OMI01019,2025-01-23,3.55,3.55,3.55,
equity,INE0OMI01019,2025-01-24,3.55,3.55,3.55,
equity,INE0OMI01019,2025-01-27,3.4,3.4,3.4,60000
equity,INE0OMI01019,2025-01-28,3.4,3.4,3.4,
equity,INE0OMI01019,2025-01-29,3.4,3.4,3.4,
equity,INE0OMI01019,2025-01-30,3.4,3.4,3.4,
equity,INE0OMI01019,2025-01-31,3.4,3.4,3.4,
equity,INE0OMI01019,2025-02-01,3.4,3.4,3.4,
equity,INE0OMI01019,2025-02-03,3.4,3.25,3.25,51000
equity,INE0OMI01019,2025-02-04,3.25,3.25,3.25,
equity,INE0OMI01019,2025-02-05,3.25,3.25,3.25,
equity,INE0OMI01019,2025-02-06,3.25,3.25,3.25,
equity,INE0OMI01019,2025-02-07,3.25,3.25,3.25,
equity,INE0OMI01019,2025-02-10,3.1,3.1,3.1,63000
equity,INE0OMI01019,2025-02-11,3.1,3.1,3.1,
equity,INE0OMI01019,2025-02-12,3.1,3.1,3.1,
equity,INE0OMI01019,2025-02-13,3.1,3.1,3.1,
equity,INE0OMI01019,2025-02-14,3.1,3.1,3.1,
equity,INE0OMI01019,2025-02-17,3.1,2.95,2.95,54000
equity,INE0OMI01019,2025-02-18,2.95,2.95,2.95,
equity,INE0OMI01019,2025-02-19,2.95,2.95,2.95,
equity,INE0OMI01019,2025-02-20,2.95,2.95,2.95,
equity,INE0OMI01019,2025-02-21,2.95,2.95,2.95,
equity,INE0OMI01019,2025-02-24,2.85,2.8,2.8,81000
equity,INE0OMI01019,2025-02-25,2.8,2.8,2.8,
equity,INE0OMI01019,2025-02-27,2.8,2.8,2.8,
equity,INE0OMI01019,2025-02-28,2.8,2.8,2.8,
equity,INE0OMI01019,2025-03-03,2.8,2.8,2.8,
equity,INE0OMI01019,2025-03-04,2.8,2.8,2.8,
equity,INE0OMI01019,2025-03-05,2.8,2.8,2.8,
equity,INE0OMI01019,2025-03-06,2.8,2.8,2.8,
equity,INE0OMI01019,2025-03-07,2.8,2.8,2.8,
equity,INE0OMI01019,2025-03-10,2.8,2.8,2.8,
equity,INE0OMI01019,2025-03-11,2.8,2.8,2.8,
equity,INE0OMI01019,2025-03-12,2.8,2.8,2.8,
equity,INE0OMI01019,2025-03-13,2.8,2.8,2.8,
equity,INE0OMI01019,2025-03-17,2.8,2.8,2.8,
equity,INE0OMI01019,2025-03-18,2.8,2.8,2.8,
equity,INE0OMI01019,2025-03-19,2.8,2.8,2.8,
equity,INE0OMI01019,2025-03-20,2.8,2.8,2.8,
equity,INE0OMI01019,2025-03-21,2.8,2.8,2.8,
equity,INE0OMI01019,2025-03-24,2.8,2.8,2.8,
equity,INE0OMI01019,2025-03-25,2.8,2.8,2.8,
equity,INE0OMI01019,2025-03-26,2.8,2.8,2.8,
equity,INE0OMI01019,2025-03-27,2.8,2.8,2.8,
equity,INE0OMI01019,2025-03-28,2.8,2.8,2.8,
equity,INE0OMI01019,2025-04-01,2.8,2.8,2.8,
equity,INE0OMI01019,2025-04-02,2.8,2.8,2.8,
equity,INE0OMI01019,2025-04-03,2.8,2.8,2.8,
equity,INE0OMI01019,2025-04-04,2.8,2.8,2.8,
equity,INE0OMI01019,2025-04-07,2.8,2.8,2.8,
equity,INE0OMI01019,2025-04-08,2.8,2.8,2.8,
equity,INE0OMI01019,2025-04-09,2.8,2.8,2.8,
equity,INE0OMI01019,2025-04-11,2.8,2.8,2.8,
equity,INE0OMI01019,2025-04-15,2.8,2.8,2.8,
equity,INE0OMI01019,2025-04-16,2.8,2.8,2.8,
equity,INE0OMI01019,2025-04-17,2.8,2.8,2.8,
equity,INE0OMI01019,2025-04-21,2.8,2.8,2.8,
equity,INE0OMI01019,2025-04-22,2.8,2.8,2.8,
equity,INE0OMI01019,2025-04-23,2.8,2.8,2.8,
equity,INE0OMI01019,2025-04-24,2.8,2.8,2.8,
equity,INE0OMI01019,2025-04-25,2.8,2.8,2.8,
equity,INE0OMI01019,2025-04-28,2.8,2.8,2.8,
equity,INE0OMI01019,2025-04-29,2.8,2.8,2.8,
equity,INE0OMI01019,2025-04-30,2.8,2.8,2.8,
equity,INE0OMI01019,2025-05-02,2.8,2.8,2.8,
equity,INE0OMI01019,2025-05-05,2.8,2.8,2.8,
equity,INE0OMI01019,2025-05-06,2.8,2.8,2.8,
equity,INE0OMI01019,2025-05-07,2.8,2.8,2.8,
equity,INE0OMI01019,2025-05-08,2.8,2.8,2.8,
equity,INE0OMI01019,2025-05-09,2.8,2.8,2.8,
equity,INE0OMI01019,2025-05-12,2.8,2.8,2.8,
equity,INE0OMI01019,2025-05-13,2.8,2.8,2.8,
equity,INE0OMI01019,2025-05-14,2.8,2.8,2.8,
equity,INE0OMI01019,2025-05-15,2.8,2.8,2.8,
equity,INE0OMI01019,2025-05-16,2.8,2.8,2.8,
equity,INE0OMI01019,2025-05-19,2.8,2.8,2.8,
equity,INE0OMI01019,2025-05-20,2.8,2.8,2.8,
equity,INE0OMI01019,2025-05-21,2.8,2.8,2.8,
equity,INE0OMI01019,2025-05-22,2.8,2.8,2.8,
equity,INE0OMI01019,2025-05-23,2.8,2.8,2.8,
equity,INE0OMI01019,2025-05-26,2.8,2.8,2.8,
equity,INE0OMI01019,2025-05-27,2.8,2.8,2.8,
equity,INE0OMI01019,2025-05-28,2.8,2.8,2.8,
equity,INE0OMI01019,2025-05-29,2.8,2.8,2.8,
equity,INE0OMI01019,2025-05-30,2.8,2.8,2.8,
equity,INE0OMI01019,2025-06-02,2.8,2.8,2.8,
equity,INE0OMI01019,2025-06-03,2.8,2.8,2.8,
equity,INE0OMI01019,2025-06-04,2.8,2.8,2.8,
equity,INE0OMI01019,2025-06-05,2.8,2.8,2.8,
equity,INE0OMI01019,2025-06-06,2.8,2.8,2.8,
equity,INE0OMI01019,2025-06-09,2.8,2.8,2.8,
equity,INE0OMI01019,2025-06-10,2.8,2.8,2.8,
equity,INE0OMI01019,2025-06-11,2.8,2.8,2.8,
equity,INE0OMI01019,2025-06-12,2.8,2.8,2.8,
equity,INE0OMI01019,2025-06-13,2.8,2.8,2.8,
equity,INE0OMI01019,2025-06-16,2.8,2.8,2.8,
equity,INE0OMI01019,2025-06-17,2.8,2.8,2.8,
equity,INE0OMI01019,2025-06-18,2.8,2.8,2.8,
equity,INE0OMI01019,2025-06-19,2.8,2.8,2.8,
equity,INE0OMI01019,2025-06-20,2.8,2.8,2.8,
equity,INE0OMI01019,2025-06-23,2.8,2.8,2.8,
equity,INE0OMI01019,2025-06-24,2.8,2.8,2.8,
equity,INE0OMI01019,2025-06-25,2.8,2.8,2.8,
equity,INE0OMI01019,2025-06-26,2.8,2.8,2.8,
equity,INE0OMI01019,2025-06-27,2.8,2.8,2.8,
equity,INE0OMI01019,2025-06-30,2.8,2.8,2.8,
equity,INE0OMI01019,2025-07-01,2.8,2.8,2.8,
equity,INE0OMI01019,2025-07-02,2.8,2.8,2.8,
equity,INE0OMI01019,2025-07-03,2.8,2.8,2.8,
equity,INE0OMI01019,2025-07-04,2.8,2.8,2.8,
equity,INE0OMI01019,2025-07-07,2.8,2.8,2.8,
equity,INE0OMI01019,2025-07-08,2.8,2.8,2.8,
equity,INE0OMI01019,2025-07-09,2.8,2.8,2.8,
equity,INE0OMI01019,2025-07-10,2.8,2.8,2.8,
equity,INE0OMI01019,2025-07-11,2.8,2.8,2.8,
equity,INE0OMI01019,2025-07-14,2.8,2.8,2.8,
equity,INE0OMI01019,2025-07-15,2.8,2.8,2.8,
equity,INE0OMI01019,2025-07-16,2.8,2.8,2.8,
equity,INE0OMI01019,2025-07-17,2.8,2.8,2.8,
equity,INE0OMI01019,2025-07-18,2.8,2.8,2.8,
equity,INE0OMI01019,2025-07-21,2.8,2.8,2.8,
equity,INE0OMI01019,2025-07-22,2.8,2.8,2.8,
equity,INE0OMI01019,2025-07-23,2.8,2.8,2.8,
equity,INE0OMI01019,2025-07-24,2.8,2.8,2.8,
equity,INE0OMI01019,2025-07-25,2.8,2.8,2.8,
equity,INE0OMI01019,2025-07-28,2.8,2.8,2.8,
equity,INE0OMI01019,2025-07-29,2.8,2.8,2.8,
equity,INE0OMI01019,2025-07-30,2.8,2.8,2.8,
equity,INE0OMI01019,2025-07-31,2.8,2.8,2.8,
equity,INE0OMI01019,2025-08-01,2.8,2.8,2.8,
equity,INE0OMI01019,2025-08-04,2.8,2.8,2.8,
equity,INE0OMI01019,2025-08-05,2.8,2.8,2.8,
equity,INE0OMI01019,2025-08-06,2.8,2.8,2.8,
equity,INE0OMI01019,2025-08-07,2.8,2.8,2.8,
equity,INE0OMI01019,2025-08-08,2.8,2.8,2.8,
equity,INE0OMI01019,2025-08-11,2.8,2.8,2.8,
equity,INE0OMI01019,2025-08-12,2.8,2.8,2.8,
equity,INE0OMI01019,2025-08-13,2.8,2.8,2.8,
equity,INE0OMI01019,2025-08-14,2.8,2.8,2.8,
equity,INE0OMI01019,2025-08-18,2.8,2.8,2.8,
equity,INE0OMI01019,2025-08-19,2.8,2.8,2.8,
equity,INE0OMI01019,2025-08-20,2.8,2.8,2.8,
equity,INE0OMI01019,2025-08-21,2.8,2.8,2.8,
equity,INE0OMI01019,2025-08-22,2.8,2.8,2.8,
equity,INE0OMI01019,2025-08-25,2.8,2.8,2.8,
equity,INE0OMI01019,2025-08-26,2.8,2.8,2.8,
equity,INE0OMI01019,2025-08-28,2.8,2.8,2.8,
equity,INE0OMI01019,2025-08-29,2.8,2.8,2.8,
equity,INE0OMI01019,2025-09-01,2.8,2.8,2.8,
equity,INE0OMI01019,2025-09-02,2.8,2.8,2.8,
equity,INE0OMI01019,2025-09-03,2.8,2.8,2.8,
equity,INE0OMI01019,2025-09-04,2.8,2.8,2.8,
equity,INE0OMI01019,2025-09-05,2.8,2.8,2.8,
equity,INE0OMI01019,2025-09-08,2.8,2.8,2.8,
equity,INE0OMI01019,2025-09-09,2.8,2.8,2.8,
equity,INE0OMI01019,2025-09-10,2.8,2.8,2.8,
equity,INE0OMI01019,2025-09-11,2.8,2.8,2.8,
equity,INE0OMI01019,2025-09-12,2.8,2.8,2.8,
equity,INE0OMI01019,2025-09-15,2.8,2.8,2.8,
equity,INE0OMI01019,2025-09-16,2.8,2.8,2.8,
equity,INE0OMI01019,2025-09-17,2.8,2.8,2.8,
equity,INE0OMI01019,2025-09-18,2.8,2.8,2.8,
equity,INE0OMI01019,2025-09-19,2.8,2.8,2.8,
equity,INE0OMI01019,2025-09-22,2.8,2.8,2.8,
equity,INE0OMI01019,2025-09-23,2.8,2.8,2.8,
equity,INE0OMI01019,2025-09-24,2.8,2.8,2.8,
equity,INE0OMI01019,2025-09-25,2.8,2.8,2.8,
equity,INE0OMI01019,2025-09-26,2.8,2.8,2.8,
equity,INE0OMI01019,2025-09-29,2.8,2.8,2.8,
equity,INE0OMI01019,2025-09-30,2.8,2.8,2.8,
equity,INE0OMI01019,2025-10-01,2.8,2.8,2.8,
equity,INE0OMI01019,2025-10-03,2.8,2.8,2.8,
equity,INE0OMI01019,2025-10-06,2.8,2.8,2.8,
equity,INE0OMI01019,2025-10-07,2.8,2.8,2.8,
equity,INE0OMI01019,2025-10-08,2.8,2.8,2.8,
equity,INE0OMI01019,2025-10-09,2.8,2.8,2.8,
equity,INE0OMI01019,2025-10-10,2.8,2.8,2.8,
equity,INE0OMI01019,2025-10-13,2.8,2.8,2.8,
equity,INE0OMI01019,2025-10-14,2.8,2.8,2.8,
equity,INE0OMI01019,2025-10-15,2.8,2.8,2.8,
equity,INE0OMI01019,2025-10-16,2.8,2.8,2.8,
equity,INE0OMI01019,2025-10-17,2.8,2.8,2.8,
equity,INE0OMI01019,2025-10-20,2.8,2.8,2.8,
equity,INE0OMI01019,2025-10-21,2.8,2.8,2.8,
equity,INE0OMI01019,2025-10-23,2.8,2.8,2.8,
equity,INE0OMI01019,2025-10-24,2.8,2.8,2.8,
equity,INE0OMI01019,2025-10-27,2.8,2.8,2.8,
equity,INE0OMI01019,2025-10-28,2.8,2.8,2.8,
equity,INE0OMI01019,2025-10-29,2.8,2.8,2.8,
equity,INE0OMI01019,2025-10-30,2.8,2.8,2.8,
equity,INE0OMI01019,2025-10-31,2.8,2.8,2.8,
equity,INE0OMI01019,2025-11-03,2.8,2.8,2.8,
equity,INE0OMI01019,2025-11-04,2.8,2.8,2.8,
equity,INE0OMI01019,2025-11-06,2.8,2.8,2.8,
equity,INE0OMI01019,2025-11-07,2.8,2.8,2.8,
equity,INE0OMI01019,2025-11-10,2.8,2.8,2.8,
equity,INE0OMI01019,2025-11-11,2.8,2.8,2.8,
equity,INE0OMI01019,2025-11-12,2.8,2.8,2.8,
equity,INE0OMI01019,2025-11-13,2.8,2.8,2.8,
equity,INE0OMI01019,2025-11-14,2.8,2.8,2.8,
equity,INE0OMI01019,2025-11-17,2.8,2.8,2.8,
equity,INE0OMI01019,2025-11-18,2.8,2.8,2.8,
equity,INE0OMI01019,2025-11-19,2.8,2.8,2.8,
equity,INE0OMI01019,2025-11-20,2.8,2.8,2.8,
equity,INE0OMI01019,2025-11-21,2.8,2.8,2.8,
equity,INE0OMI01019,2025-11-24,2.8,2.8,2.8,
equity,INE0OMI01019,2025-11-25,2.8,2.8,2.8,
equity,INE0OMI01019,2025-11-26,2.8,2.8,2.8,
equity,INE0OMI01019,2025-11-27,2.8,2.8,2.8,
equity,INE0OMI01019,2025-11-28,2.8,2.8,2.8,
equity,INE0OMI01019,2025-12-01,2.8,2.8,2.8,
equity,INE0OMI01019,2025-12-02,2.8,2.8,2.8,
equity,INE0OMI01019,2025-12-03,2.8,2.8,2.8,
equity,INE0OMI01019,2025-12-04,2.8,2.8,2.8,
equity,INE0OMI01019,2025-12-05,2.8,2.8,2.8,
equity,INE0OMI01019,2025-12-08,2.8,2.8,2.8,
equity,INE0OMI01019,2025-12-09,2.8,2.8,2.8,
equity,INE0OMI01019,2025-12-10,2.8,2.8,2.8,
equity,INE0OMI01019,2025-12-11,2.8,2.8,2.8,
equity,INE0OMI01019,2025-12-12,2.8,2.8,2.8,
equity,INE0OMI01019,2025-12-15,2.8,2.8,2.8,
equity,INE0OMI01019,2025-12-16,2.8,2.8,2.8,
equity,INE0OMI01019,2025-12-17,2.8,2.8,2.8,
equity,INE0OMI01019,2025-12-18,2.8,2.8,2.8,
equity,INE0OMI01019,2025-12-19,2.8,2.8,2.8,
equity,INE0OMI01019,2025-12-22,2.8,2.8,2.8,
equity,INE0OMI01019,2025-12-23,2.8,2.8,2.8,
equity,INE0OMI01019,2025-12-24,2.8,2.8,2.8,
equity,INE0OMI01019,2025-12-26,2.8,2.8,2.8,
equity,INE0OMI01019,2025-12-29,2.8,2.8,2.8,
equity,INE0OMI01019,2025-12-30,2.8,2.8,2.8,
equity,INE0OMI01019,2025-12-31,2.8,2.8,2.8,
equity,INE0OMI01019,2026-01-01,2.8,2.8,2.8,
equity,INE0OMI01019,2026-01-02,2.8,2.8,2.8,
equity,INE0OMI01019,2026-01-05,2.8,2.8,2.8,
equity,INE0OMI01019,2026-01-06,2.8,2.8,2.8,
equity,INE0OMI01019,2026-01-07,2.8,2.8,2.8,
equity,INE0OMI01019,2026-01-08,2.8,2.8,2.8,
equity,INE0OMI01019,2026-01-09,2.8,2.8,2.8,
equity,INE0OMI01019,2026-01-12,2.8,2.8,2.8,
equity,INE0OMI01019,2026-01-13,2.8,2.8,2.8,
equity,INE0OMI01019,2026-01-14,2.8,2.8,2.8,
equity,INE0OMI01019,2026-01-15,2.8,2.8,2.8,
equity,INE0OMI01019,2026-01-16,2.8,2.8,2.8,
equity,INE0OMI01019,2026-01-19,2.8,2.8,2.8,
equity,INE0OMI01019,2026-01-20,2.8,2.8,2.8,
equity,INE0OMI01019,2026-01-21,2.8,2.8,2.8,
equity,INE0OMI01019,2026-01-22,2.8,2.8,2.8,
equity,INE0OMI01019,2026-01-23,2.8,2.8,2.8,
equity,INE0OMI01019,2026-01-27,2.8,2.8,2.8,
equity,INE0OMI01019,2026-01-28,2.8,2.8,2.8,
equity,INE0OMI01019,2026-01-29,2.8,2.8,2.8,
equity,INE0OMI01019,2026-01-30,2.8,2.8,2.8,
equity,INE0OMI01019,2026-02-02,2.8,2.8,2.8,
equity,INE0OMI01019,2026-02-03,2.8,2.8,2.8,
equity,INE0OMI01019,2026-02-04,2.8,2.8,2.8,
equity,INE0OMI01019,2026-02-05,2.8,2.8,2.8,
equity,INE0OMI01019,2026-02-06,2.8,2.8,2.8,
equity,INE0OMI01019,2026-02-09,2.8,2.8,2.8,
equity,INE0OMI01019,2026-02-10,2.8,2.8,2.8,
equity,INE0OMI01019,2026-02-11,2.8,2.8,2.8,
equity,INE0OMI01019,2026-02-12,2.8,2.8,2.8,
equity,INE0OMI01019,2026-02-13,2.8,2.8,2.8,
equity,INE0OMI01019,2026-02-16,2.8,2.8,2.8,
equity,INE0OMI01019,2026-02-17,2.8,2.8,2.8,
equity,INE0OMI01019,2026-02-18,2.8,2.8,2.8,
equity,INE0OMI01019,2026-02-19,2.8,2.8,2.8,
equity,INE0OMI01019,2026-02-20,2.8,2.8,2.8,
equity,INE0OMI01019,2026-02-23,2.8,2.8,2.8,
equity,INE0OMI01019,2026-02-24,2.8,2.8,2.8,
equity,INE0OMI01019,2026-02-25,2.8,2.8,2.8,
equity,INE0OMI01019,2026-02-26,2.8,2.8,2.8,
equity,INE0OMI01019,2026-02-27,2.8,2.8,2.8,
equity,INE0OMI01019,2026-03-02,2.8,2.8,2.8,
equity,INE0OMI01019,2026-03-04,2.8,2.8,2.8,
equity,INE0OMI01019,2026-03-05,2.8,2.8,2.8,
equity,INE0OMI01019,2026-03-06,2.8,2.8,2.8,
equity,INE0OMI01019,2026-03-09,2.8,2.8,2.8,
equity,INE0OMI01019,2026-03-10,2.8,2.8,2.8,
equity,INE0OMI01019,2026-03-11,2.8,2.8,2.8,
equity,INE0OMI01019,2026-03-12,2.8,2.8,2.8,
equity,INE0OMI01019,2026-03-13,2.8,2.8,2.8,
equity,INE0OMI01019,2026-03-16,2.8,2.8,2.8,
equity,INE0OMI01019,2026-03-17,2.8,2.8,2.8,
equity,INE0OMI01019,2026-03-18,2.8,2.8,2.8,
equity,INE0OMI01019,2026-03-19,2.8,2.8,2.8,
equity,INE0OMI01019,2026-03-20,2.8,2.8,2.8,
equity,INE0OMI01019,2026-03-23,2.8,2.8,2.8,
equity,INE0OMI01019,2026-03-24,2.8,2.8,2.8,
equity,INE0OMI01019,2026-03-25,2.8,2.8,2.8,
equity,INE0OMI01019,2026-03-27,2.8,2.8,2.8,
equity,INE0OMI01019,2026-03-30,2.8,2.8,2.8,
equity,INE0OMI01019,2026-04-01,2.8,2.8,2.8,
equity,INE0OMI01019,2026-04-02,2.8,2.8,2.8,
equity,INE0OMI01019,2026-04-06,2.8,2.8,2.8,
equity,INE0OMI01019,2026-04-07,2.8,2.8,2.8,
equity,INE0OMI01019,2026-04-08,2.8,2.8,2.8,
equity,INE0OMI01019,2026-04-09,2.8,2.8,2.8,
equity,INE0OMI01019,2026-04-10,2.8,2.8,2.8,
equity,INE0OMI01019,2026-04-13,2.8,2.8,2.8,
equity,INE0OMI01019,2026-04-15,2.8,2.8,2.8,
equity,INE0OMI01019,2026-04-16,2.8,2.8,2.8,
equity,INE0OMI01019,2026-04-17,2.8,2.8,2.8,
equity,INE0OMI01019,2026-04-20,2.8,2.8,2.8,
equity,INE0OMI01019,2026-04-21,2.8,2.8,2.8,
equity,INE0OMI01019,2026-04-22,2.8,2.8,2.8,
equity,INE0OMI01019,2026-04-23,2.8,2.8,2.8,
equity,INE0OMI01019,2026-04-24,2.8,2.8,2.8,
equity,INE0OMI01019,2026-04-27,2.8,2.8,2.8,
equity,INE0OMI01019,2026-04-28,2.8,2.8,2.8,
equity,INE0OMI01019,2026-04-29,2.8,2.8,2.8,
equity,INE0OMI01019,2026-04-30,2.8,2.8,2.8,
equity,INE0OMI01019,2026-05-01,2.8,2.8,2.8,
equity,INE0OMI01019,2026-05-04,2.8,2.8,2.8,
equity,INE0OMI01019,2026-05-05,2.8,2.8,2.8,
equity,INE0OMI01019,2026-05-06,2.8,2.8,2.8,
equity,INE0OMI01019,2026-05-07,2.8,2.8,2.8,
equity,INE0OMI01019,2026-05-08,2.8,2.8,2.8,
equity,INE0OMI01019,2026-05-11,2.8,2.8,2.8,
equity,INE0OMI01019,2026-05-12,2.8,2.8,2.8,
equity,INE0OMI01019,2026-05-13,2.8,2.8,2.8,
equity,INE0OMI01019,2026-05-14,2.8,2.8,2.8,
equity,INE0OMI01019,2026-05-15,2.8,2.8,2.8,
equity,INE0OMI01019,2026-05-18,2.8,2.8,2.8,
equity,INE0OMI01019,2026-05-19,2.8,2.8,2.8,
equity,INE0OMI01019,2026-05-20,2.8,2.8,2.8,
equity,INE0OMI01019,2026-05-21,2.8,2.8,2.8,
equity,INE0OMI01019,2026-05-22,2.8,2.8,2.8,
equity,INE0OMI01019,2026-05-25,2.8,2.8,2.8,
equity,INE0OMI01019,2026-05-26,2.8,2.8,2.8,
equity,INE0OMI01019,2026-05-27,2.8,2.8,2.8,
equity,INE0OMI01019,2026-05-28,2.8,2.8,2.8,
equity,INE0OMI01019,2026-05-29,2.8,2.8,2.8,
equity,INE0OMI01019,2026-06-01,2.8,2.8,2.8,
equity,INE0OMI01019,2026-06-02,2.8,2.8,2.8,
equity,INE0OMI01019,2026-06-03,2.8,2.8,2.8,
equity,INE0OMI01019,2026-06-04,2.8,2.8,2.8,
equity,INE0OMI01019,2026-06-05,2.8,2.8,2.8,
equity,INE0OMI01019,2026-06-08,2.8,2.8,2.8,
equity,INE0OMI01019,2026-06-09,2.8,2.8,2.8,
equity,INE0OMI01019,2026-06-10,2.8,2.8,2.8,
equity,INE0OMI01019,2026-06-11,2.8,2.8,2.8,
equity,INE0OMI01019,2026-06-12,2.8,2.8,2.8,
equity,INE0OMI01019,2026-06-15,2.8,2.8,2.8,
equity,INE0OMI01019,2026-06-16,2.8,2.8,2.8,
equity,INE0OMI01019,2026-06-17,2.8,2.8,2.8,
equity,INE0OMI01019,2026-06-18,2.8,2.8,2.8,
equity,INE0OMI01019,2026-06-19,2.8,2.8,2.8,
equity,INE0OMI01019,2026-06-22,2.8,2.8,2.8,
equity,INE0OMI01019,2026-06-23,2.8,2.8,2.8,
equity,INE0OMI01019,2026-06-24,2.8,2.8,2.8,
equity,INE0OMI01019,2026-06-25,2.8,2.8,2.8,
equity,INE0OMI01019,2026-06-26,2.8,2.8,2.8,
equity,INE0OMI01019,2026-06-29,2.8,2.8,2.8,
equity,INE0OMI01019,2026-06-30,2.8,2.8,2.8,
equity,INE0OMI01019,2026-07-01,2.8,2.8,2.8,
equity,INE0OMI01019,2026-07-02,2.8,2.8,2.8,
equity,INE0OMI01019,2026-07-03,2.8,2.8,2.8,
equity,INE0OMI01019,2026-07-06,2.8,2.8,2.8,
equity,INE0OMI01019,2026-07-07,2.8,2.8,2.8,
equity,INE0OMI01019,2026-07-08,2.8,2.8,2.8,
equity,INE0OMI01019,2026-07-09,2.8,2.8,2.8,
equity,INE0OMI01019,2026-07-10,2.8,2.8,2.8,
equity,INE0OMI01019,2026-07-13,2.8,2.8,2.8,
equity,INE0OMI01019,2026-07-14,2.8,2.8,2.8,
equity,INE0OMI01019,2026-07-15,2.8,2.8,2.8,
equity,INE0OMI01019,2026-07-16,2.8,2.8,2.8,
equity,INE0OMI01019,2026-07-17,2.8,2.8,2.8,
equity,INE0OMI01019,2026-07-20,2.8,2.8,2.8,
equity,INE0OMI01019,2026-07-21,2.8,2.8,2.8,
equity,INE0OMI01019,2026-07-22,2.8,2.8,2.8,
equity,INE0OMI01019,2026-07-23,2.8,2.8,2.8,
equity,INE0OMI01019,2026-07-24,2.8,2.8,2.8,
equity,INE0OMI01019,2026-07-27,2.8,2.8,2.8,
equity,INE0OMI01019,2026-07-28,2.8,2.8,2.8,
equity,INE0OMI01019,2026-07-29,2.8,2.8,2.8,
equity,INE0OMI01019,2026-07-30,2.8,2.8,2.8,
equity,INE0OMI01019,2026-07-31,2.8,2.8,2.8,
equity,INE0OMI01019,2026-08-03,2.8,2.8,2.8,
equity,INE0OMI01019,2026-08-04,2.8,2.8,2.8,
equity,INE0OMI01019,2026-08-05,2.8,2.8,2.8,
equity,INE0OMI01019,2026-08-06,2.8,2.8,2.8,
equity,INE0OMI01019,2026-08-07,2.8,2.8,2.8,
equity,INE0OMI01019,2026-08-10,2.8,2.8,2.8,
equity,INE0OMI01019,2026-08-11,2.8,2.8,2.8,
equity,INE0OMI01019,2026-08-12,2.8,2.8,2.8,
equity,INE0OMI01019,2026-08-13,2.8,2.8,2.8,
equity,INE0OMI01019,2026-08-14,2.8,2.8,2.8,
equity,INE0OMI01019,2026-08-17,2.8,2.8,2.8,
equity,INE0OMI01019,2026-08-18,2.8,2.8,2.8,
equity,INE0OMI01019,2026-08-19,2.8,2.8,2.8,
equity,INE0OMI01019,2026-08-20,2.8,2.8,2.8,
equity,INE0OMI01019,2026-08-21,2.8,2.8,2.8,
equity,INE0OMI01019,2026-08-24,2.8,2.8,2.8,
equity,INE0OMI01019,2026-08-25,2.8,2.8,2.8,
equity,INE0OMI01019,2026-08-26,2.8,2.8,2.8,
equity,INE0OMI01019,2026-08-27,2.8,2.8,2.8,
equity,INE0OMI01019,2026-08-28,2.8,2.8,2.8,
equity,INE0OMI01019,2026-08-31,2.8,2.8,2.8,
equity,INE0OMI01019,2026-09-01,2.8,2.8,2.8,
equity,INE0OMI01019,2026-09-02,2.8,2.8,2.8,
equity,INE0OMI01019,2026-09-03,2.8,2.8,2.8,
equity,INE0OMI01019,2026-09-04,2.8,2.8,2.8,
equity,INE0OMI01019,2026-09-07,2.8,2.8,2.8,
equity,INE0OMI01019,2026-09-08,2.8,2.8,2.8,
equity,INE0OMI01019,2026-09-09,2.8,2.8,2.8,
equity,INE0OMI01019,2026-09-10,2.8,2.8,2.8,
equity,INE0OMI01019,2026-09-11,2.8,2.8,2.8,
equity,INE0OMI01019,2026-09-14,2.8,2.8,2.8,
equity,INE0OMI01019,2026-09-15,2.8,2.8,2.8,
equity,INE0OMI01019,2026-09-16,2.8,2.8,2.8,
equity,INE0OMI01019,2026-09-17,2.8,2.8,2.8,
equity,INE0OMI01019,2026-09-18,2.8,2.8,2.8,
equity,INE418E01018,2026-08-18,821,784.05,804.75,3492
equity,INE418E01018,2026-08-19,929,821,882.2,43018
equity,INE418E01018,2026-08-20,905,855,881.55,6952
equity,INE418E01018,2026-08-21,882.4,841.65,864.45,3685
equity,INE418E01018,2026-08-24,898,851.05,863.9,7827
equity,INE418E01018,2026-08-25,880,850.95,854,3002
equity,INE418E01018,2026-08-26,928.95,865,900.55,17444
equity,INE418E01018,2026-08-27,900.55,864,869.45,2080
equity,INE418E01018,2026-08-28,907.4,870.05,893.95,2754
equity,INE418E01018,2026-08-31,904,870.1,882.95,4622
equity,INE418E01018,2026-09-01,900,872.05,895.1,1525
equity,INE418E01018,2026-09-02,895.1,870,871.55,4817
equity,INE418E01018,2026-09-03,897.9,870.1,876.6,3619
equity,INE418E01018,2026-09-04,906.1,868.05,888.2,2962
equity,INE418E01018,2026-09-07,905.7,867.8,872,2107
equity,INE418E01018,2026-09-08,900,856.2,863.1,3734
equity,INE418E01018,2026-09-09,864.8,838.05,843.3,5717
equity,INE418E01018,2026-09-10,879,834.95,869.5,3537
equity,INE418E01018,2026-09-11,878.5,849.5,864.65,1843
equity,INE418E01018,2026-09-14,864.65,864.65,864.65,
equity,INE418E01018,2026-09-15,864.65,821.3,827.7,2721
equity,INE418E01018,2026-09-16,842.35,824.7,834.8,3090
equity,INE418E01018,2026-09-17,842.65,818.05,828.7,2968
equity,INE418E01018,2026-09-18,855.95,820,848.15,6294
equity,INE418E01018,2026-09-21,872,820,836.65,8152
equity,INE032E01017,2026-08-18,599.9,570,599.9,12
equity,INE032E01017,2026-08-19,590,583.95,587,20
equity,INE032E01017,2026-08-20,593,570,585,317
equity,INE032E01017,2026-08-21,610,590,610,379
equity,INE032E01017,2026-08-24,613.05,595,605.15,676
equity,INE032E01017,2026-08-25,630,605.15,625.05,789
equity,INE032E01017,2026-08-26,625,615,625,74
equity,INE032E01017,2026-08-27,625,625,625,1
equity,INE032E01017,2026-08-28,674.95,614,644.3,709
equity,INE032E01017,2026-08-31,649.95,615,649.95,125
equity,INE032E01017,2026-09-01,635,625,625,26
equity,INE032E01017,2026-09-02,640,620,639.95,229
equity,INE032E01017,2026-09-03,638,605,626.5,532
equity,INE032E01017,2026-09-04,626.35,615,620.2,129
equity,INE032E01017,2026-09-07,630,610.2,630,34
equity,INE032E01017,2026-09-08,639,639,639,1
equity,INE032E01017,2026-09-09,639,618,621.65,459
equity,INE032E01017,2026-09-10,625,610,625,34
equity,INE032E01017,2026-09-11,635,615,635,112
equity,INE032E01017,2026-09-15,632,632,632,5
equity,INE032E01017,2026-09-16,634,610,610,170
equity,INE032E01017,2026-09-17,610,610,610,38
equity,INE032E01017,2026-09-18,634,625,629.25,138
equity,INE032E01017,2026-09-21,624.9,600.6,624.85,295
equity,INE684B01029,2026-08-18,660,650,652.2,51
equity,INE684B01029,2026-08-19,650.25,636.6,637.1,326
equity,INE684B01029,2026-08-20,749.95,645,667.1,3071
equity,INE684B01029,2026-08-21,682.65,660,674.8,339
equity,INE684B01029,2026-08-24,738.6,660.65,664.25,1500
equity,INE684B01029,2026-08-25,688.25,657.05,671.45,370
equity,INE684B01029,2026-08-26,686.6,656,657.3,774
equity,INE684B01029,2026-08-27,670,651,668.9,354
equity,INE684B01029,2026-08-28,678,650.1,676.4,360
equity,INE684B01029,2026-08-31,676.4,632.6,645.55,1071
equity,INE684B01029,2026-09-01,669.3,605,646.15,854
equity,INE684B01029,2026-09-02,649.9,631.1,636.1,246
equity,INE684B01029,2026-09-03,660,636,659.55,713
equity,INE684B01029,2026-09-04,675,650,654.55,357
equity,INE684B01029,2026-09-07,702.15,643.55,654.9,1918
equity,INE684B01029,2026-09-08,675,644,651.8,1022
equity,INE684B01029,2026-09-09,670,642,663.65,938
equity,INE684B01029,2026-09-10,672.9,641,661,851
equity,INE684B01029,2026-09-11,678,637,662.2,625
equity,INE684B01029,2026-09-15,662.2,635,661.2,311
equity,INE684B01029,2026-09-16,650,631,650,170
equity,INE684B01029,2026-09-17,687.9,650,683.9,1403
equity,INE684B01029,2026-09-18,687.8,655.5,663.85,583
equity,INE684B01029,2026-09-21,675,631.05,652,943
equity,INE704G01024,2026-08-18,368.8874,353.4298,358.5159,10924
equity,INE704G01024,2026-08-19,367.9899,352.0835,354.9756,7853
equity,INE704G01024,2026-08-20,359.0145,347.0474,348.5931,24607
equity,INE704G01024,2026-08-21,358.0172,349.0917,350.7372,4569
equity,INE704G01024,2026-08-24,357.02,350.7373,352.2332,7008
equity,INE704G01024,2026-08-25,358.117,349.5904,355.8731,6924
equity,INE704G01024,2026-08-26,361.4079,351.535,353.2304,4252
equity,INE704G01024,2026-08-27,358.0173,350.2386,356.4216,5625
equity,INE704G01024,2026-08-28,363.6518,342.0611,344.6041,18018
equity,INE704G01024,2026-08-31,358.9148,348.5433,356.2222,14521
equity,INE704G01024,2026-09-01,360.7597,349.3909,350.5876,5847
equity,INE704G01024,2026-09-02,354.0282,346.0501,351.0364,5216
equity,INE704G01024,2026-09-03,373.9236,349.0419,360.5104,22260
equity,INE704G01024,2026-09-04,365.8458,360.7099,361.9565,4966
equity,INE704G01024,2026-09-07,367.4912,359.0145,365.397,16911
equity,INE704G01024,2026-09-08,368.688,360.7597,364.0008,3242
equity,INE704G01024,2026-09-09,376.4168,362.0063,368.8376,6692
equity,INE704G01024,2026-09-10,376.9652,359.6129,361.6074,8005
equity,INE704G01024,2026-09-11,369.4359,356.1225,364.649,9972
equity,INE704G01024,2026-09-15,368.9871,362.106,364.3,7410
equity,INE704G01024,2026-09-16,365.6,345.05,351.65,10917
equity,INE704G01024,2026-09-17,359.55,346.2,353.45,2569
equity,INE704G01024,2026-09-18,358.8,348.8,352.2,4283
equity,INE704G01024,2026-09-21,356.95,343.05,345.2,7423
equity,INE726E01014,2026-08-18,1448,1448,1448,2
equity,INE726E01014,2026-08-19,1448,1448,1448,
equity,INE726E01014,2026-08-20,1448,1445,1448,12
equity,INE726E01014,2026-08-21,1396,1395,1396,3
equity,INE726E01014,2026-08-24,1396,1396,1396,
equity,INE726E01014,2026-08-25,1331,1331,1331,5
equity,INE726E01014,2026-08-26,1331,1331,1331,
equity,INE726E01014,2026-08-27,1397,1350,1397,37
equity,INE726E01014,2026-08-28,1464.9,1397,1464.9,16
equity,INE726E01014,2026-08-31,1464,1460,1461.8,18
equity,INE726E01014,2026-09-01,1461.8,1461.8,1461.8,
equity,INE726E01014,2026-09-02,1459,1459,1459,2
equity,INE726E01014,2026-09-03,1500,1386.1,1387,393
equity,INE726E01014,2026-09-04,1387,1387,1387,
equity,INE726E01014,2026-09-07,1355,1320,1330,613
equity,INE726E01014,2026-09-08,1396.5,1350,1396.5,173
equity,INE726E01014,2026-09-09,1400,1390,1400,420
equity,INE726E01014,2026-09-10,1450,1360,1428,259
equity,INE726E01014,2026-09-11,1499.4,1424,1499,64
equity,INE726E01014,2026-09-15,1550,1506.4,1550,8
equity,INE726E01014,2026-09-16,1550,1475,1475,28
equity,INE726E01014,2026-09-17,1480,1476,1480,53
equity,INE726E01014,2026-09-18,1500,1478.5,1500,121
equity,INE726E01014,2026-09-21,1450,1450,1450,1
equity,INE400A01014,2026-08-18,59.79,56.17,56.33,2905
equity,INE400A01014,2026-08-19,56.8,52,55.62,7079
equity,INE400A01014,2026-08-20,55.99,53,53.33,13799
equity,INE400A01014,2026-08-21,55.7,53.04,55.09,5900
equity,INE400A01014,2026-08-24,55.09,52.85,53.02,20625
equity,INE400A01014,2026-08-25,54.99,52.99,54.58,12345
equity,INE400A01014,2026-08-26,60.89,55.79,58.88,37186
equity,INE400A01014,2026-08-27,62.7,56.9,59.04,31516
equity,INE400A01014,2026-08-28,61.73,59.06,59.47,12125
equity,INE400A01014,2026-08-31,61.96,58,58.68,7747
equity,INE400A01014,2026-09-01,61.49,58.49,59.2,16522
equity,INE400A01014,2026-09-02,61.6,55,61.55,27698
equity,INE400A01014,2026-09-03,61.8,59.9,61,2495
equity,INE400A01014,2026-09-04,62.9,59.05,60.36,28654
equity,INE400A01014,2026-09-07,61.9,58.61,59.74,9023
equity,INE400A01014,2026-09-08,61,59.01,59.91,11623
equity,INE400A01014,2026-09-09,61,58.05,58.38,14318
equity,INE400A01014,2026-09-10,59.45,56.25,58.48,22118
equity,INE400A01014,2026-09-11,59.89,57.79,59.19,4605
equity,INE400A01014,2026-09-15,60.79,58.85,59.78,6626
equity,INE400A01014,2026-09-16,59.28,55.31,57.19,9553
equity,INE400A01014,2026-09-17,58.5,56.28,56.57,3789
equity,INE400A01014,2026-09-18,57,55.67,56.56,3984
equity,INE400A01014,2026-09-21,57.9,55.33,56.56,3395
equity,INE296E01026,2026-04-15,314.2565,314.2565,314.2565,
equity,INE296E01026,2026-04-16,314.2565,314.2565,314.2565,
equity,INE296E01026,2026-04-17,314.2565,314.2565,314.2565,
equity,INE296E01026,2026-04-20,813.4992,744.5416,794.0112,4436
equity,INE296E01026,2026-04-21,833.4369,788.5146,794.5109,533
equity,INE296E01026,2026-04-22,809.4517,789.5139,793.2117,1268
equity,INE296E01026,2026-04-23,814.6485,776.6218,781.7687,1043
equity,INE296E01026,2026-04-24,814.4985,770.5256,785.4164,742
equity,INE296E01026,2026-04-27,798.5084,750.5379,773.5737,1112
equity,INE296E01026,2026-04-28,819.4955,764.5293,813.3492,1764
equity,INE296E01026,2026-04-29,814.4986,805.5041,813.0494,914
equity,INE296E01026,2026-04-30,809.5016,779.52,803.3553,502
equity,INE296E01026,2026-05-04,849.477,804.5546,818.1463,328
equity,INE296E01026,2026-05-05,824.4924,809.5016,824.4924,176
equity,INE296E01026,2026-05-06,849.0273,815.5479,843.4307,1541
equity,INE296E01026,2026-05-07,843.4307,818.546,829.5392,593
equity,INE296E01026,2026-05-08,853.4246,820.4948,847.878,948
equity,INE296E01026,2026-05-11,848.3777,804.9044,822.7934,630
equity,INE296E01026,2026-05-12,822.7934,789.5139,793.6114,645
equity,INE296E01026,2026-05-13,823.493,804.5047,806.7533,556
equity,INE296E01026,2026-05-14,793.7114,789.5639,793.5115,260
equity,INE296E01026,2026-05-15,804.5047,789.6639,792.712,1117
equity,INE296E01026,2026-05-18,824.4924,773.5737,779.5201,1421
equity,INE296E01026,2026-05-19,788.5145,775.5225,776.0222,1117
equity,INE296E01026,2026-05-20,775.5226,748.5392,756.5342,1751
equity,INE296E01026,2026-05-21,774.5231,750.6378,755.3849,5799
equity,INE296E01026,2026-05-22,787.2153,755.3849,787.0154,813
equity,INE296E01026,2026-05-25,847.2783,805.0543,814.3486,2067
equity,INE296E01026,2026-05-26,824.4424,799.5078,799.7576,2883
equity,INE296E01026,2026-05-27,847.4782,782.7181,814.7484,2494
equity,INE296E01026,2026-05-28,814.7484,814.7484,814.7484,
equity,INE296E01026,2026-05-29,851.176,784.517,804.1049,2137
equity,INE296E01026,2026-06-01,863.2685,815.398,837.2845,9913
equity,INE296E01026,2026-06-02,874.4616,820.4949,848.3277,10550
equity,INE296E01026,2026-06-03,857.3721,830.7385,839.9329,2252
equity,INE296E01026,2026-06-04,857.2722,832.7373,844.63,3872
equity,INE296E01026,2026-06-05,849.2272,829.4893,838.134,3329
equity,INE296E01026,2026-06-08,838.7336,800.5072,807.5029,5412
equity,INE296E01026,2026-06-09,823.9927,809.3017,820.9446,1091
equity,INE296E01026,2026-06-10,823.8928,800.757,803.6552,1770
equity,INE296E01026,2026-06-11,819.3455,801.7064,810.9507,595
equity,INE296E01026,2026-06-12,847.0785,803.7052,841.8817,1744
equity,INE296E01026,2026-06-15,856.4727,829.4893,846.0291,856
equity,INE296E01026,2026-06-16,844.4801,829.5392,835.8854,1719
equity,INE296E01026,2026-06-17,837.3344,829.4893,832.7373,507
equity,INE296E01026,2026-06-18,848.9773,829.4893,844.1803,2086
equity,INE296E01026,2026-06-19,845.4295,833.237,839.2333,821
equity,INE296E01026,2026-06-22,839.4832,824.4924,832.6374,1581
equity,INE296E01026,2026-06-23,837.3845,819.1457,821.6442,1683
equity,INE296E01026,2026-06-24,829.4893,823.543,828.39,1085
equity,INE296E01026,2026-06-25,874.4616,829.4893,833.4868,14235
equity,INE296E01026,2026-06-26,833.4868,833.4868,833.4868,
equity,INE296E01026,2026-06-29,840.9322,819.4954,821.1944,1106
equity,INE296E01026,2026-06-30,844.4801,821.6941,842.5313,2788
equity,INE296E01026,2026-07-01,842.1315,817.8964,827.9402,868
equity,INE296E01026,2026-07-02,848.4276,818.546,835.9853,1155
equity,INE296E01026,2026-07-03,848.3277,819.4954,820.3949,1386
equity,INE296E01026,2026-07-06,839.4831,816.2974,824.0926,1649
equity,INE296E01026,2026-07-07,839.4831,814.5485,822.9933,792
equity,INE296E01026,2026-07-08,874.4616,789.5638,795.91,6387
equity,INE296E01026,2026-07-09,829.4394,799.7077,813.2493,1162
equity,INE296E01026,2026-07-10,837.4844,806.6534,828.0402,819
equity,INE296E01026,2026-07-13,831.4881,812.2499,822.0439,975
equity,INE296E01026,2026-07-14,838.4838,820.5448,829.4393,354
equity,INE296E01026,2026-07-15,859.4709,826.4912,829.2894,1868
equity,INE296E01026,2026-07-16,849.477,819.5454,841.4319,5495
equity,INE296E01026,2026-07-17,845.3795,827.8403,839.3832,592
equity,INE296E01026,2026-07-20,838.4838,821.1944,824.4924,101
equity,INE296E01026,2026-07-21,829.4893,810.501,812.15,648
equity,INE296E01026,2026-07-22,837.4843,814.4985,820.195,1797
equity,INE296E01026,2026-07-23,828.4899,802.5559,822.5935,1405
equity,INE296E01026,2026-07-24,824.4924,801.5065,807.253,493
equity,INE296E01026,2026-07-27,819.4955,801.5565,810.2512,982
equity,INE296E01026,2026-07-28,824.4924,804.5547,810.0513,634
equity,INE296E01026,2026-07-29,824.4924,809.5016,819.3956,524
equity,INE296E01026,2026-07-30,814.4986,800.7071,813.4492,290
equity,INE296E01026,2026-07-31,832.2376,804.5047,828.5399,493
equity,INE296E01026,2026-08-03,839.3832,805.8039,818.3461,1355
equity,INE296E01026,2026-08-04,847.4283,814.5984,829.0396,1208
equity,INE296E01026,2026-08-05,843.9804,826.4911,833.187,331
equity,INE296E01026,2026-08-06,841.4819,825.4917,833.087,845
equity,INE296E01026,2026-08-07,837.4844,815.7478,818.4461,845
equity,INE296E01026,2026-08-10,844.3802,816.997,836.8348,2462
equity,INE296E01026,2026-08-11,838.9834,820.4948,821.5941,559
equity,INE296E01026,2026-08-12,839.3832,821.4942,837.5843,1242
equity,INE296E01026,2026-08-13,859.4708,814.4985,831.9378,6595
equity,INE296E01026,2026-08-14,854.4739,830.4887,837.6343,1697
equity,INE296E01026,2026-08-17,858.4215,824.4924,827.2906,3070
equity,INE296E01026,2026-08-18,849.0273,835.4856,842.8811,447
equity,INE296E01026,2026-08-19,842.4813,809.6015,812.0001,3156
equity,INE296E01026,2026-08-20,833.1871,809.5016,812.15,891
equity,INE296E01026,2026-08-21,818.85,809.95,816.05,1858
equity,INE296E01026,2026-08-24,824,801,803.25,1539
equity,INE296E01026,2026-08-25,819.75,801.25,816.65,1007
equity,INE296E01026,2026-08-26,830,808,826.9,1157
equity,INE296E01026,2026-08-27,828,810,810,385
equity,INE296E01026,2026-08-28,827,805.1,813.85,311
equity,INE296E01026,2026-08-31,824,800,806.65,1769
equity,INE296E01026,2026-09-01,819.75,800,810,990
equity,INE296E01026,2026-09-02,810.05,791.9,794.1,839
equity,INE296E01026,2026-09-03,810,795,799.7,2451
equity,INE296E01026,2026-09-04,809.8,795,795.3,1199
equity,INE296E01026,2026-09-07,804.95,762.6,775.65,2828
equity,INE296E01026,2026-09-08,786,770.4,785,468
equity,INE296E01026,2026-09-09,785.05,760,762.65,4229
equity,INE296E01026,2026-09-10,784.2,735.6,751.1,2021
equity,INE296E01026,2026-09-11,778.4,754,775.95,374
equity,INE296E01026,2026-09-15,775,751,759,1355
equity,INE296E01026,2026-09-16,770,755,760,2946
equity,INE296E01026,2026-09-17,780,765,771.25,747
equity,INE296E01026,2026-09-18,798.85,765.2,790.65,350
equity,INE296E01026,2026-09-21,795,762,768.55,668
equity,INE692C01020,2026-08-18,317,298.1,313.85,8980
equity,INE692C01020,2026-08-19,322,306.5,310.2,4802
equity,INE692C01020,2026-08-20,320,304.9,307.85,6494
equity,INE692C01020,2026-08-21,315,305.65,306.55,5372
equity,INE692C01020,2026-08-24,308.45,298.55,303.9,7558
equity,INE692C01020,2026-08-25,307.5,296,298.7,7812
equity,INE692C01020,2026-08-26,300,291.25,298.45,12885
equity,INE692C01020,2026-08-27,300.85,291.6,292.7,11677
equity,INE692C01020,2026-08-28,299.4,290,293.05,8794
equity,INE692C01020,2026-08-31,296.8,288.55,289.95,9888
equity,INE692C01020,2026-09-01,295.2,288.1,290.55,6628
equity,INE692C01020,2026-09-02,290,280.5,281.5,8882
equity,INE692C01020,2026-09-03,297,279,282.35,16663
equity,INE692C01020,2026-09-04,287.4,280,282.15,9298
equity,INE692C01020,2026-09-07,285.9,280,282,7571
equity,INE692C01020,2026-09-08,286.4,272.8,276.95,9918
equity,INE692C01020,2026-09-09,277.35,270,272.75,19162
equity,INE692C01020,2026-09-10,279,243.25,251.5,64866
equity,INE692C01020,2026-09-11,269.85,238,266.95,50644
equity,INE692C01020,2026-09-15,278,263,263.6,15969
equity,INE692C01020,2026-09-16,265.7,259.55,263.2,5701
equity,INE692C01020,2026-09-17,269.95,263.2,266.05,4382
equity,INE692C01020,2026-09-18,274,263.25,266.35,9722
equity,INE692C01020,2026-09-21,319.6,266.35,319.6,226450
equity,INE515H01014,2026-08-18,1146,1107,1116.2,1035
equity,INE515H01014,2026-08-19,1195,1133,1173.3,4106
equity,INE515H01014,2026-08-20,1234,1178,1182.9,3879
equity,INE515H01014,2026-08-21,1214,1176,1192,3435
equity,INE515H01014,2026-08-24,1224,1195,1204.7,5891
equity,INE515H01014,2026-08-25,1219,1193,1207.6,2664
equity,INE515H01014,2026-08-26,1227.8,1206,1221.8,4131
equity,INE515H01014,2026-08-27,1234.9,1205,1212.7,4582
equity,INE515H01014,2026-08-28,1248,1209,1214.2,3295
equity,INE515H01014,2026-08-31,1240,1212,1217.4,5938
equity,INE515H01014,2026-09-01,1225.9,1205,1209.2,3955
equity,INE515H01014,2026-09-02,1221,1190,1196.9,7580
equity,INE515H01014,2026-09-03,1213,1190.1,1195.9,4838
equity,INE515H01014,2026-09-04,1208.3,1192,1195.6,6883
equity,INE515H01014,2026-09-07,1220,1188.1,1192.1,17291
equity,INE515H01014,2026-09-08,1204.9,1169.2,1176.8,17717
equity,INE515H01014,2026-09-09,1120,1068.1,1076.6,13226
equity,INE515H01014,2026-09-10,1077.5,1041.2,1062.5,7162
equity,INE515H01014,2026-09-11,1062.9,1050.1,1054,2614
equity,INE515H01014,2026-09-15,1056,1020.1,1038.3,3778
equity,INE515H01014,2026-09-16,1034,1002.1,1026.9,1254
equity,INE515H01014,2026-09-17,1073,1020,1065.3,3890
equity,INE515H01014,2026-09-18,1064.8,1043.4,1057.1,968
equity,INE515H01014,2026-09-21,1068,1050,1054.2,1740
equity,INE130L01014,2026-08-18,410,400,408.9,2398
equity,INE130L01014,2026-08-19,420,402,415.65,2690
equity,INE130L01014,2026-08-20,416.9,402,402.85,2199
equity,INE130L01014,2026-08-21,415.95,393,414.15,3933
equity,INE130L01014,2026-08-24,425,385,403.65,1324
equity,INE130L01014,2026-08-25,419,403.8,416.4,1752
equity,INE130L01014,2026-08-26,415.8,403.05,404.8,337
equity,INE130L01014,2026-08-27,410,395,396.95,17585
equity,INE130L01014,2026-08-28,400,385,400,8474
equity,INE130L01014,2026-08-31,412.7,398.05,399.05,1579
equity,INE130L01014,2026-09-01,405,391,400,8408
equity,INE130L01014,2026-09-02,405,385,389.2,2735
equity,INE130L01014,2026-09-03,400.1,378.5,380.8,3915
equity,INE130L01014,2026-09-04,400,384,389.8,776
equity,INE130L01014,2026-09-07,410.9,395,395.15,1719
equity,INE130L01014,2026-09-08,410,390,396.6,4351
equity,INE130L01014,2026-09-09,410,395.05,402.9,5075
equity,INE130L01014,2026-09-10,408.5,388,392.2,4532
equity,INE130L01014,2026-09-11,406.6,380.4,399,2634
equity,INE130L01014,2026-09-15,413,394.6,398.55,2736
equity,INE130L01014,2026-09-16,398.55,388,390.2,247
equity,INE130L01014,2026-09-17,401.8,384.9,392.6,1848
equity,INE130L01014,2026-09-18,404.9,385.4,395.1,827
equity,INE130L01014,2026-09-21,393.05,372,388.2,1376
equity,INE0N6U01018,2025-07-02,125.26,119.3,125.26,700
equity,INE0N6U01018,2025-07-03,131.52,131.52,131.52,5
equity,INE0N6U01018,2025-07-04,138.09,138.09,138.09,500
equity,INE0N6U01018,2025-07-07,138.09,138.09,138.09,
equity,INE0N6U01018,2025-07-08,138.09,138.09,138.09,
equity,INE0N6U01018,2025-07-09,138.09,138.09,138.09,
equity,INE0N6U01018,2025-07-10,138.09,138.09,138.09,
equity,INE0N6U01018,2025-07-11,138.09,138.09,138.09,
equity,INE0N6U01018,2025-07-14,138.09,138.09,138.09,
equity,INE0N6U01018,2025-07-15,138.09,138.09,138.09,
equity,INE0N6U01018,2025-07-16,138.09,138.09,138.09,
equity,INE0N6U01018,2025-07-17,138.09,138.09,138.09,
equity,INE0N6U01018,2025-07-18,138.09,138.09,138.09,
equity,INE0N6U01018,2025-07-21,138.09,138.09,138.09,
equity,INE0N6U01018,2025-07-22,138.09,138.09,138.09,
equity,INE0N6U01018,2025-07-23,138.09,138.09,138.09,
equity,INE0N6U01018,2025-07-24,138.09,138.09,138.09,
equity,INE0N6U01018,2025-07-25,138.09,138.09,138.09,
equity,INE0N6U01018,2025-07-28,138.09,138.09,138.09,
equity,INE0N6U01018,2025-07-29,138.09,138.09,138.09,
equity,INE0N6U01018,2025-07-30,138.09,138.09,138.09,
equity,INE0N6U01018,2025-07-31,138.09,138.09,138.09,
equity,INE0N6U01018,2025-08-01,138.09,138.09,138.09,
equity,INE0N6U01018,2025-08-04,138.09,138.09,138.09,
equity,INE0N6U01018,2025-08-05,138.09,138.09,138.09,
equity,INE0N6U01018,2025-08-06,138.09,138.09,138.09,
equity,INE0N6U01018,2025-08-07,138.09,138.09,138.09,
equity,INE0N6U01018,2025-08-08,138.09,138.09,138.09,
equity,INE0N6U01018,2025-08-11,138.09,138.09,138.09,
equity,INE0N6U01018,2025-08-12,138.09,138.09,138.09,
equity,INE0N6U01018,2025-08-13,138.09,138.09,138.09,
equity,INE0N6U01018,2025-08-14,138.09,138.09,138.09,
equity,INE0N6U01018,2025-08-18,138.09,138.09,138.09,
equity,INE0N6U01018,2025-08-19,138.09,138.09,138.09,
equity,INE0N6U01018,2025-08-20,138.09,138.09,138.09,
equity,INE0N6U01018,2025-08-21,138.09,138.09,138.09,
equity,INE0N6U01018,2025-08-22,138.09,138.09,138.09,
equity,INE0N6U01018,2025-08-25,138.09,138.09,138.09,
equity,INE0N6U01018,2025-08-26,138.09,138.09,138.09,
equity,INE0N6U01018,2025-08-28,138.09,138.09,138.09,
equity,INE0N6U01018,2025-08-29,138.09,138.09,138.09,
equity,INE0N6U01018,2025-09-01,138.09,138.09,138.09,
equity,INE0N6U01018,2025-09-02,138.09,138.09,138.09,
equity,INE0N6U01018,2025-09-03,138.09,138.09,138.09,
equity,INE0N6U01018,2025-09-04,138.09,138.09,138.09,
equity,INE0N6U01018,2025-09-05,138.09,138.09,138.09,
equity,INE0N6U01018,2025-09-08,138.09,138.09,138.09,
equity,INE0N6U01018,2025-09-09,138.09,138.09,138.09,
equity,INE0N6U01018,2025-09-10,138.09,138.09,138.09,
equity,INE0N6U01018,2025-09-11,138.09,138.09,138.09,
equity,INE0N6U01018,2025-09-12,138.09,138.09,138.09,
equity,INE0N6U01018,2025-09-15,138.09,138.09,138.09,
equity,INE0N6U01018,2025-09-16,138.09,138.09,138.09,
equity,INE0N6U01018,2025-09-17,138.09,138.09,138.09,
equity,INE0N6U01018,2025-09-18,138.09,138.09,138.09,
equity,INE0N6U01018,2025-09-19,138.09,138.09,138.09,
equity,INE0N6U01018,2025-09-22,138.09,138.09,138.09,
equity,INE0N6U01018,2025-09-23,138.09,138.09,138.09,
equity,INE0N6U01018,2025-09-24,138.09,138.09,138.09,
equity,INE0N6U01018,2025-09-25,138.09,138.09,138.09,
equity,INE0N6U01018,2025-09-26,138.09,138.09,138.09,
equity,INE0N6U01018,2025-09-29,138.09,138.09,138.09,
equity,INE0N6U01018,2025-09-30,138.09,138.09,138.09,
equity,INE0N6U01018,2025-10-01,138.09,138.09,138.09,
equity,INE0N6U01018,2025-10-03,138.09,138.09,138.09,
equity,INE0N6U01018,2025-10-06,138.09,138.09,138.09,
equity,INE0N6U01018,2025-10-07,138.09,138.09,138.09,
equity,INE0N6U01018,2025-10-08,138.09,138.09,138.09,
equity,INE0N6U01018,2025-10-09,138.09,138.09,138.09,
equity,INE0N6U01018,2025-10-10,138.09,138.09,138.09,
equity,INE0N6U01018,2025-10-13,138.09,138.09,138.09,
equity,INE0N6U01018,2025-10-14,138.09,138.09,138.09,
equity,INE0N6U01018,2025-10-15,138.09,138.09,138.09,
equity,INE0N6U01018,2025-10-16,138.09,138.09,138.09,
equity,INE0N6U01018,2025-10-17,138.09,138.09,138.09,
equity,INE0N6U01018,2025-10-20,138.09,138.09,138.09,
equity,INE0N6U01018,2025-10-21,138.09,138.09,138.09,
equity,INE0N6U01018,2025-10-23,138.09,138.09,138.09,
equity,INE0N6U01018,2025-10-24,138.09,138.09,138.09,
equity,INE0N6U01018,2025-10-27,138.09,138.09,138.09,
equity,INE0N6U01018,2025-10-28,138.09,138.09,138.09,
equity,INE0N6U01018,2025-10-29,138.09,138.09,138.09,
equity,INE0N6U01018,2025-10-30,138.09,138.09,138.09,
equity,INE0N6U01018,2025-10-31,138.09,138.09,138.09,
equity,INE0N6U01018,2025-11-03,138.09,138.09,138.09,
equity,INE0N6U01018,2025-11-04,138.09,138.09,138.09,
equity,INE0N6U01018,2025-11-06,138.09,138.09,138.09,
equity,INE0N6U01018,2025-11-07,138.09,138.09,138.09,
equity,INE0N6U01018,2025-11-10,138.09,138.09,138.09,
equity,INE0N6U01018,2025-11-11,138.09,138.09,138.09,
equity,INE0N6U01018,2025-11-12,138.09,138.09,138.09,
equity,INE0N6U01018,2025-11-13,138.09,138.09,138.09,
equity,INE0N6U01018,2025-11-14,138.09,138.09,138.09,
equity,INE0N6U01018,2025-11-17,138.09,138.09,138.09,
equity,INE0N6U01018,2025-11-18,138.09,138.09,138.09,
equity,INE0N6U01018,2025-11-19,138.09,138.09,138.09,
equity,INE0N6U01018,2025-11-20,138.09,138.09,138.09,
equity,INE0N6U01018,2025-11-21,138.09,138.09,138.09,
equity,INE0N6U01018,2025-11-24,138.09,138.09,138.09,
equity,INE0N6U01018,2025-11-25,138.09,138.09,138.09,
equity,INE0N6U01018,2025-11-26,138.09,138.09,138.09,
equity,INE0N6U01018,2025-11-27,138.09,138.09,138.09,
equity,INE0N6U01018,2025-11-28,138.09,138.09,138.09,
equity,INE0N6U01018,2025-12-01,138.09,138.09,138.09,
equity,INE0N6U01018,2025-12-02,138.09,138.09,138.09,
equity,INE0N6U01018,2025-12-03,138.09,138.09,138.09,
equity,INE0N6U01018,2025-12-04,138.09,138.09,138.09,
equity,INE0N6U01018,2025-12-05,138.09,138.09,138.09,
equity,INE0N6U01018,2025-12-08,138.09,138.09,138.09,
equity,INE0N6U01018,2025-12-09,138.09,138.09,138.09,
equity,INE0N6U01018,2025-12-10,138.09,138.09,138.09,
equity,INE0N6U01018,2025-12-11,138.09,138.09,138.09,
equity,INE0N6U01018,2025-12-12,138.09,138.09,138.09,
equity,INE0N6U01018,2025-12-15,138.09,138.09,138.09,
equity,INE0N6U01018,2025-12-16,138.09,138.09,138.09,
equity,INE0N6U01018,2025-12-17,138.09,138.09,138.09,
equity,INE0N6U01018,2025-12-18,138.09,138.09,138.09,
equity,INE0N6U01018,2025-12-19,138.09,138.09,138.09,
equity,INE0N6U01018,2025-12-22,138.09,138.09,138.09,
equity,INE0N6U01018,2025-12-23,138.09,138.09,138.09,
equity,INE0N6U01018,2025-12-24,138.09,138.09,138.09,
equity,INE0N6U01018,2025-12-26,138.09,138.09,138.09,
equity,INE0N6U01018,2025-12-29,138.09,138.09,138.09,
equity,INE0N6U01018,2025-12-30,138.09,138.09,138.09,
equity,INE0N6U01018,2025-12-31,138.09,138.09,138.09,
equity,INE0N6U01018,2026-01-01,138.09,138.09,138.09,
equity,INE0N6U01018,2026-01-02,138.09,138.09,138.09,
equity,INE0N6U01018,2026-01-05,138.09,138.09,138.09,
equity,INE0N6U01018,2026-01-06,138.09,138.09,138.09,
equity,INE0N6U01018,2026-01-07,138.09,138.09,138.09,
equity,INE0N6U01018,2026-01-08,138.09,138.09,138.09,
equity,INE0N6U01018,2026-01-09,138.09,138.09,138.09,
equity,INE0N6U01018,2026-01-12,138.09,138.09,138.09,
equity,INE0N6U01018,2026-01-13,138.09,138.09,138.09,
equity,INE0N6U01018,2026-01-14,138.09,138.09,138.09,
equity,INE0N6U01018,2026-01-15,138.09,138.09,138.09,
equity,INE0N6U01018,2026-01-16,138.09,138.09,138.09,
equity,INE0N6U01018,2026-01-19,138.09,138.09,138.09,
equity,INE0N6U01018,2026-01-20,138.09,138.09,138.09,
equity,INE0N6U01018,2026-01-21,138.09,138.09,138.09,
equity,INE0N6U01018,2026-01-22,138.09,138.09,138.09,
equity,INE0N6U01018,2026-01-23,138.09,138.09,138.09,
equity,INE0N6U01018,2026-01-27,138.09,138.09,138.09,
equity,INE0N6U01018,2026-01-28,138.09,138.09,138.09,
equity,INE0N6U01018,2026-01-29,138.09,138.09,138.09,
equity,INE0N6U01018,2026-01-30,138.09,138.09,138.09,
equity,INE0N6U01018,2026-02-02,138.09,138.09,138.09,
equity,INE0N6U01018,2026-02-03,138.09,138.09,138.09,
equity,INE0N6U01018,2026-02-04,138.09,138.09,138.09,
equity,INE0N6U01018,2026-02-05,138.09,138.09,138.09,
equity,INE0N6U01018,2026-02-06,138.09,138.09,138.09,
equity,INE0N6U01018,2026-02-09,138.09,138.09,138.09,
equity,INE0N6U01018,2026-02-10,138.09,138.09,138.09,
equity,INE0N6U01018,2026-02-11,138.09,138.09,138.09,
equity,INE0N6U01018,2026-02-12,138.09,138.09,138.09,
equity,INE0N6U01018,2026-02-13,138.09,138.09,138.09,
equity,INE0N6U01018,2026-02-16,138.09,138.09,138.09,
equity,INE0N6U01018,2026-02-17,138.09,138.09,138.09,
equity,INE0N6U01018,2026-02-18,138.09,138.09,138.09,
equity,INE0N6U01018,2026-02-19,138.09,138.09,138.09,
equity,INE0N6U01018,2026-02-20,138.09,138.09,138.09,
equity,INE0N6U01018,2026-02-23,138.09,138.09,138.09,
equity,INE0N6U01018,2026-02-24,138.09,138.09,138.09,
equity,INE0N6U01018,2026-02-25,138.09,138.09,138.09,
equity,INE0N6U01018,2026-02-26,138.09,138.09,138.09,
equity,INE0N6U01018,2026-02-27,138.09,138.09,138.09,
equity,INE0N6U01018,2026-03-02,138.09,138.09,138.09,
equity,INE0N6U01018,2026-03-04,138.09,138.09,138.09,
equity,INE0N6U01018,2026-03-05,138.09,138.09,138.09,
equity,INE0N6U01018,2026-03-06,138.09,138.09,138.09,
equity,INE0N6U01018,2026-03-09,138.09,138.09,138.09,
equity,INE0N6U01018,2026-03-10,138.09,138.09,138.09,
equity,INE0N6U01018,2026-03-11,138.09,138.09,138.09,
equity,INE0N6U01018,2026-03-12,138.09,138.09,138.09,
equity,INE0N6U01018,2026-03-13,138.09,138.09,138.09,
equity,INE0N6U01018,2026-03-16,138.09,138.09,138.09,
equity,INE0N6U01018,2026-03-17,138.09,138.09,138.09,
equity,INE0N6U01018,2026-03-18,138.09,138.09,138.09,
equity,INE0N6U01018,2026-03-19,138.09,138.09,138.09,
equity,INE0N6U01018,2026-03-20,138.09,138.09,138.09,
equity,INE0N6U01018,2026-03-23,138.09,138.09,138.09,
equity,INE0N6U01018,2026-03-24,138.09,138.09,138.09,
equity,INE0N6U01018,2026-03-25,138.09,138.09,138.09,
equity,INE0N6U01018,2026-03-27,138.09,138.09,138.09,
equity,INE0N6U01018,2026-03-30,138.09,138.09,138.09,
equity,INE0N6U01018,2026-04-01,138.09,138.09,138.09,
equity,INE0N6U01018,2026-04-02,138.09,138.09,138.09,
equity,INE0N6U01018,2026-04-06,138.09,138.09,138.09,
equity,INE0N6U01018,2026-04-07,138.09,138.09,138.09,
equity,INE0N6U01018,2026-04-08,138.09,138.09,138.09,
equity,INE0N6U01018,2026-04-09,138.09,138.09,138.09,
equity,INE0N6U01018,2026-04-10,138.09,138.09,138.09,
equity,INE0N6U01018,2026-04-13,138.09,138.09,138.09,
equity,INE0N6U01018,2026-04-15,138.09,138.09,138.09,
equity,INE0N6U01018,2026-04-16,138.09,138.09,138.09,
equity,INE0N6U01018,2026-04-17,138.09,138.09,138.09,
equity,INE0N6U01018,2026-04-20,138.09,138.09,138.09,
equity,INE0N6U01018,2026-04-21,138.09,138.09,138.09,
equity,INE0N6U01018,2026-04-22,138.09,138.09,138.09,
equity,INE0N6U01018,2026-04-23,138.09,138.09,138.09,
equity,INE0N6U01018,2026-04-24,138.09,138.09,138.09,
equity,INE0N6U01018,2026-04-27,138.09,138.09,138.09,
equity,INE0N6U01018,2026-04-28,138.09,138.09,138.09,
equity,INE0N6U01018,2026-04-29,138.09,138.09,138.09,
equity,INE0N6U01018,2026-04-30,138.09,138.09,138.09,
equity,INE0N6U01018,2026-05-01,138.09,138.09,138.09,
equity,INE0N6U01018,2026-05-04,138.09,138.09,138.09,
equity,INE0N6U01018,2026-05-05,138.09,138.09,138.09,
equity,INE0N6U01018,2026-05-06,138.09,138.09,138.09,
equity,INE0N6U01018,2026-05-07,138.09,138.09,138.09,
equity,INE0N6U01018,2026-05-08,138.09,138.09,138.09,
equity,INE0N6U01018,2026-05-11,138.09,138.09,138.09,
equity,INE0N6U01018,2026-05-12,138.09,138.09,138.09,
equity,INE0N6U01018,2026-05-13,138.09,138.09,138.09,
equity,INE0N6U01018,2026-05-14,138.09,138.09,138.09,
equity,INE0N6U01018,2026-05-15,138.09,138.09,138.09,
equity,INE0N6U01018,2026-05-18,138.09,138.09,138.09,
equity,INE0N6U01018,2026-05-19,138.09,138.09,138.09,
equity,INE0N6U01018,2026-05-20,138.09,138.09,138.09,
equity,INE0N6U01018,2026-05-21,138.09,138.09,138.09,
equity,INE0N6U01018,2026-05-22,138.09,138.09,138.09,
equity,INE0N6U01018,2026-05-25,138.09,138.09,138.09,
equity,INE0N6U01018,2026-05-26,138.09,138.09,138.09,
equity,INE0N6U01018,2026-05-27,138.09,138.09,138.09,
equity,INE0N6U01018,2026-05-28,138.09,138.09,138.09,
equity,INE0N6U01018,2026-05-29,138.09,138.09,138.09,
equity,INE0N6U01018,2026-06-01,138.09,138.09,138.09,
equity,INE0N6U01018,2026-06-02,138.09,138.09,138.09,
equity,INE0N6U01018,2026-06-03,138.09,138.09,138.09,
equity,INE0N6U01018,2026-06-04,138.09,138.09,138.09,
equity,INE0N6U01018,2026-06-05,138.09,138.09,138.09,
equity,INE0N6U01018,2026-06-08,138.09,138.09,138.09,
equity,INE0N6U01018,2026-06-09,138.09,138.09,138.09,
equity,INE0N6U01018,2026-06-10,138.09,138.09,138.09,
equity,INE0N6U01018,2026-06-11,138.09,138.09,138.09,
equity,INE0N6U01018,2026-06-12,138.09,138.09,138.09,
equity,INE0N6U01018,2026-06-15,138.09,138.09,138.09,
equity,INE0N6U01018,2026-06-16,138.09,138.09,138.09,
equity,INE0N6U01018,2026-06-17,138.09,138.09,138.09,
equity,INE0N6U01018,2026-06-18,138.09,138.09,138.09,
equity,INE0N6U01018,2026-06-19,138.09,138.09,138.09,
equity,INE0N6U01018,2026-06-22,138.09,138.09,138.09,
equity,INE0N6U01018,2026-06-23,138.09,138.09,138.09,
equity,INE0N6U01018,2026-06-24,138.09,138.09,138.09,
equity,INE0N6U01018,2026-06-25,138.09,138.09,138.09,
equity,INE0N6U01018,2026-06-26,138.09,138.09,138.09,
equity,INE0N6U01018,2026-06-29,138.09,138.09,138.09,
equity,INE0N6U01018,2026-06-30,138.09,138.09,138.09,
equity,INE0N6U01018,2026-07-01,138.09,138.09,138.09,
equity,INE0N6U01018,2026-07-02,138.09,138.09,138.09,
equity,INE0N6U01018,2026-07-03,138.09,138.09,138.09,
equity,INE0N6U01018,2026-07-06,138.09,138.09,138.09,
equity,INE0N6U01018,2026-07-07,138.09,138.09,138.09,
equity,INE0N6U01018,2026-07-08,138.09,138.09,138.09,
equity,INE0N6U01018,2026-07-09,138.09,138.09,138.09,
equity,INE0N6U01018,2026-07-10,138.09,138.09,138.09,
equity,INE0N6U01018,2026-07-13,138.09,138.09,138.09,
equity,INE0N6U01018,2026-07-14,138.09,138.09,138.09,
equity,INE0N6U01018,2026-07-15,138.09,138.09,138.09,
equity,INE0N6U01018,2026-07-16,138.09,138.09,138.09,
equity,INE0N6U01018,2026-07-17,138.09,138.09,138.09,
equity,INE0N6U01018,2026-07-20,138.09,138.09,138.09,
equity,INE0N6U01018,2026-07-21,138.09,138.09,138.09,
equity,INE0N6U01018,2026-07-22,138.09,138.09,138.09,
equity,INE0N6U01018,2026-07-23,138.09,138.09,138.09,
equity,INE0N6U01018,2026-07-24,138.09,138.09,138.09,
equity,INE0N6U01018,2026-07-27,138.09,138.09,138.09,
equity,INE0N6U01018,2026-07-28,138.09,138.09,138.09,
equity,INE0N6U01018,2026-07-29,138.09,138.09,138.09,
equity,INE0N6U01018,2026-07-30,138.09,138.09,138.09,
equity,INE0N6U01018,2026-07-31,138.09,138.09,138.09,
equity,INE0N6U01018,2026-08-03,138.09,138.09,138.09,
equity,INE0N6U01018,2026-08-04,138.09,138.09,138.09,
equity,INE0N6U01018,2026-08-05,138.09,138.09,138.09,
equity,INE0N6U01018,2026-08-06,138.09,138.09,138.09,
equity,INE0N6U01018,2026-08-07,138.09,138.09,138.09,
equity,INE0N6U01018,2026-08-10,138.09,138.09,138.09,
equity,INE0N6U01018,2026-08-11,138.09,138.09,138.09,
equity,INE0N6U01018,2026-08-12,138.09,138.09,138.09,
equity,INE0N6U01018,2026-08-13,138.09,138.09,138.09,
equity,INE0N6U01018,2026-08-14,138.09,138.09,138.09,
equity,INE0N6U01018,2026-08-17,138.09,138.09,138.09,
equity,INE0N6U01018,2026-08-18,138.09,138.09,138.09,
equity,INE0N6U01018,2026-08-19,138.09,138.09,138.09,
equity,INE0N6U01018,2026-08-20,138.09,138.09,138.09,
equity,INE0N6U01018,2026-08-21,138.09,138.09,138.09,
equity,INE0N6U01018,2026-08-24,138.09,138.09,138.09,
equity,INE0N6U01018,2026-08-25,138.09,138.09,138.09,
equity,INE0N6U01018,2026-08-26,138.09,138.09,138.09,
equity,INE0N6U01018,2026-08-27,138.09,138.09,138.09,
equity,INE0N6U01018,2026-08-28,144.99,144.99,144.99,250
equity,INE0N6U01018,2026-08-31,144.99,144.99,144.99,
equity,INE0N6U01018,2026-09-01,144.99,144.99,144.99,
equity,INE0N6U01018,2026-09-02,144.99,144.99,144.99,
equity,INE0N6U01018,2026-09-03,144.99,144.99,144.99,
equity,INE0N6U01018,2026-09-04,144.99,144.99,144.99,
equity,INE0N6U01018,2026-09-07,144.99,144.99,144.99,
equity,INE0N6U01018,2026-09-08,144.99,144.99,144.99,
equity,INE0N6U01018,2026-09-09,144.99,144.99,144.99,
equity,INE0N6U01018,2026-09-10,144.99,144.99,144.99,
equity,INE0N6U01018,2026-09-11,144.99,144.99,144.99,
equity,INE0N6U01018,2026-09-14,144.99,144.99,144.99,
equity,INE0N6U01018,2026-09-15,144.99,144.99,144.99,
equity,INE0N6U01018,2026-09-16,144.99,144.99,144.99,
equity,INE0N6U01018,2026-09-17,144.99,144.99,144.99,
equity,INE0N6U01018,2026-09-18,144.99,144.99,144.99,
equity,INE763M01028,2026-06-02,36.86,36.13,36.13,72600
equity,INE763M01028,2026-06-03,35.41,35.41,35.41,14166
equity,INE763M01028,2026-06-04,34.71,34.71,34.71,8968
equity,INE763M01028,2026-06-05,34.02,34.02,34.02,12789
equity,INE763M01028,2026-06-08,33.34,33.34,33.34,5477
equity,INE763M01028,2026-06-09,32.68,32.68,32.68,11665
equity,INE763M01028,2026-06-10,32.03,32.03,32.03,11973
equity,INE763M01028,2026-06-11,31.39,31.39,31.39,11308
equity,INE763M01028,2026-06-12,30.77,30.77,30.77,16398
equity,INE763M01028,2026-06-15,31.38,30.16,31.38,84499
equity,INE763M01028,2026-06-16,32,31.5,32,48220
equity,INE763M01028,2026-06-17,32.15,32,32,44193
equity,INE763M01028,2026-06-18,32.64,32.64,32.64,28169
equity,INE763M01028,2026-06-19,33.29,33.29,33.29,20819
equity,INE763M01028,2026-06-22,33.95,33.95,33.95,14591
equity,INE763M01028,2026-06-23,34.62,34.62,34.62,93497
equity,INE763M01028,2026-06-24,35.31,35.31,35.31,112487
equity,INE763M01028,2026-06-25,35.3,34.61,34.61,64597
equity,INE763M01028,2026-06-26,34.61,34.61,34.61,
equity,INE763M01028,2026-06-29,33.93,33.92,33.92,78012
equity,INE763M01028,2026-06-30,33.92,33.25,33.3,42081
equity,INE763M01028,2026-07-01,33.96,33.11,33.96,56965
equity,INE763M01028,2026-07-02,34.63,34.63,34.63,70735
equity,INE763M01028,2026-07-03,35.32,35.32,35.32,120801
equity,INE763M01028,2026-07-06,37.08,34.3,37.08,187955
equity,INE763M01028,2026-07-07,38.49,35.23,35.38,257702
equity,INE763M01028,2026-07-08,35.92,33.75,34.92,267330
equity,INE763M01028,2026-07-09,36.66,33.8,35.91,274966
equity,INE763M01028,2026-07-10,36.2,34.29,35.69,146250
equity,INE763M01028,2026-07-13,37,34.31,35.93,217420
equity,INE763M01028,2026-07-14,37.3,34.75,36.54,150225
equity,INE763M01028,2026-07-15,37.99,35.1,35.93,104402
equity,INE763M01028,2026-07-16,36.79,35.05,36.42,127187
equity,INE763M01028,2026-07-17,37.5,35.35,36.2,139284
equity,INE763M01028,2026-07-20,36.9,35,35.32,127181
equity,INE763M01028,2026-07-21,37.08,35.15,35.58,116330
equity,INE763M01028,2026-07-22,36,33.81,35.21,51073
equity,INE763M01028,2026-07-23,35.89,34.56,35.5,107544
equity,INE763M01028,2026-07-24,35.7,34.05,35.11,81384
equity,INE763M01028,2026-07-27,36.86,34.4,35.92,224878
equity,INE763M01028,2026-07-28,36.41,35.05,35.86,161626
equity,INE763M01028,2026-07-29,36.61,35.53,35.65,106419
equity,INE763M01028,2026-07-30,36.39,35.06,35.72,93944
equity,INE763M01028,2026-07-31,35.61,34.2,35.09,84587
equity,INE763M01028,2026-08-03,35.97,34.82,35.43,110395
equity,INE763M01028,2026-08-04,36.45,33.9,35.74,311062
equity,INE763M01028,2026-08-05,36.95,34.55,35.3,276122
equity,INE763M01028,2026-08-06,36,34.62,35.73,111191
equity,INE763M01028,2026-08-07,36.73,34.5,34.95,137391
equity,INE763M01028,2026-08-10,36.6,34.14,34.6,183867
equity,INE763M01028,2026-08-11,35.69,34.5,34.71,56913
equity,INE763M01028,2026-08-12,35.44,34.63,35.02,63748
equity,INE763M01028,2026-08-13,35.33,34.5,34.6,127947
equity,INE763M01028,2026-08-14,36.4,34,36.08,140532
equity,INE763M01028,2026-08-17,36.85,35.43,35.59,210707
equity,INE763M01028,2026-08-18,36.35,34.77,35.13,111246
equity,INE763M01028,2026-08-19,38.25,34.85,37.63,491197
equity,INE763M01028,2026-08-20,41.39,37.61,39.47,638614
equity,INE763M01028,2026-08-21,41.5,39.05,39.71,281793
equity,INE763M01028,2026-08-24,40.35,39.1,39.2,179137
equity,INE763M01028,2026-08-25,39.5,36.1,37.4,169903
equity,INE763M01028,2026-08-26,39.2,37.37,38.73,101938
equity,INE763M01028,2026-08-27,40.5,38.17,38.93,79392
equity,INE763M01028,2026-08-28,39.69,38.4,38.67,59148
equity,INE763M01028,2026-08-31,39.99,38.87,38.96,80285
equity,INE763M01028,2026-09-01,39.87,35.36,37.64,291206
equity,INE763M01028,2026-09-02,37.31,36,36.66,83693
equity,INE763M01028,2026-09-03,38.87,36,36.67,66676
equity,INE763M01028,2026-09-04,37.93,36.12,36.74,41943
equity,INE763M01028,2026-09-07,38,34,37.4,4166748
equity,INE763M01028,2026-09-08,38.75,36.75,38.38,1533143
equity,INE763M01028,2026-09-09,38.94,37,37.83,463042
equity,INE763M01028,2026-09-10,41.61,37.73,41.61,3794734
equity,INE763M01028,2026-09-11,44.05,40.71,41.86,2352177
equity,INE763M01028,2026-09-14,41.86,41.86,41.86,
equity,INE763M01028,2026-09-15,43.99,40.7,40.87,1209534
equity,INE763M01028,2026-09-16,41.97,36.79,39.08,1101352
equity,INE763M01028,2026-09-17,42.24,39.05,40.84,1438388
equity,INE763M01028,2026-09-18,41.74,39.11,39.91,456747
equity,INE763M01028,2026-09-21,41.95,39.4,39.81,422185
equity,INE722B01019,2026-08-18,263.4763,245.9112,252.4482,147168
equity,INE722B01019,2026-08-19,268.4165,254.4941,266.9693,81643
equity,INE722B01019,2026-08-20,273.4564,260.1329,261.58,43704
equity,INE722B01019,2026-08-21,272.4584,260.083,267.1689,297263
equity,INE722B01019,2026-08-24,271.4604,259.4842,261.0811,34883
equity,INE722B01019,2026-08-25,263.3266,258.9852,261.2806,37514
equity,INE722B01019,2026-08-26,268.4664,259.4842,261.7298,23985
equity,INE722B01019,2026-08-27,280.4426,256.4902,274.4545,414062
equity,INE722B01019,2026-08-28,279.2449,269.4644,276.1012,24796
equity,INE722B01019,2026-08-31,276.1012,261.9294,264.5741,26500
equity,INE722B01019,2026-09-01,271.4604,262.0291,265.4224,33778
equity,INE722B01019,2026-09-02,264.4743,259.5341,260.3326,16745
equity,INE722B01019,2026-09-03,263.626,258.4862,259.8834,24422
equity,INE722B01019,2026-09-04,272.8576,260.4822,265.622,28429
equity,INE722B01019,2026-09-07,268.2667,262.0291,264.0252,17250
equity,INE722B01019,2026-09-08,278.4465,258.6858,270.2129,122995
equity,INE722B01019,2026-09-09,276.3008,260.5321,263.2767,31869
equity,INE722B01019,2026-09-10,270.9614,260.0331,265.9713,25343
equity,INE722B01019,2026-09-11,265.9713,259.3345,262.5282,38024
equity,INE722B01019,2026-09-14,262.5282,262.5282,262.5282,
equity,INE722B01019,2026-09-15,266.3705,253.3963,255.4423,31819
equity,INE722B01019,2026-09-16,263.0771,251.6997,253.4961,29166
equity,INE722B01019,2026-09-17,259.7337,247.4581,251.55,89732
equity,INE722B01019,2026-09-18,253.35,246,247.45,37176
equity,INE722B01019,2026-09-21,254.9,245,252.3,20738
equity,INE290E01011,2026-08-18,173.7331,154.7623,155.581,1224
equity,INE290E01011,2026-08-19,169.7393,157.7577,163.7485,1270
equity,INE290E01011,2026-08-20,169.6394,159.7546,159.7546,294
equity,INE290E01011,2026-08-21,179.7239,129.8106,165.7154,2180
equity,INE290E01011,2026-08-24,165.7155,156.7592,159.7546,1080
equity,INE290E01011,2026-08-25,164.6471,155.7607,163.6486,1055
equity,INE290E01011,2026-08-26,162.8399,162.8399,162.8399,3
equity,INE290E01011,2026-08-27,165.7454,163.6386,165.1264,965
equity,INE290E01011,2026-08-28,165.1463,165.1463,165.1463,513
equity,INE290E01011,2026-08-31,165.9651,153.7638,162.7001,1984
equity,INE290E01011,2026-09-01,162.7001,154.7722,162.7001,819
equity,INE290E01011,2026-09-02,163.6486,154.7623,154.8122,622
equity,INE290E01011,2026-09-03,162.5503,161.6517,161.6517,112
equity,INE290E01011,2026-09-04,166.7439,163.1993,163.1993,90
equity,INE290E01011,2026-09-07,163.1494,154.7623,162.9996,4221
equity,INE290E01011,2026-09-08,162.9996,154.7623,154.8122,376
equity,INE290E01011,2026-09-09,162.75,151.7669,161.6916,49
equity,INE290E01011,2026-09-10,168.7408,154.7623,155.1317,180
equity,INE290E01011,2026-09-11,168.7408,154.7623,156.889,3204
equity,INE290E01011,2026-09-15,166.6939,157.2584,158.3368,390
equity,INE290E01011,2026-09-16,161.7515,156.7592,159.7546,1164
equity,INE290E01011,2026-09-17,164.697,162.75,162.75,7
equity,INE290E01011,2026-09-18,164,163.9,163.98,15
equity,INE290E01011,2026-09-21,162,162,162,70
equity,INE252A01019,2026-08-18,152.3,148.01,148.87,21431
equity,INE252A01019,2026-08-19,151.8,145.86,147.13,30338
equity,INE252A01019,2026-08-20,153.8,147,150.22,39568
equity,INE252A01019,2026-08-21,150.23,145.1,147.71,40372
equity,INE252A01019,2026-08-24,148,146,146.86,29836
equity,INE252A01019,2026-08-25,147.7,140.1,141.94,56641
equity,INE252A01019,2026-08-26,144.95,142.01,143.61,19040
equity,INE252A01019,2026-08-27,157,143.62,152.01,204147
equity,INE252A01019,2026-08-28,156.6,150,150.77,44406
equity,INE252A01019,2026-08-31,152,146.01,147.19,39129
equity,INE252A01019,2026-09-01,152.95,143.12,149.76,57795
equity,INE252A01019,2026-09-02,151,145,148.68,25327
equity,INE252A01019,2026-09-03,152.5,147,148.61,30031
equity,INE252A01019,2026-09-04,150.5,148,149.38,17175
equity,INE252A01019,2026-09-07,151.7,146.3,147.64,47712
equity,INE252A01019,2026-09-08,149.5,145.21,146.6,25492
equity,INE252A01019,2026-09-09,148.45,145,145.65,22324
equity,INE252A01019,2026-09-10,145.65,145.65,145.65,
equity,INE252A01019,2026-09-11,145.65,145.65,145.65,
equity,INE252A01019,2026-09-14,145.65,145.65,145.65,
equity,INE252A01019,2026-09-15,138.37,138.37,138.37,17259
equity,INE252A01019,2026-09-16,138.37,138.37,138.37,
equity,INE252A01019,2026-09-17,138.37,138.37,138.37,
equity,INE252A01019,2026-09-18,138.37,138.37,138.37,
equity,INE252A01019,2026-09-21,131.46,131.46,131.46,23177
equity,INE285C01015,2026-08-18,1696,1460,1492.3,372
equity,INE285C01015,2026-08-19,1512,1475,1489,406
equity,INE285C01015,2026-08-20,1574,1478.3,1517.4,335
equity,INE285C01015,2026-08-21,1517.4,1469.3,1469.5,124
equity,INE285C01015,2026-08-24,1500,1480,1500,52
equity,INE285C01015,2026-08-25,1500,1450,1454.1,507
equity,INE285C01015,2026-08-26,1489.9,1454.1,1460,100
equity,INE285C01015,2026-08-27,1500,1450,1459.8,849
equity,INE285C01015,2026-08-28,1459.8,1450,1451.7,150
equity,INE285C01015,2026-08-31,1497.9,1415.3,1442.7,1024
equity,INE285C01015,2026-09-01,1473,1440,1452.9,444
equity,INE285C01015,2026-09-02,1472,1410,1466,423
equity,INE285C01015,2026-09-03,1486.9,1450,1480.2,356
equity,INE285C01015,2026-09-04,1504.4,1455.1,1458.6,643
equity,INE285C01015,2026-09-07,1488,1436,1475.5,361
equity,INE285C01015,2026-09-08,1493,1465,1490.8,189
equity,INE285C01015,2026-09-09,1518,1465,1488.4,454
equity,INE285C01015,2026-09-10,1499,1453,1484.7,453
equity,INE285C01015,2026-09-11,1470,1440,1459.6,347
equity,INE285C01015,2026-09-15,1490,1440,1465.4,609
equity,INE285C01015,2026-09-16,1488.5,1452,1452.1,237
equity,INE285C01015,2026-09-17,1481.5,1445,1468.5,134
equity,INE285C01015,2026-09-18,1475.8,1451,1457.5,161
equity,INE285C01015,2026-09-21,1445.1,1429,1432.4,1522
equity,INE220Z01013,2026-08-18,162.29,159.05,159.21,4367
equity,INE220Z01013,2026-08-19,175,157.29,165.38,48819
equity,INE220Z01013,2026-08-20,168,160.05,162.12,56691
equity,INE220Z01013,2026-08-21,168,159.23,165.28,223816
equity,INE220Z01013,2026-08-24,165.59,162.15,163.59,152985
equity,INE220Z01013,2026-08-25,170,161.5,163.71,227188
equity,INE220Z01013,2026-08-26,165,158.16,162.75,258214
equity,INE220Z01013,2026-08-27,166.7,160.1,164.23,217350
equity,INE220Z01013,2026-08-28,166.15,161.22,164.13,217652
equity,INE220Z01013,2026-08-31,165.96,160.3,162.79,174580
equity,INE220Z01013,2026-09-01,162.93,160,162.21,466149
equity,INE220Z01013,2026-09-02,168.96,159.11,160.68,311659
equity,INE220Z01013,2026-09-03,162.37,158.2,159.35,314669
equity,INE220Z01013,2026-09-04,163,156.2,162.42,220380
equity,INE220Z01013,2026-09-07,167.9,159.46,162.77,176047
equity,INE220Z01013,2026-09-08,167,159.03,160.65,369555
equity,INE220Z01013,2026-09-09,161.88,160,160.76,153215
equity,INE220Z01013,2026-09-10,162.5,160,161.98,305847
equity,INE220Z01013,2026-09-11,164.75,160,163.02,258569
equity,INE220Z01013,2026-09-15,164.69,158.77,161.48,154154
equity,INE220Z01013,2026-09-16,164.39,160,163.05,128760
equity,INE220Z01013,2026-09-17,163.21,160.62,161.05,88869
equity,INE220Z01013,2026-09-18,164.5,160.38,161.64,430082
equity,INE220Z01013,2026-09-21,166,159.21,163,364484
equity,INE767C01012,2026-08-18,419.95,410,415.3,899
equity,INE767C01012,2026-08-19,417.05,401.25,406.6,3012
equity,INE767C01012,2026-08-20,410,400,404.1,5087
equity,INE767C01012,2026-08-21,414,402.2,411.95,1088
equity,INE767C01012,2026-08-24,413,405,406.1,609
equity,INE767C01012,2026-08-25,418.9,406,416.4,1452
equity,INE767C01012,2026-08-26,423,405,406.3,3837
equity,INE767C01012,2026-08-27,415,390,403.85,5613
equity,INE767C01012,2026-08-28,406.8,392.3,394.35,3424
equity,INE767C01012,2026-08-31,409.95,385,388.85,3418
equity,INE767C01012,2026-09-01,398.5,385.45,397.65,3246
equity,INE767C01012,2026-09-02,398.5,392,396.75,1840
equity,INE767C01012,2026-09-03,397,394.8,394.8,2503
equity,INE767C01012,2026-09-04,396.7,388.6,394.5,1470
equity,INE767C01012,2026-09-07,397.95,390.15,391.65,1357
equity,INE767C01012,2026-09-08,411.85,388,408.85,2822
equity,INE767C01012,2026-09-09,454.8,425,436.05,26894
equity,INE767C01012,2026-09-10,448,420,425.1,6892
equity,INE767C01012,2026-09-11,448,413,440.2,20070
equity,INE767C01012,2026-09-15,458.8,419.1,429.65,21380
equity,INE767C01012,2026-09-16,441.05,416.5,435.1,4299
equity,INE767C01012,2026-09-17,444,424.15,443.65,10817
equity,INE767C01012,2026-09-18,444.25,431.5,440.05,7910
equity,INE767C01012,2026-09-21,442,425.65,434,10440
equity,INE311M01018,2026-08-18,165,153.5,155,3737
equity,INE311M01018,2026-08-19,156,148.55,154.14,2740
equity,INE311M01018,2026-08-20,158.7,150.5,155.82,2012
equity,INE311M01018,2026-08-21,161,151.6,154.21,1226
equity,INE311M01018,2026-08-24,179,152,153.14,2731
equity,INE311M01018,2026-08-25,159.9,149,149.68,571
equity,INE311M01018,2026-08-26,153.99,142,146.36,8439
equity,INE311M01018,2026-08-27,153.95,145,151.27,7787
equity,INE311M01018,2026-08-28,165.99,149.27,162.9,37275
equity,INE311M01018,2026-08-31,167.99,161.5,165.82,19969
equity,INE311M01018,2026-09-01,165.5,157.65,160.72,9552
equity,INE311M01018,2026-09-02,164,153.96,157.89,4640
equity,INE311M01018,2026-09-03,164,150.02,152.78,8688
equity,INE311M01018,2026-09-04,159.8,153.21,156.48,3120
equity,INE311M01018,2026-09-07,161.5,151.05,154.92,3018
equity,INE311M01018,2026-09-08,158.7,151.14,154.75,2821
equity,INE311M01018,2026-09-09,156.4,148,151.05,5567
equity,INE311M01018,2026-09-10,155.11,142.2,150.02,9404
equity,INE311M01018,2026-09-11,154.85,148,152.67,5140
equity,INE311M01018,2026-09-15,154.53,148.1,151.89,7567
equity,INE311M01018,2026-09-16,156.5,144.53,152.97,3646
equity,INE311M01018,2026-09-17,154.45,146.11,150.73,5141
equity,INE311M01018,2026-09-18,153.7,146.7,147.14,11255
equity,INE311M01018,2026-09-21,149.79,146.95,148.11,4559
equity,INE467D01017,2026-08-18,350.4,268.05,343,330
equity,INE467D01017,2026-08-19,338,320,333.95,1066
equity,INE467D01017,2026-08-20,342.5,321.2,334.75,1032
equity,INE467D01017,2026-08-21,401.7,330,401.7,51714
equity,INE467D01017,2026-08-24,482,452.8,482,125540
equity,INE467D01017,2026-08-25,494.4,433.8,448.8,44537
equity,INE467D01017,2026-08-26,448.95,428.95,442,4729
equity,INE467D01017,2026-08-27,445,429.95,442.05,10945
equity,INE467D01017,2026-08-28,474.7,435.95,466.05,11161
equity,INE467D01017,2026-08-31,480,444.05,449.9,2877
equity,INE467D01017,2026-09-01,451.2,432.1,441.65,3974
equity,INE467D01017,2026-09-02,460,435,437.8,2254
equity,INE467D01017,2026-09-03,458,403,429.5,1819
equity,INE467D01017,2026-09-04,436.4,414.3,423.35,5617
equity,INE467D01017,2026-09-07,440.95,404.4,433.2,6095
equity,INE467D01017,2026-09-08,476.5,420.05,460.35,18049
equity,INE467D01017,2026-09-09,469.75,436.2,450.2,6736
equity,INE467D01017,2026-09-10,460.35,432.35,450.35,13675
equity,INE467D01017,2026-09-11,454.75,448.7,450.05,6401
equity,INE467D01017,2026-09-15,463.95,406.35,421.6,7551
equity,INE467D01017,2026-09-16,448.2,385.35,399.45,6298
equity,INE467D01017,2026-09-17,407,377,382.25,5561
equity,INE467D01017,2026-09-18,404.8,375.35,390.85,11453
equity,INE467D01017,2026-09-21,396.45,365,371.95,8187
equity,INE116C01012,2026-04-21,888,805,839.75,550
equity,INE116C01012,2026-04-22,894.98,850,855.2,2850
equity,INE116C01012,2026-04-23,873.99,840,847.16,669
equity,INE116C01012,2026-04-24,846,812,819.24,366
equity,INE116C01012,2026-04-27,838.99,819,820.16,438
equity,INE116C01012,2026-04-28,837.99,804,807.8,769
equity,INE116C01012,2026-04-29,849,819.6,843.95,1251
equity,INE116C01012,2026-04-30,845,795,804.59,2110
equity,INE116C01012,2026-05-04,819.7,778,782.15,1358
equity,INE116C01012,2026-05-05,817,770,806.15,1426
equity,INE116C01012,2026-05-06,810,786,797.55,1322
equity,INE116C01012,2026-05-07,819,800,811.05,734
equity,INE116C01012,2026-05-08,817,774.65,796.9,614
equity,INE116C01012,2026-05-11,850,792.05,815.15,2746
equity,INE116C01012,2026-05-12,855,755,759.05,6788
equity,INE116C01012,2026-05-13,785,717.2,723.65,3888
equity,INE116C01012,2026-05-14,759,716.05,730.05,5092
equity,INE116C01012,2026-05-15,753,715,722.1,1531
equity,INE116C01012,2026-05-18,739.8,710,716.25,683
equity,INE116C01012,2026-05-19,730,700,709.4,1148
equity,INE116C01012,2026-05-20,726.9,705.4,712.15,625
equity,INE116C01012,2026-05-21,714,692.25,701.55,1067
equity,INE116C01012,2026-05-22,706.95,699.45,704.55,535
equity,INE116C01012,2026-05-25,720,701,707.95,477
equity,INE116C01012,2026-05-26,725.9,702,710.05,5322
equity,INE116C01012,2026-05-27,724,678.1,703,1568
equity,INE116C01012,2026-05-28,703,703,703,
equity,INE116C01012,2026-05-29,708.7,670,685.45,2912
equity,INE116C01012,2026-06-01,697.75,651.25,665.2,4777
equity,INE116C01012,2026-06-02,680,626.6,648.95,4119
equity,INE116C01012,2026-06-03,671,620.65,663.85,3905
equity,INE116C01012,2026-06-04,670,631.2,645.35,6438
equity,INE116C01012,2026-06-05,659.6,638,645.95,6452
equity,INE116C01012,2026-06-08,656.9,639.75,647.15,2172
equity,INE116C01012,2026-06-09,664.5,648.05,657.35,1063
equity,INE116C01012,2026-06-10,669.95,651.25,661.45,789
equity,INE116C01012,2026-06-11,669.65,645.8,646.5,2176
equity,INE116C01012,2026-06-12,653.25,638,642.3,19793
equity,INE116C01012,2026-06-15,745.5,632.05,703.7,14508
equity,INE116C01012,2026-06-16,723,681.1,700.65,3896
equity,INE116C01012,2026-06-17,713.7,690.45,693.55,6882
equity,INE116C01012,2026-06-18,709.8,685.75,689.75,2372
equity,INE116C01012,2026-06-19,703.35,689,699.65,2863
equity,INE116C01012,2026-06-22,712.35,692.1,702.7,1826
equity,INE116C01012,2026-06-23,722.85,686.05,698.35,7351
equity,INE116C01012,2026-06-24,717.7,690.2,699.5,1925
equity,INE116C01012,2026-06-25,707.9,662.35,676.15,4680
equity,INE116C01012,2026-06-26,676.15,676.15,676.15,
equity,INE116C01012,2026-06-29,724.9,665.05,706.15,6556
equity,INE116C01012,2026-06-30,720.95,692.6,699.05,2089
equity,INE116C01012,2026-07-01,730,696.1,721.35,4024
equity,INE116C01012,2026-07-02,724.9,701.2,704.75,2391
equity,INE116C01012,2026-07-03,720,688.95,696.05,7007
equity,INE116C01012,2026-07-06,705.95,676,693.9,950
equity,INE116C01012,2026-07-07,695.4,666.65,672.9,4433
equity,INE116C01012,2026-07-08,686.05,652,653.5,9628
equity,INE116C01012,2026-07-09,666,653.05,663.45,1114
equity,INE116C01012,2026-07-10,676.75,660.3,663.7,1391
equity,INE116C01012,2026-07-13,679.8,658,670.7,3448
equity,INE116C01012,2026-07-14,700.65,666.7,687.7,6348
equity,INE116C01012,2026-07-15,699,668,686.05,14496
equity,INE116C01012,2026-07-16,697.4,687,688,5658
equity,INE116C01012,2026-07-17,697.4,676.75,686.7,2414
equity,INE116C01012,2026-07-20,687.8,660.1,665.3,2896
equity,INE116C01012,2026-07-21,679,660.2,666.7,1165
equity,INE116C01012,2026-07-22,671.5,652,661.5,2301
equity,INE116C01012,2026-07-23,683.25,654.15,665.95,646
equity,INE116C01012,2026-07-24,798.9,652.1,694.15,47046
equity,INE116C01012,2026-07-27,697,680,686.4,4399
equity,INE116C01012,2026-07-28,697.7,661.5,673.7,16265
equity,INE116C01012,2026-07-29,696.95,676.3,679,1940
equity,INE116C01012,2026-07-30,687.75,660,663.8,7419
equity,INE116C01012,2026-07-31,682,660,663.95,2390
equity,INE116C01012,2026-08-03,682,664,679,2315
equity,INE116C01012,2026-08-04,682,662.65,665.95,1799
equity,INE116C01012,2026-08-05,678.8,660.1,671.4,3142
equity,INE116C01012,2026-08-06,677.9,656.05,659.85,12852
equity,INE116C01012,2026-08-07,682,652,658.35,7427
equity,INE116C01012,2026-08-10,671,650.2,657.3,7872
equity,INE116C01012,2026-08-11,673.9,657.9,661.6,1325
equity,INE116C01012,2026-08-12,672,650.05,667.3,3415
equity,INE116C01012,2026-08-13,685,662.05,668.15,1420
equity,INE116C01012,2026-08-14,674.65,658.15,662.75,1616
equity,INE116C01012,2026-08-17,688,660.2,673.6,1921
equity,INE116C01012,2026-08-18,695,663.45,679.8,3477
equity,INE116C01012,2026-08-19,689.7,665,673.75,3707
equity,INE116C01012,2026-08-20,685,665.4,668,25700
equity,INE116C01012,2026-08-21,681,666.2,671.9,3763
equity,INE116C01012,2026-08-24,684.45,665,672.8,1432
equity,INE116C01012,2026-08-25,680,667,672.35,1757
equity,INE116C01012,2026-08-26,679.9,662.2,669.6,4400
equity,INE116C01012,2026-08-27,678,670,671.25,1786
equity,INE116C01012,2026-08-28,682,666.05,670.95,4947
equity,INE116C01012,2026-08-31,678,666,666.2,1340
equity,INE116C01012,2026-09-01,677.9,664.6,665.9,1771
equity,INE116C01012,2026-09-02,671.9,666,667.1,1632
equity,INE116C01012,2026-09-03,674,666.45,667.75,2392
equity,INE116C01012,2026-09-04,677.9,661,667.5,7552
equity,INE116C01012,2026-09-07,678,652.2,668.5,9550
equity,INE116C01012,2026-09-08,683.1,666.5,670.3,10448
equity,INE116C01012,2026-09-09,681.95,671.05,680.05,6549
equity,INE116C01012,2026-09-10,794.95,681.2,743.4,96970
equity,INE116C01012,2026-09-11,773.7,723,764.75,18700
equity,INE116C01012,2026-09-14,764.75,764.75,764.75,
equity,INE116C01012,2026-09-15,792,750,762.05,21612
equity,INE116C01012,2026-09-16,764.6,721.2,725.8,6030
equity,INE116C01012,2026-09-17,749.9,685,694.6,8982
equity,INE116C01012,2026-09-18,704.7,685.8,697.85,3521
equity,INE116C01012,2026-09-21,711.85,682.2,693.65,4044
equity,INE318C01014,2026-04-13,138.7,138.7,138.7,
equity,INE318C01014,2026-04-15,138.7,138.7,138.7,
equity,INE318C01014,2026-04-16,138.7,138.7,138.7,
equity,INE318C01014,2026-04-17,138.7,138.7,138.7,
equity,INE318C01014,2026-04-20,138.7,138.7,138.7,
equity,INE318C01014,2026-04-21,138.7,138.7,138.7,
equity,INE318C01014,2026-04-22,276,274.95,276,45
equity,INE318C01014,2026-04-23,304,271.3,277.25,121
equity,INE318C01014,2026-04-24,280,274.95,280,165
equity,INE318C01014,2026-04-27,288,277.7,288,19
equity,INE318C01014,2026-04-28,276.35,276.3,276.3,2
equity,INE318C01014,2026-04-29,283,274,283,1524
equity,INE318C01014,2026-04-30,277.05,277,277,73
equity,INE318C01014,2026-05-04,277,277,277,35
equity,INE318C01014,2026-05-05,283.95,268,271.05,408
equity,INE318C01014,2026-05-06,282,272.3,274.8,165
equity,INE318C01014,2026-05-07,274.8,274.8,274.8,
equity,INE318C01014,2026-05-08,285,275,285,62
equity,INE318C01014,2026-05-11,296,278.05,278.05,65
equity,INE318C01014,2026-05-12,278.3,275.3,277.4,8
equity,INE318C01014,2026-05-13,284,284,284,1
equity,INE318C01014,2026-05-14,284,275.05,283.65,110
equity,INE318C01014,2026-05-15,288,288,288,1
equity,INE318C01014,2026-05-18,288,288,288,
equity,INE318C01014,2026-05-19,288,285,285,3
equity,INE318C01014,2026-05-20,285,285,285,
equity,INE318C01014,2026-05-21,285,282.8,282.95,5
equity,INE318C01014,2026-05-22,282.95,282.95,282.95,
equity,INE318C01014,2026-05-25,282.95,282.95,282.95,
equity,INE318C01014,2026-05-26,282.95,282.95,282.95,
equity,INE318C01014,2026-05-27,282.95,282.95,282.95,
equity,INE318C01014,2026-05-28,282.95,282.95,282.95,
equity,INE318C01014,2026-05-29,323.95,271.3,276.35,357
equity,INE318C01014,2026-06-01,272.3,271.4,271.4,8
equity,INE318C01014,2026-06-02,299.95,299,299,6
equity,INE318C01014,2026-06-03,275.9,265.5,275.5,100
equity,INE318C01014,2026-06-04,280,271.3,279.9,19
equity,INE318C01014,2026-06-05,293.8,280,282,32
equity,INE318C01014,2026-06-08,295.95,282,290.9,172
equity,INE318C01014,2026-06-09,290,290,290,2
equity,INE318C01014,2026-06-10,290,290,290,
equity,INE318C01014,2026-06-11,282,282,282,4
equity,INE318C01014,2026-06-12,295,290,295,201
equity,INE318C01014,2026-06-15,308,295,302,187
equity,INE318C01014,2026-06-16,303,289,289,100
equity,INE318C01014,2026-06-17,295,290,292.5,89
equity,INE318C01014,2026-06-18,293,289,292.1,22
equity,INE318C01014,2026-06-19,304,304,304,1
equity,INE318C01014,2026-06-22,300,292,293,156
equity,INE318C01014,2026-06-23,298,293,298,2
equity,INE318C01014,2026-06-24,298,298,298,
equity,INE318C01014,2026-06-25,309,302,308,310
equity,INE318C01014,2026-06-26,308,308,308,
equity,INE318C01014,2026-06-29,323,307,315.4,540
equity,INE318C01014,2026-06-30,330,308,308,84
equity,INE318C01014,2026-07-01,308,302.05,302.25,308
equity,INE318C01014,2026-07-02,317,305,315,78
equity,INE318C01014,2026-07-03,320,303,305.2,215
equity,INE318C01014,2026-07-06,305.5,300.05,305.5,12
equity,INE318C01014,2026-07-07,305.5,305.5,305.5,
equity,INE318C01014,2026-07-08,308.95,301,301,480
equity,INE318C01014,2026-07-09,313,300,300.05,78
equity,INE318C01014,2026-07-10,315,300,300,235
equity,INE318C01014,2026-07-13,310,310,310,2
equity,INE318C01014,2026-07-14,312,310,310,11
equity,INE318C01014,2026-07-15,310,310,310,1
equity,INE318C01014,2026-07-16,300,300,300,221
equity,INE318C01014,2026-07-17,300,300,300,
equity,INE318C01014,2026-07-20,300,300,300,
equity,INE318C01014,2026-07-21,300,300,300,
equity,INE318C01014,2026-07-22,300,300,300,
equity,INE318C01014,2026-07-23,300,300,300,
equity,INE318C01014,2026-07-24,300,298.5,299.6,4
equity,INE318C01014,2026-07-27,299.6,299.6,299.6,18
equity,INE318C01014,2026-07-28,298,284.65,284.65,43
equity,INE318C01014,2026-07-29,298.85,280.3,285.35,271
equity,INE318C01014,2026-07-30,293,287.8,290.4,55
equity,INE318C01014,2026-07-31,294,286,290.25,23
equity,INE318C01014,2026-08-03,304.75,296,304.75,700
equity,INE318C01014,2026-08-04,312.15,310.8,312,135
equity,INE318C01014,2026-08-05,312,312,312,1
equity,INE318C01014,2026-08-06,327.6,301,316.1,1361
equity,INE318C01014,2026-08-07,329.5,311,325.45,2276
equity,INE318C01014,2026-08-10,325.5,311,312,109
equity,INE318C01014,2026-08-11,328,313.05,313.05,33
equity,INE318C01014,2026-08-12,328,328,328,1
equity,INE318C01014,2026-08-13,325,325,325,6
equity,INE318C01014,2026-08-14,327,327,327,2
equity,INE318C01014,2026-08-17,315,310.3,310.3,4
equity,INE318C01014,2026-08-18,315.4,310,315.4,93
equity,INE318C01014,2026-08-19,326.95,319,323.6,2036
equity,INE318C01014,2026-08-20,338,322,322.35,338
equity,INE318C01014,2026-08-21,333.95,322,328,219
equity,INE318C01014,2026-08-24,344,300.05,339.35,1510
equity,INE318C01014,2026-08-25,337,320,320.25,72
equity,INE318C01014,2026-08-26,348,320,320.1,717
equity,INE318C01014,2026-08-27,333,318,332,8
equity,INE318C01014,2026-08-28,365.2,310,315.7,956
equity,INE318C01014,2026-08-31,323.8,286.5,318.55,321
equity,INE318C01014,2026-09-01,316,306,316,57
equity,INE318C01014,2026-09-02,313.95,303,303,12
equity,INE318C01014,2026-09-03,318.95,300,303.8,32
equity,INE318C01014,2026-09-04,325,315,319.35,12
equity,INE318C01014,2026-09-07,333.85,323,323,4
equity,INE318C01014,2026-09-08,322.9,305,320,3
equity,INE318C01014,2026-09-09,316,295,302.35,108
equity,INE318C01014,2026-09-10,331,300,325.2,274
equity,INE318C01014,2026-09-11,330,315,326.8,308
equity,INE318C01014,2026-09-15,338,320.7,322.7,605
equity,INE318C01014,2026-09-16,329.25,315.1,319.1,104
equity,INE318C01014,2026-09-17,319.1,319.1,319.1,
equity,INE318C01014,2026-09-18,319,314.1,319,52
equity,INE318C01014,2026-09-21,325,306.1,319.35,295
equity,INE440G01017,2026-08-18,1187.235,1117.4974,1143.437,3434
equity,INE440G01017,2026-08-19,1216.4671,1144.335,1176.959,6965
equity,INE440G01017,2026-08-20,1197.0124,1148.5252,1170.7734,4875
equity,INE440G01017,2026-08-21,1189.9288,1130.3676,1151.0194,3814
equity,INE440G01017,2026-08-24,1209.1839,1142.3396,1144.4347,9945
equity,INE440G01017,2026-08-25,1163.7898,1119.892,1136.2539,1819
equity,INE440G01017,2026-08-26,1176.1609,1113.1077,1121.0891,1918
equity,INE440G01017,2026-08-27,1172.2699,1118.3954,1142.2399,4057
equity,INE440G01017,2026-08-28,1157.4046,1123.5833,1145.8315,1875
equity,INE440G01017,2026-08-31,1175.1632,1117.3977,1137.2515,3097
equity,INE440G01017,2026-09-01,1147.3281,1122.4859,1136.2539,1127
equity,INE440G01017,2026-09-02,1140.9429,1117.4975,1121.7876,900
equity,INE440G01017,2026-09-03,1146.1309,1098.5416,1112.9082,2475
equity,INE440G01017,2026-09-04,1147.3281,1097.4442,1133.4603,2321
equity,INE440G01017,2026-09-07,1149.922,1126.9754,1137.8501,1897
equity,INE440G01017,2026-09-08,1156.3072,1111.1124,1121.9871,2113
equity,INE440G01017,2026-09-09,1143.3373,1108.4186,1137.9498,2202
equity,INE440G01017,2026-09-10,1152.3164,1118.994,1130.6669,3031
equity,INE440G01017,2026-09-11,1141.9405,1056.8388,1089.5625,4924
equity,INE440G01017,2026-09-15,1089.5625,1037.5836,1049.0569,5609
equity,INE440G01017,2026-09-16,1074.4977,1017.6301,1059.1334,2116
equity,INE440G01017,2026-09-17,1089.2633,1058.7343,1073.5,2078
equity,INE440G01017,2026-09-18,1114.9,1070,1084.3,1647
equity,INE440G01017,2026-09-21,1110,1051.3,1063.9,1541
equity,INE798F01010,2026-08-18,331,275,286.85,81
equity,INE798F01010,2026-08-19,294.5,285,294.45,1829
equity,INE798F01010,2026-08-20,299,286,299,93
equity,INE798F01010,2026-08-21,309.7,299,300,575
equity,INE798F01010,2026-08-24,318.8,289.95,289.95,660
equity,INE798F01010,2026-08-25,289.95,289.95,289.95,
equity,INE798F01010,2026-08-26,289.95,289.95,289.95,
equity,INE798F01010,2026-08-27,289.95,289.95,289.95,
equity,INE798F01010,2026-08-28,320,290,304.15,297
equity,INE798F01010,2026-08-31,305.65,302,302,8
equity,INE798F01010,2026-09-01,302.5,283,292.1,250
equity,INE798F01010,2026-09-02,300,292,300,290
equity,INE798F01010,2026-09-03,300,300,300,
equity,INE798F01010,2026-09-04,300,300,300,
equity,INE798F01010,2026-09-07,300,272.95,296.85,27
equity,INE798F01010,2026-09-08,318,253.95,290,394
equity,INE798F01010,2026-09-09,290,290,290,62
equity,INE798F01010,2026-09-10,290,290,290,
equity,INE798F01010,2026-09-11,300,280,280,4
equity,INE798F01010,2026-09-15,309.8,266.45,293.4,698
equity,INE798F01010,2026-09-16,304.85,267,295,180
equity,INE798F01010,2026-09-17,295,295,295,
equity,INE798F01010,2026-09-18,301,295,296.4,38
equity,INE798F01010,2026-09-21,301,301,301,25
equity,INE761G01016,2026-08-18,108.2852,101.8666,107.7017,13281
equity,INE761G01016,2026-08-19,110.7676,104.3589,109.6599,27930
equity,INE761G01016,2026-08-20,113.6357,106.8116,112.3104,9251
equity,INE761G01016,2026-08-21,111.7269,106.7028,107.2962,14398
equity,INE761G01016,2026-08-24,112.6566,107.8006,112.6566,81946
equity,INE761G01016,2026-08-25,116.6719,111.8555,113.4181,19102
equity,INE761G01016,2026-08-26,114.7236,110.3819,113.3983,12006
equity,INE761G01016,2026-08-27,115.6829,110.4511,113.0522,3746
equity,INE761G01016,2026-08-28,114.7236,110.0852,113.2005,10783
equity,INE761G01016,2026-08-31,114.7137,112.0039,112.8148,14843
equity,INE761G01016,2026-09-01,115.0005,110.8269,112.35,12991
equity,INE761G01016,2026-09-02,114.2,112,112.64,13715
equity,INE761G01016,2026-09-03,115,112.1,112.43,10041
equity,INE761G01016,2026-09-04,115,111.15,113.02,16624
equity,INE761G01016,2026-09-07,114.97,111.5,111.86,30178
equity,INE761G01016,2026-09-08,112.97,110.1,112.27,19396
equity,INE761G01016,2026-09-09,112.75,110.8,112.02,13351
equity,INE761G01016,2026-09-10,114,110.26,111.79,11488
equity,INE761G01016,2026-09-11,110.9,106.21,108.14,29808
equity,INE761G01016,2026-09-15,112,105,105.75,20342
equity,INE761G01016,2026-09-16,109.9,103.55,106.56,8591
equity,INE761G01016,2026-09-17,105.85,103.01,103.21,27586
equity,INE761G01016,2026-09-18,107.65,102.8,106.41,14457
equity,INE761G01016,2026-09-21,111.7,106.55,110.95,45811
equity,INE953E01022,2026-08-11,640.0417,640.0417,640.0417,
equity,INE953E01022,2026-08-12,640.0417,640.0417,640.0417,
equity,INE953E01022,2026-08-13,640.0417,640.0417,640.0417,
equity,INE953E01022,2026-08-14,640.0417,640.0417,640.0417,
equity,INE953E01022,2026-08-17,197.1875,182.7495,187.0588,37866
equity,INE953E01022,2026-08-18,192.3684,188.5305,191.243,25704
equity,INE953E01022,2026-08-19,192.378,188.5305,190.1561,56036
equity,INE953E01022,2026-08-20,190.9352,185.8468,189.3,119471
equity,INE953E01022,2026-08-21,192.86,183.3,183.84,71756
equity,INE953E01022,2026-08-24,184,173.31,176.26,77032
equity,INE953E01022,2026-08-25,178,174,175.94,26206
equity,INE953E01022,2026-08-26,181,176,180.23,12913
equity,INE953E01022,2026-08-27,184,175.63,177.96,14503
equity,INE953E01022,2026-08-28,180.95,175.02,177.99,22498
equity,INE953E01022,2026-08-31,186.77,175,180.3,18660
equity,INE953E01022,2026-09-01,178.9,175.02,177.86,8819
equity,INE953E01022,2026-09-02,179.96,175,177.04,18978
equity,INE953E01022,2026-09-03,182,178.2,180.29,6586
equity,INE953E01022,2026-09-04,184.97,177,180.12,15087
equity,INE953E01022,2026-09-07,182,175.52,177,25847
equity,INE953E01022,2026-09-08,182.94,177,178.95,12354
equity,INE953E01022,2026-09-09,181.99,176.11,177.85,14563
equity,INE953E01022,2026-09-10,180,177.69,178.69,13610
equity,INE953E01022,2026-09-11,180.05,175.02,177.22,23974
equity,INE953E01022,2026-09-15,180.75,176.12,176.88,17510
equity,INE953E01022,2026-09-16,177.93,174.01,176.35,9240
equity,INE953E01022,2026-09-17,180.55,174.85,177.33,17970
equity,INE953E01022,2026-09-18,180,176,178.37,5194
equity,INE953E01022,2026-09-21,184.59,179.27,180.32,8468
equity,INE222F01029,2026-08-11,22.95,22.95,22.95,
equity,INE222F01029,2026-08-12,22.95,22.95,22.95,
equity,INE222F01029,2026-08-13,22.95,22.95,22.95,
equity,INE222F01029,2026-08-14,22.95,22.95,22.95,
equity,INE222F01029,2026-08-17,50,46,46.94,9109
equity,INE222F01029,2026-08-18,48.5,46.58,46.79,10316
equity,INE222F01029,2026-08-19,47.5,45,46.34,56854
equity,INE222F01029,2026-08-20,47,44.5,46.17,31479
equity,INE222F01029,2026-08-21,46.6,45.45,46.13,27848
equity,INE222F01029,2026-08-24,49.9,46.2,49.33,34390
equity,INE222F01029,2026-08-25,53.49,50,53.07,67986
equity,INE222F01029,2026-08-26,54.84,52,53.71,24503
equity,INE222F01029,2026-08-27,57.8,53.3,56.47,86749
equity,INE222F01029,2026-08-28,58.9,56.55,58.2,86409
equity,INE222F01029,2026-08-31,61.9,56.69,57.04,109109
equity,INE222F01029,2026-09-01,61,57.05,59.43,100555
equity,INE222F01029,2026-09-02,59.3,57.25,57.73,14672
equity,INE222F01029,2026-09-03,59.5,56.48,56.57,15018
equity,INE222F01029,2026-09-04,57.7,55.3,56.12,3172
equity,INE222F01029,2026-09-07,58.9,55.5,56.49,10946
equity,INE222F01029,2026-09-08,57,55.35,56.58,2878
equity,INE222F01029,2026-09-09,57.98,54,55.8,6773
equity,INE222F01029,2026-09-10,56.68,50.8,52.72,43596
equity,INE222F01029,2026-09-11,53.24,46.83,48.42,58536
equity,INE222F01029,2026-09-14,48.42,48.42,48.42,
equity,INE222F01029,2026-09-15,49.16,40.9,42.17,235189
equity,INE222F01029,2026-09-16,50.5,39.15,48.83,388226
equity,INE222F01029,2026-09-17,50.84,47.12,48.34,168443
equity,INE222F01029,2026-09-18,48.44,46.12,47.5,35040
equity,INE222F01029,2026-09-21,49,45.51,46.26,37450
equity,INE555P01013,2026-08-18,199.0338,195.3019,195.3616,303
equity,INE555P01013,2026-08-19,202.0193,194.058,201.0142,1229
equity,INE555P01013,2026-08-20,202.0193,194.5556,201.5417,1844
equity,INE555P01013,2026-08-21,201.5217,194.1674,197.0435,516
equity,INE555P01013,2026-08-24,202.915,195.0631,200.019,4644
equity,INE555P01013,2026-08-25,202.0193,199.3821,201.5217,4556
equity,INE555P01013,2026-08-26,205.5522,197.143,201.0242,2824
equity,INE555P01013,2026-08-27,204.0097,197.5411,199.6508,1570
equity,INE555P01013,2026-08-28,201.6014,195.0531,197.2823,1934
equity,INE555P01013,2026-08-31,202.0193,193.0628,200.7157,14004
equity,INE555P01013,2026-09-01,201.5217,196.5459,198.0287,15507
equity,INE555P01013,2026-09-02,201.9198,196.0981,199.0338,778
equity,INE555P01013,2026-09-03,208.9855,197.0435,206.9753,18827
equity,INE555P01013,2026-09-04,206.7961,201.7208,204.4177,3402
equity,INE555P01013,2026-09-07,206.7762,203.0145,203.6613,1193
equity,INE555P01013,2026-09-08,207.4231,197.0534,202.3477,2460
equity,INE555P01013,2026-09-09,205.0048,193.0628,203.8803,5835
equity,INE555P01013,2026-09-10,210.9758,204.0694,205.9901,8867
equity,INE555P01013,2026-09-11,208.876,203.0046,206.0199,2019
equity,INE555P01013,2026-09-15,208.7865,181.7179,199.7802,3176
equity,INE555P01013,2026-09-16,203.0145,192.0676,199.1234,3730
equity,INE555P01013,2026-09-17,212.0705,199.0338,206,12978
equity,INE555P01013,2026-09-18,218,202.5,207.34,1367
equity,INE555P01013,2026-09-21,211.5,207,207.89,12755
equity,INE938C01019,2026-08-21,8479.3457,8289.5842,8334.0283,54
equity,INE938C01019,2026-08-24,8488.3345,8090.3346,8153.7549,20
equity,INE938C01019,2026-08-25,8339.5216,7890.0863,8010.4351,30
equity,INE938C01019,2026-08-26,8288.5859,7790.7115,8288.5859,5
equity,INE938C01019,2026-08-27,8287.5869,8000.9471,8287.5869,3
equity,INE938C01019,2026-08-28,8364.4898,8277.599,8359.4961,9
equity,INE938C01019,2026-08-31,8039.8977,7989.9604,7989.9604,21
equity,INE938C01019,2026-09-01,8089.835,7891.0847,7989.9604,27
equity,INE938C01019,2026-09-02,8075.8527,7690.3371,7917.0522,222
equity,INE938C01019,2026-09-03,7989.9604,7690.3369,7790.2114,42
equity,INE938C01019,2026-09-04,7790.2119,7611.4365,7611.4365,29
equity,INE938C01019,2026-09-07,7890.0861,7615.4312,7724.2944,22
equity,INE938C01019,2026-09-08,8034.904,7741.273,7988.4624,9
equity,INE938C01019,2026-09-09,7969.4862,7790.2114,7790.2114,5
equity,INE938C01019,2026-09-10,7790.2114,7790.2114,7790.2114,
equity,INE938C01019,2026-09-11,7825.1675,7530.5377,7790.2114,30
equity,INE938C01019,2026-09-15,7989.9604,7555.5063,7555.5063,96
equity,INE938C01019,2026-09-16,7840.1489,7544.5204,7840.1489,10
equity,INE938C01019,2026-09-17,7958.9994,7840.1487,7958.5,5
equity,INE938C01019,2026-09-18,7654,7654,7654,1
equity,INE938C01019,2026-09-21,7750,7600,7750,40
equity,INE260R01016,2026-08-18,586.9,499.2,558.05,122906
equity,INE260R01016,2026-08-19,593,558.05,587,62401
equity,INE260R01016,2026-08-20,600,548,555.25,59063
equity,INE260R01016,2026-08-21,584,552,576.7,34990
equity,INE260R01016,2026-08-24,603,552,580.3,19552
equity,INE260R01016,2026-08-25,584,555,563.85,15783
equity,INE260R01016,2026-08-26,563.85,535.7,548.95,12874
equity,INE260R01016,2026-08-27,547,527,536.9,11208
equity,INE260R01016,2026-08-28,555.55,520,552.2,11244
equity,INE260R01016,2026-08-31,557.95,540,548.05,6687
equity,INE260R01016,2026-09-01,547,522,529.8,6566
equity,INE260R01016,2026-09-02,539,505,506.5,23368
equity,INE260R01016,2026-09-03,522,505,513.3,5261
equity,INE260R01016,2026-09-04,528.9,501,503.45,8802
equity,INE260R01016,2026-09-07,505,490,496.05,8513
equity,INE260R01016,2026-09-08,518.35,485,515.85,6148
equity,INE260R01016,2026-09-09,523,505.1,517.25,7900
equity,INE260R01016,2026-09-10,522.4,506,512.65,5139
equity,INE260R01016,2026-09-11,517.5,501,503.1,2772
equity,INE260R01016,2026-09-15,518.4,494,503.7,5242
equity,INE260R01016,2026-09-16,510,478.55,482.45,3211
equity,INE260R01016,2026-09-17,484.9,462.05,467.3,9207
equity,INE260R01016,2026-09-18,490.65,460,488.75,6986
equity,INE260R01016,2026-09-21,513.15,488,500.9,5452
equity,INE564J01026,2026-08-18,750.7698,684.9233,699.7001,589
equity,INE564J01026,2026-08-19,722.6141,682.2275,708.0869,395
equity,INE564J01026,2026-08-20,714.8762,670.9453,688.318,532
equity,INE564J01026,2026-08-21,710.9324,667.95,691.7625,736
equity,INE564J01026,2026-08-24,699.8998,675.538,698.6018,726
equity,INE564J01026,2026-08-25,698.9013,663.0576,698.0527,768
equity,INE564J01026,2026-08-26,698.9013,668.9983,679.6317,897
equity,INE564J01026,2026-08-27,693.8593,667.0015,681.7783,578
equity,INE564J01026,2026-08-28,687.9186,666.9515,672.0435,155
equity,INE564J01026,2026-08-31,658.9641,589.1239,631.0081,6084
equity,INE564J01026,2026-09-01,643.8878,604.1003,621.5729,1161
equity,INE564J01026,2026-09-02,624.019,603.052,614.5839,896
equity,INE564J01026,2026-09-03,638.2467,617.03,620.3248,241
equity,INE564J01026,2026-09-04,635.0018,599.1082,624.6681,782
equity,INE564J01026,2026-09-07,658.9641,619.576,643.0891,1328
equity,INE564J01026,2026-09-08,678.9327,629.0112,637.0984,616
equity,INE564J01026,2026-09-09,664.9048,621.2734,650.9767,253
equity,INE564J01026,2026-09-10,673.7409,638.9955,642.4401,466
equity,INE564J01026,2026-09-11,662.9578,624.5682,645.9845,155
equity,INE564J01026,2026-09-15,672.8922,616.0316,640.4432,451
equity,INE564J01026,2026-09-16,653.972,635.0018,636.15,298
equity,INE564J01026,2026-09-17,660.6,641.05,642.5,325
equity,INE564J01026,2026-09-18,657.75,630,637.65,176
equity,INE564J01026,2026-09-21,639,622.05,639,251
equity,INE249D01019,2023-09-18,472.3101,443.9004,446.7118,702
equity,INE249D01019,2023-09-20,460.4727,437.3406,457.612,488
equity,INE249D01019,2023-09-21,457.612,437.5378,440.3492,487
equity,INE249D01019,2023-09-22,453.7649,438.9682,440.4972,522
equity,INE249D01019,2023-09-25,468.2656,437.3899,446.1199,760
equity,INE249D01019,2023-09-26,458.6971,432.5563,435.3184,776
equity,INE249D01019,2023-09-27,445.6267,429.8436,445.6267,406
equity,INE249D01019,2023-09-28,443.7031,438.2777,442.8647,106
equity,INE249D01019,2023-09-29,452.7291,437.9817,448.3887,917
equity,INE249D01019,2023-10-03,486.1203,437.9817,443.9004,1668
equity,INE249D01019,2023-10-04,458.3519,429.3504,436.2062,846
equity,INE249D01019,2023-10-05,438.9682,425.3552,437.1432,1535
equity,INE249D01019,2023-10-06,448.8326,425.2566,436.946,177
equity,INE249D01019,2023-10-09,434.036,421.2122,429.0051,922
equity,INE249D01019,2023-10-10,427.6734,402.4697,413.3206,1759
equity,INE249D01019,2023-10-11,424.0729,409.3748,424.0729,313
equity,INE249D01019,2023-10-12,424.0729,409.6214,409.9667,797
equity,INE249D01019,2023-10-13,412.3342,394.5782,401.9272,1509
equity,INE249D01019,2023-10-16,422.9384,404.4426,406.958,409
equity,INE249D01019,2023-10-17,415.2935,396.9456,408.1911,614
equity,INE249D01019,2023-10-18,408.3884,394.5782,399.3624,1519
equity,INE249D01019,2023-10-19,411.3477,394.5782,411.3477,631
equity,INE249D01019,2023-10-20,414.2084,400.0036,402.519,1173
equity,INE249D01019,2023-10-23,410.6079,390.6324,396.6004,512
equity,INE249D01019,2023-10-25,399.1158,385.2069,387.5744,694
equity,INE249D01019,2023-10-26,394.5782,371.1994,382.6422,304
equity,INE249D01019,2023-10-27,397.5375,379.7815,386.6866,406
equity,INE249D01019,2023-10-30,394.0356,373.1723,382.7408,785
equity,INE249D01019,2023-10-31,392.5067,375.8357,377.0688,575
equity,INE249D01019,2023-11-01,383.9246,377.0688,382.149,260
equity,INE249D01019,2023-11-02,381.7544,365.0341,377.6606,1120
equity,INE249D01019,2023-11-03,397.5375,374.8492,379.4855,1215
equity,INE249D01019,2023-11-06,453.7649,407.6979,429.597,10716
equity,INE249D01019,2023-11-07,441.6316,417.2664,423.0865,755
equity,INE249D01019,2023-11-08,432.8522,404.4426,412.0383,1097
equity,INE249D01019,2023-11-09,414.2578,405.4291,408.3391,760
equity,INE249D01019,2023-11-10,419.1406,407.8952,411.9396,568
equity,INE249D01019,2023-11-13,416.8718,406.0209,416.7732,125
equity,INE249D01019,2023-11-15,419.2393,404.5413,417.0691,436
equity,INE249D01019,2023-11-16,458.4012,416.28,441.6317,4556
equity,INE249D01019,2023-11-17,471.5209,441.9275,461.1139,4794
equity,INE249D01019,2023-11-20,468.5615,442.914,447.1557,1840
equity,INE249D01019,2023-11-21,463.6293,440.2013,445.8733,772
equity,INE249D01019,2023-11-22,451.644,440.9904,442.4208,101
equity,INE249D01019,2023-11-23,457.2174,436.2555,436.3541,397
equity,INE249D01019,2023-11-24,452.3345,432.2604,439.4614,225
equity,INE249D01019,2023-11-28,470.5345,434.036,444.9855,706
equity,INE249D01019,2023-11-29,454.85,442.914,454.85,1367
equity,INE249D01019,2023-11-30,472.5074,436.7487,440.6945,1592
equity,INE249D01019,2023-12-01,455.7378,436.6007,440.8424,2103
equity,INE249D01019,2023-12-04,462.6429,437.2419,445.8733,1225
equity,INE249D01019,2023-12-05,448.882,424.1715,430.2875,2764
equity,INE249D01019,2023-12-06,443.6045,430.2875,440.1519,422
equity,INE249D01019,2023-12-07,443.1113,425.5032,430.3368,347
equity,INE249D01019,2023-12-08,442.914,429.2024,433.888,1812
equity,INE249D01019,2023-12-11,445.8733,433.888,440.0533,4224
equity,INE249D01019,2023-12-12,448.3394,436.0089,445.0349,2247
equity,INE249D01019,2023-12-13,445.8733,429.6956,433.5428,3204
equity,INE249D01019,2023-12-14,448.586,432.0631,434.7265,822
equity,INE249D01019,2023-12-15,437.7845,430.0902,437.0446,706
equity,INE249D01019,2023-12-18,452.6798,431.0766,442.914,1616
equity,INE249D01019,2023-12-19,474.4802,437.9818,466.5887,5796
equity,INE249D01019,2023-12-20,478.3767,438.9682,442.0755,3667
equity,INE249D01019,2023-12-21,453.7649,443.8018,452.8278,287
equity,INE249D01019,2023-12-22,471.5209,439.3135,448.1915,4097
equity,INE249D01019,2023-12-26,456.4283,436.6008,438.8696,3275
equity,INE249D01019,2023-12-27,451.7427,440.152,443.8018,682
equity,INE249D01019,2023-12-28,447.7476,436.798,442.6181,899
equity,INE249D01019,2023-12-29,468.5616,439.9547,458.2532,5176
equity,INE249D01019,2024-01-01,549.894,504.0736,549.894,8117
equity,INE249D01019,2024-01-02,659.8334,651.054,659.8334,23823
equity,INE249D01019,2024-01-03,725.0374,660.9677,687.7004,56374
equity,INE249D01019,2024-01-04,704.2727,671.8679,676.2576,5591
equity,INE249D01019,2024-01-05,688.243,641.3869,646.8123,6629
equity,INE249D01019,2024-01-08,660.9185,617.9588,620.1783,4710
equity,INE249D01019,2024-01-09,630.3386,595.813,604.3458,2702
equity,INE249D01019,2024-01-10,607.5024,572.1384,585.8006,2139
equity,INE249D01019,2024-01-11,615.0487,596.7995,615.0487,1604
equity,INE249D01019,2024-01-12,645.7765,617.5148,645.7765,2308
equity,INE249D01019,2024-01-15,672.016,632.4102,646.6643,2560
equity,INE249D01019,2024-01-16,667.8236,616.5284,634.6296,1208
equity,INE249D01019,2024-01-17,646.1217,605.6775,615.5912,880
equity,INE249D01019,2024-01-18,625.4064,584.8141,605.4308,1711
equity,INE249D01019,2024-01-19,627.2313,601.7317,611.4976,504
equity,INE249D01019,2024-01-23,615.246,586.935,589.8943,1049
equity,INE249D01019,2024-01-24,616.5284,586.935,597.7859,1217
equity,INE249D01019,2024-01-25,616.5283,597.7859,612.2373,267
equity,INE249D01019,2024-01-29,641.1895,596.7995,599.5122,893
equity,INE249D01019,2024-01-30,621.4606,586.935,590.5356,1748
equity,INE249D01019,2024-01-31,619.4877,586.935,594.728,3786
equity,INE249D01019,2024-02-01,595.813,588.9079,595.7637,793
equity,INE249D01019,2024-02-02,606.6639,582.9892,592.6071,1645
equity,INE249D01019,2024-02-05,594.8266,572.1383,587.0336,343
equity,INE249D01019,2024-02-06,597.7859,573.1741,596.0103,965
equity,INE249D01019,2024-02-07,597.7859,567.2061,577.8104,1959
equity,INE249D01019,2024-02-08,606.6639,580.0299,585.9485,400
equity,INE249D01019,2024-02-09,594.7773,581.0164,590.0917,368
equity,INE249D01019,2024-02-12,611.5962,577.0706,586.3432,2961
equity,INE249D01019,2024-02-13,601.7317,562.2739,590.8808,471
equity,INE249D01019,2024-02-14,598.7724,562.2739,570.6587,2893
equity,INE249D01019,2024-02-15,589.8943,567.2061,587.8228,2691
equity,INE249D01019,2024-02-16,591.8673,563.6056,587.9215,2818
equity,INE249D01019,2024-02-19,594.5799,582.0027,582.496,243
equity,INE249D01019,2024-02-20,596.7995,582.9892,591.8672,2775
equity,INE249D01019,2024-02-21,596.7995,562.2739,580.1285,310
equity,INE249D01019,2024-02-22,596.5036,562.4219,592.8537,1398
equity,INE249D01019,2024-02-23,598.7231,572.1384,589.1052,1111
equity,INE249D01019,2024-02-26,591.8673,574.4072,582.0028,224
equity,INE249D01019,2024-02-27,587.9215,572.1384,575.0977,223
equity,INE249D01019,2024-02-28,587.7242,563.4576,563.4576,834
equity,INE249D01019,2024-02-29,578.057,563.2603,578.0077,55
equity,INE249D01019,2024-03-01,581.8055,563.2603,577.0706,191
equity,INE249D01019,2024-03-04,591.818,561.2875,570.2641,447
equity,INE249D01019,2024-03-05,583.9757,570.1655,581.9042,20
equity,INE249D01019,2024-03-06,575.5909,552.8533,552.9026,484
equity,INE249D01019,2024-03-07,572.237,561.4355,562.2739,111
equity,INE249D01019,2024-03-11,574.0126,547.4772,552.6068,213
equity,INE249D01019,2024-03-12,553.5932,527.7483,543.5314,632
equity,INE249D01019,2024-03-13,543.5315,516.3549,516.3549,541
equity,INE249D01019,2024-03-14,527.699,502.1007,527.699,39
equity,INE249D01019,2024-03-18,539.1911,506.5398,512.9517,465
equity,INE249D01019,2024-03-19,538.5992,498.1549,528.4881,798
equity,INE249D01019,2024-03-20,528.4882,504.0736,513.7408,155
equity,INE249D01019,2024-03-21,522.816,493.2226,514.3819,393
equity,INE249D01019,2024-03-22,522.816,497.1685,520.8431,302
equity,INE249D01019,2024-03-26,529.6226,495.1956,523.3586,782
equity,INE249D01019,2024-03-27,523.3586,497.2178,498.3522,1641
equity,INE249D01019,2024-03-28,512.9516,483.3583,497.4151,3173
equity,INE249D01019,2024-04-01,507.9207,488.2905,501.5088,391
equity,INE249D01019,2024-04-02,507.8221,492.2363,506.737,588
equity,INE249D01019,2024-04-03,522.6188,503.0872,517.8839,389
equity,INE249D01019,2024-04-04,532.6805,517.8839,530.7076,927
equity,INE249D01019,2024-04-05,538.5992,504.1722,511.4226,677
equity,INE249D01019,2024-04-08,528.7348,488.2905,506.0958,607
equity,INE249D01019,2024-04-09,520.35,508.0194,520.2513,164
equity,INE249D01019,2024-04-10,529.7211,502.15,511.5705,220
equity,INE249D01019,2024-04-12,517.7852,491.2498,517.7852,595
equity,INE249D01019,2024-04-15,516.7001,493.2228,512.9517,219
equity,INE249D01019,2024-04-16,512.853,495.2942,512.0638,122
equity,INE249D01019,2024-04-18,537.6127,495.2942,528.1429,1416
equity,INE249D01019,2024-04-19,526.6632,511.9652,518.673,82
equity,INE249D01019,2024-04-22,534.5547,508.7592,529.2772,647
equity,INE249D01019,2024-04-23,522.8161,514.5793,517.4399,624
equity,INE249D01019,2024-04-24,532.6312,513.938,522.816,237
equity,INE249D01019,2024-04-25,547.8224,522.816,540.3748,753
equity,INE249D01019,2024-04-26,547.4772,533.1738,543.6301,767
equity,INE249D01019,2024-04-29,570.8066,533.9136,570.8066,2602
equity,INE249D01019,2024-04-30,593.2976,569.3763,579.1421,1574
equity,INE249D01019,2024-05-02,598.7723,572.1876,586.935,388
equity,INE249D01019,2024-05-03,590.8808,557.5882,560.301,1450
equity,INE249D01019,2024-05-06,582.3974,541.0653,558.772,1236
equity,INE249D01019,2024-05-07,552.4094,537.6127,538.6485,270
equity,INE249D01019,2024-05-08,565.5785,537.6128,561.5341,390
equity,INE249D01019,2024-05-09,556.3552,539.1417,544.6658,194
equity,INE249D01019,2024-05-10,543.5314,527.7483,529.7212,255
equity,INE249D01019,2024-05-13,542.5449,511.2253,530.8556,101
equity,INE249D01019,2024-05-14,542.545,527.699,542.545,110
equity,INE249D01019,2024-05-15,569.6722,516.2069,563.2603,1109
equity,INE249D01019,2024-05-16,585.8006,563.2603,566.0717,321
equity,INE249D01019,2024-05-17,573.1248,554.1357,563.3096,124
equity,INE249D01019,2024-05-21,582.5453,558.4267,582.5453,1841
equity,INE249D01019,2024-05-22,611.6455,585.9486,593.6428,2165
equity,INE249D01019,2024-05-23,616.0352,570.2148,580.4245,816
equity,INE249D01019,2024-05-24,603.6553,564.2468,586.5404,751
equity,INE249D01019,2024-05-27,598.2792,568.9324,577.3172,465
equity,INE249D01019,2024-05-28,596.7995,558.624,565.3812,2990
equity,INE249D01019,2024-05-29,572.1384,547.4773,570.4614,1488
equity,INE249D01019,2024-05-30,591.8672,555.1715,585.702,494
equity,INE249D01019,2024-05-31,606.5653,556.4539,567.798,1575
equity,INE249D01019,2024-06-03,591.8673,557.6376,560.0544,511
equity,INE249D01019,2024-06-04,571.1519,534.7521,550.2886,1344
equity,INE249D01019,2024-06-05,562.0766,529.0307,552.9026,554
equity,INE249D01019,2024-06-06,564.1482,529.9678,557.8349,754
equity,INE249D01019,2024-06-07,570.5107,540.868,563.2603,435
equity,INE249D01019,2024-06-10,570.0174,546.4907,557.0457,445
equity,INE249D01019,2024-06-11,573.3714,552.4095,568.4885,448
equity,INE249D01019,2024-06-12,571.8424,552.4587,553.3959,547
equity,INE249D01019,2024-06-13,562.2739,547.5758,556.7498,804
equity,INE249D01019,2024-06-14,567.206,548.9075,551.4722,274
equity,INE249D01019,2024-06-18,582.0028,557.3417,564.4441,1287
equity,INE249D01019,2024-06-19,567.2062,543.5315,548.9569,484
equity,INE249D01019,2024-06-20,582.0028,522.9147,574.6044,2131
equity,INE249D01019,2024-06-21,577.0705,557.8349,573.2234,325
equity,INE249D01019,2024-06-24,584.4196,563.6549,576.2814,122
equity,INE249D01019,2024-06-25,583.1865,570.2147,572.1383,1060
equity,INE249D01019,2024-06-26,589.845,568.1925,572.5822,863
equity,INE249D01019,2024-06-27,585.3568,560.6956,564.2468,706
equity,INE249D01019,2024-06-28,592.8537,567.2061,577.4158,2363
equity,INE249D01019,2024-07-01,597.7859,568.5872,583.9264,1019
equity,INE249D01019,2024-07-02,597.7859,579.1421,587.2803,1221
equity,INE249D01019,2024-07-03,597.7859,571.1519,590.3383,1261
equity,INE249D01019,2024-07-04,598.7724,582.9893,586.7377,2247
equity,INE249D01019,2024-07-05,615.6899,587.7241,608.2422,3022
equity,INE249D01019,2024-07-08,616.5284,605.6775,615.8871,2537
equity,INE249D01019,2024-07-09,668.81,592.8537,657.6632,7417
equity,INE249D01019,2024-07-10,709.2542,662.9406,691.9915,7545
equity,INE249D01019,2024-07-11,723.0645,691.4983,703.1383,3594
equity,INE249D01019,2024-07-12,710.2407,647.8973,668.2675,3848
equity,INE249D01019,2024-07-15,705.3085,665.8507,683.2121,2604
equity,INE249D01019,2024-07-16,713.2,662.2008,668.662,1760
equity,INE249D01019,2024-07-18,687.5525,661.9049,674.4821,1312
equity,INE249D01019,2024-07-19,680.598,640.3511,647.0096,1147
equity,INE249D01019,2024-07-22,656.9233,616.5283,633.1006,704
equity,INE249D01019,2024-07-23,676.6029,626.5901,632.1635,399
equity,INE249D01019,2024-07-24,674.334,633.2979,654.4079,1129
equity,INE249D01019,2024-07-25,674.1368,641.3375,647.6014,1771
equity,INE249D01019,2024-07-26,688.539,630.2894,658.3044,1194
equity,INE249D01019,2024-07-29,675.6165,642.1759,650.9553,158
equity,INE249D01019,2024-07-30,675.7151,653.0269,667.1331,1240
equity,INE249D01019,2024-07-31,699.3898,650.1661,663.2859,1100
equity,INE249D01019,2024-08-01,668.2182,632.3115,640.0551,1913
equity,INE249D01019,2024-08-02,659.932,629.3522,634.2351,1554
equity,INE249D01019,2024-08-05,669.7965,601.7317,605.3323,974
equity,INE249D01019,2024-08-06,650.0675,582.1508,599.2162,1380
equity,INE249D01019,2024-08-07,635.2709,599.8081,611.4976,3918
equity,INE249D01019,2024-08-08,631.325,577.3665,604.4937,1568
equity,INE249D01019,2024-08-09,611.5962,527.7483,602.8168,3213
equity,INE249D01019,2024-08-12,622.1018,590.9301,604.5924,611
equity,INE249D01019,2024-08-13,606.6639,585.9486,591.8672,488
equity,INE249D01019,2024-08-14,616.4298,602.3236,611.8921,880
equity,INE249D01019,2024-08-16,631.2264,592.9523,609.13,1253
equity,INE249D01019,2024-08-19,616.5283,591.8672,613.2238,3922
equity,INE249D01019,2024-08-20,616.5284,596.7502,615.7393,1007
equity,INE249D01019,2024-08-21,679.5623,603.7046,622.7923,12316
equity,INE249D01019,2024-08-22,655.8876,621.4606,627.2806,7018
equity,INE249D01019,2024-08-23,664.8642,620.4742,632.3608,2623
equity,INE249D01019,2024-08-26,750.685,623.4335,699.5378,28465
equity,INE249D01019,2024-08-27,729.9696,705.3085,710.9805,8009
equity,INE249D01019,2024-08-28,729.9696,655.9862,684.4451,5216
equity,INE249D01019,2024-08-29,699.3898,665.9493,671.6213,4115
equity,INE249D01019,2024-08-30,698.4034,648.9825,659.8334,2942
equity,INE249D01019,2024-09-02,676.7016,647.1082,668.9086,1075
equity,INE249D01019,2024-09-03,675.6165,657.9591,662.2995,2362
equity,INE249D01019,2024-09-04,680.6473,659.5374,669.2046,1029
equity,INE249D01019,2024-09-05,685.5302,663.5818,677.4907,2644
equity,INE249D01019,2024-09-06,683.6067,651.3499,673.8408,1033
equity,INE249D01019,2024-09-09,685.5795,657.0712,673.6929,642
equity,INE249D01019,2024-09-10,685.5796,662.9899,676.3563,1677
equity,INE249D01019,2024-09-11,690.5118,651.6458,659.0441,1262
equity,INE249D01019,2024-09-12,684.5931,658.0084,670.7829,820
equity,INE249D01019,2024-09-13,678.6745,659.0442,668.4648,1616
equity,INE249D01019,2024-09-16,720.0558,654.9997,663.3845,2971
equity,INE249D01019,2024-09-17,693.6059,653.9218,668.9333,1245
equity,INE249D01019,2024-09-18,683.5983,664.8709,670.3702,2194
equity,INE249D01019,2024-09-19,690.6334,642.0809,652.9805,2765
equity,INE249D01019,2024-09-20,683.6973,629.2987,672.0546,3646
equity,INE249D01019,2024-09-23,671.8069,650.9988,656.1017,1663
equity,INE249D01019,2024-09-24,665.8617,646.0444,655.2595,387
equity,INE249D01019,2024-09-25,662.8891,651.9896,658.0834,1147
equity,INE249D01019,2024-09-26,665.8617,644.0627,646.9362,570
equity,INE249D01019,2024-09-27,665.8122,654.9622,655.5072,1418
equity,INE249D01019,2024-09-30,665.8122,644.0627,648.3234,817
equity,INE249D01019,2024-10-01,672.7978,610.076,663.6323,1763
equity,INE249D01019,2024-10-03,663.979,638.167,648.5215,926
equity,INE249D01019,2024-10-04,661.601,629.1997,633.5595,1372
equity,INE249D01019,2024-10-07,673.7886,595.5102,604.973,893
equity,INE249D01019,2024-10-08,644.0627,539.9722,616.3184,510
equity,INE249D01019,2024-10-09,654.9622,594.4699,617.0616,3750
equity,INE249D01019,2024-10-10,644.0627,611.3641,621.4709,1192
equity,INE249D01019,2024-10-11,633.0641,614.3367,618.9443,655
equity,INE249D01019,2024-10-14,663.8305,610.3733,614.7331,441
equity,INE249D01019,2024-10-15,625.1371,611.5127,615.278,728
equity,INE249D01019,2024-10-16,632.9154,607.6979,623.7004,2054
equity,INE249D01019,2024-10-17,644.0132,610.9182,613.0981,1509
equity,INE249D01019,2024-10-18,626.2271,601.0591,614.4358,1055
equity,INE249D01019,2024-10-21,636.1358,589.8623,601.1087,1183
equity,INE249D01019,2024-10-22,599.5728,549.9304,558.9969,3812
equity,INE249D01019,2024-10-23,586.5925,558.8483,575.4453,731
equity,INE249D01019,2024-10-24,607.3016,572.7203,581.6381,617
equity,INE249D01019,2024-10-25,612.8504,574.7516,575.2966,3033
equity,INE249D01019,2024-10-28,604.3785,574.7021,584.1153,422
equity,INE249D01019,2024-10-29,619.2415,584.1153,599.2755,453
equity,INE249D01019,2024-10-30,614.3367,585.6016,597.6406,1049
equity,INE249D01019,2024-10-31,634.154,586.6915,612.0082,1560
equity,INE249D01019,2024-11-01,632.1723,604.428,610.175,270
equity,INE249D01019,2024-11-04,639.0093,601.0591,626.8712,1309
equity,INE249D01019,2024-11-05,636.1357,610.6705,625.6821,1300
equity,INE249D01019,2024-11-06,635.5908,614.3367,619.3406,924
equity,INE249D01019,2024-11-07,634.0549,617.3093,625.1371,707
equity,INE249D01019,2024-11-08,624.7407,595.8075,605.1711,283
equity,INE249D01019,2024-11-11,619.291,604.4281,606.2116,1295
equity,INE249D01019,2024-11-12,692.6151,627.317,659.6688,10811
equity,INE249D01019,2024-11-13,669.8252,625.2362,641.8828,3157
equity,INE249D01019,2024-11-14,681.666,624.2453,641.1396,532
equity,INE249D01019,2024-11-18,657.9348,625.2362,636.0367,989
equity,INE249D01019,2024-11-19,654.0704,624.2454,633.2127,1325
equity,INE249D01019,2024-11-21,635.1449,609.3824,621.6691,687
equity,INE249D01019,2024-11-22,663.88,635.2935,659.2229,2597
equity,INE249D01019,2024-11-25,678.743,658.0339,670.3702,2679
equity,INE249D01019,2024-11-26,701.2851,659.9165,677.1576,1516
equity,INE249D01019,2024-11-27,692.5656,663.88,679.288,1128
equity,INE249D01019,2024-11-28,698.2631,673.8877,679.4861,1091
equity,INE249D01019,2024-11-29,690.6334,653.9713,680.477,2651
equity,INE249D01019,2024-12-02,691.1288,648.0261,660.0652,1242
equity,INE249D01019,2024-12-03,670.8161,645.1031,657.7366,2703
equity,INE249D01019,2024-12-04,673.6895,659.9165,669.1315,724
equity,INE249D01019,2024-12-05,688.6516,666.8526,673.0455,1075
equity,INE249D01019,2024-12-06,678.7429,663.8304,665.1185,961
equity,INE249D01019,2024-12-09,690.4847,655.953,665.1185,2502
equity,INE249D01019,2024-12-10,685.6295,664.8709,672.996,1792
equity,INE249D01019,2024-12-11,681.7156,658.9257,668.7848,1278
equity,INE249D01019,2024-12-12,673.7391,657.9348,663.335,1347
equity,INE249D01019,2024-12-13,663.335,649.017,652.0887,405
equity,INE249D01019,2024-12-16,663.8799,636.7798,654.0208,2053
equity,INE249D01019,2024-12-17,663.8304,641.0901,641.3378,2002
equity,INE249D01019,2024-12-18,662.6909,638.1175,639.6038,764
equity,INE249D01019,2024-12-19,651.1474,622.2636,639.6038,755
equity,INE249D01019,2024-12-20,687.5617,643.4681,647.5802,635
equity,INE249D01019,2024-12-23,693.606,644.1122,660.1642,2424
equity,INE249D01019,2024-12-24,672.5005,649.017,651.1474,284
equity,INE249D01019,2024-12-26,659.867,635.1944,640.0001,453
equity,INE249D01019,2024-12-27,657.9348,611.3641,633.3118,755
equity,INE249D01019,2024-12-30,644.0131,622.2636,635.3926,651
equity,INE249D01019,2024-12-31,653.9218,631.2309,633.1136,920
equity,INE249D01019,2025-01-01,653.9218,635.2439,644.7563,226
equity,INE249D01019,2025-01-02,661.8487,640.1983,644.7563,1437
equity,INE249D01019,2025-01-03,662.8396,626.5243,642.0809,18532
equity,INE249D01019,2025-01-06,661.8487,605.518,621.6691,1294
equity,INE249D01019,2025-01-07,661.8983,625.2363,627.1685,252
equity,INE249D01019,2025-01-08,659.9165,625.2362,629.5464,194
equity,INE249D01019,2025-01-09,644.0627,624.2454,626.2271,453
equity,INE249D01019,2025-01-10,629.1997,604.4776,615.9717,366
equity,INE249D01019,2025-01-13,614.0394,549.9799,585.1061,908
equity,INE249D01019,2025-01-14,616.7148,574.7516,578.1701,1624
equity,INE249D01019,2025-01-15,602.4463,580.6968,588.921,244
equity,INE249D01019,2025-01-16,602.2481,587.831,598.3838,461
equity,INE249D01019,2025-01-17,602.3967,576.8324,585.6016,379
equity,INE249D01019,2025-01-20,614.2872,568.0633,603.2885,194
equity,INE249D01019,2025-01-21,612.8009,581.1427,590.655,271
equity,INE249D01019,2025-01-22,642.081,583.2235,583.4713,681
equity,INE249D01019,2025-01-23,609.3824,564.7934,591.4973,591
equity,INE249D01019,2025-01-24,609.2833,589.0201,595.0148,375
equity,INE249D01019,2025-01-27,593.4295,565.9329,588.3265,297
equity,INE249D01019,2025-01-28,592.5376,569.9459,582.9758,500
equity,INE249D01019,2025-01-29,587.5834,574.7021,583.9667,382
equity,INE249D01019,2025-01-30,602.4463,575.6929,586.9888,676
equity,INE249D01019,2025-01-31,604.428,574.7516,602.9417,455
equity,INE249D01019,2025-02-03,599.1764,579.7554,589.4164,624
equity,INE249D01019,2025-02-04,593.5285,576.981,593.3798,1035
equity,INE249D01019,2025-02-05,630.1906,598.4829,607.7474,515
equity,INE249D01019,2025-02-06,603.3877,564.8925,574.9993,1597
equity,INE249D01019,2025-02-07,601.9508,564.7934,566.1806,472
equity,INE249D01019,2025-02-10,574.702,562.8117,569.3018,177
equity,INE249D01019,2025-02-11,565.7843,520.4026,558.006,793
equity,INE249D01019,2025-02-12,557.8078,535.0674,556.817,265
equity,INE249D01019,2025-02-13,574.7021,546.4624,546.5615,36
equity,INE249D01019,2025-02-14,545.6202,510.2958,520.2045,598
equity,INE249D01019,2025-02-17,534.0766,478.0432,485.2765,1145
equity,INE249D01019,2025-02-18,517.975,487.8031,498.7522,404
equity,INE249D01019,2025-02-19,520.2044,489.4876,516.241,443
equity,INE249D01019,2025-02-20,548.9396,520.2045,535.0674,248
equity,INE249D01019,2025-02-21,562.8117,515.2501,549.1378,290
equity,INE249D01019,2025-02-24,589.5651,544.9761,560.83,302
equity,INE249D01019,2025-02-25,568.7569,549.9305,553.0021,180
equity,INE249D01019,2025-02-27,552.903,540.0218,541.2108,66
equity,INE249D01019,2025-02-28,574.4048,514.2593,526.1497,25
equity,INE249D01019,2025-03-03,554.8848,467.7877,499.1486,520
equity,INE249D01019,2025-03-04,529.8159,480.5698,497.91,83
equity,INE249D01019,2025-03-05,564.5952,495.4328,517.5786,1215
equity,INE249D01019,2025-03-06,528.2304,510.3453,514.1106,203
equity,INE249D01019,2025-03-07,539.13,514.1106,521.2449,89
equity,INE249D01019,2025-03-10,530.1131,505.8369,515.2006,125
equity,INE249D01019,2025-03-11,539.9227,507.3232,539.9227,2026
equity,INE249D01019,2025-03-12,577.6747,495.3833,515.2501,4901
equity,INE249D01019,2025-03-13,554.8848,503.7561,513.4666,3251
equity,INE249D01019,2025-03-17,560.8299,498.4054,515.2501,348
equity,INE249D01019,2025-03-18,535.0179,509.3049,511.8812,1339
equity,INE249D01019,2025-03-19,516.241,507.5214,512.3766,1538
equity,INE249D01019,2025-03-20,525.0597,500.5358,509.404,1336
equity,INE249D01019,2025-03-21,544.9761,515.2502,532.2435,927
equity,INE249D01019,2025-03-24,543.2916,516.4391,535.2161,1673
equity,INE249D01019,2025-03-25,535.5629,507.67,516.7859,1290
equity,INE249D01019,2025-03-26,529.0232,490.4785,501.4276,617
equity,INE249D01019,2025-03-27,520.2044,495.4328,496.82,438
equity,INE249D01019,2025-03-28,533.0857,489.4876,519.808,636
equity,INE249D01019,2025-04-01,579.6564,517.5291,539.4272,706
equity,INE249D01019,2025-04-02,561.6722,539.4273,543.9852,579
equity,INE249D01019,2025-04-03,549.9304,525.1588,531.7976,471
equity,INE249D01019,2025-04-04,554.8847,515.2501,526.1001,828
equity,INE249D01019,2025-04-07,534.8693,494.442,500.7835,265
equity,INE249D01019,2025-04-08,529.0727,505.6387,520.2045,25
equity,INE249D01019,2025-04-09,530.4104,504.747,509.8994,300
equity,INE249D01019,2025-04-11,536.0583,513.5657,536.0583,447
equity,INE249D01019,2025-04-15,573.7112,541.0622,543.688,791
equity,INE249D01019,2025-04-16,589.5651,559.9878,563.2576,1150
equity,INE249D01019,2025-04-17,566.8742,540.0217,563.753,336
equity,INE249D01019,2025-04-21,574.7021,554.8848,554.8848,521
equity,INE249D01019,2025-04-22,569.2028,541.5081,563.0594,694
equity,INE249D01019,2025-04-23,593.5285,550.0295,552.7544,421
equity,INE249D01019,2025-04-24,569.7477,543.0439,569.7477,407
equity,INE249D01019,2025-04-25,564.6943,520.2044,532.9866,1784
equity,INE249D01019,2025-04-28,542.9448,511.2866,520.7494,774
equity,INE249D01019,2025-04-29,568.7569,532.0948,549.9304,1720
equity,INE249D01019,2025-04-30,542.9944,527.1405,540.8145,109
equity,INE249D01019,2025-05-02,534.1261,529.469,530.8067,384
equity,INE249D01019,2025-05-05,554.6371,533.4325,545.8184,152
equity,INE249D01019,2025-05-06,537.0492,525.0102,537.0492,367
equity,INE249D01019,2025-05-07,536.851,518.52,534.1757,132
equity,INE249D01019,2025-05-08,549.6331,514.5565,520.5512,111
equity,INE249D01019,2025-05-09,515.2501,506.3324,513.962,57
equity,INE249D01019,2025-05-12,553.8939,517.2319,542.4494,387
equity,INE249D01019,2025-05-13,592.5377,538.5355,583.9667,3618
equity,INE249D01019,2025-05-14,583.6198,569.7477,578.2196,409
equity,INE249D01019,2025-05-15,588.5742,570.1441,580.35,537
equity,INE249D01019,2025-05-16,586.5925,547.9487,555.4297,2871
equity,INE249D01019,2025-05-19,574.6526,556.7675,571.2341,477
equity,INE249D01019,2025-05-20,589.2678,562.118,566.1806,336
equity,INE249D01019,2025-05-21,571.7295,546.3633,554.7857,712
equity,INE249D01019,2025-05-22,567.3201,548.0974,549.5341,172
equity,INE249D01019,2025-05-23,575.2471,551.5158,558.6996,397
equity,INE249D01019,2025-05-26,571.6799,554.8847,567.5678,221
equity,INE249D01019,2025-05-27,567.766,502.2698,566.7751,71
equity,INE249D01019,2025-05-28,569.7478,555.2316,555.8757,615
equity,INE249D01019,2025-05-29,583.6694,554.8352,570.2927,806
equity,INE249D01019,2025-05-30,579.3591,545.967,555.9747,993
equity,INE249D01019,2025-06-02,569.7477,556.8664,567.7164,228
equity,INE249D01019,2025-06-03,632.1723,564.7934,594.2222,2561
equity,INE249D01019,2025-06-04,624.2453,590.6054,605.9143,1814
equity,INE249D01019,2025-06-05,609.3824,584.7594,599.9692,498
equity,INE249D01019,2025-06-06,619.291,577.9224,590.4568,538
equity,INE249D01019,2025-06-09,604.428,591.0514,591.1009,336
equity,INE249D01019,2025-06-10,619.291,589.565,591.1504,427
equity,INE249D01019,2025-06-11,618.2506,591.2,594.5193,386
equity,INE249D01019,2025-06-12,613.0486,570.7881,573.513,230
equity,INE249D01019,2025-06-13,587.4347,526.1992,586.9888,170
equity,INE249D01019,2025-06-16,594.0735,549.9305,583.4713,250
equity,INE249D01019,2025-06-17,589.565,559.8391,581.6381,34
equity,INE249D01019,2025-06-18,579.4087,570.045,574.7021,199
equity,INE249D01019,2025-06-19,575.9407,563.8026,563.8026,261
equity,INE249D01019,2025-06-20,569.5991,554.8848,569.5496,171
equity,INE249D01019,2025-06-23,590.4073,569.5496,590.4073,6
equity,INE249D01019,2025-06-24,604.4281,563.9016,584.1649,73
equity,INE249D01019,2025-06-25,594.5194,570.7386,573.4635,931
equity,INE249D01019,2025-06-26,588.1778,573.513,573.5626,127
equity,INE249D01019,2025-06-27,584.363,569.7477,583.9171,558
equity,INE249D01019,2025-06-30,603.4372,554.8352,568.0137,1238
equity,INE249D01019,2025-07-01,583.075,555.8757,559.6905,129
equity,INE249D01019,2025-07-02,566.7752,547.8001,559.6905,426
equity,INE249D01019,2025-07-03,565.4375,549.9799,563.5548,79
equity,INE249D01019,2025-07-04,581.3904,564.7934,574.7021,644
equity,INE249D01019,2025-07-07,574.7021,549.9305,554.0921,236
equity,INE249D01019,2025-07-08,564.7935,541.0127,543.3412,758
equity,INE249D01019,2025-07-09,573.7112,554.8847,570.7386,484
equity,INE249D01019,2025-07-10,573.5626,554.8848,556.5693,285
equity,INE249D01019,2025-07-11,571.6799,547.0073,564.8429,326
equity,INE249D01019,2025-07-14,579.6564,570.7386,574.3553,1331
equity,INE249D01019,2025-07-15,644.0627,588.0788,596.947,1112
equity,INE249D01019,2025-07-16,614.3367,578.3683,602.9417,1156
equity,INE249D01019,2025-07-17,610.3733,584.6108,605.7162,1181
equity,INE249D01019,2025-07-18,604.4775,594.9157,604.2794,977
equity,INE249D01019,2025-07-21,609.3823,589.565,592.2404,297
equity,INE249D01019,2025-07-22,603.3381,580.35,592.8845,1641
equity,INE249D01019,2025-07-23,609.3824,580.6473,607.153,1341
equity,INE249D01019,2025-07-24,606.9052,575.4948,590.5064,591
equity,INE249D01019,2025-07-25,600.9105,573.7112,590.0605,425
equity,INE249D01019,2025-07-28,684.6882,551.9617,561.4741,913
equity,INE249D01019,2025-07-29,591.3486,561.474,580.6472,379
equity,INE249D01019,2025-07-30,593.5286,569.0542,584.6108,478
equity,INE249D01019,2025-07-31,593.3799,547.9487,563.6044,595
equity,INE249D01019,2025-08-01,584.6107,548.9396,552.6058,244
equity,INE249D01019,2025-08-04,584.4125,550.4259,550.8718,210
equity,INE249D01019,2025-08-05,579.1609,525.1588,562.6135,795
equity,INE249D01019,2025-08-06,565.3879,530.1131,534.0765,653
equity,INE249D01019,2025-08-07,547.701,528.1314,531.8471,438
equity,INE249D01019,2025-08-08,549.8314,527.3387,533.9775,2425
equity,INE249D01019,2025-08-11,564.7934,485.5242,513.962,2030
equity,INE249D01019,2025-08-12,543.9852,497.7118,515.6465,1235
equity,INE249D01019,2025-08-13,538.9814,500.8826,532.6398,331
equity,INE249D01019,2025-08-14,540.0218,515.2501,538.1391,20
equity,INE249D01019,2025-08-18,625.2363,539.0309,542.3008,1136
equity,INE249D01019,2025-08-19,563.7531,542.9944,550.525,476
equity,INE249D01019,2025-08-20,559.8391,516.5382,545.1248,611
equity,INE249D01019,2025-08-21,583.6199,524.2175,549.3359,799
equity,INE249D01019,2025-08-22,571.4323,544.9761,554.0921,826
equity,INE249D01019,2025-08-25,569.7477,552.2589,555.9251,47
equity,INE249D01019,2025-08-26,555.8756,520.5017,555.6279,47
equity,INE249D01019,2025-08-28,561.8208,531.203,538.3373,229
equity,INE249D01019,2025-08-29,612.3055,539.13,562.3163,199
equity,INE249D01019,2025-09-01,593.1817,547.5523,555.7766,536
equity,INE249D01019,2025-09-02,569.6982,542.3999,564.3475,1086
equity,INE249D01019,2025-09-03,569.7477,538.7832,568.4596,163
equity,INE249D01019,2025-09-04,574.3553,544.9761,551.5158,374
equity,INE249D01019,2025-09-05,581.5886,545.0752,549.0386,1407
equity,INE249D01019,2025-09-08,584.6107,544.9761,547.0073,203
equity,INE249D01019,2025-09-09,574.7021,543.0934,557.8574,313
equity,INE249D01019,2025-09-10,573.9094,546.9579,558.3033,511
equity,INE249D01019,2025-09-11,562.8117,508.9581,552.1599,444
equity,INE249D01019,2025-09-12,554.6866,538.1391,548.9396,411
equity,INE249D01019,2025-09-15,603.6849,530.1131,570.7386,2207
equity,INE249D01019,2025-09-16,582.3318,554.8848,580.8455,185
equity,INE249D01019,2025-09-17,589.5155,557.8574,576.7333,966
equity,INE249D01019,2025-09-18,596.6036,568.8151,582.7094,224
equity,INE249D01019,2025-09-19,582.6595,569.7115,577.58,267
equity,INE249D01019,2025-09-22,588.6355,562.7396,581.564,960
equity,INE249D01019,2025-09-23,572.6995,564.8311,572.6995,1136
equity,INE249D01019,2025-09-24,570.7076,532.013,556.166,354
equity,INE249D01019,2025-09-25,581.6635,558.1081,568.2673,502
equity,INE249D01019,2025-09-26,571.604,553.7755,558.905,280
equity,INE249D01019,2025-09-29,575.6876,551.7836,554.3234,550
equity,INE249D01019,2025-09-30,581.564,537.8396,543.965,484
equity,INE249D01019,2025-10-01,571.7035,538.1383,553.3273,139
equity,INE249D01019,2025-10-03,575.6875,537.8396,544.0148,896
equity,INE249D01019,2025-10-06,595.6075,534.8516,572.6,1044
equity,INE249D01019,2025-10-07,577.3807,547.7995,560.15,920
equity,INE249D01019,2025-10-08,587.6396,540.8276,557.2118,278
equity,INE249D01019,2025-10-09,567.7196,543.8156,547.3514,1113
equity,INE249D01019,2025-10-10,561.4447,537.8396,551.8831,243
equity,INE249D01019,2025-10-13,612.5395,529.9213,541.2758,1154
equity,INE249D01019,2025-10-14,553.7756,533.1584,553.6262,14
equity,INE249D01019,2025-10-15,586.6435,537.8396,543.6661,932
equity,INE249D01019,2025-10-16,564.7316,537.8396,547.1522,600
equity,INE249D01019,2025-10-17,559.7516,542.8694,554.2736,842
equity,INE249D01019,2025-10-20,557.66,518.318,537.4412,549
equity,INE249D01019,2025-10-21,537.4412,537.4412,537.4412,
equity,INE249D01019,2025-10-23,560.7476,537.8396,544.3136,606
equity,INE249D01019,2025-10-24,558.7556,527.8796,553.925,444
equity,INE249D01019,2025-10-27,560.7476,541.1264,555.7178,482
equity,INE249D01019,2025-10-28,565.7275,543.1183,556.5643,37
equity,INE249D01019,2025-10-29,562.7395,546.9031,548.1481,217
equity,INE249D01019,2025-10-30,555.7675,545.8075,546.3055,51
equity,INE249D01019,2025-10-31,556.7137,537.8396,541.8235,184
equity,INE249D01019,2025-11-03,549.7916,530.4692,549.7916,239
equity,INE249D01019,2025-11-04,581.7631,547.7996,555.419,778
equity,INE249D01019,2025-11-06,567.7195,519.9116,527.6804,292
equity,INE249D01019,2025-11-07,552.7795,507.0134,527.1326,383
equity,INE249D01019,2025-11-10,542.6701,520.061,536.8436,39
equity,INE249D01019,2025-11-11,542.8196,527.8796,542.8196,40
equity,INE249D01019,2025-11-12,561.6938,530.021,543.0188,616
equity,INE249D01019,2025-11-13,556.7636,531.9632,538.8854,393
equity,INE249D01019,2025-11-14,553.7756,471.5558,531.8636,1381
equity,INE249D01019,2025-11-17,552.4808,521.9036,530.6684,123
equity,INE249D01019,2025-11-18,539.8316,511.097,537.0926,285
equity,INE249D01019,2025-11-19,539.8316,522.8996,537.242,134
equity,INE249D01019,2025-11-20,542.8196,522.8996,532.3616,19
equity,INE249D01019,2025-11-21,537.8396,510.4496,512.6906,521
equity,INE249D01019,2025-11-24,521.7044,506.9636,517.82,462
equity,INE249D01019,2025-11-25,524.8916,478.0796,485.5994,2314
equity,INE249D01019,2025-11-26,513.6368,473.3984,484.205,2038
equity,INE249D01019,2025-11-27,503.9756,489.0356,490.7786,321
equity,INE249D01019,2025-11-28,503.9258,495.0614,495.8582,785
equity,INE249D01019,2025-12-01,497.9996,483.0596,487.3424,194
equity,INE249D01019,2025-12-02,499.9916,449.7933,471.6554,909
equity,INE249D01019,2025-12-03,500.4398,477.8804,478.0796,228
equity,INE249D01019,2025-12-04,494.9618,480.1712,491.0276,281
equity,INE249D01019,2025-12-05,496.9538,474.5936,486.6452,1493
equity,INE249D01019,2025-12-08,502.9796,463.8866,483.5078,881
equity,INE249D01019,2025-12-09,497.9996,469.3646,479.2748,83
equity,INE249D01019,2025-12-10,506.9636,470.2112,479.1752,659
equity,INE249D01019,2025-12-11,505.9676,470.1116,473.1992,112
equity,INE249D01019,2025-12-12,492.92,473.4482,477.0836,170
equity,INE249D01019,2025-12-15,497.0036,470.51,485.0516,100
equity,INE249D01019,2025-12-16,484.8524,455.2214,474.9422,603
equity,INE249D01019,2025-12-17,483.3584,449.3949,461.6456,1040
equity,INE249D01019,2025-12-18,465.8288,446.2076,449.7932,797
equity,INE249D01019,2025-12-19,474.0956,456.1677,463.04,187
equity,INE249D01019,2025-12-22,476.0876,451.1876,465.779,434
equity,INE249D01019,2025-12-23,477.98,465.1316,465.3806,455
equity,INE249D01019,2025-12-24,477.98,456.4664,462.3926,15854
equity,INE249D01019,2025-12-26,492.8204,448.1996,455.1219,1766
equity,INE249D01019,2025-12-29,463.9364,438.2397,439.5345,3614
equity,INE249D01019,2025-12-30,450.1916,423.2997,429.5247,3233
equity,INE249D01019,2025-12-31,455.1716,403.3797,418.4691,2423
equity,INE249D01019,2026-01-01,432.2637,410.3517,419.3157,983
equity,INE249D01019,2026-01-02,451.1876,419.9631,448.349,1837
equity,INE249D01019,2026-01-05,468.0699,423.2997,433.9569,1225
equity,INE249D01019,2026-01-06,453.1796,430.4211,433.7577,526
equity,INE249D01019,2026-01-07,461.1476,433.7577,436.2477,454
equity,INE249D01019,2026-01-08,436.2477,424.5945,426.3375,161
equity,INE249D01019,2026-01-09,447.0542,423.2997,426.2877,101
equity,INE249D01019,2026-01-12,457.1138,420.3117,441.0782,5847
equity,INE249D01019,2026-01-13,456.1676,420.3117,423.6981,509
equity,INE249D01019,2026-01-14,435.2517,418.3197,427.2837,253
equity,INE249D01019,2026-01-16,488.0396,438.2397,483.1094,2442
equity,INE249D01019,2026-01-19,579.7213,498.0992,573.5959,16213
equity,INE249D01019,2026-01-20,612.5395,545.9072,578.1776,6963
equity,INE249D01019,2026-01-21,587.6395,518.9156,519.2144,3944
equity,INE249D01019,2026-01-22,548.0984,508.9556,513.9356,1303
equity,INE249D01019,2026-01-23,537.8396,497.0036,505.37,730
equity,INE249D01019,2026-01-27,537.8396,485.0516,497.5016,306
equity,INE249D01019,2026-01-28,515.1308,497.9996,499.2944,683
equity,INE249D01019,2026-01-29,512.9396,468.269,505.868,781
equity,INE249D01019,2026-01-30,552.7795,497.9996,540.5786,2912
equity,INE249D01019,2026-02-02,577.6298,533.0588,551.9828,1886
equity,INE249D01019,2026-02-03,617.5195,543.8156,562.6898,638
equity,INE249D01019,2026-02-04,577.6796,530.3696,534.6026,573
equity,INE249D01019,2026-02-05,549.8413,520.1108,526.5848,478
equity,INE249D01019,2026-02-06,533.0588,516.1268,526.037,332
equity,INE249D01019,2026-02-09,537.6403,502.9796,517.9694,1064
equity,INE249D01019,2026-02-10,535.8476,510.9974,519.0152,726
equity,INE249D01019,2026-02-11,525.788,522.8996,525.788,101
equity,INE249D01019,2026-02-12,523.8956,481.0676,502.2326,120
equity,INE249D01019,2026-02-13,516.9236,488.1392,516.8738,231
equity,INE249D01019,2026-02-16,517.9196,497.9996,513.1388,200
equity,INE249D01019,2026-02-17,519.9116,481.5158,501.884,263
equity,INE249D01019,2026-02-18,507.9596,485.0516,488.687,781
equity,INE249D01019,2026-02-19,502.9796,485.0516,501.884,146
equity,INE249D01019,2026-02-20,504.374,469.2152,482.213,238
equity,INE249D01019,2026-02-23,512.9396,478.0796,478.0796,74
equity,INE249D01019,2026-02-24,504.9716,478.0796,486.0476,204
equity,INE249D01019,2026-02-25,494.0156,470.4602,478.0796,2838
equity,INE249D01019,2026-02-26,478.0796,473.6474,475.4402,1327
equity,INE249D01019,2026-02-27,515.8778,449.7932,491.0774,389
equity,INE249D01019,2026-03-02,492.4718,463.2392,471.6056,175
equity,INE249D01019,2026-03-04,466.8746,455.1716,455.3708,235
equity,INE249D01019,2026-03-05,517.4714,454.1756,477.0836,78
equity,INE249D01019,2026-03-06,516.9236,478.0796,480.6194,258
equity,INE249D01019,2026-03-09,470.4602,450.4904,468.1196,252
equity,INE249D01019,2026-03-10,486.0476,455.2214,485.7488,604
equity,INE249D01019,2026-03-11,529.3736,459.7034,461.6954,986
equity,INE249D01019,2026-03-12,481.7648,454.1756,475.5896,35
equity,INE249D01019,2026-03-13,475.0916,454.1756,461.8946,3715
equity,INE249D01019,2026-03-16,488.0396,438.2396,463.787,4107
equity,INE249D01019,2026-03-17,468.1694,451.5362,466.1276,314
equity,INE249D01019,2026-03-18,481.0676,442.2237,449.843,1206
equity,INE249D01019,2026-03-19,487.8404,450.2913,471.6554,1209
equity,INE249D01019,2026-03-20,467.9204,449.1956,457.4126,1968
equity,INE249D01019,2026-03-23,478.0796,408.3597,422.3037,1302
equity,INE249D01019,2026-03-24,437.1939,413.6385,425.1423,2568
equity,INE249D01019,2026-03-25,479.0756,429.3254,429.9729,977
equity,INE249D01019,2026-03-27,435.2517,408.3597,409.5549,21069
equity,INE249D01019,2026-03-30,418.1205,410.8497,410.9493,1294
equity,INE249D01019,2026-04-01,445.2116,418.2699,436.7954,719
equity,INE249D01019,2026-04-02,453.1796,428.2797,428.5287,321
equity,INE249D01019,2026-04-06,451.4864,428.2797,448.1996,931
equity,INE249D01019,2026-04-07,483.0596,439.2854,468.1196,388
equity,INE249D01019,2026-04-08,504.9716,468.1694,495.4598,3026
equity,INE249D01019,2026-04-09,523.8956,468.8666,477.233,448
equity,INE249D01019,2026-04-10,547.7996,507.9098,529.5728,734
equity,INE249D01019,2026-04-13,592.6195,500.2904,508.0094,1008
equity,INE249D01019,2026-04-15,531.8636,501.3362,512.591,378
equity,INE249D01019,2026-04-16,547.7995,508.358,532.8596,817
equity,INE249D01019,2026-04-17,557.7596,512.3918,548.7956,569
equity,INE249D01019,2026-04-20,557.7596,518.6666,546.6542,1212
equity,INE249D01019,2026-04-21,551.7835,531.515,537.8893,1547
equity,INE249D01019,2026-04-22,566.4745,531.4651,547.7498,684
equity,INE249D01019,2026-04-23,547.7498,537.8396,547.6501,2090
equity,INE249D01019,2026-04-24,602.3803,572.8988,586.3945,11771
equity,INE249D01019,2026-04-27,618.5155,582.6595,607.9579,5607
equity,INE249D01019,2026-04-28,642.4195,612.5395,612.7387,2031
equity,INE249D01019,2026-04-29,632.9575,619.5613,622.7983,1814
equity,INE249D01019,2026-04-30,637.3399,588.6355,621.4537,1506
equity,INE249D01019,2026-05-04,647.3995,607.9081,626.2843,823
equity,INE249D01019,2026-05-05,688.8829,623.0971,687.5383,11502
equity,INE249D01019,2026-05-06,721.1034,690.1777,699.6396,2864
equity,INE249D01019,2026-05-07,769.5588,699.6396,758.6526,19214
equity,INE249D01019,2026-05-08,812.6358,734.0514,766.0229,2706
equity,INE249D01019,2026-05-11,785.5446,720.2569,755.565,2105
equity,INE249D01019,2026-05-12,776.8794,724.0914,727.5276,1802
equity,INE249D01019,2026-05-13,744.858,680.2675,695.4067,3602
equity,INE249D01019,2026-05-14,736.0434,658.6045,689.1319,4561
equity,INE249D01019,2026-05-15,706.1136,660.3972,674.2914,2024
equity,INE249D01019,2026-05-18,706.1634,658.3555,670.2079,1308
equity,INE249D01019,2026-05-19,687.1896,662.3892,665.1282,1185
equity,INE249D01019,2026-05-20,685.1977,647.9971,668.3155,261
equity,INE249D01019,2026-05-21,702.6774,664.9789,697.1497,1638
equity,INE249D01019,2026-05-22,692.0202,673.2955,673.7935,860
equity,INE249D01019,2026-05-25,732.0594,678.2755,697.0002,5716
equity,INE249D01019,2026-05-26,682.2594,633.4555,647.3995,4135
equity,INE249D01019,2026-05-27,682.2097,657.3595,670.3572,912
equity,INE249D01019,2026-05-28,670.3572,670.3572,670.3572,
equity,INE249D01019,2026-05-29,679.2217,632.4595,662.1901,694
equity,INE249D01019,2026-06-01,711.1434,622.4995,690.2772,2369
equity,INE249D01019,2026-06-02,715.1274,657.4591,704.3707,2497
equity,INE249D01019,2026-06-03,766.9194,697.2492,741.8202,5388
equity,INE249D01019,2026-06-04,815.9724,746.9496,803.6718,15786
equity,INE249D01019,2026-06-05,824.6874,767.9652,815.1258,2239
equity,INE249D01019,2026-06-08,794.7576,761.9394,767.4672,4479
equity,INE249D01019,2026-06-09,795.8034,748.1946,768.5628,670
equity,INE249D01019,2026-06-10,790.8234,751.9794,756.6108,453
equity,INE249D01019,2026-06-11,785.8932,747.348,773.4432,300
equity,INE249D01019,2026-06-12,787.8354,754.7682,771.8496,548
equity,INE249D01019,2026-06-15,797.7954,756.9594,784.8972,3815
equity,INE249D01019,2026-06-16,824.1395,756.9594,806.7593,9531
equity,INE249D01019,2026-06-17,828.6714,801.7794,805.4148,1705
equity,INE249D01019,2026-06-18,834.5478,797.7954,822.5958,1618
equity,INE249D01019,2026-06-19,858.5015,804.867,820.1556,4760
equity,INE249D01019,2026-06-22,846.5993,797.8452,817.4664,4133
equity,INE249D01019,2026-06-23,776.6304,776.6304,776.6304,4349
equity,INE249D01019,2026-06-24,749.9874,737.8362,746.8998,46196
equity,INE249D01019,2026-06-25,752.5272,737.0394,744.5592,6165
equity,INE249D01019,2026-06-26,744.5592,744.5592,744.5592,
equity,INE249D01019,2026-06-29,751.9794,742.0194,749.589,4131
equity,INE249D01019,2026-06-30,750.9336,737.0394,746.8002,1557
equity,INE249D01019,2026-07-01,755.8638,739.38,746.6508,2640
equity,INE249D01019,2026-07-02,754.7184,746.9994,749.3898,10538
equity,INE249D01019,2026-07-03,753.9714,742.0194,742.2684,1950
equity,INE249D01019,2026-07-06,742.0194,718.1652,730.2667,840
equity,INE249D01019,2026-07-07,737.0394,693.7633,695.7552,3738
equity,INE249D01019,2026-07-08,723.8922,677.2795,677.2795,2307
equity,INE249D01019,2026-07-09,711.0937,696.2035,710.1475,674
equity,INE249D01019,2026-07-10,719.1114,703.2252,715.227,839
equity,INE249D01019,2026-07-13,746.9496,707.1594,739.5294,26876
equity,INE249D01019,2026-07-14,730.0675,704.5699,723.9919,691
equity,INE249D01019,2026-07-15,746.9994,723.9919,734.898,3493
equity,INE249D01019,2026-07-16,734.898,734.898,734.898,13
equity,INE249D01019,2026-07-17,746.9994,722.199,726.681,2117
equity,INE249D01019,2026-07-20,732.0594,704.3209,707.2092,943
equity,INE249D01019,2026-07-21,742.0194,718.1154,727.0794,24554
equity,INE249D01019,2026-07-22,727.0794,707.1594,708.753,986
equity,INE249D01019,2026-07-23,727.0794,704.1715,704.3707,627
equity,INE249D01019,2026-07-24,735.9438,722.0994,722.0994,2220
equity,INE249D01019,2026-07-27,737.0394,722.0994,727.0794,33938
equity,INE249D01019,2026-07-28,745.5054,727.0794,741.123,616
equity,INE249D01019,2026-07-29,744.8082,722.0994,742.0194,1791
equity,INE249D01019,2026-07-30,742.0194,712.2888,727.0794,482
equity,INE249D01019,2026-07-31,746.9994,727.0794,735.0474,976
equity,INE249D01019,2026-08-03,730.0674,727.0794,728.0256,59
equity,INE249D01019,2026-08-04,764.3796,732.3085,764.3796,13496
equity,INE249D01019,2026-08-05,801.7794,751.9794,793.4628,14008
equity,INE249D01019,2026-08-06,801.381,753.822,776.8794,906
equity,INE249D01019,2026-08-07,796.7994,761.9394,792.8154,811
equity,INE249D01019,2026-08-10,786.8394,753.1746,753.2742,1549
equity,INE249D01019,2026-08-11,776.8794,725.0874,749.589,4985
equity,INE249D01019,2026-08-12,765.9234,748.9914,761.043,3525
equity,INE249D01019,2026-08-13,783.8514,738.5334,762.2382,1691
equity,INE249D01019,2026-08-14,771.8994,740.0274,762.8856,431
equity,INE249D01019,2026-08-17,771.8994,731.0136,737.1888,789
equity,INE249D01019,2026-08-18,761.9394,732.0595,756.6606,668
equity,INE249D01019,2026-08-19,771.7998,746.9994,749.7882,490
equity,INE249D01019,2026-08-20,772.8954,761.8896,761.8896,399
equity,INE249D01019,2026-08-21,786.8394,731.0136,761.5908,1540
equity,INE249D01019,2026-08-24,796.7994,751.9794,756.9594,1072
equity,INE249D01019,2026-08-25,786.7398,756.9594,768.513,367
equity,INE249D01019,2026-08-26,785.6442,738.2346,765.774,1428
equity,INE249D01019,2026-08-27,766.9194,736.641,737.139,503
equity,INE249D01019,2026-08-28,763.8318,738.0354,755.9634,228
equity,INE249D01019,2026-08-31,766.9194,738.5334,756.9594,530
equity,INE249D01019,2026-09-01,766.9194,736.0434,742.0194,1277
equity,INE249D01019,2026-09-02,771.8994,728.0755,747.4974,1125
equity,INE249D01019,2026-09-03,747.4974,727.179,746.9994,112
equity,INE249D01019,2026-09-04,766.8198,723.0955,762.9354,795
equity,INE249D01019,2026-09-07,766.9194,742.0194,745.7047,1728
equity,INE249D01019,2026-09-08,776.6304,708.5538,759.7482,1274
equity,INE249D01019,2026-09-09,765.9234,732.0594,751.9794,868
equity,INE249D01019,2026-09-10,761.9394,731.0635,737.0892,1552
equity,INE249D01019,2026-09-11,752.9754,732.0594,737.0394,1240
equity,INE249D01019,2026-09-15,771.8496,727.0794,747.3978,867
equity,INE249D01019,2026-09-16,763.8816,724.0914,730.8642,988
equity,INE249D01019,2026-09-17,747.9954,699.4902,746.85,125
equity,INE249D01019,2026-09-18,762.9,749.95,750,124
equity,INE249D01019,2026-09-21,762,732,751.55,288
equity,INE348N01042,2026-08-18,56,52.8,53.1,22983
equity,INE348N01042,2026-08-19,58.41,52.8,58.41,141932
equity,INE348N01042,2026-08-20,59.9,56.21,59.37,174240
equity,INE348N01042,2026-08-21,60.76,59.5,60.1,653817
equity,INE348N01042,2026-08-24,60.99,58.35,59.04,711424
equity,INE348N01042,2026-08-25,60.5,59.01,59.66,220837
equity,INE348N01042,2026-08-26,60.96,58.55,60.23,48018
equity,INE348N01042,2026-08-27,61.49,58.52,60.51,126899
equity,INE348N01042,2026-08-28,60.95,58.97,59.64,77984
equity,INE348N01042,2026-08-31,60.7,53.68,53.68,139546
equity,INE348N01042,2026-09-01,56.65,51,54.16,110417
equity,INE348N01042,2026-09-02,54.99,48.75,51.06,498508
equity,INE348N01042,2026-09-03,53.4,50,51.81,16001
equity,INE348N01042,2026-09-04,55.29,50.16,50.44,21136
equity,INE348N01042,2026-09-07,53,48.05,48.57,415996
equity,INE348N01042,2026-09-08,48.9,47.01,47.36,35522
equity,INE348N01042,2026-09-09,50.31,46.37,50.01,109479
equity,INE348N01042,2026-09-10,51.75,48.65,50.14,95699
equity,INE348N01042,2026-09-11,51.14,47.95,49.09,20263
equity,INE348N01042,2026-09-15,50.58,45.95,46.61,33359
equity,INE348N01042,2026-09-16,47.94,45.81,46.87,35148
equity,INE348N01042,2026-09-17,49.97,46.62,49.46,32704
equity,INE348N01042,2026-09-18,50,48.01,49.35,44221
equity,INE566M01017,2026-08-18,96,90.05,90.93,44603
equity,INE566M01017,2026-08-19,93.7,90.9,91.74,24680
equity,INE566M01017,2026-08-20,93.55,88.6,89.76,17242
equity,INE566M01017,2026-08-21,93.35,89,90.47,23654
equity,INE566M01017,2026-08-24,92.5,89.7,90.67,35533
equity,INE566M01017,2026-08-25,92.06,90.56,90.71,25897
equity,INE566M01017,2026-08-26,91.59,89.7,90.03,5826
equity,INE566M01017,2026-08-27,98.9,89.95,96.8,11894
equity,INE566M01017,2026-08-28,98.99,89.13,93.5,49897
equity,INE566M01017,2026-08-31,94.39,88.15,90.26,52431
equity,INE566M01017,2026-09-01,91.99,89.49,90.37,35851
equity,INE566M01017,2026-09-02,91.99,88.15,89.09,19649
equity,INE566M01017,2026-09-03,91,87.21,90.32,20933
equity,INE566M01017,2026-09-04,90.97,89,89.59,36841
equity,INE566M01017,2026-09-07,91.98,89,89.88,66631
equity,INE566M01017,2026-09-08,91,89,89.86,43050
equity,INE566M01017,2026-09-09,90.95,87,89.26,31921
equity,INE566M01017,2026-09-10,93.49,85.05,86.79,43615
equity,INE566M01017,2026-09-11,88.78,83.25,87.13,33984
equity,INE566M01017,2026-09-15,90,81.5,84.11,13007
equity,INE566M01017,2026-09-16,89.86,82.45,84.36,28956
equity,INE566M01017,2026-09-17,87.16,84,85.07,13237
equity,INE566M01017,2026-09-18,88.49,80.34,82.18,36707
equity,INE566M01017,2026-09-21,82.18,73.41,75.36,53291
equity,INE320I01017,2026-08-18,180,167.1,176.78,22379
equity,INE320I01017,2026-08-19,184,168.5,170.5,11764
equity,INE320I01017,2026-08-20,174.9,162,167.66,32398
equity,INE320I01017,2026-08-21,167.12,162.25,164.15,11334
equity,INE320I01017,2026-08-24,167.38,151.2,154.24,78922
equity,INE320I01017,2026-08-25,159,152.97,156.14,19977
equity,INE320I01017,2026-08-26,163,155,157.39,13190
equity,INE320I01017,2026-08-27,163.9,156.45,156.86,5878
equity,INE320I01017,2026-08-28,165,155.02,160.13,15733
equity,INE320I01017,2026-08-31,163,158.33,159.43,10845
equity,INE320I01017,2026-09-01,162.78,156,157.41,8922
equity,INE320I01017,2026-09-02,167.99,159.99,164.96,46742
equity,INE320I01017,2026-09-03,167.97,160.03,162.17,11052
equity,INE320I01017,2026-09-04,167.89,160,163.82,26893
equity,INE320I01017,2026-09-07,163.82,156,158.66,14611
equity,INE320I01017,2026-09-08,162.99,156.75,159.13,8497
equity,INE320I01017,2026-09-09,159.59,155.7,157.11,11358
equity,INE320I01017,2026-09-10,160.95,158.01,158.62,5970
equity,INE320I01017,2026-09-11,158,155,157.35,12462
equity,INE320I01017,2026-09-15,157.04,148.8,151.6,7774
equity,INE320I01017,2026-09-16,158.44,142.1,155.58,5582
equity,INE320I01017,2026-09-17,161.88,155.01,159.63,12592
equity,INE320I01017,2026-09-18,163.01,158.6,162.36,20632
equity,INE320I01017,2026-09-21,165.8,157.68,160.92,10294
equity,INE551B01012,2026-08-18,148.5105,144.3243,144.4937,11329
equity,INE551B01012,2026-08-19,146.5171,140.0384,143.3276,40375
equity,INE551B01012,2026-08-20,149.0089,114.6621,138.4437,5762
equity,INE551B01012,2026-08-21,144.5037,138.045,140.9355,4266
equity,INE551B01012,2026-08-24,142.5302,138.1447,140.3474,2962
equity,INE551B01012,2026-08-25,141.5335,135.3539,138.9719,487
equity,INE551B01012,2026-08-26,142.0319,135.5333,141.3342,2715
equity,INE551B01012,2026-08-27,146.7164,128.6759,142.8093,705
equity,INE551B01012,2026-08-28,144.2745,129.7723,137.5068,1601
equity,INE551B01012,2026-08-31,147.5138,136.6496,136.7493,1149
equity,INE551B01012,2026-09-01,144.3243,136.7493,137.3274,1859
equity,INE551B01012,2026-09-02,138.4437,131.666,132.8721,7761
equity,INE551B01012,2026-09-03,144.5237,135.1545,137.6862,1667
equity,INE551B01012,2026-09-04,142.7296,136.2509,142.5302,3159
equity,INE551B01012,2026-09-07,171.0363,147.5138,167.0295,638490
equity,INE551B01012,2026-09-08,175.2225,154.4908,166.6208,314708
equity,INE551B01012,2026-09-09,176.1693,166.7006,173.9766,366777
equity,INE551B01012,2026-09-10,180.2957,174.4251,174.5447,90402
equity,INE551B01012,2026-09-11,177.4152,169.3418,171.4748,19771
equity,INE551B01012,2026-09-15,175.4118,158.7767,161.0691,66824
equity,INE551B01012,2026-09-16,164.9563,156.8829,158.0092,12332
equity,INE551B01012,2026-09-17,164.3384,155.8862,158.0989,46210
equity,INE551B01012,2026-09-18,161.418,151.4907,151.7,58089
equity,INE551B01012,2026-09-21,158.5,149,151.08,30400
equity,INE638A01035,2026-03-19,75.319,68.5812,69.9824,61428
equity,INE638A01035,2026-03-20,78.8072,68.6805,69.6246,36536
equity,INE638A01035,2026-03-23,70.1812,65.5899,67.7265,35996
equity,INE638A01035,2026-03-24,70.4495,66.2358,67.8159,39456
equity,INE638A01035,2026-03-25,69.6545,66.6532,67.9153,103884
equity,INE638A01035,2026-03-27,69.3663,63.7216,65.252,112659
equity,INE638A01035,2026-03-30,65.1029,56.7949,60.5414,313483
equity,INE638A01035,2026-04-01,67.1799,61.7638,66.4445,83354
equity,INE638A01035,2026-04-02,70.5588,63.7712,69.4955,83685
equity,INE638A01035,2026-04-06,70.3302,66.8917,67.9253,27406
equity,INE638A01035,2026-04-07,68.5712,65.5998,65.7986,26158
equity,INE638A01035,2026-04-08,71.9501,66.5837,70.9861,85394
equity,INE638A01035,2026-04-09,74.0271,68.5911,70.9265,115023
equity,INE638A01035,2026-04-10,74.3352,70.6781,73.9079,80749
equity,INE638A01035,2026-04-13,76.77,71.6619,76.2433,46871
equity,INE638A01035,2026-04-15,78.0122,75.4284,76.4917,47534
equity,INE638A01035,2026-04-16,76.8992,74.9414,75.647,26841
equity,INE638A01035,2026-04-17,79.5029,74.5538,75.7364,100629
equity,INE638A01035,2026-04-20,78.2408,72.1588,72.4172,100791
equity,INE638A01035,2026-04-21,74.0371,71.6718,73.5402,47481
equity,INE638A01035,2026-04-22,75.3985,72.5563,74.8122,27889
equity,INE638A01035,2026-04-23,76.4917,73.5799,75.3886,28150
equity,INE638A01035,2026-04-24,74.6234,71.8507,72.3874,17801
equity,INE638A01035,2026-04-27,75.1898,72.0296,73.252,40948
equity,INE638A01035,2026-04-28,74.7128,71.801,72.2284,16803
equity,INE638A01035,2026-04-29,73.8383,71.5526,71.8408,24473
equity,INE638A01035,2026-04-30,73.3414,70.8172,72.7849,18625
equity,INE638A01035,2026-05-04,74.524,71.97,72.6458,11224
equity,INE638A01035,2026-05-05,73.1625,71.0756,71.5128,16066
equity,INE638A01035,2026-05-06,73.1228,71.9998,72.3874,8190
equity,INE638A01035,2026-05-07,73.9874,71.811,72.8147,22304
equity,INE638A01035,2026-05-08,73.9178,70.5588,71.3737,31560
equity,INE638A01035,2026-05-11,72.8445,70.9663,71.7017,31015
equity,INE638A01035,2026-05-12,73.1128,69.565,69.7041,16119
equity,INE638A01035,2026-05-13,72.0495,69.6843,70.1116,10976
equity,INE638A01035,2026-05-14,71.9501,67.6768,68.1439,30417
equity,INE638A01035,2026-05-15,69.4557,66.5538,66.7924,20429
equity,INE638A01035,2026-05-18,70.0619,63.7017,67.975,31246
equity,INE638A01035,2026-05-19,68.2532,64.2681,65.8383,39233
equity,INE638A01035,2026-05-20,67.3787,65.242,66.4545,8899
equity,INE638A01035,2026-05-21,72.5464,66.6433,71.811,69149
equity,INE638A01035,2026-05-22,73.9377,72.3973,73.0135,73530
equity,INE638A01035,2026-05-25,76.283,73.7489,75.2197,79413
equity,INE638A01035,2026-05-26,76.5215,73.5402,74.1166,39241
equity,INE638A01035,2026-05-27,75.4284,72.0495,72.7749,28523
equity,INE638A01035,2026-05-29,74.7228,67.9352,69.4756,106543
equity,INE638A01035,2026-06-01,70.7476,68.7203,68.8892,17606
equity,INE638A01035,2026-06-02,70.5588,66.9315,69.3861,27744
equity,INE638A01035,2026-06-03,71.1551,68.3725,68.9787,39953
equity,INE638A01035,2026-06-04,70.5588,68.0743,69.1377,49069
equity,INE638A01035,2026-06-05,71.5526,69.0681,69.575,23080
equity,INE638A01035,2026-06-08,70.4495,68.6209,68.8395,20655
equity,INE638A01035,2026-06-09,70.4594,68.0942,68.5514,43417
equity,INE638A01035,2026-06-10,70.2805,68.6805,69.0482,23227
equity,INE638A01035,2026-06-11,69.5551,66.842,67.1203,47350
equity,INE638A01035,2026-06-12,69.0284,67.4284,68.4619,15822
equity,INE638A01035,2026-06-15,72.5364,69.0681,71.0855,51029
equity,INE638A01035,2026-06-16,72.3476,70.36,71.7017,18023
equity,INE638A01035,2026-06-17,73.2619,70.7079,71.4135,64302
equity,INE638A01035,2026-06-18,75.5277,68.4818,74.1662,177741
equity,INE638A01035,2026-06-19,75.9948,71.3638,72.3377,76639
equity,INE638A01035,2026-06-22,75.1898,70.7576,71.2544,76954
equity,INE638A01035,2026-06-23,72.4967,68.7799,69.6048,41752
equity,INE638A01035,2026-06-24,71.8308,68.124,71.0259,100715
equity,INE638A01035,2026-06-25,71.97,68.8296,69.575,73126
equity,INE638A01035,2026-06-29,73.5402,68.7402,72.288,69334
equity,INE638A01035,2026-06-30,72.9141,69.724,70.0619,42151
equity,INE638A01035,2026-07-01,71.1153,68.1836,69.4358,52050
equity,INE638A01035,2026-07-02,70.5588,68.5911,68.8594,28360
equity,INE638A01035,2026-07-03,71.0557,69.0681,69.4855,24217
equity,INE638A01035,2026-07-06,70.9464,68.6209,69.3762,46764
equity,INE638A01035,2026-07-07,72.3377,68.9687,69.5153,59315
equity,INE638A01035,2026-07-08,71.1551,67.1302,67.647,75782
equity,INE638A01035,2026-07-09,69.2569,66.9812,67.2197,31930
equity,INE638A01035,2026-07-10,69.0681,67.3787,67.6371,44520
equity,INE638A01035,2026-07-13,68.0644,66.7029,67.1203,52503
equity,INE638A01035,2026-07-14,67.5774,65.6495,65.9476,36800
equity,INE638A01035,2026-07-15,67.5774,65.3514,66.1365,47954
equity,INE638A01035,2026-07-16,67.5675,65.3911,66.2358,61113
equity,INE638A01035,2026-07-17,66.4743,65.1029,65.6793,24514
equity,INE638A01035,2026-07-20,67.4284,64.9042,66.4644,15213
equity,INE638A01035,2026-07-21,66.7824,63.5824,64.5464,68586
equity,INE638A01035,2026-07-22,65.7389,64.1091,64.8644,25004
equity,INE638A01035,2026-07-23,69.893,64.8644,66.4743,47555
equity,INE638A01035,2026-07-24,66.4843,64.2483,65.411,25790
equity,INE638A01035,2026-07-27,66.7824,65.6396,66.057,15495
equity,INE638A01035,2026-07-28,66.3849,64.5961,64.9042,17908
equity,INE638A01035,2026-07-29,65.9874,64.6458,64.8147,15698
equity,INE638A01035,2026-07-30,65.5899,63.6023,63.97,23427
equity,INE638A01035,2026-07-31,65.71,63.75,64.78,23116
equity,INE638A01035,2026-08-03,66.43,64.55,64.9,18711
equity,INE638A01035,2026-08-04,65.7,64.13,65.3,20080
equity,INE638A01035,2026-08-05,68.12,64.81,65.88,45982
equity,INE638A01035,2026-08-06,69.5,65.4,68.72,92796
equity,INE638A01035,2026-08-07,69.4,64.88,67.93,258501
equity,INE638A01035,2026-08-10,69.8,67,69.25,51171
equity,INE638A01035,2026-08-11,77.57,68.25,76.09,742804
equity,INE638A01035,2026-08-12,91.3,73.68,91.3,2216151
equity,INE638A01035,2026-08-13,88.91,81.81,85.3,1474473
equity,INE638A01035,2026-08-14,88.4,82.38,83.22,228057
equity,INE638A01035,2026-08-17,84,78.61,80.97,140011
equity,INE638A01035,2026-08-18,81.49,78,78.7,66886
equity,INE638A01035,2026-08-19,84.99,77.42,83.36,116136
equity,INE638A01035,2026-08-20,89.87,82.3,83.99,228438
equity,INE638A01035,2026-08-21,87,81.65,82,199037
equity,INE638A01035,2026-08-24,83.59,77.77,79.11,163760
equity,INE638A01035,2026-08-25,80.49,77.56,78.42,37691
equity,INE638A01035,2026-08-26,79.89,76.07,77.15,74170
equity,INE638A01035,2026-08-27,78.5,75.63,76.96,126431
equity,INE638A01035,2026-08-28,80.5,76.61,77.25,91302
equity,INE638A01035,2026-08-31,79,76,76.45,46618
equity,INE638A01035,2026-09-01,80,74.4,75.65,106503
equity,INE638A01035,2026-09-02,75.9,74.42,74.64,34572
equity,INE638A01035,2026-09-03,76.9,73.26,75.88,127313
equity,INE638A01035,2026-09-04,81.99,75.12,76.98,170692
equity,INE638A01035,2026-09-07,78.44,73.99,74.97,150121
equity,INE638A01035,2026-09-08,77.98,73.65,75.75,123756
equity,INE638A01035,2026-09-09,76.39,74.11,74.38,32579
equity,INE638A01035,2026-09-10,76,69,74.02,385095
equity,INE638A01035,2026-09-11,76.96,73.01,76.16,62570
equity,INE638A01035,2026-09-15,78.19,74.01,74.98,66642
equity,INE638A01035,2026-09-16,78.5,71.42,77.2,110528
equity,INE638A01035,2026-09-17,78.78,76,76.86,32404
equity,INE638A01035,2026-09-18,77.99,75.3,76.28,58206
equity,INE638A01035,2026-09-21,77.59,75.52,75.98,15555
equity,INE555C01029,2026-08-18,17.15,16.55,16.8,34643
equity,INE555C01029,2026-08-19,17.05,16.66,16.97,13981
equity,INE555C01029,2026-08-20,17,16.55,16.68,73171
equity,INE555C01029,2026-08-21,16.98,16.5,16.67,73715
equity,INE555C01029,2026-08-24,17.05,16.51,16.98,65125
equity,INE555C01029,2026-08-25,17.14,16.6,16.66,37597
equity,INE555C01029,2026-08-26,16.94,15.55,16.58,73128
equity,INE555C01029,2026-08-27,16.87,16.31,16.55,21023
equity,INE555C01029,2026-08-28,16.93,16.25,16.61,47261
equity,INE555C01029,2026-08-31,16.79,16,16.12,84227
equity,INE555C01029,2026-09-01,16.44,16,16.04,42593
equity,INE555C01029,2026-09-02,16.39,15.62,15.99,41292
equity,INE555C01029,2026-09-03,16.4,15.7,15.7,55110
equity,INE555C01029,2026-09-04,16.89,15.4,15.97,55679
equity,INE555C01029,2026-09-07,16.5,15.56,16.07,58521
equity,INE555C01029,2026-09-08,16.2,15.9,16.12,57311
equity,INE555C01029,2026-09-09,16.12,15.8,15.89,45230
equity,INE555C01029,2026-09-10,16.3,15.52,16.04,46357
equity,INE555C01029,2026-09-11,16.5,15,15.95,117344
equity,INE555C01029,2026-09-14,15.95,15.95,15.95,
equity,INE555C01029,2026-09-15,16.29,15.6,15.89,43700
equity,INE555C01029,2026-09-16,16.02,15.3,15.5,89358
equity,INE555C01029,2026-09-17,15.79,15.01,15.3,41715
equity,INE555C01029,2026-09-18,15.69,15.3,15.45,35784
equity,INE555C01029,2026-09-21,15.89,15.02,15.67,40457
equity,INE037B01020,2026-04-22,29.4,27,28.9,3105
equity,INE037B01020,2026-04-23,29.7,27,28.85,1137
equity,INE037B01020,2026-04-24,30.6,27.1,27.7,1083
equity,INE037B01020,2026-04-27,29.65,27.6,28.9,2562
equity,INE037B01020,2026-04-28,31.95,27.25,28.6,2196
equity,INE037B01020,2026-04-29,30.6,26.85,28.3,1129
equity,INE037B01020,2026-04-30,30.6,27,27.9,390
equity,INE037B01020,2026-05-04,31.5,26.62,29.94,741
equity,INE037B01020,2026-05-05,30.96,27.82,30.24,1133
equity,INE037B01020,2026-05-06,33.3,29.06,30.94,1378
equity,INE037B01020,2026-05-07,32,29.5,30.8,1391
equity,INE037B01020,2026-05-08,32.75,25,31.18,9260
equity,INE037B01020,2026-05-11,33.82,28.83,29.44,15075
equity,INE037B01020,2026-05-12,33,28.95,29.55,7836
equity,INE037B01020,2026-05-13,31.49,27,28.13,5307
equity,INE037B01020,2026-05-14,31.87,28.01,29.13,6613
equity,INE037B01020,2026-05-15,31.48,29.44,30.2,2141
equity,INE037B01020,2026-05-18,30.55,27.9,28.19,7218
equity,INE037B01020,2026-05-19,30.52,27.6,29.64,711
equity,INE037B01020,2026-05-20,29.6,27.5,28.98,1440
equity,INE037B01020,2026-05-21,28.89,26,26.57,7386
equity,INE037B01020,2026-05-22,31.88,27.2,27.71,56869
equity,INE037B01020,2026-05-25,30.19,27.76,28.57,3247
equity,INE037B01020,2026-05-26,29.52,27.8,28.12,749
equity,INE037B01020,2026-05-27,29.9,26.8,27.16,8194
equity,INE037B01020,2026-05-28,27.16,27.16,27.16,
equity,INE037B01020,2026-05-29,29.57,26.5,28.25,3217
equity,INE037B01020,2026-06-01,31,26.65,27.83,2587
equity,INE037B01020,2026-06-02,28.8,27,28.45,2929
equity,INE037B01020,2026-06-03,28.41,26.5,27.24,897
equity,INE037B01020,2026-06-04,29.8,26.6,27.57,6411
equity,INE037B01020,2026-06-05,28.19,27,27.99,1639
equity,INE037B01020,2026-06-08,29.25,26,28.03,3803
equity,INE037B01020,2026-06-09,29,27.5,28.4,2803
equity,INE037B01020,2026-06-10,29.5,27.5,29.37,6413
equity,INE037B01020,2026-06-11,29.37,26.59,29.33,5477
equity,INE037B01020,2026-06-12,30,27.63,29.31,3313
equity,INE037B01020,2026-06-15,29.8,26.12,27.62,2194
equity,INE037B01020,2026-06-16,29.78,26.4,29.58,482
equity,INE037B01020,2026-06-17,29.8,28,28.38,3147
equity,INE037B01020,2026-06-18,29.94,28.32,29.9,776
equity,INE037B01020,2026-06-19,29.9,24.21,29.38,6468
equity,INE037B01020,2026-06-22,29.35,28,28.3,6949
equity,INE037B01020,2026-06-23,30.59,28.41,29.23,2505
equity,INE037B01020,2026-06-24,29.69,28.5,28.5,464
equity,INE037B01020,2026-06-25,29.49,27.38,29.03,3558
equity,INE037B01020,2026-06-26,29.03,29.03,29.03,
equity,INE037B01020,2026-06-29,29.99,25.23,28.83,1729
equity,INE037B01020,2026-06-30,29.4,26.75,27.57,1056
equity,INE037B01020,2026-07-01,29.47,23.05,28.36,5909
equity,INE037B01020,2026-07-02,29.4,27.1,27.9,2273
equity,INE037B01020,2026-07-03,28.8,27.15,27.98,877
equity,INE037B01020,2026-07-06,28.6,28.5,28.6,2535
equity,INE037B01020,2026-07-07,29.55,27.3,27.9,420
equity,INE037B01020,2026-07-08,28.9,26,27.11,4679
equity,INE037B01020,2026-07-09,28.49,27.2,28,1901
equity,INE037B01020,2026-07-10,33.6,28.01,33.6,24238
equity,INE037B01020,2026-07-13,40.32,40.32,40.32,3090
equity,INE037B01020,2026-07-14,44.35,44.35,44.35,13218
equity,INE037B01020,2026-07-15,46.56,46.56,46.56,2543
equity,INE037B01020,2026-07-16,48.88,44.55,48.88,193509
equity,INE037B01020,2026-07-17,51.32,49,51.32,25077
equity,INE037B01020,2026-07-20,53.88,53.8,53.88,23912
equity,INE037B01020,2026-07-21,56.57,56.57,56.57,1274
equity,INE037B01020,2026-07-22,59.39,59.37,59.39,19971
equity,INE037B01020,2026-07-23,60,56.43,56.43,15721
equity,INE037B01020,2026-07-24,53.61,53.61,53.61,577
equity,INE037B01020,2026-07-27,50.93,50.93,50.93,6724
equity,INE037B01020,2026-07-28,48.39,48.39,48.39,2172
equity,INE037B01020,2026-07-29,46.56,45.98,45.98,11141
equity,INE037B01020,2026-07-30,43.69,43.69,43.69,4275
equity,INE037B01020,2026-07-31,41.51,41.51,41.51,8073
equity,INE037B01020,2026-08-03,43.58,39.44,43.58,43976
equity,INE037B01020,2026-08-04,45.75,43.5,45.66,35712
equity,INE037B01020,2026-08-05,47.88,43.38,43.56,35476
equity,INE037B01020,2026-08-06,44.37,41.39,41.45,19992
equity,INE037B01020,2026-08-07,42.84,39.38,40.99,34910
equity,INE037B01020,2026-08-10,43.03,42.14,43.03,17541
equity,INE037B01020,2026-08-11,45.18,44.51,45.18,24367
equity,INE037B01020,2026-08-12,47.43,46,47.43,36045
equity,INE037B01020,2026-08-13,49.8,49.8,49.8,9481
equity,INE037B01020,2026-08-14,52.29,52.29,52.29,10666
equity,INE037B01020,2026-08-17,54.9,52.51,54.9,126920
equity,INE037B01020,2026-08-18,55.99,53.51,53.93,32560
equity,INE037B01020,2026-08-19,54.47,52.52,53.07,42527
equity,INE037B01020,2026-08-20,54.13,52.2,52.73,44833
equity,INE037B01020,2026-08-21,54,52.5,52.63,11819
equity,INE037B01020,2026-08-24,53.5,51.06,52.08,23037
equity,INE037B01020,2026-08-25,53.87,52.02,52.3,4732
equity,INE037B01020,2026-08-26,53.84,52,52.21,7705
equity,INE037B01020,2026-08-27,53.49,52.01,52.67,2479
equity,INE037B01020,2026-08-28,52.9,52.01,52.14,8852
equity,INE037B01020,2026-08-31,53.4,51.55,51.96,10442
equity,INE037B01020,2026-09-01,52.88,52,52.77,5817
equity,INE037B01020,2026-09-02,53.38,51.9,53.03,12696
equity,INE037B01020,2026-09-03,54.95,53,53.77,21223
equity,INE037B01020,2026-09-04,56.4,53.15,54.49,10278
equity,INE037B01020,2026-09-07,54.9,53.55,54.06,4677
equity,INE037B01020,2026-09-08,54.7,53.02,54.03,15488
equity,INE037B01020,2026-09-09,55,53.7,54.06,17322
equity,INE037B01020,2026-09-10,55,54.01,54.91,17996
equity,INE037B01020,2026-09-11,55.6,54.5,55.43,29315
equity,INE037B01020,2026-09-15,56,53.25,54.17,27354
equity,INE037B01020,2026-09-16,54.9,53.35,53.56,35121
equity,INE037B01020,2026-09-17,55,53.6,54.17,5587
equity,INE037B01020,2026-09-18,55.25,54.45,55,11561
equity,INE037B01020,2026-09-21,55,54.25,54.4,6672
equity,INE755Q01025,2023-09-18,19.4,18.2,18.65,298459
equity,INE755Q01025,2023-09-20,18.95,18.3,18.45,250232
equity,INE755Q01025,2023-09-21,18.9,18.3,18.55,166812
equity,INE755Q01025,2023-09-22,19,18.35,18.55,135375
equity,INE755Q01025,2023-09-25,19,18.3,18.55,149000
equity,INE755Q01025,2023-09-26,18.75,18.2,18.35,126712
equity,INE755Q01025,2023-09-27,18.7,18.05,18.6,88860
equity,INE755Q01025,2023-09-28,18.8,16.7,18.05,450137
equity,INE755Q01025,2023-09-29,21,18.2,20.35,3185404
equity,INE755Q01025,2023-10-03,22.85,20.6,22.05,3659732
equity,INE755Q01025,2023-10-04,22.25,20.9,21.25,1431854
equity,INE755Q01025,2023-10-05,22.75,21.25,22,1642191
equity,INE755Q01025,2023-10-06,22.65,21.8,22,1394655
equity,INE755Q01025,2023-10-09,21.65,20.05,20.35,1647481
equity,INE755Q01025,2023-10-10,21.2,20.45,20.85,1233702
equity,INE755Q01025,2023-10-11,22.25,20.85,21.3,1865187
equity,INE755Q01025,2023-10-12,22.4,21.4,21.65,1140679
equity,INE755Q01025,2023-10-13,22,21.05,21.2,860949
equity,INE755Q01025,2023-10-16,21.7,20.8,21,646769
equity,INE755Q01025,2023-10-17,21.6,20.75,21,446951
equity,INE755Q01025,2023-10-18,22.4,21,21.85,1012386
equity,INE755Q01025,2023-10-19,21.9,21.35,21.45,490122
equity,INE755Q01025,2023-10-20,21.75,21,21.15,377501
equity,INE755Q01025,2023-10-23,21.4,19.25,19.85,899573
equity,INE755Q01025,2023-10-25,20.25,18.7,19.45,452019
equity,INE755Q01025,2023-10-26,19.45,18.6,19.2,452364
equity,INE755Q01025,2023-10-27,20.1,19.4,19.75,393261
equity,INE755Q01025,2023-10-30,20.15,19.3,19.65,223785
equity,INE755Q01025,2023-10-31,21.25,19.4,20.75,597251
equity,INE755Q01025,2023-11-01,22.8,20.85,21.8,2409428
equity,INE755Q01025,2023-11-02,22.2,21.6,21.75,340312
equity,INE755Q01025,2023-11-03,22.1,21.2,21.55,285390
equity,INE755Q01025,2023-11-06,21.8,21.1,21.35,365233
equity,INE755Q01025,2023-11-07,21.35,20.1,21,384156
equity,INE755Q01025,2023-11-08,21.15,20.55,20.7,260739
equity,INE755Q01025,2023-11-09,20.9,20,20.2,298048
equity,INE755Q01025,2023-11-10,20.6,20.25,20.45,211250
equity,INE755Q01025,2023-11-13,20.6,20.15,20.35,193277
equity,INE755Q01025,2023-11-15,20.7,20.3,20.45,169778
equity,INE755Q01025,2023-11-16,20.9,20.5,20.8,207749
equity,INE755Q01025,2023-11-17,24.7,20.95,24.1,5505985
equity,INE755Q01025,2023-11-20,24.6,23.3,23.45,1297024
equity,INE755Q01025,2023-11-21,23.6,22.45,22.9,639057
equity,INE755Q01025,2023-11-22,23.9,22.1,22.7,719800
equity,INE755Q01025,2023-11-23,24.55,22.75,23.55,1199005
equity,INE755Q01025,2023-11-24,25.65,22.9,25.05,2995921
equity,INE755Q01025,2023-11-28,26.1,24.6,25.15,1518566
equity,INE755Q01025,2023-11-29,25.3,24.15,24.55,627603
equity,INE755Q01025,2023-11-30,24.9,23.7,23.95,481687
equity,INE755Q01025,2023-12-01,24.45,23.55,24.05,321786
equity,INE755Q01025,2023-12-04,24.4,23.7,23.85,349195
equity,INE755Q01025,2023-12-05,24.1,22.5,22.9,640387
equity,INE755Q01025,2023-12-06,23.3,22.7,22.85,371486
equity,INE755Q01025,2023-12-07,23.9,22.55,23.15,559233
equity,INE755Q01025,2023-12-08,24.75,23.25,23.55,421830
equity,INE755Q01025,2023-12-11,24.45,23.55,23.7,287908
equity,INE755Q01025,2023-12-12,24.3,23.6,23.75,291805
equity,INE755Q01025,2023-12-13,24,23.5,23.55,180140
equity,INE755Q01025,2023-12-14,23.9,22.5,22.9,402517
equity,INE755Q01025,2023-12-15,23.3,22.8,23,211232
equity,INE755Q01025,2023-12-18,23.9,22.7,22.85,384157
equity,INE755Q01025,2023-12-19,23.15,22.6,22.85,185847
equity,INE755Q01025,2023-12-20,23.1,21.15,21.45,506471
equity,INE755Q01025,2023-12-21,22.3,21.05,22,468702
equity,INE755Q01025,2023-12-22,22.7,22,22.35,303607
equity,INE755Q01025,2023-12-26,23.8,22.7,22.85,249071
equity,INE755Q01025,2023-12-27,23,22.3,22.6,190351
equity,INE755Q01025,2023-12-28,22.8,22,22.15,232312
equity,INE755Q01025,2026-08-11,22.05,22.05,22.05,
equity,INE755Q01025,2026-08-12,22.05,22.05,22.05,
equity,INE755Q01025,2026-08-13,22.05,22.05,22.05,
equity,INE755Q01025,2026-08-14,22.05,22.05,22.05,
equity,INE755Q01025,2026-08-17,19.45,17.85,18.12,45725
equity,INE755Q01025,2026-08-18,18.56,17.9,17.98,35825
equity,INE755Q01025,2026-08-19,18.34,18.01,18.06,12802
equity,INE755Q01025,2026-08-20,18.99,18.07,18.49,35959
equity,INE755Q01025,2026-08-21,19.99,18.12,18.68,52892
equity,INE755Q01025,2026-08-24,19.59,18.49,18.79,62921
equity,INE755Q01025,2026-08-25,19.36,18.4,18.9,39894
equity,INE755Q01025,2026-08-26,19.3,18,18.67,65940
equity,INE755Q01025,2026-08-27,19.3,18.28,18.7,58414
equity,INE755Q01025,2026-08-28,19.3,18.5,18.7,11364
equity,INE755Q01025,2026-08-31,21.94,19,19.27,77372
equity,INE755Q01025,2026-09-01,19.5,19,19.15,26319
equity,INE755Q01025,2026-09-02,19.49,18.86,18.96,29604
equity,INE755Q01025,2026-09-03,19.3,18.3,18.47,3006888
equity,INE755Q01025,2026-09-04,19.1,18.22,18.67,55662
equity,INE755Q01025,2026-09-07,19.5,17.35,18.24,81605
equity,INE755Q01025,2026-09-08,18.75,18.25,18.39,38439
equity,INE755Q01025,2026-09-09,18.8,18.11,18.21,21745
equity,INE755Q01025,2026-09-10,18.57,17.81,18.17,58458
equity,INE755Q01025,2026-09-11,18.8,17.85,18.36,76965
equity,INE755Q01025,2026-09-15,20.45,18.2,18.35,32987
equity,INE755Q01025,2026-09-16,18.9,17.8,18.42,24153
equity,INE755Q01025,2026-09-17,18.87,18.04,18.12,49239
equity,INE755Q01025,2026-09-18,18.49,18.05,18.22,14567
equity,INE755Q01025,2026-09-21,18.47,18.04,18.17,26263
equity,INE359U01028,2026-08-11,149.7,149.7,149.7,
equity,INE359U01028,2026-08-12,149.7,149.7,149.7,
equity,INE359U01028,2026-08-13,149.7,149.7,149.7,
equity,INE359U01028,2026-08-14,149.7,149.7,149.7,
equity,INE359U01028,2026-08-17,11.35,10.1,11.07,213360
equity,INE359U01028,2026-08-18,11.24,10.58,10.92,148016
equity,INE359U01028,2026-08-19,11.1,10.2,10.4,205983
equity,INE359U01028,2026-08-20,10.7,10.1,10.38,370610
equity,INE359U01028,2026-08-21,10.57,10.3,10.42,125005
equity,INE359U01028,2026-08-24,10.91,10.32,10.86,292638
equity,INE359U01028,2026-08-25,11.48,10.3,11.34,735822
equity,INE359U01028,2026-08-26,11.99,10.5,11.72,652874
equity,INE359U01028,2026-08-27,12.1,11.5,11.64,511926
equity,INE359U01028,2026-08-28,11.96,11.45,11.5,207955
equity,INE359U01028,2026-08-31,13.8,12.25,13.12,3208132
equity,INE359U01028,2026-09-01,13.45,11.57,12.61,1206915
equity,INE359U01028,2026-09-02,13,12.5,12.91,506482
equity,INE359U01028,2026-09-03,13.44,12.96,13.19,704727
equity,INE359U01028,2026-09-04,13.2,12.82,13.03,603720
equity,INE359U01028,2026-09-07,13.23,12.63,12.96,341167
equity,INE359U01028,2026-09-08,13.1,12.51,12.62,465876
equity,INE359U01028,2026-09-09,13,12.5,12.65,376947
equity,INE359U01028,2026-09-10,12.97,12.58,12.83,205672
equity,INE359U01028,2026-09-11,12.95,12.6,12.74,169288
equity,INE359U01028,2026-09-15,13.18,12.4,12.47,274163
equity,INE359U01028,2026-09-16,12.95,12.05,12.23,243216
equity,INE359U01028,2026-09-17,12.82,12.2,12.39,193860
equity,INE359U01028,2026-09-18,12.6,12,12.11,346283
equity,INE359U01028,2026-09-21,12.5,11.75,11.8,455614
equity,INE354A01013,2026-08-18,1052.3763,1019.3517,1026.3094,327
equity,INE354A01013,2026-08-19,1043.5566,1024.0555,1033.2671,450
equity,INE354A01013,2026-08-20,1038.6568,1024.0554,1024.5454,1147
equity,INE354A01013,2026-08-21,1026.9953,1006.4162,1007.8862,1103
equity,INE354A01013,2026-08-24,1027.9753,989.757,1022.8796,2162
equity,INE354A01013,2026-08-25,1048.4565,1016.9999,1025.2314,2829
equity,INE354A01013,2026-08-26,1046.4965,1029.0532,1029.0532,384
equity,INE354A01013,2026-08-27,1034.835,1006.0242,1012.1,665
equity,INE354A01013,2026-08-28,1055,1030.1,1048,501
equity,INE354A01013,2026-08-31,1064,1026.1,1051.2,676
equity,INE354A01013,2026-09-01,1051,1037,1048,2402
equity,INE354A01013,2026-09-02,1057,1032.1,1043.9,574
equity,INE354A01013,2026-09-03,1049.7,1027.3,1031.5,2668
equity,INE354A01013,2026-09-04,1045,1030,1038.8,422
equity,INE354A01013,2026-09-07,1057,1022.2,1043,575
equity,INE354A01013,2026-09-08,1052,1025.1,1039.9,276
equity,INE354A01013,2026-09-09,1052.9,1021.2,1023.7,1113
equity,INE354A01013,2026-09-10,1047,1000,1026.8,3349
equity,INE354A01013,2026-09-11,1034.8,998.6,1003.9,1783
equity,INE354A01013,2026-09-14,1003.9,1003.9,1003.9,
equity,INE354A01013,2026-09-15,1018.3,971,974.1,4111
equity,INE354A01013,2026-09-16,994.9,960.3,992,571
equity,INE354A01013,2026-09-17,1009.7,975,983.4,2628
equity,INE354A01013,2026-09-18,997,972.6,979.9,1916
equity,INE354A01013,2026-09-21,999.7,959,979.6,1336
equity,INE757T01025,2026-03-12,18.98,16.96,18.19,76331
equity,INE757T01025,2026-03-13,19,17.23,17.54,66312
equity,INE757T01025,2026-03-16,18.54,17.5,17.51,64940
equity,INE757T01025,2026-03-17,18.69,17.51,17.62,35004
equity,INE757T01025,2026-03-18,18.58,17.9,18.37,35720
equity,INE757T01025,2026-03-19,18.5,17.37,17.48,10240
equity,INE757T01025,2026-03-20,17.99,16.6,16.85,80388
equity,INE757T01025,2026-03-23,17.35,16.05,16.15,47325
equity,INE757T01025,2026-03-24,17,16.03,16.13,67264
equity,INE757T01025,2026-03-25,16.97,16,16.08,133928
equity,INE757T01025,2026-03-27,17.4,14.31,14.81,101162
equity,INE757T01025,2026-03-30,15.59,13.25,13.99,51585
equity,INE757T01025,2026-04-01,15.99,14.35,15.76,49147
equity,INE757T01025,2026-04-02,16.04,14.6,15.37,14147
equity,INE757T01025,2026-04-06,16.7,15.01,16.14,13617
equity,INE757T01025,2026-04-07,16.8,16,16.6,4648
equity,INE757T01025,2026-04-08,19.92,16.97,18.02,318241
equity,INE757T01025,2026-04-09,19.6,18.18,18.41,65506
equity,INE757T01025,2026-04-10,20.25,18.62,19.66,36082
equity,INE757T01025,2026-04-13,19.64,18.6,19.21,24976
equity,INE757T01025,2026-04-15,20,19.01,19.46,32588
equity,INE757T01025,2026-04-16,19.95,19.05,19.43,9010
equity,INE757T01025,2026-04-17,19.2,18.7,19,12180
equity,INE757T01025,2026-04-20,19.6,18.2,19.3,7008
equity,INE757T01025,2026-04-21,19.3,18.41,18.99,15855
equity,INE757T01025,2026-04-22,19.49,18.45,19,5946
equity,INE757T01025,2026-04-23,19.2,18.6,18.71,4285
equity,INE757T01025,2026-04-24,19.44,18.61,18.65,10144
equity,INE757T01025,2026-04-27,19.2,18.2,18.41,4936
equity,INE757T01025,2026-04-28,19,18.2,18.97,7183
equity,INE757T01025,2026-04-29,19.4,18.21,18.78,9969
equity,INE757T01025,2026-04-30,19.3,18.5,18.99,3225
equity,INE757T01025,2026-05-04,18.99,18.25,18.8,4069
equity,INE757T01025,2026-05-05,19,18.1,18.41,5739
equity,INE757T01025,2026-05-06,19,18.3,18.76,2510
equity,INE757T01025,2026-05-07,18.99,17.83,17.84,38670
equity,INE757T01025,2026-05-08,17.8,17.4,17.69,17665
equity,INE757T01025,2026-05-11,17.98,16.81,16.93,50279
equity,INE757T01025,2026-05-12,16.83,16.09,16.14,44979
equity,INE757T01025,2026-05-13,16.69,16.1,16.23,16936
equity,INE757T01025,2026-05-14,16.49,15.52,16.26,9888
equity,INE757T01025,2026-05-15,16.59,16.06,16.31,9413
equity,INE757T01025,2026-05-18,16.69,15.62,15.92,9065
equity,INE757T01025,2026-05-19,16.43,16,16.18,3717
equity,INE757T01025,2026-05-20,16.98,16.01,16.69,37697
equity,INE757T01025,2026-05-21,17,16.25,16.48,41079
equity,INE757T01025,2026-05-22,17.08,16.3,16.32,7373
equity,INE757T01025,2026-05-25,16.93,16.02,16.33,39649
equity,INE757T01025,2026-05-26,16.98,15.52,16.58,22207
equity,INE757T01025,2026-05-27,16.88,16.05,16.52,18757
equity,INE757T01025,2026-05-28,16.52,16.52,16.52,
equity,INE757T01025,2026-05-29,16.95,16,16.17,37012
equity,INE757T01025,2026-06-01,16.75,16,16.45,5391
equity,INE757T01025,2026-06-02,16.77,16.2,16.24,9977
equity,INE757T01025,2026-06-03,16.63,15.91,16.25,7411
equity,INE757T01025,2026-06-04,16.74,16,16.02,22648
equity,INE757T01025,2026-06-05,16.69,16.02,16.3,9233
equity,INE757T01025,2026-06-08,16.68,16.11,16.34,26140
equity,INE757T01025,2026-06-09,16.62,16.06,16.19,11127
equity,INE757T01025,2026-06-10,16.55,15.91,16.38,6434
equity,INE757T01025,2026-06-11,16.24,15.81,15.88,16755
equity,INE757T01025,2026-06-12,16.34,15.86,16,10161
equity,INE757T01025,2026-06-15,16.6,16.12,16.32,11986
equity,INE757T01025,2026-06-16,16.32,16,16.11,19283
equity,INE757T01025,2026-06-17,16.45,16.05,16.25,4678
equity,INE757T01025,2026-06-18,16.4,16.02,16.29,9251
equity,INE757T01025,2026-06-19,16.45,16.12,16.39,15945
equity,INE757T01025,2026-06-22,16.59,16,16.48,6632
equity,INE757T01025,2026-06-23,16.65,16.05,16.24,4386
equity,INE757T01025,2026-06-24,16.59,16.1,16.15,14620
equity,INE757T01025,2026-06-25,16.52,16.11,16.19,6844
equity,INE757T01025,2026-06-26,16.19,16.19,16.19,
equity,INE757T01025,2026-06-29,16.56,16,16.06,6093
equity,INE757T01025,2026-06-30,17.35,16.01,16.91,38178
equity,INE757T01025,2026-07-01,17.6,17,17.43,8149
equity,INE757T01025,2026-07-02,17.9,17.02,17.08,10493
equity,INE757T01025,2026-07-03,17.54,16.81,17.1,17395
equity,INE757T01025,2026-07-06,17.74,16.81,17.17,9714
equity,INE757T01025,2026-07-07,17.8,17.02,17.13,7659
equity,INE757T01025,2026-07-08,17.28,16.81,16.95,6225
equity,INE757T01025,2026-07-09,17.2,16,17.11,24362
equity,INE757T01025,2026-07-10,17.24,16.72,16.91,5463
equity,INE757T01025,2026-07-13,17.33,15.6,16.78,9677
equity,INE757T01025,2026-07-14,16.78,15.9,16.04,9965
equity,INE757T01025,2026-07-15,16.75,14.44,15.56,13604
equity,INE757T01025,2026-07-16,16.3,15.53,16.04,18833
equity,INE757T01025,2026-07-17,16.38,16.04,16.29,3335
equity,INE757T01025,2026-07-20,16.37,15.71,15.93,9123
equity,INE757T01025,2026-07-21,16.22,14.76,15.29,38042
equity,INE757T01025,2026-07-22,16.2,14.86,14.97,68158
equity,INE757T01025,2026-07-23,15.94,14.8,15.19,23042
equity,INE757T01025,2026-07-24,15.42,14.7,14.96,15091
equity,INE757T01025,2026-07-27,15.59,14.66,15.14,4688
equity,INE757T01025,2026-07-28,15.55,14.01,14.5,19796
equity,INE757T01025,2026-07-29,15.07,14.5,14.55,15862
equity,INE757T01025,2026-07-30,14.97,14.11,14.35,4441
equity,INE757T01025,2026-07-31,14.6,14.15,14.38,6026
equity,INE757T01025,2026-08-03,14.57,14.21,14.32,12960
equity,INE757T01025,2026-08-04,14.47,13.3,14.08,25725
equity,INE757T01025,2026-08-05,14.37,13.83,14.34,10059
equity,INE757T01025,2026-08-06,14.59,14.05,14.52,16796
equity,INE757T01025,2026-08-07,17.42,14.07,17.13,1203391
equity,INE757T01025,2026-08-10,17.28,15.75,16.01,162476
equity,INE757T01025,2026-08-11,16.2,15.2,15.87,67228
equity,INE757T01025,2026-08-12,16.89,15.3,15.5,74354
equity,INE757T01025,2026-08-13,15.97,15.35,15.67,21644
equity,INE757T01025,2026-08-14,15.67,15.23,15.3,26872
equity,INE757T01025,2026-08-17,15.61,14.8,14.93,16024
equity,INE757T01025,2026-08-18,15.41,14.63,14.9,20978
equity,INE757T01025,2026-08-19,15.55,14.11,14.89,11919
equity,INE757T01025,2026-08-20,15.49,14.75,14.99,11451
equity,INE757T01025,2026-08-21,15.25,14.25,14.64,21515
equity,INE757T01025,2026-08-24,14.93,14.17,14.48,26233
equity,INE757T01025,2026-08-25,14.83,14.22,14.41,10551
equity,INE757T01025,2026-08-26,16.1,14.3,15.1,65874
equity,INE757T01025,2026-08-27,15.55,14.66,15.39,12516
equity,INE757T01025,2026-08-28,15.65,14.67,15.38,15835
equity,INE757T01025,2026-08-31,15.74,14.66,15.05,23149
equity,INE757T01025,2026-09-01,15.56,14.9,15.09,965192
equity,INE757T01025,2026-09-02,15.87,15,15.08,478365
equity,INE757T01025,2026-09-03,18.09,15.1,17.09,268429
equity,INE757T01025,2026-09-04,18.2,16,17.5,170886
equity,INE757T01025,2026-09-07,18.25,17.26,18.02,99702
equity,INE757T01025,2026-09-08,18.5,17.08,18.11,46457
equity,INE757T01025,2026-09-09,18.5,16.12,16.99,123003
equity,INE757T01025,2026-09-10,18.25,17.1,17.56,36236
equity,INE757T01025,2026-09-11,18.48,17,17.21,27690
equity,INE757T01025,2026-09-15,17.59,16.02,16.27,53631
equity,INE757T01025,2026-09-16,16.7,15.4,15.87,60080
equity,INE757T01025,2026-09-17,16.49,15.15,15.78,34015
equity,INE757T01025,2026-09-18,16.5,15.7,15.92,15668
equity,INE757T01025,2026-09-21,17,16.21,16.45,46972
equity,INE550F01049,2026-08-21,21.44,21.05,21.12,54020
equity,INE550F01049,2026-08-24,21.65,19.24,20.43,226003
equity,INE550F01049,2026-08-25,20.95,19.8,20.52,166713
equity,INE550F01049,2026-08-26,21.75,20.1,20.36,1085836
equity,INE550F01049,2026-08-27,21,17.44,20.82,1744484
equity,INE550F01049,2026-08-28,22.49,19.41,19.94,480486
equity,INE550F01049,2026-08-31,20.5,19.56,19.73,319595
equity,INE550F01049,2026-09-01,19.97,19.2,19.39,133778
equity,INE550F01049,2026-09-02,19.47,18.81,18.95,171123
equity,INE550F01049,2026-09-03,19.7,19,19.28,1662009
equity,INE550F01049,2026-09-04,19.9,18.52,19.13,1290374
equity,INE550F01049,2026-09-07,19.99,19.33,19.85,252002
equity,INE550F01049,2026-09-08,20.13,19.66,19.97,346036
equity,INE550F01049,2026-09-09,20.59,19.67,19.88,641192
equity,INE550F01049,2026-09-10,20.24,19.41,19.7,89734
equity,INE550F01049,2026-09-11,19.99,18.8,19.22,324963
equity,INE550F01049,2026-09-14,19.22,19.22,19.22,
equity,INE550F01049,2026-09-15,19.51,18.5,18.74,297628
equity,INE550F01049,2026-09-16,19.29,18.01,18.51,194145
equity,INE550F01049,2026-09-17,19.08,18.32,18.55,146625
equity,INE550F01049,2026-09-18,19.9,17.75,19.3,2904804
equity,INE550F01049,2026-09-21,20.3,19,19.11,531038
equity,INE445D01013,2026-08-18,1549.9,1463.1,1525.9,6611
equity,INE445D01013,2026-08-19,1555,1524.2,1544.4,2317
equity,INE445D01013,2026-08-20,1556.7,1513.4,1529.5,3383
equity,INE445D01013,2026-08-21,1545,1502.1,1516.4,3286
equity,INE445D01013,2026-08-24,1560.1,1469.9,1480.4,8964
equity,INE445D01013,2026-08-25,1493,1464,1472.1,2874
equity,INE445D01013,2026-08-26,1519,1473.1,1497.2,3397
equity,INE445D01013,2026-08-27,1500.3,1470.2,1478.8,3554
equity,INE445D01013,2026-08-28,1493.9,1456.4,1487.4,1996
equity,INE445D01013,2026-08-31,1525,1457.1,1498.2,3192
equity,INE445D01013,2026-09-01,1510.8,1455.2,1474.5,2150
equity,INE445D01013,2026-09-02,1500,1437.1,1471.5,4261
equity,INE445D01013,2026-09-03,1485,1461.1,1470.5,1689
equity,INE445D01013,2026-09-04,1492,1450.3,1465.8,2840
equity,INE445D01013,2026-09-07,1487.9,1452.2,1459,3153
equity,INE445D01013,2026-09-08,1491,1460.5,1471.7,2585
equity,INE445D01013,2026-09-09,1490.8,1450.7,1479.7,1800
equity,INE445D01013,2026-09-10,1490,1450,1457,1998
equity,INE445D01013,2026-09-11,1473.1,1440,1452.1,1642
equity,INE445D01013,2026-09-14,1452.1,1452.1,1452.1,
equity,INE445D01013,2026-09-15,1488,1430,1431.9,1972
equity,INE445D01013,2026-09-16,1486.9,1431.1,1452.6,1356
equity,INE445D01013,2026-09-17,1479,1450,1456,735
equity,INE445D01013,2026-09-18,1493,1455,1462.2,1434
equity,INE445D01013,2026-09-21,1471.9,1450,1458.6,1251
equity,INE035S01028,2026-08-18,165.31,148.41,161.65,43701
equity,INE035S01028,2026-08-19,165,159,162.15,20374
equity,INE035S01028,2026-08-20,165,159.3,163.8,39953
equity,INE035S01028,2026-08-21,168.74,164.35,165.65,30434
equity,INE035S01028,2026-08-24,168.97,154.6,156.05,38784
equity,INE035S01028,2026-08-25,159.99,151,152.34,21850
equity,INE035S01028,2026-08-26,161,150,150.86,28381
equity,INE035S01028,2026-08-27,153.78,149.65,150.6,11911
equity,INE035S01028,2026-08-28,156.18,149,149.51,31498
equity,INE035S01028,2026-08-31,152.39,147.61,150.44,24640
equity,INE035S01028,2026-09-01,152.71,148,148.42,21825
equity,INE035S01028,2026-09-02,151.54,140.6,144.62,30475
equity,INE035S01028,2026-09-03,149.68,143.26,144.2,43386
equity,INE035S01028,2026-09-04,147.94,141,142.78,51934
equity,INE035S01028,2026-09-07,151.76,144,145.39,43276
equity,INE035S01028,2026-09-08,149.5,143.52,144.12,16681
equity,INE035S01028,2026-09-09,145.97,142.21,143.02,24202
equity,INE035S01028,2026-09-10,144.73,140,140.7,19534
equity,INE035S01028,2026-09-11,141.99,138.8,140.83,25399
equity,INE035S01028,2026-09-14,140.83,140.83,140.83,
equity,INE035S01028,2026-09-15,145.92,138.55,139.45,34559
equity,INE035S01028,2026-09-16,142.35,136.11,137.47,21498
equity,INE035S01028,2026-09-17,143.79,137,137.82,29811
equity,INE035S01028,2026-09-18,142.42,136.5,137.16,20393
equity,INE035S01028,2026-09-21,141,135.91,137.31,15324
equity,INE432F01032,2026-08-18,17.06,16.03,17.06,229126
equity,INE432F01032,2026-08-19,17.91,17.7,17.91,35195
equity,INE432F01032,2026-08-20,18.8,18.8,18.8,1568
equity,INE432F01032,2026-08-21,19.74,19.74,19.74,6026
equity,INE432F01032,2026-08-24,20.72,20.72,20.72,7720
equity,INE432F01032,2026-08-25,21.75,21.75,21.75,16226
equity,INE432F01032,2026-08-26,22.83,20.67,21.37,483561
equity,INE432F01032,2026-08-27,22.18,20.57,21.5,75019
equity,INE432F01032,2026-08-28,22.39,20.98,21.69,108719
equity,INE432F01032,2026-08-31,22.09,20.65,21,151139
equity,INE432F01032,2026-09-01,21.21,19.95,19.99,180580
equity,INE432F01032,2026-09-02,20.5,19.06,20.03,79184
equity,INE432F01032,2026-09-03,20.45,19.4,19.84,20898
equity,INE432F01032,2026-09-04,20.48,19.5,20.28,20412
equity,INE432F01032,2026-09-07,20.8,19.3,20.49,29032
equity,INE432F01032,2026-09-08,20.3,19.52,19.77,16460
equity,INE432F01032,2026-09-09,20.4,19.51,19.81,21547
equity,INE432F01032,2026-09-10,20.63,19.55,19.63,20521
equity,INE432F01032,2026-09-11,20.23,19.4,19.99,4484
equity,INE432F01032,2026-09-15,20.39,19,19.3,15398
equity,INE432F01032,2026-09-16,20,18.8,19.39,26923
equity,INE432F01032,2026-09-17,19.94,18.6,19.24,17117
equity,INE432F01032,2026-09-18,19.3,18.66,19.03,5798
equity,INE432F01032,2026-09-21,19.89,18.9,19.39,7274
equity,INE177C01022,2026-04-15,15.5856,15.5856,15.5856,
equity,INE177C01022,2026-04-16,15.5856,15.5856,15.5856,
equity,INE177C01022,2026-04-17,15.5856,15.5856,15.5856,
equity,INE177C01022,2026-04-20,88.3021,80.4596,81.2538,14641
equity,INE177C01022,2026-04-21,88.3021,79.4669,81.6509,15077
equity,INE177C01022,2026-04-22,85.3736,81.1545,82.5939,5667
equity,INE177C01022,2026-04-23,83.2392,79.2684,81.0552,31233
equity,INE177C01022,2026-04-24,84.1823,80.1618,80.6582,10525
equity,INE177C01022,2026-04-27,83.2392,79.5165,81.502,10016
equity,INE177C01022,2026-04-28,83.3881,78.4245,82.9414,12891
equity,INE177C01022,2026-04-29,85.3239,80.9063,82.445,30161
equity,INE177C01022,2026-04-30,83.3385,80.1122,82.048,8853
equity,INE177C01022,2026-05-01,82.048,82.048,82.048,
equity,INE177C01022,2026-05-04,83.2591,79.3974,81.1049,94543
equity,INE177C01022,2026-05-05,82.7528,79.2286,79.586,28156
equity,INE177C01022,2026-05-06,83.3782,79.6158,81.1644,14499
equity,INE177C01022,2026-05-07,84.3511,81.5615,83.4278,22710
equity,INE177C01022,2026-05-08,84.1823,82.3954,82.7826,16721
equity,INE177C01022,2026-05-11,84.3808,82.3954,83.8746,27557
equity,INE177C01022,2026-05-12,85.1353,78.5735,81.0552,35827
equity,INE177C01022,2026-05-13,82.3855,79.4173,81.2538,24032
equity,INE177C01022,2026-05-14,81.8693,79.0202,80.2908,42559
equity,INE177C01022,2026-05-15,82.5741,80.2908,81.0751,11006
equity,INE177C01022,2026-05-18,82.3954,76.4391,77.2531,25936
equity,INE177C01022,2026-05-19,80.9957,77.412,78.633,17954
equity,INE177C01022,2026-05-20,83.8845,79.6158,80.3703,6147
equity,INE177C01022,2026-05-21,80.946,78.6231,79.5463,34313
equity,INE177C01022,2026-05-22,80.1816,77.9282,78.3153,7171
equity,INE177C01022,2026-05-25,79.4173,77.9282,78.3848,21735
equity,INE177C01022,2026-05-26,79.2187,76.8561,77.273,26614
equity,INE177C01022,2026-05-27,80.0923,76.449,79.0996,12554
equity,INE177C01022,2026-05-28,79.0996,79.0996,79.0996,
equity,INE177C01022,2026-05-29,82.7925,77.0447,77.7296,29365
equity,INE177C01022,2026-06-01,79.2981,77.7296,78.1168,10823
equity,INE177C01022,2026-06-02,79.9533,75.0493,78.0473,26302
equity,INE177C01022,2026-06-03,79.2088,75.4464,76.6774,15684
equity,INE177C01022,2026-06-04,78.0076,74.9997,75.7641,11934
equity,INE177C01022,2026-06-05,76.2704,73.6099,73.9673,39355
equity,INE177C01022,2026-06-08,75.4662,70.6913,72.5874,27669
equity,INE177C01022,2026-06-09,74.3544,71.8528,72.498,41947
equity,INE177C01022,2026-06-10,77.7296,72.369,76.0718,31992
equity,INE177C01022,2026-06-11,75.5258,72.5675,73.9375,17284
equity,INE177C01022,2026-06-12,76.5384,72.5675,74.1956,14371
equity,INE177C01022,2026-06-15,79.4173,74.6919,78.6628,14388
equity,INE177C01022,2026-06-16,80.2611,77.5311,78.3848,8059
equity,INE177C01022,2026-06-17,84.3808,76.8362,82.8123,36000
equity,INE177C01022,2026-06-18,84.2121,81.1148,81.8395,14793
equity,INE177C01022,2026-06-19,82.4649,79.5165,79.9434,22782
equity,INE177C01022,2026-06-22,84.2816,79.5761,81.224,16136
equity,INE177C01022,2026-06-23,96.7402,80.2313,89.4735,300569
equity,INE177C01022,2026-06-24,94.1492,87.4583,88.719,439876
equity,INE177C01022,2026-06-25,91.2802,83.8845,84.2121,105363
equity,INE177C01022,2026-06-26,84.2121,84.2121,84.2121,
equity,INE177C01022,2026-06-29,84.3808,82.2068,84.0731,21535
equity,INE177C01022,2026-06-30,84.0731,81.8991,82.2366,10957
equity,INE177C01022,2026-07-01,84.3808,81.9685,82.4351,35751
equity,INE177C01022,2026-07-02,84.3808,82.4153,83.4477,27983
equity,INE177C01022,2026-07-03,83.7753,81.9189,82.0777,28447
equity,INE177C01022,2026-07-06,83.9242,81.7005,82.2862,32612
equity,INE177C01022,2026-07-07,83.5867,82.1472,82.4649,26419
equity,INE177C01022,2026-07-08,82.9116,80.7078,81.6807,22194
equity,INE177C01022,2026-07-09,83.1399,81.2736,81.9586,33011
equity,INE177C01022,2026-07-10,84.4801,81.8991,83.6859,32598
equity,INE177C01022,2026-07-13,83.9738,82.5443,83.1499,9760
equity,INE177C01022,2026-07-14,84.3808,82.3954,82.5741,15895
equity,INE177C01022,2026-07-15,83.8845,82.6039,83.1499,3837
equity,INE177C01022,2026-07-16,84.2816,81.5119,82.1472,16629
equity,INE177C01022,2026-07-17,84.3709,80.8071,81.1545,13609
equity,INE177C01022,2026-07-20,82.6436,80.6184,81.095,7525
equity,INE177C01022,2026-07-21,91.5185,81.0155,90.1584,449580
equity,INE177C01022,2026-07-22,90.1287,85.7905,87.6072,61763
equity,INE177C01022,2026-07-23,93.0075,86.3663,86.535,63776
equity,INE177C01022,2026-07-24,87.1604,82.3954,84.3113,26096
equity,INE177C01022,2026-07-27,87.2101,82.4351,83.8448,12928
equity,INE177C01022,2026-07-28,86.3663,82.445,82.7925,13552
equity,INE177C01022,2026-07-29,84.8871,81.6509,83.7157,21402
equity,INE177C01022,2026-07-30,83.9242,81.3531,81.77,21489
equity,INE177C01022,2026-07-31,84.91,81.35,81.88,10359
equity,INE177C01022,2026-08-03,83.91,82,82.55,8753
equity,INE177C01022,2026-08-04,84.98,82.51,84.02,25269
equity,INE177C01022,2026-08-05,95.2,83.5,94.3,268727
equity,INE177C01022,2026-08-06,106.5,98,102.67,1102786
equity,INE177C01022,2026-08-07,104.79,89.11,91.13,491758
equity,INE177C01022,2026-08-10,91.18,86.5,87.77,87919
equity,INE177C01022,2026-08-11,88.99,84.01,84.6,101301
equity,INE177C01022,2026-08-12,93.35,85.06,91.37,363179
equity,INE177C01022,2026-08-13,93.85,86.25,88.23,49433
equity,INE177C01022,2026-08-14,90.4,87.25,89.56,34795
equity,INE177C01022,2026-08-17,90.8,87,87.85,36868
equity,INE177C01022,2026-08-18,88.49,85.41,85.85,28615
equity,INE177C01022,2026-08-19,89,85,85.53,18057
equity,INE177C01022,2026-08-20,87.09,84.01,84.81,32818
equity,INE177C01022,2026-08-21,86.45,84.01,85.27,23803
equity,INE177C01022,2026-08-24,88,84.36,87.6,26076
equity,INE177C01022,2026-08-25,88.5,85.3,86.13,20769
equity,INE177C01022,2026-08-26,87.5,85.31,86.83,12671
equity,INE177C01022,2026-08-27,87.38,83.6,85.03,25630
equity,INE177C01022,2026-08-28,90,84.54,88.41,35076
equity,INE177C01022,2026-08-31,89.97,85.16,86.32,19052
equity,INE177C01022,2026-09-01,86.96,84.7,85.1,25746
equity,INE177C01022,2026-09-02,94.97,85.1,93.57,122105
equity,INE177C01022,2026-09-03,93.99,87,88.39,65800
equity,INE177C01022,2026-09-04,91.94,88.88,90.81,25336
equity,INE177C01022,2026-09-07,92.28,88,88.83,71900
equity,INE177C01022,2026-09-08,89.6,86.42,87.63,41932
equity,INE177C01022,2026-09-09,89.66,86.26,87.29,45812
equity,INE177C01022,2026-09-10,88.49,85.05,85.59,27083
equity,INE177C01022,2026-09-11,86,84.5,85.91,25049
equity,INE177C01022,2026-09-14,85.91,85.91,85.91,
equity,INE177C01022,2026-09-15,86,82.5,83.95,26108
equity,INE177C01022,2026-09-16,84.06,81,82.1,38877
equity,INE177C01022,2026-09-17,83.94,78.11,78.73,91874
equity,INE177C01022,2026-09-18,81.89,78.11,81.09,54989
equity,INE177C01022,2026-09-21,85.79,81.11,85.08,52074
equity,INE650G01029,2026-08-18,73.69,71.12,71.53,51081
equity,INE650G01029,2026-08-19,73.5,70.82,71.61,56872
equity,INE650G01029,2026-08-20,72.8,71.41,71.73,52070
equity,INE650G01029,2026-08-21,72.29,70.25,70.6,49867
equity,INE650G01029,2026-08-24,71.8,70.6,71.35,21314
equity,INE650G01029,2026-08-25,71.97,69.6,70.54,62146
equity,INE650G01029,2026-08-26,71.65,69.55,69.89,26646
equity,INE650G01029,2026-08-27,75.6,69.91,74.59,125327
equity,INE650G01029,2026-08-28,77.19,73,73.97,78947
equity,INE650G01029,2026-08-31,74,71.4,71.59,84935
equity,INE650G01029,2026-09-01,75.5,71.31,74.3,83317
equity,INE650G01029,2026-09-02,75.5,72.44,74.2,76929
equity,INE650G01029,2026-09-03,76,73.02,74.82,59859
equity,INE650G01029,2026-09-04,79.46,74.78,77.64,261863
equity,INE650G01029,2026-09-07,83.99,78,81.72,331191
equity,INE650G01029,2026-09-08,85.8,82.24,84.28,357684
equity,INE650G01029,2026-09-09,85,79.21,80.43,158787
equity,INE650G01029,2026-09-10,80,76.41,76.41,52602
equity,INE650G01029,2026-09-11,80,72.6,78.65,87291
equity,INE650G01029,2026-09-15,77.79,74.72,75.17,44760
equity,INE650G01029,2026-09-16,75.5,72.05,74.2,26941
equity,INE650G01029,2026-09-17,75.4,73,74.59,20146
equity,INE650G01029,2026-09-18,75,72.03,73.79,26549
equity,INE650G01029,2026-09-21,74.78,73.05,73.4,8239
