AssetClass,Key,Date,High,Low,Close,Volume
equity,INE510A01028,2023-09-21,140.61,134.4184,135.4582,2611530
equity,INE510A01028,2023-09-22,137.7741,133.5204,136.2617,2324191
equity,INE510A01028,2023-09-25,137.4906,135.1746,135.6473,1633915
equity,INE510A01028,2023-09-26,136.0254,133.7567,134.2766,1569135
equity,INE510A01028,2023-09-27,138.3886,133.5204,137.3488,2470216
equity,INE510A01028,2023-09-28,141.1772,136.2145,138.5304,2735977
equity,INE510A01028,2023-09-29,141.4135,138.6249,139.3811,1440870
equity,INE510A01028,2023-10-03,139.4756,135.6473,137.4906,1905414
equity,INE510A01028,2023-10-04,137.4433,133.4259,134.8438,1734951
equity,INE510A01028,2023-10-05,136.6398,134.4657,135.3164,1430645
equity,INE510A01028,2023-10-06,136.498,134.3711,135.0329,1099703
equity,INE510A01028,2023-10-09,133.2368,129.5502,130.59,2199665
equity,INE510A01028,2023-10-10,134.5602,130.6846,132.0079,2133112
equity,INE510A01028,2023-10-11,134.4184,132.3388,132.6224,1323233
equity,INE510A01028,2023-10-12,136.309,131.9607,133.6149,3684050
equity,INE510A01028,2023-10-13,136.2617,132.1025,132.4333,3378357
equity,INE510A01028,2023-10-16,133.1895,129.7866,131.3935,2741319
equity,INE510A01028,2023-10-17,134.4657,129.0303,130.6373,2815541
equity,INE510A01028,2023-10-18,132.6224,126.6672,127.5652,3242202
equity,INE510A01028,2023-10-19,133.5204,127.8015,131.9134,6655403
equity,INE510A01028,2023-10-20,134.7965,128.2268,128.6522,3495562
equity,INE510A01028,2023-10-23,130.3065,119.1049,120.1447,4453114
equity,INE510A01028,2023-10-25,123.0751,114.8039,117.0253,3512348
equity,INE510A01028,2023-10-26,116.9308,110.0775,112.4407,6455880
equity,INE510A01028,2023-10-27,121.3736,113.6223,119.6721,7662325
equity,INE510A01028,2023-10-30,122.4607,118.3487,119.8611,4143731
equity,INE510A01028,2023-10-31,122.4606,115.1348,116.9308,3875492
equity,INE510A01028,2023-11-01,118.1124,115.6074,116.789,2776886
equity,INE510A01028,2023-11-02,119.6248,118.0651,118.6796,2177460
equity,INE510A01028,2023-11-03,124.5875,119.4358,122.1771,4302888
equity,INE510A01028,2023-11-06,123.7368,120.4756,121.2318,2252996
equity,INE510A01028,2023-11-07,125.1547,120.3338,123.4532,4821464
equity,INE510A01028,2023-11-08,124.5876,121.4681,123.1224,2626956
equity,INE510A01028,2023-11-09,125.2492,121.1373,122.1771,2360448
equity,INE510A01028,2023-11-10,133.5204,123.3587,130.1647,32583425
equity,INE510A01028,2023-11-13,141.2244,134.702,138.3886,12342536
equity,INE510A01028,2023-11-15,140.0428,135.9309,139.1448,5348385
equity,INE510A01028,2023-11-16,141.0354,136.7343,137.3015,3082019
equity,INE510A01028,2023-11-17,137.9159,133.5204,134.1348,2879195
equity,INE510A01028,2023-11-20,136.8289,133.095,134.0403,2703321
equity,INE510A01028,2023-11-21,141.2244,134.0876,138.4358,11342653
equity,INE510A01028,2023-11-22,139.712,134.4657,136.8289,2940920
equity,INE510A01028,2023-11-23,139.5702,136.6871,138.8612,3356860
equity,INE510A01028,2023-11-24,139.4284,137.1125,137.396,1962193
equity,INE510A01028,2023-11-28,138.1522,135.2691,135.6945,1439875
equity,INE510A01028,2023-11-29,142.5478,136.3089,141.2717,6505935
equity,INE510A01028,2023-11-30,143.3986,138.6249,139.4757,5321013
equity,INE510A01028,2023-12-01,147.2742,142.7369,143.2568,13242776
equity,INE510A01028,2023-12-04,150.6772,144.4856,149.5428,13404854
equity,INE510A01028,2023-12-05,151.6697,145.1946,148.3612,6810610
equity,INE510A01028,2023-12-06,152.0478,146.9433,149.6846,7005057
equity,INE510A01028,2023-12-07,150.6772,145.809,147.1796,4555444
equity,INE510A01028,2023-12-08,149.4011,143.2095,144.8637,4161021
equity,INE510A01028,2023-12-11,151.7643,143.2095,151.1971,9173887
equity,INE510A01028,2023-12-12,155.4036,148.5503,149.2593,6839521
equity,INE510A01028,2023-12-13,152.615,147.9359,150.4881,5309954
equity,INE510A01028,2023-12-14,162.3513,149.0702,159.7518,35818353
equity,INE510A01028,2023-12-15,163.1548,157.8613,158.9956,11431767
equity,INE510A01028,2023-12-18,161.5479,155.309,159.4682,7573126
equity,INE510A01028,2023-12-19,160.1299,154.7419,156.6324,4994259
equity,INE510A01028,2023-12-20,158.3812,140.0901,143.6821,8465805
equity,INE510A01028,2023-12-21,148.1722,139.3338,147.5105,7318320
equity,INE510A01028,2023-12-22,153.7021,146.8488,152.1896,5961176
equity,INE510A01028,2023-12-26,154.5056,150.2991,152.8513,4837680
equity,INE510A01028,2023-12-27,159.3738,152.7568,153.5603,8254414
equity,INE510A01028,2023-12-28,165.6598,153.1822,163.0603,31919937
equity,INE510A01028,2023-12-29,167.6449,159.9409,162.0678,10392673
equity,INE510A01028,2024-01-01,174.6872,160.9334,171.8041,26971428
equity,INE510A01028,2024-01-02,193.2146,166.5578,186.4086,56855386
equity,INE510A01028,2024-01-03,198.0356,183.7146,192.6947,47223552
equity,INE510A01028,2024-01-04,194.2545,188.5355,190.0952,9040359
equity,INE510A01028,2024-01-05,193.6873,183.9509,188.5355,10796664
equity,INE510A01028,2024-01-08,193.2619,183.3838,188.252,9647330
equity,INE510A01028,2024-01-09,192.8365,184.9435,188.6773,7252644
equity,INE510A01028,2024-01-10,188.8664,184.3291,186.2669,4438422
equity,INE510A01028,2024-01-11,206.8266,186.5505,204.558,46980498
equity,INE510A01028,2024-01-12,209.4262,199.7843,202.1475,12917069
equity,INE510A01028,2024-01-15,219.777,198.4609,215.0506,31507040
equity,INE510A01028,2024-01-16,216.8938,203.5654,207.8192,10162230
equity,INE510A01028,2024-01-17,215.3341,201.344,205.8814,9817388
equity,INE510A01028,2024-01-18,213.16,193.7818,211.3167,15170346
equity,INE510A01028,2024-01-19,224.0307,210.0406,221.1476,17277209
equity,INE510A01028,2024-01-23,231.4039,206.0704,209.9933,14000409
equity,INE510A01028,2024-01-24,226.5829,206.6376,220.864,18637485
equity,INE510A01028,2024-01-25,223.1326,218.5953,219.8242,5011413
equity,INE510A01028,2024-01-29,228.9461,220.7695,221.9984,6743317
equity,INE510A01028,2024-01-30,225.9212,219.068,220.155,4810549
equity,INE510A01028,2024-01-31,224.9287,218.359,221.0531,6894726
equity,INE510A01028,2024-02-01,226.772,219.068,223.9362,7130932
equity,INE510A01028,2024-02-02,258.9114,226.2048,247.0482,57382859
equity,INE510A01028,2024-02-05,244.8268,228.0009,230.884,21578662
equity,INE510A01028,2024-02-06,234.1452,224.0307,227.0556,6745823
equity,INE510A01028,2024-02-07,239.7223,227.0083,228.4262,11889066
equity,INE510A01028,2024-02-08,231.5929,225.1178,227.3864,6265328
equity,INE510A01028,2024-02-09,228.5208,209.8515,214.0107,9544763
equity,INE510A01028,2024-02-12,217.7779,189.8821,192.1233,12678153
equity,INE510A01028,2024-02-13,200.4205,183.2538,196.8918,9993339
equity,INE510A01028,2024-02-14,206.3811,191.9326,205.2367,9656742
equity,INE510A01028,2024-02-15,211.8649,204.3784,205.9043,7673175
equity,INE510A01028,2024-02-16,210.339,205.6659,207.4779,4216758
equity,INE510A01028,2024-02-19,225.0737,207.5256,220.3052,15828143
equity,INE510A01028,2024-02-20,221.1158,213.9154,215.489,4199751
equity,INE510A01028,2024-02-21,220.5436,207.6686,209.6714,5996929
equity,INE510A01028,2024-02-22,211.8172,203.1386,208.1932,4876501
equity,INE510A01028,2024-02-23,216.4904,208.9084,210.2436,5152426
equity,INE510A01028,2024-02-26,211.1973,205.5705,206.2381,2683178
equity,INE510A01028,2024-02-27,208.7177,202.0895,203.6631,4577588
equity,INE510A01028,2024-02-28,204.9506,194.2214,196.0335,5575292
equity,INE510A01028,2024-02-29,202.5187,192.6478,199.8483,6244360
equity,INE510A01028,2024-03-01,207.4779,200.802,205.7135,4822213
equity,INE510A01028,2024-03-04,216.0135,203.1385,212.008,8984687
equity,INE510A01028,2024-03-05,226.8857,211.0543,222.3556,25870660
equity,INE510A01028,2024-03-06,222.5941,209.2899,213.9631,8517498
equity,INE510A01028,2024-03-07,217.7779,212.8663,215.2982,3329381
equity,INE510A01028,2024-03-11,216.395,205.0936,206.7626,3577163
equity,INE510A01028,2024-03-12,206.7149,194.9844,201.3742,6298992
equity,INE510A01028,2024-03-13,204.5691,176.1965,178.1039,12896265
equity,INE510A01028,2024-03-14,190.0251,175.1474,186.7826,8088061
equity,INE510A01028,2024-03-15,191.1219,174.5275,180.059,8500124
equity,INE510A01028,2024-03-18,186.6872,174.2414,176.721,9342129
equity,INE510A01028,2024-03-19,179.2483,170.4742,171.6664,4809092
equity,INE510A01028,2024-03-20,176.1964,165.4673,166.3733,7794548
equity,INE510A01028,2024-03-21,189.1191,170.7127,186.8302,40946124
equity,INE510A01028,2024-03-22,188.833,183.1585,187.4501,12116074
equity,INE510A01028,2024-03-26,200.039,186.2103,196.701,19535541
equity,INE510A01028,2024-03-27,203.6154,188.9284,190.502,15545724
equity,INE510A01028,2024-03-28,198.7515,191.4557,192.6001,10743440
equity,INE510A01028,2024-04-01,202.1848,194.2214,200.9927,7114124
equity,INE510A01028,2024-04-02,208.7654,198.7515,208.1455,13113732
equity,INE510A01028,2024-04-03,214.1061,205.6182,210.6728,11335110
equity,INE510A01028,2024-04-04,214.6784,207.9548,210.2913,6365622
equity,INE510A01028,2024-04-05,214.1061,207.2871,211.4357,4965154
equity,INE510A01028,2024-04-08,222.7848,211.9603,214.9644,12217315
equity,INE510A01028,2024-04-09,217.2057,209.8622,211.8649,4824199
equity,INE510A01028,2024-04-10,216.0612,210.1483,212.6756,3703107
equity,INE510A01028,2024-04-12,213.7723,207.1918,208.2409,3502384
equity,INE510A01028,2024-04-15,207.1441,197.0348,202.5186,5127429
equity,INE510A01028,2024-04-16,206.3811,198.37,200.5159,4345628
equity,INE510A01028,2024-04-18,208.0978,195.6997,197.8932,5019839
equity,INE510A01028,2024-04-19,198.1793,190.8358,195.2705,5478862
equity,INE510A01028,2024-04-22,200.7543,197.4163,199.7529,2682239
equity,INE510A01028,2024-04-23,202.0418,197.8455,198.1316,3077138
equity,INE510A01028,2024-04-24,206.6673,197.9409,204.1876,7555728
equity,INE510A01028,2024-04-25,213.0094,203.377,211.7696,11652859
equity,INE510A01028,2024-04-26,228.3163,212.008,225.8843,29302576
equity,INE510A01028,2024-04-29,231.9403,223.5478,227.4579,10934893
equity,INE510A01028,2024-04-30,238.6639,226.9334,233.2755,20267115
equity,INE510A01028,2024-05-02,240.8098,232.2265,233.4663,8076505
equity,INE510A01028,2024-05-03,234.9445,227.2672,230.939,6482333
equity,INE510A01028,2024-05-06,233.3232,217.7779,222.6894,5068553
equity,INE510A01028,2024-05-07,225.6936,211.5311,213.9154,6075614
equity,INE510A01028,2024-05-08,218.7316,211.5788,215.7751,4613878
equity,INE510A01028,2024-05-09,217.8732,202.1848,203.6631,5701005
equity,INE510A01028,2024-05-10,213.3432,197.6548,211.7219,7177957
equity,INE510A01028,2024-05-13,217.3964,205.3321,214.2969,5382136
equity,INE510A01028,2024-05-14,235.469,214.2969,234.0385,21063588
equity,INE510A01028,2024-05-15,237.4718,230.3668,236.1843,7292069
equity,INE510A01028,2024-05-16,246.4366,236.5658,242.3357,15006873
equity,INE510A01028,2024-05-17,252.0158,240.9528,250.776,12864267
equity,INE510A01028,2024-05-21,264.1755,250.1084,260.17,13523744
equity,INE510A01028,2024-05-22,262.6496,250.3945,256.6889,7290877
equity,INE510A01028,2024-05-23,274.6662,254.9723,269.1824,19631906
equity,INE510A01028,2024-05-24,276.4783,254.2093,256.6413,15150353
equity,INE510A01028,2024-05-27,260.3607,250.3468,257.5473,7418806
equity,INE510A01028,2024-05-28,258.9301,234.6107,252.6834,11834969
equity,INE510A01028,2024-05-29,250.0607,235.8505,243.8139,11706110
equity,INE510A01028,2024-05-30,246.4843,238.9501,240.1422,4738590
equity,INE510A01028,2024-05-31,243.4325,229.9852,236.8519,10620551
equity,INE510A01028,2024-06-03,259.55,244.3385,256.4505,15177765
equity,INE510A01028,2024-06-04,259.407,205.189,212.0557,18831647
equity,INE510A01028,2024-06-05,218.7316,181.3941,206.7626,27093204
equity,INE510A01028,2024-06-06,227.4103,209.0515,218.1594,16936578
equity,INE510A01028,2024-06-07,223.357,215.6797,221.6404,7542409
equity,INE510A01028,2024-06-10,225.9797,217.6348,219.5708,5255004
equity,INE510A01028,2024-06-11,241.9542,220.5436,235.3451,20554612
equity,INE510A01028,2024-06-12,246.3317,234.2388,244.1001,15558157
equity,INE510A01028,2024-06-13,247.9625,238.5209,242.0591,7139453
equity,INE510A01028,2024-06-14,255.3061,239.1027,253.3987,13054706
equity,INE510A01028,2024-06-18,262.0678,249.2119,258.377,12838669
equity,INE510A01028,2024-06-19,260.1604,247.9625,251.9585,7194433
equity,INE510A01028,2024-06-20,256.069,244.4339,245.75,8558551
equity,INE510A01028,2024-06-21,251.9014,243.2894,244.9584,5596945
equity,INE510A01028,2024-06-24,246.0551,234.3246,236.1271,7436876
equity,INE510A01028,2024-06-25,246.2936,237.9773,241.0768,5365816
equity,INE510A01028,2024-06-26,241.5823,235.6693,236.3274,4192181
equity,INE510A01028,2024-06-27,241.382,233.7524,240.2566,5995722
equity,INE510A01028,2024-06-28,243.4611,237.8056,239.2266,3358645
equity,INE510A01028,2024-07-01,245.0061,236.8996,244.3862,4242776
equity,INE510A01028,2024-07-02,251.2051,242.2403,245.8167,7140749
equity,INE510A01028,2024-07-03,252.731,245.006,250.8713,7784039
equity,INE510A01028,2024-07-04,257.4995,247.9625,256.4982,10340640
equity,INE510A01028,2024-07-05,263.4602,255.1153,256.069,12769536
equity,INE510A01028,2024-07-08,268.944,253.8278,260.2653,16172252
equity,INE510A01028,2024-07-09,263.5556,250.8237,251.9204,6186123
equity,INE510A01028,2024-07-10,254.4477,240.3329,250.1084,6521442
equity,INE510A01028,2024-07-11,281.3421,249.0593,276.812,58810285
equity,INE510A01028,2024-07-12,289.8301,273.1403,274.6186,30165179
equity,INE510A01028,2024-07-15,277.2412,265.3199,269.3255,7850298
equity,INE510A01028,2024-07-16,277.5273,266.0829,268.4195,10636313
equity,INE510A01028,2024-07-18,270.2792,254.6861,255.7829,9658187
equity,INE510A01028,2024-07-19,260.3606,248.2963,249.7269,11051723
equity,INE510A01028,2024-07-22,260.7421,244.4338,256.2598,8180468
equity,INE510A01028,2024-07-23,258.0718,229.9376,248.344,12230176
equity,INE510A01028,2024-07-24,253.6371,242.3357,244.1001,8189416
equity,INE510A01028,2024-07-25,249.2977,240.4283,242.7172,5541001
equity,INE510A01028,2024-07-26,247.4857,242.288,243.051,3790712
equity,INE510A01028,2024-07-29,252.731,243.8616,251.2528,6335913
equity,INE510A01028,2024-07-30,255.9736,250.2991,252.9695,4212223
equity,INE510A01028,2024-07-31,253.9232,248.2964,249.9176,3317908
equity,INE510A01028,2024-08-01,254.4,244.72,246.9612,2528919
equity,INE510A01028,2024-08-02,245.0061,240.0945,241.8589,2584519
equity,INE510A01028,2024-08-05,236.5181,223.6432,227.2672,5801461
equity,INE510A01028,2024-08-06,237.4241,217.3487,218.8746,5449560
equity,INE510A01028,2024-08-07,226.0274,217.9686,222.2603,7806294
equity,INE510A01028,2024-08-08,224.6445,216.3473,217.5871,4118270
equity,INE510A01028,2024-08-09,221.0682,209.9575,212.5802,5657496
equity,INE510A01028,2024-08-12,218.1117,202.7571,216.5858,8796989
equity,INE510A01028,2024-08-13,219.6376,207.9071,209.2899,3901654
equity,INE510A01028,2024-08-14,211.7219,202.8524,203.6631,4202296
equity,INE510A01028,2024-08-16,209.9098,203.0432,205.2367,4731390
equity,INE510A01028,2024-08-19,215.9182,207.0487,210.4821,5990048
equity,INE510A01028,2024-08-20,213.1524,207.9071,209.0515,2913466
equity,INE510A01028,2024-08-21,213.1712,208.3808,209.7221,3651199
equity,INE510A01028,2024-08-22,211.7341,205.8898,206.6563,4876004
equity,INE510A01028,2024-08-23,210.6323,205.0755,206.4168,3751547
equity,INE510A01028,2024-08-26,209.2431,203.6384,205.1234,2954238
equity,INE510A01028,2024-08-27,207.3749,203.7821,206.0336,2663524
equity,INE510A01028,2024-08-28,219.3987,206.5126,216.0933,17436924
equity,INE510A01028,2024-08-29,217.9616,212.4527,214.7041,4621319
equity,INE510A01028,2024-08-30,216.237,207.9497,208.3808,3264414
equity,INE510A01028,2024-09-02,215.1832,207.1353,214.3017,5309468
equity,INE510A01028,2024-09-03,216.1316,211.782,212.8742,2486695
equity,INE510A01028,2024-09-04,211.0155,208.0934,209.3868,2853357
equity,INE510A01028,2024-09-05,210.9676,207.7102,207.9306,1807653
equity,INE510A01028,2024-09-06,209.8084,204.0695,208.5437,2748019
equity,INE510A01028,2024-09-09,208.8599,195.5906,196.472,6542177
equity,INE510A01028,2024-09-10,206.8479,196.2133,203.5713,6497973
equity,INE510A01028,2024-09-11,205.3629,200.4768,201.4923,3880221
equity,INE510A01028,2024-09-12,218.4406,204.1653,217.3963,26539643
equity,INE510A01028,2024-09-13,219.1113,212.7114,213.6982,5490923
equity,INE510A01028,2024-09-16,214.6083,206.0815,206.5509,3398926
equity,INE510A01028,2024-09-17,209.473,203.7725,204.903,3016933
equity,INE510A01028,2024-09-18,205.8898,199.4708,200.4384,3966381
equity,INE510A01028,2024-09-19,203.8779,193.8373,195.3511,4834825
equity,INE510A01028,2024-09-20,203.83,195.4565,202.8815,5198110
equity,INE510A01028,2024-09-23,211.897,201.1953,210.182,7901312
equity,INE510A01028,2024-09-24,212.9796,207.9976,210.0383,3890263
equity,INE510A01028,2024-09-25,213.152,204.539,208.6683,3624921
equity,INE510A01028,2024-09-26,208.6587,201.3007,202.7857,2866418
equity,INE510A01028,2024-09-27,206.206,201.1187,203.0156,3850995
equity,INE510A01028,2024-09-30,204.3569,199.854,202.8336,2349717
equity,INE510A01028,2024-10-01,204.2611,199.0875,200.6492,2807881
equity,INE510A01028,2024-10-03,199.9977,190.6086,192.7164,4547516
equity,INE510A01028,2024-10-04,198.7426,189.6984,193.7511,4414091
equity,INE510A01028,2024-10-07,197.7367,179.9357,180.9225,6963514
equity,INE510A01028,2024-10-08,194.393,179.6099,193.7798,5837677
equity,INE510A01028,2024-10-09,197.7462,192.3331,193.1571,2294359
equity,INE510A01028,2024-10-10,197.3917,189.8134,191.787,2959250
equity,INE510A01028,2024-10-11,195.8301,190.7523,192.2948,1884684
equity,INE510A01028,2024-10-14,193.9715,186.5368,187.4182,3139327
equity,INE510A01028,2024-10-15,190.2828,185.3871,186.2877,3932910
equity,INE510A01028,2024-10-16,190.5607,183.241,185.7128,4342636
equity,INE510A01028,2024-10-17,187.5428,179.1596,179.9548,4038494
equity,INE510A01028,2024-10-18,182.2254,175.6722,179.6291,5744047
equity,INE510A01028,2024-10-21,181.7464,176.9273,177.7321,3231623
equity,INE510A01028,2024-10-22,177.1189,167.7586,168.8603,3865019
equity,INE510A01028,2024-10-23,177.7129,165.028,171.9836,5483993
equity,INE510A01028,2024-10-24,178.5752,170.4028,172.8459,3932422
equity,INE510A01028,2024-10-25,173.7848,164.3861,166.3214,3452783
equity,INE510A01028,2024-10-28,174.3022,165.2867,172.5968,3155148
equity,INE510A01028,2024-10-29,175.1357,169.3011,173.2962,2738957
equity,INE510A01028,2024-10-30,180.1177,169.0999,178.9967,5732558
equity,INE510A01028,2024-10-31,187.5428,179.0638,186.5751,4812058
equity,INE510A01028,2024-11-01,189.6984,187.0637,187.9547,668742
equity,INE510A01028,2024-11-04,187.9451,182.5129,185.0805,2221852
equity,INE510A01028,2024-11-05,187.2937,182.5129,183.8446,3583486
equity,INE510A01028,2024-11-06,190.1487,184.0458,189.2481,2792942
equity,INE510A01028,2024-11-07,190.8864,185.0039,185.7799,1761881
equity,INE510A01028,2024-11-08,185.5691,179.3608,179.9644,1672700
equity,INE510A01028,2024-11-11,186.2685,176.1513,181.3919,3217074
equity,INE510A01028,2024-11-12,185.8661,178.1153,179.3896,2168672
equity,INE510A01028,2024-11-13,179.38,171.2556,171.7729,2151699
equity,INE510A01028,2024-11-14,176.6591,171.6867,172.798,1631446
equity,INE510A01028,2024-11-18,175.701,169.5789,171.8399,2062522
equity,INE510A01028,2024-11-19,177.8758,172.4244,173.6986,1816050
equity,INE510A01028,2024-11-21,173.6986,168.6208,170.6136,1489133
equity,INE510A01028,2024-11-22,174.3693,169.4831,173.2962,1791427
equity,INE510A01028,2024-11-25,181.1812,174.8483,175.3848,2766181
equity,INE510A01028,2024-11-26,178.1057,174.8483,176.295,1703941
equity,INE510A01028,2024-11-27,195.2552,175.8064,193.387,17324734
equity,INE510A01028,2024-11-28,195.8301,189.7463,190.599,6032944
equity,INE510A01028,2024-11-29,195.2169,188.7403,192.9175,5595342
equity,INE510A01028,2024-12-02,194.7762,189.229,189.9954,4473999
equity,INE510A01028,2024-12-03,199.6624,190.1775,195.3798,10884197
equity,INE510A01028,2024-12-04,197.6504,193.9139,195.7247,3643789
equity,INE510A01028,2024-12-05,197.1235,193.7223,194.6996,2728108
equity,INE510A01028,2024-12-06,198.7235,194.1535,195.9546,4204176
equity,INE510A01028,2024-12-09,200.6204,195.4852,199.1833,4173614
equity,INE510A01028,2024-12-10,202.824,195.8397,199.1163,4676066
equity,INE510A01028,2024-12-11,200.9079,196.9798,197.957,2390352
equity,INE510A01028,2024-12-12,198.6564,193.0517,194.6133,1519521
equity,INE510A01028,2024-12-13,194.4888,189.6984,193.3774,2346018
equity,INE510A01028,2024-12-16,196.3858,192.5343,193.0229,1461187
equity,INE510A01028,2024-12-17,195.2552,190.1775,190.9918,1582180
equity,INE510A01028,2024-12-18,191.0397,183.5189,184.8506,2460449
equity,INE510A01028,2024-12-19,185.8182,179.4471,184.5823,1591775
equity,INE510A01028,2024-12-20,185.3296,174.992,175.9788,2524738
equity,INE510A01028,2024-12-23,180.4243,175.3273,176.0172,1902194
equity,INE510A01028,2024-12-24,179.8782,174.81,178.3165,1346339
equity,INE510A01028,2024-12-26,180.1081,177.5405,178.3069,1108476
equity,INE510A01028,2024-12-27,182.5129,178.2399,180.5584,1756966
equity,INE510A01028,2024-12-30,181.0758,168.6879,170.0675,3604939
equity,INE510A01028,2024-12-31,174.8004,170.24,174.3788,2024244
equity,INE510A01028,2025-01-01,177.6459,174.3118,176.5632,1125128
equity,INE510A01028,2025-01-02,178.7764,173.6986,175.0591,2102116
equity,INE510A01028,2025-01-03,181.7368,175.2219,179.7824,4420664
equity,INE510A01028,2025-01-06,180.5488,171.016,173.8231,2606172
equity,INE510A01028,2025-01-07,176.1896,172.6543,174.0723,1292855
equity,INE510A01028,2025-01-08,176.2375,172.4627,174.2351,1457711
equity,INE510A01028,2025-01-09,174.0818,168.5442,169.3681,1468690
equity,INE510A01028,2025-01-10,170.5178,164.1179,165.8232,2395516
equity,INE510A01028,2025-01-13,166.4077,154.3934,155.3802,2746461
equity,INE510A01028,2025-01-14,164.07,156.6449,161.0904,2314444
equity,INE510A01028,2025-01-15,171.1597,160.6688,169.4064,4118175
equity,INE510A01028,2025-01-16,173.1717,167.9023,168.9849,1830108
equity,INE510A01028,2025-01-17,174.9441,167.3274,171.7537,3119676
equity,INE510A01028,2025-01-20,174.2734,169.7705,173.5453,1478275
equity,INE510A01028,2025-01-21,175.4902,168.6208,169.0903,1349902
equity,INE510A01028,2025-01-22,169.6364,161.9143,165.9669,1589526
equity,INE510A01028,2025-01-23,168.0364,164.1658,165.0855,968867
equity,INE510A01028,2025-01-24,166.5801,158.609,160.2089,1618453
equity,INE510A01028,2025-01-27,159.5479,151.8546,153.9048,1963386
equity,INE510A01028,2025-01-28,156.5395,146.7767,151.1935,2426812
equity,INE510A01028,2025-01-29,158.9251,151.6725,156.2425,2208840
equity,INE510A01028,2025-01-30,162.8724,156.6545,159.8545,2189369
equity,INE510A01028,2025-01-31,168.7358,159.8161,163.8784,3917487
equity,INE510A01028,2025-02-01,172.4435,159.0305,161.4065,3745547
equity,INE510A01028,2025-02-03,160.3718,153.4833,156.0318,3437509
equity,INE510A01028,2025-02-04,160.5059,156.1659,159.9215,1909625
equity,INE510A01028,2025-02-05,164.549,160.4772,161.7898,1428268
equity,INE510A01028,2025-02-06,162.6329,159.5958,160.8508,994530
equity,INE510A01028,2025-02-07,160.6401,156.6449,157.488,1224623
equity,INE510A01028,2025-02-10,165.1718,153.512,162.4029,8389465
equity,INE510A01028,2025-02-11,160.9563,152.5731,154.2497,2507963
equity,INE510A01028,2025-02-12,163.8305,142.3984,161.7898,7792735
equity,INE510A01028,2025-02-13,164.6927,156.3096,158.0916,4278324
equity,INE510A01028,2025-02-14,160.0021,152.2629,155.6379,2357236
equity,INE510A01028,2025-02-17,157.0151,150.3233,151.6519,3121203
equity,INE510A01028,2025-02-18,153.6207,148.3352,152.8933,2191435
equity,INE510A01028,2025-02-19,163.8039,150.527,163.2123,4987591
equity,INE510A01028,2025-02-20,171.1649,160.3028,169.7489,4259219
equity,INE510A01028,2025-02-21,174.472,163.222,164.25,2902609
equity,INE510A01028,2025-02-24,162.7177,159.0226,159.8179,1538490
equity,INE510A01028,2025-02-25,165.7242,158.722,160.7586,3269344
equity,INE510A01028,2025-02-27,161.2338,155.2791,156.8114,1675211
equity,INE510A01028,2025-02-28,155.2985,144.5043,145.6487,3732664
equity,INE510A01028,2025-03-03,148.6067,137.9095,142.4192,4277427
equity,INE510A01028,2025-03-04,145.3772,139.3254,143.486,3571830
equity,INE510A01028,2025-03-05,154.8815,143.5345,153.805,6528352
equity,INE510A01028,2025-03-06,157.1121,152.8642,153.8341,2589912
equity,INE510A01028,2025-03-07,161.6994,152.806,156.5011,3986891
equity,INE510A01028,2025-03-10,157.9655,151.0992,151.875,3316918
equity,INE510A01028,2025-03-11,157.791,146.5894,156.1519,4834146
equity,INE510A01028,2025-03-12,156.9181,150.8664,151.3804,2032144
equity,INE510A01028,2025-03-13,158.5183,151.4386,156.6078,10931576
equity,INE510A01028,2025-03-17,157.6649,153.5043,154.222,2255899
equity,INE510A01028,2025-03-18,154.222,154.222,154.222,
equity,INE510A01028,2025-03-19,160.9817,156.1325,159.5366,4056647
equity,INE510A01028,2025-03-20,163.6875,156.6272,156.9472,3679294
equity,INE510A01028,2025-03-21,162.4461,156.6853,158.8674,5626345
equity,INE510A01028,2025-03-24,166.3157,158.3923,161.3696,7288080
equity,INE510A01028,2025-03-25,168.75,157.403,158.3535,8340380
equity,INE510A01028,2025-03-26,159.4203,150.5657,151.6326,6460386
equity,INE510A01028,2025-03-27,155.027,150.5948,153.0679,5378602
equity,INE510A01028,2025-03-28,160.5065,153.7177,155.7349,7167901
equity,INE510A01028,2025-04-01,158.3534,154.9785,157.4709,2824771
equity,INE510A01028,2025-04-02,158.2274,155.2015,157.5291,1673363
equity,INE510A01028,2025-04-03,162.7371,155.3761,161.6509,3107151
equity,INE510A01028,2025-04-04,161.5733,154.7457,157.791,3966446
equity,INE510A01028,2025-04-07,153.4752,144.32,152.2726,4095894
equity,INE510A01028,2025-04-08,160.264,153.2425,159.1002,2590119
equity,INE510A01028,2025-04-09,158.5668,153.7274,154.0862,2580094
equity,INE510A01028,2025-04-11,157.6843,154.7457,155.1045,1779300
equity,INE510A01028,2025-04-15,164.6767,156.7241,164.1918,3880558
equity,INE510A01028,2025-04-16,179.1272,163.7069,178.1767,18488019
equity,INE510A01028,2025-04-17,180.8632,173.9289,175.7522,5895023
equity,INE510A01028,2025-04-21,177.8082,172.4839,173.7834,3406966
equity,INE510A01028,2025-04-22,179.9612,173.5895,178.5744,6521571
equity,INE510A01028,2025-04-23,181.8136,175.5873,179.6606,5956225
equity,INE510A01028,2025-04-24,180.8632,176.9159,177.3718,3121804
equity,INE510A01028,2025-04-25,178.0991,169.3707,173.958,3563538
equity,INE510A01028,2025-04-28,174.3459,170.6703,172.5323,1882519
equity,INE510A01028,2025-04-29,180.8729,171.7565,179.2144,4307466
equity,INE510A01028,2025-04-30,179.9903,171.6595,173.2597,2686915
equity,INE510A01028,2025-05-02,175.9267,170.2145,172.0474,1564013
equity,INE510A01028,2025-05-05,176.7899,171.097,175.3642,1624777
equity,INE510A01028,2025-05-06,175.5097,167.4892,168.3039,2252388
equity,INE510A01028,2025-05-07,171.2134,165.5496,170.3405,2119628
equity,INE510A01028,2025-05-08,175.2479,163.9979,166.8783,2146100
equity,INE510A01028,2025-05-09,171.9504,161.4763,170.0884,2421747
equity,INE510A01028,2025-05-12,179.6606,174.0841,178.5356,3869249
equity,INE510A01028,2025-05-13,181.1153,176.4214,178.4095,2284966
equity,INE510A01028,2025-05-14,182.7155,177.9634,180.7371,2773318
equity,INE510A01028,2025-05-15,186.0129,179.7867,183.4332,4089164
equity,INE510A01028,2025-05-16,190.3772,183.5011,187.6907,4910923
equity,INE510A01028,2025-05-19,190.8621,185.722,186.3427,2408617
equity,INE510A01028,2025-05-20,190.4741,183.5011,188.9612,4561918
equity,INE510A01028,2025-05-21,197.8448,184.9461,197.6218,11527180
equity,INE510A01028,2025-05-22,198.6789,191.6379,194.6541,3047200
equity,INE510A01028,2025-05-23,195.2263,191.444,193.4418,1723073
equity,INE510A01028,2025-05-26,196.8265,192.7435,194.0431,1749889
equity,INE510A01028,2025-05-27,198.8147,193.1412,197.8933,2927164
equity,INE510A01028,2025-05-28,206.0399,197.486,205.0022,8197384
equity,INE510A01028,2025-05-29,215.3987,198.4849,210.8017,13014057
equity,INE510A01028,2025-05-30,231.7888,216.7565,222.556,44023320
equity,INE510A01028,2025-06-02,228.5593,219.7144,223.5647,8489981
equity,INE510A01028,2025-06-03,227.4246,220.4515,222.7306,6623871
equity,INE510A01028,2025-06-04,226.93,218.4052,225.1067,9654542
equity,INE510A01028,2025-06-05,232.2737,223.4483,224.3114,9499434
equity,INE510A01028,2025-06-06,226.1929,222.0905,222.7791,3506650
equity,INE510A01028,2025-06-09,229.2478,223.6713,225.0097,3639488
equity,INE510A01028,2025-06-10,238.5679,225.0097,235.0571,20960356
equity,INE510A01028,2025-06-11,237.4138,221.2177,222.8858,9635162
equity,INE510A01028,2025-06-12,223.9332,214.6422,215.6994,5323224
equity,INE510A01028,2025-06-13,219.8793,208.5129,217.1444,5046940
equity,INE510A01028,2025-06-16,217.93,211.9073,217.2899,3555911
equity,INE510A01028,2025-06-17,221.2371,213.75,215.0593,3480602
equity,INE510A01028,2025-06-18,217.9688,212.2856,216.4752,3975274
equity,INE510A01028,2025-06-19,216.8535,206.5733,208.4063,2953480
equity,INE510A01028,2025-06-20,215.1466,207.4559,214.4968,3417647
equity,INE510A01028,2025-06-23,222.7694,211.9752,221.8868,9106132
equity,INE510A01028,2025-06-24,229.8006,223.0603,227.25,8587220
equity,INE510A01028,2025-06-25,229.4612,223.1088,228.5496,3776982
equity,INE510A01028,2025-06-26,230.7414,224.6606,226.1056,2563673
equity,INE510A01028,2025-06-27,232.5647,224.0593,230.8481,7628000
equity,INE510A01028,2025-06-30,236.444,229.1703,233.5442,6333600
equity,INE510A01028,2025-07-01,234.6013,229.5097,231.3233,2216448
equity,INE510A01028,2025-07-02,231.8761,226.7942,227.3858,2342901
equity,INE510A01028,2025-07-03,228.8308,224.8545,227.6961,2574523
equity,INE510A01028,2025-07-04,238.2867,226.7457,235.6681,12171759
equity,INE510A01028,2025-07-07,236.6186,228.4914,229.403,3979136
equity,INE510A01028,2025-07-08,235.1832,228.375,234.3298,4073192
equity,INE510A01028,2025-07-09,242.8448,233.5636,238.5873,11925363
equity,INE510A01028,2025-07-10,243.2328,237.9569,242.5927,6305648
equity,INE510A01028,2025-07-11,247.7425,240.8179,242.9612,7286224
equity,INE510A01028,2025-07-14,243.9602,238.7716,241.5647,3120289
equity,INE510A01028,2025-07-15,243.2522,237.2199,239.5183,2335530
equity,INE510A01028,2025-07-16,244.2026,238.3351,239.1401,1939321
equity,INE510A01028,2025-07-17,239.8675,231.5657,232.7683,2565470
equity,INE510A01028,2025-07-18,233.9127,226.2899,228.1325,2032788
equity,INE510A01028,2025-07-21,231.7403,226.1541,227.9483,2084897
equity,INE510A01028,2025-07-22,235.93,228.889,234.9214,3546667
equity,INE510A01028,2025-07-23,235.6681,231.3039,233.3405,1113272
equity,INE510A01028,2025-07-24,234.6013,226.2608,227.6283,1843233
equity,INE510A01028,2025-07-25,228.8793,220.2576,222.4591,2412302
equity,INE510A01028,2025-07-28,221.7899,208.7845,209.9483,3511923
equity,INE510A01028,2025-07-29,212.528,207.3588,210.0065,2605197
equity,INE510A01028,2025-07-30,212.6541,207.9408,209.2209,1728627
equity,INE510A01028,2025-07-31,209.7737,205.6034,207.3394,1889145
equity,INE510A01028,2025-08-01,207.1067,200.0657,200.6961,2133327
equity,INE510A01028,2025-08-04,205.5065,199.3675,204.7985,1805332
equity,INE510A01028,2025-08-05,207.3491,202.8976,203.8093,1086132
equity,INE510A01028,2025-08-06,205.6035,197.9612,198.7856,1348119
equity,INE510A01028,2025-08-07,198.708,192.2004,197.1078,2029392
equity,INE510A01028,2025-08-08,198.3491,192.5108,193.2672,1016810
equity,INE510A01028,2025-08-11,198.1358,189.514,196.9041,2237404
equity,INE510A01028,2025-08-12,198.5722,194.1595,195.9828,1264566
equity,INE510A01028,2025-08-13,198.3298,193.5873,195.1681,1573524
equity,INE510A01028,2025-08-14,194.3438,183.4914,184.5679,3893290
equity,INE510A01028,2025-08-18,188.1466,184.277,185.5377,1683664
equity,INE510A01028,2025-08-19,191.5022,185.722,190.0668,3093602
equity,INE510A01028,2025-08-20,190.8621,187.8168,188.4569,1840813
equity,INE510A01028,2025-08-21,192.5108,188.4666,189.3394,2227545
equity,INE510A01028,2025-08-22,189.6983,185.2371,185.7317,1260974
equity,INE510A01028,2025-08-25,188.7769,185.1401,187.8362,1775676
equity,INE510A01028,2025-08-26,190.8524,185.4892,189.7759,3242091
equity,INE510A01028,2025-08-28,195.3233,186.9246,194.2274,4264872
equity,INE510A01028,2025-08-29,196.216,193.4241,194.2959,2420666
equity,INE510A01028,2025-09-01,198.4691,192.082,196.9801,2817978
equity,INE510A01028,2025-09-02,205.0325,195.5107,199.2822,3390477
equity,INE510A01028,2025-09-03,202.0838,197.0976,197.8127,1929159
equity,INE510A01028,2025-09-04,200.0854,194.2666,195.5401,1609931
equity,INE510A01028,2025-09-05,198.283,193.7082,197.0976,1289520
equity,INE510A01028,2025-09-08,198.7532,195.9221,196.745,926628
equity,INE510A01028,2025-09-09,208.5591,197.705,201.5059,14297066
equity,INE510A01028,2025-09-10,212.5265,201.9467,204.7092,8228418
equity,INE510A01028,2025-09-11,205.5713,203.2692,204.6602,1990552
equity,INE510A01028,2025-09-12,206.0807,202.8088,204.5427,1725394
equity,INE510A01028,2025-09-15,213.5551,205.8358,206.5803,6840679
equity,INE510A01028,2025-09-16,209.0489,204.2978,204.6015,2265727
equity,INE510A01028,2025-09-17,210.1167,205.0325,205.777,2867910
equity,INE510A01028,2025-09-18,206.6978,202.5639,203.2202,1588960
equity,INE510A01028,2025-09-19,204.8855,201.4079,202.3875,1613527
equity,INE510A01028,2025-09-22,206.9525,202.1916,203.4749,1893719
equity,INE510A01028,2025-09-23,204.239,198.9099,199.5466,1959186
equity,INE510A01028,2025-09-24,202.5247,197.5874,198.5181,1713821
equity,INE510A01028,2025-09-25,199.4487,194.4037,194.7955,1917041
equity,INE510A01028,2025-09-26,195.1286,190.064,191.8665,1449456
equity,INE510A01028,2025-09-29,196.167,187.9383,188.6828,1821048
equity,INE510A01028,2025-09-30,192.7384,187.233,189.1334,2261111
equity,INE510A01028,2025-10-01,198.3711,189.1824,197.5483,2494793
equity,INE510A01028,2025-10-03,198.6552,194.9523,197.1564,1429783
equity,INE510A01028,2025-10-06,197.8715,193.62,194.2666,955107
equity,INE510A01028,2025-10-07,198.0772,193.9629,197.5091,1628215
equity,INE510A01028,2025-10-08,199.8307,194.5898,195.5498,1146607
equity,INE510A01028,2025-10-09,200.4283,192.4935,198.3026,2385290
equity,INE510A01028,2025-10-10,201.5059,196.0201,198.7532,2159142
equity,INE510A01028,2025-10-13,198.6552,194.6192,195.4911,951302
equity,INE510A01028,2025-10-14,196.9017,191.4943,192.1408,1180954
equity,INE510A01028,2025-10-15,196.6666,192.2975,195.7262,983523
equity,INE510A01028,2025-10-16,196.696,193.9629,195.6968,757292
equity,INE510A01028,2025-10-17,195.5792,193.3262,194.678,816129
equity,INE510A01028,2025-10-20,195.6772,193.3359,194.1196,599872
equity,INE510A01028,2025-10-21,195.9711,194.2274,195.2168,215511
equity,INE510A01028,2025-10-23,198.6258,194.0804,194.9033,1095001
equity,INE510A01028,2025-10-24,197.5581,193.9629,196.4413,1310747
equity,INE510A01028,2025-10-27,198.234,195.4323,196.794,1216284
equity,INE510A01028,2025-10-28,198.2438,193.3261,193.7376,1232256
equity,INE510A01028,2025-10-29,198.567,193.7963,197.176,1710904
equity,INE510A01028,2025-10-30,202.9753,196.2062,200.8398,4066035
equity,INE510A01028,2025-10-31,204.4447,196.6078,198.0576,2353104
equity,INE510A01028,2025-11-03,201.0063,196.0886,197.1074,1576799
equity,INE510A01028,2025-11-04,198.1752,192.9833,193.4731,1504039
equity,INE510A01028,2025-11-06,194.5507,190.1424,190.4363,1004640
equity,INE510A01028,2025-11-07,193.4731,187.5954,192.4347,1113161
equity,INE510A01028,2025-11-10,194.3449,188.8689,189.8485,1014515
equity,INE510A01028,2025-11-11,191.8567,189.0354,190.2306,1045577
equity,INE510A01028,2025-11-12,193.3457,189.6232,189.9269,1023435
equity,INE510A01028,2025-11-13,190.7792,186.2534,186.5962,1657182
equity,INE510A01028,2025-11-14,199.2528,186.2338,196.167,8650340
equity,INE510A01028,2025-11-17,206.6684,197.2936,200.8104,11599980
equity,INE510A01028,2025-11-18,201.4275,196.598,197.0193,1743193
equity,INE510A01028,2025-11-19,199.1548,195.4519,197.8421,1706777
equity,INE510A01028,2025-11-20,198.8609,193.816,194.0902,1322377
equity,INE510A01028,2025-11-21,194.5115,190.7106,191.7784,1332716
equity,INE510A01028,2025-11-24,197.8813,191.4159,195.1972,3033202
equity,INE510A01028,2025-11-25,195.8241,190.6126,191.4453,1511286
equity,INE510A01028,2025-11-26,196.8037,191.5139,195.2756,1627855
equity,INE510A01028,2025-11-27,198.616,194.9425,195.8144,1526075
equity,INE510A01028,2025-11-28,196.3629,192.0037,192.8265,865886
equity,INE510A01028,2025-12-01,196.167,192.1212,192.5131,903973
equity,INE510A01028,2025-12-02,194.6192,191.2298,193.8355,1288080
equity,INE510A01028,2025-12-03,195.3148,192.3269,194.3547,984551
equity,INE510A01028,2025-12-04,198.8838,192.9763,198.5096,1822430
equity,INE510A01028,2025-12-05,202.3298,197.5841,199.573,2385109
equity,INE510A01028,2025-12-08,199.4745,185.592,186.9114,2472351
equity,INE510A01028,2025-12-09,195.1227,186.232,194.0987,3077963
equity,INE510A01028,2025-12-10,194.463,188.3488,189.0873,1573984
equity,INE510A01028,2025-12-11,191.5979,188.6442,190.6626,806515
equity,INE510A01028,2025-12-12,192.3462,189.038,189.7962,1037947
equity,INE510A01028,2025-12-15,193.3702,189.1365,190.8201,1386426
equity,INE510A01028,2025-12-16,192.3265,188.7821,191.1549,937983
equity,INE510A01028,2025-12-17,192.3364,189.2153,191.3026,986262
equity,INE510A01028,2025-12-18,191.9524,188.6442,191.4896,699897
equity,INE510A01028,2025-12-19,196.9146,191.401,196.1467,1533185
equity,INE510A01028,2025-12-22,200.1736,195.0735,195.7134,1012233
equity,INE510A01028,2025-12-23,199.2579,195.487,196.7866,1213792
equity,INE510A01028,2025-12-24,199.8388,196.9146,198.037,1245312
equity,INE510A01028,2025-12-26,205.2835,196.9146,202.1821,4904849
equity,INE510A01028,2025-12-29,203.8066,197.5054,198.106,1487796
equity,INE510A01028,2025-12-30,198.7164,195.3393,196.4223,1489110
equity,INE510A01028,2025-12-31,199.5927,196.7177,198.1355,1163378
equity,INE510A01028,2026-01-01,201.5421,198.421,199.5631,1097326
equity,INE510A01028,2026-01-02,204.1808,196.8162,203.2159,2967348
equity,INE510A01028,2026-01-05,206.6521,200.9612,202.7433,2928381
equity,INE510A01028,2026-01-06,203.403,200.5772,202.2313,1781895
equity,INE510A01028,2026-01-07,204.4466,200.8529,201.5618,1030370
equity,INE510A01028,2026-01-08,202.4775,193.9117,194.4827,1548855
equity,INE510A01028,2026-01-09,195.7233,190.0226,190.4558,1412092
equity,INE510A01028,2026-01-12,192.681,184.4696,191.5388,1695463
equity,INE510A01028,2026-01-13,194.0987,189.2153,190.889,910656
equity,INE510A01028,2026-01-14,194.7486,190.889,193.7738,1074963
equity,INE510A01028,2026-01-15,193.7738,193.7738,193.7738,
equity,INE510A01028,2026-01-16,194.5713,183.6229,184.2825,2926404
equity,INE510A01028,2026-01-19,188.5458,182.3232,182.7762,3164759
equity,INE510A01028,2026-01-20,183.613,177.2232,177.8237,1953864
equity,INE510A01028,2026-01-21,181.6439,171.0499,175.7955,2899554
equity,INE510A01028,2026-01-22,178.4539,173.2849,173.6196,2929357
equity,INE510A01028,2026-01-23,174.7125,163.833,164.5714,2791086
equity,INE510A01028,2026-01-27,165.9596,161.0269,162.0213,2191968
equity,INE510A01028,2026-01-28,172.3003,163.0355,170.6068,2989017
equity,INE510A01028,2026-01-29,171.7391,166.0482,167.3479,3198200
equity,INE510A01028,2026-01-30,170.4296,163.6951,169.8093,2653537
equity,INE510A01028,2026-02-02,169.8389,163.4293,168.6574,1960631
equity,INE510A01028,2026-02-03,176.2189,169.8881,170.4099,2335139
equity,INE510A01028,2026-02-04,174.4664,170.4296,174.0725,2222094
equity,INE510A01028,2026-02-05,174.0922,170.6068,171.2567,1272322
equity,INE510A01028,2026-02-06,170.8924,167.7713,168.7361,1146496
equity,INE510A01028,2026-02-09,179.0938,169.8389,178.0305,3548811
equity,INE510A01028,2026-02-10,181.9393,177.5776,180.5116,2228103
equity,INE510A01028,2026-02-11,181.9491,178.3062,181.4371,1425781
equity,INE510A01028,2026-02-12,182.3331,177.4201,178.1093,1604084
equity,INE510A01028,2026-02-13,206.7604,194.1086,198.5589,134019973
equity,INE510A01028,2026-02-16,232.9992,197.1312,223.1239,125648482
equity,INE510A01028,2026-02-17,232.6349,210.3836,211.9491,81402370
equity,INE510A01028,2026-02-18,217.4824,206.2681,211.3288,47620038
equity,INE510A01028,2026-02-19,218.4768,208.5227,214.1545,23297555
equity,INE510A01028,2026-02-20,214.6271,210.4131,211.5848,5749694
equity,INE510A01028,2026-02-23,219.3235,211.0925,213.6622,9554558
equity,INE510A01028,2026-02-24,215.4443,208.5523,212.4315,5588595
equity,INE510A01028,2026-02-25,218.0731,212.6678,216.4092,5188158
equity,INE510A01028,2026-02-26,221.972,216.1433,221.1844,7315499
equity,INE510A01028,2026-02-27,222.6612,215.6215,218.3291,4715134
equity,INE510A01028,2026-03-02,215.3852,203.8657,209.1923,5342025
equity,INE510A01028,2026-03-04,206.7505,197.9977,199.445,5152153
equity,INE510A01028,2026-03-05,203.8066,197.6531,201.6997,3833270
equity,INE510A01028,2026-03-06,207.4721,202.2352,203.1973,3287405
equity,INE510A01028,2026-03-09,197.9604,191.4242,193.5864,3712053
equity,INE510A01028,2026-03-10,199.3589,195.6594,198.3274,2731700
equity,INE510A01028,2026-03-11,204.7744,196.3834,197.3951,3381646
equity,INE510A01028,2026-03-12,203.1279,192.8128,199.0515,3403841
equity,INE510A01028,2026-03-13,198.2778,183.4896,187.4668,3775629
equity,INE510A01028,2026-03-16,189.3414,183.6086,187.447,2659399
equity,INE510A01028,2026-03-17,189.5893,184.531,187.8536,2214530
equity,INE510A01028,2026-03-18,194.5783,188.5182,192.9814,2825795
equity,INE510A01028,2026-03-19,191.1664,185.2947,186.2072,1848145
equity,INE510A01028,2026-03-20,195.3618,188.4884,190.0753,2684136
equity,INE510A01028,2026-03-23,188.2603,177.5484,179.8098,3151165
equity,INE510A01028,2026-03-24,187.4569,181.6051,185.8104,2230788
equity,INE510A01028,2026-03-25,195.699,188.8554,194.3799,3558806
equity,INE510A01028,2026-03-27,192.8326,186.4551,188.1809,2675196
equity,INE510A01028,2026-03-30,190.1448,176.0508,180.643,2792391
equity,INE510A01028,2026-04-01,200.3408,186.9213,199.3391,7247679
equity,INE510A01028,2026-04-02,200.2317,190.0456,198.9126,4200321
equity,INE510A01028,2026-04-06,202.3344,194.003,200.6086,5222516
equity,INE510A01028,2026-04-07,201.6401,196.3933,197.1174,2019381
equity,INE510A01028,2026-04-08,207.2837,202.3344,204.7744,4191884
equity,INE510A01028,2026-04-09,210.2691,203.3263,206.8869,5471271
equity,INE510A01028,2026-04-10,213.443,208.0871,212.0048,3708775
equity,INE510A01028,2026-04-13,217.4103,204.5462,215.7738,4689832
equity,INE510A01028,2026-04-15,221.1793,217.212,218.0947,2854835
equity,INE510A01028,2026-04-16,228.1221,216.3193,226.4559,10361403
equity,INE510A01028,2026-04-17,245.5388,227.6064,239.8258,24945465
equity,INE510A01028,2026-04-20,247.6613,234.7774,240.0837,8353205
equity,INE510A01028,2026-04-21,245.6181,240.2721,241.2541,4106709
equity,INE510A01028,2026-04-22,248.3457,240.8176,243.5749,6097611
equity,INE510A01028,2026-04-23,244.6362,239.2307,241.6904,3854308
equity,INE510A01028,2026-04-24,244.2891,236.6619,240.9069,4896976
equity,INE510A01028,2026-04-27,262.4397,241.1945,255.4274,16055152
equity,INE510A01028,2026-04-28,257.8772,251.9758,254.4455,4017707
equity,INE510A01028,2026-04-29,257.3813,248.0779,248.9011,3025322
equity,INE510A01028,2026-04-30,252.6602,245.4892,249.883,4883287
equity,INE510A01028,2026-05-01,249.883,249.883,249.883,
equity,INE510A01028,2026-05-04,261.1007,248.554,259.5634,7583514
equity,INE510A01028,2026-05-05,260.2576,253.9099,258.1747,4041158
equity,INE510A01028,2026-05-06,262.8364,256.8854,260.208,4172382
equity,INE510A01028,2026-05-07,264.8201,255.8935,259.2162,4651205
equity,INE510A01028,2026-05-08,260.8527,253.9099,254.3562,2288709
equity,INE510A01028,2026-05-11,254.8521,245.7272,246.3719,3189651
equity,INE510A01028,2026-05-12,247.7109,233.6764,235.0154,4066870
equity,INE510A01028,2026-05-13,246.3719,235.065,238.6356,3202676
equity,INE510A01028,2026-05-14,255.1992,239.6274,251.9758,9962606
equity,INE510A01028,2026-05-15,252.6701,242.2558,244.7354,3447733
equity,INE510A01028,2026-05-18,242.1566,232.5854,235.6105,3568207
equity,INE510A01028,2026-05-19,248.554,236.0568,242.9997,4635220
equity,INE510A01028,2026-05-20,241.264,236.0568,239.4291,2870121
equity,INE510A01028,2026-05-21,245.6776,233.4285,235.2634,3083203
equity,INE510A01028,2026-05-22,223.7085,211.2609,214.2365,19341960
equity,INE510A01028,2026-05-25,227.5766,214.8811,226.7336,8741247
equity,INE510A01028,2026-05-26,234.8666,224.9483,228.6181,4080935
equity,INE510A01028,2026-05-27,239.0323,229.3619,232.4862,4636808
equity,INE510A01028,2026-05-28,232.4862,232.4862,232.4862,
equity,INE510A01028,2026-05-29,238.7844,228.1221,229.8083,3177009
equity,INE510A01028,2026-06-01,230.8695,221.9232,222.8952,2806531
equity,INE510A01028,2026-06-02,226.2277,219.9395,225.3748,1521948
equity,INE510A01028,2026-06-03,227.5766,219.2948,226.1583,1792655
equity,INE510A01028,2026-06-04,236.6619,223.1828,235.7295,4223885
equity,INE510A01028,2026-06-05,238.5364,233.2797,235.8386,2382489
equity,INE510A01028,2026-06-08,241.8591,230.2645,237.4156,4779777
equity,INE510A01028,2026-06-09,240.3911,234.4501,237.4156,1954446
equity,INE510A01028,2026-06-10,237.9413,229.114,230.1554,2000951
equity,INE510A01028,2026-06-11,231.0976,218.2038,222.1215,1775617
equity,INE510A01028,2026-06-12,236.5527,223.2622,232.7639,3699138
equity,INE510A01028,2026-06-15,240.3118,233.1805,234.1426,2391782
equity,INE510A01028,2026-06-16,239.3299,229.114,230.3637,3310923
equity,INE510A01028,2026-06-17,242.6525,231.5936,241.2045,6865480
equity,INE510A01028,2026-06-18,253.4536,239.6671,251.0831,10768293
equity,INE510A01028,2026-06-19,256.7862,246.1735,248.6928,6016884
equity,INE510A01028,2026-06-22,259.7915,248.9606,256.3895,7510440
equity,INE510A01028,2026-06-23,262.8364,255.2488,258.1152,7878530
equity,INE510A01028,2026-06-24,259.6327,250.2301,251.6187,2919936
equity,INE510A01028,2026-06-25,254.8025,248.058,249.764,2854776
equity,INE510A01028,2026-06-26,249.764,249.764,249.764,
equity,INE510A01028,2026-06-29,249.764,240.8275,242.474,2732605
equity,INE510A01028,2026-06-30,244.3882,237.257,238.6455,2043294
equity,INE510A01028,2026-07-01,242.5831,234.3707,235.6403,2513440
equity,INE510A01028,2026-07-02,239.9944,231.4448,232.2978,1916754
equity,INE510A01028,2026-07-03,237.8421,231.1472,235.551,2679400
equity,INE510A01028,2026-07-06,242.7021,233.6863,241.9186,4028456
equity,INE510A01028,2026-07-07,243.8923,236.8106,240.2225,2476939
equity,INE510A01028,2026-07-08,244.6461,231.7919,233.1706,3489144
equity,INE510A01028,2026-07-09,238.3876,233.5475,235.3526,1465353
equity,INE510A01028,2026-07-10,239.3299,235.7692,237.6834,1404427
equity,INE510A01028,2026-07-13,238.8836,233.2896,234.7278,1237675
equity,INE510A01028,2026-07-14,233.5574,224.3928,226.8129,3320512
equity,INE510A01028,2026-07-15,230.4926,226.8724,228.4594,1467847
equity,INE510A01028,2026-07-16,233.3789,225.1962,229.719,2326691
equity,INE510A01028,2026-07-17,230.4034,225.0474,225.8013,975444
equity,INE510A01028,2026-07-20,229.6793,224.8987,227.9039,1065087
equity,INE510A01028,2026-07-21,228.7371,225.712,226.2575,625005
equity,INE510A01028,2026-07-22,226.436,222.3695,223.5498,789212
equity,INE510A01028,2026-07-23,224.8888,220.6834,222.4191,699713
equity,INE510A01028,2026-07-24,224.7499,217.6484,223.3713,856408
equity,INE510A01028,2026-07-27,228.0725,223.2622,224.5714,837874
equity,INE510A01028,2026-07-28,225.6822,219.1956,220.7726,1153931
equity,INE510A01028,2026-07-29,224.6507,221.09,223.7184,614767
equity,INE510A01028,2026-07-30,223.5101,219.2948,220.1676,799630
equity,INE510A01028,2026-07-31,222.8456,218.303,220.5644,877789
equity,INE510A01028,2026-08-03,226.8129,220.5644,224.9483,1543983
equity,INE510A01028,2026-08-04,226.1385,221.9728,223.0539,1201128
equity,INE510A01028,2026-08-05,239.925,224.6011,238.3083,8574870
equity,INE510A01028,2026-08-06,243.7435,234.331,240.411,4137200
equity,INE510A01028,2026-08-07,240.5201,236.4238,238.6356,1241537
equity,INE510A01028,2026-08-10,246.967,236.9991,245.9355,3326778
equity,INE510A01028,2026-08-11,247.7605,240.3713,241.0061,1930528
equity,INE510A01028,2026-08-12,244.785,236.0568,237.247,1264836
equity,INE510A01028,2026-08-13,243.5948,237.247,238.6158,1969782
equity,INE510A01028,2026-08-14,251.3311,239.3299,241.6904,7323273
equity,INE510A01028,2026-08-17,243.0096,237.0883,238.219,1268614
equity,INE510A01028,2026-08-18,246.967,237.2966,242.7815,2435107
equity,INE510A01028,2026-08-19,244.8842,233.4285,234.9658,1464796
equity,INE510A01028,2026-08-20,238.6356,233.4185,235.2733,1205398
equity,INE510A01028,2026-08-21,244.4775,234.2715,242.9104,2543360
equity,INE510A01028,2026-08-24,254.4058,241.8392,252.7494,5607115
equity,INE510A01028,2026-08-25,256.439,246.6695,248.3358,2645946
equity,INE510A01028,2026-08-26,251.8468,246.8183,248.3159,1355001
equity,INE510A01028,2026-08-27,250.4087,241.5119,244.9437,1497903
equity,INE510A01028,2026-08-28,252.5114,244.7453,251.6485,4342151
equity,INE510A01028,2026-08-31,261.3982,250.8451,259.7319,6249458
equity,INE510A01028,2026-09-01,287.2851,258.3235,277.7635,57537014
equity,INE510A01028,2026-09-02,280.5406,271.4157,274.3417,6781901
equity,INE510A01028,2026-09-03,282.7723,270.0272,279.648,7395677
equity,INE510A01028,2026-09-04,282.1772,276.0774,277.1684,3490446
equity,INE510A01028,2026-09-07,281.4333,270.5231,274.788,3272902
equity,INE510A01028,2026-09-08,279.648,269.2337,276.9205,2925037
equity,INE510A01028,2026-09-09,280.987,269.7792,270.8703,2222424
equity,INE510A01028,2026-09-10,275.5319,267.8948,269.8288,1648920
equity,INE510A01028,2026-09-11,270.0272,264.9192,266.7542,1652427
equity,INE510A01028,2026-09-14,266.7542,266.7542,266.7542,
equity,INE510A01028,2026-09-15,270.7711,259.4642,260.3072,2408462
equity,INE510A01028,2026-09-16,263.4315,251.5295,258.5219,2212377
equity,INE510A01028,2026-09-17,265.7623,257.8276,261.5966,1556919
equity,INE510A01028,2026-09-18,266.3078,261.3486,264.1754,1732303
equity,INE510A01028,2026-09-21,284.5576,266.0598,282.9211,10639611
equity,INE510A01028,2026-09-22,302.4602,279.2017,300.0798,23538487
equity,INE510A01028,2026-09-23,306.9731,290.459,303.7,11229270
equity,INE510A01028,2026-09-24,305.65,295,296.65,4627761
equity,INE0V9Q01010,2025-08-06,195.0712,176.0422,194.9416,91822808
equity,INE0V9Q01010,2025-08-07,203.5893,189.6215,197.0637,35917913
equity,INE0V9Q01010,2025-08-08,216.7701,191.9827,208.9892,43861781
equity,INE0V9Q01010,2025-08-11,217.6767,199.654,201.3278,11852409
equity,INE0V9Q01010,2025-08-12,205.7313,193.4771,195.8682,6018286
equity,INE0V9Q01010,2025-08-13,204.0277,192.8893,194.304,7119543
equity,INE0V9Q01010,2025-08-14,197.5618,185.0586,186.8419,3871069
equity,INE0V9Q01010,2025-08-18,191.7535,179.6787,182.3586,4129003
equity,INE0V9Q01010,2025-08-19,192.2816,182.817,185.5069,4191162
equity,INE0V9Q01010,2025-08-20,188.5854,184.6401,186.3338,2314498
equity,INE0V9Q01010,2025-08-21,195.0712,188.0972,191.375,3404332
equity,INE0V9Q01010,2025-08-22,195.6689,189.7909,191.096,1990056
equity,INE0V9Q01010,2025-08-25,193.2778,185.3076,187.3301,1865846
equity,INE0V9Q01010,2025-08-26,193.228,183.8132,187.7684,3122924
equity,INE0V9Q01010,2025-08-28,186.7024,174.5478,179.3598,6451271
equity,INE0V9Q01010,2025-08-29,184.2018,178.8418,180.4358,1455813
equity,INE0V9Q01010,2025-09-01,182.5181,179.4396,180.7845,1011041
equity,INE0V9Q01010,2025-09-02,182.7173,178.1843,178.9115,1153725
equity,INE0V9Q01010,2025-09-03,185.7061,172.8542,182.8867,3983752
equity,INE0V9Q01010,2025-09-04,189.6414,181.3325,182.0797,2273055
equity,INE0V9Q01010,2025-09-05,184.9689,180.3262,183.2453,943638
equity,INE0V9Q01010,2025-09-08,184.3014,181.5218,182.2491,538116
equity,INE0V9Q01010,2025-09-09,182.6575,177.9352,179.4595,697635
equity,INE0V9Q01010,2025-09-10,187.8481,180.3362,185.0984,2406115
equity,INE0V9Q01010,2025-09-11,185.2479,175.853,177.6662,1511316
equity,INE0V9Q01010,2025-09-12,184.3114,175.2652,183.7236,2882045
equity,INE0V9Q01010,2025-09-15,186.0548,181.9801,183.2952,1088162
equity,INE0V9Q01010,2025-09-16,185.1582,180.924,182.5778,975260
equity,INE0V9Q01010,2025-09-17,183.0062,180.0274,180.8842,1179186
equity,INE0V9Q01010,2025-09-18,191.1857,181.0137,188.5356,4941614
equity,INE0V9Q01010,2025-09-19,193.1782,187.36,191.5144,3026365
equity,INE0V9Q01010,2025-09-22,192.172,186.6725,187.5991,1467883
equity,INE0V9Q01010,2025-09-23,188.7946,183.4147,184.6999,1086524
equity,INE0V9Q01010,2025-09-24,199.943,189.2927,194.2144,14788118
equity,INE0V9Q01010,2025-09-25,203.2406,193.3874,197.0936,8124098
equity,INE0V9Q01010,2025-09-26,199.1559,191.8432,192.8793,3988381
equity,INE0V9Q01010,2025-09-29,194.8121,187.7983,191.106,2081124
equity,INE0V9Q01010,2025-09-30,193.6664,186.553,188.3662,1939618
equity,INE0V9Q01010,2025-10-01,194.852,189.8008,190.6277,2545198
equity,INE0V9Q01010,2025-10-03,193.776,188.3463,189.3725,1984737
equity,INE0V9Q01010,2025-10-06,190.1695,184.6102,186.9714,1539715
equity,INE0V9Q01010,2025-10-07,188.2965,184.6102,185.8058,980801
equity,INE0V9Q01010,2025-10-08,186.553,182.4682,183.6837,901996
equity,INE0V9Q01010,2025-10-09,186.1047,183.1158,184.0922,786107
equity,INE0V9Q01010,2025-10-10,186.7024,183.9626,184.8693,669997
equity,INE0V9Q01010,2025-10-13,184.7397,182.269,182.5081,585652
equity,INE0V9Q01010,2025-10-14,183.7136,179.3499,180.0174,896976
equity,INE0V9Q01010,2025-10-15,183.7136,180.2266,181.8306,673082
equity,INE0V9Q01010,2025-10-16,183.7136,180.8244,181.5915,553372
equity,INE0V9Q01010,2025-10-17,182.9564,178.3337,178.9016,803830
equity,INE0V9Q01010,2025-10-20,187.6887,178.7023,184.3512,1322286
equity,INE0V9Q01010,2025-10-21,192.7797,185.3176,189.8805,1598878
equity,INE0V9Q01010,2025-10-23,191.0362,185.3574,186.3936,696861
equity,INE0V9Q01010,2025-10-24,187.1806,183.4745,184.6102,438286
equity,INE0V9Q01010,2025-10-27,185.2279,182.8169,183.2453,390274
equity,INE0V9Q01010,2025-10-28,186.2342,182.5679,183.6937,399339
equity,INE0V9Q01010,2025-10-29,186.1943,182.3188,183.0062,745524
equity,INE0V9Q01010,2025-10-30,189.7809,181.3225,183.1158,1217963
equity,INE0V9Q01010,2025-10-31,184.7896,181.3225,181.5417,427253
equity,INE0V9Q01010,2025-11-03,181.3325,176.1419,176.5105,1296002
equity,INE0V9Q01010,2025-11-04,178.3337,176.2415,177.1581,691575
equity,INE0V9Q01010,2025-11-06,178.1344,171.8579,172.7545,752252
equity,INE0V9Q01010,2025-11-07,176.3411,171.4594,174.5179,906870
equity,INE0V9Q01010,2025-11-10,176.3411,171.3199,175.0061,939568
equity,INE0V9Q01010,2025-11-11,175.843,170.4133,171.3598,870630
equity,INE0V9Q01010,2025-11-12,173.2427,169.8653,170.2041,595949
equity,INE0V9Q01010,2025-11-13,174.3486,169.5266,170.0347,928459
equity,INE0V9Q01010,2025-11-14,176.3411,170.3635,172.7047,1456907
equity,INE0V9Q01010,2025-11-17,174.3386,170.3435,170.7919,518872
equity,INE0V9Q01010,2025-11-18,171.8579,170.1244,170.4133,284069
equity,INE0V9Q01010,2025-11-19,171.021,167.8728,168.5203,1033899
equity,INE0V9Q01010,2025-11-20,176.8592,169.0085,170.2838,796039
equity,INE0V9Q01010,2025-11-21,172.2564,169.2178,169.3971,445054
equity,INE0V9Q01010,2025-11-24,171.4693,165.3821,166.8566,508098
equity,INE0V9Q01010,2025-11-25,171.3398,166.3584,169.5565,611849
equity,INE0V9Q01010,2025-11-26,170.3535,168.351,168.7894,232026
equity,INE0V9Q01010,2025-11-27,170.8218,167.6237,168.1916,178088
equity,INE0V9Q01010,2025-11-28,168.9886,166.8765,167.275,220313
equity,INE0V9Q01010,2025-12-01,168.6499,164.3858,165.2127,313441
equity,INE0V9Q01010,2025-12-02,170.8616,164.884,165.8503,1011539
equity,INE0V9Q01010,2025-12-03,166.2488,162.0146,162.8515,331571
equity,INE0V9Q01010,2025-12-04,163.1405,155.9374,156.3757,652415
equity,INE0V9Q01010,2025-12-05,157.4019,152.7293,153.4865,381679
equity,INE0V9Q01010,2025-12-08,157.093,152.7294,156.296,573978
equity,INE0V9Q01010,2025-12-09,159.2052,151.4143,157.4716,947927
equity,INE0V9Q01010,2025-12-10,160.3907,156.9137,159.1753,399509
equity,INE0V9Q01010,2025-12-11,163.3995,157.4119,159.6336,635787
equity,INE0V9Q01010,2025-12-12,161.1977,154.9212,155.9872,415843
equity,INE0V9Q01010,2025-12-15,155.2101,152.4305,153.0382,437856
equity,INE0V9Q01010,2025-12-16,156.4156,153.3172,155.7481,320838
equity,INE0V9Q01010,2025-12-17,155.8079,151.9323,152.3508,289155
equity,INE0V9Q01010,2025-12-18,152.3308,149.9398,150.3981,264300
equity,INE0V9Q01010,2025-12-19,155.4193,151.4441,154.3533,243329
equity,INE0V9Q01010,2025-12-22,157.4119,151.5936,154.433,339672
equity,INE0V9Q01010,2025-12-23,156.5152,152.4504,155.5986,399636
equity,INE0V9Q01010,2025-12-24,161.656,155.0706,155.7082,3466586
equity,INE0V9Q01010,2025-12-26,157.8402,153.9348,156.6945,478123
equity,INE0V9Q01010,2025-12-29,161.397,156.9137,159.8428,731029
equity,INE0V9Q01010,2025-12-30,160.8988,158.0196,159.2251,339516
equity,INE0V9Q01010,2025-12-31,161.397,155.0706,158.717,1176244
equity,INE0V9Q01010,2026-01-01,160.6099,157.3023,158.7668,274277
equity,INE0V9Q01010,2026-01-02,166.3784,158.4181,165.7407,1043986
equity,INE0V9Q01010,2026-01-05,170.0646,159.4742,161.0981,1606849
equity,INE0V9Q01010,2026-01-06,161.9449,159.4044,160.0719,362733
equity,INE0V9Q01010,2026-01-07,170.6524,157.7307,167.9425,2122254
equity,INE0V9Q01010,2026-01-08,177.9451,157.4617,158.5775,5054346
equity,INE0V9Q01010,2026-01-09,160.3011,155.4691,156.4455,1020920
equity,INE0V9Q01010,2026-01-12,157.8702,151.9423,153.7655,935531
equity,INE0V9Q01010,2026-01-13,156.8141,150.5376,151.2648,757635
equity,INE0V9Q01010,2026-01-14,153.2175,149.9398,150.3582,603943
equity,INE0V9Q01010,2026-01-15,150.3582,150.3582,150.3582,
equity,INE0V9Q01010,2026-01-16,152.3308,147.7579,151.0755,986081
equity,INE0V9Q01010,2026-01-19,155.9374,150.9361,152.2113,664024
equity,INE0V9Q01010,2026-01-20,152.4205,144.3008,145.2174,658424
equity,INE0V9Q01010,2026-01-21,145.7754,137.0878,137.8051,2579550
equity,INE0V9Q01010,2026-01-22,143.8326,140.246,142.6669,694642
equity,INE0V9Q01010,2026-01-23,156.9336,144.271,151.9323,5500836
equity,INE0V9Q01010,2026-01-27,153.2972,145.9547,147.0107,799836
equity,INE0V9Q01010,2026-01-28,159.9026,147.0008,156.7942,3473685
equity,INE0V9Q01010,2026-01-29,156.2163,146.4528,147.8277,1114956
equity,INE0V9Q01010,2026-01-30,151.3146,146.0842,149.3819,432542
equity,INE0V9Q01010,2026-02-02,149.0132,144.4702,147.0506,405268
equity,INE0V9Q01010,2026-02-03,155.4093,149.1427,150.2984,405018
equity,INE0V9Q01010,2026-02-04,153.6758,149.4416,151.7729,411061
equity,INE0V9Q01010,2026-02-05,152.4305,142.916,146.0244,1499308
equity,INE0V9Q01010,2026-02-06,148.8339,143.5835,146.2137,845542
equity,INE0V9Q01010,2026-02-09,151.4342,146.9709,149.1328,3230139
equity,INE0V9Q01010,2026-02-10,151.0158,146.2037,147.6284,1140125
equity,INE0V9Q01010,2026-02-11,148.8439,145.9547,146.5823,682425
equity,INE0V9Q01010,2026-02-12,152.5301,145.5761,151.0058,1575786
equity,INE0V9Q01010,2026-02-13,150.3383,143.0157,143.6234,1824842
equity,INE0V9Q01010,2026-02-16,145.4565,140.5748,141.043,1083579
equity,INE0V9Q01010,2026-02-17,145.7554,140.3954,144.0916,829002
equity,INE0V9Q01010,2026-02-18,147.1901,143.464,145.4266,612780
equity,INE0V9Q01010,2026-02-19,146.5524,142.4677,144.6495,585134
equity,INE0V9Q01010,2026-02-20,145.3569,137.9645,139.3693,2463634
equity,INE0V9Q01010,2026-02-23,152.4305,143.4042,145.2971,3259910
equity,INE0V9Q01010,2026-02-24,145.6359,139.7678,140.525,864319
equity,INE0V9Q01010,2026-02-25,144.0418,138.8313,141.6906,1235864
equity,INE0V9Q01010,2026-02-26,147.1303,141.6707,142.8463,1987425
equity,INE0V9Q01010,2026-02-27,144.3108,140.4253,140.7342,736691
equity,INE0V9Q01010,2026-03-02,137.9745,130.1139,132.0865,974907
equity,INE0V9Q01010,2026-03-04,130.353,125.531,126.1188,1163358
equity,INE0V9Q01010,2026-03-05,128.5796,121.9543,126.1088,1300633
equity,INE0V9Q01010,2026-03-06,127.922,120.171,120.7389,2095700
equity,INE0V9Q01010,2026-03-09,119.7825,112.0713,119.1946,1381849
equity,INE0V9Q01010,2026-03-10,128.1213,118.3677,127.8722,3359896
equity,INE0V9Q01010,2026-03-11,140.6544,127.7825,133.6506,13606118
equity,INE0V9Q01010,2026-03-12,129.9146,123.1001,123.658,2940724
equity,INE0V9Q01010,2026-03-13,125.2919,116.1859,119.0153,3866764
equity,INE0V9Q01010,2026-03-16,120.9481,115.0701,117.7301,1033644
equity,INE0V9Q01010,2026-03-17,120.6492,116.9431,119.5533,1080225
equity,INE0V9Q01010,2026-03-18,124.0465,119.8522,122.8211,1391066
equity,INE0V9Q01010,2026-03-19,120.5197,115.7176,116.3453,803491
equity,INE0V9Q01010,2026-03-20,119.1648,112.689,114.1535,2238717
equity,INE0V9Q01010,2026-03-23,114.9804,106.6017,107.2692,3596447
equity,INE0V9Q01010,2026-03-24,111.3838,106.9006,109.1123,1772053
equity,INE0V9Q01010,2026-03-25,115.4686,110.1883,112.9281,2019054
equity,INE0V9Q01010,2026-03-27,112.9181,107.4983,109.1821,4216378
equity,INE0V9Q01010,2026-03-30,110.0189,101.8196,102.4572,2085643
equity,INE0V9Q01010,2026-04-01,112.6989,105.5257,112.131,1864781
equity,INE0V9Q01010,2026-04-02,114.3727,107.0002,113.3565,769525
equity,INE0V9Q01010,2026-04-06,124.6841,109.7101,119.5832,2297559
equity,INE0V9Q01010,2026-04-07,127.0254,121.3068,125.7701,2061443
equity,INE0V9Q01010,2026-04-08,137.9845,128.6394,135.3842,2137805
equity,INE0V9Q01010,2026-04-09,141.3718,133.3816,134.0193,1133682
equity,INE0V9Q01010,2026-04-10,140.2759,132.0068,138.5424,1495142
equity,INE0V9Q01010,2026-04-13,140.4751,131.6182,138.8213,1278864
equity,INE0V9Q01010,2026-04-15,145.3967,141.4814,142.4577,1130080
equity,INE0V9Q01010,2026-04-16,145.4565,140.6744,142.2386,787578
equity,INE0V9Q01010,2026-04-17,143.5935,137.5959,139.4091,797959
equity,INE0V9Q01010,2026-04-20,146.3731,136.9882,144.7392,1636454
equity,INE0V9Q01010,2026-04-21,148.4454,142.9061,145.586,1116661
equity,INE0V9Q01010,2026-04-22,147.9472,145.0879,145.9248,431794
equity,INE0V9Q01010,2026-04-23,145.7753,139.977,141.5113,487111
equity,INE0V9Q01010,2026-04-24,145.2872,140.5349,144.271,649087
equity,INE0V9Q01010,2026-04-27,148.9435,143.7828,147.19,907387
equity,INE0V9Q01010,2026-04-28,148.5251,145.1975,146.7417,778334
equity,INE0V9Q01010,2026-04-29,148.4254,145.2573,145.8351,608975
equity,INE0V9Q01010,2026-04-30,146.3133,142.0393,142.5872,355144
equity,INE0V9Q01010,2026-05-01,142.5872,142.5872,142.5872,
equity,INE0V9Q01010,2026-05-04,145.6757,140.7242,141.9197,417051
equity,INE0V9Q01010,2026-05-05,143.2348,136.49,137.8649,899803
equity,INE0V9Q01010,2026-05-06,144.7492,137.5959,143.2249,1574660
equity,INE0V9Q01010,2026-05-07,147.9472,144.2012,146.6421,1003972
equity,INE0V9Q01010,2026-05-08,148.0966,144.251,146.2834,621067
equity,INE0V9Q01010,2026-05-11,149.2723,142.2684,145.5063,1418441
equity,INE0V9Q01010,2026-05-12,146.7318,140.784,141.8898,726101
equity,INE0V9Q01010,2026-05-13,147.748,136.4402,141.3817,1180355
equity,INE0V9Q01010,2026-05-14,143.464,139.0804,139.5785,490051
equity,INE0V9Q01010,2026-05-15,141.2722,137.7653,138.3829,293313
equity,INE0V9Q01010,2026-05-18,140.3755,134.8362,137.8151,512325
equity,INE0V9Q01010,2026-05-19,140.4652,137.4863,138.1538,177797
equity,INE0V9Q01010,2026-05-20,138.1538,136.1413,136.5498,163458
equity,INE0V9Q01010,2026-05-21,141.7205,137.4664,140.6544,360512
equity,INE0V9Q01010,2026-05-22,141.4714,137.8051,138.373,282431
equity,INE0V9Q01010,2026-05-25,142.3581,138.6021,140.6544,353139
equity,INE0V9Q01010,2026-05-26,142.4677,138.3829,138.7815,203770
equity,INE0V9Q01010,2026-05-27,140.4154,135.4938,135.7428,766115
equity,INE0V9Q01010,2026-05-28,135.7428,135.7428,135.7428,
equity,INE0V9Q01010,2026-05-29,139.2796,135.8026,137.3668,382446
equity,INE0V9Q01010,2026-06-01,139.9372,136.6893,138.642,390129
equity,INE0V9Q01010,2026-06-02,140.3755,136.0317,138.8412,221768
equity,INE0V9Q01010,2026-06-03,139.7778,136.0915,136.6694,210948
equity,INE0V9Q01010,2026-06-04,139.4789,135.8823,137.0878,233873
equity,INE0V9Q01010,2026-06-05,140.3755,135.8823,136.6494,369451
equity,INE0V9Q01010,2026-06-08,137.1675,131.8574,133.6905,845334
equity,INE0V9Q01010,2026-06-09,138.632,133.3518,136.5598,890204
equity,INE0V9Q01010,2026-06-10,137.2871,133.5012,135.0355,241809
equity,INE0V9Q01010,2026-06-11,134.3679,127.8224,128.7888,362763
equity,INE0V9Q01010,2026-06-12,134.089,131.3194,133.541,322548
equity,INE0V9Q01010,2026-06-15,144.2112,135.5037,142.4278,1193101
equity,INE0V9Q01010,2026-06-16,143.8326,140.9533,142.3681,409226
equity,INE0V9Q01010,2026-06-17,142.4577,139.2298,140.9334,401754
equity,INE0V9Q01010,2026-06-18,142.8662,139.977,140.6146,182403
equity,INE0V9Q01010,2026-06-19,143.6632,138.7317,141.9496,558127
equity,INE0V9Q01010,2026-06-22,147.3494,142.2186,146.0643,1147233
equity,INE0V9Q01010,2026-06-23,147.9373,141.0829,144.1514,822492
equity,INE0V9Q01010,2026-06-24,146.2635,141.7404,145.1975,380899
equity,INE0V9Q01010,2026-06-25,153.0282,144.6695,150.1291,2578185
equity,INE0V9Q01010,2026-06-26,150.1291,150.1291,150.1291,
equity,INE0V9Q01010,2026-06-29,153.8252,148.7741,151.753,1550949
equity,INE0V9Q01010,2026-06-30,152.9286,146.4628,147.8875,439617
equity,INE0V9Q01010,2026-07-01,151.6833,146.4628,148.8937,665128
equity,INE0V9Q01010,2026-07-02,150.5375,148.1564,149.4915,409179
equity,INE0V9Q01010,2026-07-03,150.3781,147.6483,148.1764,286523
equity,INE0V9Q01010,2026-07-06,150.6571,144.4603,146.2735,853182
equity,INE0V9Q01010,2026-07-07,147.5387,144.5599,145.6159,245390
equity,INE0V9Q01010,2026-07-08,145.048,137.5859,138.7815,592733
equity,INE0V9Q01010,2026-07-09,143.6632,138.9807,141.8301,370320
equity,INE0V9Q01010,2026-07-10,145.8949,142.129,144.8787,453765
equity,INE0V9Q01010,2026-07-13,146.1539,142.4677,143.9223,418839
equity,INE0V9Q01010,2026-07-14,144.261,140.0268,142.0094,246215
equity,INE0V9Q01010,2026-07-15,144.2411,140.1762,141.4814,278374
equity,INE0V9Q01010,2026-07-16,142.8562,140.0268,140.6445,180699
equity,INE0V9Q01010,2026-07-17,141.312,138.5822,139.429,241996
equity,INE0V9Q01010,2026-07-20,142.5673,136.5,140.4652,490023
equity,INE0V9Q01010,2026-07-21,150.3383,138.6818,147.6085,7328882
equity,INE0V9Q01010,2026-07-22,162.3634,150.4379,162.0944,18438054
equity,INE0V9Q01010,2026-07-23,173.2527,163.3895,172.9239,15477814
equity,INE0V9Q01010,2026-07-24,180.2266,173.8504,179.7185,13259101
equity,INE0V9Q01010,2026-07-27,187.6987,181.472,187.2504,7601080
equity,INE0V9Q01010,2026-07-28,191.1757,185.8556,188.1769,8127965
equity,INE0V9Q01010,2026-07-29,190.9864,187.9478,189.0437,4139547
equity,INE0V9Q01010,2026-07-30,193.2679,188.3961,192.5207,5983858
equity,INE0V9Q01010,2026-07-31,200.0525,193.1384,199.3751,3655461
equity,INE0V9Q01010,2026-08-03,206.7276,195.918,196.9242,9820738
equity,INE0V9Q01010,2026-08-04,201.4473,190.3388,192.9292,7058850
equity,INE0V9Q01010,2026-08-05,197.1135,190.9765,192.3115,3488592
equity,INE0V9Q01010,2026-08-06,195.3302,192.7299,194.8819,1034151
equity,INE0V9Q01010,2026-08-07,189.2928,185.1383,185.1383,1098639
equity,INE0V9Q01010,2026-08-10,185.6065,175.8828,175.8828,6114788
equity,INE0V9Q01010,2026-08-11,172.3461,167.0957,167.0957,1393329
equity,INE0V9Q01010,2026-08-12,175.4445,159.1553,173.2328,1556874
equity,INE0V9Q01010,2026-08-13,176.3411,167.3846,173.3822,954681
equity,INE0V9Q01010,2026-08-14,175.2452,165.392,171.8081,1513363
equity,INE0V9Q01010,2026-08-17,173.8504,168.3709,169.3373,1353967
equity,INE0V9Q01010,2026-08-18,171.7981,164.3858,169.2078,512916
equity,INE0V9Q01010,2026-08-19,168.2713,162.8914,163.4095,480005
equity,INE0V9Q01010,2026-08-20,169.2476,163.3397,165.5415,335886
equity,INE0V9Q01010,2026-08-21,168.351,163.6386,164.1965,282376
equity,INE0V9Q01010,2026-08-24,172.4058,163.8976,172.4058,1211782
equity,INE0V9Q01010,2026-08-25,181.0236,174.6375,180.8842,2831800
equity,INE0V9Q01010,2026-08-26,189.5418,182.4284,184.3014,790492
equity,INE0V9Q01010,2026-08-27,187.3002,179.33,185.5169,360313
equity,INE0V9Q01010,2026-08-28,189.2927,179.4296,185.9154,1014331
equity,INE0V9Q01010,2026-08-31,186.6028,179.3499,182.1793,229344
equity,INE0V9Q01010,2026-09-01,183.0859,177.0385,178.513,187972
equity,INE0V9Q01010,2026-09-02,182.2092,173.1531,175.295,851992
equity,INE0V9Q01010,2026-09-03,184.0523,173.6014,183.9527,469800
equity,INE0V9Q01010,2026-09-04,193.1483,181.8804,192.5306,1589932
equity,INE0V9Q01010,2026-09-07,200.9492,189.3426,198.9666,1307102
equity,INE0V9Q01010,2026-09-08,201.4473,194.3738,198.0699,1016159
equity,INE0V9Q01010,2026-09-09,200.1521,192.2816,197.253,818087
equity,INE0V9Q01010,2026-09-10,207.1062,194.2741,207.1062,14078555
equity,INE0V9Q01010,2026-09-11,214.5092,205.7792,208.7923,2083473
equity,INE0V9Q01010,2026-09-14,208.7923,208.7923,208.7923,
equity,INE0V9Q01010,2026-09-15,219.2285,201.1897,213.0526,2311800
equity,INE0V9Q01010,2026-09-16,219.8969,202.4069,215.9061,1914804
equity,INE0V9Q01010,2026-09-17,217.8017,209.5207,212.9029,883019
equity,INE0V9Q01010,2026-09-18,215.507,208.5728,214.639,557967
equity,INE0V9Q01010,2026-09-21,217.4026,209.7202,213.9306,613118
equity,INE0V9Q01010,2026-09-22,216.4847,212.1147,213.3519,396339
equity,INE0V9Q01010,2026-09-23,224.0175,213.0127,223.9477,1269546
equity,INE0V9Q01010,2026-09-24,225.4841,215.3573,218.55,450172
equity,INE519N01014,2023-09-21,3.232,3.232,3.232,
equity,INE519N01014,2023-09-22,3.232,3.232,3.232,
equity,INE519N01014,2023-09-25,3.232,3.232,3.232,
equity,INE519N01014,2023-09-26,3.232,3.232,3.232,
equity,INE519N01014,2023-09-27,3.232,3.232,3.232,
equity,INE519N01014,2023-09-28,3.232,3.232,3.232,
equity,INE519N01014,2023-09-29,3.232,3.232,3.232,
equity,INE519N01014,2023-10-03,3.232,3.232,3.232,
equity,INE519N01014,2023-10-04,3.232,3.232,3.232,
equity,INE519N01014,2023-10-05,3.232,3.232,3.232,
equity,INE519N01014,2023-10-06,3.232,3.232,3.232,
equity,INE519N01014,2023-10-09,3.232,3.232,3.232,
equity,INE519N01014,2023-10-10,3.232,3.232,3.232,
equity,INE519N01014,2023-10-11,3.232,3.232,3.232,
equity,INE519N01014,2023-10-12,3.232,3.232,3.232,
equity,INE519N01014,2023-10-13,3.232,3.232,3.232,
equity,INE519N01014,2023-10-16,3.232,3.232,3.232,
equity,INE519N01014,2023-10-17,3.232,3.232,3.232,
equity,INE519N01014,2023-10-18,3.232,3.232,3.232,
equity,INE519N01014,2023-10-19,3.232,3.232,3.232,
equity,INE519N01014,2023-10-20,3.232,3.232,3.232,
equity,INE519N01014,2023-10-23,3.232,3.232,3.232,
equity,INE519N01014,2023-10-25,3.232,3.232,3.232,
equity,INE519N01014,2023-10-26,3.232,3.232,3.232,
equity,INE519N01014,2023-10-27,3.232,3.232,3.232,
equity,INE519N01014,2023-10-30,3.232,3.232,3.232,
equity,INE519N01014,2023-10-31,3.232,3.232,3.232,
equity,INE519N01014,2023-11-01,3.232,3.232,3.232,
equity,INE519N01014,2023-11-02,3.232,3.232,3.232,
equity,INE519N01014,2023-11-03,3.232,3.232,3.232,
equity,INE519N01014,2023-11-06,3.232,3.232,3.232,
equity,INE519N01014,2023-11-07,3.232,3.232,3.232,
equity,INE519N01014,2023-11-08,3.232,3.232,3.232,
equity,INE519N01014,2023-11-09,3.232,3.232,3.232,
equity,INE519N01014,2023-11-10,3.232,3.232,3.232,
equity,INE519N01014,2023-11-13,3.071,3.071,3.071,20
equity,INE519N01014,2023-11-15,3.071,3.071,3.071,
equity,INE519N01014,2023-11-16,3.071,3.071,3.071,
equity,INE519N01014,2023-11-17,3.071,3.071,3.071,
equity,INE519N01014,2023-11-20,2.918,2.918,2.918,770
equity,INE519N01014,2023-11-21,2.773,2.773,2.773,1000
equity,INE519N01014,2023-11-22,2.773,2.773,2.773,
equity,INE519N01014,2023-11-23,2.773,2.773,2.773,
equity,INE519N01014,2023-11-24,2.635,2.635,2.635,100
equity,INE519N01014,2023-11-28,2.504,2.504,2.504,2100
equity,INE519N01014,2023-11-29,2.554,2.379,2.379,1140
equity,INE519N01014,2023-11-30,2.379,2.379,2.379,
equity,INE519N01014,2023-12-01,2.261,2.261,2.261,6030
equity,INE519N01014,2023-12-04,2.261,2.148,2.15,11310
equity,INE519N01014,2023-12-05,2.15,2.043,2.043,1960
equity,INE519N01014,2023-12-06,2.043,1.941,1.941,2800
equity,INE519N01014,2023-12-07,1.941,1.844,1.844,7470
equity,INE519N01014,2023-12-08,1.844,1.844,1.844,
equity,INE519N01014,2023-12-11,2.032,2.032,2.032,3520
equity,INE519N01014,2023-12-12,2.133,2.133,2.133,2380
equity,INE519N01014,2023-12-13,2.239,2.239,2.239,720
equity,INE519N01014,2023-12-14,2.35,2.35,2.35,250
equity,INE519N01014,2023-12-15,2.467,2.467,2.467,1170
equity,INE519N01014,2023-12-18,2.59,2.59,2.59,820
equity,INE519N01014,2023-12-19,2.719,2.719,2.719,5280
equity,INE519N01014,2023-12-20,2.854,2.585,2.585,1280
equity,INE519N01014,2023-12-21,2.714,2.714,2.714,660
equity,INE519N01014,2023-12-22,2.849,2.849,2.849,900
equity,INE519N01014,2023-12-26,2.849,2.849,2.849,
equity,INE519N01014,2023-12-27,2.58,2.58,2.58,20
equity,INE519N01014,2023-12-28,2.451,2.451,2.451,20
equity,INE519N01014,2023-12-29,2.329,2.329,2.329,10
equity,INE519N01014,2024-01-01,2.329,2.329,2.329,
equity,INE519N01014,2024-01-02,2.329,2.329,2.329,
equity,INE519N01014,2024-01-03,2.214,2.213,2.214,410
equity,INE519N01014,2024-01-04,2.214,2.214,2.214,1550
equity,INE519N01014,2024-01-05,2.214,2.214,2.214,
equity,INE519N01014,2024-01-08,2.214,2.214,2.214,
equity,INE519N01014,2024-01-09,2.214,2.214,2.214,
equity,INE519N01014,2024-01-10,2.214,2.214,2.214,
equity,INE519N01014,2024-01-11,2.214,2.214,2.214,2750
equity,INE519N01014,2024-01-12,2.214,2.214,2.214,
equity,INE519N01014,2024-01-15,2.214,2.214,2.214,
equity,INE519N01014,2024-01-16,2.214,2.214,2.214,
equity,INE519N01014,2024-01-17,2.214,2.214,2.214,
equity,INE519N01014,2024-01-18,2.214,2.214,2.214,
equity,INE519N01014,2024-01-19,2.214,2.214,2.214,
equity,INE519N01014,2024-01-23,2.214,2.214,2.214,
equity,INE519N01014,2024-01-24,2.214,2.214,2.214,
equity,INE519N01014,2024-01-25,2.214,2.214,2.214,
equity,INE519N01014,2024-01-29,2.214,2.214,2.214,
equity,INE519N01014,2024-01-30,2.214,2.214,2.214,
equity,INE519N01014,2024-01-31,2.214,2.214,2.214,
equity,INE519N01014,2024-02-01,2.214,2.214,2.214,
equity,INE519N01014,2024-02-02,2.214,2.214,2.214,
equity,INE519N01014,2024-02-05,2.2,2.2,2.2,100
equity,INE519N01014,2024-02-06,2.2,2.2,2.2,
equity,INE519N01014,2024-02-07,2.2,2.2,2.2,1700
equity,INE519N01014,2024-02-08,2.2,2.2,2.2,
equity,INE519N01014,2024-02-09,2.2,2.2,2.2,
equity,INE519N01014,2024-02-12,2.2,2.2,2.2,
equity,INE519N01014,2024-02-13,2.2,2.2,2.2,
equity,INE519N01014,2024-02-14,2.2,2.2,2.2,
equity,INE519N01014,2024-02-15,2.2,2.2,2.2,
equity,INE519N01014,2024-02-16,2.09,2.09,2.09,100
equity,INE519N01014,2024-02-19,2.09,2.09,2.09,710
equity,INE519N01014,2024-02-20,2.194,1.986,1.986,200
equity,INE519N01014,2024-02-21,1.95,1.95,1.95,200
equity,INE519N01014,2024-02-22,1.95,1.95,1.95,
equity,INE519N01014,2024-02-23,1.853,1.853,1.853,110
equity,INE519N01014,2024-02-26,1.945,1.761,1.945,3690
equity,INE519N01014,2024-02-27,1.951,1.945,1.945,910
equity,INE519N01014,2024-02-28,2.042,1.945,1.945,1160
equity,INE519N01014,2024-02-29,1.945,1.945,1.945,
equity,INE519N01014,2024-03-01,1.945,1.945,1.945,100
equity,INE519N01014,2024-03-04,1.945,1.945,1.945,100
equity,INE519N01014,2024-03-05,1.945,1.945,1.945,
equity,INE519N01014,2024-03-06,1.945,1.945,1.945,1840
equity,INE519N01014,2024-03-07,1.945,1.945,1.945,
equity,INE519N01014,2024-03-11,2.042,1.848,1.848,200
equity,INE519N01014,2024-03-12,1.756,1.756,1.756,120
equity,INE519N01014,2024-03-13,1.756,1.756,1.756,110
equity,INE519N01014,2024-03-14,1.756,1.756,1.756,40
equity,INE519N01014,2024-03-15,1.756,1.756,1.756,
equity,INE519N01014,2024-03-18,1.843,1.669,1.843,810
equity,INE519N01014,2024-03-19,1.843,1.843,1.843,
equity,INE519N01014,2024-03-20,1.843,1.843,1.843,
equity,INE519N01014,2024-03-21,1.843,1.843,1.843,
equity,INE519N01014,2024-03-22,1.752,1.752,1.752,10
equity,INE519N01014,2024-03-26,1.752,1.752,1.752,
equity,INE519N01014,2024-03-27,1.752,1.752,1.752,
equity,INE519N01014,2024-03-28,1.752,1.673,1.673,1010
equity,INE519N01014,2024-04-01,1.673,1.6,1.6,100
equity,INE519N01014,2024-04-02,1.52,1.52,1.52,10
equity,INE519N01014,2024-04-03,1.52,1.52,1.52,
equity,INE519N01014,2024-04-04,1.52,1.52,1.52,
equity,INE519N01014,2024-04-05,1.596,1.596,1.596,500
equity,INE519N01014,2024-04-08,1.675,1.675,1.675,400
equity,INE519N01014,2024-04-09,1.758,1.592,1.592,110
equity,INE519N01014,2024-04-10,1.592,1.592,1.592,
equity,INE519N01014,2024-04-12,1.592,1.592,1.592,
equity,INE519N01014,2024-04-15,1.592,1.592,1.592,
equity,INE519N01014,2024-04-16,1.592,1.592,1.592,
equity,INE519N01014,2024-04-18,1.592,1.592,1.592,100
equity,INE519N01014,2024-04-19,1.671,1.671,1.671,4800
equity,INE519N01014,2024-04-22,1.671,1.671,1.671,
equity,INE519N01014,2024-04-23,1.671,1.671,1.671,
equity,INE519N01014,2024-04-24,1.671,1.671,1.671,
equity,INE519N01014,2024-04-25,1.671,1.671,1.671,
equity,INE519N01014,2024-04-26,1.671,1.671,1.671,
equity,INE519N01014,2024-04-29,1.671,1.671,1.671,
equity,INE519N01014,2024-04-30,1.671,1.671,1.671,
equity,INE519N01014,2024-05-02,1.671,1.671,1.671,
equity,INE519N01014,2024-05-03,1.671,1.671,1.671,
equity,INE519N01014,2024-05-06,1.671,1.671,1.671,100
equity,INE519N01014,2024-05-07,1.671,1.671,1.671,
equity,INE519N01014,2024-05-08,1.671,1.671,1.671,
equity,INE519N01014,2024-05-09,1.671,1.671,1.671,
equity,INE519N01014,2024-05-10,1.671,1.671,1.671,
equity,INE519N01014,2024-05-13,1.671,1.671,1.671,
equity,INE519N01014,2024-05-14,1.671,1.671,1.671,
equity,INE519N01014,2024-05-15,1.671,1.671,1.671,
equity,INE519N01014,2024-05-16,1.671,1.671,1.671,
equity,INE519N01014,2024-05-17,1.671,1.671,1.671,
equity,INE519N01014,2024-05-21,1.671,1.671,1.671,
equity,INE519N01014,2024-05-22,1.671,1.671,1.671,
equity,INE519N01014,2024-05-23,1.671,1.671,1.671,
equity,INE519N01014,2024-05-24,1.671,1.671,1.671,
equity,INE519N01014,2024-05-27,1.671,1.671,1.671,
equity,INE519N01014,2024-05-28,1.671,1.671,1.671,
equity,INE519N01014,2024-05-29,1.671,1.671,1.671,
equity,INE519N01014,2024-05-30,1.671,1.671,1.671,
equity,INE519N01014,2024-05-31,1.671,1.671,1.671,
equity,INE519N01014,2024-06-03,1.671,1.671,1.671,1050
equity,INE519N01014,2024-06-04,1.671,1.671,1.671,250
equity,INE519N01014,2024-06-05,1.671,1.671,1.671,
equity,INE519N01014,2024-06-06,1.671,1.671,1.671,
equity,INE519N01014,2024-06-07,1.672,1.672,1.672,30
equity,INE519N01014,2024-06-10,1.755,1.755,1.755,900
equity,INE519N01014,2024-06-11,1.842,1.842,1.842,700
equity,INE519N01014,2024-06-12,1.934,1.934,1.934,110
equity,INE519N01014,2024-06-13,2.03,2.03,2.03,270
equity,INE519N01014,2024-06-14,2.131,2.131,2.131,10
equity,INE519N01014,2024-06-18,2.131,2.131,2.131,600
equity,INE519N01014,2024-06-19,2.237,2.237,2.237,100
equity,INE519N01014,2024-06-20,2.348,2.348,2.348,10
equity,INE519N01014,2024-06-21,2.465,2.465,2.465,730
equity,INE519N01014,2024-06-24,2.588,2.588,2.588,810
equity,INE519N01014,2024-06-25,2.717,2.717,2.717,5710
equity,INE519N01014,2024-06-26,2.852,2.8,2.852,1650
equity,INE519N01014,2024-06-27,2.954,2.954,2.954,500
equity,INE519N01014,2024-06-28,2.954,2.954,2.954,
equity,INE519N01014,2024-07-01,3.101,2.955,3.101,1080
equity,INE519N01014,2024-07-02,3.256,3.256,3.256,2080
equity,INE519N01014,2024-07-03,3.418,3.418,3.418,2250
equity,INE519N01014,2024-07-04,3.588,3.588,3.588,1000
equity,INE519N01014,2024-07-05,3.767,3.75,3.767,4810
equity,INE519N01014,2024-07-08,3.955,3.85,3.889,13260
equity,INE519N01014,2024-07-09,4.083,3.867,4.075,1220
equity,INE519N01014,2024-07-10,4.278,3.872,4.278,5010
equity,INE519N01014,2024-07-11,4.2,4.2,4.2,210
equity,INE519N01014,2024-07-12,4.2,4.2,4.2,
equity,INE519N01014,2024-07-15,4.2,4.2,4.2,3940
equity,INE519N01014,2024-07-16,4.25,4.25,4.25,60
equity,INE519N01014,2024-07-18,4.25,4.25,4.25,
equity,INE519N01014,2024-07-19,4.25,4.25,4.25,100
equity,INE519N01014,2024-07-22,4.25,4.25,4.25,240
equity,INE519N01014,2024-07-23,4.25,4.25,4.25,
equity,INE519N01014,2024-07-24,4.25,4.25,4.25,
equity,INE519N01014,2024-07-25,4.25,4.25,4.25,700
equity,INE519N01014,2024-07-26,4.25,4.2,4.25,4750
equity,INE519N01014,2024-07-29,4.335,4.335,4.335,670
equity,INE519N01014,2024-07-30,4.421,4.421,4.421,410
equity,INE519N01014,2024-07-31,4.495,4.495,4.495,300
equity,INE519N01014,2024-08-01,4.584,4.538,4.538,300
equity,INE519N01014,2024-08-02,4.628,4.628,4.628,50
equity,INE519N01014,2024-08-05,4.628,4.628,4.628,
equity,INE519N01014,2024-08-06,4.628,4.628,4.628,110
equity,INE519N01014,2024-08-07,4.628,4.628,4.628,
equity,INE519N01014,2024-08-08,4.72,4.72,4.72,10
equity,INE519N01014,2024-08-09,4.78,4.78,4.78,7000
equity,INE519N01014,2024-08-12,4.78,4.78,4.78,
equity,INE519N01014,2024-08-13,4.78,4.78,4.78,
equity,INE519N01014,2024-08-14,4.875,4.7,4.875,2250
equity,INE519N01014,2024-08-16,4.972,4.972,4.972,3200
equity,INE519N01014,2024-08-19,5.071,5,5.071,8950
equity,INE519N01014,2024-08-20,5.172,5.172,5.172,1850
equity,INE519N01014,2024-08-21,5.275,5.275,5.275,3600
equity,INE519N01014,2024-08-22,5.38,5.38,5.38,100
equity,INE519N01014,2024-08-23,5.38,5.38,5.38,
equity,INE519N01014,2024-08-26,5.487,5.487,5.487,1940
equity,INE519N01014,2024-08-27,5.596,5.596,5.596,400
equity,INE519N01014,2024-08-28,5.707,5.707,5.707,1000
equity,INE519N01014,2024-08-29,5.821,5.821,5.821,10
equity,INE519N01014,2024-08-30,5.937,5.937,5.937,1000
equity,INE519N01014,2024-09-02,6.055,6,6,100
equity,INE519N01014,2024-09-03,6.12,6.12,6.12,990
equity,INE519N01014,2024-09-04,6.242,6.242,6.242,7610
equity,INE519N01014,2024-09-05,6.242,6.242,6.242,
equity,INE519N01014,2024-09-06,6.242,6.242,6.242,
equity,INE519N01014,2024-09-09,6.242,6.242,6.242,
equity,INE519N01014,2024-09-10,6.366,6.366,6.366,7540
equity,INE519N01014,2024-09-11,6.366,6.366,6.366,
equity,INE519N01014,2024-09-12,6.493,6.493,6.493,4000
equity,INE519N01014,2024-09-13,6.493,6.493,6.493,
equity,INE519N01014,2024-09-16,6.493,6.493,6.493,
equity,INE519N01014,2024-09-17,6.493,6.493,6.493,
equity,INE519N01014,2024-09-18,6.622,6.622,6.622,350
equity,INE519N01014,2024-09-19,6.754,6.754,6.754,220
equity,INE519N01014,2024-09-20,6.754,6.754,6.754,
equity,INE519N01014,2024-09-23,6.889,6.889,6.889,500
equity,INE519N01014,2024-09-24,6.889,6.889,6.889,
equity,INE519N01014,2024-09-25,6.889,6.889,6.889,
equity,INE519N01014,2024-09-26,6.889,6.889,6.889,
equity,INE519N01014,2024-09-27,7.026,7.026,7.026,1500
equity,INE519N01014,2024-09-30,7.026,7.026,7.026,
equity,INE519N01014,2024-10-01,7.026,7.026,7.026,
equity,INE519N01014,2024-10-03,7.166,7.166,7.166,100
equity,INE519N01014,2024-10-04,7.166,7.166,7.166,
equity,INE519N01014,2024-10-07,7.309,7.309,7.309,100
equity,INE519N01014,2024-10-08,7.309,7.309,7.309,
equity,INE519N01014,2024-10-09,7.455,7.455,7.455,220
equity,INE519N01014,2024-10-10,7.604,7.604,7.604,1000
equity,INE519N01014,2024-10-11,7.756,7.756,7.756,8800
equity,INE519N01014,2024-10-14,7.756,7.756,7.756,
equity,INE519N01014,2024-10-15,7.911,7.911,7.911,10
equity,INE519N01014,2024-10-16,7.911,7.911,7.911,
equity,INE519N01014,2024-10-17,8.069,8.069,8.069,600
equity,INE519N01014,2024-10-18,8.069,8.069,8.069,
equity,INE519N01014,2024-10-21,8.23,8.23,8.23,200
equity,INE519N01014,2024-10-22,8.394,8.394,8.394,24200
equity,INE519N01014,2024-10-23,8.394,8.394,8.394,
equity,INE519N01014,2024-10-24,8.394,8.394,8.394,
equity,INE519N01014,2024-10-25,8.394,8.394,8.394,
equity,INE519N01014,2024-10-28,8.394,8.394,8.394,
equity,INE519N01014,2024-10-29,8.394,8.394,8.394,
equity,INE519N01014,2024-10-30,8.394,8.394,8.394,
equity,INE519N01014,2024-10-31,8.394,8.394,8.394,
equity,INE519N01014,2024-11-01,8.394,8.394,8.394,
equity,INE519N01014,2024-11-04,8.394,8.394,8.394,
equity,INE519N01014,2024-11-05,8.561,8.561,8.561,200
equity,INE519N01014,2024-11-06,8.732,8.732,8.732,500
equity,INE519N01014,2024-11-07,8.732,8.732,8.732,
equity,INE519N01014,2024-11-08,8.732,8.732,8.732,
equity,INE519N01014,2024-11-11,8.732,8.732,8.732,
equity,INE519N01014,2024-11-12,8.732,8.732,8.732,
equity,INE519N01014,2024-11-13,8.732,8.732,8.732,
equity,INE519N01014,2024-11-14,8.732,8.732,8.732,
equity,INE519N01014,2024-11-18,8.732,8.732,8.732,
equity,INE519N01014,2024-11-19,8.732,8.732,8.732,
equity,INE519N01014,2024-11-21,9.084,9.084,9.084,100
equity,INE519N01014,2024-11-22,9.084,9.084,9.084,
equity,INE519N01014,2024-11-25,9.084,9.084,9.084,
equity,INE519N01014,2024-11-26,9.084,9.084,9.084,
equity,INE519N01014,2024-11-27,9.084,9.084,9.084,
equity,INE519N01014,2024-11-28,9.265,9.1,9.265,500
equity,INE519N01014,2024-11-29,9.265,9.265,9.265,
equity,INE519N01014,2024-12-02,9.265,9.265,9.265,
equity,INE519N01014,2024-12-03,9.265,9.265,9.265,
equity,INE519N01014,2024-12-04,9.265,9.265,9.265,
equity,INE519N01014,2024-12-05,9.265,9.265,9.265,
equity,INE519N01014,2024-12-06,9.265,9.265,9.265,
equity,INE519N01014,2024-12-09,9.265,9.265,9.265,
equity,INE519N01014,2024-12-10,9.265,9.265,9.265,
equity,INE519N01014,2024-12-11,9.265,9.265,9.265,
equity,INE519N01014,2024-12-12,9.45,9.45,9.45,2000
equity,INE519N01014,2024-12-13,9.639,9.639,9.639,250
equity,INE519N01014,2024-12-16,10.12,10.12,10.12,110
equity,INE519N01014,2024-12-17,10.12,10.12,10.12,
equity,INE519N01014,2024-12-18,10.12,10.12,10.12,
equity,INE519N01014,2024-12-19,10.12,10.12,10.12,
equity,INE519N01014,2024-12-20,10.12,10.12,10.12,
equity,INE519N01014,2024-12-23,10.12,10.12,10.12,
equity,INE519N01014,2024-12-24,10.12,10.12,10.12,
equity,INE519N01014,2024-12-26,10.12,10.12,10.12,
equity,INE519N01014,2024-12-27,10.12,10.12,10.12,
equity,INE519N01014,2024-12-30,11.157,11.157,11.157,200
equity,INE519N01014,2024-12-31,11.157,11.157,11.157,
equity,INE519N01014,2025-01-01,11.71,11.71,11.71,1000
equity,INE519N01014,2025-01-02,11.71,11.71,11.71,
equity,INE519N01014,2025-01-03,12.295,12.295,12.295,3000
equity,INE519N01014,2025-01-06,12.295,12.295,12.295,
equity,INE519N01014,2025-01-07,13.16,13.16,13.16,400
equity,INE519N01014,2025-01-08,13.42,13.42,13.42,1200
equity,INE519N01014,2025-01-09,13.42,13.42,13.42,
equity,INE519N01014,2025-01-10,13.42,13.42,13.42,
equity,INE519N01014,2025-01-13,13.42,13.42,13.42,
equity,INE519N01014,2025-01-14,13.42,13.42,13.42,
equity,INE519N01014,2025-01-15,13.42,13.42,13.42,
equity,INE519N01014,2025-01-16,13.42,13.42,13.42,
equity,INE519N01014,2025-01-17,13.42,13.42,13.42,
equity,INE519N01014,2025-01-20,13.42,13.42,13.42,
equity,INE519N01014,2025-01-21,14.51,14.51,14.51,100
equity,INE519N01014,2025-01-22,14.51,14.51,14.51,
equity,INE519N01014,2025-01-23,14.51,14.51,14.51,
equity,INE519N01014,2025-01-24,14.8,14.8,14.8,10
equity,INE519N01014,2025-01-27,15.095,15.095,15.095,300
equity,INE519N01014,2025-01-28,15.095,15.095,15.095,
equity,INE519N01014,2025-01-29,15.095,15.095,15.095,
equity,INE519N01014,2025-01-30,15.095,15.095,15.095,
equity,INE519N01014,2025-01-31,15.095,15.095,15.095,
equity,INE519N01014,2025-02-01,15.095,15.095,15.095,
equity,INE519N01014,2025-02-03,15.095,15.095,15.095,
equity,INE519N01014,2025-02-04,15.095,15.095,15.095,
equity,INE519N01014,2025-02-05,15.7,15.7,15.7,870
equity,INE519N01014,2025-02-06,15.7,15.7,15.7,
equity,INE519N01014,2025-02-07,16.33,16.33,16.33,370
equity,INE519N01014,2025-02-10,16.655,16.655,16.655,3020
equity,INE519N01014,2025-02-11,16.985,16.985,16.985,20
equity,INE519N01014,2025-02-12,17.32,17.32,17.32,1850
equity,INE519N01014,2025-02-13,17.665,17.665,17.665,8550
equity,INE519N01014,2025-02-14,18.015,18,18.015,600
equity,INE519N01014,2025-02-17,18.375,18.375,18.375,100
equity,INE519N01014,2025-02-18,18.375,18.375,18.375,
equity,INE519N01014,2025-02-19,19.11,19.11,19.11,13970
equity,INE519N01014,2025-02-20,19.49,19.49,19.49,20
equity,INE519N01014,2025-02-21,19.49,19.49,19.49,
equity,INE519N01014,2025-02-24,20.27,20.27,20.27,2020
equity,INE519N01014,2025-02-25,20.675,20.675,20.675,2200
equity,INE519N01014,2025-02-27,21.085,21.085,21.085,27510
equity,INE519N01014,2025-02-28,21.505,21.505,21.505,41520
equity,INE519N01014,2025-03-03,21.935,21.935,21.935,13200
equity,INE519N01014,2025-03-04,22.37,22.37,22.37,6000
equity,INE519N01014,2025-03-05,22.815,22.815,22.815,5220
equity,INE519N01014,2025-03-06,23.27,23.27,23.27,4000
equity,INE519N01014,2025-03-07,23.735,23.735,23.735,8900
equity,INE519N01014,2025-03-10,24.205,24.205,24.205,5350
equity,INE519N01014,2025-03-11,24.685,24.205,24.685,7220
equity,INE519N01014,2025-03-12,25.175,24.195,25.175,189910
equity,INE519N01014,2025-03-13,25.675,24.675,25.675,55900
equity,INE519N01014,2025-03-17,26.185,26.185,26.185,30540
equity,INE519N01014,2025-03-18,26.705,25.665,26.705,19580
equity,INE519N01014,2025-03-19,27.235,27.235,27.235,6460
equity,INE519N01014,2025-03-20,27.775,27.775,27.775,2170
equity,INE519N01014,2025-03-21,28.33,28.325,28.33,3820
equity,INE519N01014,2025-03-24,28.895,28.895,28.895,13100
equity,INE519N01014,2025-03-25,29.47,29.47,29.47,2210
equity,INE519N01014,2025-03-26,30.055,30.055,30.055,10600
equity,INE519N01014,2025-03-27,30.655,30.655,30.655,1260
equity,INE519N01014,2025-03-28,31.265,31.265,31.265,2780
equity,INE519N01014,2025-04-01,31.89,31.89,31.89,9210
equity,INE519N01014,2025-04-02,32.525,32.525,32.525,290
equity,INE519N01014,2025-04-03,33.175,33.175,33.175,5900
equity,INE519N01014,2025-04-04,33.835,33.835,33.835,1720
equity,INE519N01014,2025-04-07,34.51,34.51,34.51,4410
equity,INE519N01014,2025-04-08,35.2,35.2,35.2,1010
equity,INE519N01014,2025-04-09,35.9,35.9,35.9,10050
equity,INE519N01014,2025-04-11,36.6,36.6,36.6,700
equity,INE519N01014,2025-04-15,37.33,35.87,37.33,54960
equity,INE519N01014,2025-04-16,38.075,38.075,38.075,550
equity,INE519N01014,2025-04-17,38.835,38.645,38.835,1170
equity,INE519N01014,2025-04-21,39.61,38.06,39.61,6320
equity,INE519N01014,2025-04-22,40.4,40.4,40.4,200
equity,INE519N01014,2025-04-23,41.205,41.205,41.205,1700
equity,INE519N01014,2025-04-24,42.025,42.025,42.025,350
equity,INE519N01014,2025-04-25,42.865,41.185,42.865,14590
equity,INE519N01014,2025-04-28,43.72,42.01,43.72,15930
equity,INE519N01014,2025-04-29,44.59,44.495,44.59,8620
equity,INE519N01014,2025-04-30,45.48,43.7,45.48,16930
equity,INE519N01014,2025-05-02,46.385,45,46.29,7620
equity,INE519N01014,2025-05-05,46.29,45.365,45.365,13720
equity,INE519N01014,2025-05-06,44.46,44.46,44.46,4140
equity,INE519N01014,2025-05-07,43.575,43.575,43.575,10020
equity,INE519N01014,2025-05-08,43.5,42.705,43.5,59750
equity,INE519N01014,2025-05-09,44.37,42.63,44.37,15330
equity,INE519N01014,2025-05-12,45.255,45.255,45.255,5980
equity,INE519N01014,2025-05-13,46.16,44.5,46.14,16410
equity,INE519N01014,2025-05-14,47.06,46.5,47.06,7450
equity,INE519N01014,2025-05-15,48,48,48,2320
equity,INE519N01014,2025-05-16,48.96,48.96,48.96,2100
equity,INE519N01014,2025-05-19,49.935,49.935,49.935,3430
equity,INE519N01014,2025-05-20,50.93,50.93,50.93,2480
equity,INE519N01014,2025-05-21,51.945,51.945,51.945,2300
equity,INE519N01014,2025-05-22,52.98,52.98,52.98,760
equity,INE519N01014,2025-05-23,54.035,54.035,54.035,2850
equity,INE519N01014,2025-05-26,55.115,55.115,55.115,230
equity,INE519N01014,2025-05-27,56.215,56.215,56.215,550
equity,INE519N01014,2025-05-28,57.335,57.335,57.335,190
equity,INE519N01014,2025-05-29,58.48,58.48,58.48,6600
equity,INE519N01014,2025-05-30,59.645,59.645,59.645,1270
equity,INE519N01014,2025-06-02,60.835,60.835,60.835,750
equity,INE519N01014,2025-06-03,62.05,62.05,62.05,1310
equity,INE519N01014,2025-06-04,63.29,63.29,63.29,710
equity,INE519N01014,2025-06-05,64.555,64.555,64.555,810
equity,INE519N01014,2025-06-06,65.845,65.845,65.845,7460
equity,INE519N01014,2025-06-09,67.16,67.16,67.16,550
equity,INE519N01014,2025-06-10,68.5,68.5,68.5,1020
equity,INE519N01014,2025-06-11,69.87,69.87,69.87,540
equity,INE519N01014,2025-06-12,71.265,71.265,71.265,2150
equity,INE519N01014,2025-06-13,72.69,72.69,72.69,250
equity,INE519N01014,2025-06-16,74.14,74.14,74.14,2520
equity,INE519N01014,2025-06-17,75.62,75.62,75.62,70
equity,INE519N01014,2025-06-18,77.13,77.13,77.13,270
equity,INE519N01014,2025-06-19,78.67,78.67,78.67,1520
equity,INE519N01014,2025-06-20,80.24,80.24,80.24,1650
equity,INE519N01014,2025-06-23,81.84,81.84,81.84,1410
equity,INE519N01014,2025-06-24,83.475,83.475,83.475,1370
equity,INE519N01014,2025-06-25,85.14,85.14,85.14,110
equity,INE519N01014,2025-06-26,86.84,86.84,86.84,120
equity,INE519N01014,2025-06-27,88.575,88.575,88.575,4140
equity,INE519N01014,2025-06-30,90.345,90.345,90.345,6950
equity,INE519N01014,2025-07-01,92.15,92.15,92.15,11400
equity,INE519N01014,2025-07-02,93.99,93.99,93.99,19780
equity,INE519N01014,2025-07-03,95.865,92.115,95.865,82860
equity,INE519N01014,2025-07-04,97.78,97.78,97.78,17380
equity,INE519N01014,2025-07-07,99.735,99.735,99.735,29580
equity,INE519N01014,2025-07-08,101.725,101.725,101.725,14440
equity,INE519N01014,2025-07-09,103.755,103.755,103.755,28950
equity,INE519N01014,2025-07-10,105.8,105,105.8,40740
equity,INE519N01014,2025-07-11,107.915,103.685,107.915,17380
equity,INE519N01014,2025-07-14,110.07,110.07,110.07,7140
equity,INE519N01014,2025-07-15,112.27,112.27,112.27,5550
equity,INE519N01014,2025-07-16,114.515,114.515,114.515,6500
equity,INE519N01014,2025-07-17,116.805,116.805,116.805,12840
equity,INE519N01014,2025-07-18,119.14,119.14,119.14,7040
equity,INE519N01014,2025-07-21,121.52,121.52,121.52,1440
equity,INE519N01014,2025-07-22,123.95,123.945,123.95,33200
equity,INE519N01014,2025-07-23,126.425,126.425,126.425,560
equity,INE519N01014,2025-07-24,128.95,128.95,128.95,2120
equity,INE519N01014,2025-07-25,131.525,131.525,131.525,3050
equity,INE519N01014,2025-07-28,134.155,134.155,134.155,360
equity,INE519N01014,2025-07-29,136.835,136.835,136.835,2250
equity,INE519N01014,2025-07-30,139.57,139.57,139.57,900
equity,INE519N01014,2025-07-31,142.36,142.36,142.36,580
equity,INE519N01014,2025-08-01,145.205,145.205,145.205,310
equity,INE519N01014,2025-08-04,148.105,148.105,148.105,10250
equity,INE519N01014,2025-08-05,151.065,151.065,151.065,1380
equity,INE519N01014,2025-08-06,154.085,154.085,154.085,9140
equity,INE519N01014,2025-08-07,157.165,157.165,157.165,2620
equity,INE519N01014,2025-08-08,160.305,160.305,160.305,1440
equity,INE519N01014,2025-08-11,163.51,163.51,163.51,16480
equity,INE519N01014,2025-08-12,166.78,166.78,166.78,1510
equity,INE519N01014,2025-08-13,170.115,170.115,170.115,1370
equity,INE519N01014,2025-08-14,173.515,173.515,173.515,530
equity,INE519N01014,2025-08-18,176.985,176.985,176.985,260
equity,INE519N01014,2025-08-19,180.52,180.52,180.52,2820
equity,INE519N01014,2025-08-20,184.13,184.13,184.13,1900
equity,INE519N01014,2025-08-21,187.81,187.81,187.81,3120
equity,INE519N01014,2025-08-22,191.565,191.565,191.565,10990
equity,INE519N01014,2025-08-25,195.395,195.395,195.395,1590
equity,INE519N01014,2025-08-26,199.3,199.3,199.3,950
equity,INE519N01014,2025-08-28,203.285,195.315,203.285,73980
equity,INE519N01014,2025-08-29,207.35,207.35,207.35,17750
equity,INE519N01014,2025-09-01,211.3,210.7,211,17000
equity,INE519N01014,2025-09-02,206.78,206.78,206.78,13020
equity,INE519N01014,2025-09-03,202.645,202.645,202.645,19680
equity,INE519N01014,2025-09-04,206.695,200.1,205.9,99860
equity,INE519N01014,2025-09-05,201.785,201.785,201.785,37930
equity,INE519N01014,2025-09-08,197.75,197.75,197.75,30520
equity,INE519N01014,2025-09-09,193.795,193.795,193.795,16890
equity,INE519N01014,2025-09-10,189.92,189.92,189.92,12290
equity,INE519N01014,2025-09-11,186.125,186.125,186.125,5950
equity,INE519N01014,2025-09-12,189.8,182.405,189.8,108610
equity,INE519N01014,2025-09-15,199.29,194.2,199.29,117430
equity,INE519N01014,2025-09-16,209.25,208.5,209.25,17710
equity,INE519N01014,2025-09-17,219.71,219.71,219.71,1230
equity,INE519N01014,2025-09-18,230.695,230.695,230.695,2380
equity,INE519N01014,2025-09-19,242.225,242.225,242.225,6040
equity,INE519N01014,2025-09-22,254.335,254.335,254.335,8390
equity,INE519N01014,2025-09-23,267.05,241.62,267.05,69090
equity,INE519N01014,2025-09-24,262,261.71,261.71,40300
equity,INE519N01014,2025-09-25,256.48,256.48,256.48,6710
equity,INE519N01014,2025-09-26,261.605,251.355,261.605,64700
equity,INE519N01014,2025-09-29,266.835,256.375,266.835,62270
equity,INE519N01014,2025-09-30,272.17,272.095,272.17,10150
equity,INE519N01014,2025-10-01,273.5,267,267,31940
equity,INE519N01014,2025-10-03,261.66,261.66,261.66,5580
equity,INE519N01014,2025-10-06,256.43,256.43,256.43,1560
equity,INE519N01014,2025-10-07,251.305,251.305,251.305,1940
equity,INE519N01014,2025-10-08,246.28,246.28,246.28,1130
equity,INE519N01014,2025-10-09,241.355,241.355,241.355,4520
equity,INE519N01014,2025-10-10,236.53,236.53,236.53,6930
equity,INE519N01014,2025-10-13,231.8,231.8,231.8,2050
equity,INE519N01014,2025-10-14,227.165,227.165,227.165,92260
equity,INE519N01014,2025-10-15,222.625,222.625,222.625,73080
equity,INE519N01014,2025-10-16,218.175,218.175,218.175,53530
equity,INE519N01014,2025-10-17,213.815,213.815,213.815,2360
equity,INE519N01014,2025-10-20,209.54,209.54,209.54,2280
equity,INE519N01014,2025-10-21,209.54,209.54,209.54,
equity,INE519N01014,2025-10-23,202.96,202.96,202.96,40910
equity,INE519N01014,2025-10-24,207.015,198.905,207.015,214580
equity,INE519N01014,2025-10-27,211.155,203.1,211.155,39740
equity,INE519N01014,2025-10-28,215.375,215.375,215.375,10940
equity,INE519N01014,2025-10-29,219.68,219.68,219.68,60220
equity,INE519N01014,2025-10-30,224.07,223.97,223.97,91390
equity,INE519N01014,2025-10-31,228.245,219.495,228.245,22200
equity,INE519N01014,2025-11-03,239.655,238.405,239.655,94750
equity,INE519N01014,2025-11-04,251.635,235,251.635,43080
equity,INE519N01014,2025-11-06,264.215,239.2,264.215,126890
equity,INE519N01014,2025-11-07,277.425,251.005,258.655,86650
equity,INE519N01014,2025-11-10,269.4,246.005,256.525,26440
equity,INE519N01014,2025-11-11,269.35,243.7,268.77,60420
equity,INE519N01014,2025-11-12,282.205,268.77,282.205,51040
equity,INE519N01014,2025-11-13,296.315,287.85,296.315,99890
equity,INE519N01014,2025-11-14,311.13,290,311.13,93950
equity,INE519N01014,2025-11-17,326.685,320,326.685,57040
equity,INE519N01014,2025-11-18,343.015,335.8,343.015,37350
equity,INE519N01014,2025-11-19,360,325.865,325.865,152770
equity,INE519N01014,2025-11-20,324.235,309.575,309.935,85110
equity,INE519N01014,2025-11-21,307.7,294.44,294.44,21180
equity,INE519N01014,2025-11-24,309.16,279.72,309.16,58480
equity,INE519N01014,2025-11-25,324.615,295.57,324.615,72260
equity,INE519N01014,2025-11-26,340.845,310.12,340.34,97910
equity,INE519N01014,2025-11-27,357.355,324,356.8,111260
equity,INE519N01014,2025-11-28,374.64,345,374.64,121830
equity,INE519N01014,2025-12-01,392.9,382.1,392.22,74580
equity,INE519N01014,2025-12-02,409.9,372.61,377.965,74290
equity,INE519N01014,2025-12-03,377.8,359.07,359.07,29190
equity,INE519N01014,2025-12-04,354.985,341.12,341.12,25470
equity,INE519N01014,2025-12-05,348.3,324.065,324.065,49690
equity,INE519N01014,2025-12-08,340.265,314,340.265,75570
equity,INE519N01014,2025-12-09,357.275,323.255,357.21,74900
equity,INE519N01014,2025-12-10,374,346.1,373.27,79890
equity,INE519N01014,2025-12-11,390.9,354.61,390.635,96140
equity,INE519N01014,2025-12-12,409,382.5,404.885,80420
equity,INE519N01014,2025-12-15,420.1,386.645,419.57,72330
equity,INE519N01014,2025-12-16,419.57,398.595,406.16,44100
equity,INE519N01014,2025-12-17,398.04,385.855,390.645,35500
equity,INE519N01014,2025-12-18,408,372.115,405.98,58930
equity,INE519N01014,2025-12-19,422.275,417.1,419.305,35560
equity,INE519N01014,2025-12-22,434.27,404.04,427.925,32030
equity,INE519N01014,2025-12-23,445,436.485,444.215,27900
equity,INE519N01014,2025-12-24,465.8,440,462.27,110430
equity,INE519N01014,2025-12-26,483,468.5,475.215,50730
equity,INE519N01014,2025-12-29,492.1,474,487.255,81060
equity,INE519N01014,2025-12-30,505,462.895,488.895,138210
equity,INE519N01014,2025-12-31,498,466.1,489.125,134720
equity,INE519N01014,2026-01-01,485.51,464.67,469.175,43200
equity,INE519N01014,2026-01-02,478.995,445.72,454.88,52550
equity,INE519N01014,2026-01-05,470.12,445,458.68,24370
equity,INE519N01014,2026-01-06,466,435.75,459.14,26960
equity,INE519N01014,2026-01-07,469.1,445,450.985,24600
equity,INE519N01014,2026-01-08,465,428.44,429.245,25900
equity,INE519N01014,2026-01-09,429,407.785,407.785,19510
equity,INE519N01014,2026-01-12,428.17,387.4,425.81,26290
equity,INE519N01014,2026-01-13,447.1,425,444.46,30130
equity,INE519N01014,2026-01-14,466.68,448.1,466.21,36880
equity,INE519N01014,2026-01-15,466.21,466.21,466.21,
equity,INE519N01014,2026-01-16,487.5,455.3,483.77,41090
equity,INE519N01014,2026-01-19,498.1,459.585,461.945,31490
equity,INE519N01014,2026-01-20,454.5,438.85,438.85,13480
equity,INE519N01014,2026-01-21,430,416.91,416.91,13320
equity,INE519N01014,2026-01-22,437.755,396.065,436.78,25220
equity,INE519N01014,2026-01-23,458.615,439.11,458.615,34790
equity,INE519N01014,2026-01-27,481.545,435.7,479.33,63660
equity,INE519N01014,2026-01-28,503.295,465.5,501.25,61670
equity,INE519N01014,2026-01-29,526.31,476.7,524.465,83870
equity,INE519N01014,2026-01-30,550.685,503.045,550.01,68440
equity,INE519N01014,2026-02-02,590,549.655,571.01,16920
equity,INE519N01014,2026-02-03,580,542.46,552.985,57280
equity,INE519N01014,2026-02-04,550,525.34,525.34,44250
equity,INE519N01014,2026-02-05,551.605,499.075,541.095,74650
equity,INE519N01014,2026-02-06,568.1,543.8,560.3,39560
equity,INE519N01014,2026-02-09,580,532.285,533.775,70710
equity,INE519N01014,2026-02-10,558,507.09,509.665,63410
equity,INE519N01014,2026-02-11,532,484.185,511.2,116160
equity,INE519N01014,2026-02-12,529.885,485.64,510.055,95150
equity,INE519N01014,2026-02-13,530.055,484.95,517.28,201250
equity,INE519N01014,2026-02-16,543.1,491.42,509.41,130540
equity,INE519N01014,2026-02-17,513.785,483.94,484.525,36350
equity,INE519N01014,2026-02-18,487.9,460.3,460.3,49750
equity,INE519N01014,2026-02-19,454,437.285,437.285,13880
equity,INE519N01014,2026-02-20,415.425,415.425,415.425,11200
equity,INE519N01014,2026-02-23,436.195,394.655,431.335,120060
equity,INE519N01014,2026-02-24,452.9,410,450.385,43580
equity,INE519N01014,2026-02-25,464,434.87,458.025,94500
equity,INE519N01014,2026-02-26,480.925,435.125,477.62,116300
equity,INE519N01014,2026-02-27,498.5,465.005,493.365,211350
equity,INE519N01014,2026-03-02,482.895,468.7,468.7,22270
equity,INE519N01014,2026-03-04,445.265,445.265,445.265,4890
equity,INE519N01014,2026-03-05,445.195,423.005,424.77,29840
equity,INE519N01014,2026-03-06,430,403.535,404.435,26470
equity,INE519N01014,2026-03-09,399.29,384.215,384.215,13400
equity,INE519N01014,2026-03-10,401.5,381,401.5,27580
equity,INE519N01014,2026-03-11,419,401.5,418.445,23880
equity,INE519N01014,2026-03-12,436.995,401,430.195,44640
equity,INE519N01014,2026-03-13,448.995,408.69,447.05,60780
equity,INE519N01014,2026-03-16,445,429.7,442.725,133410
equity,INE519N01014,2026-03-17,442.5,425.59,430.35,67060
equity,INE519N01014,2026-03-18,429.8,408.835,409.46,46480
equity,INE519N01014,2026-03-19,427.4,388.99,425.75,46350
equity,INE519N01014,2026-03-20,444.5,405.1,441.275,45290
equity,INE519N01014,2026-03-23,459.995,419.215,454.105,101130
equity,INE519N01014,2026-03-24,470.5,435,467.925,75120
equity,INE519N01014,2026-03-25,490.1,455,482.535,98790
equity,INE519N01014,2026-03-27,505,463.51,503.085,76120
equity,INE519N01014,2026-03-30,517.3,479,512.21,173330
equity,INE519N01014,2026-04-01,512.255,486.6,492.535,40120
equity,INE519N01014,2026-04-02,479.5,467.91,467.91,9670
equity,INE519N01014,2026-04-06,454.5,444.515,444.515,8270
equity,INE519N01014,2026-04-07,466.24,422.29,462.32,21790
equity,INE519N01014,2026-04-08,479.895,464.63,471.055,17730
equity,INE519N01014,2026-04-09,487.5,452.505,463.42,14110
equity,INE519N01014,2026-04-10,470,450,455.315,9750
equity,INE519N01014,2026-04-13,459.9,433.5,442.085,11970
equity,INE519N01014,2026-04-15,464.185,419.985,462.07,76360
equity,INE519N01014,2026-04-16,461.8,443.1,445.92,24650
equity,INE519N01014,2026-04-17,445,429,431.33,19650
equity,INE519N01014,2026-04-20,442.895,420,422.885,15320
equity,INE519N01014,2026-04-21,430,415,421.355,11060
equity,INE519N01014,2026-04-22,431.9,411.4,416.78,11420
equity,INE519N01014,2026-04-23,427.615,408,409.71,9020
equity,INE519N01014,2026-04-24,419.99,399.9,406.985,19620
equity,INE519N01014,2026-04-27,415,400,410.065,7210
equity,INE519N01014,2026-04-28,430,410,424.165,18260
equity,INE519N01014,2026-04-29,434.9,420.2,431.69,14430
equity,INE519N01014,2026-04-30,440,422.11,434.83,16900
equity,INE519N01014,2026-05-01,434.83,434.83,434.83,
equity,INE519N01014,2026-05-04,434.7,413.09,413.54,10770
equity,INE519N01014,2026-05-05,412.2,400.87,403.98,5850
equity,INE519N01014,2026-05-06,404,400,401.84,10810
equity,INE519N01014,2026-05-07,410,395.8,406.46,9560
equity,INE519N01014,2026-05-08,406.46,388.5,395.625,9900
equity,INE519N01014,2026-05-11,414.905,375.845,407.51,31440
equity,INE519N01014,2026-05-12,426,390,417.165,33860
equity,INE519N01014,2026-05-13,428.4,401.31,426.055,39290
equity,INE519N01014,2026-05-14,444,414.755,438.71,37200
equity,INE519N01014,2026-05-15,460,430,454.695,57690
equity,INE519N01014,2026-05-18,454.5,442.1,445.365,9010
equity,INE519N01014,2026-05-19,436.46,423.6,424.34,12050
equity,INE519N01014,2026-05-20,433.995,405,413.5,5520
equity,INE519N01014,2026-05-21,432.1,405,429.17,14030
equity,INE519N01014,2026-05-22,449.6,423.2,430.205,31240
equity,INE519N01014,2026-05-25,459,418.645,454.685,43530
equity,INE519N01014,2026-05-26,472,432,467.395,623920
equity,INE519N01014,2026-05-27,480,444.03,474.92,158610
equity,INE519N01014,2026-05-28,474.92,474.92,474.92,
equity,INE519N01014,2026-05-29,490,451.175,485.355,84250
equity,INE519N01014,2026-06-01,475,461.09,461.69,20180
equity,INE519N01014,2026-06-02,445,438.61,438.61,10910
equity,INE519N01014,2026-06-03,433.99,417.68,420.645,34100
equity,INE519N01014,2026-06-04,425,399.615,402.345,61650
equity,INE519N01014,2026-06-05,416.4,395,399.275,21790
equity,INE519N01014,2026-06-08,407.9,386.1,390.01,34140
equity,INE519N01014,2026-06-09,405,374,400.17,22990
equity,INE519N01014,2026-06-10,408.8,390.2,398.415,35200
equity,INE519N01014,2026-06-11,400.9,385.1,386.01,11040
equity,INE519N01014,2026-06-12,390.995,381.1,389.115,5260
equity,INE519N01014,2026-06-15,402,382.25,390.63,39760
equity,INE519N01014,2026-06-16,404.9,375,389.365,66230
equity,INE519N01014,2026-06-17,405,375,388.105,65820
equity,INE519N01014,2026-06-18,397.5,377,386.54,72080
equity,INE519N01014,2026-06-19,396.9,376.1,391.015,103100
equity,INE519N01014,2026-06-22,402.1,385.255,399.8,23180
equity,INE519N01014,2026-06-23,419.79,390,410.9,73630
equity,INE519N01014,2026-06-24,431.445,390.855,430.595,77770
equity,INE519N01014,2026-06-25,450,409.07,444.44,98550
equity,INE519N01014,2026-06-26,444.44,444.44,444.44,
equity,INE519N01014,2026-06-29,461.8,422.22,459.185,99600
equity,INE519N01014,2026-06-30,475,438,467.795,90830
equity,INE519N01014,2026-07-01,460.1,444.41,444.475,58230
equity,INE519N01014,2026-07-02,422.255,422.255,422.255,8980
equity,INE519N01014,2026-07-03,419.9,401.145,407.545,18010
equity,INE519N01014,2026-07-06,418.4,406.1,410.15,8920
equity,INE519N01014,2026-07-07,424.65,412.5,417.31,7620
equity,INE519N01014,2026-07-08,426.25,408.51,414.72,9760
equity,INE519N01014,2026-07-09,420,398,406.865,6590
equity,INE519N01014,2026-07-10,406.865,398,400.05,24110
equity,INE519N01014,2026-07-13,419.55,387,409.515,35350
equity,INE519N01014,2026-07-14,416.8,389.04,404.015,19240
equity,INE519N01014,2026-07-15,404.7,384,384.825,31980
equity,INE519N01014,2026-07-16,388.675,378.5,380.3,15240
equity,INE519N01014,2026-07-17,384.2,361.285,379.87,33340
equity,INE519N01014,2026-07-20,385,366,377.955,9360
equity,INE519N01014,2026-07-21,390,359.06,359.985,65950
equity,INE519N01014,2026-07-22,367.98,341.99,351.855,36860
equity,INE519N01014,2026-07-23,366.8,334.265,361.545,57260
equity,INE519N01014,2026-07-24,379.62,345,375.7,51480
equity,INE519N01014,2026-07-27,387.4,361.915,382.055,58300
equity,INE519N01014,2026-07-28,385.9,371,382.005,58500
equity,INE519N01014,2026-07-29,387.7,372,384.19,68020
equity,INE519N01014,2026-07-30,388.395,376.005,382.52,83950
equity,INE519N01014,2026-07-31,385.9,374.87,378.1,113530
equity,INE519N01014,2026-08-03,384.9,372,377.895,22040
equity,INE519N01014,2026-08-04,376.48,359.005,359.005,24740
equity,INE519N01014,2026-08-05,362.595,341.055,342.42,24600
equity,INE519N01014,2026-08-06,341.055,325.3,326.46,24330
equity,INE519N01014,2026-08-07,332.78,311,315.55,19830
equity,INE519N01014,2026-08-10,317,300.275,310.21,19100
equity,INE519N01014,2026-08-11,310.1,294.7,296.75,27580
equity,INE519N01014,2026-08-12,311.585,281.915,311.585,36150
equity,INE519N01014,2026-08-13,327.16,325.9,327.16,6530
equity,INE519N01014,2026-08-14,343.515,343.515,343.515,3340
equity,INE519N01014,2026-08-17,360.69,335.695,353.82,51310
equity,INE519N01014,2026-08-18,359.8,340,353.925,33840
equity,INE519N01014,2026-08-19,365,343.505,358.305,26600
equity,INE519N01014,2026-08-20,369.8,348,367.955,17980
equity,INE519N01014,2026-08-21,379,360,377.1,62810
equity,INE519N01014,2026-08-24,390.5,367.11,388.96,88390
equity,INE519N01014,2026-08-25,403.8,379.995,395.32,79890
equity,INE519N01014,2026-08-26,404.3,390.7,401.44,75030
equity,INE519N01014,2026-08-27,407.395,381.37,394.58,79680
equity,INE519N01014,2026-08-28,407.2,391.005,400.955,138120
equity,INE519N01014,2026-08-31,409.9,393.055,408.05,118520
equity,INE519N01014,2026-09-01,413.995,398,404.9,83400
equity,INE519N01014,2026-09-02,407.5,385.2,388.05,201020
equity,INE519N01014,2026-09-03,392,372.1,385.75,22200
equity,INE519N01014,2026-09-04,387.7,371.145,379.32,20750
equity,INE519N01014,2026-09-07,380,371.105,378.74,11350
equity,INE519N01014,2026-09-08,384.8,372.32,379.755,8770
equity,INE519N01014,2026-09-09,375.025,369,372.12,13460
equity,INE519N01014,2026-09-10,375,355.74,373.325,7930
equity,INE519N01014,2026-09-11,370,354.66,358.915,45070
equity,INE519N01014,2026-09-14,358.915,358.915,358.915,
equity,INE519N01014,2026-09-15,369.89,353,358.915,21200
equity,INE519N01014,2026-09-16,369.88,346.55,348.84,26790
equity,INE519N01014,2026-09-17,355,335.35,349.655,26900
equity,INE519N01014,2026-09-18,360.89,349.005,353.17,60280
equity,INE519N01014,2026-09-21,361.695,347.6,351.085,81730
equity,INE519N01014,2026-09-22,368.635,349.1,356.445,61230
equity,INE519N01014,2026-09-23,373.8,356.48,361.435,107340
equity,INE519N01014,2026-09-24,363.08,347,357.43,76280
equity,INE784R01023,2025-07-22,41.7656,36.8913,38.2768,1226411
equity,INE784R01023,2025-07-23,39.3633,34.5787,34.8977,228994
equity,INE784R01023,2025-07-24,36.3829,33.243,34.0205,162238
equity,INE784R01023,2025-07-25,35.7649,32.4157,33.4523,137888
equity,INE784R01023,2025-07-28,34.2797,31.4488,31.7578,32766
equity,INE784R01023,2025-07-29,32.4855,31.3292,31.4289,17798
equity,INE784R01023,2025-07-30,33.871,31.4588,32.8842,93488
equity,INE784R01023,2025-07-31,34.5887,32.3957,34.1302,79522
equity,INE784R01023,2025-08-01,37.5392,34.19,37.5392,334679
equity,INE784R01023,2025-08-04,40.8685,38.0874,39.8418,991020
equity,INE784R01023,2025-08-05,39.8218,37.8482,38.6357,128139
equity,INE784R01023,2025-08-06,38.2569,36.7019,37.0607,219296
equity,INE784R01023,2025-08-07,36.8813,35.2067,35.745,106524
equity,INE784R01023,2025-08-08,37.0707,35.3861,36.6421,61780
equity,INE784R01023,2025-08-11,37.5093,35.3861,35.4858,52877
equity,INE784R01023,2025-08-12,36.5025,33.8112,34.3395,52607
equity,INE784R01023,2025-08-13,35.8546,33.8909,34.9475,68670
equity,INE784R01023,2025-08-14,35.8347,34.0903,34.3694,53847
equity,INE784R01023,2025-08-18,35.5855,33.1134,34.1401,69149
equity,INE784R01023,2025-08-19,34.8877,33.3028,34.3295,61602
equity,INE784R01023,2025-08-20,34.6784,32.8941,33.8311,97055
equity,INE784R01023,2025-08-21,34.18,33.0137,33.5022,58827
equity,INE784R01023,2025-08-22,34.0305,32.7147,33.6318,56170
equity,INE784R01023,2025-08-25,34.0903,32.9141,33.7414,565574
equity,INE784R01023,2025-08-26,34.5887,33.2629,34.1999,61729
equity,INE784R01023,2025-08-28,35.0871,33.4723,33.9507,61782
equity,INE784R01023,2025-08-29,34.3096,32.4456,32.7546,77019
equity,INE784R01023,2025-09-01,33.881,32.4057,33.5022,73195
equity,INE784R01023,2025-09-02,34.9774,31.8973,34.2996,280536
equity,INE784R01023,2025-09-03,36.0141,33.3626,36.0141,2357527
equity,INE784R01023,2025-09-04,37.8083,36.7218,37.8083,189854
equity,INE784R01023,2025-09-05,39.6923,37.1205,38.0376,298108
equity,INE784R01023,2025-09-08,39.9315,36.1337,39.4331,2803460
equity,INE784R01023,2025-09-09,40.8585,38.3765,40.2206,1380928
equity,INE784R01023,2025-09-10,42.1045,39.0443,41.5961,2728060
equity,INE784R01023,2025-09-11,42.8621,41.4665,42.6328,674376
equity,INE784R01023,2025-09-12,43.799,41.8653,43.0514,428336
equity,INE784R01023,2025-09-15,43.8588,42.4235,43.0315,417332
equity,INE784R01023,2025-09-16,43.3604,41.6559,42.6228,395175
equity,INE784R01023,2025-09-17,44.6064,41.9649,43.9884,880940
equity,INE784R01023,2025-09-18,45.354,43.3605,44.9055,683976
equity,INE784R01023,2025-09-19,47.1483,44.8556,46.7196,1177248
equity,INE784R01023,2025-09-22,47.7164,46.1016,46.3409,285129
equity,INE784R01023,2025-09-23,48.4441,44.0183,47.3377,1065615
equity,INE784R01023,2025-09-24,49.3811,45.8524,46.909,1376393
equity,INE784R01023,2025-09-25,48.3444,46.5502,46.8492,872362
equity,INE784R01023,2025-09-26,47.846,46.8492,46.8492,211181
equity,INE784R01023,2025-09-29,47.846,46.8592,47.6666,260771
equity,INE784R01023,2025-09-30,48.8428,45.972,47.0286,79541
equity,INE784R01023,2025-10-01,49.3611,45.0151,47.2679,295094
equity,INE784R01023,2025-10-03,47.846,46.8492,47.3875,579073
equity,INE784R01023,2025-10-06,48.2447,46.8492,47.836,307377
equity,INE784R01023,2025-10-07,48.8428,47.846,48.783,286168
equity,INE784R01023,2025-10-08,49.8396,48.5537,49.6901,352363
equity,INE784R01023,2025-10-09,50.7367,48.6933,49.7001,537407
equity,INE784R01023,2025-10-10,49.8396,48.3943,49.5904,93490
equity,INE784R01023,2025-10-13,49.7599,48.8428,49.3811,389874
equity,INE784R01023,2025-10-14,50.7566,48.8428,50.3878,283706
equity,INE784R01023,2025-10-15,50.8364,49.3412,50.6171,124532
equity,INE784R01023,2025-10-16,50.8364,49.3412,50.1287,99588
equity,INE784R01023,2025-10-17,50.7965,48.9724,50.338,96269
equity,INE784R01023,2025-10-20,51.2849,49.9492,51.0756,235459
equity,INE784R01023,2025-10-21,52.0923,50.338,51.7833,45646
equity,INE784R01023,2025-10-23,52.0325,50.8464,51.8132,148636
equity,INE784R01023,2025-10-24,52.83,51.8132,52.82,193621
equity,INE784R01023,2025-10-27,53.8268,52.4313,52.81,171922
equity,INE784R01023,2025-10-28,54.3252,53.3284,53.8268,342838
equity,INE784R01023,2025-10-29,54.8236,53.7271,54.8136,438651
equity,INE784R01023,2025-10-30,55.8204,54.7239,54.8136,381314
equity,INE784R01023,2025-10-31,54.8236,54.0461,54.8136,162821
equity,INE784R01023,2025-11-03,55.7905,53.8766,54.8036,274991
equity,INE784R01023,2025-11-04,55.0229,53.9165,54.385,233252
equity,INE784R01023,2025-11-06,55.2123,53.8467,54.1657,76829
equity,INE784R01023,2025-11-07,55.8104,52.9297,55.6908,183590
equity,INE784R01023,2025-11-10,56.8171,54.9232,56.7872,154478
equity,INE784R01023,2025-11-11,59.0898,57.1162,57.5249,246812
equity,INE784R01023,2025-11-12,57.8139,56.867,57.3953,339209
equity,INE784R01023,2025-11-13,57.8139,56.9467,57.4152,77376
equity,INE784R01023,2025-11-14,57.8139,57.4152,57.7741,131599
equity,INE784R01023,2025-11-17,58.7728,57.075,57.9139,50246
equity,INE784R01023,2025-11-18,57.9239,55.4272,57.2448,92976
equity,INE784R01023,2025-11-19,57.9738,55.6768,57.075,292917
equity,INE784R01023,2025-11-20,58.4232,56.1762,57.6942,139155
equity,INE784R01023,2025-11-21,57.6942,56.5257,57.1349,37225
equity,INE784R01023,2025-11-24,57.6542,54.9278,55.2873,119445
equity,INE784R01023,2025-11-25,58.0437,52.6808,57.6542,371746
equity,INE784R01023,2025-11-26,58.583,56.4258,57.1149,359529
equity,INE784R01023,2025-11-27,57.9239,56.6456,57.7641,179573
equity,INE784R01023,2025-11-28,58.7228,57.0051,57.6942,62873
equity,INE784R01023,2025-12-01,60.3207,57.4145,59.8613,293566
equity,INE784R01023,2025-12-02,60.9199,58.7028,59.9212,190418
equity,INE784R01023,2025-12-03,60.8101,58.5331,59.9212,216417
equity,INE784R01023,2025-12-04,60.7102,58.9226,59.6316,110355
equity,INE784R01023,2025-12-05,62.3181,57.2348,60.6902,257863
equity,INE784R01023,2025-12-08,62.8674,59.9312,62.0484,177761
equity,INE784R01023,2025-12-09,62.9173,60.9199,61.659,61987
equity,INE784R01023,2025-12-10,64.4153,61.6689,63.9559,144978
equity,INE784R01023,2025-12-11,64.9147,64.0159,64.5352,253771
equity,INE784R01023,2025-12-12,65.5039,61.9186,64.7948,172824
equity,INE784R01023,2025-12-15,65.8634,63.5165,63.906,240503
equity,INE784R01023,2025-12-16,64.9147,62.9173,64.8548,122717
equity,INE784R01023,2025-12-17,65.404,63.3767,64.0358,106755
equity,INE784R01023,2025-12-18,65.1644,63.4166,64.8048,96014
equity,INE784R01023,2025-12-19,64.9147,63.926,64.0858,33231
equity,INE784R01023,2025-12-22,65.8135,64.1257,64.9546,206165
equity,INE784R01023,2025-12-23,67.9107,64.9247,67.7809,415241
equity,INE784R01023,2025-12-24,70.8369,66.9121,68.6598,813682
equity,INE784R01023,2025-12-26,69.9081,68.7197,69.5686,571239
equity,INE784R01023,2025-12-29,70.9068,67.9107,68.49,753734
equity,INE784R01023,2025-12-30,71.9055,68.8096,70.4374,1063461
equity,INE784R01023,2025-12-31,73.6532,70.5972,73.024,975578
equity,INE784R01023,2026-01-01,74.9016,73.803,74.7917,669299
equity,INE784R01023,2026-01-02,75.0114,73.7031,74.6818,2501832
equity,INE784R01023,2026-01-05,75.9002,73.9029,75.7704,2153678
equity,INE784R01023,2026-01-06,77.568,73.4335,74.7717,1994779
equity,INE784R01023,2026-01-07,76.8989,74.6719,76.1799,980620
equity,INE784R01023,2026-01-08,76.8989,75.1013,75.6106,1619109
equity,INE784R01023,2026-01-09,79.2958,75.1213,78.9362,1635579
equity,INE784R01023,2026-01-12,82.5914,79.7252,81.3231,2147775
equity,INE784R01023,2026-01-13,83.8997,80.3943,81.6227,1204649
equity,INE784R01023,2026-01-14,81.9123,78.2172,80.9037,798938
equity,INE784R01023,2026-01-16,81.7825,78.6566,80.2545,1317755
equity,INE784R01023,2026-01-19,82.891,79.096,81.9024,1974721
equity,INE784R01023,2026-01-20,82.8811,77.8976,78.2372,1486939
equity,INE784R01023,2026-01-21,77.8976,74.3323,74.5021,1686088
equity,INE784R01023,2026-01-22,78.2272,73.9029,78.1073,2145879
equity,INE784R01023,2026-01-23,80.7938,76.7991,78.2372,1290025
equity,INE784R01023,2026-01-27,79.8451,74.3323,75.0813,1293720
equity,INE784R01023,2026-01-28,76.7991,71.6858,74.7218,1689345
equity,INE784R01023,2026-01-29,78.4569,73.5034,77.1586,2223186
equity,INE784R01023,2026-01-30,77.4981,74.1525,75.1612,1747125
equity,INE784R01023,2026-02-02,75.9702,72.255,73.6931,600130
equity,INE784R01023,2026-02-03,75.9002,72.4048,74.6119,1555847
equity,INE784R01023,2026-02-04,75.8503,73.5833,75.2311,1419037
equity,INE784R01023,2026-02-05,77.8976,72.6046,77.1286,1617556
equity,INE784R01023,2026-02-06,78.6966,75.0014,77.598,957450
equity,INE784R01023,2026-02-09,78.8963,74.9016,76.3696,653773
equity,INE784R01023,2026-02-10,77.2984,75.6705,76.6792,544688
equity,INE784R01023,2026-02-11,77.3483,75.351,75.6805,659209
equity,INE784R01023,2026-02-12,76.12,74.4521,75.5207,499635
equity,INE784R01023,2026-02-13,75.5008,73.1539,73.9029,515598
equity,INE784R01023,2026-02-16,73.6332,71.0866,72.295,635071
equity,INE784R01023,2026-02-17,73.6632,71.5759,72.6345,510659
equity,INE784R01023,2026-02-18,72.1851,69.5586,71.2164,936354
equity,INE784R01023,2026-02-19,72.0054,69.9081,70.4674,499998
equity,INE784R01023,2026-02-20,71.9055,69.6984,71.1165,605274
equity,INE784R01023,2026-02-23,73.4035,67.9707,72.0653,1064518
equity,INE784R01023,2026-02-24,71.7157,69.4088,70.747,790247
equity,INE784R01023,2026-02-25,73.4035,69.0093,70.797,771105
equity,INE784R01023,2026-02-26,73.833,68.9594,72.2351,980059
equity,INE784R01023,2026-02-27,72.9741,71.0566,71.6059,805844
equity,INE784R01023,2026-03-02,71.4061,67.9008,69.8482,917061
equity,INE784R01023,2026-03-04,76.829,67.9107,73.7531,1551871
equity,INE784R01023,2026-03-05,76.1998,72.5946,75.5307,1025690
equity,INE784R01023,2026-03-06,78.387,74.7018,76.859,1161511
equity,INE784R01023,2026-03-09,79.1859,74.9115,78.327,1135433
equity,INE784R01023,2026-03-10,81.8424,78.9962,81.3231,1521155
equity,INE784R01023,2026-03-11,84.7886,78.8963,80.1746,1364346
equity,INE784R01023,2026-03-12,82.3518,78.0175,80.1547,1155940
equity,INE784R01023,2026-03-13,79.895,73.9029,74.9415,1493491
equity,INE784R01023,2026-03-16,76.5294,73.1039,74.2524,1120340
equity,INE784R01023,2026-03-17,76.6992,73.4135,76.3197,1131028
equity,INE784R01023,2026-03-18,77.7977,74.2624,75.7804,1622388
equity,INE784R01023,2026-03-19,76.8989,74.4821,76.1399,871405
equity,INE784R01023,2026-03-20,78.1473,75.7604,76.849,801759
equity,INE784R01023,2026-03-23,77.8976,74.7518,76.3397,877301
equity,INE784R01023,2026-03-24,77.8976,75.5008,77.2684,656085
equity,INE784R01023,2026-03-25,79.6453,77.2085,77.8776,977796
equity,INE784R01023,2026-03-27,78.8763,74.3023,75.3709,1350007
equity,INE784R01023,2026-03-30,76.829,71.9055,73.1938,924648
equity,INE784R01023,2026-04-01,76.7491,74.2125,75.8403,703998
equity,INE784R01023,2026-04-02,77.2984,73.9129,76.05,793941
equity,INE784R01023,2026-04-06,78.397,75.2811,76.1699,965568
equity,INE784R01023,2026-04-07,77.2385,75.1013,76.7491,658476
equity,INE784R01023,2026-04-08,87.6848,79.895,86.3964,3457883
equity,INE784R01023,2026-04-09,88.8233,84.8385,86.1168,1433435
equity,INE784R01023,2026-04-10,91.2301,85.997,89.1428,2572337
equity,INE784R01023,2026-04-13,95.7442,85.8871,93.8467,2498447
equity,INE784R01023,2026-04-15,95.874,91.9891,93.0677,1483194
equity,INE784R01023,2026-04-16,94.4658,92.099,94.1263,1062249
equity,INE784R01023,2026-04-17,96.1237,92.3786,94.6057,1809129
equity,INE784R01023,2026-04-20,100.1184,95.2947,96.2934,1727513
equity,INE784R01023,2026-04-21,98.151,95.3147,97.7815,1452686
equity,INE784R01023,2026-04-22,98.7702,92.4884,94.4658,2853745
equity,INE784R01023,2026-04-23,97.372,93.3373,96.9226,962188
equity,INE784R01023,2026-04-24,97.8214,94.1263,95.0351,1127516
equity,INE784R01023,2026-04-27,97.4719,90.0916,96.2235,1507029
equity,INE784R01023,2026-04-28,96.7728,93.8766,94.9352,1099842
equity,INE784R01023,2026-04-29,96.0737,93.8766,95.2947,1188800
equity,INE784R01023,2026-04-30,95.7741,92.8779,94.366,967460
equity,INE784R01023,2026-05-04,96.3733,93.617,94.8453,790613
equity,INE784R01023,2026-05-05,95.834,91.8792,93.2175,738878
equity,INE784R01023,2026-05-06,95.7242,92.8779,94.5957,1560294
equity,INE784R01023,2026-05-07,96.4332,93.587,95.2648,1979280
equity,INE784R01023,2026-05-08,96.8727,94.3959,96.3633,1738825
equity,INE784R01023,2026-05-11,98.89,93.1775,95.8041,2302984
equity,INE784R01023,2026-05-12,106.0606,95.0151,99.639,16687847
equity,INE784R01023,2026-05-13,104.0233,92.4585,95.894,3773516
equity,INE784R01023,2026-05-14,97.6417,92.2787,93.577,1675247
equity,INE784R01023,2026-05-15,94.7654,90.2813,91.3599,1832832
equity,INE784R01023,2026-05-18,91.3799,86.5862,88.1941,1649796
equity,INE784R01023,2026-05-19,89.6721,86.4164,89.0929,1888499
equity,INE784R01023,2026-05-20,93.3174,84.8884,91.6995,2100553
equity,INE784R01023,2026-05-21,94.316,89.1928,92.3886,2201767
equity,INE784R01023,2026-05-22,95.7741,89.8819,94.5258,3212536
equity,INE784R01023,2026-05-25,97.6716,93.597,96.2535,2704600
equity,INE784R01023,2026-05-26,96.623,92.5783,93.2474,1943957
equity,INE784R01023,2026-05-27,96.8727,93.3773,93.8866,1924588
equity,INE784R01023,2026-05-28,93.8866,93.8866,93.8866,
equity,INE784R01023,2026-05-29,95.5245,91.1302,92.3886,2665679
equity,INE784R01023,2026-06-01,93.4971,87.1854,88.7334,2462399
equity,INE784R01023,2026-06-02,91.8792,88.4138,90.7308,2352938
equity,INE784R01023,2026-06-03,90.8806,87.9144,89.8219,2397051
equity,INE784R01023,2026-06-04,90.1615,87.9844,89.1129,2180504
equity,INE784R01023,2026-06-05,90.1615,87.4251,89.1229,2045035
equity,INE784R01023,2026-06-08,88.3239,85.8871,86.8558,1791511
equity,INE784R01023,2026-06-09,88.3838,82.8811,85.5975,2134431
equity,INE784R01023,2026-06-10,85.3978,80.6939,81.9523,2363234
equity,INE784R01023,2026-06-11,84.8884,79.895,83.0309,2475007
equity,INE784R01023,2026-06-12,85.6474,82.8911,84.7087,3385286
equity,INE784R01023,2026-06-15,94.7355,84.8884,91.8992,6223442
equity,INE784R01023,2026-06-16,96.623,91.2401,95.4945,3416893
equity,INE784R01023,2026-06-17,100.5978,95.7242,98.7702,3152838
equity,INE784R01023,2026-06-18,101.7662,97.9812,99.0298,1341090
equity,INE784R01023,2026-06-19,100.8674,96.3833,98.7502,2257584
equity,INE784R01023,2026-06-22,99.7389,94.8753,96.9026,2162363
equity,INE784R01023,2026-06-23,96.6929,90.9305,92.8779,2568316
equity,INE784R01023,2026-06-24,94.376,90.6508,93.0078,2760805
equity,INE784R01023,2026-06-25,94.2861,87.5849,89.6921,2837673
equity,INE784R01023,2026-06-26,89.6921,89.6921,89.6921,
equity,INE784R01023,2026-06-29,88.8832,81.443,83.1607,2788549
equity,INE784R01023,2026-06-30,86.8359,82.921,85.6874,2165988
equity,INE784R01023,2026-07-01,90.8306,86.2866,88.9731,2332372
equity,INE784R01023,2026-07-02,93.1576,89.1628,92.4185,1908139
equity,INE784R01023,2026-07-03,93.7568,90.7907,91.9392,2155802
equity,INE784R01023,2026-07-06,92.838,88.5936,90.9305,2115134
equity,INE784R01023,2026-07-07,92.8779,88.244,91.1103,2535707
equity,INE784R01023,2026-07-08,91.29,83.9996,86.0569,2363373
equity,INE784R01023,2026-07-09,90.8806,85.3878,88.4238,2565078
equity,INE784R01023,2026-07-10,91.8792,87.485,89.5323,2885233
equity,INE784R01023,2026-07-13,89.5323,86.1368,87.0356,2640665
equity,INE784R01023,2026-07-14,87.465,85.6374,86.2566,1577386
equity,INE784R01023,2026-07-15,88.6035,85.3878,86.4464,2237930
equity,INE784R01023,2026-07-16,89.2227,85.5575,88.0742,2120969
equity,INE784R01023,2026-07-17,89.043,85.0882,85.8072,2090108
equity,INE784R01023,2026-07-20,87.3152,84.4091,85.9071,1981986
equity,INE784R01023,2026-07-21,87.8845,85.1081,86.4763,1618553
equity,INE784R01023,2026-07-22,89.782,85.8871,88.4837,2449530
equity,INE784R01023,2026-07-23,93.3773,86.5363,90.2214,2845439
equity,INE784R01023,2026-07-24,92.3786,88.8832,91.8692,1809673
equity,INE784R01023,2026-07-27,92.3786,90.3512,91.0503,1762784
equity,INE784R01023,2026-07-28,91.8892,88.0443,89.023,755506
equity,INE784R01023,2026-07-29,89.772,86.0869,87.0556,777980
equity,INE784R01023,2026-07-30,89.3825,86.6361,88.4837,1007541
equity,INE784R01023,2026-07-31,90.9604,86.7959,89.6522,1460861
equity,INE784R01023,2026-08-03,90.3213,83.8897,85.3778,2342321
equity,INE784R01023,2026-08-04,88.0842,84.479,86.1168,2261372
equity,INE784R01023,2026-08-05,87.4451,84.9384,85.228,953552
equity,INE784R01023,2026-08-06,88.6235,85.1481,86.8658,1940966
equity,INE784R01023,2026-08-07,88.3838,86.1168,87.9145,1625366
equity,INE784R01023,2026-08-10,90.6608,86.3465,87.0356,1586313
equity,INE784R01023,2026-08-11,88.3738,84.3891,84.9683,2071919
equity,INE784R01023,2026-08-12,85.4477,83.7999,84.6288,1216860
equity,INE784R01023,2026-08-13,85.2779,82.6913,83.3205,973623
equity,INE784R01023,2026-08-14,85.3378,81.2932,83.9397,2169848
equity,INE784R01023,2026-08-17,84.6887,81.9523,83.5801,1626003
equity,INE784R01023,2026-08-18,83.3405,81.8924,82.3917,982288
equity,INE784R01023,2026-08-19,83.7899,81.2432,83.5102,1083845
equity,INE784R01023,2026-08-20,84.3891,81.6627,82.6014,1207344
equity,INE784R01023,2026-08-21,86.1867,81.9223,85.5076,1301328
equity,INE784R01023,2026-08-24,86.7859,83.4903,83.8398,925929
equity,INE784R01023,2026-08-25,84.8385,83.5003,84.4091,871564
equity,INE784R01023,2026-08-26,85.7773,83.5901,84.0995,932633
equity,INE784R01023,2026-08-27,85.6574,83.9397,85.2879,942597
equity,INE784R01023,2026-08-28,86.1867,84.5389,85.6574,964118
equity,INE784R01023,2026-08-31,88.3139,84.6687,87.1155,1024777
equity,INE784R01023,2026-09-01,87.8445,84.8884,85.3878,934707
equity,INE784R01023,2026-09-02,88.3838,85.3878,87.7547,1010679
equity,INE784R01023,2026-09-03,89.5323,86.9357,88.9731,1004336
equity,INE784R01023,2026-09-04,88.9032,85.7773,87.1255,1136109
equity,INE784R01023,2026-09-07,98.7302,87.6049,95.1449,4760846
equity,INE784R01023,2026-09-08,97.0325,90.9105,91.2401,1199300
equity,INE784R01023,2026-09-09,92.8679,88.3539,88.6535,684659
equity,INE784R01023,2026-09-10,91.2101,87.3951,87.9544,674744
equity,INE784R01023,2026-09-11,88.4937,85.0282,85.8671,791089
equity,INE784R01023,2026-09-14,85.8671,85.8671,85.8671,
equity,INE784R01023,2026-09-15,86.3964,81.9123,82.6114,1085971
equity,INE784R01023,2026-09-16,83.3405,80.7339,82.5715,725579
equity,INE784R01023,2026-09-17,88.8832,81.4629,87.7646,1169295
equity,INE784R01023,2026-09-18,94.1063,87.7646,89.5024,2628465
equity,INE784R01023,2026-09-21,92.3786,87.6848,91.0603,1951163
equity,INE784R01023,2026-09-22,91.7594,88.8832,89.1628,931091
equity,INE784R01023,2026-09-23,91.8792,88.8832,91.3,1313201
equity,INE784R01023,2026-09-24,92,88.51,89.42,1135122
equity,INE0HLJ01013,2023-09-21,97.525,97.2793,97.525,6000
equity,INE0HLJ01013,2023-09-22,96.2905,93.945,94.735,6000
equity,INE0HLJ01013,2023-09-25,100.2409,93.945,100.2409,24000
equity,INE0HLJ01013,2023-09-26,97.3275,95.7967,95.7967,14000
equity,INE0HLJ01013,2023-09-27,96.2905,93.8215,96.2905,10000
equity,INE0HLJ01013,2023-09-28,102.1173,95.3029,95.5745,18000
equity,INE0HLJ01013,2023-09-29,98.7595,97.2781,97.7966,12000
equity,INE0HLJ01013,2023-10-03,99.2533,97.3275,98.4632,22000
equity,INE0HLJ01013,2023-10-04,99.3273,97.2781,97.2781,12000
equity,INE0HLJ01013,2023-10-05,98.7101,97.2781,98.7101,6000
equity,INE0HLJ01013,2023-10-06,98.2657,96.9324,98.2657,8000
equity,INE0HLJ01013,2023-10-09,104.685,98.2657,98.7595,24000
equity,INE0HLJ01013,2023-10-10,99.994,97.8213,97.8213,8000
equity,INE0HLJ01013,2023-10-11,98.7595,98.7595,98.7595,10000
equity,INE0HLJ01013,2023-10-12,105.4257,98.8088,102.858,8000
equity,INE0HLJ01013,2023-10-13,103.5987,100.7841,102.0432,16000
equity,INE0HLJ01013,2023-10-16,107.6478,103.2036,103.5246,46000
equity,INE0HLJ01013,2023-10-17,107.6478,96.2905,97.9941,106000
equity,INE0HLJ01013,2023-10-18,100.6853,97.92,99.0064,34000
equity,INE0HLJ01013,2023-10-19,99.994,98.7595,99.0064,30000
equity,INE0HLJ01013,2023-10-20,98.2657,97.7719,98.0188,8000
equity,INE0HLJ01013,2023-10-23,97.7719,94.4141,94.6856,44000
equity,INE0HLJ01013,2023-10-25,98.0188,95.1054,96.3646,20000
equity,INE0HLJ01013,2023-10-26,94.8091,92.3401,93.3771,26000
equity,INE0HLJ01013,2023-10-27,93.624,86.217,93.624,10000
equity,INE0HLJ01013,2023-10-30,93.624,93.624,93.624,
equity,INE0HLJ01013,2023-10-31,103.5987,95.7967,98.8089,12000
equity,INE0HLJ01013,2023-11-01,98.8089,98.8089,98.8089,
equity,INE0HLJ01013,2023-11-02,98.8089,98.8089,98.8089,
equity,INE0HLJ01013,2023-11-03,95.7967,89.6242,92.2413,11000
equity,INE0HLJ01013,2023-11-06,88.5379,77.1312,87.7972,22000
equity,INE0HLJ01013,2023-11-07,84.0443,83.9455,83.9455,8000
equity,INE0HLJ01013,2023-11-08,82.8592,80.1927,81.8222,15000
equity,INE0HLJ01013,2023-11-09,83.9456,77.0818,83.5999,47000
equity,INE0HLJ01013,2023-11-10,100.2903,86.4145,95.0066,64000
equity,INE0HLJ01013,2023-11-13,105.6726,98.7595,104.9319,41000
equity,INE0HLJ01013,2023-11-15,125.4245,108.1416,113.8203,79000
equity,INE0HLJ01013,2023-11-16,130.3625,116.5362,118.0669,79000
equity,INE0HLJ01013,2023-11-17,119.499,110.6106,110.66,12000
equity,INE0HLJ01013,2023-11-20,113.5734,110.66,111.1044,11000
equity,INE0HLJ01013,2023-11-21,115.0548,104.9319,108.0429,12000
equity,INE0HLJ01013,2023-11-22,111.5488,105.9689,106.0677,12000
equity,INE0HLJ01013,2023-11-23,109.623,104.1912,106.759,20000
equity,INE0HLJ01013,2023-11-24,117.425,109.623,117.425,41000
equity,INE0HLJ01013,2023-11-28,121.4742,113.5734,114.956,28000
equity,INE0HLJ01013,2023-11-29,122.4617,112.5858,112.5858,20000
equity,INE0HLJ01013,2023-11-30,118.5114,112.8327,113.524,14000
equity,INE0HLJ01013,2023-12-01,113.6721,110.8575,110.8575,6000
equity,INE0HLJ01013,2023-12-04,113.5734,110.3637,110.3637,11000
equity,INE0HLJ01013,2023-12-05,113.5734,110.6106,110.6106,6000
equity,INE0HLJ01013,2023-12-06,110.6106,107.2034,108.8329,12000
equity,INE0HLJ01013,2023-12-07,114.5116,107.6972,109.4255,8000
equity,INE0HLJ01013,2023-12-08,109.4255,109.4255,109.4255,
equity,INE0HLJ01013,2023-12-11,111.5488,108.6354,108.6354,3000
equity,INE0HLJ01013,2023-12-12,111.5982,105.4751,110.6106,10000
equity,INE0HLJ01013,2023-12-13,108.6354,106.6602,108.6354,4000
equity,INE0HLJ01013,2023-12-14,105.9195,89.081,105.6726,16000
equity,INE0HLJ01013,2023-12-15,107.1046,103.7468,105.3764,15000
equity,INE0HLJ01013,2023-12-18,108.6354,107.6478,108.6354,4000
equity,INE0HLJ01013,2023-12-19,109.623,103.6974,106.6602,7000
equity,INE0HLJ01013,2023-12-20,104.685,102.7098,103.2036,7000
equity,INE0HLJ01013,2023-12-21,103.6974,91.0562,103.6974,7000
equity,INE0HLJ01013,2023-12-22,103.6974,98.7595,100.7347,20000
equity,INE0HLJ01013,2023-12-26,98.8089,98.7595,98.7595,2000
equity,INE0HLJ01013,2023-12-27,98.2657,95.7967,96.7843,13000
equity,INE0HLJ01013,2023-12-28,98.2657,96.7843,98.2657,6000
equity,INE0HLJ01013,2023-12-29,100.7347,95.7967,100.7347,10000
equity,INE0HLJ01013,2024-01-01,100.7347,100.7347,100.7347,3000
equity,INE0HLJ01013,2024-01-02,100.6853,92.8339,99.6977,7000
equity,INE0HLJ01013,2024-01-03,99.2533,99.2533,99.2533,2000
equity,INE0HLJ01013,2024-01-04,102.7098,98.7595,99.7471,17000
equity,INE0HLJ01013,2024-01-05,98.7595,93.8215,98.7101,15000
equity,INE0HLJ01013,2024-01-08,98.7595,95.7967,95.7967,11000
equity,INE0HLJ01013,2024-01-09,98.7595,96.7843,96.8337,21000
equity,INE0HLJ01013,2024-01-10,97.3768,96.883,97.3768,2000
equity,INE0HLJ01013,2024-01-11,98.7595,96.9324,96.9324,11000
equity,INE0HLJ01013,2024-01-12,98.7595,96.5374,98.5126,20000
equity,INE0HLJ01013,2024-01-15,98.5126,98.5126,98.5126,
equity,INE0HLJ01013,2024-01-16,96.7843,96.7843,96.7843,1000
equity,INE0HLJ01013,2024-01-17,98.6113,97.7719,97.7719,3000
equity,INE0HLJ01013,2024-01-18,97.7719,93.9203,96.7843,10000
equity,INE0HLJ01013,2024-01-19,98.7595,96.7843,96.7843,3000
equity,INE0HLJ01013,2024-01-23,94.8091,93.9202,93.9202,4000
equity,INE0HLJ01013,2024-01-24,98.7595,93.9203,98.7595,6000
equity,INE0HLJ01013,2024-01-25,96.7843,94.9078,94.9078,5000
equity,INE0HLJ01013,2024-01-29,94.6116,94.1178,94.6116,2000
equity,INE0HLJ01013,2024-01-30,94.9572,92.982,93.8215,10000
equity,INE0HLJ01013,2024-01-31,94.8091,93.8215,94.8091,4000
equity,INE0HLJ01013,2024-02-01,93.8215,92.9327,93.8215,3000
equity,INE0HLJ01013,2024-02-02,93.9203,91.8463,91.8463,5000
equity,INE0HLJ01013,2024-02-05,98.6015,88.8835,94.7795,7000
equity,INE0HLJ01013,2024-02-06,98.7496,93.4265,93.4265,5000
equity,INE0HLJ01013,2024-02-07,93.4265,93.4265,93.4265,1000
equity,INE0HLJ01013,2024-02-08,94.8091,93.8215,94.8091,3000
equity,INE0HLJ01013,2024-02-09,94.8091,94.8091,94.8091,
equity,INE0HLJ01013,2024-02-12,92.3401,87.4021,87.6984,6000
equity,INE0HLJ01013,2024-02-13,89.8711,86.4145,87.649,5000
equity,INE0HLJ01013,2024-02-14,87.0071,86.0195,87.0071,4000
equity,INE0HLJ01013,2024-02-15,85.4763,79.0076,82.6222,28000
equity,INE0HLJ01013,2024-02-16,86.9083,81.9802,84.0443,6000
equity,INE0HLJ01013,2024-02-19,97.5744,86.9083,96.2905,14000
equity,INE0HLJ01013,2024-02-20,96.2411,96.2411,96.2411,1000
equity,INE0HLJ01013,2024-02-21,93.624,90.8587,92.8339,7000
equity,INE0HLJ01013,2024-02-22,93.8215,93.8215,93.8215,2000
equity,INE0HLJ01013,2024-02-23,91.1056,90.8587,90.8587,2000
equity,INE0HLJ01013,2024-02-26,90.8587,90.3649,90.3649,2000
equity,INE0HLJ01013,2024-02-27,90.3649,90.3649,90.3649,
equity,INE0HLJ01013,2024-02-28,86.9083,83.9455,85.0813,5000
equity,INE0HLJ01013,2024-02-29,83.9455,82.0296,83.9455,3000
equity,INE0HLJ01013,2024-03-01,83.4518,81.9704,83.4518,10000
equity,INE0HLJ01013,2024-03-04,81.4766,81.4766,81.4766,1000
equity,INE0HLJ01013,2024-03-05,82.4642,81.4766,81.4766,4000
equity,INE0HLJ01013,2024-03-06,83.7382,79.2545,79.7977,6000
equity,INE0HLJ01013,2024-03-07,79.847,79.847,79.847,1000
equity,INE0HLJ01013,2024-03-11,79.5508,69.3291,69.3291,9000
equity,INE0HLJ01013,2024-03-12,78.02,67.6502,73.5165,29000
equity,INE0HLJ01013,2024-03-13,79.0076,74.5634,74.9091,11000
equity,INE0HLJ01013,2024-03-14,78.7607,73.082,77.0324,8000
equity,INE0HLJ01013,2024-03-18,79.0076,79.0076,79.0076,
equity,INE0HLJ01013,2024-03-19,78.5138,78.5138,78.5138,1000
equity,INE0HLJ01013,2024-03-20,78.1187,78.1187,78.1187,1000
equity,INE0HLJ01013,2024-03-21,78.5138,76.4892,76.4892,3000
equity,INE0HLJ01013,2024-03-22,76.2917,73.082,74.9584,6000
equity,INE0HLJ01013,2024-03-26,74.5634,74.1289,74.1289,3000
equity,INE0HLJ01013,2024-03-27,74.0696,69.1316,70.1192,9000
equity,INE0HLJ01013,2024-03-28,71.1068,69.6254,71.1068,5000
equity,INE0HLJ01013,2024-04-01,75.0572,75.0572,75.0572,1000
equity,INE0HLJ01013,2024-04-02,83.9455,77.0324,82.4642,6000
equity,INE0HLJ01013,2024-04-03,88.8835,79.9853,86.8096,14000
equity,INE0HLJ01013,2024-04-04,93.8215,83.9456,92.8339,15000
equity,INE0HLJ01013,2024-04-05,97.2287,90.0489,96.7843,37000
equity,INE0HLJ01013,2024-04-08,96.7843,96.7843,96.7843,
equity,INE0HLJ01013,2024-04-09,96.7843,92.0932,92.0932,4000
equity,INE0HLJ01013,2024-04-10,91.8463,90.118,91.8463,2000
equity,INE0HLJ01013,2024-04-12,96.7843,90.6612,96.7843,13000
equity,INE0HLJ01013,2024-04-15,96.7843,79.1063,94.2067,17000
equity,INE0HLJ01013,2024-04-16,91.8463,87.8959,88.5181,23000
equity,INE0HLJ01013,2024-04-18,93.8215,88.8835,92.3401,17000
equity,INE0HLJ01013,2024-04-19,110.8081,93.8215,109.149,52000
equity,INE0HLJ01013,2024-04-22,122.4617,108.6354,112.6154,58000
equity,INE0HLJ01013,2024-04-23,113.5734,108.6354,108.6354,6000
equity,INE0HLJ01013,2024-04-24,113.5734,95.7967,110.6106,12000
equity,INE0HLJ01013,2024-04-25,112.5858,107.6478,109.7514,19000
equity,INE0HLJ01013,2024-04-26,113.0796,108.6354,111.5982,10000
equity,INE0HLJ01013,2024-04-29,116.0424,107.6577,107.6577,8000
equity,INE0HLJ01013,2024-04-30,110.344,107.154,107.154,8000
equity,INE0HLJ01013,2024-05-02,115.5486,107.6478,108.1416,9000
equity,INE0HLJ01013,2024-05-03,113.5734,107.6478,109.623,15000
equity,INE0HLJ01013,2024-05-06,108.6354,108.6354,108.6354,2000
equity,INE0HLJ01013,2024-05-07,108.6354,108.6354,108.6354,
equity,INE0HLJ01013,2024-05-08,108.6354,108.6354,108.6354,
equity,INE0HLJ01013,2024-05-09,111.5982,106.6602,107.6478,5000
equity,INE0HLJ01013,2024-05-10,110.5612,107.8947,107.8947,2000
equity,INE0HLJ01013,2024-05-13,104.29,104.1912,104.1912,2000
equity,INE0HLJ01013,2024-05-14,104.1912,104.1912,104.1912,3000
equity,INE0HLJ01013,2024-05-15,104.1912,104.1912,104.1912,1000
equity,INE0HLJ01013,2024-05-16,104.1912,100.7347,100.7347,6000
equity,INE0HLJ01013,2024-05-17,100.7347,100.7347,100.7347,1000
equity,INE0HLJ01013,2024-05-21,97.9694,96.7843,96.7843,3000
equity,INE0HLJ01013,2024-05-22,101.7223,95.7967,99.4014,7000
equity,INE0HLJ01013,2024-05-23,103.6974,101.7223,103.6974,4000
equity,INE0HLJ01013,2024-05-24,109.623,101.7223,109.623,15000
equity,INE0HLJ01013,2024-05-27,113.5734,103.7962,107.6478,12000
equity,INE0HLJ01013,2024-05-28,103.7468,102.7098,103.6481,3000
equity,INE0HLJ01013,2024-05-29,110.6106,97.2781,99.7471,13000
equity,INE0HLJ01013,2024-05-30,98.7595,97.7719,97.7719,2000
equity,INE0HLJ01013,2024-05-31,97.7719,97.7719,97.7719,1000
equity,INE0HLJ01013,2024-06-03,113.5734,106.5121,106.5615,6000
equity,INE0HLJ01013,2024-06-04,106.5615,106.5615,106.5615,
equity,INE0HLJ01013,2024-06-05,101.7223,95.7967,101.7223,21000
equity,INE0HLJ01013,2024-06-06,100.2409,100.2409,100.2409,1000
equity,INE0HLJ01013,2024-06-07,99.7471,99.7471,99.7471,1000
equity,INE0HLJ01013,2024-06-10,110.1168,104.29,108.6354,16000
equity,INE0HLJ01013,2024-06-11,110.6106,108.6354,110.6106,8000
equity,INE0HLJ01013,2024-06-12,110.7588,109.623,110.6501,14000
equity,INE0HLJ01013,2024-06-13,116.5362,110.2156,110.8871,18000
equity,INE0HLJ01013,2024-06-14,115.4992,103.6974,112.5858,21000
equity,INE0HLJ01013,2024-06-18,117.5238,113.0796,115.5486,16000
equity,INE0HLJ01013,2024-06-19,132.9303,114.561,128.3873,51000
equity,INE0HLJ01013,2024-06-20,136.2881,122.4617,135.3005,70000
equity,INE0HLJ01013,2024-06-21,146.164,134.3129,134.8067,10000
equity,INE0HLJ01013,2024-06-24,139.2509,137.3251,137.3251,7000
equity,INE0HLJ01013,2024-06-25,139.2509,136.2881,138.2633,12000
equity,INE0HLJ01013,2024-06-26,139.2509,136.2881,139.2509,3000
equity,INE0HLJ01013,2024-06-27,138.2633,132.5846,135.2511,8000
equity,INE0HLJ01013,2024-06-28,131.597,123.4493,127.4491,12000
equity,INE0HLJ01013,2024-07-01,133.3253,128.3873,128.8811,5000
equity,INE0HLJ01013,2024-07-02,143.2012,128.8317,135.3992,19000
equity,INE0HLJ01013,2024-07-03,141.6211,137.2757,137.5226,18000
equity,INE0HLJ01013,2024-07-04,143.2012,131.3501,138.4114,23000
equity,INE0HLJ01013,2024-07-05,144.1888,141.226,143.3,12000
equity,INE0HLJ01013,2024-07-08,140.2384,136.2881,140.2384,5000
equity,INE0HLJ01013,2024-07-09,140.2384,140.2384,140.2384,
equity,INE0HLJ01013,2024-07-10,140.2384,140.2384,140.2384,
equity,INE0HLJ01013,2024-07-11,145.127,139.3496,139.3496,2000
equity,INE0HLJ01013,2024-07-12,138.2633,136.2881,136.2881,2000
equity,INE0HLJ01013,2024-07-15,136.2881,136.2881,136.2881,1000
equity,INE0HLJ01013,2024-07-16,136.2881,136.2881,136.2881,
equity,INE0HLJ01013,2024-07-18,131.3007,126.0171,126.6096,23000
equity,INE0HLJ01013,2024-07-19,125.4245,124.4369,125.4245,3000
equity,INE0HLJ01013,2024-07-22,130.3625,124.4369,130.3625,5000
equity,INE0HLJ01013,2024-07-23,132.8315,121.2272,132.8315,8000
equity,INE0HLJ01013,2024-07-24,128.3873,128.3873,128.3873,1000
equity,INE0HLJ01013,2024-07-25,128.3873,128.3873,128.3873,1000
equity,INE0HLJ01013,2024-07-26,131.3007,119.499,130.3625,16000
equity,INE0HLJ01013,2024-07-29,133.2265,130.3625,133.2265,3000
equity,INE0HLJ01013,2024-07-30,133.2265,133.2265,133.2265,
equity,INE0HLJ01013,2024-07-31,127.8935,127.8935,127.8935,1000
equity,INE0HLJ01013,2024-08-01,129.3749,123.4493,125.7702,3000
equity,INE0HLJ01013,2024-08-02,131.3501,127.3997,128.8811,8000
equity,INE0HLJ01013,2024-08-05,126.4121,122.4617,122.4617,12000
equity,INE0HLJ01013,2024-08-06,125.4245,121.0791,122.9555,6000
equity,INE0HLJ01013,2024-08-07,122.9555,122.9555,122.9555,
equity,INE0HLJ01013,2024-08-08,120.5853,119.499,120.5853,3000
equity,INE0HLJ01013,2024-08-09,120.289,120.289,120.289,1000
equity,INE0HLJ01013,2024-08-12,120.4866,116.5362,120.4866,7000
equity,INE0HLJ01013,2024-08-13,117.5238,114.6104,114.6104,3000
equity,INE0HLJ01013,2024-08-14,113.5734,113.5734,113.5734,1000
equity,INE0HLJ01013,2024-08-16,113.5734,113.5734,113.5734,
equity,INE0HLJ01013,2024-08-19,113.5734,113.5734,113.5734,
equity,INE0HLJ01013,2024-08-20,123.4493,120.4866,123.2518,7000
equity,INE0HLJ01013,2024-08-21,127.3997,125.4245,126.3134,3000
equity,INE0HLJ01013,2024-08-22,128.3873,125.4245,128.3379,12000
equity,INE0HLJ01013,2024-08-23,128.2885,128.2885,128.2885,1000
equity,INE0HLJ01013,2024-08-26,133.3253,128.3873,128.3873,14000
equity,INE0HLJ01013,2024-08-27,128.3873,128.3873,128.3873,
equity,INE0HLJ01013,2024-08-28,128.3873,128.3873,128.3873,3000
equity,INE0HLJ01013,2024-08-29,142.2136,134.2635,138.3127,33000
equity,INE0HLJ01013,2024-08-30,149.1268,143.2012,149.1268,29000
equity,INE0HLJ01013,2024-09-02,159.9903,148.1392,154.8055,38000
equity,INE0HLJ01013,2024-09-03,159.4965,154.8055,157.2251,9000
equity,INE0HLJ01013,2024-09-04,160.9286,157.0276,157.0276,3000
equity,INE0HLJ01013,2024-09-05,158.904,157.0276,158.8052,5000
equity,INE0HLJ01013,2024-09-06,158.0151,157.0276,157.0769,3000
equity,INE0HLJ01013,2024-09-09,157.1263,147.1516,147.1516,3000
equity,INE0HLJ01013,2024-09-10,147.1516,147.1516,147.1516,
equity,INE0HLJ01013,2024-09-11,147.1516,131.3501,143.2012,19000
equity,INE0HLJ01013,2024-09-12,148.1392,142.7074,142.7074,4000
equity,INE0HLJ01013,2024-09-13,156.8301,136.3375,146.3615,9000
equity,INE0HLJ01013,2024-09-16,149.1268,146.3615,149.1268,2000
equity,INE0HLJ01013,2024-09-17,149.1268,149.1268,149.1268,
equity,INE0HLJ01013,2024-09-18,144.1395,144.1395,144.1395,3000
equity,INE0HLJ01013,2024-09-19,143.2012,140.2384,140.2384,4000
equity,INE0HLJ01013,2024-09-20,136.2881,135.3005,135.3005,2000
equity,INE0HLJ01013,2024-09-23,137.2902,135.3005,135.3005,6000
equity,INE0HLJ01013,2024-09-24,135.3005,135.3005,135.3005,
equity,INE0HLJ01013,2024-09-25,138.285,134.3056,134.3056,2000
equity,INE0HLJ01013,2024-09-26,161.1667,141.2696,141.2696,6000
equity,INE0HLJ01013,2024-09-27,139.2799,139.2799,139.2799,1000
equity,INE0HLJ01013,2024-09-30,135.4,131.5698,134.3056,11000
equity,INE0HLJ01013,2024-10-01,133.4102,133.4102,133.4102,1000
equity,INE0HLJ01013,2024-10-03,139.2799,129.3313,133.261,76000
equity,INE0HLJ01013,2024-10-04,147.2388,134.2559,141.3194,103000
equity,INE0HLJ01013,2024-10-07,148.1839,134.3056,134.3056,110000
equity,INE0HLJ01013,2024-10-08,141.2696,137.2902,139.3297,121000
equity,INE0HLJ01013,2024-10-09,149.129,138.285,140.0758,108000
equity,INE0HLJ01013,2024-10-10,143.2096,136.2953,139.2799,106000
equity,INE0HLJ01013,2024-10-11,143.2593,140.2748,141.2696,87000
equity,INE0HLJ01013,2024-10-14,144.2542,136.1958,139.6778,125000
equity,INE0HLJ01013,2024-10-15,144.2542,140.2748,141.1701,98000
equity,INE0HLJ01013,2024-10-16,143.9557,139.2799,141.1204,102000
equity,INE0HLJ01013,2024-10-17,149.1787,139.2799,145.0501,97000
equity,INE0HLJ01013,2024-10-18,154.2027,144.2542,150.7207,96000
equity,INE0HLJ01013,2024-10-21,153.2079,139.5784,152.213,127000
equity,INE0HLJ01013,2024-10-22,152.213,142.3142,142.8614,106000
equity,INE0HLJ01013,2024-10-23,149.0295,146.2439,148.6315,94000
equity,INE0HLJ01013,2024-10-24,150.2233,144.2542,150.2233,88000
equity,INE0HLJ01013,2024-10-25,152.8099,144.2542,151.2182,84000
equity,INE0HLJ01013,2024-10-28,151.9643,141.767,149.4274,110000
equity,INE0HLJ01013,2024-10-29,151.4669,146.2439,151.1187,86000
equity,INE0HLJ01013,2024-10-30,152.213,150.7705,151.2679,93000
equity,INE0HLJ01013,2024-10-31,152.5115,146.2439,151.7156,83000
equity,INE0HLJ01013,2024-11-01,179.0742,129.3313,169.8717,106000
equity,INE0HLJ01013,2024-11-04,169.0261,161.1667,162.1616,80000
equity,INE0HLJ01013,2024-11-05,163.1565,152.213,159.0278,85000
equity,INE0HLJ01013,2024-11-06,168.1307,160.5698,163.6539,88000
equity,INE0HLJ01013,2024-11-07,167.1359,159.1273,161.5647,85000
equity,INE0HLJ01013,2024-11-08,163.1564,155.1976,159.8237,101000
equity,INE0HLJ01013,2024-11-11,167.1359,154.2027,161.117,98000
equity,INE0HLJ01013,2024-11-12,157.6847,151.2182,151.9643,96000
equity,INE0HLJ01013,2024-11-13,155.1479,147.7362,150.0741,24000
equity,INE0HLJ01013,2024-11-14,159.177,151.2182,159.177,6000
equity,INE0HLJ01013,2024-11-18,161.1667,159.177,159.7242,6000
equity,INE0HLJ01013,2024-11-19,168.6282,158.1822,166.6384,31000
equity,INE0HLJ01013,2024-11-21,163.1565,159.177,162.9077,7000
equity,INE0HLJ01013,2024-11-22,162.659,159.177,162.2611,12000
equity,INE0HLJ01013,2024-11-25,162.0124,153.2576,157.635,4000
equity,INE0HLJ01013,2024-11-26,163.5047,158.1822,162.9077,11000
equity,INE0HLJ01013,2024-11-27,172.1102,160.1719,167.3846,19000
equity,INE0HLJ01013,2024-11-28,171.1153,166.141,167.9815,14000
equity,INE0HLJ01013,2024-11-29,167.3846,164.1513,167.0364,9000
equity,INE0HLJ01013,2024-12-02,196.9816,158.6796,193.4996,46000
equity,INE0HLJ01013,2024-12-03,194.9919,175.0947,193.2011,33000
equity,INE0HLJ01013,2024-12-04,196.9816,183.1531,194.6934,16000
equity,INE0HLJ01013,2024-12-05,194.4944,187.1325,194.4944,7000
equity,INE0HLJ01013,2024-12-06,197.9764,193.8975,195.3898,22000
equity,INE0HLJ01013,2024-12-09,206.9301,194.4944,202.8512,36000
equity,INE0HLJ01013,2024-12-10,200.961,198.9713,198.9713,7000
equity,INE0HLJ01013,2024-12-11,223.3453,193.0021,216.9284,8000
equity,INE0HLJ01013,2024-12-12,210.8101,194.4944,210.8101,9000
equity,INE0HLJ01013,2024-12-13,218.8684,212.8495,215.5854,7000
equity,INE0HLJ01013,2024-12-16,214.889,209.9147,214.7895,7000
equity,INE0HLJ01013,2024-12-17,218.8684,200.2646,200.2646,9000
equity,INE0HLJ01013,2024-12-18,218.5202,204.2938,215.2869,10000
equity,INE0HLJ01013,2024-12-19,212.8993,204.5425,212.8993,5000
equity,INE0HLJ01013,2024-12-20,218.8684,198.9713,212.4018,15000
equity,INE0HLJ01013,2024-12-23,218.8684,202.503,210.9095,22000
equity,INE0HLJ01013,2024-12-24,228.817,191.0124,212.5511,59000
equity,INE0HLJ01013,2024-12-26,222.8478,211.3075,221.0074,14000
equity,INE0HLJ01013,2024-12-27,226.2304,218.8684,222.3007,10000
equity,INE0HLJ01013,2024-12-30,233.5425,219.9628,223.8427,11000
equity,INE0HLJ01013,2024-12-31,227.8221,213.8941,227.1257,23000
equity,INE0HLJ01013,2025-01-01,224.8376,218.8684,222.4499,20000
equity,INE0HLJ01013,2025-01-02,223.6437,215.2372,218.3212,18000
equity,INE0HLJ01013,2025-01-03,240.7055,215.4859,228.817,39000
equity,INE0HLJ01013,2025-01-06,231.8015,220.2612,230.3093,26000
equity,INE0HLJ01013,2025-01-07,227.3247,223.8427,225.1858,9000
equity,INE0HLJ01013,2025-01-08,226.8273,225.5837,225.7329,8000
equity,INE0HLJ01013,2025-01-09,238.3676,225.7329,230.6575,6000
equity,INE0HLJ01013,2025-01-10,238.7656,226.7278,233.8908,15000
equity,INE0HLJ01013,2025-01-13,236.2784,226.8273,233.7415,7000
equity,INE0HLJ01013,2025-01-14,232.7964,224.9371,230.558,10000
equity,INE0HLJ01013,2025-01-15,241.2527,230.8067,239.1635,11000
equity,INE0HLJ01013,2025-01-16,239.263,228.8667,231.2046,19000
equity,INE0HLJ01013,2025-01-17,238.9645,228.817,233.7913,9000
equity,INE0HLJ01013,2025-01-20,227.8221,222.3504,223.2458,4000
equity,INE0HLJ01013,2025-01-21,226.7278,212.1034,226.7278,3000
equity,INE0HLJ01013,2025-01-22,221.853,217.3761,217.3761,2000
equity,INE0HLJ01013,2025-01-23,223.8427,206.5322,223.8427,5000
equity,INE0HLJ01013,2025-01-24,223.8427,223.7432,223.7929,2000
equity,INE0HLJ01013,2025-01-27,223.7929,223.7929,223.7929,
equity,INE0HLJ01013,2025-01-28,212.6506,212.6506,212.6506,2000
equity,INE0HLJ01013,2025-01-29,221.853,202.0553,206.3332,12000
equity,INE0HLJ01013,2025-01-30,216.63,214.889,215.7843,4000
equity,INE0HLJ01013,2025-01-31,226.1309,225.1858,225.1858,3000
equity,INE0HLJ01013,2025-02-03,225.1858,225.1858,225.1858,
equity,INE0HLJ01013,2025-02-04,225.1858,225.1858,225.1858,
equity,INE0HLJ01013,2025-02-05,225.1858,225.1858,225.1858,
equity,INE0HLJ01013,2025-02-06,225.1858,225.1858,225.1858,
equity,INE0HLJ01013,2025-02-07,225.1858,225.1858,225.1858,
equity,INE0HLJ01013,2025-02-10,225.1858,225.1858,225.1858,
equity,INE0HLJ01013,2025-02-11,225.1858,225.1858,225.1858,
equity,INE0HLJ01013,2025-02-12,225.1858,225.1858,225.1858,
equity,INE0HLJ01013,2025-02-13,222.1017,222.1017,222.1017,2000
equity,INE0HLJ01013,2025-02-14,222.1017,222.1017,222.1017,
equity,INE0HLJ01013,2025-02-17,222.1017,222.1017,222.1017,
equity,INE0HLJ01013,2025-02-18,222.1017,222.1017,222.1017,
equity,INE0HLJ01013,2025-02-19,227.7226,211.2578,227.7226,5000
equity,INE0HLJ01013,2025-02-20,216.3813,216.3813,216.3813,2000
equity,INE0HLJ01013,2025-02-21,216.3813,216.3813,216.3813,
equity,INE0HLJ01013,2025-02-24,216.3813,216.3813,216.3813,
equity,INE0HLJ01013,2025-02-25,216.3813,216.3813,216.3813,
equity,INE0HLJ01013,2025-02-27,225.8324,205.5871,211.407,139000
equity,INE0HLJ01013,2025-02-28,211.407,211.407,211.407,
equity,INE0HLJ01013,2025-03-03,211.407,211.407,211.407,
equity,INE0HLJ01013,2025-03-04,211.407,211.407,211.407,
equity,INE0HLJ01013,2025-03-05,209.8152,200.8615,200.961,7000
equity,INE0HLJ01013,2025-03-06,200.961,200.961,200.961,1000
equity,INE0HLJ01013,2025-03-07,211.009,200.961,211.009,7000
equity,INE0HLJ01013,2025-03-10,211.009,211.009,211.009,
equity,INE0HLJ01013,2025-03-11,211.009,211.009,211.009,
equity,INE0HLJ01013,2025-03-12,218.7689,200.7123,210.9095,9000
equity,INE0HLJ01013,2025-03-13,214.889,214.889,214.889,1000
equity,INE0HLJ01013,2025-03-17,214.889,214.889,214.889,
equity,INE0HLJ01013,2025-03-18,217.8736,212.8993,217.8736,7000
equity,INE0HLJ01013,2025-03-19,217.8736,214.889,214.889,17000
equity,INE0HLJ01013,2025-03-20,214.889,214.889,214.889,
equity,INE0HLJ01013,2025-03-21,204.9404,204.9404,204.9404,1000
equity,INE0HLJ01013,2025-03-24,204.9404,194.6934,194.6934,2000
equity,INE0HLJ01013,2025-03-25,203.4481,195.9867,198.9215,10000
equity,INE0HLJ01013,2025-03-26,203.9456,197.9764,201.6574,6000
equity,INE0HLJ01013,2025-03-27,201.6574,201.6574,201.6574,
equity,INE0HLJ01013,2025-03-28,201.6574,201.6574,201.6574,
equity,INE0HLJ01013,2025-04-01,201.6574,201.6574,201.6574,
equity,INE0HLJ01013,2025-04-02,201.6574,201.6574,201.6574,
equity,INE0HLJ01013,2025-04-03,201.6574,201.6574,201.6574,
equity,INE0HLJ01013,2025-04-04,198.2749,198.2749,198.2749,1000
equity,INE0HLJ01013,2025-04-07,198.2749,198.2749,198.2749,
equity,INE0HLJ01013,2025-04-08,198.2749,198.2749,198.2749,
equity,INE0HLJ01013,2025-04-09,198.2749,198.2749,198.2749,
equity,INE0HLJ01013,2025-04-11,198.2749,198.2749,198.2749,
equity,INE0HLJ01013,2025-04-15,198.2749,198.2749,198.2749,
equity,INE0HLJ01013,2025-04-16,198.2749,198.2749,198.2749,
equity,INE0HLJ01013,2025-04-17,207.6763,197.8769,206.9301,15000
equity,INE0HLJ01013,2025-04-21,218.8684,208.9198,210.9095,3000
equity,INE0HLJ01013,2025-04-22,221.853,198.9713,215.7843,5000
equity,INE0HLJ01013,2025-04-23,220.3607,198.9713,216.7792,20000
equity,INE0HLJ01013,2025-04-24,218.6694,209.9147,218.6694,18000
equity,INE0HLJ01013,2025-04-25,225.7329,203.9456,218.8684,11000
equity,INE0HLJ01013,2025-04-28,218.8684,213.8941,216.5305,6000
equity,INE0HLJ01013,2025-04-29,217.3761,203.9456,211.7552,10000
equity,INE0HLJ01013,2025-04-30,214.7895,207.925,214.491,8000
equity,INE0HLJ01013,2025-05-02,216.8787,207.4773,215.0382,16000
equity,INE0HLJ01013,2025-05-05,215.0382,192.0073,203.6969,24000
equity,INE0HLJ01013,2025-05-06,209.865,207.925,209.5665,3500
equity,INE0HLJ01013,2025-05-07,213.7946,207.925,211.6557,40500
equity,INE0HLJ01013,2025-05-08,223.7929,209.0193,215.7843,14500
equity,INE0HLJ01013,2025-05-09,212.7998,207.925,212.7998,2500
equity,INE0HLJ01013,2025-05-12,213.7946,203.9456,204.0451,5000
equity,INE0HLJ01013,2025-05-13,211.9044,204.0451,204.0451,2000
equity,INE0HLJ01013,2025-05-14,210.9096,204.9404,204.9404,3500
equity,INE0HLJ01013,2025-05-15,211.3075,208.9198,210.3624,1500
equity,INE0HLJ01013,2025-05-16,210.9096,197.8272,207.9747,16500
equity,INE0HLJ01013,2025-05-19,207.9747,207.9747,207.9747,
equity,INE0HLJ01013,2025-05-20,207.9747,207.9747,207.9747,
equity,INE0HLJ01013,2025-05-21,213.7946,198.9713,208.9198,7000
equity,INE0HLJ01013,2025-05-22,208.9198,208.4722,208.7706,4000
equity,INE0HLJ01013,2025-05-23,205.9353,204.9404,205.9353,2000
equity,INE0HLJ01013,2025-05-26,199.4687,193.997,199.4687,4500
equity,INE0HLJ01013,2025-05-27,203.3984,191.5099,193.2509,1500
equity,INE0HLJ01013,2025-05-28,199.9661,184.0484,198.2251,9500
equity,INE0HLJ01013,2025-05-29,198.2251,198.2251,198.2251,
equity,INE0HLJ01013,2025-05-30,202.7518,199.9662,202.7518,7000
equity,INE0HLJ01013,2025-06-02,208.4224,198.9713,207.8255,12000
equity,INE0HLJ01013,2025-06-03,208.2235,193.997,198.2251,12000
equity,INE0HLJ01013,2025-06-04,207.8255,201.4584,202.503,5000
equity,INE0HLJ01013,2025-06-05,205.9353,198.9713,204.2938,4500
equity,INE0HLJ01013,2025-06-06,204.2938,203.9456,204.1445,1000
equity,INE0HLJ01013,2025-06-09,198.9713,198.9713,198.9713,1000
equity,INE0HLJ01013,2025-06-10,207.8752,195.9867,202.1051,13500
equity,INE0HLJ01013,2025-06-11,204.9404,198.9713,198.9713,15000
equity,INE0HLJ01013,2025-06-12,203.9456,201.8564,203.8958,5000
equity,INE0HLJ01013,2025-06-13,210.9096,194.9919,207.925,3500
equity,INE0HLJ01013,2025-06-16,207.925,207.925,207.925,
equity,INE0HLJ01013,2025-06-17,207.925,207.925,207.925,
equity,INE0HLJ01013,2025-06-18,207.925,207.925,207.925,
equity,INE0HLJ01013,2025-06-19,197.9764,180.069,197.9764,3000
equity,INE0HLJ01013,2025-06-20,206.8804,197.7277,203.3486,5000
equity,INE0HLJ01013,2025-06-23,203.3486,203.3486,203.3486,
equity,INE0HLJ01013,2025-06-24,203.3486,202.8512,202.8512,3000
equity,INE0HLJ01013,2025-06-25,202.9507,201.9559,201.9559,1000
equity,INE0HLJ01013,2025-06-26,197.0811,184.1479,194.0468,4500
equity,INE0HLJ01013,2025-06-27,200.9112,194.0965,195.0913,2000
equity,INE0HLJ01013,2025-06-30,212.8993,195.9867,200.7123,9000
equity,INE0HLJ01013,2025-07-01,203.8461,198.9215,202.901,11000
equity,INE0HLJ01013,2025-07-02,203.6969,193.997,203.6969,10000
equity,INE0HLJ01013,2025-07-03,202.6523,202.6523,202.6523,500
equity,INE0HLJ01013,2025-07-04,202.9507,194.5442,202.4035,11500
equity,INE0HLJ01013,2025-07-07,208.9198,195.1411,208.7706,16000
equity,INE0HLJ01013,2025-07-08,210.4121,198.9713,208.8204,19500
equity,INE0HLJ01013,2025-07-09,228.817,201.0107,224.6883,32500
equity,INE0HLJ01013,2025-07-10,238.666,228.817,233.9405,22000
equity,INE0HLJ01013,2025-07-11,240.7553,223.8427,239.3127,8500
equity,INE0HLJ01013,2025-07-14,241.7501,233.7913,241.3522,16000
equity,INE0HLJ01013,2025-07-15,239.263,220.8581,236.2784,17500
equity,INE0HLJ01013,2025-07-16,237.2235,226.8273,236.7758,5000
equity,INE0HLJ01013,2025-07-17,233.6918,222.8478,225.136,13500
equity,INE0HLJ01013,2025-07-18,232.7964,225.136,228.817,2500
equity,INE0HLJ01013,2025-07-21,240.7553,224.9868,235.4328,23500
equity,INE0HLJ01013,2025-07-22,253.6884,230.8067,248.2167,40500
equity,INE0HLJ01013,2025-07-23,250.8033,239.8101,248.8633,13000
equity,INE0HLJ01013,2025-07-24,248.2167,238.7655,242.3968,27000
equity,INE0HLJ01013,2025-07-25,243.7398,231.8016,241.7501,14500
equity,INE0HLJ01013,2025-07-28,249.2115,238.7655,249.2115,18000
equity,INE0HLJ01013,2025-07-29,246.9234,240.7553,245.2819,18000
equity,INE0HLJ01013,2025-07-30,245.7295,236.0297,239.8101,8000
equity,INE0HLJ01013,2025-07-31,250.7038,242.745,248.6644,12500
equity,INE0HLJ01013,2025-08-01,248.7141,237.8702,247.7193,9500
equity,INE0HLJ01013,2025-08-04,240.7552,234.7861,234.7861,4500
equity,INE0HLJ01013,2025-08-05,234.7861,234.7861,234.7861,1500
equity,INE0HLJ01013,2025-08-06,238.0691,234.7861,234.7861,1000
equity,INE0HLJ01013,2025-08-07,247.6198,238.7655,242.546,6000
equity,INE0HLJ01013,2025-08-08,238.7655,238.7655,238.7655,500
equity,INE0HLJ01013,2025-08-11,238.7655,238.7655,238.7655,
equity,INE0HLJ01013,2025-08-12,250.6043,233.7913,239.0143,7500
equity,INE0HLJ01013,2025-08-13,245.7295,236.7758,238.7655,5500
equity,INE0HLJ01013,2025-08-14,242.2475,220.112,240.1583,6500
equity,INE0HLJ01013,2025-08-18,236.7758,229.3641,236.7758,3500
equity,INE0HLJ01013,2025-08-19,236.7758,236.7758,236.7758,
equity,INE0HLJ01013,2025-08-20,235.9799,228.817,228.817,3000
equity,INE0HLJ01013,2025-08-21,233.7913,220.8581,228.817,3500
equity,INE0HLJ01013,2025-08-22,237.7707,184.7946,235.6317,19500
equity,INE0HLJ01013,2025-08-25,240.0589,211.0588,236.8753,9500
equity,INE0HLJ01013,2025-08-26,233.2938,221.9027,228.1206,2000
equity,INE0HLJ01013,2025-08-28,228.1206,228.1206,228.1206,
equity,INE0HLJ01013,2025-08-29,235.781,227.8221,235.781,1500
equity,INE0HLJ01013,2025-09-01,235.781,213.8941,220.112,2500
equity,INE0HLJ01013,2025-09-02,228.817,216.5802,227.4242,6000
equity,INE0HLJ01013,2025-09-03,230.8067,218.8684,226.8273,3500
equity,INE0HLJ01013,2025-09-04,234.6369,226.7775,231.4036,2500
equity,INE0HLJ01013,2025-09-05,232.7964,223.8427,230.6575,3000
equity,INE0HLJ01013,2025-09-08,234.5871,198.9713,223.9919,7500
equity,INE0HLJ01013,2025-09-09,233.2441,220.8581,233.2441,3500
equity,INE0HLJ01013,2025-09-10,233.2441,233.2441,233.2441,
equity,INE0HLJ01013,2025-09-11,233.2441,233.2441,233.2441,
equity,INE0HLJ01013,2025-09-12,275.1773,238.7655,271.4466,159500
equity,INE0HLJ01013,2025-09-15,291.4929,265.8257,268.6112,36500
equity,INE0HLJ01013,2025-09-16,284.4792,268.7107,280.9474,43000
equity,INE0HLJ01013,2025-09-17,283.5341,268.6112,270.203,12500
equity,INE0HLJ01013,2025-09-18,281.5444,273.5855,279.0572,11000
equity,INE0HLJ01013,2025-09-19,283.3351,274.4809,280.45,8500
equity,INE0HLJ01013,2025-09-22,332.0831,273.6353,287.2648,57500
equity,INE0HLJ01013,2025-09-23,281.5245,275.5346,280.4263,8500
equity,INE0HLJ01013,2025-09-24,280.027,276.9322,280.027,1000
equity,INE0HLJ01013,2025-09-25,275.5346,275.5346,275.5346,500
equity,INE0HLJ01013,2025-09-26,279.5278,269.4948,276.483,3500
equity,INE0HLJ01013,2025-09-29,278.1302,255.768,275.9339,2500
equity,INE0HLJ01013,2025-09-30,281.4247,269.5447,281.4247,5000
equity,INE0HLJ01013,2025-10-01,283.3714,269.5447,282.7225,8500
equity,INE0HLJ01013,2025-10-03,283.5211,272.5397,281.4247,5000
equity,INE0HLJ01013,2025-10-06,279.5278,259.5616,265.9508,12000
equity,INE0HLJ01013,2025-10-07,270.543,254.57,268.3467,12500
equity,INE0HLJ01013,2025-10-08,273.538,260.3103,268.6961,10000
equity,INE0HLJ01013,2025-10-09,269.4948,259.5616,261.2088,8500
equity,INE0HLJ01013,2025-10-10,268.4466,268.3967,268.4466,1500
equity,INE0HLJ01013,2025-10-13,277.5312,259.5616,261.5582,10500
equity,INE0HLJ01013,2025-10-14,272.5397,261.5582,266.45,10500
equity,INE0HLJ01013,2025-10-15,266.5498,249.6284,253.5717,26000
equity,INE0HLJ01013,2025-10-16,257.515,249.5784,251.8246,17500
equity,INE0HLJ01013,2025-10-17,271.0422,251.8246,269.5447,19000
equity,INE0HLJ01013,2025-10-20,271.5413,255.169,265.7511,16500
equity,INE0HLJ01013,2025-10-21,265.7511,265.7511,265.7511,
equity,INE0HLJ01013,2025-10-23,294.5026,261.1589,266.0506,10500
equity,INE0HLJ01013,2025-10-24,269.395,269.395,269.395,500
equity,INE0HLJ01013,2025-10-27,272.5397,255.5683,260.4102,16000
equity,INE0HLJ01013,2025-10-28,261.5582,252.5734,256.966,7000
equity,INE0HLJ01013,2025-10-29,263.455,253.5717,261.8577,8000
equity,INE0HLJ01013,2025-10-30,261.8577,257.6648,257.6648,1000
equity,INE0HLJ01013,2025-10-31,259.9609,250.5768,256.4668,9000
equity,INE0HLJ01013,2025-11-03,264.054,254.57,259.9609,5500
equity,INE0HLJ01013,2025-11-04,264.5532,255.5683,258.0641,10500
equity,INE0HLJ01013,2025-11-06,267.5481,256.4668,263.3552,17000
equity,INE0HLJ01013,2025-11-07,274.5363,259.5616,265.8011,17000
equity,INE0HLJ01013,2025-11-10,278.4297,266.4499,277.4813,16000
equity,INE0HLJ01013,2025-11-11,283.3714,273.9373,277.4314,16000
equity,INE0HLJ01013,2025-11-12,284.5194,265.9508,284.4196,18500
equity,INE0HLJ01013,2025-11-13,284.5194,269.5447,283.571,13500
equity,INE0HLJ01013,2025-11-14,282.5228,279.5279,282.4729,17000
equity,INE0HLJ01013,2025-11-17,284.4695,274.5363,275.5346,10000
equity,INE0HLJ01013,2025-11-18,274.5363,268.5464,273.5879,28000
equity,INE0HLJ01013,2025-11-19,311.9731,272.1404,295.451,40500
equity,INE0HLJ01013,2025-11-20,318.4122,294.5026,299.4941,36500
equity,INE0HLJ01013,2025-11-21,290.5093,284.5693,289.511,28500
equity,INE0HLJ01013,2025-11-24,289.511,259.5616,289.0118,17500
equity,INE0HLJ01013,2025-11-25,303.4874,293.5043,303.4874,2500
equity,INE0HLJ01013,2025-11-26,301.1913,294.0034,294.1032,15000
equity,INE0HLJ01013,2025-11-27,294.5026,292.456,293.5042,8500
equity,INE0HLJ01013,2025-11-28,291.5575,279.5279,286.1167,10500
equity,INE0HLJ01013,2025-12-01,294.4027,281.5744,287.0152,5000
equity,INE0HLJ01013,2025-12-02,297.4975,279.5279,296.8486,8500
equity,INE0HLJ01013,2025-12-03,294.3528,284.5194,290.1599,3500
equity,INE0HLJ01013,2025-12-04,304.4857,288.5127,300.0432,21500
equity,INE0HLJ01013,2025-12-05,293.0051,280.4763,293.0051,1500
equity,INE0HLJ01013,2025-12-08,293.0051,291.5076,291.5076,2500
equity,INE0HLJ01013,2025-12-09,291.5076,284.4695,285.5177,8500
equity,INE0HLJ01013,2025-12-10,290.5093,282.5228,288.2132,15500
equity,INE0HLJ01013,2025-12-11,301.4908,286.0169,286.0169,2500
equity,INE0HLJ01013,2025-12-12,300.4925,296.4992,299.6938,9500
equity,INE0HLJ01013,2025-12-15,296.3994,294.5026,294.5026,5000
equity,INE0HLJ01013,2025-12-16,299.4941,289.511,299.4941,5000
equity,INE0HLJ01013,2025-12-17,297.3977,289.511,294.4527,9500
equity,INE0HLJ01013,2025-12-18,296,295.9501,296,7000
equity,INE0HLJ01013,2025-12-19,296,296,296,
equity,INE0HLJ01013,2025-12-22,299.4941,296,296.6489,14500
equity,INE0HLJ01013,2025-12-23,298.4958,289.511,294.5026,5000
equity,INE0HLJ01013,2025-12-24,294.5026,294.5026,294.5026,
equity,INE0HLJ01013,2025-12-26,289.511,277.5312,284.5194,6500
equity,INE0HLJ01013,2025-12-29,311.4739,274.5363,282.8722,83500
equity,INE0HLJ01013,2025-12-30,292.0068,279.5279,289.6607,8000
equity,INE0HLJ01013,2025-12-31,294.4027,282.5228,290.7589,4000
equity,INE0HLJ01013,2026-01-01,291.5076,285.5677,285.5677,1500
equity,INE0HLJ01013,2026-01-02,296.9485,288.0634,292.7056,2000
equity,INE0HLJ01013,2026-01-05,286.4162,280.5262,280.5262,4500
equity,INE0HLJ01013,2026-01-06,287.8638,287.8638,287.8638,500
equity,INE0HLJ01013,2026-01-07,287.4145,287.4145,287.4145,500
equity,INE0HLJ01013,2026-01-08,287.4145,287.4145,287.4145,
equity,INE0HLJ01013,2026-01-09,287.4145,287.4145,287.4145,
equity,INE0HLJ01013,2026-01-12,297.4975,286.4661,286.5161,8500
equity,INE0HLJ01013,2026-01-13,289.0118,283.5211,289.0118,1500
equity,INE0HLJ01013,2026-01-14,297.4975,284.5194,294.4527,6000
equity,INE0HLJ01013,2026-01-16,294.4527,280.5761,290.5093,8000
equity,INE0HLJ01013,2026-01-19,292.3063,282.7225,290.4594,2500
equity,INE0HLJ01013,2026-01-20,288.912,279.5279,288.8122,4500
equity,INE0HLJ01013,2026-01-21,305.3842,289.4611,289.511,3000
equity,INE0HLJ01013,2026-01-22,289.511,281.6243,287.2149,7000
equity,INE0HLJ01013,2026-01-23,290.2597,289.4112,289.4112,2000
equity,INE0HLJ01013,2026-01-27,289.4112,289.4112,289.4112,
equity,INE0HLJ01013,2026-01-28,298.4958,284.769,290.5093,16000
equity,INE0HLJ01013,2026-01-29,299.9933,284.5194,284.5693,5000
equity,INE0HLJ01013,2026-01-30,284.5693,284.5693,284.5693,
equity,INE0HLJ01013,2026-02-02,280.5262,280.5262,280.5262,
equity,INE0HLJ01013,2026-02-03,280.5262,280.5262,280.5262,
equity,INE0HLJ01013,2026-02-04,279.3781,244.5869,269.5447,7000
equity,INE0HLJ01013,2026-02-05,269.5447,269.5447,269.5447,
equity,INE0HLJ01013,2026-02-06,290.5093,258.2138,274.5862,5000
equity,INE0HLJ01013,2026-02-09,267.4982,257.565,259.5616,8000
equity,INE0HLJ01013,2026-02-10,260.5599,259.5616,260.5599,1000
equity,INE0HLJ01013,2026-02-11,269.4948,269.4449,269.4948,1000
equity,INE0HLJ01013,2026-02-12,271.5414,267.5481,271.5414,6500
equity,INE0HLJ01013,2026-02-13,271.5414,271.5414,271.5414,
equity,INE0HLJ01013,2026-02-16,250.6267,250.6267,250.6267,500
equity,INE0HLJ01013,2026-02-17,266.5498,254.57,259.5117,4000
equity,INE0HLJ01013,2026-02-18,277.7309,259.6614,259.6614,8000
equity,INE0HLJ01013,2026-02-19,281.5245,265.5515,265.5515,8000
equity,INE0HLJ01013,2026-02-20,287.5144,271.5414,271.5414,8000
equity,INE0HLJ01013,2026-02-23,276.4331,239.3457,276.3832,20500
equity,INE0HLJ01013,2026-02-24,289.511,260.7096,269.4948,15000
equity,INE0HLJ01013,2026-02-25,276.5329,258.0641,259.5616,9500
equity,INE0HLJ01013,2026-02-26,254.57,249.5784,250.5268,2500
equity,INE0HLJ01013,2026-02-27,250.5268,250.5268,250.5268,
equity,INE0HLJ01013,2026-03-02,250.5268,250.5268,250.5268,
equity,INE0HLJ01013,2026-03-04,241.5919,234.6037,241.5919,2500
equity,INE0HLJ01013,2026-03-05,248.5801,239.5953,243.1892,4500
equity,INE0HLJ01013,2026-03-06,252.0742,252.0742,252.0742,1000
equity,INE0HLJ01013,2026-03-09,252.0742,252.0742,252.0742,
equity,INE0HLJ01013,2026-03-10,249.5285,232.3076,242.6402,2000
equity,INE0HLJ01013,2026-03-11,289.511,244.5869,252.0742,5000
equity,INE0HLJ01013,2026-03-12,264.5532,264.5532,264.5532,500
equity,INE0HLJ01013,2026-03-13,273.538,239.6452,259.312,6000
equity,INE0HLJ01013,2026-03-16,272.5397,271.5413,272.0405,6500
equity,INE0HLJ01013,2026-03-17,268.4466,255.8678,266.45,6000
equity,INE0HLJ01013,2026-03-18,257.7646,249.5784,257.4651,8500
equity,INE0HLJ01013,2026-03-19,284.5194,206.651,260.9592,17500
equity,INE0HLJ01013,2026-03-20,270.543,249.5784,270.0938,30500
equity,INE0HLJ01013,2026-03-23,268.5464,250.5767,263.455,22000
equity,INE0HLJ01013,2026-03-24,262.856,249.5785,260.1606,17500
equity,INE0HLJ01013,2026-03-25,259.5616,249.6783,259.2621,17000
equity,INE0HLJ01013,2026-03-27,259.5616,252.0742,257.4651,8500
equity,INE0HLJ01013,2026-03-30,257.4651,257.4651,257.4651,
equity,INE0HLJ01013,2026-04-01,289.4611,269.5447,284.1201,8000
equity,INE0HLJ01013,2026-04-02,284.1201,284.1201,284.1201,
equity,INE0HLJ01013,2026-04-06,297.0982,269.9441,288.7124,5000
equity,INE0HLJ01013,2026-04-07,281.5245,274.5363,274.5363,2500
equity,INE0HLJ01013,2026-04-08,274.5363,274.5363,274.5363,
equity,INE0HLJ01013,2026-04-09,284.5194,260.8095,262.7063,5000
equity,INE0HLJ01013,2026-04-10,270.543,249.5784,259.4118,14000
equity,INE0HLJ01013,2026-04-13,261.4584,246.5835,261.4584,2500
equity,INE0HLJ01013,2026-04-15,261.4584,261.4584,261.4584,
equity,INE0HLJ01013,2026-04-16,255.5683,250.5768,255.5184,1500
equity,INE0HLJ01013,2026-04-17,264.5532,255.4685,255.4685,12000
equity,INE0HLJ01013,2026-04-20,255.4685,255.4685,255.4685,
equity,INE0HLJ01013,2026-04-21,254.57,253.5717,254.57,1000
equity,INE0HLJ01013,2026-04-22,243.6884,243.6884,243.6884,500
equity,INE0HLJ01013,2026-04-23,249.5784,249.4786,249.5784,1000
equity,INE0HLJ01013,2026-04-24,249.5784,249.5784,249.5784,
equity,INE0HLJ01013,2026-04-27,239.5953,238.597,239.5953,4000
equity,INE0HLJ01013,2026-04-28,239.5953,228.6139,239.5454,3000
equity,INE0HLJ01013,2026-04-29,237.2992,227.6155,235.4523,4000
equity,INE0HLJ01013,2026-04-30,235.4523,235.4523,235.4523,
equity,INE0HLJ01013,2026-05-01,235.4523,235.4523,235.4523,
equity,INE0HLJ01013,2026-05-04,232.7569,228.7137,228.7137,11500
equity,INE0HLJ01013,2026-05-05,237.4988,219.629,231.3592,3000
equity,INE0HLJ01013,2026-05-06,236.6004,236.6004,236.6004,500
equity,INE0HLJ01013,2026-05-07,232.5073,224.8203,232.5073,3500
equity,INE0HLJ01013,2026-05-08,227.6155,220.9268,222.7737,3000
equity,INE0HLJ01013,2026-05-11,233.6054,211.6425,229.7619,5000
equity,INE0HLJ01013,2026-05-12,239.2958,218.6307,237.5987,5000
equity,INE0HLJ01013,2026-05-13,243.4388,235.1029,243.4388,1500
equity,INE0HLJ01013,2026-05-14,251.5751,231.6088,246.7832,5500
equity,INE0HLJ01013,2026-05-15,254.57,235.1029,250.0776,5000
equity,INE0HLJ01013,2026-05-18,254.57,253.3221,254.3704,3500
equity,INE0HLJ01013,2026-05-19,263.5548,252.3238,254.5201,7000
equity,INE0HLJ01013,2026-05-20,259.5616,241.8415,259.5616,17000
equity,INE0HLJ01013,2026-05-21,259.312,239.9946,252.1741,3000
equity,INE0HLJ01013,2026-05-22,249.6783,249.5285,249.5285,5500
equity,INE0HLJ01013,2026-05-25,254.5201,254.5201,254.5201,1000
equity,INE0HLJ01013,2026-05-26,254.5201,254.5201,254.5201,
equity,INE0HLJ01013,2026-05-27,254.0709,253.971,254.0209,1000
equity,INE0HLJ01013,2026-05-28,254.0209,254.0209,254.0209,
equity,INE0HLJ01013,2026-05-29,254.57,241.6918,254.1208,3000
equity,INE0HLJ01013,2026-06-01,254.1208,254.1208,254.1208,
equity,INE0HLJ01013,2026-06-02,255.5683,255.4685,255.5683,1000
equity,INE0HLJ01013,2026-06-03,243.5886,243.5886,243.5886,500
equity,INE0HLJ01013,2026-06-04,239.5953,239.5953,239.5953,500
equity,INE0HLJ01013,2026-06-05,249.5784,239.6951,249.4786,6000
equity,INE0HLJ01013,2026-06-08,259.5616,252.4736,255.9677,5000
equity,INE0HLJ01013,2026-06-09,259.5616,247.5818,249.5784,4000
equity,INE0HLJ01013,2026-06-10,250.6766,250.6766,250.6766,500
equity,INE0HLJ01013,2026-06-11,254.5201,254.5201,254.5201,500
equity,INE0HLJ01013,2026-06-12,255.5683,254.57,255.5683,3500
equity,INE0HLJ01013,2026-06-15,254.57,254.57,254.57,2500
equity,INE0HLJ01013,2026-06-16,244.5869,241.8415,241.8415,11000
equity,INE0HLJ01013,2026-06-17,241.8415,241.8415,241.8415,
equity,INE0HLJ01013,2026-06-18,241.8415,241.8415,241.8415,
equity,INE0HLJ01013,2026-06-19,241.8415,241.8415,241.8415,
equity,INE0HLJ01013,2026-06-22,237.5987,229.8617,237.5987,2500
equity,INE0HLJ01013,2026-06-23,249.4786,229.6122,247.7815,15500
equity,INE0HLJ01013,2026-06-24,258.5633,248.5801,250.9262,8000
equity,INE0HLJ01013,2026-06-25,263.455,243.1393,263.1555,49000
equity,INE0HLJ01013,2026-06-26,263.1555,263.1555,263.1555,
equity,INE0HLJ01013,2026-06-29,276.2833,250.0776,275.285,54000
equity,INE0HLJ01013,2026-06-30,288.5127,273.538,288.4128,33000
equity,INE0HLJ01013,2026-07-01,302.7886,294.5026,299.3444,33500
equity,INE0HLJ01013,2026-07-02,314.2692,294.5525,314.2692,62500
equity,INE0HLJ01013,2026-07-03,329.4436,317.4638,323.4537,42500
equity,INE0HLJ01013,2026-07-06,334.4351,312.4722,325.8496,17000
equity,INE0HLJ01013,2026-07-07,341.9225,319.4604,337.5798,46000
equity,INE0HLJ01013,2026-07-08,348.4115,341.4233,346.964,9000
equity,INE0HLJ01013,2026-07-09,363.2864,329.6931,359.5427,28500
equity,INE0HLJ01013,2026-07-10,359.393,359.393,359.393,1500
equity,INE0HLJ01013,2026-07-13,369.3761,341.9225,366.1815,24500
equity,INE0HLJ01013,2026-07-14,379.1596,359.393,371.0732,40500
equity,INE0HLJ01013,2026-07-15,378.311,376.3643,376.3643,1500
equity,INE0HLJ01013,2026-07-16,376.3643,376.3643,376.3643,500
equity,INE0HLJ01013,2026-07-17,388.1943,374.3677,383.7019,35500
equity,INE0HLJ01013,2026-07-20,395.3323,364.5343,392.2874,71000
equity,INE0HLJ01013,2026-07-21,400.3238,373.3694,396.6301,12500
equity,INE0HLJ01013,2026-07-22,398.2773,377.5623,379.3593,1500
equity,INE0HLJ01013,2026-07-23,379.3593,379.3593,379.3593,
equity,INE0HLJ01013,2026-07-24,373.8186,373.6688,373.6688,3500
equity,INE0HLJ01013,2026-07-27,392.3373,355.0004,387.0962,11500
equity,INE0HLJ01013,2026-07-28,400.3238,375.8652,395.7815,19500
equity,INE0HLJ01013,2026-07-29,404.3171,378.91,399.625,44500
equity,INE0HLJ01013,2026-07-30,409.3087,394.3339,408.2604,40789
equity,INE0HLJ01013,2026-07-31,428.2766,406.3137,427.2783,45568
equity,INE0HLJ01013,2026-08-03,445.797,428.2766,445.6972,34897
equity,INE0HLJ01013,2026-08-04,467.9596,454.2328,467.4105,20195
equity,INE0HLJ01013,2026-08-05,489.1738,470.2557,487.277,24244
equity,INE0HLJ01013,2026-08-06,499.1569,464.2159,497.1603,12882
equity,INE0HLJ01013,2026-08-07,513.1333,489.1738,504.997,15918
equity,INE0HLJ01013,2026-08-10,530.1046,480.1889,500.8041,12452
equity,INE0HLJ01013,2026-08-11,525.762,477.194,521.4692,35442
equity,INE0HLJ01013,2026-08-12,542.0844,504.1485,536.5438,18297
equity,INE0HLJ01013,2026-08-13,554.0642,519.1232,548.3239,19155
equity,INE0HLJ01013,2026-08-14,558.7562,524.1147,549.9711,31527
equity,INE0HLJ01013,2026-08-17,558.0574,523.1164,539.1393,18915
equity,INE0HLJ01013,2026-08-18,543.0827,512.3347,514.4311,6358
equity,INE0HLJ01013,2026-08-19,519.822,488.7245,501.6028,27008
equity,INE0HLJ01013,2026-08-20,524.1147,494.2152,512.4344,7204
equity,INE0HLJ01013,2026-08-21,519.1232,490.1721,506.9437,2566
equity,INE0HLJ01013,2026-08-24,509.14,482.1855,501.7525,6337
equity,INE0HLJ01013,2026-08-25,526.8102,476.6948,525.4125,26813
equity,INE0HLJ01013,2026-08-26,529.0564,499.6561,522.5674,1493
equity,INE0HLJ01013,2026-08-27,531.1029,517.1265,525.4125,1505
equity,INE0HLJ01013,2026-08-28,524.1147,519.1232,520.0217,215
equity,INE0HLJ01013,2026-08-31,528.8068,494.0655,525.0132,1940
equity,INE0HLJ01013,2026-09-01,526.0614,499.1569,512.9336,19783
equity,INE0HLJ01013,2026-09-02,525.8119,512.9336,518.1249,12253
equity,INE0HLJ01013,2026-09-03,529.1063,492.2186,511.5859,8183
equity,INE0HLJ01013,2026-09-04,514.1316,486.0291,498.1586,33650
equity,INE0HLJ01013,2026-09-07,498.8075,474.1991,474.249,722
equity,INE0HLJ01013,2026-09-08,497.1603,450.539,490.4716,20820
equity,INE0HLJ01013,2026-09-09,510.5377,465.963,505.6459,25725
equity,INE0HLJ01013,2026-09-10,519.1232,480.8378,509.1899,13384
equity,INE0HLJ01013,2026-09-11,509.14,483.8328,509.14,14907
equity,INE0HLJ01013,2026-09-15,520.6206,499.1569,499.1569,9241
equity,INE0HLJ01013,2026-09-16,523.6156,480.1889,521.9683,8152
equity,INE0HLJ01013,2026-09-17,540.0878,499.1569,537.3424,15512
equity,INE0HLJ01013,2026-09-18,559.0557,529.1063,555.0624,21272
equity,INE0HLJ01013,2026-09-21,564.0473,539.0894,560.1039,11976
equity,INE0HLJ01013,2026-09-22,580.1701,548.9228,580.0203,14921
equity,INE0HLJ01013,2026-09-23,593.9967,559.1056,592.05,12926
equity,INE0HLJ01013,2026-09-24,610.1,571.05,605.8,13637
equity,INE0PT101017,2023-09-25,91.8716,86.3293,86.3293,1938000
equity,INE0PT101017,2023-09-26,82.0353,82.0353,82.0353,144000
equity,INE0PT101017,2023-09-27,77.9411,77.9411,77.9411,204000
equity,INE0PT101017,2023-09-28,81.8356,76.8925,81.8356,1252000
equity,INE0PT101017,2023-09-29,85.88,81.2364,85.88,334000
equity,INE0PT101017,2023-10-03,86.8786,82.8841,83.733,222000
equity,INE0PT101017,2023-10-04,82.3848,79.5388,79.8384,266000
equity,INE0PT101017,2023-10-05,82.8342,77.6415,80.4875,128000
equity,INE0PT101017,2023-10-06,82.7843,80.8869,82.5846,136000
equity,INE0PT101017,2023-10-09,86.6788,78.8897,86.529,446000
equity,INE0PT101017,2023-10-10,91.7717,85.3806,87.5276,514000
equity,INE0PT101017,2023-10-11,94.3681,87.1781,90.3737,456000
equity,INE0PT101017,2023-10-12,93.4693,90.5235,91.0727,126000
equity,INE0PT101017,2023-10-13,92.321,89.8744,90.5235,140000
equity,INE0PT101017,2023-10-16,91.7717,85.9299,86.7288,122000
equity,INE0PT101017,2023-10-17,90.5235,86.8786,90.0242,158000
equity,INE0PT101017,2023-10-18,91.8716,86.9285,87.1781,72000
equity,INE0PT101017,2023-10-19,86.8786,82.8841,86.7288,72000
equity,INE0PT101017,2023-10-20,86.7288,83.9826,84.9812,70000
equity,INE0PT101017,2023-10-23,96.8646,85.88,86.9285,862000
equity,INE0PT101017,2023-10-25,92.4208,87.1781,87.8272,222000
equity,INE0PT101017,2023-10-26,88.7759,80.9369,87.3279,122000
equity,INE0PT101017,2023-10-27,91.0727,87.9271,88.8758,240000
equity,INE0PT101017,2023-10-30,96.1156,87.9271,92.6705,670000
equity,INE0PT101017,2023-10-31,93.7689,90.124,90.4735,112000
equity,INE0PT101017,2023-11-01,91.7717,88.2267,88.8258,114000
equity,INE0PT101017,2023-11-02,91.572,89.3251,90.0741,96000
equity,INE0PT101017,2023-11-03,94.6677,90.873,94.1184,268000
equity,INE0PT101017,2023-11-06,99.8604,95.117,96.2654,488000
equity,INE0PT101017,2023-11-07,100.1101,97.1642,98.5622,514000
equity,INE0PT101017,2023-11-08,107.2001,98.8618,105.4027,860000
equity,INE0PT101017,2023-11-09,109.6467,103.1059,104.454,234000
equity,INE0PT101017,2023-11-10,104.1045,96.3653,96.9645,248000
equity,INE0PT101017,2023-11-13,100.859,97.4638,97.7134,74000
equity,INE0PT101017,2023-11-15,106.2515,97.9631,102.0074,280000
equity,INE0PT101017,2023-11-16,104.3541,100.7592,102.3569,116000
equity,INE0PT101017,2023-11-17,103.5552,98.8618,99.5109,88000
equity,INE0PT101017,2023-11-20,101.2585,99.6108,99.9603,62000
equity,INE0PT101017,2023-11-21,102.2071,98.6621,101.2585,96000
equity,INE0PT101017,2023-11-22,102.7564,97.1642,98.2626,120000
equity,INE0PT101017,2023-11-23,100.3597,97.8632,99.8604,58000
equity,INE0PT101017,2023-11-24,101.8576,99.3611,100.3098,90000
equity,INE0PT101017,2023-11-28,100.859,96.8646,97.2141,84000
equity,INE0PT101017,2023-11-29,99.0615,91.9215,93.3195,106000
equity,INE0PT101017,2023-11-30,93.8189,85.6303,90.9229,222000
equity,INE0PT101017,2023-12-01,92.6205,85.3807,86.1296,304000
equity,INE0PT101017,2023-12-04,88.3765,84.432,86.2794,126000
equity,INE0PT101017,2023-12-05,88.3265,85.88,86.1795,100000
equity,INE0PT101017,2023-12-06,89.3251,85.88,88.9756,86000
equity,INE0PT101017,2023-12-07,88.5263,85.3807,85.9299,116000
equity,INE0PT101017,2023-12-08,88.7759,86.8786,87.7773,64000
equity,INE0PT101017,2023-12-11,88.5762,87.278,87.8772,40000
equity,INE0PT101017,2023-12-12,88.8258,87.8272,88.676,46000
equity,INE0PT101017,2023-12-13,89.0755,87.977,88.4763,22000
equity,INE0PT101017,2023-12-14,90.2239,88.9756,90.0242,30000
equity,INE0PT101017,2023-12-15,90.3737,88.9257,88.9257,48000
equity,INE0PT101017,2023-12-18,89.0256,79.8883,84.2323,180000
equity,INE0PT101017,2023-12-19,88.1268,84.8813,85.2309,198000
equity,INE0PT101017,2023-12-20,87.6774,81.4861,82.0353,114000
equity,INE0PT101017,2023-12-21,84.3321,79.8883,81.8356,92000
equity,INE0PT101017,2023-12-22,82.8841,79.8883,79.9882,126000
equity,INE0PT101017,2023-12-26,87.3779,76.8925,86.4292,322000
equity,INE0PT101017,2023-12-27,93.9686,88.0769,90.3237,436000
equity,INE0PT101017,2023-12-28,92.8202,85.88,88.8758,196000
equity,INE0PT101017,2023-12-29,92.3709,86.3793,89.2752,202000
equity,INE0PT101017,2024-01-01,90.4735,87.8772,88.8258,62000
equity,INE0PT101017,2024-01-02,89.7745,87.2281,88.2766,72000
equity,INE0PT101017,2024-01-03,88.2766,86.2794,86.6788,94000
equity,INE0PT101017,2024-01-04,89.8744,87.8772,89.1254,72000
equity,INE0PT101017,2024-01-05,90.823,88.3765,89.7745,110000
equity,INE0PT101017,2024-01-08,92.7703,88.8758,89.1754,90000
equity,INE0PT101017,2024-01-09,102.8562,86.8786,97.6635,708000
equity,INE0PT101017,2024-01-10,116.2375,98.1628,113.1918,2192000
equity,INE0PT101017,2024-01-11,119.6827,108.8479,112.7923,812000
equity,INE0PT101017,2024-01-12,114.6897,107.9491,113.4914,540000
equity,INE0PT101017,2024-01-15,113.4914,113.4914,113.4914,
equity,INE0PT101017,2024-01-16,119.3332,104.9533,108.748,374000
equity,INE0PT101017,2024-01-17,107.6495,103.8548,107.3,152000
equity,INE0PT101017,2024-01-18,112.343,107.8492,109.5968,184000
equity,INE0PT101017,2024-01-19,114.2403,110.146,112.6425,270000
equity,INE0PT101017,2024-01-23,113.8409,104.1544,105.0532,180000
equity,INE0PT101017,2024-01-24,108.1988,103.8548,106.7009,102000
equity,INE0PT101017,2024-01-25,108.9477,107.0504,107.999,72000
equity,INE0PT101017,2024-01-29,112.7923,106.9006,110.9949,132000
equity,INE0PT101017,2024-01-30,112.343,107.8492,109.1974,74000
equity,INE0PT101017,2024-01-31,108.8478,105.852,107.5497,82000
equity,INE0PT101017,2024-02-01,109.3471,107.1003,108.0989,56000
equity,INE0PT101017,2024-02-02,121.7798,107.3999,115.9879,418000
equity,INE0PT101017,2024-02-05,118.5343,111.3943,112.6425,170000
equity,INE0PT101017,2024-02-06,113.8409,112.0434,113.3915,38000
equity,INE0PT101017,2024-02-07,114.49,110.9949,111.7937,58000
equity,INE0PT101017,2024-02-08,112.0933,107.9491,108.3985,78000
equity,INE0PT101017,2024-02-09,108.7979,104.8534,108.4484,104000
equity,INE0PT101017,2024-02-12,117.7354,107.2501,109.8465,406000
equity,INE0PT101017,2024-02-13,111.8437,108.4484,110.0462,60000
equity,INE0PT101017,2024-02-14,113.2417,105.852,108.3485,154000
equity,INE0PT101017,2024-02-15,111.8437,109.0476,110.7951,70000
equity,INE0PT101017,2024-02-16,129.7187,108.9477,127.9711,1298000
equity,INE0PT101017,2024-02-19,139.8046,126.0238,129.7187,476000
equity,INE0PT101017,2024-02-20,130.7672,125.1251,125.6743,114000
equity,INE0PT101017,2024-02-21,127.7215,120.2319,121.0308,136000
equity,INE0PT101017,2024-02-22,124.7756,119.8325,122.7284,140000
equity,INE0PT101017,2024-02-23,135.3608,121.8796,134.0626,364000
equity,INE0PT101017,2024-02-26,138.3067,128.8199,131.4163,134000
equity,INE0PT101017,2024-02-27,131.8157,124.9753,125.924,620000
equity,INE0PT101017,2024-02-28,128.5703,122.329,123.777,156000
equity,INE0PT101017,2024-02-29,125.7243,119.3831,123.9767,126000
equity,INE0PT101017,2024-03-01,126.3234,121.9296,122.9282,92000
equity,INE0PT101017,2024-03-04,125.7243,119.9324,120.6813,58000
equity,INE0PT101017,2024-03-05,119.8325,97.0643,109.6967,380000
equity,INE0PT101017,2024-03-06,108.8479,99.8604,101.9076,356000
equity,INE0PT101017,2024-03-07,110.8451,104.8534,107.3,92000
equity,INE0PT101017,2024-03-11,106.3513,94.8674,98.1129,258000
equity,INE0PT101017,2024-03-12,101.8576,92.8702,94.4679,150000
equity,INE0PT101017,2024-03-13,100.3597,90.0741,90.6733,166000
equity,INE0PT101017,2024-03-14,100.8091,92.3709,99.0116,136000
equity,INE0PT101017,2024-03-18,106.3513,95.3667,103.5053,152000
equity,INE0PT101017,2024-03-19,104.7536,101.1586,102.2071,42000
equity,INE0PT101017,2024-03-20,104.7536,100.859,102.1572,52000
equity,INE0PT101017,2024-03-21,104.7536,102.1572,103.8548,40000
equity,INE0PT101017,2024-03-22,105.852,99.9103,102.8063,96000
equity,INE0PT101017,2024-03-26,102.8562,100.2099,101.7578,54000
equity,INE0PT101017,2024-03-27,101.8077,99.3611,100.3098,78000
equity,INE0PT101017,2024-03-28,102.8562,100.859,101.0088,44000
equity,INE0PT101017,2024-04-01,107.8492,101.8576,102.7064,88000
equity,INE0PT101017,2024-04-02,104.7536,100.859,104.1045,150000
equity,INE0PT101017,2024-04-03,106.6509,102.4568,103.4554,104000
equity,INE0PT101017,2024-04-04,106.7508,101.9575,105.852,62000
equity,INE0PT101017,2024-04-05,106.7508,103.1059,106.601,64000
equity,INE0PT101017,2024-04-08,115.8381,108.7979,111.2445,138000
equity,INE0PT101017,2024-04-09,115.7881,110.895,113.9407,112000
equity,INE0PT101017,2024-04-10,126.3234,110.9449,123.2278,456000
equity,INE0PT101017,2024-04-12,123.5273,118.9837,120.0821,102000
equity,INE0PT101017,2024-04-15,123.9268,111.8437,121.4303,288000
equity,INE0PT101017,2024-04-16,145.6963,119.8325,145.6963,1080000
equity,INE0PT101017,2024-04-18,153.785,135.8102,138.5064,688000
equity,INE0PT101017,2024-04-19,145.9959,130.8171,141.652,326000
equity,INE0PT101017,2024-04-22,158.5284,142.351,154.0846,478000
equity,INE0PT101017,2024-04-23,160.7253,148.842,149.6408,314000
equity,INE0PT101017,2024-04-24,148.792,142.9002,144.6977,136000
equity,INE0PT101017,2024-04-25,147.4938,143.799,146.0459,60000
equity,INE0PT101017,2024-04-26,146.6949,140.6035,141.3025,62000
equity,INE0PT101017,2024-04-29,146.2955,140.1541,140.8032,86000
equity,INE0PT101017,2024-04-30,155.982,143.799,145.1471,485000
equity,INE0PT101017,2024-05-02,151.4882,144.8475,146.9446,180000
equity,INE0PT101017,2024-05-03,150.2899,141.1028,144.7976,157000
equity,INE0PT101017,2024-05-06,152.5867,144.9973,148.3427,211000
equity,INE0PT101017,2024-05-07,150.7393,135.8102,138.7061,228000
equity,INE0PT101017,2024-05-08,143.3996,138.806,140.1541,65000
equity,INE0PT101017,2024-05-09,142.4509,134.9114,135.7602,117000
equity,INE0PT101017,2024-05-10,141.1028,135.8102,139.7546,47000
equity,INE0PT101017,2024-05-13,139.8046,133.9128,137.2082,82000
equity,INE0PT101017,2024-05-14,141.2525,137.1083,137.6576,24000
equity,INE0PT101017,2024-05-15,141.0029,137.6576,138.6562,48000
equity,INE0PT101017,2024-05-16,142.8004,137.8074,139.6548,78000
equity,INE0PT101017,2024-05-17,141.0528,135.4606,137.2581,57000
equity,INE0PT101017,2024-05-21,146.5951,137.9572,145.197,109000
equity,INE0PT101017,2024-05-22,150.24,143.799,144.0486,139000
equity,INE0PT101017,2024-05-23,148.1429,141.8018,142.6007,75000
equity,INE0PT101017,2024-05-24,144.7976,140.3039,141.8517,43000
equity,INE0PT101017,2024-05-27,143.5993,136.9585,138.5563,61000
equity,INE0PT101017,2024-05-28,139.9044,131.9156,132.7644,97000
equity,INE0PT101017,2024-05-29,141.8018,130.8171,137.8074,104000
equity,INE0PT101017,2024-05-30,149.7906,140.9031,145.8961,270000
equity,INE0PT101017,2024-05-31,146.7948,137.8573,138.7061,114000
equity,INE0PT101017,2024-06-03,144.498,134.9114,136.0598,106000
equity,INE0PT101017,2024-06-04,136.8088,109.8465,119.3332,469000
equity,INE0PT101017,2024-06-05,124.8255,112.8922,121.8297,169000
equity,INE0PT101017,2024-06-06,131.4662,122.8283,126.623,147000
equity,INE0PT101017,2024-06-07,129.8185,126.8227,129.1195,64000
equity,INE0PT101017,2024-06-10,131.9156,129.4191,129.8685,49000
equity,INE0PT101017,2024-06-11,132.8144,128.071,129.7187,53000
equity,INE0PT101017,2024-06-12,131.7658,127.322,130.917,100000
equity,INE0PT101017,2024-06-13,133.6132,130.1681,130.5176,57000
equity,INE0PT101017,2024-06-14,154.7836,130.4177,148.2428,775000
equity,INE0PT101017,2024-06-18,156.2316,148.792,150.4397,224000
equity,INE0PT101017,2024-06-19,155.4827,144.7976,151.1387,221000
equity,INE0PT101017,2024-06-20,179.549,155.1831,173.3577,1348000
equity,INE0PT101017,2024-06-21,184.7418,165.4188,169.3633,905000
equity,INE0PT101017,2024-06-24,181.746,166.7669,179.7987,478000
equity,INE0PT101017,2024-06-25,183.7432,171.7599,172.6586,298000
equity,INE0PT101017,2024-06-26,178.5504,170.7613,172.9083,173000
equity,INE0PT101017,2024-06-27,175.7044,164.8695,168.0651,157000
equity,INE0PT101017,2024-06-28,171.5103,165.0193,167.2662,125000
equity,INE0PT101017,2024-07-01,172.6586,165.7683,169.4631,147000
equity,INE0PT101017,2024-07-02,171.7599,166.8168,168.115,121000
equity,INE0PT101017,2024-07-03,177.2522,167.7655,168.2149,206000
equity,INE0PT101017,2024-07-04,173.6073,164.8695,166.3175,132000
equity,INE0PT101017,2024-07-05,169.3633,162.7725,166.9666,107000
equity,INE0PT101017,2024-07-08,166.9666,159.7767,165.1691,125000
equity,INE0PT101017,2024-07-09,173.158,160.7753,162.6726,197000
equity,INE0PT101017,2024-07-10,165.0193,152.8863,158.2787,139000
equity,INE0PT101017,2024-07-11,162.2732,155.1332,161.4243,73000
equity,INE0PT101017,2024-07-12,161.2746,156.9806,160.3259,66000
equity,INE0PT101017,2024-07-15,164.0207,160.276,161.7239,57000
equity,INE0PT101017,2024-07-16,162.6726,154.7836,156.681,63000
equity,INE0PT101017,2024-07-18,157.0305,146.0958,149.6908,171000
equity,INE0PT101017,2024-07-19,151.688,144.0486,146.645,132000
equity,INE0PT101017,2024-07-22,161.7739,144.7976,157.0804,156000
equity,INE0PT101017,2024-07-23,164.7697,149.7906,155.6824,217000
equity,INE0PT101017,2024-07-24,161.674,156.7808,158.0291,34000
equity,INE0PT101017,2024-07-25,157.1803,153.8849,155.4327,41000
equity,INE0PT101017,2024-07-26,159.7767,154.7836,158.2288,84000
equity,INE0PT101017,2024-07-29,162.2232,156.4813,157.2802,55000
equity,INE0PT101017,2024-07-30,161.674,155.1332,156.1318,93000
equity,INE0PT101017,2024-07-31,156.5811,153.785,155.7323,30000
equity,INE0PT101017,2024-08-01,155.982,149.7906,151.4882,57000
equity,INE0PT101017,2024-08-02,157.2302,146.7948,154.7836,106000
equity,INE0PT101017,2024-08-05,152.7864,146.0458,147.4938,112000
equity,INE0PT101017,2024-08-06,154.7337,146.8947,147.394,52000
equity,INE0PT101017,2024-08-07,151.4882,148.8919,149.6908,56000
equity,INE0PT101017,2024-08-08,153.785,150.7892,151.7878,43000
equity,INE0PT101017,2024-08-09,156.7808,151.7878,155.5825,71000
equity,INE0PT101017,2024-08-12,161.7739,156.2815,160.3259,121000
equity,INE0PT101017,2024-08-13,164.4701,152.7864,155.8322,124000
equity,INE0PT101017,2024-08-14,158.5783,154.1845,155.982,38000
equity,INE0PT101017,2024-08-16,161.7239,153.8849,156.0818,47000
equity,INE0PT101017,2024-08-19,159.2774,156.0319,158.7781,45000
equity,INE0PT101017,2024-08-20,160.1761,157.3301,158.6782,55000
equity,INE0PT101017,2024-08-21,160.8252,158.4785,160.0762,53000
equity,INE0PT101017,2024-08-22,176.5532,157.38,170.8112,421000
equity,INE0PT101017,2024-08-23,175.7543,169.2634,170.1621,191000
equity,INE0PT101017,2024-08-26,172.7585,166.4673,168.2149,87000
equity,INE0PT101017,2024-08-27,172.2592,165.7683,170.9111,109000
equity,INE0PT101017,2024-08-28,183.4436,170.9111,176.3535,343000
equity,INE0PT101017,2024-08-29,188.2369,165.3688,182.0455,622000
equity,INE0PT101017,2024-08-30,183.9429,172.2592,173.3577,200000
equity,INE0PT101017,2024-09-02,179.1496,171.8098,172.8584,126000
equity,INE0PT101017,2024-09-03,182.7446,166.7669,180.3479,433000
equity,INE0PT101017,2024-09-04,183.4436,174.8556,175.4547,233000
equity,INE0PT101017,2024-09-05,188.2868,173.7571,178.85,341000
equity,INE0PT101017,2024-09-06,194,175.35,186.95,580000
equity,INE0PT101017,2024-09-09,200.05,186.1,188.95,786000
equity,INE0PT101017,2024-09-10,204.9,188.05,200.4,554000
equity,INE0PT101017,2024-09-11,208.85,194,199.55,392000
equity,INE0PT101017,2024-09-12,201,192.65,193.4,126000
equity,INE0PT101017,2024-09-13,199,194,194.95,120000
equity,INE0PT101017,2024-09-16,200,194,195.25,105000
equity,INE0PT101017,2024-09-17,198,191.7,192.6,121000
equity,INE0PT101017,2024-09-18,206.9,191.5,194.95,375000
equity,INE0PT101017,2024-09-19,200.65,185.35,190.2,194000
equity,INE0PT101017,2024-09-20,195.75,186.1,189,98000
equity,INE0PT101017,2024-09-23,198,191,191.9,105000
equity,INE0PT101017,2024-09-24,193.8,186,188.35,94000
equity,INE0PT101017,2024-09-25,192.5,185.2,186.25,90000
equity,INE0PT101017,2024-09-26,188.6,182.65,183.5,72000
equity,INE0PT101017,2024-09-27,188.4,183,187.75,93000
equity,INE0PT101017,2024-09-30,199.25,188,194.2,233000
equity,INE0PT101017,2024-10-01,195.3,192,193.1,45000
equity,INE0PT101017,2024-10-03,192.75,184.35,185.95,89000
equity,INE0PT101017,2024-10-04,188.1,184.1,184.7,43000
equity,INE0PT101017,2024-10-07,187,167.1,169.15,161000
equity,INE0PT101017,2024-10-08,179.5,169.5,178.95,71000
equity,INE0PT101017,2024-10-09,182.65,170,171.8,95000
equity,INE0PT101017,2024-10-10,178.95,173,175.4,47000
equity,INE0PT101017,2024-10-11,178.1,174.7,175.05,46000
equity,INE0PT101017,2024-10-14,181.8,177,177.4,31000
equity,INE0PT101017,2024-10-15,178.85,176,177.65,27000
equity,INE0PT101017,2024-10-16,177,175,175.4,28000
equity,INE0PT101017,2024-10-17,176,173,173.65,18000
equity,INE0PT101017,2024-10-18,177,169.3,176,29000
equity,INE0PT101017,2024-10-21,179.3,169,170,88000
equity,INE0PT101017,2024-10-22,171,159.5,162.1,65000
equity,INE0PT101017,2024-10-23,164.75,154.5,158.6,83000
equity,INE0PT101017,2024-10-24,159,156,157.5,35000
equity,INE0PT101017,2024-10-25,155.95,146.8,153.2,76000
equity,INE0PT101017,2024-10-28,156.5,148.1,152.05,61000
equity,INE0PT101017,2024-10-29,153.25,148.25,150.6,69000
equity,INE0PT101017,2024-10-30,169.8,150.6,167.9,146000
equity,INE0PT101017,2024-10-31,168,162,164.8,34000
equity,INE0PT101017,2024-11-01,171.5,165,168.85,39000
equity,INE0PT101017,2024-11-04,169.6,162.25,164.3,35000
equity,INE0PT101017,2024-11-05,166,160.5,164.8,41000
equity,INE0PT101017,2024-11-06,172.8,163.35,172,71000
equity,INE0PT101017,2024-11-07,173.5,168,169.5,28000
equity,INE0PT101017,2024-11-08,173,167,169.05,47000
equity,INE0PT101017,2024-11-11,169.8,164.25,165.3,32000
equity,INE0PT101017,2024-11-12,168.95,158,159.85,51000
equity,INE0PT101017,2024-11-13,159.65,155,157,51000
equity,INE0PT101017,2024-11-14,167.85,143.2,152.15,118000
equity,INE0PT101017,2024-11-18,151,140.35,149.1,115000
equity,INE0PT101017,2024-11-19,155,147,149,55000
equity,INE0PT101017,2024-11-21,148,134,138.1,189000
equity,INE0PT101017,2024-11-22,142,137.4,140.75,52000
equity,INE0PT101017,2024-11-25,146.7,141,145.3,61000
equity,INE0PT101017,2024-11-26,145.3,141.4,141.75,35000
equity,INE0PT101017,2024-11-27,145,140,143.2,36000
equity,INE0PT101017,2024-11-28,148,142.5,143.2,55000
equity,INE0PT101017,2024-11-29,145,133,141.5,81000
equity,INE0PT101017,2024-12-02,141.5,137.25,139.15,34000
equity,INE0PT101017,2024-12-03,153.4,139.15,148.95,215000
equity,INE0PT101017,2024-12-04,151.4,145,145.95,102000
equity,INE0PT101017,2024-12-05,148,144,144.35,44000
equity,INE0PT101017,2024-12-06,146.95,140,140.6,101000
equity,INE0PT101017,2024-12-09,141.65,138.6,140.35,62000
equity,INE0PT101017,2024-12-10,144.15,138.1,142.4,59000
equity,INE0PT101017,2024-12-11,147,142.5,145.85,39000
equity,INE0PT101017,2024-12-12,146,142.35,142.8,30000
equity,INE0PT101017,2024-12-13,143.5,140,143.1,24000
equity,INE0PT101017,2024-12-16,144,139.25,140.6,29000
equity,INE0PT101017,2024-12-17,143,135,142.1,45000
equity,INE0PT101017,2024-12-18,143.25,139.25,139.7,28000
equity,INE0PT101017,2024-12-19,141.8,137,140.6,29000
equity,INE0PT101017,2024-12-20,140,135.65,138,42000
equity,INE0PT101017,2024-12-23,148.9,142.95,146.25,174000
equity,INE0PT101017,2024-12-24,143,135.55,137.95,176000
equity,INE0PT101017,2024-12-26,152,142,151.65,278000
equity,INE0PT101017,2024-12-27,174.9,152,171.8,548000
equity,INE0PT101017,2024-12-30,174.9,161.4,167.05,213000
equity,INE0PT101017,2024-12-31,168.5,163.1,166.9,38000
equity,INE0PT101017,2025-01-01,174,164.25,167.65,53000
equity,INE0PT101017,2025-01-02,167.65,165,165.7,17000
equity,INE0PT101017,2025-01-03,168.6,161,161.65,30000
equity,INE0PT101017,2025-01-06,164.9,151.6,157.45,63000
equity,INE0PT101017,2025-01-07,164.05,157,162.4,38000
equity,INE0PT101017,2025-01-08,169,161.1,165,65000
equity,INE0PT101017,2025-01-09,171.8,166.2,168.8,89000
equity,INE0PT101017,2025-01-10,170,162,164.2,49000
equity,INE0PT101017,2025-01-13,164,152,153.65,75000
equity,INE0PT101017,2025-01-14,157,153.65,155.85,22000
equity,INE0PT101017,2025-01-15,157,152.9,152.9,11000
equity,INE0PT101017,2025-01-16,159.9,154.1,157.8,24000
equity,INE0PT101017,2025-01-17,157.85,154,155.7,29000
equity,INE0PT101017,2025-01-20,171.5,158.85,170.15,148000
equity,INE0PT101017,2025-01-21,186,173,179.05,334000
equity,INE0PT101017,2025-01-22,180,165.75,176.45,70000
equity,INE0PT101017,2025-01-23,183.4,173,178.6,94000
equity,INE0PT101017,2025-01-24,179.9,171.5,173.35,36000
equity,INE0PT101017,2025-01-27,172.5,160.25,161.55,51000
equity,INE0PT101017,2025-01-28,164,153.95,160,29000
equity,INE0PT101017,2025-01-29,162,159.7,161.15,20000
equity,INE0PT101017,2025-01-30,163.7,156,158,38000
equity,INE0PT101017,2025-01-31,165,161.25,162.8,40000
equity,INE0PT101017,2025-02-01,175,157.1,172.5,101000
equity,INE0PT101017,2025-02-03,171.1,168,169.65,29000
equity,INE0PT101017,2025-02-04,172,167,169.8,56000
equity,INE0PT101017,2025-02-05,169,162.35,166.1,25000
equity,INE0PT101017,2025-02-06,170,167,168.35,23000
equity,INE0PT101017,2025-02-07,172.6,166.5,170,50000
equity,INE0PT101017,2025-02-10,172,160,163.8,78000
equity,INE0PT101017,2025-02-11,163,155.2,157.9,39000
equity,INE0PT101017,2025-02-12,162.9,150,162,73000
equity,INE0PT101017,2025-02-13,169.8,164.5,164.95,42000
equity,INE0PT101017,2025-02-14,166,155,159.05,50000
equity,INE0PT101017,2025-02-17,156,152.9,155.05,34000
equity,INE0PT101017,2025-02-18,155,145.2,150.5,85000
equity,INE0PT101017,2025-02-19,156.9,143,148.1,36000
equity,INE0PT101017,2025-02-20,153.45,147.2,149.05,19000
equity,INE0PT101017,2025-02-21,152.9,148.05,149.6,18000
equity,INE0PT101017,2025-02-24,155,147.05,147.3,28000
equity,INE0PT101017,2025-02-25,153,148.25,151.45,14000
equity,INE0PT101017,2025-02-27,149.65,145,145.55,25000
equity,INE0PT101017,2025-02-28,143,140,140.25,30000
equity,INE0PT101017,2025-03-03,142.5,138,140.3,36000
equity,INE0PT101017,2025-03-04,143,133,138.75,52000
equity,INE0PT101017,2025-03-05,148.95,137.25,140.6,46000
equity,INE0PT101017,2025-03-06,147.15,140.1,141.95,64000
equity,INE0PT101017,2025-03-07,146,140,145.85,35000
equity,INE0PT101017,2025-03-10,145,136.5,138.55,34000
equity,INE0PT101017,2025-03-11,139.6,136.15,137.35,21000
equity,INE0PT101017,2025-03-12,139,136.05,137.35,18000
equity,INE0PT101017,2025-03-13,139.25,134.5,135.9,39000
equity,INE0PT101017,2025-03-17,137.9,125.35,128.25,43000
equity,INE0PT101017,2025-03-18,128.25,128.25,128.25,
equity,INE0PT101017,2025-03-19,136.75,129,135.5,54000
equity,INE0PT101017,2025-03-20,141,136.1,137.45,28000
equity,INE0PT101017,2025-03-21,140,138,139.55,52000
equity,INE0PT101017,2025-03-24,140.2,135.15,136.45,34000
equity,INE0PT101017,2025-03-25,143.95,136.1,137.75,69000
equity,INE0PT101017,2025-03-26,144.4,131.3,139.15,89000
equity,INE0PT101017,2025-03-27,148,137,137.45,79000
equity,INE0PT101017,2025-03-28,142.5,133.5,133.95,66000
equity,INE0PT101017,2025-04-01,139.05,135.25,136.75,13000
equity,INE0PT101017,2025-04-02,141,137.1,137.95,17000
equity,INE0PT101017,2025-04-03,139.5,137,138.7,31000
equity,INE0PT101017,2025-04-04,137.9,134,134.4,25000
equity,INE0PT101017,2025-04-07,129,111.8,123.5,95000
equity,INE0PT101017,2025-04-08,132.85,123,125.9,46000
equity,INE0PT101017,2025-04-09,140,123,129.2,184000
equity,INE0PT101017,2025-04-11,132.8,123.25,129.65,94000
equity,INE0PT101017,2025-04-15,136.65,131.25,136.3,68000
equity,INE0PT101017,2025-04-16,140,135.3,138.75,48000
equity,INE0PT101017,2025-04-17,148,138.65,145.8,64000
equity,INE0PT101017,2025-04-21,152,146.3,148.25,60000
equity,INE0PT101017,2025-04-22,152,147.8,149.8,37000
equity,INE0PT101017,2025-04-23,151.75,146.4,146.65,27000
equity,INE0PT101017,2025-04-24,149.3,145,147.3,27000
equity,INE0PT101017,2025-04-25,145.4,139.55,140.15,49000
equity,INE0PT101017,2025-04-28,144.7,138.15,144.35,32000
equity,INE0PT101017,2025-04-29,146,141.25,142.6,35000
equity,INE0PT101017,2025-04-30,141.25,138.1,139.15,19000
equity,INE0PT101017,2025-05-02,139.5,135,137,31000
equity,INE0PT101017,2025-05-05,140.3,137.1,137.15,8000
equity,INE0PT101017,2025-05-06,139.5,134,135.35,17000
equity,INE0PT101017,2025-05-07,135.95,128.05,133.05,58000
equity,INE0PT101017,2025-05-08,148,136,137.45,165000
equity,INE0PT101017,2025-05-09,136.5,129.5,133,47000
equity,INE0PT101017,2025-05-12,142.1,138.4,139.75,38000
equity,INE0PT101017,2025-05-13,143,139.75,141.45,25000
equity,INE0PT101017,2025-05-14,145,141.45,143.5,39000
equity,INE0PT101017,2025-05-15,145.5,136.55,144.3,34000
equity,INE0PT101017,2025-05-16,147.4,142.5,145.45,19000
equity,INE0PT101017,2025-05-19,146.15,143.55,143.75,12000
equity,INE0PT101017,2025-05-20,146,141,141.2,18000
equity,INE0PT101017,2025-05-21,144.85,142,142.1,15000
equity,INE0PT101017,2025-05-22,144.9,142.3,143.8,13000
equity,INE0PT101017,2025-05-23,145.45,142.05,143,22000
equity,INE0PT101017,2025-05-26,143.05,141.2,141.85,22000
equity,INE0PT101017,2025-05-27,147.45,144.85,147.45,40000
equity,INE0PT101017,2025-05-28,153.9,144.3,150.75,71000
equity,INE0PT101017,2025-05-29,156.95,149,153.1,47000
equity,INE0PT101017,2025-05-30,153.1,132.75,138.95,218000
equity,INE0PT101017,2025-06-02,138.95,135,137.1,46000
equity,INE0PT101017,2025-06-03,142,136.1,137.9,34000
equity,INE0PT101017,2025-06-04,140.45,137,137.4,32000
equity,INE0PT101017,2025-06-05,139.5,136,139.2,59000
equity,INE0PT101017,2025-06-06,140.95,138,139.05,21000
equity,INE0PT101017,2025-06-09,139.05,136.2,136.55,42000
equity,INE0PT101017,2025-06-10,137.5,135.15,135.6,36000
equity,INE0PT101017,2025-06-11,136,133.1,134.25,50000
equity,INE0PT101017,2025-06-12,133.55,130.25,130.55,25000
equity,INE0PT101017,2025-06-13,131.95,125.5,129.5,29000
equity,INE0PT101017,2025-06-16,129,127.3,129,32000
equity,INE0PT101017,2025-06-17,129,127.3,127.55,16000
equity,INE0PT101017,2025-06-18,127.75,123.7,124.55,33000
equity,INE0PT101017,2025-06-19,124.55,120.1,120.95,40000
equity,INE0PT101017,2025-06-20,126.65,122,125.4,16000
equity,INE0PT101017,2025-06-23,125.4,122.6,125.4,15000
equity,INE0PT101017,2025-06-24,128.9,123,125.1,16000
equity,INE0PT101017,2025-06-25,132.65,126.5,128.15,11000
equity,INE0PT101017,2025-06-26,127.55,125.3,127,16000
equity,INE0PT101017,2025-06-27,128.9,126.2,126.7,15000
equity,INE0PT101017,2025-06-30,128,125.75,127.7,12000
equity,INE0PT101017,2025-07-01,133.7,127,132,38000
equity,INE0PT101017,2025-07-02,132.5,129.35,131.65,11000
equity,INE0PT101017,2025-07-03,131,129.3,129.3,17000
equity,INE0PT101017,2025-07-04,131,129.7,129.75,10000
equity,INE0PT101017,2025-07-07,130,126.2,127.8,27000
equity,INE0PT101017,2025-07-08,131,126.35,131,20000
equity,INE0PT101017,2025-07-09,134.7,132,133.55,24000
equity,INE0PT101017,2025-07-10,134.9,129.35,129.9,20000
equity,INE0PT101017,2025-07-11,130,127.5,127.5,13000
equity,INE0PT101017,2025-07-14,130.05,128.15,128.35,14000
equity,INE0PT101017,2025-07-15,131,127.6,130.4,9000
equity,INE0PT101017,2025-07-16,132,128.05,129.6,17000
equity,INE0PT101017,2025-07-17,128.9,126,126.25,21000
equity,INE0PT101017,2025-07-18,128,126,126.55,13000
equity,INE0PT101017,2025-07-21,126.9,125,125.15,10000
equity,INE0PT101017,2025-07-22,125.15,124,124.8,15000
equity,INE0PT101017,2025-07-23,125,123.9,123.95,9000
equity,INE0PT101017,2025-07-24,123,122,122.8,12000
equity,INE0PT101017,2025-07-25,123,120.5,121.4,28000
equity,INE0PT101017,2025-07-28,122.5,118.5,120.5,24000
equity,INE0PT101017,2025-07-29,121.35,109.95,112,90000
equity,INE0PT101017,2025-07-30,116.95,112.3,113.65,40000
equity,INE0PT101017,2025-07-31,117.5,113.95,115,28000
equity,INE0PT101017,2025-08-01,115.25,110.2,113.7,26000
equity,INE0PT101017,2025-08-04,113.8,113,113.6,8000
equity,INE0PT101017,2025-08-05,116.95,113,113.1,15000
equity,INE0PT101017,2025-08-06,113,107,109.5,51000
equity,INE0PT101017,2025-08-07,112.5,107.6,108.3,12000
equity,INE0PT101017,2025-08-08,110.05,108.3,108.3,12000
equity,INE0PT101017,2025-08-11,109.25,107.5,109.25,8000
equity,INE0PT101017,2025-08-12,109.7,107.8,109.7,6000
equity,INE0PT101017,2025-08-13,109.4,107,109.4,6000
equity,INE0PT101017,2025-08-14,125,109.4,118.15,67000
equity,INE0PT101017,2025-08-18,122.9,120,120.85,16000
equity,INE0PT101017,2025-08-19,122.8,118,120,30000
equity,INE0PT101017,2025-08-20,131.4,119,127.15,122000
equity,INE0PT101017,2025-08-21,133.8,129,130.75,66000
equity,INE0PT101017,2025-08-22,131.05,127,127.05,28000
equity,INE0PT101017,2025-08-25,129.8,122.05,122.5,19000
equity,INE0PT101017,2025-08-26,122.95,118.5,121.15,29000
equity,INE0PT101017,2025-08-28,123.35,119,119.1,9000
equity,INE0PT101017,2025-08-29,119.5,119,119.5,3000
equity,INE0PT101017,2025-09-01,121,116,116.25,30000
equity,INE0PT101017,2025-09-02,119.5,114.5,116.2,29000
equity,INE0PT101017,2025-09-03,116.95,110,113.05,53000
equity,INE0PT101017,2025-09-04,115,113,113.25,23000
equity,INE0PT101017,2025-09-05,114.8,112.5,114.55,26000
equity,INE0PT101017,2025-09-08,113.85,112.55,112.6,6000
equity,INE0PT101017,2025-09-09,113.05,110.2,111.15,38000
equity,INE0PT101017,2025-09-10,115.5,110.8,114.9,51000
equity,INE0PT101017,2025-09-11,116.1,112.5,114,33000
equity,INE0PT101017,2025-09-12,112.95,112,112.45,9000
equity,INE0PT101017,2025-09-15,112.95,111.4,111.8,18000
equity,INE0PT101017,2025-09-16,116.8,112.55,115.5,40000
equity,INE0PT101017,2025-09-17,117,113,113.7,15000
equity,INE0PT101017,2025-09-18,115,112.8,113.8,12000
equity,INE0PT101017,2025-09-19,115,113.25,114.5,8000
equity,INE0PT101017,2025-09-22,112.1,110,111.5,27000
equity,INE0PT101017,2025-09-23,113.95,109.85,110.8,36000
equity,INE0PT101017,2025-09-24,110.5,109.1,109.6,25000
equity,INE0PT101017,2025-09-25,111.75,105,107.85,34000
equity,INE0PT101017,2025-09-26,108.45,105,106.95,16000
equity,INE0PT101017,2025-09-29,107.55,105,105.8,8000
equity,INE0PT101017,2025-09-30,105.8,105.6,105.6,3000
equity,INE0PT101017,2025-10-01,105.6,102.65,104.15,15000
equity,INE0PT101017,2025-10-03,108.8,105.6,107.5,15000
equity,INE0PT101017,2025-10-06,105.95,102.5,104.4,22000
equity,INE0PT101017,2025-10-07,103.95,103,103.55,23000
equity,INE0PT101017,2025-10-08,105.15,102.6,103.55,23000
equity,INE0PT101017,2025-10-09,103.55,100.7,101.1,43000
equity,INE0PT101017,2025-10-10,103.5,101.4,101.95,25000
equity,INE0PT101017,2025-10-13,102.6,100,100.75,19000
equity,INE0PT101017,2025-10-14,101.2,99.5,99.5,24000
equity,INE0PT101017,2025-10-15,100,99,99.65,19000
equity,INE0PT101017,2025-10-16,100.95,98.5,99.5,22000
equity,INE0PT101017,2025-10-17,101.35,98.75,99.2,16000
equity,INE0PT101017,2025-10-20,99.65,98,98.75,19000
equity,INE0PT101017,2025-10-21,101.9,99.15,99.95,9000
equity,INE0PT101017,2025-10-23,103.4,100.5,101.95,20000
equity,INE0PT101017,2025-10-24,103.8,99,100.1,25000
equity,INE0PT101017,2025-10-27,99.8,99,99.8,9000
equity,INE0PT101017,2025-10-28,101.7,99.85,100.15,13000
equity,INE0PT101017,2025-10-29,102.3,100.5,102,9000
equity,INE0PT101017,2025-10-30,102,102,102,1000
equity,INE0PT101017,2025-10-31,102.7,98,100.85,22000
equity,INE0PT101017,2025-11-03,101.9,100.6,100.6,15000
equity,INE0PT101017,2025-11-04,101,100,100,5000
equity,INE0PT101017,2025-11-06,99,94.25,95.65,25000
equity,INE0PT101017,2025-11-07,102.5,95.55,100.45,16000
equity,INE0PT101017,2025-11-10,100,96.3,96.5,26000
equity,INE0PT101017,2025-11-11,97,96.3,96.65,4000
equity,INE0PT101017,2025-11-12,97.1,96.65,97.05,3000
equity,INE0PT101017,2025-11-13,97,95,96,12000
equity,INE0PT101017,2025-11-14,96.05,93,95.05,8000
equity,INE0PT101017,2025-11-17,92.25,86,88.95,138000
equity,INE0PT101017,2025-11-18,88.95,85.05,85.75,62000
equity,INE0PT101017,2025-11-19,88.8,86.25,86.9,23000
equity,INE0PT101017,2025-11-20,89.55,86.55,86.75,31000
equity,INE0PT101017,2025-11-21,87.8,84.5,85.2,13000
equity,INE0PT101017,2025-11-24,86.25,83,83.5,27000
equity,INE0PT101017,2025-11-25,85.6,82.5,83.15,12000
equity,INE0PT101017,2025-11-26,83.7,82.8,82.9,15000
equity,INE0PT101017,2025-11-27,88.25,83.5,86.25,61000
equity,INE0PT101017,2025-11-28,89,86.3,86.7,27000
equity,INE0PT101017,2025-12-01,86.3,84.45,85.05,15000
equity,INE0PT101017,2025-12-02,86.55,83.25,83.8,31000
equity,INE0PT101017,2025-12-03,86,82.1,86,24000
equity,INE0PT101017,2025-12-04,92,84.55,90.25,40000
equity,INE0PT101017,2025-12-05,108.3,90,108.3,310000
equity,INE0PT101017,2025-12-08,129.95,112.9,129.95,822000
equity,INE0PT101017,2025-12-09,137,119,121.6,474000
equity,INE0PT101017,2025-12-10,123.4,116,118.95,54000
equity,INE0PT101017,2025-12-11,125.95,116.55,123.1,46000
equity,INE0PT101017,2025-12-12,122,119,119.6,20000
equity,INE0PT101017,2025-12-15,122.4,120.15,122,12000
equity,INE0PT101017,2025-12-16,122.4,119,120.3,8000
equity,INE0PT101017,2025-12-17,120.3,111,112.3,33000
equity,INE0PT101017,2025-12-18,123.5,104.5,123.5,97000
equity,INE0PT101017,2025-12-19,128,122,122,26000
equity,INE0PT101017,2025-12-22,132.95,124.05,131.6,147000
equity,INE0PT101017,2025-12-23,136.95,130.5,131.15,84000
equity,INE0PT101017,2025-12-24,130,125.35,128.45,20000
equity,INE0PT101017,2025-12-26,127.3,124.5,124.55,16000
equity,INE0PT101017,2025-12-29,125,122.5,123.2,16000
equity,INE0PT101017,2025-12-30,122.5,118.5,119.25,21000
equity,INE0PT101017,2025-12-31,124.75,118.75,122.8,16000
equity,INE0PT101017,2026-01-01,124,122.1,123.35,11000
equity,INE0PT101017,2026-01-02,123.5,122.1,123.5,5000
equity,INE0PT101017,2026-01-05,127,123,126.35,22000
equity,INE0PT101017,2026-01-06,126.4,125,125.7,20000
equity,INE0PT101017,2026-01-07,125.7,120.45,124.45,18000
equity,INE0PT101017,2026-01-08,124.45,120,120.85,11000
equity,INE0PT101017,2026-01-09,119,117,117.5,12000
equity,INE0PT101017,2026-01-12,119.9,117.5,117.5,14000
equity,INE0PT101017,2026-01-13,116.5,116.5,116.5,1000
equity,INE0PT101017,2026-01-14,118,114.3,116.1,20000
equity,INE0PT101017,2026-01-16,116.1,112,113.85,10000
equity,INE0PT101017,2026-01-19,121,109.8,115.3,23000
equity,INE0PT101017,2026-01-20,115.35,109.45,112.45,17000
equity,INE0PT101017,2026-01-21,112.45,107,111.9,16000
equity,INE0PT101017,2026-01-22,114.7,112,114.45,15000
equity,INE0PT101017,2026-01-23,125,115.25,116.95,36000
equity,INE0PT101017,2026-01-27,122.55,108,109.65,60000
equity,INE0PT101017,2026-01-28,113,108.5,109.5,9000
equity,INE0PT101017,2026-01-29,114,110.5,113.05,22000
equity,INE0PT101017,2026-01-30,114,110.05,111.9,13000
equity,INE0PT101017,2026-02-02,111,108.2,111,6000
equity,INE0PT101017,2026-02-03,117.5,111.55,114,6000
equity,INE0PT101017,2026-02-04,114,112.05,112.3,6000
equity,INE0PT101017,2026-02-05,112,108.4,108.75,11000
equity,INE0PT101017,2026-02-06,113,110.1,112.4,13000
equity,INE0PT101017,2026-02-09,115,108.9,108.95,28000
equity,INE0PT101017,2026-02-10,111.6,111,111,3000
equity,INE0PT101017,2026-02-11,110.2,108.15,108.15,16000
equity,INE0PT101017,2026-02-12,107.65,105.6,106.4,17000
equity,INE0PT101017,2026-02-13,111.1,108,109,10000
equity,INE0PT101017,2026-02-16,111.8,109,109.2,12000
equity,INE0PT101017,2026-02-17,109.5,107,109.5,18000
equity,INE0PT101017,2026-02-18,109,107.65,108.25,20000
equity,INE0PT101017,2026-02-19,112,106,106,5000
equity,INE0PT101017,2026-02-20,109.7,105.15,109.3,60000
equity,INE0PT101017,2026-02-23,109.3,109.3,109.3,
equity,INE0PT101017,2026-02-24,108.95,105,105.4,10000
equity,INE0PT101017,2026-02-25,105.4,100.3,102.95,17000
equity,INE0PT101017,2026-02-26,111,100.1,109.6,71000
equity,INE0PT101017,2026-02-27,109.6,108.9,109,7000
equity,INE0PT101017,2026-03-02,104.5,101,102.55,23000
equity,INE0PT101017,2026-03-04,102.3,99.2,100.25,28000
equity,INE0PT101017,2026-03-05,102.2,99,100.1,67000
equity,INE0PT101017,2026-03-06,103.9,100.15,102.5,14000
equity,INE0PT101017,2026-03-09,98.5,93.8,95.25,31000
equity,INE0PT101017,2026-03-10,99,96,96.05,10000
equity,INE0PT101017,2026-03-11,97.6,95.1,95.25,9000
equity,INE0PT101017,2026-03-12,96.8,94,95,7000
equity,INE0PT101017,2026-03-13,95,89.05,93.15,24000
equity,INE0PT101017,2026-03-16,92.55,90,91.95,25000
equity,INE0PT101017,2026-03-17,96.5,89.05,92.95,64000
equity,INE0PT101017,2026-03-18,95,93.6,94.9,8000
equity,INE0PT101017,2026-03-19,94,92,92.35,30000
equity,INE0PT101017,2026-03-20,96,92.5,96,62000
equity,INE0PT101017,2026-03-23,93.1,88,88.1,26000
equity,INE0PT101017,2026-03-24,91.95,87,90.05,38000
equity,INE0PT101017,2026-03-25,94,89.1,90.45,43000
equity,INE0PT101017,2026-03-27,91.2,86.1,87.3,58000
equity,INE0PT101017,2026-03-30,87.9,80.6,81.3,91000
equity,INE0PT101017,2026-04-01,93,86,89,37000
equity,INE0PT101017,2026-04-02,92,89,91.35,11000
equity,INE0PT101017,2026-04-06,97,89.1,91.75,47000
equity,INE0PT101017,2026-04-07,94.8,92.7,94.75,11000
equity,INE0PT101017,2026-04-08,98.9,94.85,97.5,29000
equity,INE0PT101017,2026-04-09,95.7,94.05,95,19000
equity,INE0PT101017,2026-04-10,99.25,95.2,97.45,19000
equity,INE0PT101017,2026-04-13,96.9,93.25,95.7,16000
equity,INE0PT101017,2026-04-15,99.5,96.55,98.95,14000
equity,INE0PT101017,2026-04-16,102,99,100.2,22000
equity,INE0PT101017,2026-04-17,102,101.1,101.5,9000
equity,INE0PT101017,2026-04-20,108.7,103,104.3,63000
equity,INE0PT101017,2026-04-21,107.95,104,104.45,29000
equity,INE0PT101017,2026-04-22,105.8,102.5,105.45,28000
equity,INE0PT101017,2026-04-23,106,104,104,15000
equity,INE0PT101017,2026-04-24,105.4,101,103.9,17000
equity,INE0PT101017,2026-04-27,105.9,103.5,105,13000
equity,INE0PT101017,2026-04-28,106.35,103.1,104.85,10000
equity,INE0PT101017,2026-04-29,106.35,103.5,105.4,22000
equity,INE0PT101017,2026-04-30,106.25,103.7,103.7,10000
equity,INE0PT101017,2026-05-04,108,102.05,106.3,34000
equity,INE0PT101017,2026-05-05,105.4,103.05,104.5,23000
equity,INE0PT101017,2026-05-06,106.5,103.1,104.95,40000
equity,INE0PT101017,2026-05-07,107,104.05,106.7,15000
equity,INE0PT101017,2026-05-08,106.95,105,105.1,23000
equity,INE0PT101017,2026-05-11,106,103.5,104,35000
equity,INE0PT101017,2026-05-12,105,99.3,99.7,29000
equity,INE0PT101017,2026-05-13,101.5,98.3,101,6000
equity,INE0PT101017,2026-05-14,101,98.1,98.3,24000
equity,INE0PT101017,2026-05-15,100,98.7,100,5000
equity,INE0PT101017,2026-05-18,98.55,96,97.45,21000
equity,INE0PT101017,2026-05-19,98,89.9,93.1,114000
equity,INE0PT101017,2026-05-20,96,92,95.65,21000
equity,INE0PT101017,2026-05-21,96,93.7,95.95,10000
equity,INE0PT101017,2026-05-22,97.4,94,94.5,10000
equity,INE0PT101017,2026-05-25,97.4,92.25,93.8,35000
equity,INE0PT101017,2026-05-26,95.4,92.15,94.5,9000
equity,INE0PT101017,2026-05-27,95,92.7,93.5,6000
equity,INE0PT101017,2026-05-28,93.5,93.5,93.5,
equity,INE0PT101017,2026-05-29,95.8,93,93.5,10000
equity,INE0PT101017,2026-06-01,93.4,89.25,90.15,24000
equity,INE0PT101017,2026-06-02,91,90,90.5,8000
equity,INE0PT101017,2026-06-03,92.75,90,91.75,23000
equity,INE0PT101017,2026-06-04,90.3,90.25,90.3,2000
equity,INE0PT101017,2026-06-05,90.55,89.2,90,4000
equity,INE0PT101017,2026-06-08,89,88.05,88.25,6000
equity,INE0PT101017,2026-06-09,90,88,88.2,6000
equity,INE0PT101017,2026-06-10,88,86,86.8,9000
equity,INE0PT101017,2026-06-11,88.45,86,86,8000
equity,INE0PT101017,2026-06-12,89.2,87.05,88,10000
equity,INE0PT101017,2026-06-15,90.05,88,89.45,7000
equity,INE0PT101017,2026-06-16,91.5,89.5,91.5,8000
equity,INE0PT101017,2026-06-17,93.6,90,90.4,22000
equity,INE0PT101017,2026-06-18,91.4,89.95,90.3,15000
equity,INE0PT101017,2026-06-19,89.85,88.2,89.8,7000
equity,INE0PT101017,2026-06-22,96.3,90.05,92,22000
equity,INE0PT101017,2026-06-23,93.4,91,91,8000
equity,INE0PT101017,2026-06-24,92.45,89.5,91.15,11000
equity,INE0PT101017,2026-06-25,91.85,89,89,7000
equity,INE0PT101017,2026-06-26,89,89,89,
equity,INE0PT101017,2026-06-29,89.75,84.15,89.35,21000
equity,INE0PT101017,2026-06-30,87.45,85.7,87,16000
equity,INE0PT101017,2026-07-01,92.1,88.5,90.9,19000
equity,INE0PT101017,2026-07-02,90.9,90.9,90.9,
equity,INE0PT101017,2026-07-03,92.3,88.65,92.3,15000
equity,INE0PT101017,2026-07-06,92.3,90.4,91.75,9000
equity,INE0PT101017,2026-07-07,90.85,86,87.65,15000
equity,INE0PT101017,2026-07-08,88.25,87.5,87.75,6000
equity,INE0PT101017,2026-07-09,89.5,87.75,88.6,7000
equity,INE0PT101017,2026-07-10,88.25,86.8,87.05,8000
equity,INE0PT101017,2026-07-13,104.45,92,104.45,270000
equity,INE0PT101017,2026-07-14,113.8,104.9,105.8,212000
equity,INE0PT101017,2026-07-15,107.9,102,104.05,72000
equity,INE0PT101017,2026-07-16,106.1,105,105.25,25000
equity,INE0PT101017,2026-07-17,106.4,105,105,43000
equity,INE0PT101017,2026-07-20,123.6,105.1,119.25,354000
equity,INE0PT101017,2026-07-21,126.5,117.5,124.65,251000
equity,INE0PT101017,2026-07-22,127.4,121.55,122.2,52000
equity,INE0PT101017,2026-07-23,124.2,121,121,54000
equity,INE0PT101017,2026-07-24,125.5,119.65,123.05,78000
equity,INE0PT101017,2026-07-27,127.95,124.15,126.55,33000
equity,INE0PT101017,2026-07-28,126.8,125,125.1,99000
equity,INE0PT101017,2026-07-29,128,125,125,23000
equity,INE0PT101017,2026-07-30,127.5,125,125.1,49000
equity,INE0PT101017,2026-07-31,126,125.3,125.9,15000
equity,INE0PT101017,2026-08-03,131,126.7,128.35,55000
equity,INE0PT101017,2026-08-04,133.95,129,129.15,50000
equity,INE0PT101017,2026-08-05,138,130,134.3,103000
equity,INE0PT101017,2026-08-06,134.8,132.15,133.45,75000
equity,INE0PT101017,2026-08-07,147.5,132.7,140.75,645000
equity,INE0PT101017,2026-08-10,148,136.1,137.85,201000
equity,INE0PT101017,2026-08-11,137.5,135,135.1,65000
equity,INE0PT101017,2026-08-12,135.7,135,135.05,35000
equity,INE0PT101017,2026-08-13,138.3,135.05,135.1,18000
equity,INE0PT101017,2026-08-14,137.8,135.15,135.6,13000
equity,INE0PT101017,2026-08-17,136.9,135,135.05,51000
equity,INE0PT101017,2026-08-18,141.7,135,135,62000
equity,INE0PT101017,2026-08-19,137.2,135,135.05,36000
equity,INE0PT101017,2026-08-20,136.7,135,135,19000
equity,INE0PT101017,2026-08-21,137.8,137,137.15,47000
equity,INE0PT101017,2026-08-24,137.75,137,137.05,21000
equity,INE0PT101017,2026-08-25,139.1,138,138,13000
equity,INE0PT101017,2026-08-26,143.2,139.05,139.35,274000
equity,INE0PT101017,2026-08-27,139.65,138,138.05,13000
equity,INE0PT101017,2026-08-28,139.05,137.8,138.65,131000
equity,INE0PT101017,2026-08-31,135,128.1,129.55,26000
equity,INE0PT101017,2026-09-01,130.1,126.05,126.75,18000
equity,INE0PT101017,2026-09-02,125.15,120.85,123.9,30000
equity,INE0PT101017,2026-09-03,127.1,124,127.1,7000
equity,INE0PT101017,2026-09-04,127.1,124,124.5,7000
equity,INE0PT101017,2026-09-07,129,124,125.55,14000
equity,INE0PT101017,2026-09-08,125.55,122.5,124.25,191000
equity,INE0PT101017,2026-09-09,124.25,124.25,124.25,1000
equity,INE0PT101017,2026-09-10,124.7,121.75,122.85,30000
equity,INE0PT101017,2026-09-11,125.65,122.85,125.3,10000
equity,INE0PT101017,2026-09-14,62.65,62.65,62.65,
equity,INE0PT101017,2026-09-15,64.75,61.775,61.775,12000
equity,INE0PT101017,2026-09-16,62,60,61.725,30000
equity,INE0PT101017,2026-09-17,61.5,60.25,60.25,18000
equity,INE0PT101017,2026-09-18,61.25,60,60,14000
equity,INE0PT101017,2026-09-21,71.5,61.25,68.475,760000
equity,INE0PT101017,2026-09-22,72.25,69.5,70,226000
equity,INE0PT101017,2026-09-23,71.25,70,70,262000
equity,INE0PT101017,2026-09-24,84,70,70.3,654000
commodity,CL=F,2026-09-25,94.75,91.51,92.28,307370
commodity,BZ=F,2026-09-25,100.26,96.39,97.35,60896
commodity,NG=F,2026-09-25,3.3,3.158,3.205,294829
commodity,RB=F,2026-09-25,3.325,3.1673,3.188,59491
commodity,HO=F,2026-09-25,4.5923,4.3789,4.5139,56709
commodity,HG=F,2026-09-25,6.797,6.723,6.7815,24833
commodity,ALI=F,2026-09-25,3477.5,3454,3470.5,321
commodity,HRC=F,2026-09-25,1332,1330,1330,12
commodity,GC=F,2026-09-25,4351.6001,4289.2002,4329.7998,129912
commodity,SI=F,2026-09-25,65.505,63.785,64.94,34415
commodity,PL=F,2026-09-25,1806.7,1758.2,1805,19288
commodity,PA=F,2026-09-25,1283,1253.5,1278,5122
commodity,ZS=F,2026-09-25,1320.5,1297.5,1320,180479
commodity,ZL=F,2026-09-25,67.89,66.65,67.82,99658
commodity,ZM=F,2026-09-25,372.4,365,370.6,94390
commodity,ZW=F,2026-09-25,707,683.5,704,85355
commodity,ZC=F,2026-09-25,529,514.75,528.75,331601
commodity,KC=F,2026-09-25,284.3,274.25,278.1,12465
commodity,SB=F,2026-09-25,18.75,18.43,18.54,63437
commodity,CC=F,2026-09-25,5676,5462,5603,12006
commodity,CT=F,2026-09-25,87.8,86.33,82.49,20696
commodity,ZR=F,2026-09-25,16.62,16.405,16.62,432
commodity,DC=F,2026-09-25,15.39,15.15,15.23,627
crypto,BTC-USD,2026-09-25,85205.3516,83256.2344,83924.8594,35461197824
crypto,ETH-USD,2026-09-25,2740.6748,2667.7402,2691.01,14304842752
crypto,USDT-USD,2026-09-25,0.99989,0.99953,0.99973,84383195136
crypto,BNB-USD,2026-09-25,781.7224,771.2888,774.44,1612380672
crypto,XRP-USD,2026-09-25,1.6209,1.5236,1.566,7297736704
crypto,SOL-USD,2026-09-25,122.3447,115.9595,121.87,6018867200
crypto,TRX-USD,2026-09-25,0.34018,0.33602,0.33753,414051552
crypto,HYPE32196-USD,2026-09-25,94.2935,90.4773,91.61,1090749824
crypto,DOGE-USD,2026-09-25,0.098719,0.094679,0.0975,1401691776
crypto,XMR-USD,2026-09-25,573.6761,547.7098,558.1711,140379696
crypto,LINK-USD,2026-09-25,14.1608,13.2076,13.814,897952128
crypto,LEO-USD,2026-09-25,8.969,8.7675,8.8365,433858
crypto,ADA-USD,2026-09-25,0.25752,0.24668,0.25467,711889600
crypto,XLM-USD,2026-09-25,0.22614,0.21525,0.21902,524928288
crypto,DAI-USD,2026-09-25,1.0001,0.99885,0.9997,17946966
crypto,LTC-USD,2026-09-25,71.9762,69.2839,70.882,734064448
crypto,HBAR-USD,2026-09-25,0.096533,0.091643,0.09398,123293184
crypto,AVAX-USD,2026-09-25,10.7054,10.1002,10.431,686868096
crypto,SUI20947-USD,2026-09-25,1.1526,1.0059,1.1347,1483378432
crypto,SHIB-USD,2026-09-25,0.0000059535,0.000005741,0.00000586,92848920
crypto,NEAR-USD,2026-09-25,5.1674,4.4538,5.0213,1885703168
crypto,USDE29470-USD,2026-09-25,0.99998,0.99966,0.99996,52543800
crypto,POL28321-USD,2026-09-25,0.11463,0.10758,0.1134,181766544
crypto,UNI7083-USD,2026-09-25,9.8697,9.0597,9.5798,1067464256
currency,DX-Y.NYB,2026-09-25,101.305,100.872,100.961,
currency,EURUSD=X,2026-09-25,1.1413,1.1371,1.1404,
currency,JPY=X,2026-09-25,158.856,156.932,157.12,
currency,GBPUSD=X,2026-09-25,1.3263,1.321,1.3254,
currency,CHF=X,2026-09-25,0.82981,0.82663,0.82798,
currency,AUDUSD=X,2026-09-25,0.70432,0.70067,0.70323,
currency,CAD=X,2026-09-25,1.4154,1.413,1.4143,
currency,INR=X,2026-09-25,95.975,95.793,95.802,
currency,KRW=X,2026-09-25,1368.96,1351.35,1354.88,
currency,SEK=X,2026-09-25,9.9314,9.8864,9.9006,
currency,MXN=X,2026-09-25,17.779,17.639,17.697,
currency,NZDUSD=X,2026-09-25,0.56783,0.56523,0.56702,
currency,NOK=X,2026-09-25,9.5289,9.4838,9.4931,
currency,TWD=X,2026-09-25,31.849,31.69,31.724,
currency,BRL=X,2026-09-25,5.2139,5.1728,5.1909,
currency,ZAR=X,2026-09-25,16.4467,16.2584,16.3072,
currency,PLN=X,2026-09-25,3.8557,3.8292,3.8342,
currency,DKK=X,2026-09-25,6.5754,6.5506,6.5573,
currency,IDR=X,2026-09-25,17925,17890,17912,
currency,TRY=X,2026-09-25,48.9885,48.759,48.958,
currency,THB=X,2026-09-25,33.5,33.28,33.34,
currency,ILS=X,2026-09-25,3.0515,3.0267,3.0499,
currency,HUF=X,2026-09-25,322,319.12,320.02,
currency,CZK=X,2026-09-25,21.464,21.308,21.362,
currency,CLP=X,2026-09-25,968.9,957.1,960.43,
currency,PHP=X,2026-09-25,62.736,62.253,62.369,
currency,COP=X,2026-09-25,3366.79,3276.47,3303.49,
equity,INE025R01021,2026-09-25,378.8,346,357.7,18980190
equity,INE927X01018,2026-09-25,104830,103500,103800,8
equity,INE131C01011,2026-09-25,11960,11677,11773,55
equity,INE887D01024,2026-09-25,52.27,49.5,50.75,393062
equity,INE1U6D01014,2026-09-25,293.05,276,293.05,76800
equity,INE638A01035,2026-09-25,79.2,76.2,77.6,41542
index,^GSPC,2026-09-25,7749.2998,7693.0801,7737.2598,1664186000
index,^NDX,2026-09-25,30667.5586,30413.5859,30609.5352,695377132
index,^RUT,2026-09-25,2851.6975,2826.7927,2840.5872,
index,^DJI,2026-09-25,51838.7383,51339.2383,51778.1211,247078003
index,^FTSE,2026-09-25,10753.3496,10666.9502,10695.25,
index,^GDAXI,2026-09-25,25529.3301,25347.3008,25408.6406,
index,^FCHI,2026-09-25,8136.29,8057.1499,8077.7998,
index,^STOXX50E,2026-09-25,6338.0298,6285.5098,6302.8198,
index,^BVSP,2026-09-25,184214.4844,182151.0156,183511.9063,
index,^MXX,2026-09-25,64997.0391,64205.4883,64980.0391,52352878
index,^GSPTSE,2026-09-25,35811.1992,35587.4883,35755.4805,106793344
index,^IBEX,2026-09-25,19819.0996,19655.5,19700.0996,107858866
index,FTSEMIB.MI,2026-09-25,52209.8789,51657.9688,51866.9297,
index,^AEX,2026-09-25,1117.13,1110.33,1112.09,
