AssetClass,Key,Date,High,Low,Close,Volume
equity,INE584A01023,2023-10-03,44.2001,43.4042,43.6401,38584362
equity,INE584A01023,2023-10-04,43.9938,42.3431,42.9768,44544651
equity,INE584A01023,2023-10-05,43.7874,42.9621,43.0947,27332367
equity,INE584A01023,2023-10-06,43.5369,42.9179,42.9768,15230532
equity,INE584A01023,2023-10-09,42.4463,41.4588,42.1957,27540597
equity,INE584A01023,2023-10-10,44.5538,42.2252,44.2885,49325799
equity,INE584A01023,2023-10-11,45.335,44.1264,44.3033,69607749
equity,INE584A01023,2023-10-12,47.133,44.4949,46.8677,175951353
equity,INE584A01023,2023-10-13,48.3711,46.2193,47.133,107727240
equity,INE584A01023,2023-10-16,48.8574,47.2215,48.71,90752613
equity,INE584A01023,2023-10-17,49.388,48.3416,48.6953,57844365
equity,INE584A01023,2023-10-18,49.0785,47.2362,47.6489,42484908
equity,INE584A01023,2023-10-19,48.3563,46.8235,48.1647,33544575
equity,INE584A01023,2023-10-20,47.8994,46.0129,46.5877,40050501
equity,INE584A01023,2023-10-23,46.8088,44.3328,44.5538,51812334
equity,INE584A01023,2023-10-25,45.615,44.3917,45.0844,54703158
equity,INE584A01023,2023-10-26,45.0402,43.979,44.8191,28422876
equity,INE584A01023,2023-10-27,45.9392,44.9223,45.5118,29616945
equity,INE584A01023,2023-10-30,46.0719,44.9518,45.954,18802833
equity,INE584A01023,2023-10-31,46.4698,45.276,45.4529,25804383
equity,INE584A01023,2023-11-01,45.7771,45.0255,45.2908,13740702
equity,INE584A01023,2023-11-02,47.3099,45.4234,47.133,33625743
equity,INE584A01023,2023-11-03,47.531,46.6614,47.0004,25067283
equity,INE584A01023,2023-11-06,47.8257,47.0004,47.2657,22768914
equity,INE584A01023,2023-11-07,48.5037,47.2804,48.0615,48076854
equity,INE584A01023,2023-11-08,48.6363,47.7078,47.8699,19033761
equity,INE584A01023,2023-11-09,48.6069,47.6636,48.0615,19959702
equity,INE584A01023,2023-11-10,49.9923,47.5899,49.727,73074960
equity,INE584A01023,2023-11-13,52.4093,50.1396,51.6577,78027435
equity,INE584A01023,2023-11-15,51.584,49.1522,50.0512,89859765
equity,INE584A01023,2023-11-16,50.685,49.5501,49.7859,33888945
equity,INE584A01023,2023-11-17,50.287,49.5206,49.7859,20917053
equity,INE584A01023,2023-11-20,50.9945,49.8449,50.3165,39013038
equity,INE584A01023,2023-11-21,50.7734,49.2701,50.0217,36456999
equity,INE584A01023,2023-11-22,50.6113,49.6091,50.5523,33752805
equity,INE584A01023,2023-11-23,51.2892,50.3755,50.8176,34383183
equity,INE584A01023,2023-11-24,52.2767,50.8323,51.0534,70943223
equity,INE584A01023,2023-11-28,53.7653,51.2155,53.5442,66480168
equity,INE584A01023,2023-11-29,54.0895,52.6157,53.2052,45844743
equity,INE584A01023,2023-11-30,53.7947,52.0851,53.5,52592415
equity,INE584A01023,2023-12-01,54.4432,53.3821,53.6621,32549223
equity,INE584A01023,2023-12-04,54.8264,54.0306,54.2516,31693020
equity,INE584A01023,2023-12-05,54.8854,53.2642,53.9421,26717388
equity,INE584A01023,2023-12-06,55.1064,53.5147,54.3253,28795671
equity,INE584A01023,2023-12-07,54.6496,53.9274,54.2664,17617320
equity,INE584A01023,2023-12-08,55.7107,53.3231,54.119,36814326
equity,INE584A01023,2023-12-11,54.6348,53.5,54.4727,15838959
equity,INE584A01023,2023-12-12,55.0917,53.7358,53.9569,16766730
equity,INE584A01023,2023-12-13,56.5655,54.3401,56.4918,65798970
equity,INE584A01023,2023-12-14,57.6414,56.3445,56.5508,58425753
equity,INE584A01023,2023-12-15,58.3047,57.1698,57.4646,39687279
equity,INE584A01023,2023-12-18,58.1425,56.3887,57.6414,28694427
equity,INE584A01023,2023-12-19,58.0688,56.595,57.0666,21005178
equity,INE584A01023,2023-12-20,58.5552,53.6031,54.06,48951585
equity,INE584A01023,2023-12-21,57.3761,53.0284,57.0814,73561743
equity,INE584A01023,2023-12-22,58.172,56.5213,57.5972,41088369
equity,INE584A01023,2023-12-26,60.4122,57.4351,59.4985,93768723
equity,INE584A01023,2023-12-27,60.1175,58.4668,59.3806,33151062
equity,INE584A01023,2023-12-28,61.1492,59.3069,61.0607,78062277
equity,INE584A01023,2023-12-29,62.6819,60.0438,61.7976,68433558
equity,INE584A01023,2024-01-01,63.3451,61.6797,62.3282,51615849
equity,INE584A01023,2024-01-02,64.8485,62.0629,64.1852,106314534
equity,INE584A01023,2024-01-03,64.7158,62.7851,64.0821,45354606
equity,INE584A01023,2024-01-04,66.1749,64.5684,65.8949,59333100
equity,INE584A01023,2024-01-05,67.0002,64.8779,65.6443,45965283
equity,INE584A01023,2024-01-08,65.9833,63.2272,63.4336,45995325
equity,INE584A01023,2024-01-09,65.0401,63.8168,64.1115,30473721
equity,INE584A01023,2024-01-10,63.8168,61.7829,62.1513,55437963
equity,INE584A01023,2024-01-11,62.903,61.665,61.7829,25756722
equity,INE584A01023,2024-01-12,62.844,61.4734,62.2987,27971124
equity,INE584A01023,2024-01-15,63.3451,61.4292,61.7239,40496259
equity,INE584A01023,2024-01-16,63.0799,60.5449,62.7114,53173383
equity,INE584A01023,2024-01-17,62.284,60.4417,60.8396,45128694
equity,INE584A01023,2024-01-18,61.5323,57.9509,60.0143,56021649
equity,INE584A01023,2024-01-19,62.2987,60.3238,62.1513,38519142
equity,INE584A01023,2024-01-23,63.6399,59.3953,59.6753,59548896
equity,INE584A01023,2024-01-24,62.6377,59.9701,62.4314,53581488
equity,INE584A01023,2024-01-25,64.1705,62.5493,64.0084,54609993
equity,INE584A01023,2024-01-29,65.438,64.0821,65.1285,50979381
equity,INE584A01023,2024-01-30,65.8654,64.5684,64.76,26510319
equity,INE584A01023,2024-01-31,65.4232,64.3768,64.8042,21678369
equity,INE584A01023,2024-02-01,66.8234,64.4653,66.4402,46716180
equity,INE584A01023,2024-02-02,70.0069,67.1182,69.4321,116794920
equity,INE584A01023,2024-02-05,72.8071,69.9184,71.1712,94601658
equity,INE584A01023,2024-02-06,72.0702,69.2699,71.7902,59841120
equity,INE584A01023,2024-02-07,72.8219,70.7438,71.7607,52172340
equity,INE584A01023,2024-02-08,72.6303,70.9059,72.0407,27368601
equity,INE584A01023,2024-02-09,72.2471,68.9015,71.1859,38488728
equity,INE584A01023,2024-02-12,72.1292,67.2655,67.8108,47138400
equity,INE584A01023,2024-02-13,69.1226,66.0717,66.8529,48703704
equity,INE584A01023,2024-02-14,69.9479,65.8212,69.4321,45496641
equity,INE584A01023,2024-02-15,74.3989,71.6281,72.7924,187542936
equity,INE584A01023,2024-02-16,73.1019,71.0828,72.026,59836356
equity,INE584A01023,2024-02-19,73.8093,72.0997,72.6008,39536532
equity,INE584A01023,2024-02-20,73.2787,70.5079,71.0238,56029344
equity,INE584A01023,2024-02-21,72.1439,68.1793,68.5625,63622833
equity,INE584A01023,2024-02-22,70.6259,68.1793,70.449,53701776
equity,INE584A01023,2024-02-23,70.9943,69.5647,70.2427,48621681
equity,INE584A01023,2024-02-26,70.508,68.7688,69.2552,45095202
equity,INE584A01023,2024-02-27,69.8897,67.2005,68.0012,62647536
equity,INE584A01023,2024-02-28,69.3156,67.0796,67.3969,57629769
equity,INE584A01023,2024-02-29,69.3761,66.853,68.2581,491520069
equity,INE584A01023,2024-03-01,70.8718,68.6207,69.8142,46149936
equity,INE584A01023,2024-03-04,73.0926,70.6602,72.5336,49682751
equity,INE584A01023,2024-03-05,73.5761,72.2315,73.3193,41868192
equity,INE584A01023,2024-03-06,74.0898,71.189,72.8056,39410871
equity,INE584A01023,2024-03-07,73.6667,71.6876,72.1559,45042561
equity,INE584A01023,2024-03-11,71.7631,68.9833,69.1494,44313108
equity,INE584A01023,2024-03-12,69.784,66.7926,67.5329,47253039
equity,INE584A01023,2024-03-13,67.7293,61.4595,62.0789,66596313
equity,INE584A01023,2024-03-14,63.0005,59.571,61.0213,87923217
equity,INE584A01023,2024-03-15,61.7918,57.5163,59.9335,75762474
equity,INE584A01023,2024-03-18,61.7767,58.9364,61.2479,58324524
equity,INE584A01023,2024-03-19,63.0458,60.3415,60.5228,71376654
equity,INE584A01023,2024-03-20,62.381,60.8853,62.1846,69987957
equity,INE584A01023,2024-03-21,63.1818,61.8825,62.789,48410466
equity,INE584A01023,2024-03-22,62.4566,61.0364,61.5501,53612352
equity,INE584A01023,2024-03-26,62.3055,61.0213,61.4746,36748233
equity,INE584A01023,2024-03-27,61.9882,59.9789,60.13,28450188
equity,INE584A01023,2024-03-28,61.535,60.4472,60.9609,35871051
equity,INE584A01023,2024-04-01,64.4206,61.4292,64.2393,59846145
equity,INE584A01023,2024-04-02,65.448,63.4537,65.176,58434363
equity,INE584A01023,2024-04-03,66.7019,64.6926,65.7803,50070930
equity,INE584A01023,2024-04-04,66.6868,64.3451,65.5084,31888464
equity,INE584A01023,2024-04-05,66.3847,64.6926,65.8408,19133949
equity,INE584A01023,2024-04-08,68.0466,65.6142,67.7142,55396662
equity,INE584A01023,2024-04-09,69.2401,67.4573,68.8926,45282690
equity,INE584A01023,2024-04-10,73.8632,69.1192,72.8509,142738023
equity,INE584A01023,2024-04-12,73.5157,71.9444,72.1862,47515149
equity,INE584A01023,2024-04-15,74.543,69.9804,72.7905,75937155
equity,INE584A01023,2024-04-16,74.1955,71.3552,72.6545,40394247
equity,INE584A01023,2024-04-18,74.5883,70.5847,71.0682,55739916
equity,INE584A01023,2024-04-19,71.7631,69.3005,71.2041,35154534
equity,INE584A01023,2024-04-22,72.7452,71.461,71.8538,17859648
equity,INE584A01023,2024-04-23,72.2617,70.6905,70.902,21895293
equity,INE584A01023,2024-04-24,75.2833,71.2192,74.966,96506550
equity,INE584A01023,2024-04-25,76.4466,74.543,76.22,70101912
equity,INE584A01023,2024-04-26,78.4107,76.5524,77.9423,54712098
equity,INE584A01023,2024-04-29,79.015,76.6279,77.0207,29066490
equity,INE584A01023,2024-04-30,78.7582,76.7639,76.8697,31582803
equity,INE584A01023,2024-05-02,78.6826,76.2049,78.1085,43262532
equity,INE584A01023,2024-05-03,81.5531,78.0028,81.2661,116924001
equity,INE584A01023,2024-05-06,82.5503,77.9574,81.4021,79577118
equity,INE584A01023,2024-05-07,81.7344,78.033,78.8035,60243729
equity,INE584A01023,2024-05-08,81.0999,78.033,80.6164,34629336
equity,INE584A01023,2024-05-09,81.0092,76.0991,76.4466,32960373
equity,INE584A01023,2024-05-10,77.6553,75.0718,77.1718,28341060
equity,INE584A01023,2024-05-13,77.6855,74.3919,77.2776,25894860
equity,INE584A01023,2024-05-14,80.4654,77.5193,80.0877,33347736
equity,INE584A01023,2024-05-15,81.4172,80.133,80.7675,25732044
equity,INE584A01023,2024-05-16,82.0819,78.9848,80.0726,33029949
equity,INE584A01023,2024-05-17,83.91,80.0877,83.5927,50378568
equity,INE584A01023,2024-05-21,86.5237,84.3481,85.2697,40420551
equity,INE584A01023,2024-05-22,86.1158,81.7798,82.5503,57357078
equity,INE584A01023,2024-05-23,82.8222,79.6646,80.3898,40769301
equity,INE584A01023,2024-05-24,81.961,80.5409,80.9488,23062833
equity,INE584A01023,2024-05-27,81.6287,79.0754,79.3474,30147801
equity,INE584A01023,2024-05-28,80.269,77.8668,78.2143,53815368
equity,INE584A01023,2024-05-29,78.6071,76.8545,78.0028,33252177
equity,INE584A01023,2024-05-30,78.0028,74.9963,75.374,30370719
equity,INE584A01023,2024-05-31,79.1207,75.6006,78.6071,73790568
equity,INE584A01023,2024-06-03,82.52,79.4078,80.9488,46031172
equity,INE584A01023,2024-06-04,80.9488,63.8012,71.7027,96043173
equity,INE584A01023,2024-06-05,74.6337,67.6386,73.9689,52977693
equity,INE584A01023,2024-06-06,77.8063,74.6337,76.2049,28757364
equity,INE584A01023,2024-06-07,78.5013,76.5071,78.1085,24951177
equity,INE584A01023,2024-06-10,78.2596,76.7035,76.9603,15575433
equity,INE584A01023,2024-06-11,78.9999,76.2955,77.1265,19927716
equity,INE584A01023,2024-06-12,79.7553,77.1567,79.4984,28480617
equity,INE584A01023,2024-06-13,81.0093,79.3625,80.1783,25016742
equity,INE584A01023,2024-06-14,81.1905,79.4984,80.7977,19120215
equity,INE584A01023,2024-06-18,81.8402,80.1783,80.3596,22399191
equity,INE584A01023,2024-06-19,81.0092,78.7279,79.1963,16411611
equity,INE584A01023,2024-06-20,83.2755,78.3351,82.5654,67604979
equity,INE584A01023,2024-06-21,83.1546,80.9941,81.4927,28691421
equity,INE584A01023,2024-06-24,80.8884,79.1963,79.7704,19733784
equity,INE584A01023,2024-06-25,80.7675,77.2322,77.9725,29378100
equity,INE584A01023,2024-06-26,77.3531,75.0114,75.3135,58485729
equity,INE584A01023,2024-06-27,76.5675,72.8962,74.1804,59956431
equity,INE584A01023,2024-06-28,75.8121,74.1653,74.3466,38809188
equity,INE584A01023,2024-07-01,76.22,73.9266,76.0236,73200099
equity,INE584A01023,2024-07-02,76.1898,73.2437,73.8329,71762511
equity,INE584A01023,2024-07-03,76.2351,74.3647,75.9088,34674402
equity,INE584A01023,2024-07-04,77.1718,75.7909,76.0266,39878085
equity,INE584A01023,2024-07-05,76.7488,75.238,76.2291,42363861
equity,INE584A01023,2024-07-08,76.5675,75.3891,75.5794,26695356
equity,INE584A01023,2024-07-09,76.8062,75.5432,75.939,31229676
equity,INE584A01023,2024-07-10,76.3258,72.3886,74.0021,37216932
equity,INE584A01023,2024-07-11,74.7243,73.8027,74.3889,21017598
equity,INE584A01023,2024-07-12,75.2017,73.7876,74.41,14538876
equity,INE584A01023,2024-07-15,75.0114,73.6184,74.6699,17760150
equity,INE584A01023,2024-07-16,75.7577,74.3798,74.549,20174739
equity,INE584A01023,2024-07-18,74.4524,72.7331,73.0926,18943977
equity,INE584A01023,2024-07-19,73.0775,68.8956,69.1222,34677240
equity,INE584A01023,2024-07-22,71.189,67.9861,70.6723,20965680
equity,INE584A01023,2024-07-23,71.3703,66.7412,70.908,39099774
equity,INE584A01023,2024-07-24,71.748,70.0348,70.3218,17058228
equity,INE584A01023,2024-07-25,70.9926,68.7536,69.4576,32279262
equity,INE584A01023,2024-07-26,72.3131,70.1194,72.0804,25187640
equity,INE584A01023,2024-07-29,74.3255,72.2919,73.7846,30854370
equity,INE584A01023,2024-07-30,73.987,72.6394,73.4341,15006963
equity,INE584A01023,2024-07-31,74.3134,72.7935,73.005,19700181
equity,INE584A01023,2024-08-01,75.2803,72.9416,73.3434,38141133
equity,INE584A01023,2024-08-02,72.5941,70.8718,71.2827,16851843
equity,INE584A01023,2024-08-05,69.9169,66.9618,67.7716,25596654
equity,INE584A01023,2024-08-06,69.9441,67.0373,67.3032,18329937
equity,INE584A01023,2024-08-07,69.3912,67.7232,69.0648,21138498
equity,INE584A01023,2024-08-08,69.4184,67.0525,67.2277,18491904
equity,INE584A01023,2024-08-09,68.3487,66.0281,66.9376,22589694
equity,INE584A01023,2024-08-12,69.7084,65.6021,69.3851,28976304
equity,INE584A01023,2024-08-13,70.9926,67.415,67.823,42773148
equity,INE584A01023,2024-08-14,68.2097,63.4718,63.7377,70788720
equity,INE584A01023,2024-08-16,65.871,63.499,65.7048,45608541
equity,INE584A01023,2024-08-19,66.8409,65.6293,66.433,20968632
equity,INE584A01023,2024-08-20,68.0949,66.3696,67.8592,29725110
equity,INE584A01023,2024-08-21,68.7113,67.1099,67.2821,30325380
equity,INE584A01023,2024-08-22,68.8594,67.6115,68.391,23108352
equity,INE584A01023,2024-08-23,68.5602,66.8984,67.0071,14065443
equity,INE584A01023,2024-08-26,69.5574,67.0071,69.2613,25270356
equity,INE584A01023,2024-08-27,70.4336,69.1434,69.3912,22519920
equity,INE584A01023,2024-08-28,69.7689,68.2309,68.3578,15852960
equity,INE584A01023,2024-08-29,68.5028,66.6415,67.6598,16571922
equity,INE584A01023,2024-08-30,68.3366,67.1008,67.2791,18513903
equity,INE584A01023,2024-09-02,67.0162,64.8134,65.3906,34795296
equity,INE584A01023,2024-09-03,65.6927,64.611,64.9585,25014414
equity,INE584A01023,2024-09-04,64.9555,63.1878,63.7831,31024059
equity,INE584A01023,2024-09-05,64.5324,63.6803,64.2696,18993435
equity,INE584A01023,2024-09-06,64.2696,62.6651,63.7498,26006859
equity,INE584A01023,2024-09-09,63.8767,61.9127,62.7497,24391737
equity,INE584A01023,2024-09-10,64.1185,62.789,63.7347,20925657
equity,INE584A01023,2024-09-11,64.058,62.1574,62.4838,17829423
equity,INE584A01023,2024-09-12,65.5084,63.0005,65.1096,38040009
equity,INE584A01023,2024-09-13,67.0494,65.2697,66.6838,42725088
equity,INE584A01023,2024-09-16,67.5329,66.0402,66.2034,24643884
equity,INE584A01023,2024-09-17,66.7601,64.9986,65.3089,14344563
equity,INE584A01023,2024-09-18,65.1933,63.7238,64.5361,20855862
equity,INE584A01023,2024-09-19,65.4184,62.5768,64.6152,28288293
equity,INE584A01023,2024-09-20,66.4163,64.4448,64.6639,42949458
equity,INE584A01023,2024-09-23,65.7166,64.5453,65.531,17708706
equity,INE584A01023,2024-09-24,68.6465,66.3403,68.1292,70821039
equity,INE584A01023,2024-09-25,69.7326,68.3939,68.6982,44226318
equity,INE584A01023,2024-09-26,71.5763,67.5086,71.2812,81666573
equity,INE584A01023,2024-09-27,72.9576,71.2843,71.552,53403048
equity,INE584A01023,2024-09-30,75.209,73.0489,74.5123,134889675
equity,INE584A01023,2024-10-01,75.2698,72.8359,74.3967,48932499
equity,INE584A01023,2024-10-03,74.6614,72.0266,72.8359,45073830
equity,INE584A01023,2024-10-04,73.6269,71.2234,71.9718,26794155
equity,INE584A01023,2024-10-07,73.5417,68.5004,69.5927,39737070
equity,INE584A01023,2024-10-08,68.2175,64.1954,66.6263,93521157
equity,INE584A01023,2024-10-09,69.474,65.1842,68.2053,72717858
equity,INE584A01023,2024-10-10,70.332,68.5613,68.8686,27971820
equity,INE584A01023,2024-10-11,71.6615,68.8686,71.0956,47584797
equity,INE584A01023,2024-10-14,72.7142,71.1443,72.1209,31763556
equity,INE584A01023,2024-10-15,72.4495,70.332,70.6088,21701715
equity,INE584A01023,2024-10-16,71.2112,69.903,70.4019,28947474
equity,INE584A01023,2024-10-17,70.8735,67.5542,68.1566,31497708
equity,INE584A01023,2024-10-18,70.7062,66.8271,70.4141,31355718
equity,INE584A01023,2024-10-21,71.1321,68.3027,68.6343,17979288
equity,INE584A01023,2024-10-22,68.8412,65.1385,65.5371,20126418
equity,INE584A01023,2024-10-23,68.543,66.1425,66.4103,48592896
equity,INE584A01023,2024-10-24,67.0553,65.4215,65.671,17078295
equity,INE584A01023,2024-10-25,66.681,63.8911,66.2734,51228402
equity,INE584A01023,2024-10-28,69.7174,65.4276,69.3553,41540253
equity,INE584A01023,2024-10-29,69.5957,65.9022,68.8016,33370899
equity,INE584A01023,2024-10-30,69.4101,68.0136,68.2296,11504781
equity,INE584A01023,2024-10-31,68.4822,66.5228,67.5025,32381775
equity,INE584A01023,2024-11-01,68.4183,67.4508,67.7976,2838057
equity,INE584A01023,2024-11-04,69.2154,67.5877,68.9111,45335373
equity,INE584A01023,2024-11-05,71.9536,68.8503,71.4151,67111656
equity,INE584A01023,2024-11-06,73.5661,70.0673,73.3409,51877836
equity,INE584A01023,2024-11-07,74.3115,72.3339,72.6868,36177126
equity,INE584A01023,2024-11-08,74.9169,70.4111,71.7923,69222918
equity,INE584A01023,2024-11-11,71.4333,69.0785,70.8674,38684466
equity,INE584A01023,2024-11-12,70.6666,67.7854,68.3818,94780671
equity,INE584A01023,2024-11-13,68.972,67.0857,67.9102,46414905
equity,INE584A01023,2024-11-14,69.5196,66.3555,66.5685,29963523
equity,INE584A01023,2024-11-18,69.7934,66.678,67.7581,47659770
equity,INE584A01023,2024-11-19,68.546,66.7814,67.3047,34126065
equity,INE584A01023,2024-11-21,67.8463,65.4762,66.2125,26724375
equity,INE584A01023,2024-11-22,67.6333,66.4194,67.1678,25378566
equity,INE584A01023,2024-11-25,69.4132,68.0897,69.0024,44506926
equity,INE584A01023,2024-11-26,69.6109,68.5856,68.9781,22968969
equity,INE584A01023,2024-11-27,69.7782,68.6495,69.2823,17865060
equity,INE584A01023,2024-11-28,70.2194,69.0176,69.2854,18007374
equity,INE584A01023,2024-11-29,70.6423,69.1272,69.9973,27932256
equity,INE584A01023,2024-12-02,70.7396,69.83,70.5084,13526058
equity,INE584A01023,2024-12-03,71.8441,70.5815,71.7041,17718759
equity,INE584A01023,2024-12-04,72.1057,70.8066,71.2143,14661744
equity,INE584A01023,2024-12-05,71.9536,71.1017,71.5459,12102192
equity,INE584A01023,2024-12-06,72.8663,71.3299,72.6107,23250720
equity,INE584A01023,2024-12-09,73.7304,71.7163,73.4839,39372222
equity,INE584A01023,2024-12-10,75.6015,73.6726,74.2263,55704825
equity,INE584A01023,2024-12-11,74.8895,73.0367,73.3683,37007970
equity,INE584A01023,2024-12-12,73.6269,72.3156,73.2588,19115433
equity,INE584A01023,2024-12-13,72.5621,69.7356,71.1108,51242721
equity,INE584A01023,2024-12-16,71.4059,70.1281,70.7792,17309907
equity,INE584A01023,2024-12-17,71.1778,69.0633,69.2184,16910646
equity,INE584A01023,2024-12-18,69.5957,64.2866,64.9955,106766601
equity,INE584A01023,2024-12-19,65.6862,63.8029,65.1446,39105261
equity,INE584A01023,2024-12-20,66.7023,64.2258,64.8495,57495276
equity,INE584A01023,2024-12-23,66.249,63.31,65.1264,60663189
equity,INE584A01023,2024-12-24,65.4732,63.9094,64.6335,40001385
equity,INE584A01023,2024-12-26,65.8322,64.8799,65.245,28683231
equity,INE584A01023,2024-12-27,65.8079,63.097,63.2705,33184338
equity,INE584A01023,2024-12-30,63.5717,60.7057,61.0434,39389278
equity,INE584A01023,2024-12-31,61.9014,59.8295,60.1672,38155586
equity,INE584A01023,2025-01-01,60.4958,59.3275,60.222,21999690
equity,INE584A01023,2025-01-02,61.9653,60.1672,61.7827,30423550
equity,INE584A01023,2025-01-03,62.6042,61.5637,61.7553,19978769
equity,INE584A01023,2025-01-06,61.9653,59.0628,59.2362,22191351
equity,INE584A01023,2025-01-07,60.6509,58.4239,60.2128,38761765
equity,INE584A01023,2025-01-08,60.7605,59.1541,60.2402,31517108
equity,INE584A01023,2025-01-09,60.3223,58.9168,59.1175,14824626
equity,INE584A01023,2025-01-10,59.7199,57.3651,57.5385,16248992
equity,INE584A01023,2025-01-13,57.1095,54.49,54.7638,27510117
equity,INE584A01023,2025-01-14,58.0588,54.7638,57.8306,40674327
equity,INE584A01023,2025-01-15,59.3731,57.4472,57.6937,22377655
equity,INE584A01023,2025-01-16,60.2311,58.4147,59.9481,30305626
equity,INE584A01023,2025-01-17,61.2625,59.0993,60.8152,26506821
equity,INE584A01023,2025-01-20,62.1478,59.9846,61.2533,27802226
equity,INE584A01023,2025-01-21,62.1935,60.2037,60.514,32761209
equity,INE584A01023,2025-01-22,61.1621,58.2505,59.9573,28101558
equity,INE584A01023,2025-01-23,63.0332,59.2545,62.1478,36174380
equity,INE584A01023,2025-01-24,62.4764,60.6053,60.943,20736866
equity,INE584A01023,2025-01-27,60.2311,58.4147,58.8072,13695938
equity,INE584A01023,2025-01-28,59.7656,57.4199,58.3143,17269379
equity,INE584A01023,2025-01-29,60.2402,58.5517,60.0212,14177669
equity,INE584A01023,2025-01-30,60.587,58.6247,59.364,16385610
equity,INE584A01023,2025-01-31,60.514,58.3235,60.3315,15982195
equity,INE584A01023,2025-02-01,60.9613,58.4604,58.7616,14471957
equity,INE584A01023,2025-02-03,57.9127,55.3297,56.854,22975253
equity,INE584A01023,2025-02-04,58.8255,57.3651,58.4056,10065010
equity,INE584A01023,2025-02-05,59.9208,58.5973,59.4553,15215384
equity,INE584A01023,2025-02-06,60.2128,58.3326,59.4461,28483272
equity,INE584A01023,2025-02-07,61.3355,59.6378,60.8426,36994940
equity,INE584A01023,2025-02-10,61.0617,58.2596,58.5243,17442057
equity,INE584A01023,2025-02-11,58.8346,55.6948,56.1329,19356222
equity,INE584A01023,2025-02-12,57.8854,54.8916,57.4199,26450865
equity,INE584A01023,2025-02-13,58.7798,57.0548,57.6663,13322870
equity,INE584A01023,2025-02-14,59.0537,55.9504,56.5254,16824284
equity,INE584A01023,2025-02-17,57.2738,55.1107,57.1004,15735076
equity,INE584A01023,2025-02-18,57.7485,55.6035,57.5659,19156564
equity,INE584A01023,2025-02-19,59.4826,56.6897,59.2818,17999735
equity,INE584A01023,2025-02-20,61.518,58.9624,61.2625,22692394
equity,INE584A01023,2025-02-21,62.1934,60.514,61.8192,21758577
equity,INE584A01023,2025-02-24,61.1986,59.793,60.295,14696915
equity,INE584A01023,2025-02-25,60.9704,59.0719,59.1541,11145339
equity,INE584A01023,2025-02-27,59.6926,58.506,59.5009,13567524
equity,INE584A01023,2025-02-28,58.7707,56.4433,57.0274,29187533
equity,INE584A01023,2025-03-03,57.8215,55.7587,57.5568,15912361
equity,INE584A01023,2025-03-04,58.077,55.8043,56.8357,23007590
equity,INE584A01023,2025-03-05,59.8751,56.8083,59.7291,35187796
equity,INE584A01023,2025-03-06,61.7371,59.8295,61.0617,23440671
equity,INE584A01023,2025-03-07,62.23,60.5414,61.2716,20227573
equity,INE584A01023,2025-03-10,62.522,59.6926,60.1763,27188563
equity,INE584A01023,2025-03-11,59.9208,58.1501,59.4918,20081328
equity,INE584A01023,2025-03-12,60.514,57.7393,59.1358,26201008
equity,INE584A01023,2025-03-13,59.6469,58.0862,58.2322,14456872
equity,INE584A01023,2025-03-17,59.7656,58.5151,59.2453,19708040
equity,INE584A01023,2025-03-18,59.2453,59.2453,59.2453,
equity,INE584A01023,2025-03-19,63.1518,60.9248,62.7776,40126978
equity,INE584A01023,2025-03-20,64.165,62.0018,62.7867,38783316
equity,INE584A01023,2025-03-21,63.8349,62.4751,63.7499,31798886
equity,INE584A01023,2025-03-24,66.5639,63.901,65.6574,37067380
equity,INE584A01023,2025-03-25,65.9879,64.2126,64.3921,25114038
equity,INE584A01023,2025-03-26,64.8736,63.5988,63.9765,23133011
equity,INE584A01023,2025-03-27,64.9114,63.2683,64.732,16130834
equity,INE584A01023,2025-03-28,65.6196,64.4487,65.0531,20124046
equity,INE584A01023,2025-04-01,66.545,63.8538,65.884,28098477
equity,INE584A01023,2025-04-02,66.4034,64.1276,66.2995,19242568
equity,INE584A01023,2025-04-03,67.0267,65.1569,66.5073,23258770
equity,INE584A01023,2025-04-04,66.1296,61.0587,61.3986,37205154
equity,INE584A01023,2025-04-07,58.9717,56.2805,57.8858,40391466
equity,INE584A01023,2025-04-08,60.171,57.4231,58.1408,30791131
equity,INE584A01023,2025-04-09,58.3391,56.2144,57.8952,40534055
equity,INE584A01023,2025-04-11,59.7555,58.764,59.4061,19971049
equity,INE584A01023,2025-04-15,61.6913,60.0105,61.5119,19668115
equity,INE584A01023,2025-04-16,62.4184,61.0964,62.0785,19304641
equity,INE584A01023,2025-04-17,62.6923,61.5686,62.2013,13062706
equity,INE584A01023,2025-04-21,64.3448,62.239,64.0521,14029930
equity,INE584A01023,2025-04-22,64.8264,63.8349,64.1749,11733604
equity,INE584A01023,2025-04-23,64.817,62.6545,64.3165,33095946
equity,INE584A01023,2025-04-24,65.2514,63.8632,64.2315,22714754
equity,INE584A01023,2025-04-25,64.817,60.7187,61.3325,53680926
equity,INE584A01023,2025-04-28,62.6545,61.0398,62.0502,13627031
equity,INE584A01023,2025-04-29,63.1644,61.7574,61.918,13822971
equity,INE584A01023,2025-04-30,62.2957,60.7376,61.1814,13726917
equity,INE584A01023,2025-05-02,63.4949,61.3042,61.5686,25321022
equity,INE584A01023,2025-05-05,62.7489,61.2192,62.2768,12558361
equity,INE584A01023,2025-05-06,62.5129,60.5298,60.7754,11560536
equity,INE584A01023,2025-05-07,62.324,59.4911,62.0785,16952789
equity,INE584A01023,2025-05-08,62.5979,59.7744,60.2371,19370506
equity,INE584A01023,2025-05-09,61.0681,58.5468,60.7093,22840112
equity,INE584A01023,2025-05-12,64.4015,62.4845,64.2882,26920155
equity,INE584A01023,2025-05-13,64.6281,63.325,63.4666,16900869
equity,INE584A01023,2025-05-14,66.5262,63.6933,66.139,36683674
equity,INE584A01023,2025-05-15,66.8567,65.5347,66.1579,24328812
equity,INE584A01023,2025-05-16,66.9039,65.8368,66.3562,12156913
equity,INE584A01023,2025-05-19,67.3477,65.6763,66.3468,19353220
equity,INE584A01023,2025-05-20,67.2344,65.2702,65.4213,17798697
equity,INE584A01023,2025-05-21,66.3751,65.2136,66.2429,11838095
equity,INE584A01023,2025-05-22,67.8954,65.4874,67.225,45935782
equity,INE584A01023,2025-05-23,69.0286,67.2627,68.4525,25709758
equity,INE584A01023,2025-05-26,69.4346,68.5281,69.1608,16139243
equity,INE584A01023,2025-05-27,69.5857,68.0843,68.6886,15514993
equity,INE584A01023,2025-05-28,68.2259,66.5828,66.9133,32551122
equity,INE584A01023,2025-05-29,68.8397,67.2533,68.2637,18027840
equity,INE584A01023,2025-05-30,68.6792,66.2051,67.2061,34601014
equity,INE584A01023,2025-06-02,67.7821,66.139,66.8283,17803152
equity,INE584A01023,2025-06-03,68.1598,66.6584,66.7528,22429626
equity,INE584A01023,2025-06-04,66.7245,65.2041,66.4317,25238482
equity,INE584A01023,2025-06-05,67.4988,66.5734,66.8567,17431886
equity,INE584A01023,2025-06-06,68.7925,66.9794,68.4525,25941860
equity,INE584A01023,2025-06-09,70.5489,68.6225,69.8784,28416839
equity,INE584A01023,2025-06-10,70.9833,69.8407,70.1901,26573478
equity,INE584A01023,2025-06-11,70.8888,69.7273,69.8312,18264283
equity,INE584A01023,2025-06-12,70.2562,68.1881,68.3864,14014646
equity,INE584A01023,2025-06-13,67.6593,66.1012,66.4506,29308480
equity,INE584A01023,2025-06-16,66.7245,64.4298,66.5828,17980333
equity,INE584A01023,2025-06-17,66.5828,64.6848,64.8075,15918691
equity,INE584A01023,2025-06-18,65.5347,64.2976,64.6848,16361735
equity,INE584A01023,2025-06-19,64.8548,63.0795,63.3061,19333109
equity,INE584A01023,2025-06-20,64.4865,63.4005,64.156,19902519
equity,INE584A01023,2025-06-23,64.7698,63.5894,64.2126,9544020
equity,INE584A01023,2025-06-24,66.3373,65.0719,65.6007,15172857
equity,INE584A01023,2025-06-25,66.054,65.0153,65.1758,10400058
equity,INE584A01023,2025-06-26,66.7906,65.2608,66.6206,31206909
equity,INE584A01023,2025-06-27,68.3959,65.7802,66.0163,26727126
equity,INE584A01023,2025-06-30,66.6584,65.8652,66.1012,10582703
equity,INE584A01023,2025-07-01,65.9879,63.8066,64.1654,50233525
equity,INE584A01023,2025-07-02,64.5431,63.2683,64.2315,27279877
equity,INE584A01023,2025-07-03,65.7802,64.3637,65.2136,36535369
equity,INE584A01023,2025-07-04,65.6102,64.4959,64.9492,11370389
equity,INE584A01023,2025-07-07,65.1097,64.1465,64.4865,12318954
equity,INE584A01023,2025-07-08,65.0058,63.986,64.4865,12636004
equity,INE584A01023,2025-07-09,64.6376,63.41,64.1182,17220015
equity,INE584A01023,2025-07-10,65.1475,64.2976,64.8642,14475951
equity,INE584A01023,2025-07-11,66.715,64.9681,65.2041,35517748
equity,INE584A01023,2025-07-14,66.1673,64.7414,65.223,25588770
equity,INE584A01023,2025-07-15,65.6574,64.0332,64.1937,34113955
equity,INE584A01023,2025-07-16,65.1097,63.9765,64.817,28137527
equity,INE584A01023,2025-07-17,65.8652,64.9492,65.6857,23708702
equity,INE584A01023,2025-07-18,67.6499,65.8179,67.461,58872250
equity,INE584A01023,2025-07-21,68.5564,67.6404,67.9049,28351406
equity,INE584A01023,2025-07-22,68.8303,67.5177,68.122,25688403
equity,INE584A01023,2025-07-23,69.123,67.716,68.9153,35372242
equity,INE584A01023,2025-07-24,69.5007,68.462,68.6981,16880176
equity,INE584A01023,2025-07-25,68.8397,67.2816,67.6593,24279155
equity,INE584A01023,2025-07-28,67.7726,66.6395,67.0644,15276433
equity,INE584A01023,2025-07-29,67.9426,66.4506,67.801,10501708
equity,INE584A01023,2025-07-30,68.2637,67.3477,68.0465,10931756
equity,INE584A01023,2025-07-31,67.5838,66.5734,66.8472,17526771
equity,INE584A01023,2025-08-01,68.7358,66.3845,66.5356,13011037
equity,INE584A01023,2025-08-04,68.9152,66.6017,67.8199,25992461
equity,INE584A01023,2025-08-05,68.6981,67.4516,67.9143,13259948
equity,INE584A01023,2025-08-06,68.377,67.1305,67.8576,8319031
equity,INE584A01023,2025-08-07,67.7821,66.139,67.5177,11539382
equity,INE584A01023,2025-08-08,67.8104,66.7622,67.1116,10081656
equity,INE584A01023,2025-08-11,67.7726,66.4317,66.715,7423594
equity,INE584A01023,2025-08-12,67.5366,66.2712,66.9889,10403379
equity,INE584A01023,2025-08-13,68.9341,67.1777,68.5375,33410015
equity,INE584A01023,2025-08-14,69.2174,66.0672,66.4502,34242659
equity,INE584A01023,2025-08-18,67.4077,66.3544,66.6225,13221295
equity,INE584A01023,2025-08-19,67.7907,66.5268,67.7141,20465260
equity,INE584A01023,2025-08-20,69.3035,67.5034,68.7673,29770419
equity,INE584A01023,2025-08-21,69.6291,68.1641,68.3269,14855972
equity,INE584A01023,2025-08-22,68.4609,67.0726,67.1779,8184283
equity,INE584A01023,2025-08-25,68.2694,67.3024,67.6758,7985002
equity,INE584A01023,2025-08-26,67.6854,66.5172,66.9098,19958636
equity,INE584A01023,2025-08-28,66.7853,65.6459,65.8087,15165740
equity,INE584A01023,2025-08-29,66.5459,65.2916,65.8757,19089863
equity,INE584A01023,2025-09-01,66.7662,65.9044,66.6608,11003546
equity,INE584A01023,2025-09-02,70.0312,66.8236,69.7057,46543595
equity,INE584A01023,2025-09-03,71.3334,70.0504,71.1323,34305181
equity,INE584A01023,2025-09-04,71.7164,69.9068,70.3089,17518719
equity,INE584A01023,2025-09-05,71.5153,69.7248,71.3621,16821803
equity,INE584A01023,2025-09-08,72.3005,71.1898,71.343,15940641
equity,INE584A01023,2025-09-09,71.8983,70.4813,71.4866,39250424
equity,INE584A01023,2025-09-10,72.243,71.1515,72.0803,19334369
equity,INE584A01023,2025-09-11,73.2293,71.8122,72.6452,19643352
equity,INE584A01023,2025-09-12,73.5165,72.1856,73.2197,29848592
equity,INE584A01023,2025-09-15,73.6697,72.0994,72.3005,15014701
equity,INE584A01023,2025-09-16,72.5782,71.8313,72.2335,11888159
equity,INE584A01023,2025-09-17,73.1814,72.0611,72.4728,11497372
equity,INE584A01023,2025-09-18,73.8229,72.2718,73.4686,16353475
equity,INE584A01023,2025-09-19,74.4261,73.1527,73.2771,29974960
equity,INE584A01023,2025-09-22,74.2729,73.009,73.5931,21600325
equity,INE584A01023,2025-09-23,75.0485,73.258,74.7804,32011480
equity,INE584A01023,2025-09-24,75.1155,73.4878,73.9187,26152793
equity,INE584A01023,2025-09-25,74.6847,72.9899,73.1335,20472893
equity,INE584A01023,2025-09-26,73.2005,71.6398,71.8026,24363080
equity,INE584A01023,2025-09-29,72.9612,71.3717,71.8409,15751009
equity,INE584A01023,2025-09-30,73.3442,72.0515,73.1048,32158354
equity,INE584A01023,2025-10-01,74.0144,72.3005,72.9229,16301242
equity,INE584A01023,2025-10-03,74.6655,72.8558,73.8229,31195027
equity,INE584A01023,2025-10-06,74.3974,72.425,72.8271,12328968
equity,INE584A01023,2025-10-07,73.6218,72.425,72.8558,12906646
equity,INE584A01023,2025-10-08,74.1102,72.6165,72.9899,21657726
equity,INE584A01023,2025-10-09,75.8719,73.2388,75.4507,33869311
equity,INE584A01023,2025-10-10,75.7475,73.3729,73.8516,24502958
equity,INE584A01023,2025-10-13,74.0623,73.1048,73.8708,10600238
equity,INE584A01023,2025-10-14,74.4644,72.5207,72.8941,17196512
equity,INE584A01023,2025-10-15,73.8516,72.5973,73.4495,16267362
equity,INE584A01023,2025-10-16,73.5835,72.4441,72.6548,7993203
equity,INE584A01023,2025-10-17,72.942,71.4483,71.726,10435903
equity,INE584A01023,2025-10-20,72.5303,71.2664,72.042,10515886
equity,INE584A01023,2025-10-21,72.9516,72.109,72.3962,3318059
equity,INE584A01023,2025-10-23,72.2813,69.7823,71.0366,20156523
equity,INE584A01023,2025-10-24,72.0515,70.9217,71.0366,16392360
equity,INE584A01023,2025-10-27,72.0324,70.7493,71.2089,13500697
equity,INE584A01023,2025-10-28,71.8122,71.0462,71.4579,9718669
equity,INE584A01023,2025-10-29,74.3495,71.4962,73.4399,39446606
equity,INE584A01023,2025-10-30,73.8229,72.3962,72.6643,11611890
equity,INE584A01023,2025-10-31,72.9995,71.9366,72.5686,12203341
equity,INE584A01023,2025-11-03,73.5357,72.0994,72.6931,17607267
equity,INE584A01023,2025-11-04,72.5782,70.9504,71.1132,15769204
equity,INE584A01023,2025-11-06,71.1706,69.5142,70.0121,11864374
equity,INE584A01023,2025-11-07,71.2185,69.3323,71.0845,12084844
equity,INE584A01023,2025-11-10,73.2484,71.0845,71.8888,34560732
equity,INE584A01023,2025-11-11,72.7697,71.1419,72.5686,19958566
equity,INE584A01023,2025-11-12,74.1293,72.7697,73.8995,38795708
equity,INE584A01023,2025-11-13,75.2974,73.8038,74.1006,42475486
equity,INE584A01023,2025-11-14,74.1102,72.559,73.2963,14182276
equity,INE584A01023,2025-11-17,74.0623,73.1048,73.2867,15567147
equity,INE584A01023,2025-11-18,73.2293,71.7451,72.5016,15218821
equity,INE584A01023,2025-11-19,72.7218,71.8122,72.0611,9109693
equity,INE584A01023,2025-11-20,72.1377,70.7685,71.2951,24164668
equity,INE584A01023,2025-11-21,71.0462,70.0983,70.3855,23896675
equity,INE584A01023,2025-11-24,70.6727,69.1886,69.4567,21985740
equity,INE584A01023,2025-11-25,69.9929,69.1695,69.6099,12512694
equity,INE584A01023,2025-11-26,71.2855,69.7919,71.1323,13223415
equity,INE584A01023,2025-11-27,71.9558,70.5674,71.0557,10707179
equity,INE584A01023,2025-11-28,71.8409,70.3759,70.7781,16024318
equity,INE584A01023,2025-12-01,72.5303,70.7302,72.1856,24997800
equity,INE584A01023,2025-12-02,73.775,72.243,72.8558,31583291
equity,INE584A01023,2025-12-03,73.6314,72.3867,72.8175,11892197
equity,INE584A01023,2025-12-04,73.8612,72.5877,72.7409,11526558
equity,INE584A01023,2025-12-05,73.3346,71.6207,73.2101,17203665
equity,INE584A01023,2025-12-08,73.2388,70.9983,71.4866,14039842
equity,INE584A01023,2025-12-09,72.0132,70.1078,71.6494,10618027
equity,INE584A01023,2025-12-10,72.2622,71.027,71.2473,6555698
equity,INE584A01023,2025-12-11,72.3388,71.2472,72.109,7313230
equity,INE584A01023,2025-12-12,74.7325,72.2909,74.6272,22392662
equity,INE584A01023,2025-12-15,75.5464,74.2346,75.2113,20700200
equity,INE584A01023,2025-12-16,75.2496,73.4016,73.8708,11468902
equity,INE584A01023,2025-12-17,74.5123,73.5548,73.9953,8628268
equity,INE584A01023,2025-12-18,74.158,73.009,73.258,8848338
equity,INE584A01023,2025-12-19,73.4878,72.5016,73.0569,9994984
equity,INE584A01023,2025-12-22,75.3549,73.2484,75.1825,17008841
equity,INE584A01023,2025-12-23,78.8019,75.4985,78.0646,77610652
equity,INE584A01023,2025-12-24,78.9838,77.6242,77.9689,27923038
equity,INE584A01023,2025-12-26,79.7115,77.9114,79.0987,26105816
equity,INE584A01023,2025-12-29,80.5733,76.9156,77.4039,50793078
equity,INE584A01023,2025-12-30,80.2286,77.1741,79.8647,40418456
equity,INE584A01023,2025-12-31,81.0424,79.3764,79.6349,31290373
equity,INE584A01023,2026-01-01,80.4296,78.7157,80.1041,17474087
equity,INE584A01023,2026-01-02,81.3488,80.2669,80.9371,27683548
equity,INE584A01023,2026-01-05,81.6265,79.6828,80.3435,27034891
equity,INE584A01023,2026-01-06,81.2435,79.5679,80.3052,19631972
equity,INE584A01023,2026-01-07,82.7276,80.1903,82.4978,41093776
equity,INE584A01023,2026-01-08,83.034,77.8444,78.1221,50811580
equity,INE584A01023,2026-01-09,79.0317,75.4219,77.0592,59337663
equity,INE584A01023,2026-01-12,78.5625,75.7858,78.2848,21694778
equity,INE584A01023,2026-01-13,78.9647,77.6529,78.6295,14953959
equity,INE584A01023,2026-01-14,80.5637,78.3327,80.286,28795078
equity,INE584A01023,2026-01-15,80.286,80.286,80.286,
equity,INE584A01023,2026-01-16,80.4775,78.8115,79.2232,20585800
equity,INE584A01023,2026-01-19,79.2232,77.2986,77.9306,18976405
equity,INE584A01023,2026-01-20,78.4668,74.9911,75.4889,18241676
equity,INE584A01023,2026-01-21,76.1496,73.7559,75.2975,20666906
equity,INE584A01023,2026-01-22,77.0305,74.5315,74.9049,18249016
equity,INE584A01023,2026-01-23,75.307,72.8175,73.1144,19489454
equity,INE584A01023,2026-01-27,75.9964,73.1718,75.4889,28155161
equity,INE584A01023,2026-01-28,78.3806,75.2783,78.055,32245504
equity,INE584A01023,2026-01-29,81.435,78.2944,81.0041,71597178
equity,INE584A01023,2026-01-30,79.9509,76.4752,77.7582,44472018
equity,INE584A01023,2026-02-02,78.4189,75.0868,77.9784,18052520
equity,INE584A01023,2026-02-03,80.9084,77.3752,78.1795,35389808
equity,INE584A01023,2026-02-04,82.718,78.1795,82.2297,73789115
equity,INE584A01023,2026-02-05,82.4787,79.8647,81.0041,36179651
equity,INE584A01023,2026-02-06,81.7414,79.5966,80.5062,28578193
equity,INE584A01023,2026-02-09,81.9808,80.2381,80.8797,26901417
equity,INE584A01023,2026-02-10,81.9999,79.7211,81.4542,46795269
equity,INE584A01023,2026-02-11,82.4116,80.8222,81.8276,36201965
equity,INE584A01023,2026-02-12,82.4212,80.8222,81.1382,28926197
equity,INE584A01023,2026-02-13,80.8027,78.0995,78.3658,31361483
equity,INE584A01023,2026-02-16,79.5596,77.399,79.382,15298184
equity,INE584A01023,2026-02-17,79.313,77.4976,77.9712,14967133
equity,INE584A01023,2026-02-18,79.2242,77.8035,79.017,12495946
equity,INE584A01023,2026-02-19,79.9641,77.6752,78.1586,17807737
equity,INE584A01023,2026-02-20,79.2735,77.4187,79.0564,31810356
equity,INE584A01023,2026-02-23,79.9148,77.0536,77.8528,17173430
equity,INE584A01023,2026-02-24,79.9641,77.4582,79.7175,28891427
equity,INE584A01023,2026-02-25,81.0395,79.3228,80.7633,26680650
equity,INE584A01023,2026-02-26,82.4405,80.635,81.4539,29910648
equity,INE584A01023,2026-02-27,82.1445,79.6681,80.6449,16829779
equity,INE584A01023,2026-03-02,81.0987,77.7936,80.1713,22982057
equity,INE584A01023,2026-03-04,79.3031,74.9818,75.6823,31337830
equity,INE584A01023,2026-03-05,78.425,76.3236,77.3891,20259988
equity,INE584A01023,2026-03-06,80.8126,76.9056,78.721,32383963
equity,INE584A01023,2026-03-09,78.3066,75.4652,78.0698,27385520
equity,INE584A01023,2026-03-10,79.5695,78.0698,78.6026,17656054
equity,INE584A01023,2026-03-11,80.0036,78.3856,78.6618,13889368
equity,INE584A01023,2026-03-12,80.5068,76.5011,79.7865,20967907
equity,INE584A01023,2026-03-13,80.1614,77.2016,77.5371,21709925
equity,INE584A01023,2026-03-16,77.9021,75.5836,76.5209,17446342
equity,INE584A01023,2026-03-17,78.4349,75.8796,78.1586,22084741
equity,INE584A01023,2026-03-18,78.9085,77.2115,78.425,15877573
equity,INE584A01023,2026-03-19,77.8429,76.4617,76.8958,22414516
equity,INE584A01023,2026-03-20,80.2305,76.9649,78.7111,39390638
equity,INE584A01023,2026-03-23,77.7048,73.5512,74.084,35184834
equity,INE584A01023,2026-03-24,76.4124,73.9162,75.7415,22852797
equity,INE584A01023,2026-03-25,77.6851,76.215,76.807,21760094
equity,INE584A01023,2026-03-27,77.2411,75.5244,76.1657,25794674
equity,INE584A01023,2026-03-30,77.3694,75.0706,75.2482,20168817
equity,INE584A01023,2026-04-01,78.4152,76.6985,77.1227,27161656
equity,INE584A01023,2026-04-02,77.4483,74.597,77.0339,27259464
equity,INE584A01023,2026-04-06,81.1875,76.9747,80.3094,52439160
equity,INE584A01023,2026-04-07,80.8126,79.5399,80.6449,13939494
equity,INE584A01023,2026-04-08,83.1706,81.4934,81.7992,23422589
equity,INE584A01023,2026-04-09,83.8612,81.4046,83.3087,25196614
equity,INE584A01023,2026-04-10,85.1438,82.7858,83.9303,23342535
equity,INE584A01023,2026-04-13,85.2424,82.0064,84.6603,29197819
equity,INE584A01023,2026-04-15,86.7914,85.4694,86.0021,21574292
equity,INE584A01023,2026-04-16,87.4722,84.6998,85.9923,40443893
equity,INE584A01023,2026-04-17,88.9422,86.0909,88.5772,41324296
equity,INE584A01023,2026-04-20,88.9619,86.9493,87.709,30415217
equity,INE584A01023,2026-04-21,88.735,86.2488,87.2847,24339172
equity,INE584A01023,2026-04-22,88.7449,86.8703,87.4031,18410428
equity,INE584A01023,2026-04-23,87.3538,85.4694,86.1403,25119407
equity,INE584A01023,2026-04-24,88.7843,85.5384,88.0937,34794839
equity,INE584A01023,2026-04-27,89.9781,88.6068,89.2086,37668047
equity,INE584A01023,2026-04-28,90.6293,89.3369,89.6822,29317759
equity,INE584A01023,2026-04-29,91.5271,88.7252,90.501,27064617
equity,INE584A01023,2026-04-30,90.8365,88.5476,89.1593,23931554
equity,INE584A01023,2026-05-01,89.1593,89.1593,89.1593,
equity,INE584A01023,2026-05-04,90.4813,87.117,87.8964,19723503
equity,INE584A01023,2026-05-05,88.439,86.7815,87.6399,12339321
equity,INE584A01023,2026-05-06,89.6328,87.3143,87.9852,14607779
equity,INE584A01023,2026-05-07,89.6723,87.9457,88.9323,19540926
equity,INE584A01023,2026-05-08,89.2875,87.482,87.6103,12944581
equity,INE584A01023,2026-05-11,87.117,85.4299,85.6272,13097856
equity,INE584A01023,2026-05-12,87.2847,85.2227,85.4595,14380728
equity,INE584A01023,2026-05-13,90.5701,85.2622,89.8893,42008503
equity,INE584A01023,2026-05-14,92.5236,90.4024,91.9612,39823561
equity,INE584A01023,2026-05-15,92.9873,89.9189,90.1853,23322409
equity,INE584A01023,2026-05-18,89.6526,87.0973,88.9323,14568803
equity,INE584A01023,2026-05-19,89.3368,87.5708,87.8273,14073570
equity,INE584A01023,2026-05-20,88.0444,85.5286,87.2946,18893927
equity,INE584A01023,2026-05-21,88.4489,86.7223,86.9789,11605971
equity,INE584A01023,2026-05-22,87.3044,86.1205,86.673,15440319
equity,INE584A01023,2026-05-25,89.2184,87.3242,88.9817,15033928
equity,INE584A01023,2026-05-26,89.84,88.3798,89.4552,17202008
equity,INE584A01023,2026-05-27,91.537,89.9091,91.0437,24144878
equity,INE584A01023,2026-05-28,91.0437,91.0437,91.0437,
equity,INE584A01023,2026-05-29,91.8034,86.2192,86.8111,50736815
equity,INE584A01023,2026-06-01,92.4446,86.3277,91.1325,73822842
equity,INE584A01023,2026-06-02,95.9372,91.0634,94.0331,102137637
equity,INE584A01023,2026-06-03,96.1839,93.7963,94.7533,48441070
equity,INE584A01023,2026-06-04,96.0457,93.0761,93.4312,30790125
equity,INE584A01023,2026-06-05,93.7371,90.3826,91.6554,40684291
equity,INE584A01023,2026-06-08,90.7773,87.8175,88.3897,25424714
equity,INE584A01023,2026-06-09,89.5539,88.0049,88.8337,32876138
equity,INE584A01023,2026-06-10,89.0409,86.7322,87.265,29633090
equity,INE584A01023,2026-06-11,87.7977,86.2784,87.2847,20240371
equity,INE584A01023,2026-06-12,90.0768,88.4193,89.7118,17620294
equity,INE584A01023,2026-06-15,90.7378,87.0183,87.2847,28942335
equity,INE584A01023,2026-06-16,87.6596,85.9232,86.9098,23070064
equity,INE584A01023,2026-06-17,87.561,86.2882,86.821,15439175
equity,INE584A01023,2026-06-18,87.9753,86.7421,87.3439,14118728
equity,INE584A01023,2026-06-19,88.0543,86.8999,87.2354,20685578
equity,INE584A01023,2026-06-22,87.9063,86.5842,87.0085,17362832
equity,INE584A01023,2026-06-23,86.9887,82.9437,84.1177,49914855
equity,INE584A01023,2026-06-24,85.5976,82.8746,84.5518,36638678
equity,INE584A01023,2026-06-25,85.0945,83.3482,83.802,22750846
equity,INE584A01023,2026-06-26,83.802,83.802,83.802,
equity,INE584A01023,2026-06-29,84.542,83.1804,84.3052,43129313
equity,INE584A01023,2026-06-30,84.9366,82.7957,84.0191,41478341
equity,INE584A01023,2026-07-01,84.4729,82.3912,83.1706,25551074
equity,INE584A01023,2026-07-02,85.3904,83.8809,84.4236,14105748
equity,INE584A01023,2026-07-03,85.7653,84.1572,84.2558,13887336
equity,INE584A01023,2026-07-06,84.5814,83.2199,83.9303,17753459
equity,INE584A01023,2026-07-07,83.7724,82.7562,83.2199,15687966
equity,INE584A01023,2026-07-08,83.8612,82.0755,82.6181,11968786
equity,INE584A01023,2026-07-09,83.654,81.888,83.289,11211470
equity,INE584A01023,2026-07-10,84.8971,83.4764,83.7823,14104343
equity,INE584A01023,2026-07-13,83.1706,82.1938,83.0029,23088111
equity,INE584A01023,2026-07-14,84.7985,82.697,83.8513,24646208
equity,INE584A01023,2026-07-15,84.4729,83.4863,83.7527,11975753
equity,INE584A01023,2026-07-16,84.0487,82.6279,82.9535,14607540
equity,INE584A01023,2026-07-17,83.358,81.6019,82.105,22681426
equity,INE584A01023,2026-07-20,83.7625,82.1544,82.7266,22347504
equity,INE584A01023,2026-07-21,83.3087,81.9176,82.8055,14251390
equity,INE584A01023,2026-07-22,83.6145,82.0162,82.2234,12894573
equity,INE584A01023,2026-07-23,82.7069,81.1382,81.5328,10665371
equity,INE584A01023,2026-07-24,82.5688,80.6745,82.4405,16131661
equity,INE584A01023,2026-07-27,83.2791,82.1938,82.401,11291198
equity,INE584A01023,2026-07-28,83.2002,81.8979,82.7957,16206608
equity,INE584A01023,2026-07-29,85.2918,82.628,84.6998,24493891
equity,INE584A01023,2026-07-30,84.9366,83.5751,83.8711,12760135
equity,INE584A01023,2026-07-31,84.4532,83.5554,83.9007,12787764
equity,INE584A01023,2026-08-03,84.6899,81.9373,82.6773,18494856
equity,INE584A01023,2026-08-04,83.5652,82.1149,83.0719,19524046
equity,INE584A01023,2026-08-05,84.6505,83.289,84.6505,20532109
equity,INE584A01023,2026-08-06,86.0219,84.5124,85.0451,26097300
equity,INE584A01023,2026-08-07,84.8478,83.7625,83.7823,9354641
equity,INE584A01023,2026-08-10,85.8245,83.5751,84.3348,21296974
equity,INE584A01023,2026-08-11,85.2819,83.6737,84.3052,14097831
equity,INE584A01023,2026-08-12,84.9169,83.7527,84.7491,18266091
equity,INE584A01023,2026-08-13,84.7393,83.4567,83.8612,10993967
equity,INE584A01023,2026-08-14,84.2065,82.0261,83.2692,18589633
equity,INE584A01023,2026-08-17,84.3545,79.9641,84.3545,40748162
equity,INE584A01023,2026-08-18,84.2657,81.9867,83.0621,18390025
equity,INE584A01023,2026-08-19,82.9338,81.7499,82.2333,20291366
equity,INE584A01023,2026-08-20,84.0092,82.3813,82.8253,16534911
equity,INE584A01023,2026-08-21,84.2854,82.3714,83.4764,18876961
equity,INE584A01023,2026-08-24,85.3904,83.3778,84.7491,28670014
equity,INE584A01023,2026-08-25,85.1241,84.1473,84.7886,16488458
equity,INE584A01023,2026-08-26,87.7089,84.5913,87.0282,26181347
equity,INE584A01023,2026-08-27,87.9063,84.5716,84.5716,16189617
equity,INE584A01023,2026-08-28,86.4165,84.8478,85.5976,14224538
equity,INE584A01023,2026-08-31,87.0183,83.9599,87.0183,16906053
equity,INE584A01023,2026-09-01,86.2291,83.9599,84.542,11311468
equity,INE584A01023,2026-09-02,84.6012,83.1212,84.6012,16726795
equity,INE584A01023,2026-09-03,85.7062,83.0621,83.0621,13174732
equity,INE584A01023,2026-09-04,84.0388,83.1311,83.5652,13224234
equity,INE584A01023,2026-09-07,84.4828,82.4208,82.7266,15859358
equity,INE584A01023,2026-09-08,83.6442,82.6181,83.5751,12129471
equity,INE584A01023,2026-09-09,84.7393,83.3975,84.6505,14151248
equity,INE584A01023,2026-09-10,84.9662,83.0423,83.4666,9878920
equity,INE584A01023,2026-09-11,82.6674,81.148,81.296,9234255
equity,INE584A01023,2026-09-14,81.296,81.296,81.296,
equity,INE584A01023,2026-09-15,81.7795,79.4215,79.4215,10462679
equity,INE584A01023,2026-09-16,80.0036,78.3856,79.2439,9502607
equity,INE584A01023,2026-09-17,80.2601,79.3228,79.7175,4385275
equity,INE584A01023,2026-09-18,80.6054,78.0896,78.0896,18919633
equity,INE584A01023,2026-09-21,79.7668,78.7309,78.7309,8513163
equity,INE584A01023,2026-09-22,79.234,78.277,79.1255,8885406
equity,INE584A01023,2026-09-23,81.2171,78.9973,80.9014,11699092
equity,INE584A01023,2026-09-24,80.9902,79.7175,79.7372,5166455
equity,INE584A01023,2026-09-25,80.0332,78.5039,78.8295,11080041
equity,INE584A01023,2026-09-28,79.8161,76.3926,76.3926,24084137
equity,INE584A01023,2026-09-29,76.8169,75.0015,75.9684,19014554
equity,INE584A01023,2026-09-30,76.7478,75.5145,75.5145,15817494
equity,INE584A01023,2026-10-01,75.9388,72.7225,73.64,17077400
equity,INE584A01023,2026-10-02,73.64,73.64,73.64,
equity,INE584A01023,2026-10-05,75.51,73.06,73.74,11989948
equity,INE584A01023,2026-10-06,74.49,73.74,74.38,10788903
equity,INE0NLT01010,2024-02-06,181.1399,150.0096,181.1399,99931124
equity,INE0NLT01010,2024-02-07,209.6966,176.7104,180.1253,31488182
equity,INE0NLT01010,2024-02-08,177.6755,159.5862,167.9751,12614108
equity,INE0NLT01010,2024-02-09,175.9185,165.9212,170.4249,3896656
equity,INE0NLT01010,2024-02-12,173.7161,160.9225,166.2924,7863940
equity,INE0NLT01010,2024-02-13,163.793,149.4652,153.078,4009030
equity,INE0NLT01010,2024-02-14,169.6083,148.4753,161.3432,5349116
equity,INE0NLT01010,2024-02-15,165.253,156.7899,158.2994,3636084
equity,INE0NLT01010,2024-02-16,187.7965,157.4086,180.2738,18138242
equity,INE0NLT01010,2024-02-19,197.7691,176.3887,192.9932,9811998
equity,INE0NLT01010,2024-02-20,207.0488,191.3104,197.6949,11361568
equity,INE0NLT01010,2024-02-21,201.4315,187.0789,191.6816,4934616
equity,INE0NLT01010,2024-02-22,196.4823,185.1982,193.4386,2259348
equity,INE0NLT01010,2024-02-23,199.7735,190.5433,192.3498,1867130
equity,INE0NLT01010,2024-02-26,201.382,186.8562,192.3745,4727372
equity,INE0NLT01010,2024-02-27,200.1695,191.0382,191.7311,4549678
equity,INE0NLT01010,2024-02-28,197.7444,176.2402,184.1589,5463644
equity,INE0NLT01010,2024-02-29,188.5389,181.1646,182.8968,885604
equity,INE0NLT01010,2024-03-01,192.325,184.728,188.044,4210728
equity,INE0NLT01010,2024-03-04,192.2013,179.2839,181.0409,1390766
equity,INE0NLT01010,2024-03-05,181.8328,170.029,170.7713,3849932
equity,INE0NLT01010,2024-03-06,172.7015,158.3737,162.3825,12049726
equity,INE0NLT01010,2024-03-07,166.6388,157.4581,159.0418,1998500
equity,INE0NLT01010,2024-03-11,160.6008,151.4696,153.0533,4445762
equity,INE0NLT01010,2024-03-12,155.1567,143.6251,146.174,3715100
equity,INE0NLT01010,2024-03-13,155.1072,131.9946,138.6759,3504356
equity,INE0NLT01010,2024-03-14,166.3913,134.6176,156.9879,7210318
equity,INE0NLT01010,2024-03-15,165.2035,154.7855,161.0957,3459704
equity,INE0NLT01010,2024-03-18,164.7829,154.9092,156.7157,3661384
equity,INE0NLT01010,2024-03-19,159.314,150.1828,153.4987,4318234
equity,INE0NLT01010,2024-03-20,157.7055,150.9746,155.132,4333850
equity,INE0NLT01010,2024-03-21,160.4771,155.6021,157.3343,1088278
equity,INE0NLT01010,2024-03-22,161.6896,153.573,156.0476,5607782
equity,INE0NLT01010,2024-03-26,160.6998,152.9543,154.7855,1612310
equity,INE0NLT01010,2024-03-27,159.314,151.6923,152.4594,5437790
equity,INE0NLT01010,2024-03-28,160.1306,151.7913,153.4245,4911162
equity,INE0NLT01010,2024-04-01,164.3127,155.5774,158.7696,2946040
equity,INE0NLT01010,2024-04-02,161.8381,156.6415,160.6503,1424928
equity,INE0NLT01010,2024-04-03,163.7435,159.1655,161.7886,2280018
equity,INE0NLT01010,2024-04-04,166.7873,159.9079,161.6649,1937032
equity,INE0NLT01010,2024-04-05,164.5106,160.4276,161.9371,1365872
equity,INE0NLT01010,2024-04-08,169.9053,161.6401,164.8571,2642050
equity,INE0NLT01010,2024-04-09,167.1337,159.1408,161.3927,911990
equity,INE0NLT01010,2024-04-10,163.0754,159.6605,161.0215,972178
equity,INE0NLT01010,2024-04-12,161.3679,156.8147,158.2994,887422
equity,INE0NLT01010,2024-04-15,158.5469,150.455,152.6079,1319560
equity,INE0NLT01010,2024-04-16,155.6021,150.8509,152.5831,1334948
equity,INE0NLT01010,2024-04-18,155.2804,148.9702,149.6136,1016968
equity,INE0NLT01010,2024-04-19,148.9702,144.0211,147.7824,553644
equity,INE0NLT01010,2024-04-22,152.4347,148.4506,149.8858,607790
equity,INE0NLT01010,2024-04-23,151.4448,149.2177,149.5394,391388
equity,INE0NLT01010,2024-04-24,151.915,147.4113,147.8072,726918
equity,INE0NLT01010,2024-04-25,151.3706,147.0401,148.2279,579990
equity,INE0NLT01010,2024-04-26,150.455,146.9906,147.9804,448602
equity,INE0NLT01010,2024-04-29,152.7316,147.5102,151.4448,816064
equity,INE0NLT01010,2024-04-30,152.2614,148.9702,149.7373,455654
equity,INE0NLT01010,2024-05-02,154.4143,148.1289,151.2468,1529238
equity,INE0NLT01010,2024-05-03,152.3357,147.5102,148.4258,760616
equity,INE0NLT01010,2024-05-06,150.0096,144.1943,145.3821,725982
equity,INE0NLT01010,2024-05-07,146.2234,138.082,140.2349,1845822
equity,INE0NLT01010,2024-05-08,141.9177,138.6265,139.4183,380544
equity,INE0NLT01010,2024-05-09,140.4329,132.3905,132.9349,1144636
equity,INE0NLT01010,2024-05-10,136.0034,129.9406,134.2712,665224
equity,INE0NLT01010,2024-05-13,136.5726,128.8023,131.5739,986324
equity,INE0NLT01010,2024-05-14,135.3105,128.2332,132.3658,1540480
equity,INE0NLT01010,2024-05-15,143.2539,132.143,138.9729,1505146
equity,INE0NLT01010,2024-05-16,142.759,138.6017,139.2946,762120
equity,INE0NLT01010,2024-05-17,139.9627,137.1912,137.6614,407598
equity,INE0NLT01010,2024-05-21,138.676,132.638,136.0776,389508
equity,INE0NLT01010,2024-05-22,138.082,135.6817,136.0776,282868
equity,INE0NLT01010,2024-05-23,137.5871,135.1126,136.1024,317770
equity,INE0NLT01010,2024-05-24,136.82,132.6874,133.4793,336796
equity,INE0NLT01010,2024-05-27,135.5332,129.7427,130.0891,646352
equity,INE0NLT01010,2024-05-28,131.2769,126.204,126.4762,583312
equity,INE0NLT01010,2024-05-29,128.1095,124.7193,125.2142,660252
equity,INE0NLT01010,2024-05-30,127.0206,121.1559,121.626,692592
equity,INE0NLT01010,2024-05-31,128.1589,120.7352,121.7498,692646
equity,INE0NLT01010,2024-06-03,138.577,124.2738,125.3132,804668
equity,INE0NLT01010,2024-06-04,125.5606,109.5005,115.8355,1365642
equity,INE0NLT01010,2024-06-05,121.2301,110.6389,119.8691,739082
equity,INE0NLT01010,2024-06-06,124.5708,120.6857,124.0759,379180
equity,INE0NLT01010,2024-06-07,127.9362,123.4572,127.0454,438212
equity,INE0NLT01010,2024-06-10,128.6786,125.7388,126.8573,471608
equity,INE0NLT01010,2024-06-11,133.6278,125.7091,130.0149,781154
equity,INE0NLT01010,2024-06-12,132.5241,128.7528,131.2918,581936
equity,INE0NLT01010,2024-06-13,134.1227,130.4405,133.0388,655488
equity,INE0NLT01010,2024-06-14,134.6176,130.3118,130.9255,378330
equity,INE0NLT01010,2024-06-18,144.021,134.6176,140.0716,4225110
equity,INE0NLT01010,2024-06-19,143.9221,136.6468,138.0523,2091656
equity,INE0NLT01010,2024-06-20,139.3441,134.1227,134.6028,593444
equity,INE0NLT01010,2024-06-21,136.9932,131.559,133.3853,769480
equity,INE0NLT01010,2024-06-24,133.3556,130.2128,132.1579,324724
equity,INE0NLT01010,2024-06-25,133.8109,127.0949,128.2184,432796
equity,INE0NLT01010,2024-06-26,131.4105,125.8328,126.694,3039474
equity,INE0NLT01010,2024-06-27,128.639,123.2345,125.2884,709196
equity,INE0NLT01010,2024-06-28,126.6247,123.2345,124.5163,630858
equity,INE0NLT01010,2024-07-01,128.2332,124.4223,125.5359,1068498
equity,INE0NLT01010,2024-07-02,128.2332,123.7789,124.4471,1121376
equity,INE0NLT01010,2024-07-03,125.7091,123.7294,124.7935,692452
equity,INE0NLT01010,2024-07-04,127.1444,123.5315,123.9769,655786
equity,INE0NLT01010,2024-07-05,124.4471,121.1311,121.527,1194170
equity,INE0NLT01010,2024-07-08,123.2098,118.7802,119.3247,536156
equity,INE0NLT01010,2024-07-09,123.4572,116.4541,118.1863,861582
equity,INE0NLT01010,2024-07-10,121.626,117.0975,117.4935,810964
equity,INE0NLT01010,2024-07-11,119.7701,117.2955,117.7904,396072
equity,INE0NLT01010,2024-07-12,121.2548,113.3856,119.5474,1362294
equity,INE0NLT01010,2024-07-15,120.463,115.6128,116.5531,1188982
equity,INE0NLT01010,2024-07-16,118.1121,115.3406,116.1572,1340854
equity,INE0NLT01010,2024-07-18,117.7657,113.8311,115.2663,504350
equity,INE0NLT01010,2024-07-19,115.687,110.3667,110.8368,841058
equity,INE0NLT01010,2024-07-22,112.8412,109.7233,110.4161,363016
equity,INE0NLT01010,2024-07-23,111.8267,106.9022,110.7131,604882
equity,INE0NLT01010,2024-07-24,115.1179,109.6985,113.5589,735226
equity,INE0NLT01010,2024-07-25,113.4351,110.045,110.9605,545690
equity,INE0NLT01010,2024-07-26,117.6914,111.4307,112.9897,1796414
equity,INE0NLT01010,2024-07-29,114.8457,109.6243,111.7029,1205420
equity,INE0NLT01010,2024-07-30,114.326,110.4161,113.5836,516072
equity,INE0NLT01010,2024-07-31,116.1819,112.2473,112.5938,405438
equity,INE0NLT01010,2024-08-01,115.4643,111.3713,111.6139,865370
equity,INE0NLT01010,2024-08-02,111.6485,109.8222,110.1489,643748
equity,INE0NLT01010,2024-08-05,111.3565,103.3289,105.7639,2726730
equity,INE0NLT01010,2024-08-06,116.3057,103.5368,104.1109,2827536
equity,INE0NLT01010,2024-08-07,108.1395,104.8533,105.9916,868588
equity,INE0NLT01010,2024-08-08,108.0405,104.972,105.4076,1242210
equity,INE0NLT01010,2024-08-09,107.3971,102.9924,104.299,1583616
equity,INE0NLT01010,2024-08-12,108.486,102.4529,106.1499,1614410
equity,INE0NLT01010,2024-08-13,108.8819,103.1804,103.9575,820202
equity,INE0NLT01010,2024-08-14,105.8876,101.4581,102.3193,738236
equity,INE0NLT01010,2024-08-16,107.7188,103.9327,107.1695,1119788
equity,INE0NLT01010,2024-08-19,125.7091,108.8819,120.8292,13545668
equity,INE0NLT01010,2024-08-20,123.7987,118.8,119.6365,4246106
equity,INE0NLT01010,2024-08-21,120.3541,115.1426,115.7811,2643246
equity,INE0NLT01010,2024-08-22,121.4033,115.8998,118.4586,1486318
equity,INE0NLT01010,2024-08-23,120.7649,116.7065,117.8399,937158
equity,INE0NLT01010,2024-08-26,124.3728,117.929,120.4432,3552354
equity,INE0NLT01010,2024-08-27,122.3684,119.7701,120.4976,1061270
equity,INE0NLT01010,2024-08-28,126.105,120.9579,122.2249,1883570
equity,INE0NLT01010,2024-08-29,124.0957,118.805,122.7544,2834774
equity,INE0NLT01010,2024-08-30,123.4671,118.8545,120.2155,1872004
equity,INE0NLT01010,2024-09-02,120.7599,116.8501,117.3252,966390
equity,INE0NLT01010,2024-09-03,118.6565,115.2168,116.8055,796174
equity,INE0NLT01010,2024-09-04,120.3838,114.7269,119.1811,1227678
equity,INE0NLT01010,2024-09-05,121.2548,118.6763,119.9433,941364
equity,INE0NLT01010,2024-09-06,120.27,116.3057,116.7956,971090
equity,INE0NLT01010,2024-09-09,116.2859,113.4648,114.133,513006
equity,INE0NLT01010,2024-09-10,120.7599,114.7912,117.9092,968702
equity,INE0NLT01010,2024-09-11,119.2801,114.8951,115.3604,472368
equity,INE0NLT01010,2024-09-12,119.7701,114.6279,118.414,754198
equity,INE0NLT01010,2024-09-13,130.3118,118.8297,127.0503,8568970
equity,INE0NLT01010,2024-09-16,132.633,127.763,129.9802,2415212
equity,INE0NLT01010,2024-09-17,130.485,123.086,123.8284,1413200
equity,INE0NLT01010,2024-09-18,125.9615,120.2699,120.849,1309524
equity,INE0NLT01010,2024-09-19,123.6799,115.4643,116.568,1094858
equity,INE0NLT01010,2024-09-20,118.6813,116.1127,117.9636,861854
equity,INE0NLT01010,2024-09-23,121.1014,117.9785,120.2353,1938824
equity,INE0NLT01010,2024-09-24,121.0519,114.9991,115.6623,1096192
equity,INE0NLT01010,2024-09-25,117.7904,114.0785,114.9644,1080390
equity,INE0NLT01010,2024-09-26,115.4148,113.7469,114.0439,505436
equity,INE0NLT01010,2024-09-27,116.1027,112.4206,112.8462,742114
equity,INE0NLT01010,2024-09-30,113.1629,109.1838,111.1783,1022006
equity,INE0NLT01010,2024-10-01,115.8553,111.302,111.6782,1797566
equity,INE0NLT01010,2024-10-03,111.3565,108.6641,109.5203,1164984
equity,INE0NLT01010,2024-10-04,110.7576,106.8032,107.798,1411916
equity,INE0NLT01010,2024-10-07,109.2432,102.8934,103.5962,1489640
equity,INE0NLT01010,2024-10-08,110.8616,103.131,109.3966,754490
equity,INE0NLT01010,2024-10-09,112.3166,109.8717,111.4357,408464
equity,INE0NLT01010,2024-10-10,112.6928,107.8921,108.3919,1047048
equity,INE0NLT01010,2024-10-11,111.015,107.6446,110.1439,1149270
equity,INE0NLT01010,2024-10-14,112.5146,107.3526,108.09,1224648
equity,INE0NLT01010,2024-10-15,109.5104,106.4568,107.5308,441362
equity,INE0NLT01010,2024-10-16,109.0947,106.4073,106.823,512128
equity,INE0NLT01010,2024-10-17,108.2335,106.0114,106.4518,477834
equity,INE0NLT01010,2024-10-18,108.095,101.7303,106.3776,560744
equity,INE0NLT01010,2024-10-21,106.9022,103.8337,104.4722,488612
equity,INE0NLT01010,2024-10-22,104.4722,100.0229,100.3891,632692
equity,INE0NLT01010,2024-10-23,103.8832,99.0578,102.7895,544782
equity,INE0NLT01010,2024-10-24,104.7691,101.5225,102.0124,293796
equity,INE0NLT01010,2024-10-25,102.5222,97.9046,98.8747,576250
equity,INE0NLT01010,2024-10-28,101.1166,98.5381,100.7158,267886
equity,INE0NLT01010,2024-10-29,104.9226,101.2998,104.002,361288
equity,INE0NLT01010,2024-10-30,106.4073,103.1062,105.6996,236766
equity,INE0NLT01010,2024-10-31,107.7436,104.9374,107.0804,219022
equity,INE0NLT01010,2024-11-01,108.5454,107.0853,108.2435,113304
equity,INE0NLT01010,2024-11-04,108.8324,104.7048,106.051,266986
equity,INE0NLT01010,2024-11-05,108.3375,104.9176,105.5412,360428
equity,INE0NLT01010,2024-11-06,113.6826,105.9124,112.6136,645374
equity,INE0NLT01010,2024-11-07,114.2963,108.9314,109.2778,497186
equity,INE0NLT01010,2024-11-08,111.5594,107.3971,109.0601,365616
equity,INE0NLT01010,2024-11-11,123.2345,106.531,109.065,3451404
equity,INE0NLT01010,2024-11-12,110.8418,107.2635,107.9663,545770
equity,INE0NLT01010,2024-11-13,107.8921,103.4922,104.1554,489220
equity,INE0NLT01010,2024-11-14,106.6894,102.9429,103.4081,420728
equity,INE0NLT01010,2024-11-18,104.7691,101.5175,102.9924,294010
equity,INE0NLT01010,2024-11-19,106.3826,102.4579,103.4329,350734
equity,INE0NLT01010,2024-11-21,104.9473,101.859,102.5766,273934
equity,INE0NLT01010,2024-11-22,104.4276,101.4581,102.5816,262686
equity,INE0NLT01010,2024-11-25,105.66,100.7405,101.9432,479934
equity,INE0NLT01010,2024-11-26,104.9819,102.1065,102.4876,387288
equity,INE0NLT01010,2024-11-27,105.1304,102.9924,104.1653,448936
equity,INE0NLT01010,2024-11-28,107.7881,103.7199,104.9374,620888
equity,INE0NLT01010,2024-11-29,112.569,104.5662,109.5995,1372362
equity,INE0NLT01010,2024-12-02,109.2828,107.4021,108.3721,465692
equity,INE0NLT01010,2024-12-03,112.3463,108.387,110.4656,551676
equity,INE0NLT01010,2024-12-04,112.8165,109.649,110.3023,536218
equity,INE0NLT01010,2024-12-05,111.5643,107.5011,108.283,724078
equity,INE0NLT01010,2024-12-06,109.2234,107.0062,107.3675,386636
equity,INE0NLT01010,2024-12-09,109.4956,107.0259,108.0752,505256
equity,INE0NLT01010,2024-12-10,110.7972,106.729,107.4169,610488
equity,INE0NLT01010,2024-12-11,108.0158,105.9272,106.5459,411468
equity,INE0NLT01010,2024-12-12,107.996,104.9473,106.6053,609416
equity,INE0NLT01010,2024-12-13,107.8376,105.4175,106.4518,540730
equity,INE0NLT01010,2024-12-16,109.2432,106.1598,106.3826,448994
equity,INE0NLT01010,2024-12-17,106.8775,105.4175,106.0658,372308
equity,INE0NLT01010,2024-12-18,106.4617,104.5811,104.8236,252722
equity,INE0NLT01010,2024-12-19,105.947,102.4826,103.809,387388
equity,INE0NLT01010,2024-12-20,105.4125,101.4581,101.7105,412300
equity,INE0NLT01010,2024-12-23,103.22,100.9632,101.3344,305080
equity,INE0NLT01010,2024-12-24,102.5717,100.4188,101.4532,284606
equity,INE0NLT01010,2024-12-26,103.908,100.988,101.8442,250246
equity,INE0NLT01010,2024-12-27,102.448,98.8895,99.7804,590878
equity,INE0NLT01010,2024-12-30,101.4086,97.9492,99.3201,514352
equity,INE0NLT01010,2024-12-31,101.7947,98.4886,101.2849,410198
equity,INE0NLT01010,2025-01-01,103.5368,100.4881,102.2896,307102
equity,INE0NLT01010,2025-01-02,104.6256,102.1015,103.0171,1367484
equity,INE0NLT01010,2025-01-03,104.8186,101.7798,103.0171,374056
equity,INE0NLT01010,2025-01-06,104.101,96.9593,98.7509,762100
equity,INE0NLT01010,2025-01-07,102.6954,98.4094,101.6808,529304
equity,INE0NLT01010,2025-01-08,102.0916,100.0872,100.5821,208878
equity,INE0NLT01010,2025-01-09,108.09,99.033,102.0273,3938996
equity,INE0NLT01010,2025-01-10,102.7895,98.9835,99.6368,439108
equity,INE0NLT01010,2025-01-13,100.5623,92.0547,94.163,574472
equity,INE0NLT01010,2025-01-14,96.4743,94.0393,95.5934,261358
equity,INE0NLT01010,2025-01-15,97.0237,94.851,95.5835,183432
equity,INE0NLT01010,2025-01-16,97.9888,95.7666,96.1279,263070
equity,INE0NLT01010,2025-01-17,102.443,95.5439,99.3993,1611050
equity,INE0NLT01010,2025-01-20,100.3198,98.0679,98.5134,301522
equity,INE0NLT01010,2025-01-21,99.9239,97.2563,97.8601,293416
equity,INE0NLT01010,2025-01-22,98.35,94.6332,95.5637,321744
equity,INE0NLT01010,2025-01-23,96.509,94.3858,96.0487,262564
equity,INE0NLT01010,2025-01-24,96.509,91.5845,92.1784,429914
equity,INE0NLT01010,2025-01-27,93.6978,86.7096,87.2095,555618
equity,INE0NLT01010,2025-01-28,89.0357,82.483,83.0472,685014
equity,INE0NLT01010,2025-01-29,87.6004,83.6312,86.8036,307250
equity,INE0NLT01010,2025-01-30,91.3618,87.0016,90.0552,362768
equity,INE0NLT01010,2025-01-31,91.5598,89.5801,90.3522,236516
equity,INE0NLT01010,2025-02-01,92.9901,89.6296,91.3816,313332
equity,INE0NLT01010,2025-02-03,91.0599,86.7838,87.2392,287460
equity,INE0NLT01010,2025-02-04,89.4613,87.3035,87.7638,220632
equity,INE0NLT01010,2025-02-05,91.0649,88.1102,90.2334,244568
equity,INE0NLT01010,2025-02-06,91.2777,88.5903,89.0307,120812
equity,INE0NLT01010,2025-02-07,89.4762,87.7044,88.6546,165074
equity,INE0NLT01010,2025-02-10,91.0649,86.1701,89.9711,275462
equity,INE0NLT01010,2025-02-11,95.0242,88.6398,90.2086,1882238
equity,INE0NLT01010,2025-02-12,89.8276,81.3001,85.1654,1431848
equity,INE0NLT01010,2025-02-13,89.7286,85.8435,86.8234,475668
equity,INE0NLT01010,2025-02-14,88.0954,82.8839,83.6757,439086
equity,INE0NLT01010,2025-02-17,84.428,80.533,82.6216,503434
equity,INE0NLT01010,2025-02-18,83.0521,80.919,81.1863,292632
equity,INE0NLT01010,2025-02-19,84.3835,80.7557,83.5322,288218
equity,INE0NLT01010,2025-02-20,85.4723,83.1115,84.6854,251936
equity,INE0NLT01010,2025-02-21,88.5903,84.3835,85.0813,470132
equity,INE0NLT01010,2025-02-24,84.626,81.8891,83.5372,147110
equity,INE0NLT01010,2025-02-25,84.8734,82.5523,82.8839,187134
equity,INE0NLT01010,2025-02-27,83.5421,81.1665,81.9633,170824
equity,INE0NLT01010,2025-02-28,82.1019,75.0048,75.8907,654824
equity,INE0NLT01010,2025-03-03,77.0884,71.8868,74.5643,574422
equity,INE0NLT01010,2025-03-04,76.4549,71.768,72.8222,1172080
equity,INE0NLT01010,2025-03-05,76.8607,73.2528,75.9748,1035186
equity,INE0NLT01010,2025-03-06,78.098,75.5541,76.2866,353068
equity,INE0NLT01010,2025-03-07,79.0235,76.346,77.9149,351856
equity,INE0NLT01010,2025-03-10,80.1767,75.4848,76.0243,530964
equity,INE0NLT01010,2025-03-11,75.2374,73.3518,73.916,342392
equity,INE0NLT01010,2025-03-12,74.881,72.7529,73.3171,376174
equity,INE0NLT01010,2025-03-13,77.4497,72.5154,74.7623,673060
equity,INE0NLT01010,2025-03-17,76.638,73.4012,74.01,449766
equity,INE0NLT01010,2025-03-18,74.01,74.01,74.01,
equity,INE0NLT01010,2025-03-19,78.098,75.4007,77.5487,902264
equity,INE0NLT01010,2025-03-20,79.6323,76.2173,76.5885,647490
equity,INE0NLT01010,2025-03-21,81.5624,76.7122,81.117,1057176
equity,INE0NLT01010,2025-03-24,83.6411,81.1714,82.6315,783572
equity,INE0NLT01010,2025-03-25,83.8143,78.6424,79.2165,843646
equity,INE0NLT01010,2025-03-26,80.6716,76.2173,76.732,542866
equity,INE0NLT01010,2025-03-27,77.123,74.2872,74.4851,874362
equity,INE0NLT01010,2025-03-28,77.0488,73.2973,73.7724,600124
equity,INE0NLT01010,2025-04-01,76.4648,73.3468,74.1931,807576
equity,INE0NLT01010,2025-04-02,76.44,73.0251,75.9501,371138
equity,INE0NLT01010,2025-04-03,77.4101,74.9305,77.0191,251286
equity,INE0NLT01010,2025-04-04,77.0191,70.8475,71.872,2089610
equity,INE0NLT01010,2025-04-07,69.7636,64.9876,68.7886,739728
equity,INE0NLT01010,2025-04-08,72.1392,69.2786,70.021,436688
equity,INE0NLT01010,2025-04-09,71.4711,68.3481,68.8431,194242
equity,INE0NLT01010,2025-04-11,71.7631,69.7834,71.0999,201648
equity,INE0NLT01010,2025-04-15,74.0149,71.3869,72.1293,1098616
equity,INE0NLT01010,2025-04-16,73.9605,71.8868,72.4807,932502
equity,INE0NLT01010,2025-04-17,74.2129,71.4661,73.7576,930136
equity,INE0NLT01010,2025-04-21,76.3163,73.7922,76.1282,399120
equity,INE0NLT01010,2025-04-22,78.2366,75.3908,77.7912,537092
equity,INE0NLT01010,2025-04-23,79.949,75.9699,76.341,902312
equity,INE0NLT01010,2025-04-24,79.464,76.5192,78.3207,654186
equity,INE0NLT01010,2025-04-25,78.9641,73.8912,75.0196,569698
equity,INE0NLT01010,2025-04-28,75.5838,73.4458,74.5247,288778
equity,INE0NLT01010,2025-04-29,76.054,73.9902,74.1684,224758
equity,INE0NLT01010,2025-04-30,74.1981,72.258,72.5945,197484
equity,INE0NLT01010,2025-05-02,73.7427,72.0105,72.3273,164638
equity,INE0NLT01010,2025-05-05,73.7427,71.7829,73.3716,192720
equity,INE0NLT01010,2025-05-06,73.8368,70.2783,70.7237,299176
equity,INE0NLT01010,2025-05-07,71.0108,68.8876,70.4812,251170
equity,INE0NLT01010,2025-05-08,71.9808,69.7834,69.8626,216032
equity,INE0NLT01010,2025-05-09,69.2885,66.9228,68.2244,338030
equity,INE0NLT01010,2025-05-12,74.7276,70.9712,74.2327,564468
equity,INE0NLT01010,2025-05-13,77.2072,73.4408,75.9303,467334
equity,INE0NLT01010,2025-05-14,78.5236,76.5192,77.8703,670498
equity,INE0NLT01010,2025-05-15,91.5598,81.6614,89.2782,9458718
equity,INE0NLT01010,2025-05-16,90.5452,87.6747,88.7932,1170262
equity,INE0NLT01010,2025-05-19,105.4175,87.3678,102.4975,7068850
equity,INE0NLT01010,2025-05-20,112.8412,97.1029,106.5855,8230800
equity,INE0NLT01010,2025-05-21,111.3565,105.6501,107.3625,1962052
equity,INE0NLT01010,2025-05-22,106.828,103.3933,104.3138,735006
equity,INE0NLT01010,2025-05-23,107.0952,102.057,104.9423,885798
equity,INE0NLT01010,2025-05-26,108.387,104.0812,106.0609,704730
equity,INE0NLT01010,2025-05-27,105.6699,102.9379,103.1507,535576
equity,INE0NLT01010,2025-05-28,104.7444,101.953,102.3094,473140
equity,INE0NLT01010,2025-05-29,106.145,101.859,104.5118,607462
equity,INE0NLT01010,2025-05-30,110.8616,103.9327,105.2789,1554896
equity,INE0NLT01010,2025-06-02,107.5951,103.9822,105.7639,381434
equity,INE0NLT01010,2025-06-03,106.4073,100.2208,100.592,666760
equity,INE0NLT01010,2025-06-04,106.2588,100.4683,103.5368,798876
equity,INE0NLT01010,2025-06-05,103.804,102.2747,103.22,392964
equity,INE0NLT01010,2025-06-06,106.828,102.8884,104.492,767602
equity,INE0NLT01010,2025-06-09,106.4073,103.4625,104.1505,566032
equity,INE0NLT01010,2025-06-10,109.1294,105.0067,107.1794,1161538
equity,INE0NLT01010,2025-06-11,115.0684,109.0799,111.4208,3916310
equity,INE0NLT01010,2025-06-12,112.0741,106.9022,107.6793,672692
equity,INE0NLT01010,2025-06-13,106.4073,100.2703,102.8687,1205768
equity,INE0NLT01010,2025-06-16,104.8186,99.4785,102.7845,637626
equity,INE0NLT01010,2025-06-17,104.9226,99.9833,100.9335,230470
equity,INE0NLT01010,2025-06-18,101.953,96.5139,96.9346,187106
equity,INE0NLT01010,2025-06-19,98.4886,92.7723,93.2474,267966
equity,INE0NLT01010,2025-06-20,95.0242,90.075,93.8364,162926
equity,INE0NLT01010,2025-06-23,93.3712,90.8669,92.5645,245164
equity,INE0NLT01010,2025-06-24,97.1919,93.5394,97.1127,191334
equity,INE0NLT01010,2025-06-25,101.9531,98.9836,100.6366,230320
equity,INE0NLT01010,2025-06-26,103.4378,99.0578,100.0328,137816
equity,INE0NLT01010,2025-06-27,102.1263,99.4785,99.7309,85734
equity,INE0NLT01010,2025-06-30,100.9632,97.9937,99.6715,120842
equity,INE0NLT01010,2025-07-01,100.3446,97.4988,97.6621,76278
equity,INE0NLT01010,2025-07-02,99.9635,96.7564,97.6126,69018
equity,INE0NLT01010,2025-07-03,98.3402,96.014,96.217,81566
equity,INE0NLT01010,2025-07-04,97.969,94.5293,96.2417,75106
equity,INE0NLT01010,2025-07-07,96.509,92.7971,94.752,108598
equity,INE0NLT01010,2025-07-08,95.4647,93.6879,94.2818,74480
equity,INE0NLT01010,2025-07-09,95.5191,94.0344,94.5887,102452
equity,INE0NLT01010,2025-07-10,95.4449,92.8218,93.5098,75196
equity,INE0NLT01010,2025-07-11,93.7374,91.4608,92.2428,101670
equity,INE0NLT01010,2025-07-14,96.509,92.3516,92.9802,83944
equity,INE0NLT01010,2025-07-15,93.9601,92.0547,92.8119,104148
equity,INE0NLT01010,2025-07-16,94.0344,92.0052,92.708,56302
equity,INE0NLT01010,2025-07-17,93.5345,91.5598,92.2675,75630
equity,INE0NLT01010,2025-07-18,92.6981,89.6049,91.8815,86910
equity,INE0NLT01010,2025-07-21,91.8567,89.9216,90.4908,70158
equity,INE0NLT01010,2025-07-22,92.5447,89.6791,91.2628,83120
equity,INE0NLT01010,2025-07-23,95.0242,90.1245,94.8708,130332
equity,INE0NLT01010,2025-07-24,94.8708,92.0547,93.5345,104956
equity,INE0NLT01010,2025-07-25,94.4798,91.0649,91.5301,121580
equity,INE0NLT01010,2025-07-28,93.0099,88.4913,89.981,58110
equity,INE0NLT01010,2025-07-29,93.0445,87.6004,90.3918,117180
equity,INE0NLT01010,2025-07-30,92.5447,89.4316,91.4113,71692
equity,INE0NLT01010,2025-07-31,92.0052,89.1248,91.2975,58232
equity,INE0NLT01010,2025-08-01,91.5103,89.8276,90.6739,88672
equity,INE0NLT01010,2025-08-04,95.2073,90.075,95.2073,210776
equity,INE0NLT01010,2025-08-05,99.5774,95.0242,98.6124,452664
equity,INE0NLT01010,2025-08-06,101.2107,94.0344,96.9098,356908
equity,INE0NLT01010,2025-08-07,95.4399,92.0596,93.391,171166
equity,INE0NLT01010,2025-08-08,93.1188,89.6296,90.1097,98548
equity,INE0NLT01010,2025-08-11,90.0651,87.1055,88.2042,114080
equity,INE0NLT01010,2025-08-12,92.614,87.353,89.8078,96932
equity,INE0NLT01010,2025-08-13,92.5249,86.3631,89.8919,74284
equity,INE0NLT01010,2025-08-14,90.5452,88.0459,88.9862,67960
equity,INE0NLT01010,2025-08-18,91.3123,87.6994,88.7585,95272
equity,INE0NLT01010,2025-08-19,90.3076,87.3629,88.8526,79656
equity,INE0NLT01010,2025-08-20,90.075,88.0954,88.8575,40098
equity,INE0NLT01010,2025-08-21,89.8771,88.0459,89.0258,70718
equity,INE0NLT01010,2025-08-22,89.8028,87.6252,88.8328,68294
equity,INE0NLT01010,2025-08-25,89.5653,86.7591,87.2045,69488
equity,INE0NLT01010,2025-08-26,91.0649,86.3879,89.6197,210902
equity,INE0NLT01010,2025-08-28,90.0651,87.6747,88.3824,46130
equity,INE0NLT01010,2025-08-29,89.5554,87.1055,87.3035,67522
equity,INE0NLT01010,2025-09-01,90.3225,87.155,87.64,83542
equity,INE0NLT01010,2025-09-02,89.1594,87.1055,87.6697,75806
equity,INE0NLT01010,2025-09-03,89.0357,86.8581,87.541,82428
equity,INE0NLT01010,2025-09-04,88.9219,87.1055,87.4124,42102
equity,INE0NLT01010,2025-09-05,89.0852,87.1055,87.9865,104122
equity,INE0NLT01010,2025-09-08,89.5842,85.6572,87.8471,61506
equity,INE0NLT01010,2025-09-09,92.237,89.5891,92.237,137948
equity,INE0NLT01010,2025-09-10,94.5663,90.5846,91.4008,303472
equity,INE0NLT01010,2025-09-11,95.8106,90.7189,92.5953,426530
equity,INE0NLT01010,2025-09-12,97.2241,91.4556,94.7604,239620
equity,INE0NLT01010,2025-09-15,95.7608,93.5609,93.8247,88568
equity,INE0NLT01010,2025-09-16,93.8048,91.9085,92.4908,196292
equity,INE0NLT01010,2025-09-17,96.5074,92.1275,94.5514,515636
equity,INE0NLT01010,2025-09-18,99.2747,94.1831,98.5331,518400
equity,INE0NLT01010,2025-09-19,102.5298,97.7019,98.2793,286098
equity,INE0NLT01010,2025-09-22,99.7426,96.3133,97.1893,190776
equity,INE0NLT01010,2025-09-23,101.2357,94.4568,99.7475,335254
equity,INE0NLT01010,2025-09-24,100.4891,95.5617,96.2685,626016
equity,INE0NLT01010,2025-09-25,96.8309,92.0777,92.5804,239374
equity,INE0NLT01010,2025-09-26,95.7608,90.5846,92.4908,204914
equity,INE0NLT01010,2025-09-29,97.1146,90.8334,91.6049,701030
equity,INE0NLT01010,2025-09-30,93.2921,90.9827,91.1818,95916
equity,INE0NLT01010,2025-10-01,92.0777,90.6791,91.5651,99162
equity,INE0NLT01010,2025-10-03,94.5613,91.5302,92.9636,387408
equity,INE0NLT01010,2025-10-06,92.8094,91.6845,92.4211,282444
equity,INE0NLT01010,2025-10-07,93.4415,90.5846,90.9678,328658
equity,INE0NLT01010,2025-10-08,93.322,91.3311,92.0727,182216
equity,INE0NLT01010,2025-10-09,93.0731,90.5846,91.0972,129162
equity,INE0NLT01010,2025-10-10,92.5754,91.0225,91.4506,101976
equity,INE0NLT01010,2025-10-13,88.096,81.3021,83.2084,1482160
equity,INE0NLT01010,2025-10-14,86.354,83.2084,85.6273,451438
equity,INE0NLT01010,2025-10-15,87.1005,80.5655,81.118,410802
equity,INE0NLT01010,2025-10-16,92.0777,81.2424,88.9272,3210452
equity,INE0NLT01010,2025-10-17,90.7836,86.0603,87.4738,680670
equity,INE0NLT01010,2025-10-20,90.8334,85.2391,87.8919,334902
equity,INE0NLT01010,2025-10-21,88.6285,85.7069,87.3992,93652
equity,INE0NLT01010,2025-10-23,88.0611,86.5381,87.0508,126808
equity,INE0NLT01010,2025-10-24,87.5933,85.6074,85.7716,116390
equity,INE0NLT01010,2025-10-27,86.0504,84.6169,84.7961,83312
equity,INE0NLT01010,2025-10-28,86.3788,84.1142,84.5174,160296
equity,INE0NLT01010,2025-10-29,85.6024,84.1541,84.9305,89422
equity,INE0NLT01010,2025-10-30,91.6248,84.8608,89.2109,962044
equity,INE0NLT01010,2025-10-31,88.6435,85.7169,86.9164,218632
equity,INE0NLT01010,2025-11-03,100.9869,86.8517,99.4688,26342100
equity,INE0NLT01010,2025-11-04,103.3211,95.8952,100.6982,6964598
equity,INE0NLT01010,2025-11-06,100.8176,97.1793,98.11,1287578
equity,INE0NLT01010,2025-11-07,103.9234,96.9305,101.8578,4629230
equity,INE0NLT01010,2025-11-10,103.784,97.0549,98.6675,2851530
equity,INE0NLT01010,2025-11-11,100.8773,96.2088,98.8317,1205730
equity,INE0NLT01010,2025-11-12,104.5157,98.0503,103.4107,3017610
equity,INE0NLT01010,2025-11-13,106.193,102.1615,103.0574,2432176
equity,INE0NLT01010,2025-11-14,106.5115,101.0416,104.9188,2036478
equity,INE0NLT01010,2025-11-17,110.7421,104.1722,109.682,4836408
equity,INE0NLT01010,2025-11-18,109.4829,107.059,108.9254,722550
equity,INE0NLT01010,2025-11-19,109.7467,106.0685,108.3431,1148836
equity,INE0NLT01010,2025-11-20,110.1847,107.7707,109.4331,694884
equity,INE0NLT01010,2025-11-21,110.7421,105.5659,106.5464,912186
equity,INE0NLT01010,2025-11-24,110.7172,105.0532,109.8412,2858294
equity,INE0NLT01010,2025-11-25,110.991,107.6115,108.2884,419932
equity,INE0NLT01010,2025-11-26,111.4887,107.1635,110.4684,1511792
equity,INE0NLT01010,2025-11-27,113.4796,108.811,111.3842,2826428
equity,INE0NLT01010,2025-11-28,113.156,110.0453,110.5729,1274838
equity,INE0NLT01010,2025-12-01,115.6695,109.9955,111.9217,2445690
equity,INE0NLT01010,2025-12-02,111.5733,108.0544,108.5472,611404
equity,INE0NLT01010,2025-12-03,109.2987,105.8894,106.84,401498
equity,INE0NLT01010,2025-12-04,107.3775,102.0818,103.2067,468116
equity,INE0NLT01010,2025-12-05,106.0088,101.6886,104.003,631792
equity,INE0NLT01010,2025-12-08,107.3527,102.6642,104.5007,1090056
equity,INE0NLT01010,2025-12-09,105.3668,102.1366,103.4953,433394
equity,INE0NLT01010,2025-12-10,107.5069,102.2809,106.5513,2076954
equity,INE0NLT01010,2025-12-11,111.8769,106.5563,109.9906,2537016
equity,INE0NLT01010,2025-12-12,110.5281,107.507,108.1391,499412
equity,INE0NLT01010,2025-12-15,109.4978,106.616,107.9748,240700
equity,INE0NLT01010,2025-12-16,107.4373,105.5161,106.0686,309826
equity,INE0NLT01010,2025-12-17,106.2577,102.1864,103.1569,662154
equity,INE0NLT01010,2025-12-18,107.0092,100.733,102.4452,504610
equity,INE0NLT01010,2025-12-19,106.5115,102.5796,102.9678,371018
equity,INE0NLT01010,2025-12-22,103.794,101.8578,102.6393,283458
equity,INE0NLT01010,2025-12-23,104.3464,102.0321,102.4949,206018
equity,INE0NLT01010,2025-12-24,109.3883,101.39,106.8201,1329604
equity,INE0NLT01010,2025-12-26,107.4174,102.9528,103.6646,413104
equity,INE0NLT01010,2025-12-29,104.7396,101.1859,102.475,590624
equity,INE0NLT01010,2025-12-30,102.5547,100.1158,100.8176,331344
equity,INE0NLT01010,2025-12-31,102.9777,99.9416,101.0715,414426
equity,INE0NLT01010,2026-01-01,101.6189,100.3398,100.7181,127482
equity,INE0NLT01010,2026-01-02,101.9823,98.1548,99.22,911838
equity,INE0NLT01010,2026-01-05,99.4887,95.9101,96.5422,397492
equity,INE0NLT01010,2026-01-06,97.8711,93.8197,96.7811,548782
equity,INE0NLT01010,2026-01-07,96.5572,93.9193,94.621,917586
equity,INE0NLT01010,2026-01-08,94.621,91.5501,92.3863,253268
equity,INE0NLT01010,2026-01-09,92.3266,88.6683,89.2308,275188
equity,INE0NLT01010,2026-01-12,90.0868,86.563,87.1453,444520
equity,INE0NLT01010,2026-01-13,88.8425,86.6028,87.1901,230084
equity,INE0NLT01010,2026-01-14,94.4668,86.7223,90.7637,387856
equity,INE0NLT01010,2026-01-15,90.7637,90.7637,90.7637,
equity,INE0NLT01010,2026-01-16,93.4116,89.6638,90.8633,283074
equity,INE0NLT01010,2026-01-19,89.4398,86.6078,87.0806,541166
equity,INE0NLT01010,2026-01-20,87.2797,82.1731,83.1636,487262
equity,INE0NLT01010,2026-01-21,84.4079,80.5804,82.1632,376394
equity,INE0NLT01010,2026-01-22,87.0956,82.9695,86.0852,304882
equity,INE0NLT01010,2026-01-23,86.0553,81.1777,82.1731,366736
equity,INE0NLT01010,2026-01-27,83.1088,80.7795,81.8397,165580
equity,INE0NLT01010,2026-01-28,82.6012,81.1777,81.9641,219514
equity,INE0NLT01010,2026-01-29,82.1234,79.2913,79.8388,264110
equity,INE0NLT01010,2026-01-30,83.6962,79.1022,80.5257,341010
equity,INE0NLT01010,2026-02-02,81.0284,76.3847,78.5746,272668
equity,INE0NLT01010,2026-02-03,84.6119,80.2719,81.8845,321246
equity,INE0NLT01010,2026-02-04,87.0906,80.7447,86.0056,655524
equity,INE0NLT01010,2026-02-05,89.8678,85.1346,86.8218,590852
equity,INE0NLT01010,2026-02-06,84.1142,81.1329,82.6161,368320
equity,INE0NLT01010,2026-02-09,84.5821,82.2627,83.3577,216042
equity,INE0NLT01010,2026-02-10,86.3988,83.1188,84.0446,162910
equity,INE0NLT01010,2026-02-11,84.4527,82.1731,82.6709,116636
equity,INE0NLT01010,2026-02-12,83.1188,81.5211,82.8202,148364
equity,INE0NLT01010,2026-02-13,82.5506,80.6386,81.7369,275124
equity,INE0NLT01010,2026-02-16,85.2114,80.8682,83.3443,419506
equity,INE0NLT01010,2026-02-17,87.3131,83.4192,83.8286,568252
equity,INE0NLT01010,2026-02-18,84.7172,82.8651,83.2994,147346
equity,INE0NLT01010,2026-02-19,84.0682,79.076,80.6685,298180
equity,INE0NLT01010,2026-02-20,81.5921,79.0012,79.73,161950
equity,INE0NLT01010,2026-02-23,82.8801,79.6152,81.7768,432002
equity,INE0NLT01010,2026-02-24,81.1777,77.9328,78.8764,218474
equity,INE0NLT01010,2026-02-25,80.8083,77.6283,78.2773,408074
equity,INE0NLT01010,2026-02-26,79.3506,77.3288,77.7881,201754
equity,INE0NLT01010,2026-02-27,78.1774,72.5812,73.355,806204
equity,INE0NLT01010,2026-03-02,72.3366,67.8287,70.1201,823464
equity,INE0NLT01010,2026-03-04,75.5715,65.8967,66.8602,3690088
equity,INE0NLT01010,2026-03-05,69.8904,66.5357,67.5291,3374664
equity,INE0NLT01010,2026-03-06,67.6589,65.1978,65.6321,511286
equity,INE0NLT01010,2026-03-09,65.1229,62.0527,64.1894,2406122
equity,INE0NLT01010,2026-03-10,68.3429,63.151,67.619,790736
equity,INE0NLT01010,2026-03-11,73.4598,68.887,70.7092,2733676
equity,INE0NLT01010,2026-03-12,73.8342,68.6124,71.1634,2103578
equity,INE0NLT01010,2026-03-13,71.6227,69.8156,69.9953,1255664
equity,INE0NLT01010,2026-03-16,72.8857,69.0168,71.0536,2626696
equity,INE0NLT01010,2026-03-17,71.7375,70.6393,71.0237,3736238
equity,INE0NLT01010,2026-03-18,72.9856,70.9138,71.5728,1284440
equity,INE0NLT01010,2026-03-19,71.3382,69.8555,70.4595,2502368
equity,INE0NLT01010,2026-03-20,74.2736,69.2964,72.062,2924962
equity,INE0NLT01010,2026-03-23,76.4202,70.14,75.0673,2834752
equity,INE0NLT01010,2026-03-24,83.3693,73.9441,80.7684,2276420
equity,INE0NLT01010,2026-03-25,83.0947,79.7749,81.0879,3151274
equity,INE0NLT01010,2026-03-27,82.1213,76.4551,78.9662,2567810
equity,INE0NLT01010,2026-03-30,80.7734,75.5066,79.8997,868094
equity,INE0NLT01010,2026-04-01,83.2195,80.5238,81.3425,802954
equity,INE0NLT01010,2026-04-02,81.2227,78.2274,80.1344,189116
equity,INE0NLT01010,2026-04-06,81.7668,77.6383,79.4754,341378
equity,INE0NLT01010,2026-04-07,80.369,77.5335,78.432,519112
equity,INE0NLT01010,2026-04-08,83.7537,80.374,82.4607,689640
equity,INE0NLT01010,2026-04-09,83.3643,80.4489,81.1777,201654
equity,INE0NLT01010,2026-04-10,82.7752,80.2242,80.8782,280436
equity,INE0NLT01010,2026-04-13,81.9515,78.6267,80.8383,1179986
equity,INE0NLT01010,2026-04-15,83.2944,80.8732,82.935,522380
equity,INE0NLT01010,2026-04-16,88.5711,83.9634,87.9272,2150608
equity,INE0NLT01010,2026-04-17,89.6045,86.8638,87.5777,478982
equity,INE0NLT01010,2026-04-20,88.8557,85.466,86.3297,300580
equity,INE0NLT01010,2026-04-21,88.9555,85.5709,88.0719,244902
equity,INE0NLT01010,2026-04-22,90.603,87.1134,89.32,376528
equity,INE0NLT01010,2026-04-23,90.3084,88.5811,89.0154,176054
equity,INE0NLT01010,2026-04-24,90.3583,87.9871,88.4014,209772
equity,INE0NLT01010,2026-04-27,98.221,88.3715,95.9646,1535610
equity,INE0NLT01010,2026-04-28,96.8482,92.48,93.0242,321344
equity,INE0NLT01010,2026-04-29,94.3521,91.3568,91.9608,221462
equity,INE0NLT01010,2026-04-30,100.3327,91.4966,98.6304,2184538
equity,INE0NLT01010,2026-05-01,98.6304,98.6304,98.6304,
equity,INE0NLT01010,2026-05-04,102.8388,97.4472,100.3776,903512
equity,INE0NLT01010,2026-05-05,101.5408,97.4572,99.0697,408456
equity,INE0NLT01010,2026-05-06,101.2413,97.602,99.3792,261354
equity,INE0NLT01010,2026-05-07,101.1914,99.3143,100.2478,235124
equity,INE0NLT01010,2026-05-08,104.3364,98.845,99.9283,441344
equity,INE0NLT01010,2026-05-11,101.3112,97.8965,99.6787,266324
equity,INE0NLT01010,2026-05-12,99.6937,94.1025,94.9661,850264
equity,INE0NLT01010,2026-05-13,96.5586,93.6931,94.5667,224366
equity,INE0NLT01010,2026-05-14,97.0828,92.4301,96.5137,340196
equity,INE0NLT01010,2026-05-15,97.6968,94.8014,95.8947,197782
equity,INE0NLT01010,2026-05-18,99.0647,93.1939,95.9396,470072
equity,INE0NLT01010,2026-05-19,101.0915,94.4619,100.4026,1145354
equity,INE0NLT01010,2026-05-20,103.1583,97.6619,102.5942,754794
equity,INE0NLT01010,2026-05-21,104.6609,101.451,103.8722,574782
equity,INE0NLT01010,2026-05-22,106.9324,102.9137,103.8622,529318
equity,INE0NLT01010,2026-05-25,107.0921,103.6675,105.859,707184
equity,INE0NLT01010,2026-05-26,110.4269,103.8372,109.2687,1697270
equity,INE0NLT01010,2026-05-27,111.4253,108.4051,109.8877,762632
equity,INE0NLT01010,2026-05-28,109.8877,109.8877,109.8877,
equity,INE0NLT01010,2026-05-29,111.4752,108.6746,110.8063,1016046
equity,INE0NLT01010,2026-06-01,112.274,109.1189,111.3604,639050
equity,INE0NLT01010,2026-06-02,112.8231,109.8278,111.9295,571130
equity,INE0NLT01010,2026-06-03,114.2709,110.0774,112.3339,587394
equity,INE0NLT01010,2026-06-04,113.3223,110.9411,112.4088,881294
equity,INE0NLT01010,2026-06-05,115.5588,111.4353,114.6602,770908
equity,INE0NLT01010,2026-06-08,118.2646,111.9595,113.5869,1106576
equity,INE0NLT01010,2026-06-09,116.8169,112.4288,115.434,391366
equity,INE0NLT01010,2026-06-10,116.1679,112.3239,112.7732,414454
equity,INE0NLT01010,2026-06-11,114.3208,110.8113,112.4188,290266
equity,INE0NLT01010,2026-06-12,115.464,112.3339,114.0212,370828
equity,INE0NLT01010,2026-06-15,118.3145,113.8216,116.9417,699088
equity,INE0NLT01010,2026-06-16,118.2147,112.8731,113.8365,376432
equity,INE0NLT01010,2026-06-17,118.5641,113.3373,114.3258,391862
equity,INE0NLT01010,2026-06-18,115.0746,112.3239,112.3788,171362
equity,INE0NLT01010,2026-06-19,114.5055,109.8778,113.3373,243592
equity,INE0NLT01010,2026-06-22,116.717,113.3223,114.0063,268678
equity,INE0NLT01010,2026-06-23,115.0496,112.3239,112.3688,158822
equity,INE0NLT01010,2026-06-24,113.5121,112.3239,112.4038,207520
equity,INE0NLT01010,2026-06-25,113.6868,112.3239,112.4537,690556
equity,INE0NLT01010,2026-06-26,112.4537,112.4537,112.4537,
equity,INE0NLT01010,2026-06-29,117.3111,111.605,116.2578,1472540
equity,INE0NLT01010,2026-06-30,118.3145,114.9248,116.4425,386924
equity,INE0NLT01010,2026-07-01,129.6468,115.5788,127.5101,7246320
equity,INE0NLT01010,2026-07-02,128.7981,124.4799,126.1323,1970530
equity,INE0NLT01010,2026-07-03,136.7856,125.8028,132.3475,18722124
equity,INE0NLT01010,2026-07-06,142.7262,132.8917,134.1547,7310834
equity,INE0NLT01010,2026-07-07,137.0102,131.2942,133.3559,2355454
equity,INE0NLT01010,2026-07-08,134.9135,128.5035,130.4954,1366662
equity,INE0NLT01010,2026-07-09,133.6904,128.9279,130.4705,607222
equity,INE0NLT01010,2026-07-10,132.4374,129.9014,131.419,643592
equity,INE0NLT01010,2026-07-13,134.6888,129.3123,132.5772,722510
equity,INE0NLT01010,2026-07-14,139.2767,131.3191,135.4327,3255366
equity,INE0NLT01010,2026-07-15,138.433,133.4758,136.9703,2163712
equity,INE0NLT01010,2026-07-16,136.8754,131.2992,134.1647,1447502
equity,INE0NLT01010,2026-07-17,139.077,133.291,136.9703,2170022
equity,INE0NLT01010,2026-07-20,138.2832,135.4227,136.2164,704080
equity,INE0NLT01010,2026-07-21,137.1849,131.6037,134.0149,1083614
equity,INE0NLT01010,2026-07-22,136.1366,128.873,129.8414,419968
equity,INE0NLT01010,2026-07-23,135.233,126.8262,131.5288,2804576
equity,INE0NLT01010,2026-07-24,143.6248,129.8015,140.9391,9912852
equity,INE0NLT01010,2026-07-27,146.2707,140.984,143.9344,3615962
equity,INE0NLT01010,2026-07-28,143.4202,139.9007,141.0938,740644
equity,INE0NLT01010,2026-07-29,150.9234,139.9855,149.1711,2423026
equity,INE0NLT01010,2026-07-30,150.1446,146.6751,147.1293,1172032
equity,INE0NLT01010,2026-07-31,152.1365,146.4454,150.0947,1280806
equity,INE0NLT01010,2026-08-03,153.5842,148.8167,149.6654,1649676
equity,INE0NLT01010,2026-08-04,152.1864,144.773,150.4891,795218
equity,INE0NLT01010,2026-08-05,159.7496,151.6373,159.3252,2261154
equity,INE0NLT01010,2026-08-06,162.1957,155.8557,158.5764,1274976
equity,INE0NLT01010,2026-08-07,157.0039,150.6638,155.032,1686442
equity,INE0NLT01010,2026-08-10,159.0007,153.4095,157.0039,801136
equity,INE0NLT01010,2026-08-11,159.2503,155.5561,158.5764,551310
equity,INE0NLT01010,2026-08-12,160.748,154.0834,158.0772,1487982
equity,INE0NLT01010,2026-08-13,159.2504,156.2551,157.4032,517464
equity,INE0NLT01010,2026-08-14,158.6014,154.5327,156.8791,1685698
equity,INE0NLT01010,2026-08-17,157.9524,153.8338,155.1568,513650
equity,INE0NLT01010,2026-08-18,156.4048,154.7574,155.0569,238046
equity,INE0NLT01010,2026-08-19,158.6263,154.0335,156.8042,378008
equity,INE0NLT01010,2026-08-20,163.7932,156.1552,160.2987,3001686
equity,INE0NLT01010,2026-08-21,161.7215,157.5031,160.1989,779898
equity,INE0NLT01010,2026-08-24,163.6435,157.0039,157.2535,1034452
equity,INE0NLT01010,2026-08-25,158.7511,155.1318,155.8058,482516
equity,INE0NLT01010,2026-08-26,160.4984,155.0569,159.5998,507304
equity,INE0NLT01010,2026-08-27,160.6482,150.9633,156.7792,764756
equity,INE0NLT01010,2026-08-28,164.1926,156.255,162.8697,1282510
equity,INE0NLT01010,2026-08-31,165.3907,159.9492,163.6934,1201336
equity,INE0NLT01010,2026-09-01,165.241,161.0226,163.5936,462762
equity,INE0NLT01010,2026-09-02,164.9414,160.9976,161.1723,303976
equity,INE0NLT01010,2026-09-03,162.5452,159.5748,161.5717,296454
equity,INE0NLT01010,2026-09-04,163.2191,158.4266,159.7745,286604
equity,INE0NLT01010,2026-09-07,165.1162,158.4017,159.475,768270
equity,INE0NLT01010,2026-09-08,162.35,157.55,161.025,868654
equity,INE0NLT01010,2026-09-09,164.25,159.075,160.3,357416
equity,INE0NLT01010,2026-09-10,160.95,155.65,158.3,744906
equity,INE0NLT01010,2026-09-11,158.025,153.525,156.4,712500
equity,INE0NLT01010,2026-09-14,156.4,156.4,156.4,
equity,INE0NLT01010,2026-09-15,157.975,153.625,155.05,605046
equity,INE0NLT01010,2026-09-16,157.5,150,156.775,840330
equity,INE0NLT01010,2026-09-17,159.725,155.4,157.25,233772
equity,INE0NLT01010,2026-09-18,161,156.775,158.25,448044
equity,INE0NLT01010,2026-09-21,161.925,157.65,158.625,426814
equity,INE0NLT01010,2026-09-22,169.9,158.7,164.05,2515654
equity,INE0NLT01010,2026-09-23,165.575,159.6,161.225,860314
equity,INE0NLT01010,2026-09-24,164,160.175,163.35,693148
equity,INE0NLT01010,2026-09-25,166.5,161,162.275,485412
equity,INE0NLT01010,2026-09-28,163.85,159.925,160.325,327272
equity,INE0NLT01010,2026-09-29,162,157.825,160.55,507608
equity,INE0NLT01010,2026-09-30,166,160.55,164.3,890570
equity,INE0NLT01010,2026-10-01,167.4,159.15,161.025,1045952
equity,INE0NLT01010,2026-10-02,161.025,161.025,161.025,
equity,INE0NLT01010,2026-10-05,163.9,158,159.575,877650
equity,INE0NLT01010,2026-10-06,164,160.05,160.9,285374
commodity,CL=F,2026-09-30,91.96,88.58,90.42,285604
commodity,CL=F,2026-10-01,93.68,88.79,92.87,337181
commodity,CL=F,2026-10-02,93.51,88.06,91.11,355302
commodity,CL=F,2026-10-05,91.88,88.74,89.43,355302
commodity,CL=F,2026-10-06,90.05,87.1,87.86,59581
commodity,BZ=F,2026-09-30,103.96,102.16,103.53,53689
commodity,BZ=F,2026-10-01,103.03,96.56,102.31,54607
commodity,BZ=F,2026-10-02,103.05,98.43,102.25,52755
commodity,BZ=F,2026-10-05,103.55,99.76,100.32,52755
commodity,BZ=F,2026-10-06,100.98,97.92,98.61,12718
commodity,NG=F,2026-09-30,3.058,2.966,3.026,147009
commodity,NG=F,2026-10-01,3.021,2.947,2.967,153083
commodity,NG=F,2026-10-02,3.051,2.912,3.035,187919
commodity,NG=F,2026-10-05,3.083,2.997,3.066,187919
commodity,NG=F,2026-10-06,3.092,3.063,3.074,15173
commodity,RB=F,2026-09-30,3.4496,3.2296,3.4378,66764
commodity,RB=F,2026-10-01,3.4173,3.2359,3.4026,61860
commodity,RB=F,2026-10-02,3.4376,3.2173,3.3124,57467
commodity,RB=F,2026-10-05,3.3363,3.2252,3.2462,57467
commodity,RB=F,2026-10-06,3.075,3.0216,3.0468,6157
commodity,HO=F,2026-09-30,5.4275,4.863,4.9569,52505
commodity,HO=F,2026-10-01,4.7831,4.5536,4.642,52243
commodity,HO=F,2026-10-02,4.678,4.3846,4.5011,61416
commodity,HO=F,2026-10-05,4.6578,4.4905,4.5452,61416
commodity,HO=F,2026-10-06,4.5429,4.3513,4.4175,3855
commodity,HG=F,2026-09-30,6.5895,6.5495,6.559,1377
commodity,HG=F,2026-10-01,6.533,6.46,6.482,1453
commodity,HG=F,2026-10-02,6.535,6.4915,6.492,1129
commodity,HG=F,2026-10-05,6.5905,6.54,6.5855,1129
commodity,HG=F,2026-10-06,6.684,6.626,6.646,6929
commodity,ALI=F,2026-09-30,3285,3285,3285,
commodity,ALI=F,2026-10-01,3198,3198,3198,
commodity,ALI=F,2026-10-02,3208.5,3191.75,3191.75,1
commodity,ALI=F,2026-10-05,3238.5,3238.5,3238.5,1
commodity,ALI=F,2026-10-06,3265.5,3238,3265.5,27
commodity,ZNC=F,2026-09-30,3943.5,3943.5,3943.5,
commodity,ZNC=F,2026-10-01,3943.5,3943.5,3943.5,
commodity,ZNC=F,2026-10-02,3943.5,3943.5,3943.5,
commodity,ZNC=F,2026-10-05,3943.5,3943.5,3943.5,
commodity,TIO=F,2026-09-30,96.59,96.59,96.59,
commodity,TIO=F,2026-10-01,92.1,92.1,92.1,
commodity,TIO=F,2026-10-02,91.35,91.35,91.35,
commodity,TIO=F,2026-10-05,91.45,91.45,91.45,
commodity,HRC=F,2026-09-30,1282,1274,1275,110
commodity,HRC=F,2026-10-01,1275,1275,1275,
commodity,HRC=F,2026-10-02,1275,1275,1275,
commodity,HRC=F,2026-10-05,1278,1276,1276,
commodity,HRC=F,2026-10-06,1310,1301,1302,6
commodity,GC=F,2026-09-30,4251.1001,4178.2002,4186.7002,156277
commodity,GC=F,2026-10-01,4222.7998,4169.3999,4202.2998,130846
commodity,GC=F,2026-10-02,4259,4153.7998,4162.2998,169001
commodity,GC=F,2026-10-05,4198.8999,4150.3999,4156.7998,169001
commodity,GC=F,2026-10-06,4185.8999,4130.7002,4181.1001,49680
commodity,SI=F,2026-09-30,60.82,60,60.098,349
commodity,SI=F,2026-10-01,61.05,60.725,60.725,229
commodity,SI=F,2026-10-02,61.555,59.977,59.977,164
commodity,SI=F,2026-10-05,61.615,60.869,60.869,164
commodity,SI=F,2026-10-06,61.56,60.57,61.325,7404
commodity,PL=F,2026-09-30,1706,1698,1702.3,16
commodity,PL=F,2026-10-01,1705.5,1690.5,1705.5,9
commodity,PL=F,2026-10-02,1744.5,1683.2,1683.2,2
commodity,PL=F,2026-10-05,1737,1706.9,1706.9,2
commodity,PL=F,2026-10-06,1737,1708.3,1712.6,4203
commodity,PA=F,2026-09-30,1201.4,1201.4,1201.4,
commodity,PA=F,2026-10-01,1168.8,1168.8,1168.8,
commodity,PA=F,2026-10-02,1161.1,1161.1,1161.1,
commodity,PA=F,2026-10-05,1167.2,1167.2,1167.2,
commodity,PA=F,2026-10-06,1185.5,1160.5,1165.5,1636
commodity,ZS=F,2026-09-30,1311.5,1289.75,1293,178661
commodity,ZS=F,2026-10-01,1295,1273.75,1284,157732
commodity,ZS=F,2026-10-02,1285.75,1273.25,1278.25,125114
commodity,ZS=F,2026-10-05,1297.25,1273.75,1280.75,125114
commodity,ZS=F,2026-10-06,1286.5,1278.25,1286.25,15823
commodity,ZL=F,2026-09-30,68.25,67.85,67.85,630
commodity,ZL=F,2026-10-01,67.6,66.28,66.97,269
commodity,ZL=F,2026-10-02,68.27,67.04,68.21,877
commodity,ZL=F,2026-10-05,69.3,68.74,68.95,877
commodity,ZL=F,2026-10-06,69.46,68.8,69.01,7573
commodity,ZM=F,2026-09-30,365,356,357.1,2237
commodity,ZM=F,2026-10-01,357.2,348,352.1,802
commodity,ZM=F,2026-10-02,352.7,343.6,344.7,1002
commodity,ZM=F,2026-10-05,346.6,341.5,345.9,1002
commodity,ZM=F,2026-10-06,351.9,346.5,351.7,8308
commodity,ZW=F,2026-09-30,700.25,673.25,675.75,113213
commodity,ZW=F,2026-10-01,684,670.75,682.75,128137
commodity,ZW=F,2026-10-02,689,677.75,683,55389
commodity,ZW=F,2026-10-05,698.5,679.75,692.25,55389
commodity,ZW=F,2026-10-06,699.5,689,699,10485
commodity,ZC=F,2026-09-30,526.25,498.75,500.75,498214
commodity,ZC=F,2026-10-01,505,495,502.25,353583
commodity,ZC=F,2026-10-02,502.25,495,497.75,223974
commodity,ZC=F,2026-10-05,503.25,495,497.25,223974
commodity,ZC=F,2026-10-06,501,496,500.5,19860
commodity,KC=F,2026-09-30,298.8,289.05,290.7,14153
commodity,KC=F,2026-10-01,290.9,283.3,288.25,13368
commodity,KC=F,2026-10-02,298.55,288.1,288.75,13126
commodity,KC=F,2026-10-05,299.6,291.3,292.55,13126
commodity,KC=F,2026-10-06,295.9,292.6,293.15,996
commodity,SB=F,2026-09-30,18.01,17.42,17.63,69890
commodity,SB=F,2026-10-01,19.05,18.55,18.94,69890
commodity,SB=F,2026-10-02,19.96,18.93,19.93,131581
commodity,SB=F,2026-10-05,20.81,19.85,20.73,131581
commodity,SB=F,2026-10-06,20.9,20.58,20.67,14704
commodity,CC=F,2026-09-30,5505,5292,5367,17954
commodity,CC=F,2026-10-01,5463,5051,5381,29119
commodity,CC=F,2026-10-02,5781,5395,5670,36026
commodity,CC=F,2026-10-05,5908,5567,5867,36026
commodity,CC=F,2026-10-06,5889,5773,5828,1502
commodity,CT=F,2026-09-30,74.79,74.79,74.79,
commodity,CT=F,2026-10-01,74.03,74.03,74.03,
commodity,CT=F,2026-10-02,75.15,75.15,75.15,
commodity,CT=F,2026-10-05,77.13,77.13,77.13,
commodity,CT=F,2026-10-06,78.93,77.23,81.23,3642
commodity,ZR=F,2026-09-30,16.42,16.09,16.165,744
commodity,ZR=F,2026-10-01,16.7,16.1,16.515,1081
commodity,ZR=F,2026-10-02,16.565,16.28,16.36,368
commodity,ZR=F,2026-10-05,16.445,16.17,16.235,368
commodity,DC=F,2026-09-30,14.95,14.79,14.94,1027
commodity,DC=F,2026-10-01,15.16,14.87,15.13,1299
commodity,DC=F,2026-10-02,15.14,14.93,14.94,712
commodity,DC=F,2026-10-05,15.08,14.92,15.05,712
commodity,CPO=F,2026-09-30,1191,1191,1191,180
commodity,CPO=F,2026-10-01,1126.5,1126.5,1126.5,942
commodity,CPO=F,2026-10-02,1121.25,1121.25,1121.25,50
commodity,CPO=F,2026-10-05,1131.25,1131.25,1131.25,50
crypto,BTC-USD,2026-09-30,85599.8047,82927.875,83553.8516,36290317874
crypto,BTC-USD,2026-10-01,85224.2734,83132.7578,84853.1016,32802609098
crypto,BTC-USD,2026-10-02,87146.3516,83852.6953,84497.2109,46528418756
crypto,BTC-USD,2026-10-03,85019.3281,84429.6484,84763.5781,12574826191
crypto,BTC-USD,2026-10-04,86766.1484,84707.3203,86480.3047,15031650242
crypto,BTC-USD,2026-10-05,86971.7813,84971.8672,85786.5938,30242651384
crypto,BTC-USD,2026-10-06,86132.4531,85133.7109,85999,25862191104
crypto,ETH-USD,2026-09-30,2737.2649,2657.0854,2683.6794,13840381650
crypto,ETH-USD,2026-10-01,2720.188,2672.7065,2705.5371,13744654267
crypto,ETH-USD,2026-10-02,2773.5249,2651.0835,2668.1511,19705786593
crypto,ETH-USD,2026-10-03,2689.594,2665.4348,2687.2554,4924223851
crypto,ETH-USD,2026-10-04,2738.2566,2686.1321,2726.509,5943841130
crypto,ETH-USD,2026-10-05,2736.7852,2679.355,2711.0315,12303844539
crypto,ETH-USD,2026-10-06,2719.3066,2690.1667,2712.6799,10772194304
crypto,USDT-USD,2026-09-30,1.0005,0.99919,0.99943,80528089974
crypto,USDT-USD,2026-10-01,1.0004,0.99914,0.99965,76871828496
crypto,USDT-USD,2026-10-02,1.0001,0.99935,0.99977,98032263191
crypto,USDT-USD,2026-10-03,0.99998,0.99958,0.9998,36827672057
crypto,USDT-USD,2026-10-04,1.0001,0.99969,0.99979,38186771396
crypto,USDT-USD,2026-10-05,1,0.99941,0.99985,71514114557
crypto,USDT-USD,2026-10-06,0.99993,0.99961,0.99973,62917840896
crypto,BNB-USD,2026-09-30,777.6531,756.2889,768.1816,1782356372
crypto,BNB-USD,2026-10-01,773.4167,763.6174,771.1844,1345547884
crypto,BNB-USD,2026-10-02,783.0173,760.921,768.1485,1652918734
crypto,BNB-USD,2026-10-03,791.5443,764.8854,787.2661,1295635371
crypto,BNB-USD,2026-10-04,796.4973,782.9661,795.2641,1195825218
crypto,BNB-USD,2026-10-05,808.4329,785.5852,786.8105,1629945521
crypto,BNB-USD,2026-10-06,787.5719,778.2714,783.57,1285196160
crypto,XRP-USD,2026-09-30,1.5386,1.4854,1.4884,3595597516
crypto,XRP-USD,2026-10-01,1.5088,1.4778,1.494,2782232030
crypto,XRP-USD,2026-10-02,1.5472,1.4537,1.485,4515806294
crypto,XRP-USD,2026-10-03,1.4952,1.4799,1.4865,1126586476
crypto,XRP-USD,2026-10-04,1.5248,1.4859,1.5202,1356305643
crypto,XRP-USD,2026-10-05,1.5285,1.4886,1.5074,2273942994
crypto,XRP-USD,2026-10-06,1.5126,1.4923,1.5058,1862550528
crypto,SOL-USD,2026-09-30,122.5248,117.2276,117.9948,4311290678
crypto,SOL-USD,2026-10-01,119.5126,116.8349,118.3978,3161758614
crypto,SOL-USD,2026-10-02,123.479,117.4148,118.6151,4750024096
crypto,SOL-USD,2026-10-03,120.0236,118.5589,119.6451,1335691606
crypto,SOL-USD,2026-10-04,122.1609,119.6111,121.5286,1868148522
crypto,SOL-USD,2026-10-05,121.9441,119.0625,120.7507,2453496426
crypto,SOL-USD,2026-10-06,121.1566,119.2704,119.92,2225016832
crypto,TRX-USD,2026-09-30,0.34059,0.33406,0.33738,515577043
crypto,TRX-USD,2026-10-01,0.33837,0.33232,0.33483,591045695
crypto,TRX-USD,2026-10-02,0.33682,0.33402,0.33465,444386132
crypto,TRX-USD,2026-10-03,0.33738,0.33419,0.33546,298699712
crypto,TRX-USD,2026-10-04,0.33645,0.33502,0.33564,253586830
crypto,TRX-USD,2026-10-05,0.3369,0.33488,0.33609,399265163
crypto,TRX-USD,2026-10-06,0.33695,0.33552,0.3361,369371488
crypto,HYPE32196-USD,2026-09-30,91.5792,84.9851,90.8723,1141419957
crypto,HYPE32196-USD,2026-10-01,90.9666,86.5472,87.685,938213898
crypto,HYPE32196-USD,2026-10-02,91.3844,86.1898,89.1929,946663942
crypto,HYPE32196-USD,2026-10-03,89.9714,87.8023,89.3759,530638813
crypto,HYPE32196-USD,2026-10-04,91.0981,89.3114,90.5148,468728612
crypto,HYPE32196-USD,2026-10-05,95.2153,90.0448,94.1559,1184328792
crypto,HYPE32196-USD,2026-10-06,94.8616,92.6537,93.51,1108089344
crypto,DOGE-USD,2026-09-30,0.097656,0.092952,0.094472,1210341334
crypto,DOGE-USD,2026-10-01,0.095919,0.093545,0.094328,829536842
crypto,DOGE-USD,2026-10-02,0.097612,0.09053,0.092966,1414172412
crypto,DOGE-USD,2026-10-03,0.093454,0.092498,0.092826,466226473
crypto,DOGE-USD,2026-10-04,0.097357,0.092591,0.095875,762577907
crypto,DOGE-USD,2026-10-05,0.097027,0.093963,0.09543,825441038
crypto,DOGE-USD,2026-10-06,0.095444,0.09419,0.09519,633467136
crypto,XMR-USD,2026-09-30,548.1572,536.6301,544.4544,103326213
crypto,XMR-USD,2026-10-01,552.8596,537.1394,544.096,107199136
crypto,XMR-USD,2026-10-02,550.7014,532.5006,539.8141,116761445
crypto,XMR-USD,2026-10-03,562.2304,538.8051,554.8616,74351797
crypto,XMR-USD,2026-10-04,554.9803,543.8428,546.637,82255450
crypto,XMR-USD,2026-10-05,562.3148,535.4248,561.3218,142804001
crypto,XMR-USD,2026-10-06,563.9757,555.1871,555.838,129062232
crypto,LINK-USD,2026-09-30,14.7826,14.0794,14.3581,610489308
crypto,LINK-USD,2026-10-01,14.5254,14.1465,14.3829,407302451
crypto,LINK-USD,2026-10-02,14.6332,13.4831,13.798,635793636
crypto,LINK-USD,2026-10-03,14.1767,13.7934,14.1156,240437630
crypto,LINK-USD,2026-10-04,14.3063,13.9892,14.275,217467035
crypto,LINK-USD,2026-10-05,14.276,13.7597,13.8612,280388696
crypto,LINK-USD,2026-10-06,14.0511,13.74,14.032,280887360
crypto,LEO-USD,2026-09-30,9.0616,9.0028,9.0275,410010
crypto,LEO-USD,2026-10-01,9.0565,8.8005,8.8722,560350
crypto,LEO-USD,2026-10-02,8.9957,8.8711,8.9724,236010
crypto,LEO-USD,2026-10-03,9.0267,8.9598,8.9919,201782
crypto,LEO-USD,2026-10-04,9.0173,8.9159,8.9742,127385
crypto,LEO-USD,2026-10-05,9.0282,8.8767,8.922,258736
crypto,LEO-USD,2026-10-06,8.95,8.8918,8.8921,210902
crypto,ADA-USD,2026-09-30,0.25536,0.24191,0.24659,518074033
crypto,ADA-USD,2026-10-01,0.25381,0.24367,0.24627,521524579
crypto,ADA-USD,2026-10-02,0.25817,0.23751,0.24438,795011186
crypto,ADA-USD,2026-10-03,0.24823,0.243,0.24421,263791624
crypto,ADA-USD,2026-10-04,0.26617,0.24271,0.25925,655288588
crypto,ADA-USD,2026-10-05,0.27586,0.25818,0.27054,1177676628
crypto,ADA-USD,2026-10-06,0.28094,0.26593,0.27629,933733312
crypto,XLM-USD,2026-09-30,0.23125,0.21971,0.22634,356183950
crypto,XLM-USD,2026-10-01,0.23066,0.21761,0.21909,247080977
crypto,XLM-USD,2026-10-02,0.22657,0.2108,0.2155,250713630
crypto,XLM-USD,2026-10-03,0.21651,0.21321,0.21598,112465114
crypto,XLM-USD,2026-10-04,0.2238,0.2146,0.22375,121944169
crypto,XLM-USD,2026-10-05,0.22645,0.21107,0.2156,266860477
crypto,XLM-USD,2026-10-06,0.21646,0.21385,0.21564,218858304
crypto,DAI-USD,2026-09-30,1.0002,0.99853,0.99961,21212977
crypto,DAI-USD,2026-10-01,1.0001,0.99837,0.9999,21454661
crypto,DAI-USD,2026-10-02,0.99999,0.99795,0.99945,21049505
crypto,DAI-USD,2026-10-03,0.99992,0.99905,0.99961,19315776
crypto,DAI-USD,2026-10-04,1.0001,0.99667,0.99836,18254660
crypto,DAI-USD,2026-10-05,1.0001,0.99833,0.99965,20083995
crypto,DAI-USD,2026-10-06,0.99983,0.99924,0.99972,23888870
crypto,LTC-USD,2026-09-30,68.1705,65.8516,67.1703,394094967
crypto,LTC-USD,2026-10-01,68.6407,66.6858,68.0631,315591154
crypto,LTC-USD,2026-10-02,71.1674,67.7157,69.8303,498202775
crypto,LTC-USD,2026-10-03,71.2582,68.5912,70.2695,328355329
crypto,LTC-USD,2026-10-04,72.164,69.879,70.7098,288597921
crypto,LTC-USD,2026-10-05,71.5926,69.6354,70.066,289609961
crypto,LTC-USD,2026-10-06,70.4598,69.1611,70.215,268832960
crypto,HBAR-USD,2026-09-30,0.10988,0.10121,0.1047,299283066
crypto,HBAR-USD,2026-10-01,0.10677,0.10185,0.10268,186398851
crypto,HBAR-USD,2026-10-02,0.10679,0.098059,0.10245,171480710
crypto,HBAR-USD,2026-10-03,0.10282,0.10022,0.10194,70601889
crypto,HBAR-USD,2026-10-04,0.10419,0.10078,0.10406,69500381
crypto,HBAR-USD,2026-10-05,0.10477,0.10041,0.10175,102008040
crypto,HBAR-USD,2026-10-06,0.10199,0.10005,0.1009,84945760
crypto,AVAX-USD,2026-09-30,11.4579,10.8185,10.9333,668033504
crypto,AVAX-USD,2026-10-01,11.1588,10.753,10.9994,547825578
crypto,AVAX-USD,2026-10-02,11.2461,10.4761,10.8044,627281154
crypto,AVAX-USD,2026-10-03,11.1989,10.7786,11.1237,336289248
crypto,AVAX-USD,2026-10-04,11.1357,10.967,11.1082,231485374
crypto,AVAX-USD,2026-10-05,11.1436,10.8345,11.1413,377431126
crypto,AVAX-USD,2026-10-06,11.3953,11.1354,11.344,472459584
crypto,SUI20947-USD,2026-09-30,1.2087,1.1415,1.1629,1124743388
crypto,SUI20947-USD,2026-10-01,1.1949,1.1311,1.1756,827339608
crypto,SUI20947-USD,2026-10-02,1.2152,1.1095,1.1474,956049710
crypto,SUI20947-USD,2026-10-03,1.1926,1.1461,1.183,630879252
crypto,SUI20947-USD,2026-10-04,1.2605,1.1726,1.2095,766583457
crypto,SUI20947-USD,2026-10-05,1.2491,1.1776,1.213,940628279
crypto,SUI20947-USD,2026-10-06,1.2163,1.1835,1.1974,742568576
crypto,SHIB-USD,2026-09-30,0.000006,0.000006,0.000006,79663146
crypto,SHIB-USD,2026-10-01,0.000006,0.000006,0.000006,67249168
crypto,SHIB-USD,2026-10-02,0.000006,0.000006,0.000006,113100732
crypto,SHIB-USD,2026-10-03,0.000006,0.000006,0.000006,41176866
crypto,SHIB-USD,2026-10-04,0.000006,0.000006,0.000006,67422680
crypto,SHIB-USD,2026-10-05,0.000006,0.000006,0.000006,86838247
crypto,SHIB-USD,2026-10-06,0.0000058912,0.0000058065,0.00000589,68219488
crypto,NEAR-USD,2026-09-30,5.4844,4.846,5.3367,1666935505
crypto,NEAR-USD,2026-10-01,5.5104,4.7544,4.8061,1588440682
crypto,NEAR-USD,2026-10-02,5.0521,4.6068,4.6941,1165476920
crypto,NEAR-USD,2026-10-03,4.8579,4.6147,4.806,562294538
crypto,NEAR-USD,2026-10-04,5.0293,4.7605,4.9129,657611918
crypto,NEAR-USD,2026-10-05,5.307,4.815,5.249,1046729628
crypto,NEAR-USD,2026-10-06,5.34,5.1472,5.264,978877760
crypto,USDE29470-USD,2026-09-30,0.99999,0.99939,0.99963,33563991
crypto,USDE29470-USD,2026-10-01,1.0004,0.99941,0.99975,22635753
crypto,USDE29470-USD,2026-10-02,0.99989,0.99946,0.99976,24988563
crypto,USDE29470-USD,2026-10-03,0.99985,0.99964,0.99978,6105966
crypto,USDE29470-USD,2026-10-04,0.9999,0.99967,0.99981,23840015
crypto,USDE29470-USD,2026-10-05,0.99994,0.99952,0.99977,30019241
crypto,USDE29470-USD,2026-10-06,0.99986,0.99931,0.99973,22961990
crypto,POL28321-USD,2026-09-30,0.12049,0.11106,0.1138,183656796
crypto,POL28321-USD,2026-10-01,0.11426,0.10622,0.10777,146417765
crypto,POL28321-USD,2026-10-02,0.11282,0.10422,0.1072,149895090
crypto,POL28321-USD,2026-10-03,0.11033,0.10699,0.11025,81083432
crypto,POL28321-USD,2026-10-04,0.11045,0.10811,0.11005,79187571
crypto,POL28321-USD,2026-10-05,0.11154,0.10554,0.10909,128354968
crypto,POL28321-USD,2026-10-06,0.11031,0.10814,0.11047,118038024
crypto,UNI7083-USD,2026-09-30,9.1583,8.7321,8.8675,734554708
crypto,UNI7083-USD,2026-10-01,9.2197,8.7688,8.9776,713910335
crypto,UNI7083-USD,2026-10-02,9.2911,8.6178,8.9546,666209513
crypto,UNI7083-USD,2026-10-03,9.3036,8.9508,9.0508,559825211
crypto,UNI7083-USD,2026-10-04,9.1031,8.9886,9.0854,280025347
crypto,UNI7083-USD,2026-10-05,9.221,8.8572,9.0772,547515002
crypto,UNI7083-USD,2026-10-06,9.0916,8.7685,8.91,552294272
currency,DX-Y.NYB,2026-09-30,101.53,101.03,101.45,
currency,DX-Y.NYB,2026-10-01,102.21,101.46,102.1,
currency,DX-Y.NYB,2026-10-02,102.13,101.67,101.93,
currency,DX-Y.NYB,2026-10-05,102.54,101.86,102.17,
currency,DX-Y.NYB,2026-10-06,102.285,101.974,102.002,
currency,EURUSD=X,2026-09-30,1.1378,1.1329,1.1341,
currency,EURUSD=X,2026-10-01,1.1339,1.1219,1.1327,
currency,EURUSD=X,2026-10-02,1.1285,1.1223,1.125,
currency,EURUSD=X,2026-10-05,1.1257,1.1162,1.1255,
currency,EURUSD=X,2026-10-06,1.1251,1.1207,1.1249,
currency,JPY=X,2026-09-30,157.417,156.395,157.404,
currency,JPY=X,2026-10-01,158.441,157.33,157.558,
currency,JPY=X,2026-10-02,158.211,156.985,157.927,
currency,JPY=X,2026-10-05,158.288,157.445,157.734,
currency,JPY=X,2026-10-06,158.247,157.762,158.194,
currency,GBPUSD=X,2026-09-30,1.3307,1.3224,1.3233,
currency,GBPUSD=X,2026-10-01,1.3273,1.3185,1.3264,
currency,GBPUSD=X,2026-10-02,1.3256,1.3182,1.32,
currency,GBPUSD=X,2026-10-05,1.3245,1.3192,1.3243,
currency,GBPUSD=X,2026-10-06,1.3249,1.3202,1.3248,
currency,CHF=X,2026-09-30,0.83535,0.83225,0.83422,
currency,CHF=X,2026-10-01,0.83819,0.82948,0.83566,
currency,CHF=X,2026-10-02,0.83252,0.82317,0.83053,
currency,CHF=X,2026-10-05,0.83238,0.82783,0.82811,
currency,CHF=X,2026-10-06,0.83265,0.83022,0.83132,
currency,AUDUSD=X,2026-09-30,0.69944,0.69496,0.6989,
currency,AUDUSD=X,2026-10-01,0.6958,0.69052,0.69457,
currency,AUDUSD=X,2026-10-02,0.69753,0.69142,0.69287,
currency,AUDUSD=X,2026-10-05,0.6974,0.6933,0.69518,
currency,AUDUSD=X,2026-10-06,0.69808,0.69648,0.69711,
currency,CAD=X,2026-09-30,1.4211,1.4157,1.4191,
currency,CAD=X,2026-10-01,1.426,1.423,1.4236,
currency,CAD=X,2026-10-02,1.4258,1.4209,1.422,
currency,CAD=X,2026-10-05,1.4293,1.4238,1.4254,
currency,CAD=X,2026-10-06,1.4285,1.4241,1.4274,
currency,INR=X,2026-09-30,96.0581,95.752,96.0507,
currency,INR=X,2026-10-01,96.3558,95.918,95.9271,
currency,INR=X,2026-10-02,96.3329,95.9897,96.2248,
currency,INR=X,2026-10-05,96.3395,95.955,96.3253,
currency,INR=X,2026-10-06,96.445,96.28,96.42,
currency,KRW=X,2026-09-30,1359.21,1349.3,1350.5,
currency,KRW=X,2026-10-01,1366.77,1356.1,1356.84,
currency,KRW=X,2026-10-02,1365.9,1342.01,1360.59,
currency,KRW=X,2026-10-05,1349.37,1338.87,1342.5601,
currency,KRW=X,2026-10-06,1346.38,1337.47,1338.37,
currency,SEK=X,2026-09-30,9.9999,9.9537,9.9916,
currency,SEK=X,2026-10-01,10.0792,9.9965,10.0076,
currency,SEK=X,2026-10-02,10.0648,9.9997,10.0425,
currency,SEK=X,2026-10-05,10.1032,10.0203,10.0347,
currency,SEK=X,2026-10-06,10.0581,9.9983,10.0101,
currency,MXN=X,2026-09-30,18.1469,17.9393,18.0436,
currency,MXN=X,2026-10-01,18.4219,18.0546,18.0772,
currency,MXN=X,2026-10-02,18.3427,18.1098,18.3143,
currency,MXN=X,2026-10-05,18.257,18.0651,18.1609,
currency,MXN=X,2026-10-06,18.0991,18,18.0334,
currency,NZDUSD=X,2026-09-30,0.56634,0.56377,0.56408,
currency,NZDUSD=X,2026-10-01,0.56382,0.55959,0.56348,
currency,NZDUSD=X,2026-10-02,0.56339,0.55874,0.56018,
currency,NZDUSD=X,2026-10-05,0.56199,0.5582,0.56173,
currency,NZDUSD=X,2026-10-06,0.56107,0.5591,0.56076,
currency,NOK=X,2026-09-30,9.6093,9.5735,9.5984,
currency,NOK=X,2026-10-01,9.6578,9.6031,9.6236,
currency,NOK=X,2026-10-02,9.6564,9.5968,9.6308,
currency,NOK=X,2026-10-05,9.6797,9.5785,9.6178,
currency,NOK=X,2026-10-06,9.6202,9.5645,9.5887,
currency,TWD=X,2026-09-30,31.897,31.8225,31.85,
currency,TWD=X,2026-10-01,32.072,31.8514,31.8679,
currency,TWD=X,2026-10-02,31.952,31.7647,31.8868,
currency,TWD=X,2026-10-05,31.8536,31.709,31.8344,
currency,TWD=X,2026-10-06,31.837,31.699,31.756,
currency,BRL=X,2026-09-30,5.2102,5.1639,5.2029,
currency,BRL=X,2026-10-01,5.2342,5.1702,5.1791,
currency,BRL=X,2026-10-02,5.2371,5.1997,5.2226,
currency,BRL=X,2026-10-05,5.2244,4.9548,5.2231,
currency,BRL=X,2026-10-06,4.9988,4.9915,4.9915,
currency,ZAR=X,2026-09-30,16.4368,16.3243,16.391,
currency,ZAR=X,2026-10-01,16.7263,16.4095,16.4196,
currency,ZAR=X,2026-10-02,16.7387,16.563,16.699,
currency,ZAR=X,2026-10-05,16.7383,16.6045,16.6534,
currency,ZAR=X,2026-10-06,16.66,16.5339,16.5527,
currency,PLN=X,2026-09-30,3.8554,3.8343,3.8487,
currency,PLN=X,2026-10-01,3.9,3.8451,3.8497,
currency,PLN=X,2026-10-02,3.9015,3.8761,3.89,
currency,PLN=X,2026-10-05,3.9289,3.8907,3.8905,
currency,PLN=X,2026-10-06,3.9101,3.882,3.8838,
currency,DKK=X,2026-09-30,6.5979,6.57,6.5913,
currency,DKK=X,2026-10-01,6.6625,6.5936,6.5992,
currency,DKK=X,2026-10-02,6.6596,6.6225,6.6457,
currency,DKK=X,2026-10-05,6.6954,6.6408,6.6412,
currency,DKK=X,2026-10-06,6.6713,6.6444,6.6465,
currency,IDR=X,2026-09-30,17960,17831,17736.4004,
currency,IDR=X,2026-10-01,18004,17868.0996,17884.8008,
currency,IDR=X,2026-10-02,17986,17856.5,17922.8008,
currency,IDR=X,2026-10-05,17949,17808.5098,17909,
currency,IDR=X,2026-10-06,17912,17895,17895,
currency,TRY=X,2026-09-30,49.0175,48.9971,49.0081,
currency,TRY=X,2026-10-01,49.0345,49.0126,49.028,
currency,TRY=X,2026-10-02,49.1447,49.0896,49.1186,
currency,TRY=X,2026-10-05,49.162,49.1371,49.1549,
currency,TRY=X,2026-10-06,49.1798,48.9875,49.1769,
currency,THB=X,2026-09-30,33.606,33.49,33.56,
currency,THB=X,2026-10-01,33.71,33.58,33.59,
currency,THB=X,2026-10-02,33.693,33.46,33.642,
currency,THB=X,2026-10-05,33.703,33.52,33.53,
currency,THB=X,2026-10-06,33.71,33.58,33.6,
currency,ILS=X,2026-09-30,3.0766,3.0575,3.0659,
currency,ILS=X,2026-10-01,3.0852,3.0643,3.0728,
currency,ILS=X,2026-10-02,3.0726,3.0456,3.0852,
currency,ILS=X,2026-10-05,3.0682,3.0471,3.0515,
currency,ILS=X,2026-10-06,3.0584,3.0295,3.0514,
currency,HUF=X,2026-09-30,323.625,321.28,323.177,
currency,HUF=X,2026-10-01,329.054,322.794,323.168,
currency,HUF=X,2026-10-02,329.106,325.392,327.002,
currency,HUF=X,2026-10-05,330.176,326.787,326.642,
currency,HUF=X,2026-10-06,327.926,324.42,324.62,
currency,CZK=X,2026-09-30,21.5621,21.436,21.5165,
currency,CZK=X,2026-10-01,21.8085,21.5237,21.5516,
currency,CZK=X,2026-10-02,21.7995,21.6203,21.7372,
currency,CZK=X,2026-10-05,21.877,21.6815,21.675,
currency,CZK=X,2026-10-06,21.8292,21.69,21.693,
currency,CLP=X,2026-09-30,973.8,969.04,973,
currency,CLP=X,2026-10-01,983.7,972.68,972.68,
currency,CLP=X,2026-10-02,988.67,977.62,981.21,
currency,CLP=X,2026-10-05,988.36,972,979.01,
currency,CLP=X,2026-10-06,970.78,970.78,970.78,
currency,PHP=X,2026-09-30,62.847,62.352,62.523,
currency,PHP=X,2026-10-01,62.927,62.567,62.636,
currency,PHP=X,2026-10-02,62.821,62.399,62.673,
currency,PHP=X,2026-10-05,62.79,62.44,62.535,
currency,PHP=X,2026-10-06,62.822,62.566,62.721,
currency,COP=X,2026-09-30,3334.3501,3309.8101,3333.4199,
currency,COP=X,2026-10-01,3342.98,3291.54,3313.04,
currency,COP=X,2026-10-02,3321.22,3266.51,3318.53,
currency,COP=X,2026-10-05,3307.1399,3226.5,3193.6975,
currency,COP=X,2026-10-06,3203.3899,3196.8999,3197.26,
equity,INE002A01018,2026-09-30,1196.5,1181.7,1187,16376789
equity,INE002A01018,2026-10-01,1183.9,1160.8,1167.7,16771221
equity,INE002A01018,2026-10-02,1167.7,1167.7,1167.7,
equity,INE002A01018,2026-10-05,1193,1171.2,1186.4,14254907
equity,INE002A01018,2026-10-06,1219.1,1188.1,1218,17995025
equity,INE397D01024,2026-09-30,1779.5,1753.7,1757,8080358
equity,INE397D01024,2026-10-01,1765.8,1726.3,1741.1,5609657
equity,INE397D01024,2026-10-02,1741.1,1741.1,1741.1,
equity,INE397D01024,2026-10-05,1779.9,1742.3,1779.9,7310041
equity,INE397D01024,2026-10-06,1810.5,1771.4,1810.5,5154876
equity,INE040A01034,2026-09-30,720.3,708.7,708.7,39365496
equity,INE040A01034,2026-10-01,721.3,707.1,721.2,37389857
equity,INE040A01034,2026-10-02,721.2,721.2,721.2,
equity,INE040A01034,2026-10-05,734.2,701.25,704.8,66056690
equity,INE040A01034,2026-10-06,714.7,701,711.45,26550844
equity,INE090A01021,2026-09-30,1337,1295.3,1321.7,14095232
equity,INE090A01021,2026-10-01,1329.9,1308.4,1310.6,13163495
equity,INE090A01021,2026-10-02,1310.6,1310.6,1310.6,
equity,INE090A01021,2026-10-05,1334.7,1303.7,1332,13223493
equity,INE090A01021,2026-10-06,1343.5,1327.9,1342.8,12198360
equity,INE062A01020,2026-09-30,972.8,959.5,959.5,8010571
equity,INE062A01020,2026-10-01,965.4,945.8,954.1,7390452
equity,INE062A01020,2026-10-02,954.1,954.1,954.1,
equity,INE062A01020,2026-10-05,969.45,956,958,8165087
equity,INE062A01020,2026-10-06,963.65,949.85,958.75,8202144
equity,INE467B01029,2026-09-30,2101,2050.6001,2050.6001,3656425
equity,INE467B01029,2026-10-01,2093.8999,2045.1,2075,3428501
equity,INE467B01029,2026-10-02,2075,2075,2075,
equity,INE467B01029,2026-10-05,2140.8999,2063.6001,2114.3999,5270768
equity,INE467B01029,2026-10-06,2115,2082.7,2100,2381078
equity,INE296A01032,2026-09-30,981.5,955.8,959.4,6625616
equity,INE296A01032,2026-10-01,955.95,937.3,948.3,5698769
equity,INE296A01032,2026-10-02,948.3,948.3,948.3,
equity,INE296A01032,2026-10-05,995.8,962.55,970,12682669
equity,INE296A01032,2026-10-06,973.25,957,963.1,4379215
equity,INE018A01030,2026-09-30,3786.5,3730,3760,2396040
equity,INE018A01030,2026-10-01,3737.3,3655.8999,3693.3999,2220932
equity,INE018A01030,2026-10-02,3693.3999,3693.3999,3693.3999,
equity,INE018A01030,2026-10-05,3750,3707.8,3750,2323437
equity,INE018A01030,2026-10-06,3774.1001,3730,3770,1994087
equity,INE0J1Y01017,2026-09-30,398.95,391.9,395.2,6311852
equity,INE0J1Y01017,2026-10-01,396.75,386,391.85,5862855
equity,INE0J1Y01017,2026-10-02,391.85,391.85,391.85,
equity,INE0J1Y01017,2026-10-05,394.8,385.5,388.7,6242567
equity,INE0J1Y01017,2026-10-06,392.2,386.5,390,3372848
equity,INE030A01027,2026-09-30,1889.6,1865.2,1879.1,1430335
equity,INE030A01027,2026-10-01,1873.6,1826.9,1836,1331680
equity,INE030A01027,2026-10-02,1836,1836,1836,
equity,INE030A01027,2026-10-05,1848.4,1828,1838.4,975071
equity,INE030A01027,2026-10-06,1895.2,1834.2,1895.2,1575549
equity,INE009A01021,2026-09-30,1024,992.2,994.1,13508984
equity,INE009A01021,2026-10-01,1035,999.15,1035,15166446
equity,INE009A01021,2026-10-02,1035,1035,1035,
equity,INE009A01021,2026-10-05,1052.3,1010,1020.5,12126808
equity,INE009A01021,2026-10-06,1020.5,1003.15,1013.85,8245427
equity,INE044A01036,2026-09-30,1863.6,1814.2,1816.6,2401495
equity,INE044A01036,2026-10-01,1828.7,1792.6,1801,2314700
equity,INE044A01036,2026-10-02,1801,1801,1801,
equity,INE044A01036,2026-10-05,1802.9,1776.7,1779.7,1290843
equity,INE044A01036,2026-10-06,1804.1,1768,1804.1,1478295
equity,INE280A01028,2026-09-30,4698,4587,4587,927060
equity,INE280A01028,2026-10-01,4621.7998,4491,4515.7002,694098
equity,INE280A01028,2026-10-02,4515.7002,4515.7002,4515.7002,
equity,INE280A01028,2026-10-05,4610,4505.7998,4580,731987
equity,INE280A01028,2026-10-06,4600,4530.2998,4550,800052
equity,INE237A01036,2026-09-30,419.15,405.95,417,32537029
equity,INE237A01036,2026-10-01,435.6,416.05,418.35,76637247
equity,INE237A01036,2026-10-05,424.45,413.75,416,21967652
equity,INE237A01036,2026-10-06,435.3,421.3,431.9,40020826
equity,INE814H01029,2026-09-30,204.49,198.65,204,21070859
equity,INE814H01029,2026-10-01,203.36,193.1,196.21,33548439
equity,INE814H01029,2026-10-02,196.21,196.21,196.21,
equity,INE814H01029,2026-10-05,201.68,197.1,201,19752263
equity,INE814H01029,2026-10-06,205.43,201.32,202.4,23465104
equity,INE585B01010,2026-09-30,12065,11879,11967,430286
equity,INE585B01010,2026-10-01,11907,11305,11386,885820
equity,INE585B01010,2026-10-05,11544,11305,11532,757171
equity,INE585B01010,2026-10-06,11625,11451,11625,263909
equity,INE423A01024,2026-09-30,2957.6001,2880,2903.3999,1663023
equity,INE423A01024,2026-10-01,2903.7,2772,2816.8,2100334
equity,INE423A01024,2026-10-02,2816.8,2816.8,2816.8,
equity,INE423A01024,2026-10-05,2890.8999,2823,2864,1782260
equity,INE423A01024,2026-10-06,2888,2834.6001,2849.8999,1239469
equity,INE238A01034,2026-09-30,1237.1,1201.1,1226,6178741
equity,INE238A01034,2026-10-01,1241.6,1215.3,1217.1,7005197
equity,INE238A01034,2026-10-02,1217.1,1217.1,1217.1,
equity,INE238A01034,2026-10-05,1237.4,1216.4,1222.2,7472163
equity,INE238A01034,2026-10-06,1251.9,1232,1248,7517871
equity,INE101A01026,2026-09-30,2986,2925,2950,2332540
equity,INE101A01026,2026-10-01,2927.3999,2812,2860,5453321
equity,INE101A01026,2026-10-02,2860,2860,2860,
equity,INE101A01026,2026-10-05,2874,2825.1001,2857.6001,3307236
equity,INE101A01026,2026-10-06,2866,2837.3,2855,2610948
equity,INE742F01042,2026-09-30,1803.2,1775.4,1798.3,3199507
equity,INE742F01042,2026-10-01,1786,1716,1737.8,2157928
equity,INE742F01042,2026-10-02,1737.8,1737.8,1737.8,
equity,INE742F01042,2026-10-05,1779,1737.8,1774,2792824
equity,INE742F01042,2026-10-06,1789.1,1761.1,1783.4,1684149
equity,INE860A01027,2026-09-30,1256.4,1224.8,1230,4242658
equity,INE860A01027,2026-10-01,1256,1228.9,1243.1,3430282
equity,INE860A01027,2026-10-02,1243.1,1243.1,1243.1,
equity,INE860A01027,2026-10-05,1247.2,1196.5,1201.9,3843425
equity,INE860A01027,2026-10-06,1208.9,1188.2,1204.4,2001789
equity,INE481G01011,2026-09-30,10971,10800,10956,257558
equity,INE481G01011,2026-10-01,10879,10612,10710,570684
equity,INE481G01011,2026-10-05,10940,10731,10850,314538
equity,INE481G01011,2026-10-06,10905,10697,10750,270194
equity,INE917I01010,2026-09-30,10953,10779,10874,313712
equity,INE917I01010,2026-10-01,10714,9900,10045,1491300
equity,INE917I01010,2026-10-05,10089,9920,10024,354238
equity,INE917I01010,2026-10-06,10062,9955,10017,159046
equity,INE154A01025,2026-09-30,266.9,261.4,262.75,14079098
equity,INE154A01025,2026-10-01,262.7,254.65,255.9,16447266
equity,INE154A01025,2026-10-02,255.9,255.9,255.9,
equity,INE154A01025,2026-10-05,269.8,259,268.9,49020716
equity,INE154A01025,2026-10-06,269.4,263.95,266.7,22129119
equity,INE066F01020,2026-09-30,4701,4614.7002,4668,1233758
equity,INE066F01020,2026-10-01,4699.7002,4559.2998,4601,739864
equity,INE066F01020,2026-10-02,4601,4601,4601,
equity,INE066F01020,2026-10-05,4688,4601,4680,465865
equity,INE066F01020,2026-10-06,4837.1001,4680,4816,935635
equity,INE019A01038,2026-09-30,1275.9,1253.4,1253.4,1329600
equity,INE019A01038,2026-10-01,1256.4,1214.8,1233,3158301
equity,INE019A01038,2026-10-02,1233,1233,1233,
equity,INE019A01038,2026-10-05,1252.4,1228.7,1235.3,1047395
equity,INE019A01038,2026-10-06,1261.5,1233.5,1259.6,1325998
equity,INE733E01010,2026-09-30,323.95,318.9,322.75,6908628
equity,INE733E01010,2026-10-01,320.95,313.05,315.1,10094465
equity,INE733E01010,2026-10-05,323.55,316.05,321.8,9458589
equity,INE733E01010,2026-10-06,324.3,320.05,321.45,7316781
equity,INE918I01026,2026-09-30,1748,1702.1,1731,1086211
equity,INE918I01026,2026-10-01,1734.9,1703.4,1732.6,2292234
equity,INE918I01026,2026-10-02,1732.6,1732.6,1732.6,
equity,INE918I01026,2026-10-05,1760.9,1732.6,1751.4,1075845
equity,INE918I01026,2026-10-06,1754,1737.8,1752.4,552131
equity,INE758T01015,2026-09-30,329,317.1,320,28850208
equity,INE758T01015,2026-10-01,320.4,309.8,313.9,29716584
equity,INE758T01015,2026-10-02,313.9,313.9,313.9,
equity,INE758T01015,2026-10-05,322.85,308.1,320.8,31037275
equity,INE758T01015,2026-10-06,330.2,319.1,329,27074162
equity,INE263A01024,2026-09-30,391,385,388.3,9671143
equity,INE263A01024,2026-10-01,386.15,378.65,383.1,10250149
equity,INE263A01024,2026-10-02,383.1,383.1,383.1,
equity,INE263A01024,2026-10-05,384.85,377,384.85,10909395
equity,INE263A01024,2026-10-06,387.65,382.55,387.4,10026797
equity,INE213A01029,2026-09-30,231.57,223.6,225.8,11131417
equity,INE213A01029,2026-10-01,224.99,220.6,222.37,13099985
equity,INE213A01029,2026-10-02,222.37,222.37,222.37,
equity,INE213A01029,2026-10-05,226.69,222.42,224.9,19420879
equity,INE213A01029,2026-10-06,225.37,221.3,224.2,19173587
equity,INE239A01024,2026-09-30,1345.5,1310,1310,1278279
equity,INE239A01024,2026-10-01,1320.9,1295,1307.7,1626876
equity,INE239A01024,2026-10-05,1311.3,1292.9,1297.1,1676136
equity,INE239A01024,2026-10-06,1341.4,1293.4,1341.4,1650577
equity,INE522F01014,2026-09-30,432.9,423.95,425,7436925
equity,INE522F01014,2026-10-01,426.35,416.3,420.4,7514836
equity,INE522F01014,2026-10-02,420.4,420.4,420.4,
equity,INE522F01014,2026-10-05,430.9,421.6,425.1,7764099
equity,INE522F01014,2026-10-06,426.95,410.6,411.65,5543504
equity,INE267A01025,2026-09-30,575.05,562.6,566,2880602
equity,INE267A01025,2026-10-01,566.35,547.2,555.05,3165448
equity,INE267A01025,2026-10-02,555.05,555.05,555.05,
equity,INE267A01025,2026-10-05,568.55,557.9,560.95,2343222
equity,INE267A01025,2026-10-06,567.4,557.05,557.65,2197052
equity,INE752E01010,2026-09-30,262,258.1,260.5,9769840
equity,INE752E01010,2026-10-01,259,252.35,254.55,10976701
equity,INE752E01010,2026-10-02,254.55,254.55,254.55,
equity,INE752E01010,2026-10-05,259.5,255.4,257,7327971
equity,INE752E01010,2026-10-06,258.4,256,257.2,4807876
equity,INE192R01011,2026-09-30,3865,3769.5,3801.3999,620771
equity,INE192R01011,2026-10-01,3880,3781.3999,3813,652283
equity,INE192R01011,2026-10-02,3813,3813,3813,
equity,INE192R01011,2026-10-05,3808.6001,3545.3,3567,2550875
equity,INE192R01011,2026-10-06,3595,3521,3581.8999,827016
equity,INE721A01047,2026-09-30,987,965.1,982.7,5552495
equity,INE721A01047,2026-10-01,975,936,945,5599670
equity,INE721A01047,2026-10-02,945,945,945,
equity,INE721A01047,2026-10-05,973.5,954,971.4,5092892
equity,INE721A01047,2026-10-06,975,959.1,965.05,4433639
equity,INE021A01026,2026-09-30,2430.5,2390,2402.6001,553695
equity,INE021A01026,2026-10-01,2420,2377,2407,1005836
equity,INE021A01026,2026-10-02,2407,2407,2407,
equity,INE021A01026,2026-10-05,2409,2336.7,2366,916254
equity,INE021A01026,2026-10-06,2424.2,2349,2424.2,439243
equity,INE361B01024,2026-09-30,9505,9275,9291.5,541269
equity,INE361B01024,2026-10-01,9318,9078,9249,567310
equity,INE361B01024,2026-10-02,9249,9249,9249,
equity,INE361B01024,2026-10-05,9285.5,9113.5,9196,480338
equity,INE361B01024,2026-10-06,9557.5,9165,9550,465088
equity,INE081A01020,2026-09-30,189.55,184.3,184.3,32381754
equity,INE081A01020,2026-10-01,186.55,175.75,178,47659952
equity,INE081A01020,2026-10-02,178,178,178,
equity,INE081A01020,2026-10-05,181.28,177.02,178.14,20426029
equity,INE081A01020,2026-10-06,180.38,177,178.69,17241390
equity,INE038A01020,2026-09-30,956.8,941.1,941.8,4420021
equity,INE038A01020,2026-10-01,946.65,923.5,941.85,5877840
equity,INE038A01020,2026-10-02,941.85,941.85,941.85,
equity,INE038A01020,2026-10-05,954.05,931.1,938.4,4401291
equity,INE038A01020,2026-10-06,950.4,935.1,940.5,2991449
equity,INE047A01021,2026-09-30,3112.3,3046.3999,3061.8999,448156
equity,INE047A01021,2026-10-01,3045,2944.3999,2962,1385746
equity,INE047A01021,2026-10-05,3024,2961.5,2972,263562
equity,INE047A01021,2026-10-06,2988.7,2935.6001,2969,359550
equity,INE364U01010,2026-09-30,1284.8,1250.4,1278,1452231
equity,INE364U01010,2026-10-01,1298,1260.3,1276.1,6355094
equity,INE364U01010,2026-10-02,1276.1,1276.1,1276.1,
equity,INE364U01010,2026-10-05,1303.5,1266.6,1284,1014292
equity,INE364U01010,2026-10-06,1329.4,1280.5,1313,2569586
equity,INE066A01021,2026-09-30,7245,7120,7150,418141
equity,INE066A01021,2026-10-01,7146,6840,6920,817452
equity,INE066A01021,2026-10-05,7066,6901.5,7021.5,381658
equity,INE066A01021,2026-10-06,7074.5,6976,7051,233348
equity,INE494B01023,2026-09-30,4174.7002,4084.1001,4106,605529
equity,INE494B01023,2026-10-01,4100,3930.1001,4021,1234692
equity,INE494B01023,2026-10-02,4021,4021,4021,
equity,INE494B01023,2026-10-05,4040.5,3919,4031,706602
equity,INE494B01023,2026-10-06,4043.6001,3955.8999,3981,791062
equity,INE242A01010,2026-09-30,135.99,133.14,134.93,9545086
equity,INE242A01010,2026-10-01,134.1,131.2,131.34,12239747
equity,INE242A01010,2026-10-02,131.34,131.34,131.34,
equity,INE242A01010,2026-10-05,134.35,129.8,130.5,9644919
equity,INE242A01010,2026-10-06,131.6,129.55,131.6,6508226
equity,INE343H01029,2026-09-30,19820,19030,19700,302167
equity,INE343H01029,2026-10-01,19673,18786,19400,204788
equity,INE343H01029,2026-10-05,19616,19275,19540,114870
equity,INE343H01029,2026-10-06,20274,19416,20071,177053
equity,INE646L01027,2026-09-30,5021.5,4893.5,4984,624800
equity,INE646L01027,2026-10-01,5016.2002,4878,4929.8999,592514
equity,INE646L01027,2026-10-02,4929.8999,4929.8999,4929.8999,
equity,INE646L01027,2026-10-05,4999,4907.7002,4935,404828
equity,INE646L01027,2026-10-06,5057.6001,4925.1001,5050.5,613713
equity,INE685A01028,2026-09-30,4935,4786,4800,397999
equity,INE685A01028,2026-10-01,4810.5,4717.2998,4767.2998,357701
equity,INE685A01028,2026-10-05,4795,4710,4772,332068
equity,INE685A01028,2026-10-06,4788.2998,4702.5,4772,302605
equity,INE0V6F01027,2026-09-30,2084.6001,2026.7,2031,644391
equity,INE0V6F01027,2026-10-01,2078.6001,2002,2024,1795808
equity,INE0V6F01027,2026-10-02,2024,2024,2024,
equity,INE0V6F01027,2026-10-05,2031.5,1981.9,2000,328159
equity,INE0V6F01027,2026-10-06,2014,1975,1989,432883
equity,INE123W01016,2026-09-30,1729.5,1681,1696.4,1813203
equity,INE123W01016,2026-10-01,1730.3,1674.8,1721.6,3329860
equity,INE123W01016,2026-10-05,1741.4,1709.5,1709.5,1322426
equity,INE123W01016,2026-10-06,1754.3,1708.9,1750,941881
equity,INE075A01022,2026-09-30,161.73,157.01,158.5,15966068
equity,INE075A01022,2026-10-01,160.95,157.25,159.35,18521731
equity,INE075A01022,2026-10-02,159.35,159.35,159.35,
equity,INE075A01022,2026-10-05,164.3,161.43,162.14,30838863
equity,INE075A01022,2026-10-06,162.88,160.54,161.84,16384179
equity,INE931S01010,2026-09-30,1340.8,1308.9,1314.6,1154073
equity,INE931S01010,2026-10-01,1389.6,1309.1,1326.4,7267118
equity,INE931S01010,2026-10-02,1326.4,1326.4,1326.4,
equity,INE931S01010,2026-10-05,1377.8,1336.1,1353.4,2095376
equity,INE931S01010,2026-10-06,1369.1,1340.8,1350.1,1566232
equity,INE1CDF01017,2026-09-30,433.75,410.5,412.9,13904115
equity,INE1CDF01017,2026-10-01,413.85,398.75,402.75,6985636
equity,INE1CDF01017,2026-10-02,402.75,402.75,402.75,
equity,INE1CDF01017,2026-10-05,410.95,391.45,396.6,10726817
equity,INE1CDF01017,2026-10-06,404,397.55,401.05,4355122
equity,INE775A01035,2026-09-30,164.1,160.35,163.26,15307995
equity,INE775A01035,2026-10-01,162.27,153.81,157.03,23039471
equity,INE775A01035,2026-10-02,157.03,157.03,157.03,
equity,INE775A01035,2026-10-05,159.39,154.76,156.5,14480075
equity,INE775A01035,2026-10-06,160.69,155.68,160,7310829
equity,INE271C01023,2026-09-30,674,653,674,5830044
equity,INE271C01023,2026-10-01,671.1,650.55,658.4,6264045
equity,INE271C01023,2026-10-02,658.4,658.4,658.4,
equity,INE271C01023,2026-10-05,676.5,664,673,3470586
equity,INE271C01023,2026-10-06,675.5,664.95,666.1,3798937
equity,INE1TAE01010,2026-09-30,438.15,418.7,421.65,10915749
equity,INE1TAE01010,2026-10-01,420,404.1,415.5,7408903
equity,INE1TAE01010,2026-10-02,415.5,415.5,415.5,
equity,INE1TAE01010,2026-10-05,428.85,412.7,426.8,8038049
equity,INE1TAE01010,2026-10-06,437.55,423.7,433.8,7618661
equity,INE318A01026,2026-09-30,1496.9,1465.1,1465.1,940925
equity,INE318A01026,2026-10-01,1486.9,1456.8,1464,867267
equity,INE318A01026,2026-10-02,1464,1464,1464,
equity,INE318A01026,2026-10-05,1487.7,1458.2,1487.7,843401
equity,INE318A01026,2026-10-06,1524.6,1472.8,1520.5,608336
equity,INE669E01016,2026-09-30,13.61,12.84,12.95,640485531
equity,INE669E01016,2026-10-01,13.14,12.5,12.64,612490273
equity,INE669E01016,2026-10-02,12.64,12.64,12.64,
equity,INE669E01016,2026-10-05,12.9,12.56,12.74,460591162
equity,INE669E01016,2026-10-06,13.22,12.76,13.21,337033222
equity,INE976I01016,2026-09-30,331.35,324.8,327.95,1709693
equity,INE976I01016,2026-10-01,327.25,313.55,319.3,2467983
equity,INE976I01016,2026-10-02,319.3,319.3,319.3,
equity,INE976I01016,2026-10-05,322.85,317,317.6,1021767
equity,INE976I01016,2026-10-06,323.05,316.6,322.1,1014700
equity,INE758E01017,2026-09-30,220.39,215.64,216.88,14305215
equity,INE758E01017,2026-10-01,216.2,208.5,212.5,28082023
equity,INE758E01017,2026-10-02,212.5,212.5,212.5,
equity,INE758E01017,2026-10-05,213.99,210.52,212,16101981
equity,INE758E01017,2026-10-06,219.38,211.7,217.9,16688203
equity,INE117A01022,2026-09-30,6927.5,6771,6776,229223
equity,INE117A01022,2026-10-01,6947.5,6735,6900,240835
equity,INE117A01022,2026-10-05,6981,6846.5,6895,157334
equity,INE117A01022,2026-10-06,7140.5,6873,7122.5,241470
equity,INE669C01036,2026-09-30,1559.5,1518,1524,2794174
equity,INE669C01036,2026-10-01,1554.8,1512,1533,2663224
equity,INE669C01036,2026-10-02,1533,1533,1533,
equity,INE669C01036,2026-10-05,1561,1509.7,1535.9,3346008
equity,INE669C01036,2026-10-06,1540.8,1495,1504.5,2388418
equity,INE121A01024,2026-09-30,1642.1,1600.1,1620,1860436
equity,INE121A01024,2026-10-01,1619.7,1563.2,1580,1699959
equity,INE121A01024,2026-10-05,1610.8,1580,1605.4,1378981
equity,INE121A01024,2026-10-06,1616,1594.3,1611,949645
equity,INE849A01020,2026-09-30,2669.8999,2618,2621.6001,785465
equity,INE849A01020,2026-10-01,2624,2545.8,2580,896919
equity,INE849A01020,2026-10-02,2580,2580,2580,
equity,INE849A01020,2026-10-05,2608.3,2572.8,2580,802316
equity,INE849A01020,2026-10-06,2914,2782.3,2906,6693250
equity,INE257A01026,2026-09-30,421.8,411.7,415.5,8153812
equity,INE257A01026,2026-10-01,428.15,411.35,421,12669050
equity,INE257A01026,2026-10-02,421,421,421,
equity,INE257A01026,2026-10-05,433.45,423.1,429,8225965
equity,INE257A01026,2026-10-06,453.9,427.7,452,22843732
equity,INE346A01027,2026-09-30,3249,3107.3999,3136.7,372808
equity,INE346A01027,2026-10-01,3121.1001,3055,3084.3999,524043
equity,INE346A01027,2026-10-05,3095.6001,3045,3061.2,163817
equity,INE346A01027,2026-10-06,3085,3040,3071.5,275805
equity,INE692A01016,2026-09-30,172.6,169.95,171,16921657
equity,INE692A01016,2026-10-01,172.19,164.81,167.59,7875995
equity,INE692A01016,2026-10-02,167.59,167.59,167.59,
equity,INE692A01016,2026-10-05,171.09,165.68,167.97,7966548
equity,INE692A01016,2026-10-06,171.29,166.89,168.44,10375624
equity,INE003A01024,2026-09-30,3789.1001,3720,3725.6001,183302
equity,INE003A01024,2026-10-01,3804,3709.5,3804,243713
equity,INE003A01024,2026-10-02,3804,3804,3804,
equity,INE003A01024,2026-10-05,3842,3700,3701.1001,184140
equity,INE003A01024,2026-10-06,3859.6001,3694.3999,3854,219302
equity,INE07Y701011,2026-09-30,31050,30200,30630,88522
equity,INE07Y701011,2026-10-01,31615,30520,31290,145146
equity,INE07Y701011,2026-10-05,32015,31380,31500,72077
equity,INE07Y701011,2026-10-06,31970,31450,31640,73635
equity,INE067A01029,2026-09-30,876.8,854.2,854.2,2404620
equity,INE067A01029,2026-10-01,889.9,859.6,879,4633143
equity,INE067A01029,2026-10-02,879,879,879,
equity,INE067A01029,2026-10-05,894.2,877.75,882.3,1290292
equity,INE067A01029,2026-10-06,913.3,885.35,912,2538504
equity,INE298A01020,2026-09-30,4839,4741,4760,573791
equity,INE298A01020,2026-10-01,4860,4760,4860,393680
equity,INE298A01020,2026-10-02,4860,4860,4860,
equity,INE298A01020,2026-10-05,4900,4789.2002,4832.2998,707402
equity,INE298A01020,2026-10-06,4932,4808,4919,883360
equity,INE118H01025,2026-09-30,3149,3075,3092,6411793
equity,INE118H01025,2026-10-01,3139,3000,3046,6273089
equity,INE118H01025,2026-10-02,3046,3046,3046,
equity,INE118H01025,2026-10-05,3181,3036,3179.6001,6735475
equity,INE118H01025,2026-10-06,3305,3206.5,3305,6868108
equity,INE323A01026,2026-09-30,47545,45960,47100,30394
equity,INE323A01026,2026-10-01,46995,44410,45480,48572
equity,INE323A01026,2026-10-02,45480,45480,45480,
equity,INE323A01026,2026-10-05,46000,44610,44960,41822
equity,INE323A01026,2026-10-06,45360,44845,45000,21642
equity,INE200M01039,2026-09-30,436.4,427.5,432,8815664
equity,INE200M01039,2026-10-01,430.8,415.35,425.3,8516414
equity,INE200M01039,2026-10-02,425.3,425.3,425.3,
equity,INE200M01039,2026-10-05,440.2,426.3,439.6,4643552
equity,INE200M01039,2026-10-06,442.75,435.85,439.3,4266708
equity,INE029A01011,2026-09-30,308.25,301.1,303.2,5525502
equity,INE029A01011,2026-10-01,305.05,297.1,300.6,5618518
equity,INE029A01011,2026-10-02,300.6,300.6,300.6,
equity,INE029A01011,2026-10-05,306.55,294.3,296.95,7903107
equity,INE029A01011,2026-10-06,300.5,294.6,300.5,6314581
equity,INE214T01019,2026-09-30,4138,3979.8999,4045,463734
equity,INE214T01019,2026-10-01,4079.3999,3945.5,4007,479221
equity,INE214T01019,2026-10-05,4073,3946.2,4010,216279
equity,INE214T01019,2026-10-06,4036.2,3952.1001,3971.1001,176661
equity,INE160A01022,2026-09-30,114.9,111.8,113.06,15255055
equity,INE160A01022,2026-10-01,113.38,109.37,109.57,11365686
equity,INE160A01022,2026-10-02,109.57,109.57,109.57,
equity,INE160A01022,2026-10-05,113.58,110.5,112.35,12282429
equity,INE160A01022,2026-10-06,113,111.17,111.92,8419298
equity,INE455K01017,2026-09-30,8177,8026,8026,494724
equity,INE455K01017,2026-10-01,8131,7883,7990,463691
equity,INE455K01017,2026-10-02,7990,7990,7990,
equity,INE455K01017,2026-10-05,8186,7980.5,8080,424158
equity,INE455K01017,2026-10-06,8173.5,8062,8147,301623
equity,INE437A01024,2026-09-30,8659,8053,8165.5,2108531
equity,INE437A01024,2026-10-01,8135,7910,8133.5,939105
equity,INE437A01024,2026-10-02,8133.5,8133.5,8133.5,
equity,INE437A01024,2026-10-05,8076,7880.5,7985,895216
equity,INE437A01024,2026-10-06,8017,7806,7914.5,1072853
equity,INE118A01012,2026-09-30,10805,10655,10788,40117
equity,INE118A01012,2026-10-01,10775,10415,10666,39942
equity,INE118A01012,2026-10-05,10892,10554,10732,50104
equity,INE118A01012,2026-10-06,10798,10555,10600,39811
equity,INE028A01039,2026-09-30,235.7,230.29,230.55,10920670
equity,INE028A01039,2026-10-01,233.99,229.52,230.82,9034271
equity,INE028A01039,2026-10-02,230.82,230.82,230.82,
equity,INE028A01039,2026-10-05,237.32,231.93,232.8,10802904
equity,INE028A01039,2026-10-06,234.8,231.8,232.73,5312516
equity,INE216A01030,2026-09-30,4830.5,4758,4830,485651
equity,INE216A01030,2026-10-01,4812.2998,4737,4778,362699
equity,INE216A01030,2026-10-02,4778,4778,4778,
equity,INE216A01030,2026-10-05,4817.2002,4734.1001,4770,204743
equity,INE216A01030,2026-10-06,4892.5,4760.1001,4883.7998,220947
equity,INE670K01029,2026-09-30,1135,1091.8,1135,1779057
equity,INE670K01029,2026-10-01,1129,1083.3,1105.6,2249380
equity,INE670K01029,2026-10-05,1140.2,1101.8,1132.5,1495653
equity,INE670K01029,2026-10-06,1141.9,1119.3,1135.6,1572465
equity,INE0HOQ01053,2026-09-30,187.65,183.08,183.91,24545475
equity,INE0HOQ01053,2026-10-01,185.36,178.01,180.11,18076780
equity,INE0HOQ01053,2026-10-02,180.11,180.11,180.11,
equity,INE0HOQ01053,2026-10-05,187.94,180.16,187.05,38074910
equity,INE0HOQ01053,2026-10-06,194.5,187.57,193.19,41397506
equity,INE956O01016,2026-09-30,698.1,672.4,685.05,6800271
equity,INE956O01016,2026-10-01,694.5,674.5,691.15,5044066
equity,INE956O01016,2026-10-02,691.15,691.15,691.15,
equity,INE956O01016,2026-10-05,697.95,676.3,692.75,2961163
equity,INE956O01016,2026-10-06,695,682.5,684.85,2891154
equity,INE749A01030,2026-09-30,1144.3,1124.6,1134.9,1535849
equity,INE749A01030,2026-10-01,1132.7,1079,1100.5,862948
equity,INE749A01030,2026-10-02,1100.5,1100.5,1100.5,
equity,INE749A01030,2026-10-05,1115.8,1086.7,1097.3,444005
equity,INE749A01030,2026-10-06,1090,1034.8,1085.9,4442443
equity,INE795G01014,2026-09-30,521.2,513.4,521.2,5062593
equity,INE795G01014,2026-10-01,538.9,517.4,534.2,4008935
equity,INE795G01014,2026-10-05,539.05,524.55,531,3381490
equity,INE795G01014,2026-10-06,551.4,528.05,543.95,8333920
equity,INE562A01011,2026-09-30,814.65,799.2,805.9,1068705
equity,INE562A01011,2026-10-01,810.5,786.85,793.15,671392
equity,INE562A01011,2026-10-02,793.15,793.15,793.15,
equity,INE562A01011,2026-10-05,817.9,801.75,810,1043196
equity,INE562A01011,2026-10-06,819,807.7,813,888114
equity,INE245A01021,2026-09-30,362.05,356.55,359,5401745
equity,INE245A01021,2026-10-01,357.15,346.4,350.15,4222986
equity,INE245A01021,2026-10-02,350.15,350.15,350.15,
equity,INE245A01021,2026-10-05,353.95,348,351.5,2763239
equity,INE245A01021,2026-10-06,356.75,349.85,351.65,5740849
equity,INE134E01011,2026-09-30,332.5,325,325.5,9986223
equity,INE134E01011,2026-10-01,326.5,313.35,318,9777829
equity,INE134E01011,2026-10-02,318,318,318,
equity,INE134E01011,2026-10-05,323.35,317.7,322,11353503
equity,INE134E01011,2026-10-06,327.25,322.3,322.6,7467128
equity,INE414G01012,2026-09-30,2783.8999,2737.1001,2737.1001,459482
equity,INE414G01012,2026-10-01,2765.6001,2676.8999,2697.1001,553592
equity,INE414G01012,2026-10-02,2697.1001,2697.1001,2697.1001,
equity,INE414G01012,2026-10-05,2747.8,2700,2716.3999,499788
equity,INE414G01012,2026-10-06,2724.1001,2679,2686,369256
equity,INE155A01022,2026-09-30,287.05,280.1,283.5,11539983
equity,INE155A01022,2026-10-01,281.3,273.35,279.4,15258191
equity,INE155A01022,2026-10-02,279.4,279.4,279.4,
equity,INE155A01022,2026-10-05,289.8,278.95,288.65,13512719
equity,INE155A01022,2026-10-06,290.4,285.1,285.8,7574306
equity,INE640G01020,2026-09-30,524.45,514,516.05,1541375
equity,INE640G01020,2026-10-01,516,497,500.35,2817122
equity,INE640G01020,2026-10-02,500.35,500.35,500.35,
equity,INE640G01020,2026-10-05,503.4,494,495.4,986442
equity,INE640G01020,2026-10-06,504,494.1,502.85,920453
equity,INE129A01019,2026-09-30,172.99,170.21,170.55,12187561
equity,INE129A01019,2026-10-01,171.89,168.55,171.22,6882008
equity,INE129A01019,2026-10-02,171.22,171.22,171.22,
equity,INE129A01019,2026-10-05,173.6,166.44,167.5,9655433
equity,INE129A01019,2026-10-06,172.08,167.04,172.08,6938200
equity,INE476A01022,2026-09-30,121.48,119.44,119.44,12579795
equity,INE476A01022,2026-10-01,120.13,116.51,118.36,13953325
equity,INE476A01022,2026-10-02,118.36,118.36,118.36,
equity,INE476A01022,2026-10-05,120.96,118.21,118.5,22263750
equity,INE476A01022,2026-10-06,119.29,117.62,117.82,10299359
equity,INE010B01027,2026-09-30,1210.5,1149.1,1162,1614233
equity,INE010B01027,2026-10-01,1158,1123.7,1145.7,2547369
equity,INE010B01027,2026-10-05,1151,1128.1,1139,1592973
equity,INE010B01027,2026-10-06,1164.8,1145,1159.5,1575401
equity,INE059A01026,2026-09-30,1384,1346,1346,1063964
equity,INE059A01026,2026-10-01,1359.4,1333.4,1344,921789
equity,INE059A01026,2026-10-02,1344,1344,1344,
equity,INE059A01026,2026-10-05,1337.7,1321,1335.5,1084209
equity,INE059A01026,2026-10-06,1344.9,1323.2,1340.2,575574
equity,INE324D01010,2026-09-30,1740,1704,1723.5,421274
equity,INE324D01010,2026-10-01,1743.1,1692.7,1721.8,560330
equity,INE324D01010,2026-10-02,1721.8,1721.8,1721.8,
equity,INE324D01010,2026-10-05,1825,1715,1770.9,3145126
equity,INE324D01010,2026-10-06,1789.6,1750,1758.6,687044
equity,INE1NPP01017,2026-09-30,3322.8,3200,3200,666697
equity,INE1NPP01017,2026-10-01,3358,3187,3334,1649842
equity,INE1NPP01017,2026-10-02,3334,3334,3334,
equity,INE1NPP01017,2026-10-05,3408.8999,3316.3999,3316.3999,616768
equity,INE1NPP01017,2026-10-06,3354.8999,3288.2,3307.5,287984
equity,INE674K01013,2026-09-30,385.55,379.95,380.6,3567531
equity,INE674K01013,2026-10-01,380.1,370.2,375.05,5001023
equity,INE674K01013,2026-10-02,375.05,375.05,375.05,
equity,INE674K01013,2026-10-05,381.3,373.85,377.4,1609846
equity,INE674K01013,2026-10-06,378.9,372.3,378.9,4871554
equity,INE200A01026,2026-09-30,4258.3999,4126.8999,4201,624058
equity,INE200A01026,2026-10-01,4334,4213.2998,4253.2002,784543
equity,INE200A01026,2026-10-05,4337.8999,4185,4247.5,454653
equity,INE200A01026,2026-10-06,4285.7002,4228.3999,4245.1001,614646
equity,INE053F01010,2026-09-30,81.5,78.41,79.28,38110222
equity,INE053F01010,2026-10-01,78.92,76.51,77.06,12764829
equity,INE053F01010,2026-10-02,77.06,77.06,77.06,
equity,INE053F01010,2026-10-05,78.1,76.06,76.5,8816833
equity,INE053F01010,2026-10-06,78.07,76.33,77.1,6643317
equity,INE854D01024,2026-09-30,1376.5,1337.6,1354,976345
equity,INE854D01024,2026-10-01,1346.9,1316.5,1335.1,1003620
equity,INE854D01024,2026-10-05,1377.9,1329.7,1369,1272603
equity,INE854D01024,2026-10-06,1373,1349,1358,925851
equity,INE982J01020,2026-09-30,1708,1667.1,1678,2424277
equity,INE982J01020,2026-10-01,1690,1629,1656,1936812
equity,INE982J01020,2026-10-02,1656,1656,1656,
equity,INE982J01020,2026-10-05,1694,1654.9,1684,2267650
equity,INE982J01020,2026-10-06,1705.5,1672.1,1694,2060970
equity,INE205A01025,2026-09-30,260.5,255.15,259,8639213
equity,INE205A01025,2026-10-01,257.2,247.25,252.05,10131800
equity,INE205A01025,2026-10-02,252.05,252.05,252.05,
equity,INE205A01025,2026-10-05,256.6,252.05,255.05,7161255
equity,INE205A01025,2026-10-06,267.7,256.6,265.6,14889061
equity,INE158A01026,2026-09-30,5341,5236.5,5241,567810
equity,INE158A01026,2026-10-01,5290,5051,5168,862662
equity,INE158A01026,2026-10-05,5205.5,4994.5,5089.5,1072997
equity,INE158A01026,2026-10-06,5113.5,5041,5075,388289
equity,INE196A01026,2026-09-30,799.25,786,786,2455494
equity,INE196A01026,2026-10-01,791,766.25,781.35,1777571
equity,INE196A01026,2026-10-05,814,780,790,3353838
equity,INE196A01026,2026-10-06,796.95,784.5,794.15,1467096
equity,INE127D01025,2026-09-30,2314,2252.6001,2280.7,908968
equity,INE127D01025,2026-10-01,2321.1001,2269.7,2308.1001,1134071
equity,INE127D01025,2026-10-02,2308.1001,2308.1001,2308.1001,
equity,INE127D01025,2026-10-05,2369.5,2308.1001,2346,1244530
equity,INE127D01025,2026-10-06,2366.8999,2336.1001,2352.3999,885365
equity,INE881D01027,2026-09-30,10869,10500,10630,272759
equity,INE881D01027,2026-10-01,10661,10263,10420,194062
equity,INE881D01027,2026-10-02,10420,10420,10420,
equity,INE881D01027,2026-10-05,10655,10364,10470,158183
equity,INE881D01027,2026-10-06,10550,10382,10482,165187
equity,INE776C01039,2026-09-30,95.34,93.29,95.15,16281025
equity,INE776C01039,2026-10-01,94.81,91.63,93.16,15683898
equity,INE776C01039,2026-10-05,93.54,91.23,92.79,18285663
equity,INE776C01039,2026-10-06,93.97,92.47,93.06,13285419
equity,INE281B01032,2026-09-30,1918.8,1870,1884,333292
equity,INE281B01032,2026-10-01,1883.8,1767,1776.8,982427
equity,INE281B01032,2026-10-05,1818,1780.1,1802.5,781537
equity,INE281B01032,2026-10-06,1869,1827.1,1858.2,568211
equity,INE053A01029,2026-09-30,736.9,713,728.65,3733640
equity,INE053A01029,2026-10-01,732.95,712.3,718,4023940
equity,INE053A01029,2026-10-05,726.6,713,725,3696656
equity,INE053A01029,2026-10-06,736,720.3,736,2461719
equity,INE079A01024,2026-09-30,376.65,368.65,374,3219926
equity,INE079A01024,2026-10-01,371.6,356.3,362.25,3893265
equity,INE079A01024,2026-10-02,362.25,362.25,362.25,
equity,INE079A01024,2026-10-05,368.9,361.05,366.5,1848613
equity,INE079A01024,2026-10-06,370.1,359.8,361.55,2354203
equity,INE192A01025,2026-09-30,968.1,949.5,949.5,1708408
equity,INE192A01025,2026-10-01,964.8,945,957,1829307
equity,INE192A01025,2026-10-02,957,957,957,
equity,INE192A01025,2026-10-05,962,945,953.75,1540341
equity,INE192A01025,2026-10-06,976,946.25,976,904347
equity,INE249Z01020,2026-09-30,2140,2081.1001,2113,510455
equity,INE249Z01020,2026-10-01,2115.6001,2031.2,2064,648362
equity,INE249Z01020,2026-10-02,2064,2064,2064,
equity,INE249Z01020,2026-10-05,2093.8999,2055.3999,2074,364228
equity,INE249Z01020,2026-10-06,2111,2078.8,2101,403535
equity,INE947Q01028,2026-09-30,2001.6,1955.1,1980,1397926
equity,INE947Q01028,2026-10-01,2006.9,1952.1,1984,1459687
equity,INE947Q01028,2026-10-02,1984,1984,1984,
equity,INE947Q01028,2026-10-05,2002,1955.1,1971.4,1374138
equity,INE947Q01028,2026-10-06,2054.8999,1958,2050,2196922
equity,INE121J01017,2026-09-30,376.05,368.6,373.2,6712752
equity,INE121J01017,2026-10-01,384.7,370,376.25,9498411
equity,INE121J01017,2026-10-02,376.25,376.25,376.25,
equity,INE121J01017,2026-10-05,381.45,375.25,380.2,5862757
equity,INE121J01017,2026-10-06,392.3,382.7,389.1,5484321
equity,INE208A01029,2026-09-30,156.19,153.35,154.19,17703276
equity,INE208A01029,2026-10-01,154.86,148.5,150.48,20574319
equity,INE208A01029,2026-10-02,150.48,150.48,150.48,
equity,INE208A01029,2026-10-05,153.65,151.23,152.6,9914723
equity,INE208A01029,2026-10-06,153.87,152.13,153.7,9992601
equity,INE121E01018,2026-09-30,500.45,489.5,494.7,1797485
equity,INE121E01018,2026-10-01,493,475.1,485,1851516
equity,INE121E01018,2026-10-02,485,485,485,
equity,INE121E01018,2026-10-05,491.8,483.25,491.8,1014257
equity,INE121E01018,2026-10-06,505.2,490.65,494.9,3951404
equity,INE008A01015,2026-09-30,84.29,81.96,82.2,4433814
equity,INE008A01015,2026-10-01,87.39,81.32,86.57,26713864
equity,INE008A01015,2026-10-02,86.57,86.57,86.57,
equity,INE008A01015,2026-10-05,88.01,85.35,86.31,11796166
equity,INE008A01015,2026-10-06,87.25,84.82,87.01,7936009
equity,INE0VDM01015,2026-09-30,230.68,219.19,227.75,15536460
equity,INE0VDM01015,2026-10-01,226.65,217.3,218.69,6218981
equity,INE0VDM01015,2026-10-02,218.69,218.69,218.69,
equity,INE0VDM01015,2026-10-05,227.89,219.6,226.5,9583072
equity,INE0VDM01015,2026-10-06,244,228.51,238.22,39912554
equity,INE326A01037,2026-09-30,2071.7,2027,2030.2,1085192
equity,INE326A01037,2026-10-01,2044.1,2004.2,2031.2,825892
equity,INE326A01037,2026-10-05,2029,1996.3,2011,571495
equity,INE326A01037,2026-10-06,2031.4,2003,2029.3,1066303
equity,INE634S01028,2026-09-30,2552,2455,2503.8,1311278
equity,INE634S01028,2026-10-01,2535,2476.1001,2535,427905
equity,INE634S01028,2026-10-02,2535,2535,2535,
equity,INE634S01028,2026-10-05,2539.3,2464.7,2479,527032
equity,INE634S01028,2026-10-06,2508.8999,2464.5,2500,297520
equity,INE089A01031,2026-09-30,1244.6,1214.2,1233,4026022
equity,INE089A01031,2026-10-01,1233.9,1194.9,1206.2,2607818
equity,INE089A01031,2026-10-05,1206.6,1189,1203,3075974
equity,INE089A01031,2026-10-06,1212.7,1195,1208,1638063
equity,INE406A01037,2026-09-30,1707.2,1649.3,1672,1138610
equity,INE406A01037,2026-10-01,1700.7,1654.2,1676.8,1074057
equity,INE406A01037,2026-10-02,1676.8,1676.8,1676.8,
equity,INE406A01037,2026-10-05,1696,1663.1,1674.9,958714
equity,INE406A01037,2026-10-06,1694.7,1670.9,1692.8,1009591
equity,INE027H01010,2026-09-30,976.3,907.7,929.8,13817675
equity,INE027H01010,2026-10-01,950,902.05,940.95,5464461
equity,INE027H01010,2026-10-02,940.95,940.95,940.95,
equity,INE027H01010,2026-10-05,939.8,912,917,3127962
equity,INE027H01010,2026-10-06,921.6,892.25,902.5,2406067
equity,INE459N01021,2026-09-30,752.3,703.15,708.3,2679610
equity,INE459N01021,2026-10-01,710.1,683,696,977241
equity,INE459N01021,2026-10-02,696,696,696,
equity,INE459N01021,2026-10-05,701.3,662.35,667,780056
equity,INE459N01021,2026-10-06,695,668.05,690.5,822837
equity,INE388Y01029,2026-09-30,330.55,320,320,3980003
equity,INE388Y01029,2026-10-01,324.95,316,324.95,7907193
equity,INE388Y01029,2026-10-02,324.95,324.95,324.95,
equity,INE388Y01029,2026-10-05,344.55,335,339.55,19341790
equity,INE388Y01029,2026-10-06,345,337.25,338.2,3554093
equity,INE465A01025,2026-09-30,1944.9,1891.6,1926,1059256
equity,INE465A01025,2026-10-01,1915.9,1845.2,1875,1151437
equity,INE465A01025,2026-10-05,1873.7,1816.7,1833,1029681
equity,INE465A01025,2026-10-06,1881,1825,1880,1089569
equity,INE102D01028,2026-09-30,857.95,848,850,1632650
equity,INE102D01028,2026-10-01,852,838,840,838419
equity,INE102D01028,2026-10-02,840,840,840,
equity,INE102D01028,2026-10-05,847.55,832.6,837,788467
equity,INE102D01028,2026-10-06,872.5,838.2,872.5,1398787
equity,INE262H01021,2026-09-30,5397,5200,5279,611251
equity,INE262H01021,2026-10-01,5396,5250.5,5367,506268
equity,INE262H01021,2026-10-02,5367,5367,5367,
equity,INE262H01021,2026-10-05,5620,5387.5,5530,768988
equity,INE262H01021,2026-10-06,5553.5,5463.5,5521,266600
equity,INE591G01025,2026-09-30,1824.4,1749.1,1749.1,3113656
equity,INE591G01025,2026-10-01,1831,1763.6,1826,3419070
equity,INE591G01025,2026-10-02,1826,1826,1826,
equity,INE591G01025,2026-10-05,1888,1793.8,1852,3693526
equity,INE591G01025,2026-10-06,1868,1816.6,1849.7,1921477
equity,INE935N01020,2026-09-30,13425,13100,13100,273569
equity,INE935N01020,2026-10-01,13290,12651,12700,258830
equity,INE935N01020,2026-10-05,12899,12692,12748,211036
equity,INE935N01020,2026-10-06,13039,12660,13015,175672
equity,INE070A01015,2026-09-30,22400,21900,22345,20963
equity,INE070A01015,2026-10-01,22275,21355,21900,59306
equity,INE070A01015,2026-10-05,22100,21720,21990,39075
equity,INE070A01015,2026-10-06,22210,21800,22210,22432
equity,INE663F01032,2026-09-30,1246,1204.5,1219.5,1589054
equity,INE663F01032,2026-10-01,1221.2,1180.3,1200,2219568
equity,INE663F01032,2026-10-02,1200,1200,1200,
equity,INE663F01032,2026-10-05,1241,1198.4,1201.7,2021519
equity,INE663F01032,2026-10-06,1241,1197.4,1241,1622806
equity,INE417T01026,2026-09-30,1098,1031.4,1063.9,8915211
equity,INE417T01026,2026-10-01,1058.4,963.9,980,14061779
equity,INE417T01026,2026-10-02,980,980,980,
equity,INE417T01026,2026-10-05,1006.3,945.1,976.2,13249741
equity,INE417T01026,2026-10-06,1042.2,972,1034.9,8049522
equity,INE171A01029,2026-09-30,324.25,317.4,317.4,5485971
equity,INE171A01029,2026-10-01,321.35,313.75,318.2,11278668
equity,INE171A01029,2026-10-02,318.2,318.2,318.2,
equity,INE171A01029,2026-10-05,328.2,318.5,327.35,7542230
equity,INE171A01029,2026-10-06,329.55,319.25,320,4338030
equity,INE020B01018,2026-09-30,301.75,293,299,6842344
equity,INE020B01018,2026-10-01,298.2,286.2,287.75,9069239
equity,INE020B01018,2026-10-02,287.75,287.75,287.75,
equity,INE020B01018,2026-10-05,296.8,287.3,295.65,8639552
equity,INE020B01018,2026-10-06,300.95,294.85,300,5488206
equity,INE745G01043,2026-09-30,3345,3255,3300.3999,2066935
equity,INE745G01043,2026-10-01,3331.3,3193.6001,3204,2002629
equity,INE745G01043,2026-10-02,3204,3204,3204,
equity,INE745G01043,2026-10-05,3258.7,3150,3181.7,1386833
equity,INE745G01043,2026-10-06,3323,3185,3310,1520216
equity,INE114A01011,2026-09-30,186,180.26,181.49,15646382
equity,INE114A01011,2026-10-01,181.67,170.67,174.5,26206885
equity,INE114A01011,2026-10-02,174.5,174.5,174.5,
equity,INE114A01011,2026-10-05,180.44,173.28,176.95,11407529
equity,INE114A01011,2026-10-06,180.45,174.8,178.1,19417380
equity,INE949L01017,2026-09-30,1015.1,995.2,1010.3,1358165
equity,INE949L01017,2026-10-01,1009,974.2,987,2487890
equity,INE949L01017,2026-10-02,987,987,987,
equity,INE949L01017,2026-10-05,1035.7,999.1,1029.2,3358977
equity,INE949L01017,2026-10-06,1037.7,1015.9,1028,1179229
equity,INE274J01014,2026-09-30,462.25,446.25,448.65,3069066
equity,INE274J01014,2026-10-01,447.75,434.65,444,2266203
equity,INE274J01014,2026-10-05,450.65,441.05,446.5,2225503
equity,INE274J01014,2026-10-06,449.95,442.15,447.85,2084230
equity,INE498L01015,2026-09-30,273.25,264.9,265,6415013
equity,INE498L01015,2026-10-01,271.8,261.75,264.35,7097076
equity,INE498L01015,2026-10-02,264.35,264.35,264.35,
equity,INE498L01015,2026-10-05,267.7,263,263.75,4100927
equity,INE498L01015,2026-10-06,265.3,261.4,264.4,3147066
equity,INE095A01012,2026-09-30,902.1,885,901.4,2428835
equity,INE095A01012,2026-10-01,900.75,880.3,886.85,1761249
equity,INE095A01012,2026-10-02,886.85,886.85,886.85,
equity,INE095A01012,2026-10-05,900.25,880.7,886.6,2459043
equity,INE095A01012,2026-10-06,907,883.55,906.1,2405485
equity,INE880J01026,2026-09-30,358.5,348.7,356.6,2191121
equity,INE880J01026,2026-10-01,361.5,340.95,357.45,3430947
equity,INE880J01026,2026-10-02,357.45,357.45,357.45,
equity,INE880J01026,2026-10-05,364,356.05,359.4,2349162
equity,INE880J01026,2026-10-06,366.95,359.4,363.05,2318314
equity,INE848E01016,2026-09-30,73.99,72.8,72.81,7849564
equity,INE848E01016,2026-10-01,72.9,70.25,71.75,10903143
equity,INE848E01016,2026-10-02,71.75,71.75,71.75,
equity,INE848E01016,2026-10-05,72.83,71.1,72,4447161
equity,INE848E01016,2026-10-06,73.32,71.35,73.11,5478491
equity,INE00H001014,2026-09-30,257,250,250.1,9125415
equity,INE00H001014,2026-10-01,249.1,235.5,238,13785398
equity,INE00H001014,2026-10-02,238,238,238,
equity,INE00H001014,2026-10-05,246.3,237.4,238.8,11179271
equity,INE00H001014,2026-10-06,244.75,238,244.2,9736872
equity,INE094A01015,2026-09-30,357.4,350.35,350.35,2520543
equity,INE094A01015,2026-10-01,352.8,344,345,5754484
equity,INE094A01015,2026-10-02,345,345,345,
equity,INE094A01015,2026-10-05,351.25,340.4,342.35,2875288
equity,INE094A01015,2026-10-06,351.75,343.45,351,3973313
equity,INE377N01017,2026-09-30,2401.3999,2364.8999,2374.3999,402951
equity,INE377N01017,2026-10-01,2380.8999,2301.1001,2340,841593
equity,INE377N01017,2026-10-02,2340,2340,2340,
equity,INE377N01017,2026-10-05,2363.5,2323.7,2346.5,341571
equity,INE377N01017,2026-10-06,2398,2341.3,2398,393705
equity,INE647A01010,2026-09-30,2502.1001,2450.3,2472.5,292029
equity,INE647A01010,2026-10-01,2494.8999,2431.7,2486.2,352530
equity,INE647A01010,2026-10-05,2495,2442,2460,204482
equity,INE647A01010,2026-10-06,2492,2445.2,2470,150620
equity,INE765G01017,2026-09-30,1590,1511.6,1590,1952166
equity,INE765G01017,2026-10-01,1594.7,1562.6,1563,1189772
equity,INE765G01017,2026-10-05,1608,1561.1,1600,1196366
equity,INE765G01017,2026-10-06,1606,1576,1598.3,333740
equity,INE0ONG01011,2026-09-30,93.92,89.91,93.37,3214816
equity,INE0ONG01011,2026-10-01,93.4,89.05,91.09,2099127
equity,INE0ONG01011,2026-10-02,91.09,91.09,91.09,
equity,INE0ONG01011,2026-10-05,91.57,89.55,90.09,1231775
equity,INE0ONG01011,2026-10-06,90.72,90,90.13,796422
equity,INE343G01021,2026-09-30,1438,1401,1424.5,102458
equity,INE343G01021,2026-10-01,1407.6,1365.6,1379.2,116666
equity,INE343G01021,2026-10-05,1396.1,1371.4,1383.1,528019
equity,INE343G01021,2026-10-06,1403.3,1359.2,1386.8,308424
equity,INE092T01019,2026-09-30,82.08,79.46,81.44,23332019
equity,INE092T01019,2026-10-01,81.38,79.53,80.39,24434109
equity,INE092T01019,2026-10-02,80.39,80.39,80.39,
equity,INE092T01019,2026-10-05,82.3,80.65,82.22,18439126
equity,INE092T01019,2026-10-06,82.29,78.89,81.56,29046674
equity,INE298J01013,2026-09-30,1088,1062,1070,728404
equity,INE298J01013,2026-10-01,1070.6,1026.4,1046,768278
equity,INE298J01013,2026-10-05,1069.5,1046,1061,842149
equity,INE298J01013,2026-10-06,1079,1056.1,1073.5,456969
equity,INE372A01015,2026-09-30,17882,17291,17384,116165
equity,INE372A01015,2026-10-01,17868,16955,17648,138360
equity,INE372A01015,2026-10-02,17648,17648,17648,
equity,INE372A01015,2026-10-05,18379,17750,18102,102559
equity,INE372A01015,2026-10-06,18440,17875,18016,94208
equity,INE176B01034,2026-09-30,1054.4,1015.1,1016,1394518
equity,INE176B01034,2026-10-01,1041.8,1019.7,1040,2030089
equity,INE176B01034,2026-10-02,1040,1040,1040,
equity,INE176B01034,2026-10-05,1060.5,1041.6,1046.7,845006
equity,INE176B01034,2026-10-06,1057,1039.6,1057,946431
equity,INE405E01023,2026-09-30,1184.1,1159.1,1170,527106
equity,INE405E01023,2026-10-01,1170,1099.1,1111,788650
equity,INE405E01023,2026-10-05,1126,1086.2,1101,952575
equity,INE405E01023,2026-10-06,1128.5,1100,1120,1038825
equity,INE726G01019,2026-09-30,450,442.4,443.8,839768
equity,INE726G01019,2026-10-01,450.55,441.8,448.05,1267559
equity,INE726G01019,2026-10-05,457,446.05,454.9,1224982
equity,INE726G01019,2026-10-06,462.9,453.55,459.5,595211
equity,INE528G01035,2026-09-30,21.4,20.85,20.95,94081938
equity,INE528G01035,2026-10-01,21.17,20.51,20.75,80611659
equity,INE528G01035,2026-10-02,20.75,20.75,20.75,
equity,INE528G01035,2026-10-05,21.23,20.91,21.06,61113748
equity,INE528G01035,2026-10-06,21.05,20.81,20.86,48824934
equity,INE211B01039,2026-09-30,1963.4,1916.2,1935,421345
equity,INE211B01039,2026-10-01,1963.1,1911.8,1930,555494
equity,INE211B01039,2026-10-05,1954.9,1909.2,1935,430722
equity,INE211B01039,2026-10-06,1946.8,1857.8,1883.5,617638
equity,INE377Y01014,2026-09-30,83.4,81.33,82,4275068
equity,INE377Y01014,2026-10-01,83.19,81.06,82.91,5602067
equity,INE377Y01014,2026-10-05,84.05,81.61,82.79,3691800
equity,INE377Y01014,2026-10-06,83.09,82.12,82.36,1962696
equity,INE935A01035,2026-09-30,2410,2334.7,2334.7,1261905
equity,INE935A01035,2026-10-01,2360,2279.3,2331,972522
equity,INE935A01035,2026-10-02,2331,2331,2331,
equity,INE935A01035,2026-10-05,2340.5,2273.5,2295,490378
equity,INE935A01035,2026-10-06,2320,2277.3,2311,493791
equity,INE139A01034,2026-09-30,348.95,340.95,340.95,5109676
equity,INE139A01034,2026-10-01,338.85,329.5,334.9,4672624
equity,INE139A01034,2026-10-02,334.9,334.9,334.9,
equity,INE139A01034,2026-10-05,344.1,334.3,340,5169746
equity,INE139A01034,2026-10-06,348.65,333.35,337.25,6698070
equity,INE914M01019,2026-09-30,739.55,691.75,697.15,2346216
equity,INE914M01019,2026-10-01,712.2,684.25,708.9,1534481
equity,INE914M01019,2026-10-05,708,687,691.5,1401950
equity,INE914M01019,2026-10-06,691.8,674.1,684.7,1226229
equity,INE811K01011,2026-09-30,1493,1420.5,1481.9,1284002
equity,INE811K01011,2026-10-01,1500.9,1445,1486.1,1381292
equity,INE811K01011,2026-10-02,1486.1,1486.1,1486.1,
equity,INE811K01011,2026-10-05,1499.6,1445,1445,745266
equity,INE811K01011,2026-10-06,1467.7,1438,1467.7,610872
equity,INE191B01025,2026-09-30,2835.8,2700.8999,2717,1718055
equity,INE191B01025,2026-10-01,2731.3,2539.2,2605.8,2309126
equity,INE191B01025,2026-10-02,2605.8,2605.8,2605.8,
equity,INE191B01025,2026-10-05,2672.8999,2450,2497.5,2352647
equity,INE191B01025,2026-10-06,2676,2518.6001,2660.8999,1853414
equity,INE061F01013,2026-09-30,821,757.45,770,5818918
equity,INE061F01013,2026-10-01,786.4,745.35,785,6942851
equity,INE061F01013,2026-10-02,785,785,785,
equity,INE061F01013,2026-10-05,785.75,763.8,763.8,2115546
equity,INE061F01013,2026-10-06,770.2,756.3,764,1246740
equity,INE093I01010,2026-09-30,1796.3,1751.5,1765.7,573434
equity,INE093I01010,2026-10-01,1780.5,1726.6,1754.6,282807
equity,INE093I01010,2026-10-05,1793.7,1749.2,1751.2,419733
equity,INE093I01010,2026-10-06,1764.4,1737.9,1751.8,226196
equity,INE016A01026,2026-09-30,384.65,379.15,380.1,1957070
equity,INE016A01026,2026-10-01,383.85,373.2,374.25,2455226
equity,INE016A01026,2026-10-02,374.25,374.25,374.25,
equity,INE016A01026,2026-10-05,379,373.3,378.65,685009
equity,INE016A01026,2026-10-06,393.15,375.3,388.9,2619403
equity,INE399L01023,2026-09-30,602.95,589.05,593.9,616167
equity,INE399L01023,2026-10-01,594.15,572.05,583.05,812043
equity,INE399L01023,2026-10-05,593,578.65,583.25,509708
equity,INE399L01023,2026-10-06,592.9,583.6,588.45,365713
equity,INE457A01014,2026-09-30,81.5,79.37,79.37,19568168
equity,INE457A01014,2026-10-01,81.13,78.87,80.5,9608211
equity,INE457A01014,2026-10-02,80.5,80.5,80.5,
equity,INE457A01014,2026-10-05,82.4,79.85,80.9,13114830
equity,INE457A01014,2026-10-06,81.3,80.02,80.8,8452470
equity,INE084A01016,2026-09-30,132.73,130.24,130.24,5018149
equity,INE084A01016,2026-10-01,131.11,126.73,129.48,4296454
equity,INE084A01016,2026-10-02,129.48,129.48,129.48,
equity,INE084A01016,2026-10-05,136.27,132,133.5,15657633
equity,INE084A01016,2026-10-06,133.72,131.62,132.16,3277008
equity,INE813H01021,2026-09-30,1256.4,1230,1245.9,187402
equity,INE813H01021,2026-10-01,1249,1212,1242.9,156392
equity,INE813H01021,2026-10-02,1242.9,1242.9,1242.9,
equity,INE813H01021,2026-10-05,1249.1,1226,1234.2,191786
equity,INE813H01021,2026-10-06,1240.1,1220.5,1234.9,205967
equity,INE376G01013,2026-09-30,381.2,370.3,370.3,1849491
equity,INE376G01013,2026-10-01,374.25,363.6,370.7,2525268
equity,INE376G01013,2026-10-02,370.7,370.7,370.7,
equity,INE376G01013,2026-10-05,373.05,365.1,369.8,2121058
equity,INE376G01013,2026-10-06,371,366.6,369.1,4645858
equity,INE565A01014,2026-09-30,31.54,30.8,30.96,2518317
equity,INE565A01014,2026-10-01,30.83,30.07,30.38,2774243
equity,INE565A01014,2026-10-05,31.9,30.5,31.35,4689838
equity,INE565A01014,2026-10-06,31.62,30.94,31.46,2268288
equity,INE976G01028,2026-09-30,412.35,403.35,403.35,3855694
equity,INE976G01028,2026-10-01,417.8,405.05,411.4,5387538
equity,INE976G01028,2026-10-02,411.4,411.4,411.4,
equity,INE976G01028,2026-10-05,419.9,410.2,416.55,4238401
equity,INE976G01028,2026-10-06,418,412.3,414.5,2559471
equity,INE481Y01014,2026-09-30,333.5,320,331.15,772056
equity,INE481Y01014,2026-10-01,329.1,316.8,323.9,720831
equity,INE481Y01014,2026-10-02,323.9,323.9,323.9,
equity,INE481Y01014,2026-10-05,324.9,314.7,319.1,870442
equity,INE481Y01014,2026-10-06,321.55,313.5,314.25,745857
equity,INE0LEZ01016,2026-09-30,1441,1405,1425,3085289
equity,INE0LEZ01016,2026-10-01,1429.1,1373.6,1406.1,4210984
equity,INE0LEZ01016,2026-10-02,1406.1,1406.1,1406.1,
equity,INE0LEZ01016,2026-10-05,1423.8,1388.5,1409.9,3319066
equity,INE0LEZ01016,2026-10-06,1550.8,1385.7,1446,4190550
equity,INE018E01016,2026-09-30,591.25,578.05,578.05,582328
equity,INE018E01016,2026-10-01,582.5,560.15,563.2,962872
equity,INE018E01016,2026-10-02,563.2,563.2,563.2,
equity,INE018E01016,2026-10-05,577.15,561.25,566,778398
equity,INE018E01016,2026-10-06,571.5,562.2,569.4,622293
equity,INE702C01027,2026-09-30,2224.5,2181.6001,2190.1001,587352
equity,INE702C01027,2026-10-01,2196.8,2059.5,2115.7,1615913
equity,INE702C01027,2026-10-05,2147.3999,2061.3999,2099.8,678442
equity,INE702C01027,2026-10-06,2152,2099.6001,2152,320323
equity,INE338I01027,2026-09-30,1016.5,994,994,766759
equity,INE338I01027,2026-10-01,996.7,965.05,989.9,1607962
equity,INE338I01027,2026-10-02,989.9,989.9,989.9,
equity,INE338I01027,2026-10-05,1018.9,987.9,1011.1,445092
equity,INE338I01027,2026-10-06,1086,1017.1,1081.15,2177791
equity,INE040H01021,2026-09-30,39.99,39.2,39.49,47026942
equity,INE040H01021,2026-10-01,39.63,38.4,38.91,53247107
equity,INE040H01021,2026-10-02,38.91,38.91,38.91,
equity,INE040H01021,2026-10-05,39.46,38.75,38.92,51123556
equity,INE040H01021,2026-10-06,39.45,38.85,39.16,42471269
equity,INE540L01014,2026-09-30,5276.5,5135,5163.5,146577
equity,INE540L01014,2026-10-01,5220,5110,5220,291015
equity,INE540L01014,2026-10-05,5235,5136,5192.5,102619
equity,INE540L01014,2026-10-06,5292,5165,5292,63620
equity,INE303R01014,2026-09-30,572.05,552.5,553.15,5559899
equity,INE303R01014,2026-10-01,555.55,522.5,528.5,7831270
equity,INE303R01014,2026-10-02,528.5,528.5,528.5,
equity,INE303R01014,2026-10-05,564.95,529.1,556.85,13447714
equity,INE303R01014,2026-10-06,581.9,546.55,548.15,14870176
equity,INE513A01022,2026-09-30,3960,3877.3,3897.1001,63788
equity,INE513A01022,2026-10-01,3909,3765.5,3885.6001,43557
equity,INE513A01022,2026-10-05,3908.6001,3825.3,3845,38172
equity,INE513A01022,2026-10-06,3874.2,3806.8999,3818.1001,43159
equity,INE220G01021,2026-09-30,749.85,733,747.4,860756
equity,INE220G01021,2026-10-01,745.4,728.35,732.7,764831
equity,INE220G01021,2026-10-05,747,728.9,742,393852
equity,INE220G01021,2026-10-06,759.6,742.05,750.95,476705
equity,INE944F01028,2026-09-30,4516,4365.1001,4366,387850
equity,INE944F01028,2026-10-01,4394.2002,4234.7998,4237,426809
equity,INE944F01028,2026-10-02,4237,4237,4237,
equity,INE944F01028,2026-10-05,4307,4238.5,4289.1001,395032
equity,INE944F01028,2026-10-06,4509,4294,4460.1001,632015
equity,INE484J01027,2026-09-30,1659.6,1623.4,1628.5,832521
equity,INE484J01027,2026-10-01,1632.9,1566.6,1595.8,496337
equity,INE484J01027,2026-10-05,1616.7,1578,1599.9,509332
equity,INE484J01027,2026-10-06,1620,1583.7,1610,371354
equity,INE169A01031,2026-09-30,1832,1742.9,1758.2,612561
equity,INE169A01031,2026-10-01,1775.9,1701,1763.6,239111
equity,INE169A01031,2026-10-05,1809.8,1751.8,1801.4,189198
equity,INE169A01031,2026-10-06,1812.8,1772.3,1788.3,149089
equity,INE756I01012,2026-09-30,637.5,620,621.3,420599
equity,INE756I01012,2026-10-01,622.25,602.6,618.2,440447
equity,INE756I01012,2026-10-05,625.6,615.15,622.55,308905
equity,INE756I01012,2026-10-06,629,613.05,616.75,943442
equity,INE463A01038,2026-09-30,458.75,449.25,455.45,302319
equity,INE463A01038,2026-10-01,457.9,445.3,452.4,386752
equity,INE463A01038,2026-10-05,460.8,452.45,458.4,514017
equity,INE463A01038,2026-10-06,474.65,457.45,472.55,383616
equity,INE358A01014,2026-09-30,27495,27015,27125,5645
equity,INE358A01014,2026-10-01,27330,26435,26840,6879
equity,INE358A01014,2026-10-02,26840,26840,26840,
equity,INE358A01014,2026-10-05,26840,26030,26240,5773
equity,INE358A01014,2026-10-06,26550,25955,26115,12532
equity,INE883A01011,2026-09-30,125800,123000,125280,4133
equity,INE883A01011,2026-10-01,125100,122745,123715,3448
equity,INE883A01011,2026-10-05,124490,122755,123330,3098
equity,INE883A01011,2026-10-06,124560,123250,124080,2176
equity,INE473A01011,2026-09-30,6366,6180.5,6323,28491
equity,INE473A01011,2026-10-01,6466,6187,6247.5,42491
equity,INE473A01011,2026-10-05,6322.5,5991,6041,43746
equity,INE473A01011,2026-10-06,6171,6029.5,6152.5,17331
equity,INE180A01020,2026-09-30,1395.1,1344.3,1373.4,931017
equity,INE180A01020,2026-10-01,1403.1,1364.4,1392,1151973
equity,INE180A01020,2026-10-05,1385.3,1341,1348,2005008
equity,INE180A01020,2026-10-06,1362.7,1330.2,1361,2855790
equity,INE202B01038,2026-09-30,2127.5,2012,2043.9,230032
equity,INE202B01038,2026-10-01,2045.4,1978,2023.3,303300
equity,INE202B01038,2026-10-05,2046,1986.5,2002.6,185520
equity,INE202B01038,2026-10-06,2046.9,1975,2018.5,171616
equity,INE0CZ201020,2026-09-30,878.2,855.05,858.6,189868
equity,INE0CZ201020,2026-10-01,859.75,830.6,855.75,648832
equity,INE0CZ201020,2026-10-02,855.75,855.75,855.75,
equity,INE0CZ201020,2026-10-05,858.85,840.6,851.9,292397
equity,INE0CZ201020,2026-10-06,898.65,843,890.35,681824
equity,INE974X01010,2026-09-30,2449.6001,2373.2,2375,690294
equity,INE974X01010,2026-10-01,2405.2,2307.3,2340,471021
equity,INE974X01010,2026-10-02,2340,2340,2340,
equity,INE974X01010,2026-10-05,2368.8999,2293.8,2320,687174
equity,INE974X01010,2026-10-06,2472.7,2312,2472.7,779967
equity,INE774D01024,2026-09-30,333.25,322.65,324.85,920944
equity,INE774D01024,2026-10-01,325.4,315.45,319.75,3088333
equity,INE774D01024,2026-10-02,319.75,319.75,319.75,
equity,INE774D01024,2026-10-05,340.3,321,326.2,3956735
equity,INE774D01024,2026-10-06,329.85,322.3,327.75,1798688
equity,INE188A01015,2026-09-30,770.35,752,757.95,99917
equity,INE188A01015,2026-10-01,757.9,727.95,734.95,95867
equity,INE188A01015,2026-10-05,745.6,729.05,731.75,66812
equity,INE188A01015,2026-10-06,765,732.05,759,131434
equity,INE660A01013,2026-09-30,4407.7998,4315,4355,54266
equity,INE660A01013,2026-10-01,4414.7002,4286,4395.8999,39347
equity,INE660A01013,2026-10-02,4395.8999,4395.8999,4395.8999,
equity,INE660A01013,2026-10-05,4428.8999,4222.2998,4268.3999,52587
equity,INE660A01013,2026-10-06,4369.5,4240.5,4347.7998,31040
equity,INE531E01026,2026-09-30,481.7,471.5,472.65,5881618
equity,INE531E01026,2026-10-01,471.2,450,462.15,6827265
equity,INE531E01026,2026-10-02,462.15,462.15,462.15,
equity,INE531E01026,2026-10-05,481,465.15,478.65,5563749
equity,INE531E01026,2026-10-06,487.6,480.25,485.5,3645387
equity,INE159A01016,2026-09-30,2813.6001,2752.1001,2769.3,45801
equity,INE159A01016,2026-10-01,2799,2724.8,2771.1001,73407
equity,INE159A01016,2026-10-05,2785.3,2710.1001,2732.8,24366
equity,INE159A01016,2026-10-06,2762.8999,2707,2755,39214
equity,INE151A01013,2026-09-30,1668.1,1640.1,1656.2,137552
equity,INE151A01013,2026-10-01,1697.9,1617.5,1683,140782
equity,INE151A01013,2026-10-05,1697.6,1647.7,1677.2,88150
equity,INE151A01013,2026-10-06,1694.7,1664.2,1681.8,132327
equity,INE09N301011,2026-09-30,4454.8999,4358.1001,4405.2998,68354
equity,INE09N301011,2026-10-01,4415,4225.3999,4341.5,156006
equity,INE09N301011,2026-10-02,4341.5,4341.5,4341.5,
equity,INE09N301011,2026-10-05,4493.5,4343,4429.7998,137290
equity,INE09N301011,2026-10-06,4646.8999,4430.2002,4577.2002,181004
equity,INE571A01038,2026-09-30,1984.9,1916.4,1927,312460
equity,INE571A01038,2026-10-01,1966.8,1880.8,1943.2,323967
equity,INE571A01038,2026-10-05,1984.9,1930.3,1951.3,210605
equity,INE571A01038,2026-10-06,1965,1932,1945.5,271583
equity,INE259A01022,2026-09-30,1808.6,1763.3,1763.3,276534
equity,INE259A01022,2026-10-01,1775.4,1716.1,1735,412868
equity,INE259A01022,2026-10-02,1735,1735,1735,
equity,INE259A01022,2026-10-05,1775,1737,1775,173685
equity,INE259A01022,2026-10-06,1809.4,1763.3,1809.4,557652
equity,INE01EA01019,2026-09-30,102.6,99.92,101,16476797
equity,INE01EA01019,2026-10-01,100.5,98.42,99.5,11791052
equity,INE01EA01019,2026-10-02,99.5,99.5,99.5,
equity,INE01EA01019,2026-10-05,100.6,98.1,98.25,5980303
equity,INE01EA01019,2026-10-06,101.71,98.08,100.95,15102873
equity,INE073K01018,2026-09-30,837,816.4,830,2734579
equity,INE073K01018,2026-10-01,828.55,783.65,805,3497748
equity,INE073K01018,2026-10-02,805,805,805,
equity,INE073K01018,2026-10-05,803.75,785.6,797,2049996
equity,INE073K01018,2026-10-06,821.65,793.25,820,1679477
equity,INE628A01036,2026-09-30,544.9,535.25,539.75,3114983
equity,INE628A01036,2026-10-01,537.65,511.2,516.8,2466891
equity,INE628A01036,2026-10-02,516.8,516.8,516.8,
equity,INE628A01036,2026-10-05,526.8,496.05,502.5,5330366
equity,INE628A01036,2026-10-06,511.55,503.9,509.55,1193813
equity,INE068V01023,2026-09-30,3007.7,2872,2899.3999,528548
equity,INE068V01023,2026-10-01,2929.8,2841.1001,2874.3999,327673
equity,INE068V01023,2026-10-05,2920,2863.1001,2911.5,248980
equity,INE068V01023,2026-10-06,3019.8,2898.1001,3006.1001,373540
equity,INE084101034,2026-09-30,1263.9,1223,1242.45,707284
equity,INE084101034,2026-10-01,1285,1215,1271.8,901958
equity,INE084101034,2026-10-02,1271.8,1271.8,1271.8,
equity,INE084101034,2026-10-05,1333.9,1284.9,1320.4,939096
equity,INE084101034,2026-10-06,1360,1305,1350.2,852688
equity,INE878B01027,2026-09-30,4536.5,4450,4455,182773
equity,INE878B01027,2026-10-01,4558,4424.2002,4502,320912
equity,INE878B01027,2026-10-02,4502,4502,4502,
equity,INE878B01027,2026-10-05,4652.7998,4510,4638.2002,275897
equity,INE878B01027,2026-10-06,4639,4557.3999,4557.3999,413019
equity,INE466L01038,2026-09-30,1047,1029,1030,1348986
equity,INE466L01038,2026-10-01,1043,1008,1040,1213803
equity,INE466L01038,2026-10-02,1040,1040,1040,
equity,INE466L01038,2026-10-05,1059.6,1033.3,1050,564932
equity,INE466L01038,2026-10-06,1074.5,1050,1069.5,734690
equity,INE356A01018,2026-09-30,2252.6001,2144.8,2154.3999,701536
equity,INE356A01018,2026-10-01,2265,2160.1001,2250.2,1178274
equity,INE356A01018,2026-10-05,2342,2239.2,2297.1001,1107616
equity,INE356A01018,2026-10-06,2306,2265.5,2298,286666
equity,INE171Z01026,2026-09-30,1127.6,1091,1110.1,1193043
equity,INE171Z01026,2026-10-01,1115.7,1071.2,1087.9,928850
equity,INE171Z01026,2026-10-05,1102.8,1082.1,1096.2,660761
equity,INE171Z01026,2026-10-06,1111,1092.2,1101.8,728524
equity,INE0BS701011,2026-09-30,883,865.2,870.1,1144007
equity,INE0BS701011,2026-10-01,888.4,860.1,878.05,1259157
equity,INE0BS701011,2026-10-02,878.05,878.05,878.05,
equity,INE0BS701011,2026-10-05,893.6,864,891.95,985692
equity,INE0BS701011,2026-10-06,911.85,885,907,867760
equity,INE208C01025,2026-09-30,1400,1312.5,1380.1,1090547
equity,INE208C01025,2026-10-01,1415.7,1332.9,1401.1,1061975
equity,INE208C01025,2026-10-02,1401.1,1401.1,1401.1,
equity,INE208C01025,2026-10-05,1410,1355,1359.5,873548
equity,INE208C01025,2026-10-06,1400,1348.3,1395.9,861543
equity,INE415G01027,2026-09-30,209.65,198.25,201.76,17689293
equity,INE415G01027,2026-10-01,202.45,194.05,197,6247340
equity,INE415G01027,2026-10-02,197,197,197,
equity,INE415G01027,2026-10-05,199.9,195.34,196.95,2937181
equity,INE415G01027,2026-10-06,201.2,196.64,198.78,3144187
equity,INE787D01026,2026-09-30,2155,2105.7,2117,119706
equity,INE787D01026,2026-10-01,2108,2048.8999,2083.5,326468
equity,INE787D01026,2026-10-05,2097.8999,2059,2066.5,95715
equity,INE787D01026,2026-10-06,2103.8999,2050.6001,2082.7,122684
equity,INE206F01022,2026-09-30,559,541,546.6,158568
equity,INE206F01022,2026-10-01,554.3,527.2,539.3,224276
equity,INE206F01022,2026-10-02,539.3,539.3,539.3,
equity,INE206F01022,2026-10-05,553.9,539,551.6,146383
equity,INE206F01022,2026-10-06,552.6,548.2,550.15,55682
equity,INE195A01028,2026-09-30,3545,3446.1001,3451,139486
equity,INE195A01028,2026-10-01,3440,3286.8999,3380,167968
equity,INE195A01028,2026-10-02,3380,3380,3380,
equity,INE195A01028,2026-10-05,3430.8999,3370,3398.8999,53297
equity,INE195A01028,2026-10-06,3530.7,3376,3497.8999,221342
equity,INE048G01026,2026-09-30,8417.5,8200.5,8245,161189
equity,INE048G01026,2026-10-01,8262,8035,8136.5,94936
equity,INE048G01026,2026-10-05,8333.5,8115,8272,133656
equity,INE048G01026,2026-10-06,8574,8272,8536,112305
equity,INE819V01029,2026-09-30,3950,3766,3846.5,237687
equity,INE819V01029,2026-10-01,3860,3756,3799.6001,119217
equity,INE819V01029,2026-10-02,3799.6001,3799.6001,3799.6001,
equity,INE819V01029,2026-10-05,3989.5,3833.5,3989.5,255914
equity,INE819V01029,2026-10-06,4188.8999,3942.5,3976,432768
equity,INE152A01029,2026-09-30,3424.5,3276,3392.2,406098
equity,INE152A01029,2026-10-01,3378.8,3312,3360.6001,290287
equity,INE152A01029,2026-10-02,3360.6001,3360.6001,3360.6001,
equity,INE152A01029,2026-10-05,3400.7,3212,3228.2,187112
equity,INE152A01029,2026-10-06,3250,3193,3225.1001,236487
equity,INE031B01049,2026-09-30,3758.8999,3567.1001,3620.8,344068
equity,INE031B01049,2026-10-01,3602.3999,3489.6001,3581,75759
equity,INE031B01049,2026-10-05,3588.6001,3459,3486,104722
equity,INE031B01049,2026-10-06,3585,3486,3573.3999,109380
equity,INE347G01014,2026-09-30,288.9,284,284.5,2419296
equity,INE347G01014,2026-10-01,287.5,283.45,285.5,1678508
equity,INE347G01014,2026-10-05,294,286.5,290,2861154
equity,INE347G01014,2026-10-06,297.85,291,297.5,5098704
equity,INE511C01022,2026-09-30,453.9,442.2,443.85,687449
equity,INE511C01022,2026-10-01,446.45,427.1,433.4,762919
equity,INE511C01022,2026-10-05,453.9,436.5,451.95,1365007
equity,INE511C01022,2026-10-06,461.85,447.95,460.45,732276
equity,INE930H01031,2026-09-30,1113.3,1076.4,1103.3,165794
equity,INE930H01031,2026-10-01,1099.1,1057.5,1071,104769
equity,INE930H01031,2026-10-05,1080.4,1052,1072.6,109665
equity,INE930H01031,2026-10-06,1103,1074.1,1100.4,75276
equity,INE761H01022,2026-09-30,37150,36210,36385,83553
equity,INE761H01022,2026-10-01,37135,36055,36660,40495
equity,INE761H01022,2026-10-02,36660,36660,36660,
equity,INE761H01022,2026-10-05,37830,36520,37465,24628
equity,INE761H01022,2026-10-06,38465,37395,37970,31599
equity,INE006I01046,2026-09-30,1384.1,1366,1370.4,258131
equity,INE006I01046,2026-10-01,1368.5,1316.1,1344,299231
equity,INE006I01046,2026-10-05,1367.2,1339.4,1362.1,325806
equity,INE006I01046,2026-10-06,1405,1348.6,1402.3,359762
equity,INE474Q01031,2026-09-30,1429.1,1352.4,1365,457701
equity,INE474Q01031,2026-10-01,1386.1,1336.2,1357.3,363086
equity,INE474Q01031,2026-10-02,1357.3,1357.3,1357.3,
equity,INE474Q01031,2026-10-05,1369.1,1321.4,1332.6,224984
equity,INE474Q01031,2026-10-06,1344.7,1282,1300.8,378246
equity,INE212H01026,2026-09-30,3910.8999,3804.2,3869,51956
equity,INE212H01026,2026-10-01,3865.5,3756.8999,3824.3999,30989
equity,INE212H01026,2026-10-05,3894.8999,3802.5,3863.2,27893
equity,INE212H01026,2026-10-06,3960,3781,3914.7,43786
equity,INE704P01025,2026-09-30,1348.6,1305.7,1315,985418
equity,INE704P01025,2026-10-01,1315.9,1265.6,1287,727942
equity,INE704P01025,2026-10-02,1287,1287,1287,
equity,INE704P01025,2026-10-05,1308,1279.3,1283.8,678043
equity,INE704P01025,2026-10-06,1293.1,1273.5,1282,859893
equity,INE823G01014,2026-09-30,5117,4848,5076,106778
equity,INE823G01014,2026-10-01,5037.5,4891,4952,335492
equity,INE823G01014,2026-10-05,5014.5,4903.5,4981.5,9705
equity,INE823G01014,2026-10-06,5000,4945.5,4960,9885
equity,INE233A01035,2026-09-30,1069,1036,1039.4,37170
equity,INE233A01035,2026-10-01,1041,985.2,1019.6,105287
equity,INE233A01035,2026-10-05,1046,1009.5,1040.2,55338
equity,INE233A01035,2026-10-06,1054,1022.5,1045,42485
equity,INE913H01037,2026-09-30,2747.8999,2621.1001,2656.5,137641
equity,INE913H01037,2026-10-01,2653,2581.3,2601.3999,123076
equity,INE913H01037,2026-10-05,2617,2502.7,2526.5,112901
equity,INE913H01037,2026-10-06,2553.2,2512,2516,75256
equity,INE226A01021,2026-09-30,1097.8,1066,1070,1028057
equity,INE226A01021,2026-10-01,1078.6,1040.6,1053.2,638996
equity,INE226A01021,2026-10-05,1072.1,1052.9,1061.3,436486
equity,INE226A01021,2026-10-06,1073.4,1048.6,1067.9,2705325
equity,INE111A01025,2026-09-30,454.6,445.3,447.5,1094966
equity,INE111A01025,2026-10-01,450.85,436.35,442,877730
equity,INE111A01025,2026-10-05,446.6,434.5,441.45,949906
equity,INE111A01025,2026-10-06,446.5,440.2,445.85,929524
equity,INE089C01029,2026-09-30,909.9,909.9,909.9,1691349
equity,INE089C01029,2026-10-01,955.35,889,955.35,5594054
equity,INE089C01029,2026-10-02,955.35,955.35,955.35,
equity,INE089C01029,2026-10-05,1003.1,932,1001.25,3877431
equity,INE089C01029,2026-10-06,1051.1,1006.3,1016.7,3446928
equity,INE335Y01020,2026-09-30,467.35,452.55,455.4,829734
equity,INE335Y01020,2026-10-01,466.25,446.8,454.1,1528758
equity,INE335Y01020,2026-10-02,454.1,454.1,454.1,
equity,INE335Y01020,2026-10-05,464.6,448.05,452.8,1583641
equity,INE335Y01020,2026-10-06,460.05,451.5,454.8,718254
equity,INE509F01029,2026-09-30,312,287.4,311.65,66496228
equity,INE509F01029,2026-10-01,314.3,308.5,312.5,25539188
equity,INE509F01029,2026-10-02,312.5,312.5,312.5,
equity,INE509F01029,2026-10-05,316,302.1,310.1,15766847
equity,INE509F01029,2026-10-06,324.95,310.1,324.2,23852316
equity,INE410P01011,2026-09-30,1813.7,1730.1,1791.4,341005
equity,INE410P01011,2026-10-01,1774.9,1714.1,1741.4,258740
equity,INE410P01011,2026-10-05,1749.6,1709.6,1722.4,92682
equity,INE410P01011,2026-10-06,1739.6,1716.2,1723.8,177884
equity,INE470Y01017,2026-09-30,169.29,165.7,167.02,1160229
equity,INE470Y01017,2026-10-01,166.96,158.29,160.21,1814930
equity,INE470Y01017,2026-10-02,160.21,160.21,160.21,
equity,INE470Y01017,2026-10-05,163,157.7,158.36,1226665
equity,INE470Y01017,2026-10-06,163.5,158,160.72,1937034
equity,INE589A01014,2026-09-30,263.5,255.4,261.7,1940444
equity,INE589A01014,2026-10-01,261.25,251.85,253.2,1597038
equity,INE589A01014,2026-10-02,253.2,253.2,253.2,
equity,INE589A01014,2026-10-05,257.65,251.15,252.45,620352
equity,INE589A01014,2026-10-06,260,253.8,254.9,1241729
equity,INE603J01030,2026-09-30,2322.8,2270,2310,174009
equity,INE603J01030,2026-10-01,2302.3999,2220,2236,125263
equity,INE603J01030,2026-10-05,2287.8999,2199.6001,2220,210128
equity,INE603J01030,2026-10-06,2252.2,2200,2250,617433
equity,INE619A01035,2026-09-30,372.25,363,363,1344954
equity,INE619A01035,2026-10-01,366.05,348.55,355.15,4327803
equity,INE619A01035,2026-10-02,355.15,355.15,355.15,
equity,INE619A01035,2026-10-05,358.8,348.85,355.7,7070094
equity,INE619A01035,2026-10-06,364.5,350.5,363,6485459
equity,INE010V01017,2026-09-30,3254.8999,3100,3228.6001,146167
equity,INE010V01017,2026-10-01,3280,3165,3267.8,80220
equity,INE010V01017,2026-10-02,3267.8,3267.8,3267.8,
equity,INE010V01017,2026-10-05,3305.8,3201,3219.5,62578
equity,INE010V01017,2026-10-06,3258.3,3185,3246,40231
equity,INE470A01017,2026-09-30,32695,31890,32160,3548
equity,INE470A01017,2026-10-01,31920,30550,30795,6078
equity,INE470A01017,2026-10-05,31170,30220,30400,2411
equity,INE470A01017,2026-10-06,30950,30435,30840,1680
equity,INE463V01026,2026-09-30,2127.6001,2072,2120,552945
equity,INE463V01026,2026-10-01,2130.7,2086,2117.5,284498
equity,INE463V01026,2026-10-05,2135,2101.2,2132,404648
equity,INE463V01026,2026-10-06,2169.8999,2129.8999,2142,275329
equity,INE0LP301011,2026-09-30,126.7,122,123.48,5681880
equity,INE0LP301011,2026-10-01,123.8,117.71,120.17,5922570
equity,INE0LP301011,2026-10-02,120.17,120.17,120.17,
equity,INE0LP301011,2026-10-05,133.47,120.71,131.1,28246518
equity,INE0LP301011,2026-10-06,135.4,126.61,131.86,21546307
equity,INE168P01015,2026-09-30,1965.9,1907.2,1943,71094
equity,INE168P01015,2026-10-01,1974,1916.1,1944.6,69846
equity,INE168P01015,2026-10-05,1966.6,1917.3,1937.1,67551
equity,INE168P01015,2026-10-06,1954.9,1890,1922.4,379762
equity,INE031A01017,2026-09-30,169.25,164.28,166.58,2274257
equity,INE031A01017,2026-10-01,167.94,159.51,161.54,3136559
equity,INE031A01017,2026-10-02,161.54,161.54,161.54,
equity,INE031A01017,2026-10-05,164.99,161.34,162.09,1688872
equity,INE031A01017,2026-10-06,165.8,155.8,161.04,9804275
equity,INE302A01020,2026-09-30,417.5,407.75,412.6,2723921
equity,INE302A01020,2026-10-01,417.5,403.8,409.45,2369486
equity,INE302A01020,2026-10-02,409.45,409.45,409.45,
equity,INE302A01020,2026-10-05,415.85,402.15,405.25,1713639
equity,INE302A01020,2026-10-06,410.4,403.75,405.75,1097246
equity,INE596F01018,2026-09-30,23245,22035,22190,20719
equity,INE596F01018,2026-10-01,22435,21720,22025,14332
equity,INE596F01018,2026-10-05,22620,21665,22530,18625
equity,INE596F01018,2026-10-06,23240,22330,23125,20786
equity,INE548A01028,2026-09-30,227.02,227.02,227.02,3383926
equity,INE548A01028,2026-10-01,238.37,227.1,238.36,23039457
equity,INE548A01028,2026-10-02,238.36,238.36,238.36,
equity,INE548A01028,2026-10-05,250.27,234,250.27,9592712
equity,INE548A01028,2026-10-06,262.78,256,262.78,6655749
equity,INE007A01025,2026-09-30,4519,4416,4450.7998,36918
equity,INE007A01025,2026-10-01,4465.5,4345,4428.6001,32314
equity,INE007A01025,2026-10-05,4531.5,4401,4505.7998,26707
equity,INE007A01025,2026-10-06,4549.8999,4480.5,4523.2998,10499
equity,INE148O01028,2026-09-30,418.35,400.35,409.7,5573038
equity,INE148O01028,2026-10-01,408.65,397,400,1371538
equity,INE148O01028,2026-10-02,400,400,400,
equity,INE148O01028,2026-10-05,404.85,398,400.3,2579997
equity,INE148O01028,2026-10-06,410.8,400.3,407.5,2098849
equity,INE049B01025,2026-09-30,2213.6001,2106.2,2116.3,823461
equity,INE049B01025,2026-10-01,2124,2035.6,2083.8999,784540
equity,INE049B01025,2026-10-02,2083.8999,2083.8999,2083.8999,
equity,INE049B01025,2026-10-05,2093.8999,2003,2063.5,803153
equity,INE049B01025,2026-10-06,2184,2062,2176.3999,898183
equity,INE019C01026,2026-09-30,687.3,667.1,677.8,2047533
equity,INE019C01026,2026-10-01,677.75,658.7,665.15,1431438
equity,INE019C01026,2026-10-02,665.15,665.15,665.15,
equity,INE019C01026,2026-10-05,672.5,656.5,659.85,876519
equity,INE019C01026,2026-10-06,670,661.3,668.55,1016232
equity,INE686F01025,2026-09-30,1213.8,1151,1158.1,322312
equity,INE686F01025,2026-10-01,1194.8,1140.3,1188.8,143713
equity,INE686F01025,2026-10-05,1192.6,1171.5,1183.3,56186
equity,INE686F01025,2026-10-06,1197.6,1172,1178.3,93585
equity,INE036D01028,2026-09-30,327,311.4,324.8,3398416
equity,INE036D01028,2026-10-01,328.7,320.9,325.3,3073268
equity,INE036D01028,2026-10-02,325.3,325.3,325.3,
equity,INE036D01028,2026-10-05,330.9,320.55,324.7,1950191
equity,INE036D01028,2026-10-06,329.35,323,325.2,1631522
equity,INE570L01029,2026-09-30,1577.9,1516.4,1524.5,537181
equity,INE570L01029,2026-10-01,1556.9,1493.1,1541.2,584535
equity,INE570L01029,2026-10-02,1541.2,1541.2,1541.2,
equity,INE570L01029,2026-10-05,1557.9,1501,1511.3,325814
equity,INE570L01029,2026-10-06,1569,1495,1558.1,277784
equity,INE379A01028,2026-09-30,164.9,160.25,164.13,1550628
equity,INE379A01028,2026-10-01,163.3,157.05,158.51,2346443
equity,INE379A01028,2026-10-02,158.51,158.51,158.51,
equity,INE379A01028,2026-10-05,160.8,158.11,158.96,922569
equity,INE379A01028,2026-10-06,160.8,158.3,160.21,1237020
equity,INE531F01023,2026-09-30,1688.6,1645.5,1652.5,206395
equity,INE531F01023,2026-10-01,1738.6,1652.9,1701.4,856086
equity,INE531F01023,2026-10-05,1865,1706,1820.8,4036851
equity,INE531F01023,2026-10-06,1886.5,1795.5,1838.8,641223
equity,INE042A01014,2026-09-30,2743.3999,2700.1001,2715.2,45053
equity,INE042A01014,2026-10-01,2701,2550.1001,2667.3,338525
equity,INE042A01014,2026-10-02,2667.3,2667.3,2667.3,
equity,INE042A01014,2026-10-05,2888.3999,2664.3,2820.8999,222028
equity,INE042A01014,2026-10-06,2867,2785.3,2811.7,106388
equity,INE01NH01023,2026-09-30,1518.9,1480,1488.8,580685
equity,INE01NH01023,2026-10-01,1499.9,1405.2,1443.4,1004650
equity,INE01NH01023,2026-10-05,1531.9,1452,1521.8,2028908
equity,INE01NH01023,2026-10-06,1542.3,1460.1,1474.1,1176293
equity,INE00R701025,2026-09-30,1696.8,1637.4,1683.7,111663
equity,INE00R701025,2026-10-01,1692.3,1640.2,1682.1,77064
equity,INE00R701025,2026-10-05,1689.1,1655,1673.7,20725
equity,INE00R701025,2026-10-06,1691.7,1668.1,1682.6,25720
equity,INE575P01011,2026-09-30,542.8,531.35,534.65,240982
equity,INE575P01011,2026-10-01,543,523.05,537.7,1268853
equity,INE575P01011,2026-10-02,537.7,537.7,537.7,
equity,INE575P01011,2026-10-05,541.6,531.1,535.25,407562
equity,INE575P01011,2026-10-06,553.3,539,550.55,2132926
equity,INE142M01025,2026-09-30,719.75,686.75,707.5,891561
equity,INE142M01025,2026-10-01,714.5,690.05,698.8,648223
equity,INE142M01025,2026-10-02,698.8,698.8,698.8,
equity,INE142M01025,2026-10-05,716.7,695,697.55,615981
equity,INE142M01025,2026-10-06,707.45,695.8,703.1,307172
equity,INE093A01041,2026-09-30,504.75,479.05,494.1,140752
equity,INE093A01041,2026-10-01,502.6,481.6,490.45,258061
equity,INE093A01041,2026-10-02,490.45,490.45,490.45,
equity,INE093A01041,2026-10-05,505.9,489.8,495.15,206834
equity,INE093A01041,2026-10-06,504,490.3,500.3,99471
equity,INE967H01025,2026-09-30,777.95,722.6,746.4,2363878
equity,INE967H01025,2026-10-01,742,722.4,736.25,900776
equity,INE967H01025,2026-10-05,747.85,700.05,705.45,850822
equity,INE967H01025,2026-10-06,711.95,691,693.4,913748
equity,INE672A01026,2026-09-30,636,616.15,620.05,313002
equity,INE672A01026,2026-10-01,617.45,604,615.05,283865
equity,INE672A01026,2026-10-05,628.4,614,621.75,257410
equity,INE672A01026,2026-10-06,637.8,621.65,624.15,335774
equity,INE146L01010,2026-09-30,2360,2241.3,2304.2,1822978
equity,INE146L01010,2026-10-01,2319,2211.6001,2242.7,719348
equity,INE146L01010,2026-10-05,2339.7,2231.6001,2243.7,511911
equity,INE146L01010,2026-10-06,2275.5,2221,2266.1001,392915
equity,INE260B01028,2026-09-30,1932,1882.1,1891.8,240882
equity,INE260B01028,2026-10-01,1913.1,1830,1849.7,256983
equity,INE260B01028,2026-10-05,1894,1845.1,1876,174573
equity,INE260B01028,2026-10-06,1900,1872.6,1900,146191
equity,INE202E01016,2026-09-30,113.84,111.37,111.68,3872732
equity,INE202E01016,2026-10-01,111.86,108.53,111,5290233
equity,INE202E01016,2026-10-02,111,111,111,
equity,INE202E01016,2026-10-05,111.86,108.5,109,4155590
equity,INE202E01016,2026-10-06,110.23,108.8,109,3012105
equity,INE797F01020,2026-09-30,466.25,451.1,456.7,797358
equity,INE797F01020,2026-10-01,453.65,437.95,443.4,1560787
equity,INE797F01020,2026-10-05,447.75,438.8,445.7,949778
equity,INE797F01020,2026-10-06,462.1,444.45,449.75,1584500
equity,INE671A01010,2026-09-30,34240,33360,33460,1786
equity,INE671A01010,2026-10-01,33760,33025,33470,8388
equity,INE671A01010,2026-10-05,34140,33595,33785,1798
equity,INE671A01010,2026-10-06,34080,33600,33780,2116
equity,INE0INX01018,2026-09-30,299.5,294.05,296.8,532792
equity,INE0INX01018,2026-10-01,304.3,285.1,290.75,1739742
equity,INE0INX01018,2026-10-02,290.75,290.75,290.75,
equity,INE0INX01018,2026-10-05,299.35,286.45,297.55,781630
equity,INE0INX01018,2026-10-06,299.1,291.5,293.35,538384
equity,INE600L01024,2026-09-30,1994,1865,1987,525994
equity,INE600L01024,2026-10-01,2027.6,1936.2,2005.1,542969
equity,INE600L01024,2026-10-05,2026,1960,1971.3,350211
equity,INE600L01024,2026-10-06,2018.7,1945.9,1964.2,245703
equity,INE691A01018,2026-09-30,23.5,23.05,23.28,2802505
equity,INE691A01018,2026-10-01,23.35,22.81,22.93,3788182
equity,INE691A01018,2026-10-05,23.9,22.96,23.16,7010331
equity,INE691A01018,2026-10-06,23.49,23.14,23.27,3050129
equity,INE115A01026,2026-09-30,565,530.2,530.2,5474497
equity,INE115A01026,2026-10-01,531.7,499.25,509,5986497
equity,INE115A01026,2026-10-05,514.9,501.9,505,1495045
equity,INE115A01026,2026-10-06,507.55,498.85,502,1198492
equity,INE0NT901020,2026-09-30,4684.5,4530,4548,586472
equity,INE0NT901020,2026-10-01,4620,4463.7998,4520.2998,752580
equity,INE0NT901020,2026-10-02,4520.2998,4520.2998,4520.2998,
equity,INE0NT901020,2026-10-05,4790,4535,4765.1001,1646842
equity,INE0NT901020,2026-10-06,4847.8999,4721,4746.2002,768317
equity,INE404A01024,2026-09-30,1033.9,947.9,995.3,214646
equity,INE404A01024,2026-10-01,999,942.5,991.7,282008
equity,INE404A01024,2026-10-02,991.7,991.7,991.7,
equity,INE404A01024,2026-10-05,1043.6,971.1,1028.55,300672
equity,INE404A01024,2026-10-06,1034,1005.7,1009.65,213332
equity,INE103A01014,2026-09-30,180.8,162.5,169.29,30852898
equity,INE103A01014,2026-10-01,168.2,161.5,164.76,12948377
equity,INE103A01014,2026-10-02,164.76,164.76,164.76,
equity,INE103A01014,2026-10-05,173.7,163.25,172.43,13082595
equity,INE103A01014,2026-10-06,176.95,171.11,174.72,9705126
equity,INE472A01039,2026-09-30,1541.1,1502.1,1518,615606
equity,INE472A01039,2026-10-01,1517,1444,1459.6,962569
equity,INE472A01039,2026-10-02,1459.6,1459.6,1459.6,
equity,INE472A01039,2026-10-05,1517,1460.4,1510,367830
equity,INE472A01039,2026-10-06,1578.6,1501.3,1571.5,867307
equity,INE572E01012,2026-09-30,1132.5,1095.9,1120,1164222
equity,INE572E01012,2026-10-01,1121.5,1079.1,1092,1090171
equity,INE572E01012,2026-10-02,1092,1092,1092,
equity,INE572E01012,2026-10-05,1116,1088.3,1105.8,638892
equity,INE572E01012,2026-10-06,1112.2,1087.8,1102.1,513672
equity,INE115Q01022,2026-09-30,1800.5,1740.3,1747.5,152839
equity,INE115Q01022,2026-10-01,1783.8,1726.1,1776.4,149999
equity,INE115Q01022,2026-10-05,1798.3,1742.5,1766.8,119886
equity,INE115Q01022,2026-10-06,1777.1,1745.5,1761,66091
equity,INE00LO01017,2026-09-30,10581,10316,10417,46075
equity,INE00LO01017,2026-10-01,10453,10100,10266,35248
equity,INE00LO01017,2026-10-05,10660,10183,10251,60422
equity,INE00LO01017,2026-10-06,10412,10200,10348,24294
equity,INE810G01011,2026-09-30,1078.5,1055,1065,235248
equity,INE810G01011,2026-10-01,1075.7,1027.1,1047.8,475311
equity,INE810G01011,2026-10-02,1047.8,1047.8,1047.8,
equity,INE810G01011,2026-10-05,1057.6,1015,1020.2,527412
equity,INE810G01011,2026-10-06,1059.3,1019.4,1054,413178
equity,INE622W01025,2026-09-30,444.6,436,439,1108840
equity,INE622W01025,2026-10-01,447.2,427.95,432.55,1085604
equity,INE622W01025,2026-10-02,432.55,432.55,432.55,
equity,INE622W01025,2026-10-05,440,423.5,427.65,809545
equity,INE622W01025,2026-10-06,453.65,428.6,448.2,887326
equity,INE839M01018,2026-09-30,1226.8,1190,1203.4,249878
equity,INE839M01018,2026-10-01,1294.3,1195.5,1275.4,1444982
equity,INE839M01018,2026-10-02,1275.4,1275.4,1275.4,
equity,INE839M01018,2026-10-05,1318.8,1261,1268.1,444623
equity,INE839M01018,2026-10-06,1292.8,1250.1,1274,127880
equity,INE506V01022,2026-09-30,1635,1577.7,1619.4,228306
equity,INE506V01022,2026-10-01,1670,1605.2,1630.9,153955
equity,INE506V01022,2026-10-05,1646,1560.3,1608.5,159926
equity,INE506V01022,2026-10-06,1612,1583.5,1596.8,71982
equity,INE736A01011,2026-09-30,1286.5,1262.5,1264,871860
equity,INE736A01011,2026-10-01,1274.6,1223.9,1242.5,1324382
equity,INE736A01011,2026-10-02,1242.5,1242.5,1242.5,
equity,INE736A01011,2026-10-05,1260.3,1237.4,1250,915900
equity,INE736A01011,2026-10-06,1267.9,1251.5,1263.4,895973
equity,INE794A01010,2026-09-30,21600,21200,21350,51295
equity,INE794A01010,2026-10-01,21670,20715,21505,70377
equity,INE794A01010,2026-10-05,21960,21090,21875,62813
equity,INE794A01010,2026-10-06,21975,21410,21905,61813
equity,INE342J01019,2026-09-30,2352.8999,2291,2341,141190
equity,INE342J01019,2026-10-01,2336,2230,2241,154904
equity,INE342J01019,2026-10-02,2241,2241,2241,
equity,INE342J01019,2026-10-05,2269.8,2194,2201.3,121895
equity,INE342J01019,2026-10-06,2213.2,2165,2187.3999,70322
equity,INE891D01026,2026-09-30,413.5,404.4,407,4204334
equity,INE891D01026,2026-10-01,409.45,392.5,397.95,2795102
equity,INE891D01026,2026-10-02,397.95,397.95,397.95,
equity,INE891D01026,2026-10-05,416.9,400.45,412.75,10144724
equity,INE891D01026,2026-10-06,417.4,404,405.7,2037616
equity,INE382Z01011,2026-09-30,2235.1001,2175,2181.8999,377318
equity,INE382Z01011,2026-10-01,2173,2077,2111.1001,571755
equity,INE382Z01011,2026-10-02,2111.1001,2111.1001,2111.1001,
equity,INE382Z01011,2026-10-05,2158.8,2103.5,2110.3999,365792
equity,INE382Z01011,2026-10-06,2143.6001,2109.1001,2137.3,287589
equity,INE522D01027,2026-09-30,322.65,312.95,315.85,3430831
equity,INE522D01027,2026-10-01,317.45,303.35,308.9,7653852
equity,INE522D01027,2026-10-02,308.9,308.9,308.9,
equity,INE522D01027,2026-10-05,314.45,308.55,310.7,3951162
equity,INE522D01027,2026-10-06,312.95,305.95,310.2,3954884
equity,INE149A01033,2026-09-30,1400,1361,1386.2,272263
equity,INE149A01033,2026-10-01,1385.9,1330.1,1369.6,233959
equity,INE149A01033,2026-10-05,1409.7,1366.1,1404.4,69925
equity,INE149A01033,2026-10-06,1433.3,1402.4,1424.6,59351
equity,INE0DK501011,2026-09-30,210.4,205.21,206.52,2240520
equity,INE0DK501011,2026-10-01,206.7,195.73,197.97,3574489
equity,INE0DK501011,2026-10-02,197.97,197.97,197.97,
equity,INE0DK501011,2026-10-05,201.65,194.28,194.89,1898343
equity,INE0DK501011,2026-10-06,201.2,193.75,200.52,1718673
equity,INE483A01010,2026-09-30,30.84,30.07,30.46,4973027
equity,INE483A01010,2026-10-01,30.46,29.76,30,4707687
equity,INE483A01010,2026-10-02,30,30,30,
equity,INE483A01010,2026-10-05,30.56,30.02,30.31,4478354
equity,INE483A01010,2026-10-06,30.66,30.1,30.19,3221434
equity,INE0DYJ01015,2026-09-30,1820,1686,1782.9,3788979
equity,INE0DYJ01015,2026-10-01,1822.6,1710.1,1717.9,1874242
equity,INE0DYJ01015,2026-10-05,1757.7,1692.3,1700.4,846292
equity,INE0DYJ01015,2026-10-06,1738.1,1670.3,1685.1,817344
equity,INE0CAZ01013,2026-09-30,164.29,155.85,157.48,3304372
equity,INE0CAZ01013,2026-10-01,158.87,151.31,156.34,3669838
equity,INE0CAZ01013,2026-10-05,160.56,157,159.59,2694786
equity,INE0CAZ01013,2026-10-06,174.46,160,173.54,23944918
equity,INE777K01022,2026-09-30,2537,2477,2518.6001,254650
equity,INE777K01022,2026-10-01,2571.5,2465,2518.2,377828
equity,INE777K01022,2026-10-05,2654.8999,2533.1001,2648,635507
equity,INE777K01022,2026-10-06,2806.8,2645,2789.7,917410
equity,INE530B01024,2026-09-30,608.65,598,600.75,1194083
equity,INE530B01024,2026-10-01,606.6,577,583.8,1821159
equity,INE530B01024,2026-10-05,609,587.35,601.15,1622026
equity,INE530B01024,2026-10-06,603.7,590.45,601.7,1096863
equity,INE732I01021,2026-09-30,278.2,273.25,274,2439788
equity,INE732I01021,2026-10-01,279.85,267.8,276.8,6751156
equity,INE732I01021,2026-10-02,276.8,276.8,276.8,
equity,INE732I01021,2026-10-05,286.3,273.5,285.2,4255848
equity,INE732I01021,2026-10-06,295.9,288.6,295,8197973
equity,INE039A01010,2026-09-30,71.43,68.45,68.77,25751767
equity,INE039A01010,2026-10-01,68.55,64.25,65.14,41910107
equity,INE039A01010,2026-10-02,65.14,65.14,65.14,
equity,INE039A01010,2026-10-05,66.93,63.93,64.28,33656348
equity,INE039A01010,2026-10-06,66.08,63.9,65.51,29546262
equity,INE438A01022,2026-09-30,412.95,402,404.7,684149
equity,INE438A01022,2026-10-01,406.75,392.85,404.75,708176
equity,INE438A01022,2026-10-02,404.75,404.75,404.75,
equity,INE438A01022,2026-10-05,406.25,399.5,401.6,213763
equity,INE438A01022,2026-10-06,405.25,399.35,401.55,333238
equity,INE105A01035,2026-09-30,12450,12045,12107,8540
equity,INE105A01035,2026-10-01,12117,11661,11886,21777
equity,INE105A01035,2026-10-05,12021,11708,11813,4718
equity,INE105A01035,2026-10-06,11854,11705,11763,4509
equity,INE180C01042,2026-09-30,252.75,246.5,247.45,1406907
equity,INE180C01042,2026-10-01,253,244.06,249.23,2812833
equity,INE180C01042,2026-10-05,251.98,245.15,247.06,1571868
equity,INE180C01042,2026-10-06,248.76,241.72,246.88,5242811
equity,INE545U01014,2026-09-30,184.37,177.26,178.23,13031625
equity,INE545U01014,2026-10-01,180.93,172.86,176,11142144
equity,INE545U01014,2026-10-02,176,176,176,
equity,INE545U01014,2026-10-05,176.73,168.05,168.27,18154959
equity,INE545U01014,2026-10-06,170.85,162.46,164.15,12128275
equity,INE371P01015,2026-09-30,6786,6617,6672.5,224400
equity,INE371P01015,2026-10-01,6737.5,6431,6500,133557
equity,INE371P01015,2026-10-05,6652.5,6492,6585,114789
equity,INE371P01015,2026-10-06,6881,6511,6869,155545
equity,INE248A01017,2026-09-30,261.9,242.25,246.4,1068588
equity,INE248A01017,2026-10-01,245.8,238.13,241.54,157624
equity,INE248A01017,2026-10-02,241.54,241.54,241.54,
equity,INE248A01017,2026-10-05,245.49,238.55,240.75,171192
equity,INE248A01017,2026-10-06,253.98,241,247.84,566633
equity,INE473B01035,2026-09-30,1139.5,1093.5,1099,15584
equity,INE473B01035,2026-10-01,1122.1,1078.3,1118.1,22578
equity,INE473B01035,2026-10-02,1118.1,1118.1,1118.1,
equity,INE473B01035,2026-10-05,1157.4,1110,1143.5,41254
equity,INE473B01035,2026-10-06,1175,1137.3,1150,24469
equity,INE00FF01025,2026-09-30,3344,3255,3279.3999,349433
equity,INE00FF01025,2026-10-01,3282.7,3152.3,3196.5,381484
equity,INE00FF01025,2026-10-02,3196.5,3196.5,3196.5,
equity,INE00FF01025,2026-10-05,3228.1001,3100.2,3122.2,274682
equity,INE00FF01025,2026-10-06,3216,3120,3156.7,321558
equity,INE0IX101010,2026-09-30,4358.7998,4226,4286.8999,336383
equity,INE0IX101010,2026-10-01,4305.2002,4155.2998,4251.2998,305681
equity,INE0IX101010,2026-10-05,4316.7998,4200,4226.5,212079
equity,INE0IX101010,2026-10-06,4320.5,4221,4299.2002,362536
equity,INE002L01015,2026-09-30,60.3,59.01,59.32,2571072
equity,INE002L01015,2026-10-01,59.27,56.73,57.91,4376261
equity,INE002L01015,2026-10-02,57.91,57.91,57.91,
equity,INE002L01015,2026-10-05,58.5,57.01,57.16,2071448
equity,INE002L01015,2026-10-06,57.6,56.8,57.26,1735298
equity,INE387A01021,2026-09-30,1159,1135,1139.3,74514
equity,INE387A01021,2026-10-01,1142.9,1106.1,1123.6,145775
equity,INE387A01021,2026-10-02,1123.6,1123.6,1123.6,
equity,INE387A01021,2026-10-05,1138,1110.1,1115.6,72126
equity,INE387A01021,2026-10-06,1155,1101.5,1140.3,103748
equity,INE317I01021,2026-09-30,875,832,841.75,53574
equity,INE317I01021,2026-10-01,846.9,815,833.5,39313
equity,INE317I01021,2026-10-05,847,807.15,812.5,30069
equity,INE317I01021,2026-10-06,822.95,807.3,818.85,32863
equity,INE179A01014,2026-09-30,6956.5,6782,6798.5,44984
equity,INE179A01014,2026-10-01,6798.5,6579,6639,23880
equity,INE179A01014,2026-10-05,6785,6611,6768,11457
equity,INE179A01014,2026-10-06,6900,6745,6865,10760
equity,INE844O01030,2026-09-30,240.65,236.14,237.58,951899
equity,INE844O01030,2026-10-01,236.5,225.5,230.07,2083752
equity,INE844O01030,2026-10-05,235,230.02,232.15,803370
equity,INE844O01030,2026-10-06,234.66,229,229.97,4814064
equity,INE258G01013,2026-09-30,445.9,430,433.25,261894
equity,INE258G01013,2026-10-01,432.15,408.2,417.6,886386
equity,INE258G01013,2026-10-02,417.6,417.6,417.6,
equity,INE258G01013,2026-10-05,428.4,411.15,414.7,290766
equity,INE258G01013,2026-10-06,427.7,411.25,418.05,489991
equity,INE439A01020,2026-09-30,974.7,956.1,958.85,85211
equity,INE439A01020,2026-10-01,962,934.65,944.25,148204
equity,INE439A01020,2026-10-05,952.9,938,945.75,45021
equity,INE439A01020,2026-10-06,960,941.05,956.95,36638
equity,INE699H01024,2026-09-30,181.3,177.11,177.68,910512
equity,INE699H01024,2026-10-01,178.9,173.65,175.43,1991498
equity,INE699H01024,2026-10-02,175.43,175.43,175.43,
equity,INE699H01024,2026-10-05,178.9,174.06,176.15,831209
equity,INE699H01024,2026-10-06,187.88,178.65,185.93,4711188
equity,INE0FS801015,2026-09-30,34.83,34,34.07,6241303
equity,INE0FS801015,2026-10-01,33.98,33.07,33.53,16228437
equity,INE0FS801015,2026-10-02,33.53,33.53,33.53,
equity,INE0FS801015,2026-10-05,33.7,32.7,32.89,8274064
equity,INE0FS801015,2026-10-06,33.38,32.81,33.31,3809543
equity,INE918Z01012,2026-09-30,3611,3501,3501,720015
equity,INE918Z01012,2026-10-01,3549.6001,3337.2,3399,964281
equity,INE918Z01012,2026-10-02,3399,3399,3399,
equity,INE918Z01012,2026-10-05,3474,3371,3394.8,706676
equity,INE918Z01012,2026-10-06,3430.8,3333,3405,908101
equity,INE012A01025,2026-09-30,1224,1200.8,1204.1,63787
equity,INE012A01025,2026-10-01,1203.9,1166.1,1182.8,146983
equity,INE012A01025,2026-10-05,1199.4,1174.6,1184.4,85873
equity,INE012A01025,2026-10-06,1191.8,1174,1177,62708
equity,INE220B01022,2026-09-30,1385.2,1366.9,1380.6,71593
equity,INE220B01022,2026-10-01,1386.4,1345.1,1356.4,115268
equity,INE220B01022,2026-10-05,1396.6,1356.4,1378.8,130981
equity,INE220B01022,2026-10-06,1490,1378.8,1451.5,652256
equity,INE524A01029,2026-09-30,1355,1313,1341.8,243468
equity,INE524A01029,2026-10-01,1365,1290,1315,361027
equity,INE524A01029,2026-10-05,1332.6,1297.7,1303.6,173231
equity,INE524A01029,2026-10-06,1359.9,1314.5,1352.9,205430
equity,INE367G01038,2026-09-30,326,313.35,316,3709507
equity,INE367G01038,2026-10-01,319.2,297,301.55,3922858
equity,INE367G01038,2026-10-02,301.55,301.55,301.55,
equity,INE367G01038,2026-10-05,303.2,282.65,285.65,4184306
equity,INE367G01038,2026-10-06,297.1,281.7,292.7,4125137
equity,INE322A01010,2026-09-30,7055,6956,7000,36059
equity,INE322A01010,2026-10-01,6976.5,6860,6899,21964
equity,INE322A01010,2026-10-05,7025,6862,6979,20086
equity,INE322A01010,2026-10-06,7114.5,6909.5,7057,17258
equity,INE03JT01014,2026-09-30,261.9,251.05,260.05,1467678
equity,INE03JT01014,2026-10-01,260.45,252.15,256.3,305077
equity,INE03JT01014,2026-10-05,257.95,252.6,256.05,228010
equity,INE03JT01014,2026-10-06,259.95,256.85,258.6,123612
equity,INE821I01022,2026-09-30,17.57,16.92,17.49,15971102
equity,INE821I01022,2026-10-01,17.2,16.82,17,10838420
equity,INE821I01022,2026-10-02,17,17,17,
equity,INE821I01022,2026-10-05,17.3,16.8,16.87,10276300
equity,INE821I01022,2026-10-06,18.23,16.84,17.84,14799296
equity,INE953O01021,2026-09-30,4571,4317.2998,4537.5,247139
equity,INE953O01021,2026-10-01,4465.5,4196.6001,4276.6001,454154
equity,INE953O01021,2026-10-02,4276.6001,4276.6001,4276.6001,
equity,INE953O01021,2026-10-05,4348,4212.7002,4291.2998,300321
equity,INE953O01021,2026-10-06,4273.6001,4085.3999,4232.8999,261362
equity,INE325A01013,2026-09-30,3145,3075,3136,76082
equity,INE325A01013,2026-10-01,3122.2,3083.1001,3098.8,44275
equity,INE325A01013,2026-10-05,3149.8999,3103.8,3132.3,21117
equity,INE325A01013,2026-10-06,3169.8999,3111,3156.8999,18064
equity,INE491A01021,2026-09-30,229,214.91,226.05,8157697
equity,INE491A01021,2026-10-01,232,221.67,230.04,4776469
equity,INE491A01021,2026-10-02,230.04,230.04,230.04,
equity,INE491A01021,2026-10-05,232.65,225.5,227.65,1115230
equity,INE491A01021,2026-10-06,229.74,223.05,223.75,1326296
equity,INE095N01031,2026-09-30,79.99,78.5,78.5,6032283
equity,INE095N01031,2026-10-01,78.86,76.07,77.4,6195124
equity,INE095N01031,2026-10-02,77.4,77.4,77.4,
equity,INE095N01031,2026-10-05,78.27,75.75,76.2,7593129
equity,INE095N01031,2026-10-06,77.85,76.2,77.05,5141834
equity,INE288B01029,2026-09-30,1555,1520.6,1529.8,141444
equity,INE288B01029,2026-10-01,1529.9,1473.1,1492.8,157119
equity,INE288B01029,2026-10-02,1492.8,1492.8,1492.8,
equity,INE288B01029,2026-10-05,1522,1488.2,1497,108056
equity,INE288B01029,2026-10-06,1566,1498.3,1560.6,279774
equity,INE880L01014,2026-09-30,344,330,332.3,54237
equity,INE880L01014,2026-10-01,332.3,321,323.85,71413
equity,INE880L01014,2026-10-05,330.6,321.55,322.65,35861
equity,INE880L01014,2026-10-06,347.95,324.3,344.6,139429
equity,INE741K01010,2026-09-30,1278.8,1220.2,1272,364278
equity,INE741K01010,2026-10-01,1268,1224.6,1239,343285
equity,INE741K01010,2026-10-05,1280,1244.8,1251.5,164807
equity,INE741K01010,2026-10-06,1286.1,1254,1265.8,122326
equity,INE419M01035,2026-09-30,801,770.15,786.05,2612869
equity,INE419M01035,2026-10-01,812.85,772.9,792.15,5370306
equity,INE419M01035,2026-10-02,792.15,792.15,792.15,
equity,INE419M01035,2026-10-05,856.1,796,812.9,12561061
equity,INE419M01035,2026-10-06,832.75,798.3,816,2737910
equity,INE451A01017,2026-09-30,17435,17000,17054,56785
equity,INE451A01017,2026-10-01,17389,16531,16800,117482
equity,INE451A01017,2026-10-05,16980,16520,16650,62662
equity,INE451A01017,2026-10-06,17110,16608,17110,65470
equity,INE894V01022,2026-09-30,244.14,240,240.36,1036662
equity,INE894V01022,2026-10-01,244.66,232.65,237.5,3756358
equity,INE894V01022,2026-10-05,239.99,230.5,231.12,2025207
equity,INE894V01022,2026-10-06,237.75,225.01,236.81,2650141
equity,INE980O01024,2026-09-30,1068.35,1028,1039.85,430258
equity,INE980O01024,2026-10-01,1044,997.7,1032.1,652149
equity,INE980O01024,2026-10-02,1032.1,1032.1,1032.1,
equity,INE980O01024,2026-10-05,1060,1020.5,1029.6,397257
equity,INE980O01024,2026-10-06,1077,1029.1,1073.1,556993
equity,INE00WC01027,2026-09-30,1547,1502.1,1511,216326
equity,INE00WC01027,2026-10-01,1511.9,1440.1,1449.6,179131
equity,INE00WC01027,2026-10-02,1449.6,1449.6,1449.6,
equity,INE00WC01027,2026-10-05,1475.4,1439.4,1443.8,155743
equity,INE00WC01027,2026-10-06,1456,1433.3,1450.2,96525
equity,INE791I01019,2026-09-30,586.85,559.1,575.25,566667
equity,INE791I01019,2026-10-01,575.75,552.1,569.55,310825
equity,INE791I01019,2026-10-05,583.4,561.1,571.6,324478
equity,INE791I01019,2026-10-06,579.95,565,569.1,151550
equity,INE1C6T01020,2026-09-30,318.5,313.2,315.9,1295809
equity,INE1C6T01020,2026-10-01,316.4,300.85,305.9,1383663
equity,INE1C6T01020,2026-10-02,305.9,305.9,305.9,
equity,INE1C6T01020,2026-10-05,309,290.45,296.25,3553362
equity,INE1C6T01020,2026-10-06,299.3,293.1,296.5,1072094
equity,INE242C01024,2026-09-30,611,597,598.9,1122020
equity,INE242C01024,2026-10-01,598.5,569.05,577.85,1533673
equity,INE242C01024,2026-10-05,592.85,575,587.4,1053429
equity,INE242C01024,2026-10-06,611.45,587.8,608.9,1142188
equity,INE686A01026,2026-09-30,1249,1182.6,1192.2,242505
equity,INE686A01026,2026-10-01,1205,1160.3,1178.9,221740
equity,INE686A01026,2026-10-05,1209.5,1150.1,1156.6,237035
equity,INE686A01026,2026-10-06,1169,1145.5,1159.8,130790
equity,INE670A01012,2026-09-30,3203,3085,3088.8999,356864
equity,INE670A01012,2026-10-01,3164.3999,3046.2,3092.8,333513
equity,INE670A01012,2026-10-02,3092.8,3092.8,3092.8,
equity,INE670A01012,2026-10-05,3148.3999,3070.1001,3105,237392
equity,INE670A01012,2026-10-06,3119.8999,3078.1001,3093,196693
equity,INE203G01027,2026-09-30,145.3867,140.5273,144.11,3093267
equity,INE203G01027,2026-10-01,143.9,139.33,142.79,2346741
equity,INE203G01027,2026-10-02,142.79,142.79,142.79,
equity,INE203G01027,2026-10-05,143.57,141.5,142.1,948892
equity,INE203G01027,2026-10-06,142.43,140.32,141.38,1218685
equity,INE864I01014,2026-09-30,7797,7797,7797,190323
equity,INE864I01014,2026-10-01,8186.5,7525.5,7797,283715
equity,INE864I01014,2026-10-05,7800,7595,7654,122661
equity,INE864I01014,2026-10-06,7789,7426,7718.5,98745
equity,INE0W2G01015,2026-09-30,43.4,42.38,42.58,11436383
equity,INE0W2G01015,2026-10-01,43.43,42.27,43.17,11692520
equity,INE0W2G01015,2026-10-02,43.17,43.17,43.17,
equity,INE0W2G01015,2026-10-05,43.82,42.21,42.57,17899984
equity,INE0W2G01015,2026-10-06,43.88,42.51,43.88,8158356
equity,INE536A01023,2026-09-30,2016,1916,1994.1,63047
equity,INE536A01023,2026-10-01,2005,1955.2,1975.8,27469
equity,INE536A01023,2026-10-05,2023.1,1973.5,2004.2,78949
equity,INE536A01023,2026-10-06,2066.5,1992,2033.1,40139
equity,INE178A01016,2026-09-30,1502.3,1428,1436.3,1709133
equity,INE178A01016,2026-10-01,1434.9,1330.7,1346.4,1838710
equity,INE178A01016,2026-10-02,1346.4,1346.4,1346.4,
equity,INE178A01016,2026-10-05,1406,1325.1,1401,1762387
equity,INE178A01016,2026-10-06,1431,1385,1405.7,949069
equity,INE0BWX01014,2026-09-30,1758.2,1685.6,1699.3,292457
equity,INE0BWX01014,2026-10-01,1700.7,1633.1,1670,373389
equity,INE0BWX01014,2026-10-05,1685,1639.1,1661,196127
equity,INE0BWX01014,2026-10-06,1814.1,1640.9,1799.8,1455645
equity,INE120A01034,2026-09-30,1269.9,1204.4,1252.5,475133
equity,INE120A01034,2026-10-01,1263.7,1215.1,1239.7,384105
equity,INE120A01034,2026-10-05,1280.1,1230.7,1267.6,269403
equity,INE120A01034,2026-10-06,1295.9,1260.1,1269.6,377905
equity,INE475E01026,2026-09-30,2797.8,2663.3,2716.3999,156298
equity,INE475E01026,2026-10-01,2719.8999,2540,2631.8999,154382
equity,INE475E01026,2026-10-05,2625.8,2541.1001,2604,142329
equity,INE475E01026,2026-10-06,2691.2,2583,2679.7,110955
equity,INE883F01010,2026-09-30,438,427.55,436,338639
equity,INE883F01010,2026-10-01,452.7,432.05,448.4,620361
equity,INE883F01010,2026-10-05,455.7,449.05,453.7,255416
equity,INE883F01010,2026-10-06,459,451.6,453.8,259476
equity,INE330T01021,2026-09-30,2107,2050,2067.2,57822
equity,INE330T01021,2026-10-01,2099.3,1991,2003.7,100454
equity,INE330T01021,2026-10-02,2003.7,2003.7,2003.7,
equity,INE330T01021,2026-10-05,2065.6001,1991,2013.2,143370
equity,INE330T01021,2026-10-06,2040,1950,1989.4,185386
equity,INE182A01018,2026-09-30,3933.8,3833.5,3875.3,39848
equity,INE182A01018,2026-10-01,3894.6001,3792.1001,3858.8999,34585
equity,INE182A01018,2026-10-05,3878,3809.6001,3842.2,49211
equity,INE182A01018,2026-10-06,3868.2,3826.7,3852.2,21026
equity,INE526E01018,2026-09-30,4774.3999,4620.2998,4653.7002,75703
equity,INE526E01018,2026-10-01,4673.7998,4350,4490.5,186749
equity,INE526E01018,2026-10-02,4490.5,4490.5,4490.5,
equity,INE526E01018,2026-10-05,4567.1001,4369,4398.7998,75521
equity,INE526E01018,2026-10-06,4447.8999,4332,4405,74800
equity,INE101D01020,2026-09-30,884,844,846.55,819196
equity,INE101D01020,2026-10-01,849.1,814.05,821.75,783432
equity,INE101D01020,2026-10-05,824.65,800,817.25,575094
equity,INE101D01020,2026-10-06,839,814.75,836.4,518092
equity,INE331A01037,2026-09-30,869,842.05,845.55,205668
equity,INE331A01037,2026-10-01,845.55,816.15,830.85,82325
equity,INE331A01037,2026-10-05,845.65,823.45,837.1,93347
equity,INE331A01037,2026-10-06,849.7,834.8,848.25,167222
equity,INE19RI01016,2026-09-30,516.75,506.25,508.25,502623
equity,INE19RI01016,2026-10-01,506.3,487.45,495.4,707391
equity,INE19RI01016,2026-10-02,495.4,495.4,495.4,
equity,INE19RI01016,2026-10-05,499.95,485.4,487,277605
equity,INE19RI01016,2026-10-06,497.45,483.3,494.15,577492
equity,INE616N01034,2026-09-30,2099,2040.1,2052.5,179897
equity,INE616N01034,2026-10-01,2183,2013.2,2168.3,629630
equity,INE616N01034,2026-10-02,2168.3,2168.3,2168.3,
equity,INE616N01034,2026-10-05,2202.2,2074.8999,2089.1001,300602
equity,INE616N01034,2026-10-06,2146,2068,2077.3,331902
equity,INE285A01027,2026-09-30,614.8,594.95,608.85,316761
equity,INE285A01027,2026-10-01,605.75,574.8,584.65,435205
equity,INE285A01027,2026-10-02,584.65,584.65,584.65,
equity,INE285A01027,2026-10-05,594.7,582.5,591.2,301097
equity,INE285A01027,2026-10-06,601.95,587.5,599.25,316786
equity,INE269B01029,2026-09-30,17054,16800,16862,1450
equity,INE269B01029,2026-10-01,16862,16257,16548,3047
equity,INE269B01029,2026-10-05,16625,16301,16530,2863
equity,INE269B01029,2026-10-06,17101,16534,16910,3635
equity,INE192B01031,2026-09-30,232.49,225.01,227.33,3089710
equity,INE192B01031,2026-10-01,244.89,226.2,239.17,22516675
equity,INE192B01031,2026-10-02,239.17,239.17,239.17,
equity,INE192B01031,2026-10-05,243,228.01,230.27,5875615
equity,INE192B01031,2026-10-06,240.73,230.99,237.86,4609217
equity,INE989C01038,2026-09-30,360,348,354.2,338526
equity,INE989C01038,2026-10-01,356.7,337,345,912342
equity,INE989C01038,2026-10-05,360,345,350.8,855233
equity,INE989C01038,2026-10-06,368.3,348.15,368.3,1146380
equity,INE217B01036,2026-09-30,1265.9,1212.8,1235.1,2882388
equity,INE217B01036,2026-10-01,1262.9,1220.5,1225.1,633743
equity,INE217B01036,2026-10-05,1230,1202.6,1214.4,629499
equity,INE217B01036,2026-10-06,1229.8,1197.1,1213.8,388374
equity,INE427F01016,2026-09-30,861.95,831,845.2,132305
equity,INE427F01016,2026-10-01,845.6,818,830.25,142586
equity,INE427F01016,2026-10-05,844.4,825.25,841.45,136588
equity,INE427F01016,2026-10-06,844,816.1,818.2,83301
equity,INE017A01032,2026-09-30,1583,1538,1560,938291
equity,INE017A01032,2026-10-01,1554.2,1518,1530.6,574389
equity,INE017A01032,2026-10-02,1530.6,1530.6,1530.6,
equity,INE017A01032,2026-10-05,1570.5,1523.3,1559.3,823469
equity,INE017A01032,2026-10-06,1565.1,1523.4,1532.6,739893
equity,INE324A01032,2026-09-30,282.05,274.35,277.7,1224272
equity,INE324A01032,2026-10-01,274.8,260.6,270.3,2164459
equity,INE324A01032,2026-10-05,277.4,270.05,275,1309022
equity,INE324A01032,2026-10-06,283.7,274.75,282.4,1056075
equity,INE00IT01020,2026-09-30,323,310,316.46,676275
equity,INE00IT01020,2026-10-01,319.7,302.1,308.45,900488
equity,INE00IT01020,2026-10-02,308.45,308.45,308.45,
equity,INE00IT01020,2026-10-05,315,295,304,732239
equity,INE00IT01020,2026-10-06,319.2,301,319.2,1661486
equity,INE486A01021,2026-09-30,136.39,133.61,133.85,1540893
equity,INE486A01021,2026-10-01,133.85,129.75,131.62,1826999
equity,INE486A01021,2026-10-02,131.62,131.62,131.62,
equity,INE486A01021,2026-10-05,136.9,131.7,133.73,1606522
equity,INE486A01021,2026-10-06,136.12,133.55,134.43,1794545
equity,INE292B01021,2026-09-30,815.5,786.2,794.5,1235100
equity,INE292B01021,2026-10-01,789.95,760.1,779.35,1396672
equity,INE292B01021,2026-10-02,779.35,779.35,779.35,
equity,INE292B01021,2026-10-05,789.35,760.25,763.6,771121
equity,INE292B01021,2026-10-06,771.2,762,764.3,620017
equity,INE15B701018,2026-09-30,176.75,169.14,171.79,19780220
equity,INE15B701018,2026-10-01,174.7,165.25,167.59,13924916
equity,INE15B701018,2026-10-02,167.59,167.59,167.59,
equity,INE15B701018,2026-10-05,171.48,166.27,167.16,9150895
equity,INE15B701018,2026-10-06,173.25,167.83,172.73,10919289
equity,INE703B01027,2026-09-30,2833,2715.1001,2725.5,42223
equity,INE703B01027,2026-10-01,2725.5,2584.3999,2619.3999,45999
equity,INE703B01027,2026-10-05,2619.5,2550,2564.8999,36107
equity,INE703B01027,2026-10-06,2634.3,2569.6001,2601.2,19889
equity,INE790G01031,2026-09-30,1075,1033.5,1047.2,492219
equity,INE790G01031,2026-10-01,1095,1034.6,1064.1,1687680
equity,INE790G01031,2026-10-05,1081.9,1020.2,1031.2,870692
equity,INE790G01031,2026-10-06,1079.9,1026.1,1073.7,586980
equity,INE172A01027,2026-09-30,202.75,199.83,200.52,2564891
equity,INE172A01027,2026-10-01,201.09,196.5,199.04,2825230
equity,INE172A01027,2026-10-02,199.04,199.04,199.04,
equity,INE172A01027,2026-10-05,201.5,197.75,199.51,2300283
equity,INE172A01027,2026-10-06,201.25,198.74,200.2,1862567
equity,INE100A01010,2026-09-30,6064.5,5881,5915.5,61199
equity,INE100A01010,2026-10-01,5944.5,5798,5861,22403
equity,INE100A01010,2026-10-02,5861,5861,5861,
equity,INE100A01010,2026-10-05,5930,5827.5,5856,41593
equity,INE100A01010,2026-10-06,6015,5835,6000,37620
equity,INE235A01022,2026-09-30,1472.4,1432,1450.3,452990
equity,INE235A01022,2026-10-01,1477.5,1428.9,1458.8,598654
equity,INE235A01022,2026-10-05,1496.1,1454,1467.3,499455
equity,INE235A01022,2026-10-06,1495.5,1444,1474,537490
equity,INE596I01020,2026-09-30,679.95,666,671,1798467
equity,INE596I01020,2026-10-01,682,665.45,677.25,1577224
equity,INE596I01020,2026-10-05,692.5,677.9,683.85,1632385
equity,INE596I01020,2026-10-06,693.9,678.55,693.9,1050530
equity,INE424H01027,2026-09-30,663.9,554.05,605,34672457
equity,INE424H01027,2026-10-01,610,574.15,599.9,6014245
equity,INE424H01027,2026-10-05,635.8,595.2,626.85,4762809
equity,INE424H01027,2026-10-06,640.95,620.6,632.1,1439510
equity,INE0AQ201015,2026-09-30,586.95,532,573.8,1251659
equity,INE0AQ201015,2026-10-01,581.1,557.7,568.95,222623
equity,INE0AQ201015,2026-10-05,581.2,562.5,577.6,365031
equity,INE0AQ201015,2026-10-06,589.7,566.5,582.7,514328
equity,INE684F01012,2026-09-30,270.7,248.9,255.8,6657490
equity,INE684F01012,2026-10-01,255,247,250.4,646270
equity,INE684F01012,2026-10-05,259.35,252.1,257.4,885378
equity,INE684F01012,2026-10-06,262,256.55,260.25,666501
equity,INE148I01020,2026-09-30,141.19,136,136.54,4575005
equity,INE148I01020,2026-10-01,137.3,130,132.48,6813037
equity,INE148I01020,2026-10-02,132.48,132.48,132.48,
equity,INE148I01020,2026-10-05,138.75,132.51,133.11,7143240
equity,INE148I01020,2026-10-06,134.87,133,134.4,2560359
equity,INE152M01016,2026-09-30,548.45,537.7,539.4,332296
equity,INE152M01016,2026-10-01,541.25,526,530,473633
equity,INE152M01016,2026-10-05,540,525.05,526.1,208383
equity,INE152M01016,2026-10-06,538.9,518.85,536.1,485455
equity,INE673O01025,2026-09-30,1729.9,1660,1685.2,446861
equity,INE673O01025,2026-10-01,1738.8,1660,1671.5,304392
equity,INE673O01025,2026-10-02,1671.5,1671.5,1671.5,
equity,INE673O01025,2026-10-05,1700,1643.2,1657,52113
equity,INE673O01025,2026-10-06,1702.1,1624.2,1693.2,178083
equity,INE406M01024,2026-09-30,1226.3,1180.8,1191.9,97144
equity,INE406M01024,2026-10-01,1200,1162.9,1189.8,88725
equity,INE406M01024,2026-10-05,1210.5,1177,1188.6,49205
equity,INE406M01024,2026-10-06,1201.3,1175,1184.7,47479
equity,INE230A01023,2026-09-30,306.15,297.55,301.1,1001715
equity,INE230A01023,2026-10-01,301,295.15,297.85,167855
equity,INE230A01023,2026-10-02,297.85,297.85,297.85,
equity,INE230A01023,2026-10-05,299.85,294.1,298.3,145139
equity,INE230A01023,2026-10-06,301.75,297.8,300.7,96710
equity,INE02IJ01035,2026-09-30,3127.8999,2875.6001,2963.2,5708538
equity,INE02IJ01035,2026-10-01,2982,2825.1001,2860.8999,1334621
equity,INE02IJ01035,2026-10-02,2860.8999,2860.8999,2860.8999,
equity,INE02IJ01035,2026-10-05,2937.2,2843.5,2927.2,800736
equity,INE02IJ01035,2026-10-06,3091.7,2905.5,3062.6001,1328548
equity,INE462A01022,2026-09-30,3665.8,3615,3627.6001,21117
equity,INE462A01022,2026-10-01,3620,3513,3554.2,22516
equity,INE462A01022,2026-10-05,3585,3502,3508.8999,17648
equity,INE462A01022,2026-10-06,3554.2,3508,3533.3999,17925
equity,INE738I01010,2026-09-30,1848.7,1772,1819.9,177436
equity,INE738I01010,2026-10-01,1829.8,1782.8,1802.9,106573
equity,INE738I01010,2026-10-02,1802.9,1802.9,1802.9,
equity,INE738I01010,2026-10-05,1898,1812.1,1884.3,142484
equity,INE738I01010,2026-10-06,1936.4,1878,1917.2,184463
equity,INE385C01021,2026-09-30,507.75,495.1,497.3,213966
equity,INE385C01021,2026-10-01,498.95,488,494.75,208385
equity,INE385C01021,2026-10-02,494.75,494.75,494.75,
equity,INE385C01021,2026-10-05,503.5,490,501,207207
equity,INE385C01021,2026-10-06,503.95,496.5,500.7,188815
equity,INE131A01031,2026-09-30,524.4,506,507.7,688502
equity,INE131A01031,2026-10-01,505.75,479.8,487.65,1342310
equity,INE131A01031,2026-10-02,487.65,487.65,487.65,
equity,INE131A01031,2026-10-05,499.9,483.05,487.35,756347
equity,INE131A01031,2026-10-06,498.9,488,491.55,816243
equity,INE769A01020,2026-09-30,489.95,471.4,475.7,723013
equity,INE769A01020,2026-10-01,480,459.75,465.1,486186
equity,INE769A01020,2026-10-05,475.8,459.55,470.85,561260
equity,INE769A01020,2026-10-06,490,471,481.15,755375
equity,INE0LXG01040,2026-09-30,38.25,36.71,36.92,57479402
equity,INE0LXG01040,2026-10-01,37.3,36.33,37.08,54910840
equity,INE0LXG01040,2026-10-02,37.08,37.08,37.08,
equity,INE0LXG01040,2026-10-05,37.27,36.52,36.68,35609938
equity,INE0LXG01040,2026-10-06,37,35.73,35.96,57054935
equity,INE013P01021,2026-09-30,1600,1506.1,1521.6,194917
equity,INE013P01021,2026-10-01,1542.2,1433.6,1508,608709
equity,INE013P01021,2026-10-05,1516.5,1470.5,1488.3,151299
equity,INE013P01021,2026-10-06,1544.4,1475.1,1535.8,147836
equity,INE03QK01018,2026-09-30,460.95,440.8,444,1480412
equity,INE03QK01018,2026-10-01,454.85,435,451.3,683663
equity,INE03QK01018,2026-10-05,455.05,442.2,446.8,413013
equity,INE03QK01018,2026-10-06,459.2,445.5,457,492679
equity,INE05HV01027,2026-09-30,214.89,207.5,209.21,726889
equity,INE05HV01027,2026-10-01,208.8,196.47,204.38,2709836
equity,INE05HV01027,2026-10-02,204.38,204.38,204.38,
equity,INE05HV01027,2026-10-05,208.99,203.68,207.13,1019550
equity,INE05HV01027,2026-10-06,212.49,205,210.06,798452
equity,INE203A01020,2026-09-30,6289,6120.5,6186,56730
equity,INE203A01020,2026-10-01,6172,5986,6031,11473
equity,INE203A01020,2026-10-02,6031,6031,6031,
equity,INE203A01020,2026-10-05,6087.5,5882,5909,6412
equity,INE203A01020,2026-10-06,5996.5,5883.5,5980.5,5720
equity,INE825A01020,2026-09-30,542.7,524.65,534.6,615004
equity,INE825A01020,2026-10-01,534.6,516.55,529.25,260173
equity,INE825A01020,2026-10-05,538.9,527.65,529.9,102074
equity,INE825A01020,2026-10-06,557,531.15,549.4,317618
equity,INE205C01021,2026-09-30,1684.5,1625.8,1673.8,118032
equity,INE205C01021,2026-10-01,1662.2,1620.1,1638.1,91694
equity,INE205C01021,2026-10-05,1639.1,1595.1,1619.6,126764
equity,INE205C01021,2026-10-06,1639.9,1611.2,1633.8,94082
equity,INE501A01019,2026-09-30,1387.4,1305.1,1351,520150
equity,INE501A01019,2026-10-01,1350,1286,1300.9,226222
equity,INE501A01019,2026-10-05,1322.5,1292,1297.7,112778
equity,INE501A01019,2026-10-06,1391.9,1296.4,1385.6,875100
equity,INE872J01023,2026-09-30,132.7,129,130.29,1090016
equity,INE872J01023,2026-10-01,129.85,125.35,127.07,1020731
equity,INE872J01023,2026-10-05,131,125.55,130.03,1377561
equity,INE872J01023,2026-10-06,130.9,129.03,129.53,414660
equity,INE0K9O01026,2026-09-30,393.75,375.5,381.9,6734536
equity,INE0K9O01026,2026-10-01,395,367.3,387.85,7022551
equity,INE0K9O01026,2026-10-02,387.85,387.85,387.85,
equity,INE0K9O01026,2026-10-05,406,385.65,392.6,3852094
equity,INE0K9O01026,2026-10-06,408.25,389.95,405.45,2948147
equity,INE258A01024,2026-09-30,2002.8,1956.6,1992.4,204724
equity,INE258A01024,2026-10-01,1995.5,1930,1962.3,198724
equity,INE258A01024,2026-10-05,1993.9,1942,1970.4,144626
equity,INE258A01024,2026-10-06,2060.2,1970.5,2042.2,196180
equity,INE103V01028,2026-09-30,1208.3,1184,1200.3,28635
equity,INE103V01028,2026-10-01,1222.1,1176.1,1208.1,32897
equity,INE103V01028,2026-10-05,1215.6,1185,1204.3,52265
equity,INE103V01028,2026-10-06,1204.7,1191,1197.9,23618
equity,INE552Z01027,2026-09-30,729,711.65,718.9,319559
equity,INE552Z01027,2026-10-01,718,673.95,679.45,1056525
equity,INE552Z01027,2026-10-05,701,680.25,696.75,337569
equity,INE552Z01027,2026-10-06,727.85,691.55,714.65,701673
equity,INE102B01014,2026-09-30,749.4,721.2,726.25,401169
equity,INE102B01014,2026-10-01,729.4,706.75,719.4,433514
equity,INE102B01014,2026-10-05,736,719.4,726,737146
equity,INE102B01014,2026-10-06,738,725,727.15,857408
equity,INE768C01028,2026-09-30,518.6,500.2,512.8,258147
equity,INE768C01028,2026-10-01,515.25,490.2,493.25,151840
equity,INE768C01028,2026-10-05,502.1,482,483.8,126114
equity,INE768C01028,2026-10-06,505.45,484,502.4,136711
equity,INE718I01012,2026-09-30,114.03,112.3,113.38,1945111
equity,INE718I01012,2026-10-01,113.94,109.62,111.6,1956465
equity,INE718I01012,2026-10-02,111.6,111.6,111.6,
equity,INE718I01012,2026-10-05,113.31,109.86,111.09,1631122
equity,INE718I01012,2026-10-06,113.6,110.48,113.2,1256947
equity,INE842C01021,2026-09-30,698.15,672.75,692.85,255045
equity,INE842C01021,2026-10-01,694.45,649.35,667.35,497785
equity,INE842C01021,2026-10-05,669.85,637.05,647.85,380699
equity,INE842C01021,2026-10-06,661.5,648,659.6,148817
equity,INE085A01013,2026-09-30,417.45,408.4,409.25,384509
equity,INE085A01013,2026-10-01,411.25,396.5,399.3,447087
equity,INE085A01013,2026-10-05,406.3,395,397.6,432450
equity,INE085A01013,2026-10-06,406,397.95,404.8,225605
equity,INE03Q201024,2026-09-30,1390,1350,1379.3,186612
equity,INE03Q201024,2026-10-01,1380.5,1317.2,1374.2,112499
equity,INE03Q201024,2026-10-02,1374.2,1374.2,1374.2,
equity,INE03Q201024,2026-10-05,1398,1349.2,1373.7,97234
equity,INE03Q201024,2026-10-06,1394.7,1354.2,1384,166790
equity,INE373A01013,2026-09-30,3515.8,3438.6001,3447.8,10894
equity,INE373A01013,2026-10-01,3452,3363.3,3417.1001,11006
equity,INE373A01013,2026-10-05,3480,3390,3406,9380
equity,INE373A01013,2026-10-06,3507.8,3406.1001,3472.1001,20716
equity,INE348B01021,2026-09-30,686,663.05,681.85,64964
equity,INE348B01021,2026-10-01,683,661.55,666.45,56697
equity,INE348B01021,2026-10-05,682,662.25,680.05,65262
equity,INE348B01021,2026-10-06,699,674.05,679.85,100565
equity,INE085J01014,2026-09-30,5240,5050,5062,38301
equity,INE085J01014,2026-10-01,5102.5,4811.5,4861,73885
equity,INE085J01014,2026-10-05,4934,4721,4747,77086
equity,INE085J01014,2026-10-06,4847,4726,4758.5,41236
equity,INE168A01041,2026-09-30,142.26,138,138.65,1592541
equity,INE168A01041,2026-10-01,143.06,136.8,139.98,3955477
equity,INE168A01041,2026-10-05,143.46,139.83,141.53,3523704
equity,INE168A01041,2026-10-06,142.25,139,139.5,1505478
equity,INE608A01012,2026-09-30,21.47,21.09,21.33,1167887
equity,INE608A01012,2026-10-01,21.3,20.8,20.96,752976
equity,INE608A01012,2026-10-05,21.38,20.92,21.02,907370
equity,INE608A01012,2026-10-06,21.16,20.95,21.05,542761
equity,INE291A01017,2026-09-30,7159,6937,7015.5,84631
equity,INE291A01017,2026-10-01,7037.5,6787.5,6925.5,29548
equity,INE291A01017,2026-10-05,6960,6670,6725.5,48501
equity,INE291A01017,2026-10-06,7129.5,6771,7102.5,91390
equity,INE386C01029,2026-09-30,1663.6,1621,1636.7,270444
equity,INE386C01029,2026-10-01,1634.8,1605,1624.5,308113
equity,INE386C01029,2026-10-02,1624.5,1624.5,1624.5,
equity,INE386C01029,2026-10-05,1673.9,1628.1,1651.7,327119
equity,INE386C01029,2026-10-06,1726,1650.3,1705.9,571459
equity,INE088F01024,2026-09-30,158.4,153.5,154.28,1932116
equity,INE088F01024,2026-10-01,154.5,148.5,151.22,1745429
equity,INE088F01024,2026-10-05,154.21,150,153.6,1604847
equity,INE088F01024,2026-10-06,157.44,153.11,156.76,1619496
equity,INE943P01029,2026-09-30,499.75,472.5,479.3,215481
equity,INE943P01029,2026-10-01,492.05,471.15,486.45,413281
equity,INE943P01029,2026-10-05,492,475.3,484.25,292496
equity,INE943P01029,2026-10-06,488.8,474.2,486.85,202172
equity,INE251B01027,2026-09-30,1647.2,1601,1605.2,185419
equity,INE251B01027,2026-10-01,1610,1550,1576.1,251378
equity,INE251B01027,2026-10-05,1606,1571.6,1599.5,212581
equity,INE251B01027,2026-10-06,1622,1598.8,1614.3,177454
equity,INE301O01023,2026-09-30,770,747.25,757.45,469691
equity,INE301O01023,2026-10-01,758.85,747.1,752.75,483854
equity,INE301O01023,2026-10-05,757,747.25,750.1,297124
equity,INE301O01023,2026-10-06,755,740.25,742.05,513796
equity,INE947N01017,2026-09-30,285.95,273.21,279.48,11216835
equity,INE947N01017,2026-10-01,284.75,269.95,275.05,5756074
equity,INE947N01017,2026-10-05,287.7,274.1,284.5,3706824
equity,INE947N01017,2026-10-06,294.7,283.85,286.1,4433743
equity,INE177H01039,2026-09-30,226,221,222.34,919919
equity,INE177H01039,2026-10-01,222.08,210.42,215.67,2042248
equity,INE177H01039,2026-10-02,215.67,215.67,215.67,
equity,INE177H01039,2026-10-05,218.8,210.42,211.32,1339172
equity,INE177H01039,2026-10-06,220.85,211.77,218.98,2728352
equity,INE457L01029,2026-09-30,506,493.45,493.45,825728
equity,INE457L01029,2026-10-01,496.65,476.1,481.1,1012842
equity,INE457L01029,2026-10-02,481.1,481.1,481.1,
equity,INE457L01029,2026-10-05,500.8,485,487.7,1475580
equity,INE457L01029,2026-10-06,532,483.5,527.65,5927606
equity,INE138Y01010,2026-09-30,853.8,837.4,840,489013
equity,INE138Y01010,2026-10-01,849.5,815.7,832,857914
equity,INE138Y01010,2026-10-02,832,832,832,
equity,INE138Y01010,2026-10-05,872.3,835,867.5,977572
equity,INE138Y01010,2026-10-06,887,858.65,863.8,518238
equity,INE548C01032,2026-09-30,384.5,375.6,379.05,1943040
equity,INE548C01032,2026-10-01,377.35,370.2,372.65,2237638
equity,INE548C01032,2026-10-05,378.5,371,377.75,1358087
equity,INE548C01032,2026-10-06,387.5,374,384,2900736
equity,INE398R01022,2026-09-30,373.3,363.1,365.3,345192
equity,INE398R01022,2026-10-01,365.3,353.3,361.3,530462
equity,INE398R01022,2026-10-02,361.3,361.3,361.3,
equity,INE398R01022,2026-10-05,364.45,355.55,357.4,327748
equity,INE398R01022,2026-10-06,364,355.55,363.2,319107
equity,INE092A01019,2026-09-30,628.75,610.2,611.45,1113198
equity,INE092A01019,2026-10-01,619,600.15,607.8,1216894
equity,INE092A01019,2026-10-02,607.8,607.8,607.8,
equity,INE092A01019,2026-10-05,629.9,603.5,617.4,953155
equity,INE092A01019,2026-10-06,624.75,615.4,616.55,691432
equity,INE499A01024,2026-09-30,923.9,905.1,915.6,58580
equity,INE499A01024,2026-10-01,920,886.3,906.85,138672
equity,INE499A01024,2026-10-05,1088.2,910.6,1044.55,971948
equity,INE499A01024,2026-10-06,1017.6,982.5,988.85,406963
equity,INE685T01010,2026-09-30,51,50.07,50.28,1962971
equity,INE685T01010,2026-10-01,50.31,48.11,48.65,4049133
equity,INE685T01010,2026-10-05,48.92,47.56,47.75,2149178
equity,INE685T01010,2026-10-06,51.08,47.06,49.2,6213558
equity,INE901L01018,2026-09-30,876.4,821.7,825.45,266145
equity,INE901L01018,2026-10-01,827.85,803.5,815.25,327528
equity,INE901L01018,2026-10-05,836.8,812.2,831.25,282527
equity,INE901L01018,2026-10-06,840.3,825,834.2,143011
equity,INE725A01030,2026-09-30,565.5,547,559.35,374867
equity,INE725A01030,2026-10-01,558.75,543.8,552.5,336721
equity,INE725A01030,2026-10-05,564.85,552,556.7,302296
equity,INE725A01030,2026-10-06,578,558,575,601601
equity,INE647U01026,2026-09-30,1405,1315.8,1327.2,851431
equity,INE647U01026,2026-10-01,1337,1290.1,1299.8,431038
equity,INE647U01026,2026-10-05,1331.8,1301,1303.3,156077
equity,INE647U01026,2026-10-06,1398.3,1300,1392.5,465388
equity,INE885A01032,2026-09-30,781.65,750,754.55,706708
equity,INE885A01032,2026-10-01,758.25,734.65,747.4,509131
equity,INE885A01032,2026-10-02,747.4,747.4,747.4,
equity,INE885A01032,2026-10-05,757,739.25,741.6,338967
equity,INE885A01032,2026-10-06,745.6,740.35,742.9,309353
equity,INE686Y01026,2026-09-30,5165,5092.5,5124.5,24136
equity,INE686Y01026,2026-10-01,5185,5060,5131,18279
equity,INE686Y01026,2026-10-05,5300,5121.5,5210,27037
equity,INE686Y01026,2026-10-06,5590,5208,5537,79778
equity,INE04I401011,2026-09-30,518,499.1,499.1,1625467
equity,INE04I401011,2026-10-01,509.4,484.5,492,1989750
equity,INE04I401011,2026-10-02,492,492,492,
equity,INE04I401011,2026-10-05,508.95,489,489.5,1394781
equity,INE04I401011,2026-10-06,497.9,488.3,492.7,965234
equity,INE05XR01022,2026-09-30,33.55,32.45,32.8,4485549
equity,INE05XR01022,2026-10-01,32.76,31.18,31.75,4959413
equity,INE05XR01022,2026-10-02,31.75,31.75,31.75,
equity,INE05XR01022,2026-10-05,32.3,31.37,31.88,5387913
equity,INE05XR01022,2026-10-06,32.33,31.84,32.05,4259122
equity,INE531A01024,2026-09-30,183.54,177.1,177.99,178729
equity,INE531A01024,2026-10-01,178,173.13,175.27,242728
equity,INE531A01024,2026-10-05,177.59,175.17,176.97,241586
equity,INE531A01024,2026-10-06,184.85,176.09,184,330306
equity,INE510A01028,2026-09-30,315.5,307.5,309.6,3125317
equity,INE510A01028,2026-10-01,318.3,303.05,312.75,7911815
equity,INE510A01028,2026-10-02,312.75,312.75,312.75,
equity,INE510A01028,2026-10-05,319.2,306.9,307.85,5190169
equity,INE510A01028,2026-10-06,320.8,306.4,313.3,5178520
equity,INE228A01035,2026-09-30,505.35,493.5,498.65,808936
equity,INE228A01035,2026-10-01,495.8,481,491.7,431464
equity,INE228A01035,2026-10-02,491.7,491.7,491.7,
equity,INE228A01035,2026-10-05,518,492,510.5,1068924
equity,INE228A01035,2026-10-06,519.9,500.4,516.7,819658
equity,INE288A01013,2026-09-30,12645,12300,12576,5414
equity,INE288A01013,2026-10-01,12686,12180,12380,7480
equity,INE288A01013,2026-10-05,12622,12353,12507,5117
equity,INE288A01013,2026-10-06,12567,12281,12315,5136
equity,INE818H01020,2026-09-30,409.4,399,400.4,356756
equity,INE818H01020,2026-10-01,402.75,389.1,399.15,813144
equity,INE818H01020,2026-10-05,408.5,397.1,405.8,370391
equity,INE818H01020,2026-10-06,416.6,405.45,408.15,285762
equity,INE128S01021,2026-09-30,519.9,494.85,516.85,602120
equity,INE128S01021,2026-10-01,513.5,498.25,506.25,547397
equity,INE128S01021,2026-10-02,506.25,506.25,506.25,
equity,INE128S01021,2026-10-05,521.05,505.8,519.1,510918
equity,INE128S01021,2026-10-06,529,510.35,514.35,567657
equity,INE043W01024,2026-09-30,1490,1435,1437.7,71365
equity,INE043W01024,2026-10-01,1442.6,1399.2,1428,188777
equity,INE043W01024,2026-10-05,1444.9,1405.4,1422.2,157254
equity,INE043W01024,2026-10-06,1501,1408.7,1466.7,134908
equity,INE0J5401028,2026-09-30,447.05,426.05,431.35,1589113
equity,INE0J5401028,2026-10-01,431,413.85,427.9,1936982
equity,INE0J5401028,2026-10-05,444,427,442.1,817839
equity,INE0J5401028,2026-10-06,493,446.7,478.3,24467678
equity,INE055A01016,2026-09-30,1183,1122.1,1130.7,276535
equity,INE055A01016,2026-10-01,1136.4,1072.4,1100.5,435320
equity,INE055A01016,2026-10-05,1131.1,1079,1082.6,310042
equity,INE055A01016,2026-10-06,1104,1074.7,1078,178345
equity,INE177A01018,2026-09-30,4237.2998,4077,4144,28231
equity,INE177A01018,2026-10-01,4175,4075.7,4158.7998,12216
equity,INE177A01018,2026-10-02,4158.7998,4158.7998,4158.7998,
equity,INE177A01018,2026-10-05,4224.1001,4135,4154.2002,7413
equity,INE177A01018,2026-10-06,4187.8999,4117,4130.7998,5472
equity,INE12UN01015,2026-09-30,289.8,278.15,280.25,7428809
equity,INE12UN01015,2026-10-01,278.9,267.2,273.15,2716747
equity,INE12UN01015,2026-10-02,273.15,273.15,273.15,
equity,INE12UN01015,2026-10-05,290.5,274.05,289.05,5956547
equity,INE12UN01015,2026-10-06,291.9,284.2,288,7608539
equity,INE05C901015,2026-09-30,282.75,269.85,273.3,1056639
equity,INE05C901015,2026-10-01,276.15,263,268.25,469197
equity,INE05C901015,2026-10-05,280.9,269,271.3,1216951
equity,INE05C901015,2026-10-06,284.5,271.2,280.6,766346
equity,INE151G01028,2026-09-30,3125,3042.7,3063,80016
equity,INE151G01028,2026-10-01,3074.3999,2972.8,3009.1001,95844
equity,INE151G01028,2026-10-05,3079,2979.3,3012.8,105774
equity,INE151G01028,2026-10-06,3124.8,3018.5,3100.3,88886
equity,INE034A01011,2026-09-30,549.95,535.75,539.9,644224
equity,INE034A01011,2026-10-01,544.6,522,534.05,565179
equity,INE034A01011,2026-10-05,539.65,525.15,530.4,565857
equity,INE034A01011,2026-10-06,538.4,529.7,534.65,350957
equity,INE0QPI01025,2026-09-30,1249.8,1181.5,1205.8,176078
equity,INE0QPI01025,2026-10-01,1237.3,1171.1,1199.8,205622
equity,INE0QPI01025,2026-10-05,1247.9,1155.1,1173.4,159743
equity,INE0QPI01025,2026-10-06,1199,1152.6,1158.4,94339
equity,INE299U01018,2026-09-30,214.56,208.67,208.67,1957515
equity,INE299U01018,2026-10-01,209.96,201.1,202.7,4535645
equity,INE299U01018,2026-10-02,202.7,202.7,202.7,
equity,INE299U01018,2026-10-05,211.98,203.3,211.5,3915311
equity,INE299U01018,2026-10-06,213.06,209.92,211.98,1179467
equity,INE01TY01017,2026-09-30,149.87,147.15,148.51,225185
equity,INE01TY01017,2026-10-01,148,141.91,143.85,451047
equity,INE01TY01017,2026-10-05,147.5,141.13,142.36,384965
equity,INE01TY01017,2026-10-06,143.9,138.96,143.13,619292
equity,INE704J01044,2026-09-30,34.38,33,33.11,19780131
equity,INE704J01044,2026-10-01,33.1,31.39,31.98,26250953
equity,INE704J01044,2026-10-02,31.98,31.98,31.98,
equity,INE704J01044,2026-10-05,32.14,30.63,30.87,23982297
equity,INE704J01044,2026-10-06,31.57,30.95,31.41,11311460
equity,INE2J8701016,2026-09-30,2842.8999,2735,2767.8999,172115
equity,INE2J8701016,2026-10-01,2760,2662,2734.2,35509
equity,INE2J8701016,2026-10-05,2759.8999,2670.1001,2729.5,21506
equity,INE2J8701016,2026-10-06,2785,2691.3,2774.6001,23101
equity,INE987B01026,2026-09-30,842.0858,814.413,820.7609,620084
equity,INE987B01026,2026-10-01,827.1,804,821.3,717435
equity,INE987B01026,2026-10-02,821.3,821.3,821.3,
equity,INE987B01026,2026-10-05,827.45,801.4,821.5,571712
equity,INE987B01026,2026-10-06,827,815.35,823.65,225103
equity,INE338H01029,2026-09-30,1434.7,1366.6,1373.6,100957
equity,INE338H01029,2026-10-01,1400,1320,1374.1,147229
equity,INE338H01029,2026-10-02,1374.1,1374.1,1374.1,
equity,INE338H01029,2026-10-05,1398.7,1352.5,1355.9,55394
equity,INE338H01029,2026-10-06,1375,1348.2,1368.8,41841
equity,INE995S01015,2026-09-30,75.8,72.82,74.81,3744324
equity,INE995S01015,2026-10-01,74.79,72.15,72.98,908237
equity,INE995S01015,2026-10-05,77.3,72.6,75.85,2936428
equity,INE995S01015,2026-10-06,76.84,75.51,76.56,618502
equity,INE750C01026,2026-09-30,345.9,321,322.3,3253271
equity,INE750C01026,2026-10-01,332.5,318.15,325.6,2445782
equity,INE750C01026,2026-10-02,325.6,325.6,325.6,
equity,INE750C01026,2026-10-05,333,324.6,331.65,1566583
equity,INE750C01026,2026-10-06,341.95,322.2,324.4,3112438
equity,INE927D01051,2026-09-30,572.7,552,556.5,234314
equity,INE927D01051,2026-10-01,555.3,533.95,544.65,403885
equity,INE927D01051,2026-10-05,557,540.6,544.55,186164
equity,INE927D01051,2026-10-06,559.45,544.35,555.65,252165
equity,INE732A01036,2026-09-30,1847.5,1745,1774.9,321866
equity,INE732A01036,2026-10-01,1777,1738.7,1767.6,131484
equity,INE732A01036,2026-10-05,1790.6,1736.2,1742.4,29626
equity,INE732A01036,2026-10-06,1765,1735.1,1745.3,26434
equity,INE421D01022,2026-09-30,1031,991.4,1019.5,146634
equity,INE421D01022,2026-10-01,1070,996.6,1056.6,405128
equity,INE421D01022,2026-10-02,1056.6,1056.6,1056.6,
equity,INE421D01022,2026-10-05,1057.6,1033.1,1051.9,179191
equity,INE421D01022,2026-10-06,1071,1026.6,1054.9,155647
equity,INE668A01016,2026-09-30,878.2,861.25,871.3,119178
equity,INE668A01016,2026-10-01,885,853.45,872.05,205835
equity,INE668A01016,2026-10-02,872.05,872.05,872.05,
equity,INE668A01016,2026-10-05,917.6,870,886.25,420110
equity,INE668A01016,2026-10-06,889.95,872.4,878.95,136056
equity,INE700A01033,2026-09-30,1063.1,1021.6,1028.8,460073
equity,INE700A01033,2026-10-01,1028.6,980.3,999.3,336042
equity,INE700A01033,2026-10-05,1012,972.1,981.6,203076
equity,INE700A01033,2026-10-06,996.6,970.1,989.2,174767
equity,INE961O01016,2026-09-30,1383,1305.1,1314.3,363556
equity,INE961O01016,2026-10-01,1306.4,1266.2,1279.8,219253
equity,INE961O01016,2026-10-05,1299.9,1263.6,1269.3,137076
equity,INE961O01016,2026-10-06,1273.9,1235.6,1239.7,122563
equity,INE0LCL01028,2026-09-30,2319.5,2180,2296.7,2010767
equity,INE0LCL01028,2026-10-01,2357,2214.3,2280.2,321345
equity,INE0LCL01028,2026-10-05,2339,2242,2256.3,310553
equity,INE0LCL01028,2026-10-06,2416.6001,2286.8999,2400.3999,565915
equity,INE951I01027,2026-09-30,307.75,295.25,296.45,995389
equity,INE951I01027,2026-10-01,299.8,290.15,294.55,359135
equity,INE951I01027,2026-10-05,302.7,295.3,296.55,204357
equity,INE951I01027,2026-10-06,307.9,294.35,306.3,409970
equity,INE00E101023,2026-09-30,543,516,521.8,174430
equity,INE00E101023,2026-10-01,521.75,497.65,504.05,604474
equity,INE00E101023,2026-10-05,514,484.5,487,387790
equity,INE00E101023,2026-10-06,498.25,477.55,481.1,975537
equity,INE536H01010,2026-09-30,390,378.05,386.3,288927
equity,INE536H01010,2026-10-01,383.15,370.85,376.35,259700
equity,INE536H01010,2026-10-02,376.35,376.35,376.35,
equity,INE536H01010,2026-10-05,380.85,374.4,378,91542
equity,INE536H01010,2026-10-06,380,375.25,379,95515
equity,INE119A01028,2026-09-30,688.4,654,662.85,1285691
equity,INE119A01028,2026-10-01,666.55,638,649.05,838261
equity,INE119A01028,2026-10-02,649.05,649.05,649.05,
equity,INE119A01028,2026-10-05,679.5,652.55,671.5,1055611
equity,INE119A01028,2026-10-06,714.5,682.35,691.3,2257220
equity,INE290S01011,2026-09-30,2949.5,2888,2899.8,191607
equity,INE290S01011,2026-10-01,2903.6001,2739.8,2806.6001,312645
equity,INE290S01011,2026-10-02,2806.6001,2806.6001,2806.6001,
equity,INE290S01011,2026-10-05,2950,2804.2,2935.3999,267054
equity,INE290S01011,2026-10-06,2982,2900.6001,2911.7,121721
equity,INE133A01011,2026-09-30,3091.3,3035.7,3079,14235
equity,INE133A01011,2026-10-01,3071,2960.1001,3020.6001,22765
equity,INE133A01011,2026-10-05,3058.5,2928.8999,2964.8,48643
equity,INE133A01011,2026-10-06,3019.8,2955.1001,3004.8,17773
equity,INE663A01033,2026-09-30,855,801.65,808.2,247547
equity,INE663A01033,2026-10-01,810,764.9,780.45,227873
equity,INE663A01033,2026-10-02,780.45,780.45,780.45,
equity,INE663A01033,2026-10-05,805,768.3,798.35,205144
equity,INE663A01033,2026-10-06,825.45,792.45,819.6,143789
equity,INE065X01017,2026-09-30,614.5,585,590.75,390007
equity,INE065X01017,2026-10-01,601.55,580,593.5,485930
equity,INE065X01017,2026-10-05,605.5,588,598.45,510522
equity,INE065X01017,2026-10-06,598.4,591,596.3,133215
equity,INE933B01012,2026-09-30,1025.7,990.05,1025.7,370551
equity,INE933B01012,2026-10-01,1076.9,1076.9,1076.9,542861
equity,INE933B01012,2026-10-05,1130.7,1036,1130.6,835410
equity,INE933B01012,2026-10-06,1165,1090,1119.4,384923
equity,INE0Z4F01028,2026-09-30,1652.5,1600,1608.1,85264
equity,INE0Z4F01028,2026-10-01,1738.8,1596,1716.5,345205
equity,INE0Z4F01028,2026-10-05,1888.1,1725,1882.9,379316
equity,INE0Z4F01028,2026-10-06,1968.3,1856.6,1869.3,338885
equity,INE825V01034,2026-09-30,541,527.9,535.1,127982
equity,INE825V01034,2026-10-01,535,514.75,519.2,106163
equity,INE825V01034,2026-10-05,527.9,507.65,521.3,917319
equity,INE825V01034,2026-10-06,529,500.15,505.4,187727
equity,INE371A01025,2026-09-30,801,757.25,764.8,2394392
equity,INE371A01025,2026-10-01,791.45,756.9,786.15,1585680
equity,INE371A01025,2026-10-02,786.15,786.15,786.15,
equity,INE371A01025,2026-10-05,822.75,791.05,816.4,1578431
equity,INE371A01025,2026-10-06,861.5,817.05,851.2,2456471
equity,INE212S01015,2026-09-30,762.45,738,740.2,134937
equity,INE212S01015,2026-10-01,744.95,708.3,727.35,277503
equity,INE212S01015,2026-10-05,746.05,718.7,725.05,235158
equity,INE212S01015,2026-10-06,745.5,722,742.15,447800
equity,INE418L01047,2026-09-30,401.9,386.2,392.85,2088636
equity,INE418L01047,2026-10-01,397.45,374,384.7,1314362
equity,INE418L01047,2026-10-05,393.45,379.1,385.8,2285380
equity,INE418L01047,2026-10-06,387.6,378.8,379.55,714719
equity,INE999A01023,2026-09-30,900,841,856.1,5216083
equity,INE999A01023,2026-10-01,855,803,806.45,403813
equity,INE999A01023,2026-10-05,822,800,803.95,168361
equity,INE999A01023,2026-10-06,814.3,793.05,809.1,139737
equity,INE930P01018,2026-09-30,1188.5,1169,1181,133965
equity,INE930P01018,2026-10-01,1187.3,1151.5,1163.7,224878
equity,INE930P01018,2026-10-02,1163.7,1163.7,1163.7,
equity,INE930P01018,2026-10-05,1175.9,1158.2,1164.4,216772
equity,INE930P01018,2026-10-06,1178,1158.1,1170.2,440678
equity,INE545A01024,2026-09-30,250.3,232,237.65,1339286
equity,INE545A01024,2026-10-01,241.79,232.65,239.28,771383
equity,INE545A01024,2026-10-02,239.28,239.28,239.28,
equity,INE545A01024,2026-10-05,248,232,233.77,1455475
equity,INE0Q9301021,2026-09-30,327.05,314.05,315.9,584224
equity,INE0Q9301021,2026-10-01,317.95,308.4,311.95,247930
equity,INE0Q9301021,2026-10-05,320.7,311,316.25,422079
equity,INE0Q9301021,2026-10-06,321.35,313.05,319.6,435901
equity,INE126A01031,2026-09-30,708,681,685.9,467662
equity,INE126A01031,2026-10-01,685.35,672.3,674.55,341622
equity,INE126A01031,2026-10-05,698,675,691.95,191222
equity,INE126A01031,2026-10-06,710.7,695,699.2,314270
equity,INE713T01028,2026-09-30,410.7,401.7,403.45,4344769
equity,INE713T01028,2026-10-01,403.4,389.1,394,4102186
equity,INE713T01028,2026-10-02,394,394,394,
equity,INE713T01028,2026-10-05,405.5,395,401.7,4584428
equity,INE713T01028,2026-10-06,408.75,402.4,408.05,3343909
equity,INE00F201020,2026-09-30,3150,3084.2,3129.2,30361
equity,INE00F201020,2026-10-01,3130,3060,3119.1001,26057
equity,INE00F201020,2026-10-05,3153.5,3082.8999,3108.1001,12341
equity,INE00F201020,2026-10-06,3228.2,3086,3204.3,13341
equity,INE297H01019,2026-09-30,551,535.2,537.5,51095
equity,INE297H01019,2026-10-01,538.45,522.15,530.15,48279
equity,INE297H01019,2026-10-05,533.45,521,522.9,31526
equity,INE297H01019,2026-10-06,541.9,522.5,530.05,65236
equity,INE1CLE01013,2026-09-30,34.49,31.82,32.3,67267019
equity,INE1CLE01013,2026-10-01,32.34,30.69,31.17,23116178
equity,INE1CLE01013,2026-10-02,31.17,31.17,31.17,
equity,INE1CLE01013,2026-10-05,31.32,30.16,30.74,14830747
equity,INE1CLE01013,2026-10-06,31.39,30.33,30.75,13725209
equity,INE109A01011,2026-09-30,275.95,269.75,270.5,1048767
equity,INE109A01011,2026-10-01,271.85,261.15,267.05,1466021
equity,INE109A01011,2026-10-02,267.05,267.05,267.05,
equity,INE109A01011,2026-10-05,292.6,271.45,290.6,24814404
equity,INE109A01011,2026-10-06,293.8,283.25,289,5284835
equity,INE781S01027,2026-09-30,574.55,557,558.4,9729
equity,INE781S01027,2026-10-01,564.85,548,552.2,26555
equity,INE781S01027,2026-10-05,557.9,544.5,548,8979
equity,INE781S01027,2026-10-06,602.8,546.05,582.35,85216
equity,INE410B01037,2026-09-30,1192.8,1165,1168.3,45076
equity,INE410B01037,2026-10-01,1221,1143.6,1208.1,60315
equity,INE410B01037,2026-10-02,1208.1,1208.1,1208.1,
equity,INE410B01037,2026-10-05,1207.9,1171.6,1175.8,43727
equity,INE410B01037,2026-10-06,1200.1,1166.7,1179.5,30277
equity,INE671H01015,2026-09-30,1239,1198,1221.6,121889
equity,INE671H01015,2026-10-01,1227.6,1176.6,1213.1,86762
equity,INE671H01015,2026-10-05,1229.8,1187.8,1198.2,136038
equity,INE671H01015,2026-10-06,1218.3,1180.8,1190.7,401261
equity,INE0NNS01018,2026-09-30,42.35,41.15,41.32,4305677
equity,INE0NNS01018,2026-10-01,41.71,40.15,40.95,7092056
equity,INE0NNS01018,2026-10-02,40.95,40.95,40.95,
equity,INE0NNS01018,2026-10-05,41.3,40.31,40.5,3000968
equity,INE0NNS01018,2026-10-06,41.11,40.4,40.9,4385231
equity,INE482A01020,2026-09-30,3320.8999,3242.3,3264.3999,46666
equity,INE482A01020,2026-10-01,3300,3197,3286.6001,49734
equity,INE482A01020,2026-10-05,3313.3999,3244.1001,3283,26355
equity,INE482A01020,2026-10-06,3342.3,3278.3,3328.7,28923
equity,INE321T01012,2026-09-30,2122,2044.1,2107,46672
equity,INE321T01012,2026-10-01,2110,2075,2097.5,19783
equity,INE321T01012,2026-10-05,2109.8999,2053,2079.8,18688
equity,INE321T01012,2026-10-06,2085,2065,2073.2,11709
equity,INE731H01025,2026-09-30,1245.6,1205,1232,343169
equity,INE731H01025,2026-10-01,1258.9,1180.1,1212.3,465866
equity,INE731H01025,2026-10-05,1243.4,1203,1227.5,287382
equity,INE731H01025,2026-10-06,1260,1230,1252.2,197475
equity,INE869T01028,2026-09-30,1369.2,1274.4,1308.9,3130442
equity,INE869T01028,2026-10-01,1564.3,1312.1,1513.1,8751936
equity,INE869T01028,2026-10-05,1558.3,1472.6,1503.4,3050454
equity,INE869T01028,2026-10-06,1540,1475,1501.1,1127209
equity,INE694L01019,2026-09-30,34.3,32.7,32.84,17056090
equity,INE694L01019,2026-10-01,33,31.95,32.77,18705111
equity,INE694L01019,2026-10-02,32.77,32.77,32.77,
equity,INE694L01019,2026-10-05,33.15,31.49,31.87,15572832
equity,INE694L01019,2026-10-06,32.66,31.83,32.53,7497046
equity,INE872H01027,2026-09-30,2099,2007.4,2076.7,137712
equity,INE872H01027,2026-10-01,2063.8999,1948.1,1978.9,238440
equity,INE872H01027,2026-10-05,2001.1,1948,1967.6,60434
equity,INE872H01027,2026-10-06,1990,1842.5,1856.9,311799
equity,INE542F01020,2026-09-30,2791.2,2663,2756.6001,19651
equity,INE542F01020,2026-10-01,2756.6001,2625.1001,2718.2,22327
equity,INE542F01020,2026-10-05,2744.8999,2600,2728.8,13839
equity,INE542F01020,2026-10-06,2769.8999,2660,2760.2,23194
equity,INE133E01013,2026-09-30,565.3,536.25,540.65,864319
equity,INE133E01013,2026-10-01,551.4,535,542.55,568428
equity,INE133E01013,2026-10-05,553.15,538,540.35,282972
equity,INE133E01013,2026-10-06,579.8,540,547.8,2728502
equity,INE12UR01024,2026-09-30,410.15,396.9,398.45,205502
equity,INE12UR01024,2026-10-01,404.4,384.1,401.65,236989
equity,INE12UR01024,2026-10-05,420.95,392.6,412.15,326293
equity,INE12UR01024,2026-10-06,424.4,410.05,418.85,164137
equity,INE959A01019,2026-09-30,3624,3557.3,3586.6001,102693
equity,INE959A01019,2026-10-01,3585.8,3471.6001,3573,135556
equity,INE959A01019,2026-10-05,3593,3424.1001,3442.2,186750
equity,INE959A01019,2026-10-06,3568,3415,3504.8999,218699
equity,INE852O01025,2026-09-30,236.87,230,232.53,1838844
equity,INE852O01025,2026-10-01,231,223.28,226.4,1566543
equity,INE852O01025,2026-10-02,226.4,226.4,226.4,
equity,INE852O01025,2026-10-05,228.51,222.34,223.65,934997
equity,INE852O01025,2026-10-06,226.21,222.32,223.9,512817
equity,INE532F01054,2026-09-30,144.05,137.7,142.73,10840581
equity,INE532F01054,2026-10-01,142,136,137.9,6165446
equity,INE532F01054,2026-10-02,137.9,137.9,137.9,
equity,INE532F01054,2026-10-05,139.22,135.11,135.47,2456666
equity,INE532F01054,2026-10-06,138.19,133.8,135.53,2545452
equity,INE304W01038,2026-09-30,812,782,794.85,805919
equity,INE304W01038,2026-10-01,798,767.55,787.95,928246
equity,INE304W01038,2026-10-05,797.65,778.2,790.65,509584
equity,INE304W01038,2026-10-06,818,788.55,813.85,651439
equity,INE614B01018,2026-09-30,332.15,322.55,329,1004306
equity,INE614B01018,2026-10-01,330.2,316.65,321.6,3306218
equity,INE614B01018,2026-10-02,321.6,321.6,321.6,
equity,INE614B01018,2026-10-05,329.9,322.3,326.75,1078432
equity,INE614B01018,2026-10-06,329.9,323,324.25,1512372
equity,INE066P01011,2026-09-30,72.93,69.51,69.51,9235114
equity,INE066P01011,2026-10-01,70.1,67.1,68.75,9972133
equity,INE066P01011,2026-10-02,68.75,68.75,68.75,
equity,INE066P01011,2026-10-05,69.88,67.6,67.8,5978012
equity,INE066P01011,2026-10-06,70.24,67.51,68.7,10423072
equity,INE02ZQ01018,2026-09-30,2111.8,2062.1001,2093.3999,23940
equity,INE02ZQ01018,2026-10-01,2093.3999,1986.1,2029.4,25676
equity,INE02ZQ01018,2026-10-05,2070,2005.6,2034.2,14222
equity,INE02ZQ01018,2026-10-06,2051.6001,2007.6,2038.3,26077
equity,INE824G01012,2026-09-30,11409,11000,11346,51678
equity,INE824G01012,2026-10-01,11361,11130,11258,3211
equity,INE824G01012,2026-10-05,11417,11108,11350,1708
equity,INE824G01012,2026-10-06,11445,11265,11313,2550
equity,INE399G01023,2026-09-30,724,699.1,702.3,529472
equity,INE399G01023,2026-10-01,709.3,677.1,695.45,862927
equity,INE399G01023,2026-10-05,704.05,692,700.45,291847
equity,INE399G01023,2026-10-06,736.45,696.1,732.65,992017
equity,INE481N01025,2026-09-30,1136.9,1094.4,1104.8,255917
equity,INE481N01025,2026-10-01,1129,1084.2,1125.7,187768
equity,INE481N01025,2026-10-02,1125.7,1125.7,1125.7,
equity,INE481N01025,2026-10-05,1122.6,1075.1,1096.2,379744
equity,INE481N01025,2026-10-06,1118,1091.3,1111.5,212389
equity,INE676A01027,2026-09-30,854.6,800.25,804.8,1137619
equity,INE676A01027,2026-10-01,825.55,782.65,795.85,735809
equity,INE676A01027,2026-10-05,823.65,794.2,812.5,542405
equity,INE676A01027,2026-10-06,844.55,805.65,839.95,1120205
equity,INE780C01023,2026-09-30,129.65,125.25,129.02,2299895
equity,INE780C01023,2026-10-01,128.8,122.44,123.4,1953202
equity,INE780C01023,2026-10-02,123.4,123.4,123.4,
equity,INE780C01023,2026-10-05,126.37,122.7,123.1,1028560
equity,INE780C01023,2026-10-06,125.25,123,124,1300482
equity,INE665L01035,2026-09-30,867,834,862.95,266860
equity,INE665L01035,2026-10-01,860.15,815.6,830.6,261699
equity,INE665L01035,2026-10-02,830.6,830.6,830.6,
equity,INE665L01035,2026-10-05,843.8,817,820,169871
equity,INE665L01035,2026-10-06,829.45,793,814.45,402684
equity,INE00VM01036,2026-09-30,1879.4,1844.8,1852.8,123908
equity,INE00VM01036,2026-10-01,1924.9,1824,1880.3,485712
equity,INE00VM01036,2026-10-02,1880.3,1880.3,1880.3,
equity,INE00VM01036,2026-10-05,1959,1879.9,1944.9,299321
equity,INE00VM01036,2026-10-06,1999.8,1960,1985.6,207579
equity,INE118D01016,2026-09-30,344.05,331,337.8,197279
equity,INE118D01016,2026-10-01,336.7,316.5,322.1,1125207
equity,INE118D01016,2026-10-05,329.45,322,326.1,179658
equity,INE118D01016,2026-10-06,330,323.35,326.5,148942
equity,INE551W01018,2026-09-30,68.3,65.7,67.5,28889413
equity,INE551W01018,2026-10-01,67.6,65.04,65.6,9369954
equity,INE551W01018,2026-10-02,65.6,65.6,65.6,
equity,INE551W01018,2026-10-05,67.65,65.92,66.59,16279797
equity,INE551W01018,2026-10-06,67.98,65.14,65.19,13769306
equity,INE956G01038,2026-09-30,2141.8999,2051,2061.3999,394972
equity,INE956G01038,2026-10-01,2058.3,1960,2004.9,398624
equity,INE956G01038,2026-10-02,2004.9,2004.9,2004.9,
equity,INE956G01038,2026-10-05,2032.8,1967,1999.5,683349
equity,INE956G01038,2026-10-06,2055,1991.2,2006.9,423820
equity,INE602A01031,2026-09-30,339.8,330.15,331.1,1026589
equity,INE602A01031,2026-10-01,331.65,315.75,321.5,878765
equity,INE602A01031,2026-10-02,321.5,321.5,321.5,
equity,INE602A01031,2026-10-05,327.2,318.6,320.35,457281
equity,INE602A01031,2026-10-06,328.5,320.8,327.7,540306
equity,INE00XB01019,2026-09-30,3587,3460.8,3494.5,178976
equity,INE00XB01019,2026-10-01,3524.8999,3328,3432.8,134911
equity,INE00XB01019,2026-10-02,3432.8,3432.8,3432.8,
equity,INE00XB01019,2026-10-05,3650,3355,3372.3,233050
equity,INE00XB01019,2026-10-06,3426.8,3320.1001,3399.6001,143979
equity,INE850D01014,2026-09-30,641.45,620.95,623.55,114004
equity,INE850D01014,2026-10-01,635,620,631.9,137009
equity,INE850D01014,2026-10-02,631.9,631.9,631.9,
equity,INE850D01014,2026-10-05,651.45,626.65,640.9,220599
equity,INE850D01014,2026-10-06,651,636,648.1,172003
equity,INE683A01023,2026-09-30,49.67,48,48.24,15754423
equity,INE683A01023,2026-10-01,48.25,46.8,47.44,12229088
equity,INE683A01023,2026-10-02,47.44,47.44,47.44,
equity,INE683A01023,2026-10-05,48.7,47.8,48.54,10708341
equity,INE683A01023,2026-10-06,48.59,47.05,47.23,11006650
equity,INE255Z01027,2026-09-30,679,636.2,650.5,479810
equity,INE255Z01027,2026-10-01,655,620.1,648,470548
equity,INE255Z01027,2026-10-05,675,649.95,656.1,513783
equity,INE255Z01027,2026-10-06,688.9,662,688.9,857233
equity,INE119201023,2026-09-30,279.5,268.4,274.95,877385
equity,INE119201023,2026-10-01,274.2,268.5,270.8,436458
equity,INE119201023,2026-10-05,274,261,267.75,1099956
equity,INE119201023,2026-10-06,275.95,265.5,274.85,708232
equity,INE064C01022,2026-09-30,22.79,22.35,22.44,2060666
equity,INE064C01022,2026-10-01,22.5,22,22.16,2837617
equity,INE064C01022,2026-10-05,22.33,21.8,21.84,3963387
equity,INE064C01022,2026-10-06,22.98,21.84,22.56,6085679
equity,INE024L01027,2026-09-30,1472.9,1439.7,1447.4,221058
equity,INE024L01027,2026-10-01,1445.5,1388,1412.6,291677
equity,INE024L01027,2026-10-02,1412.6,1412.6,1412.6,
equity,INE024L01027,2026-10-05,1440.8,1403.6,1423.5,275082
equity,INE024L01027,2026-10-06,1528,1428.5,1500.9,796170
equity,INE136B01020,2026-09-30,1138,1050.1,1100.7,2323228
equity,INE136B01020,2026-10-01,1112.2,1068,1104.6,594962
equity,INE136B01020,2026-10-05,1173.5,1110,1140.2,1623849
equity,INE136B01020,2026-10-06,1141.3,1097.2,1119.4,550341
equity,INE112L01020,2026-09-30,561.25,536.65,541.7,572003
equity,INE112L01020,2026-10-01,549,526.3,537.9,446423
equity,INE112L01020,2026-10-02,537.9,537.9,537.9,
equity,INE112L01020,2026-10-05,559.5,532,553.6,264357
equity,INE112L01020,2026-10-06,565.35,537.6,552.65,367729
equity,INE491J01022,2026-09-30,652.2,614.75,640.1,479507
equity,INE491J01022,2026-10-01,637.1,608.55,618.15,325106
equity,INE491J01022,2026-10-05,624.9,603.6,608.2,221181
equity,INE491J01022,2026-10-06,614.5,603.1,609.75,128830
equity,INE121R01077,2026-09-30,568.45,541.3,549.45,281619
equity,INE121R01077,2026-10-01,565.25,531.2,554.05,919619
equity,INE121R01077,2026-10-05,577,551.35,569.7,449516
equity,INE121R01077,2026-10-06,575.25,559.8,564.15,214734
equity,INE093R01011,2026-09-30,104.2,97.51,98.64,20659896
equity,INE093R01011,2026-10-01,99.25,94.65,98.31,15406969
equity,INE093R01011,2026-10-02,98.31,98.31,98.31,
equity,INE093R01011,2026-10-05,103.4,98.75,102.2,20393622
equity,INE093R01011,2026-10-06,103.79,99.63,101.15,10843947
equity,INE01IU01018,2026-09-30,838.45,806,810.7,695736
equity,INE01IU01018,2026-10-01,817.9,776.5,810.65,1141277
equity,INE01IU01018,2026-10-02,810.65,810.65,810.65,
equity,INE01IU01018,2026-10-05,839,814,825.9,1050336
equity,INE01IU01018,2026-10-06,877,830.65,857.65,4153228
equity,INE09XN01023,2026-09-30,828.2,811.1,818.5,196569
equity,INE09XN01023,2026-10-01,828.2,802.2,813.1,191282
equity,INE09XN01023,2026-10-02,813.1,813.1,813.1,
equity,INE09XN01023,2026-10-05,825,796.35,801.35,117017
equity,INE09XN01023,2026-10-06,818,796.3,814.65,128267
equity,INE191H01014,2026-09-30,1262.6,1187,1242.7,711172
equity,INE191H01014,2026-10-01,1236.6,1189,1215.3,321029
equity,INE191H01014,2026-10-02,1215.3,1215.3,1215.3,
equity,INE191H01014,2026-10-05,1249.9,1216,1231.4,279083
equity,INE191H01014,2026-10-06,1261.2,1226.1,1249.4,335983
equity,INE233B01017,2026-09-30,4654.2002,4539.2998,4629,14406
equity,INE233B01017,2026-10-01,4793.7998,4460,4496.7998,51320
equity,INE233B01017,2026-10-05,4549.7998,4458.1001,4514.3999,6452
equity,INE233B01017,2026-10-06,4575,4483.6001,4562.7998,6430
equity,INE615H01020,2026-09-30,850.9,814.1,818.15,933675
equity,INE615H01020,2026-10-01,813.9,792.2,805.1,373180
equity,INE615H01020,2026-10-02,805.1,805.1,805.1,
equity,INE615H01020,2026-10-05,812.95,795.65,809.65,364258
equity,INE615H01020,2026-10-06,813.5,802.85,804.85,249957
equity,INE807F01027,2026-09-30,242.5,235.05,235.8,1248944
equity,INE807F01027,2026-10-01,235.7,226.24,231.75,3532864
equity,INE807F01027,2026-10-02,231.75,231.75,231.75,
equity,INE807F01027,2026-10-05,235,228,229.07,1200304
equity,INE807F01027,2026-10-06,234.5,228.57,233.23,1455694
equity,INE011K01018,2026-09-30,2198,2062.6001,2106.7,1493714
equity,INE011K01018,2026-10-01,2132,2034,2093.3999,408456
equity,INE011K01018,2026-10-05,2131.7,2020,2064.1001,261410
equity,INE011K01018,2026-10-06,2129,2060.8,2092.5,249935
equity,INE0SII01026,2026-09-30,1675,1572.3,1584.8,267707
equity,INE0SII01026,2026-10-01,1609.9,1515,1564.6,317871
equity,INE0SII01026,2026-10-05,1640,1569.8,1620.2,336640
equity,INE0SII01026,2026-10-06,1681,1609.6,1648.8,332290
equity,INE785M01021,2026-09-30,13.74,13.11,13.2,227698090
equity,INE785M01021,2026-10-01,13.29,12.56,12.82,241052557
equity,INE785M01021,2026-10-02,12.82,12.82,12.82,
equity,INE785M01021,2026-10-05,13.32,12.86,13.06,199713384
equity,INE785M01021,2026-10-06,13.2,12.85,12.93,133822274
equity,INE540H01012,2026-09-30,10796,10462,10500,16517
equity,INE540H01012,2026-10-01,10575,10285,10426,16047
equity,INE540H01012,2026-10-02,10426,10426,10426,
equity,INE540H01012,2026-10-05,10638,10421,10561,14532
equity,INE540H01012,2026-10-06,10656,10479,10539,9008
equity,INE713N01013,2026-09-30,8207.6504,8207.6504,8207.6504,
equity,INE713N01013,2026-10-01,8207.6504,8207.6504,8207.6504,
equity,INE713N01013,2026-10-02,8207.6504,8207.6504,8207.6504,
equity,INE713N01013,2026-10-05,8125.6001,8125.6001,8125.6001,19
equity,INE045601023,2026-09-30,1346,1303,1311,529254
equity,INE045601023,2026-10-01,1315,1255,1276,562208
equity,INE045601023,2026-10-05,1297.8,1252.5,1266.2,532009
equity,INE045601023,2026-10-06,1332,1267.2,1323.3,661133
equity,INE285K01026,2026-09-30,1027.35,1001.5,1008.75,133810
equity,INE285K01026,2026-10-01,1019.8,977.6,998.6,159231
equity,INE285K01026,2026-10-05,1003.9,972.3,978.6,138238
equity,INE285K01026,2026-10-06,1003.2,980.8,996.2,112790
equity,INE094J01016,2026-09-30,894.55,873.25,882.4,50373
equity,INE094J01016,2026-10-01,886.25,870.05,883.7,65757
equity,INE094J01016,2026-10-02,883.7,883.7,883.7,
equity,INE094J01016,2026-10-05,898,879.85,890.3,58676
equity,INE094J01016,2026-10-06,894.85,883.1,888.2,75156
equity,INE625G01013,2026-09-30,764.4,740,742.7,169996
equity,INE625G01013,2026-10-01,749.3,717.55,724.45,396051
equity,INE625G01013,2026-10-05,734.3,716.7,723.1,154921
equity,INE625G01013,2026-10-06,728,713,718.3,150964
equity,INE383A01012,2026-09-30,309.9,300.15,301.85,337561
equity,INE383A01012,2026-10-01,303,290.25,295.15,231935
equity,INE383A01012,2026-10-05,302,290,299.05,143087
equity,INE383A01012,2026-10-06,303.15,294.15,295.25,139342
equity,INE962Y01021,2026-09-30,122.96,102.8,117.09,76654100
equity,INE962Y01021,2026-10-01,114.4,108.5,110.25,20851568
equity,INE962Y01021,2026-10-05,111.11,106.25,106.88,4101437
equity,INE962Y01021,2026-10-06,109.58,106.46,107.86,2575403
equity,INE080I01025,2026-09-30,82.1,78.68,79.23,4337499
equity,INE080I01025,2026-10-01,79.07,75.7,77.95,3290009
equity,INE080I01025,2026-10-02,77.95,77.95,77.95,
equity,INE080I01025,2026-10-05,80.8,77.17,79.63,3820423
equity,INE080I01025,2026-10-06,81.84,78.17,78.83,3339730
equity,INE903U01023,2026-09-30,761.85,721.05,727.15,331497
equity,INE903U01023,2026-10-01,745,713,737.45,227926
equity,INE903U01023,2026-10-05,744.8,732,738.2,337538
equity,INE903U01023,2026-10-06,740.2,717.55,719.35,280837
equity,INE351F01018,2026-09-30,15.58,15,15.13,29140693
equity,INE351F01018,2026-10-01,15.15,14.61,14.8,41402005
equity,INE351F01018,2026-10-02,14.8,14.8,14.8,
equity,INE351F01018,2026-10-05,15.1,14.86,14.91,31282813
equity,INE351F01018,2026-10-06,15.23,14.96,15,30810703
equity,INE423Y01016,2026-09-30,86.36,84.7,85.48,642934
equity,INE423Y01016,2026-10-01,85.4,83.05,84.19,1235866
equity,INE423Y01016,2026-10-05,87.18,82.4,82.83,3511188
equity,INE423Y01016,2026-10-06,84.19,82.25,83.28,1721490
equity,INE1B6101010,2026-09-30,774,764,770.4,359788
equity,INE1B6101010,2026-10-01,780,761.25,775.35,1026808
equity,INE1B6101010,2026-10-05,788.1,768.8,779.85,915863
equity,INE1B6101010,2026-10-06,799.5,781.5,796.5,1124841
equity,INE010J01012,2026-09-30,496.9,482.25,486.2,935883
equity,INE010J01012,2026-10-01,491.7,461.1,464.8,1792351
equity,INE010J01012,2026-10-02,464.8,464.8,464.8,
equity,INE010J01012,2026-10-05,481.95,461.45,463.2,1053307
equity,INE010J01012,2026-10-06,484.8,465.65,475.85,1877733
equity,INE871C01038,2026-09-30,759.1,715,717.8,468691
equity,INE871C01038,2026-10-01,724.85,700,711.55,325188
equity,INE871C01038,2026-10-02,711.55,711.55,711.55,
equity,INE871C01038,2026-10-05,717.95,705.15,711.1,187707
equity,INE871C01038,2026-10-06,720.75,709,714.1,139630
equity,INE389H01022,2026-09-30,384.35,375.1,377.25,715246
equity,INE389H01022,2026-10-01,381.45,367.5,372.35,624895
equity,INE389H01022,2026-10-02,372.35,372.35,372.35,
equity,INE389H01022,2026-10-05,380.7,369,370.55,489498
equity,INE389H01022,2026-10-06,376.95,369.05,374.9,941849
equity,INE0BY001018,2026-09-30,677.4,639.5,653.2,605507
equity,INE0BY001018,2026-10-01,653,626.3,638,244199
equity,INE0BY001018,2026-10-05,645.85,625,632.2,218343
equity,INE0BY001018,2026-10-06,647.9,629.15,644.25,188089
equity,INE002S01010,2026-09-30,1067.1,1039,1058,217105
equity,INE002S01010,2026-10-01,1056.3,1024.2,1045.4,226314
equity,INE002S01010,2026-10-05,1053.8,1036,1043.7,66059
equity,INE002S01010,2026-10-06,1048.4,1033,1039.8,57013
equity,INE101I01011,2026-09-30,250.05,246.5,247.8,370681
equity,INE101I01011,2026-10-01,248.01,240.25,242.39,428586
equity,INE101I01011,2026-10-02,242.39,242.39,242.39,
equity,INE101I01011,2026-10-05,246.79,239,241.5,481694
equity,INE101I01011,2026-10-06,243.95,240.75,242.15,167607
equity,INE489L01022,2026-09-30,349.8,343.7,346,1333723
equity,INE489L01022,2026-10-01,346.5,342.5,345.6,654711
equity,INE489L01022,2026-10-05,346.9,341.55,345.2,319157
equity,INE489L01022,2026-10-06,346,343.6,345.15,154566
equity,INE477A01020,2026-09-30,739.8,715,719.2,235321
equity,INE477A01020,2026-10-01,723.05,700,711,417879
equity,INE477A01020,2026-10-05,735.1,711.15,724.7,355842
equity,INE477A01020,2026-10-06,737.1,726,734.75,197132
equity,INE495B01038,2026-09-30,328.5,315.6,320.2,402663
equity,INE495B01038,2026-10-01,319.35,301.1,308.3,713418
equity,INE495B01038,2026-10-02,308.3,308.3,308.3,
equity,INE495B01038,2026-10-05,316,305.2,306.3,303251
equity,INE495B01038,2026-10-06,312.5,302.3,309.15,920113
equity,INE0UIZ01018,2026-09-30,634,606,607.9,471558
equity,INE0UIZ01018,2026-10-01,615.45,595,606.15,431008
equity,INE0UIZ01018,2026-10-05,619,597.1,599.4,362727
equity,INE0UIZ01018,2026-10-06,603.1,591.95,596,487681
equity,INE022Q01020,2026-09-30,108.8,106.53,107,3890920
equity,INE022Q01020,2026-10-01,107.38,104.18,105.98,3180623
equity,INE022Q01020,2026-10-02,105.98,105.98,105.98,
equity,INE022Q01020,2026-10-05,106.49,103.94,104.3,3096998
equity,INE022Q01020,2026-10-06,105.48,104.41,104.86,2588624
equity,INE573A01042,2026-09-30,349,337,347,1039519
equity,INE573A01042,2026-10-01,346.05,334.2,340.35,487795
equity,INE573A01042,2026-10-05,345.75,336.55,338.85,571827
equity,INE573A01042,2026-10-06,342.25,338.05,339.35,354228
equity,INE940H01022,2026-09-30,1324.6,1280,1282.1,87275
equity,INE940H01022,2026-10-01,1286,1233.7,1263,115643
equity,INE940H01022,2026-10-05,1289.3,1255,1266.5,114074
equity,INE940H01022,2026-10-06,1284.9,1242,1266.7,251429
equity,INE14LE01019,2026-09-30,77.8,76.11,76.52,2517738
equity,INE14LE01019,2026-10-01,76.14,73.41,74.44,1647089
equity,INE14LE01019,2026-10-02,74.44,74.44,74.44,
equity,INE14LE01019,2026-10-05,75.5,72.2,73.37,1522029
equity,INE14LE01019,2026-10-06,75.9,72.66,73.16,3207567
equity,INE520A01027,2026-09-30,438.95,420.15,422.1,994997
equity,INE520A01027,2026-10-01,438,421.05,434.35,1843893
equity,INE520A01027,2026-10-02,434.35,434.35,434.35,
equity,INE520A01027,2026-10-05,459.35,435.05,451.5,3269410
equity,INE520A01027,2026-10-06,457.65,444.35,445.45,605100
equity,INE075I01017,2026-09-30,710,660.5,666.05,204434
equity,INE075I01017,2026-10-01,675,656.05,668.75,108392
equity,INE075I01017,2026-10-05,670.9,658.65,669.05,40500
equity,INE075I01017,2026-10-06,683.8,652.8,680.55,115337
equity,INE050A01025,2026-09-30,1378.8,1350,1357.4,24685
equity,INE050A01025,2026-10-01,1351.4,1307,1334.2,78135
equity,INE050A01025,2026-10-05,1350,1301.3,1304.5,78011
equity,INE050A01025,2026-10-06,1305,1284,1298.2,93569
equity,INE209L01016,2026-09-30,244.8,220.59,233.12,24061117
equity,INE209L01016,2026-10-01,229.95,220.36,223.93,2250251
equity,INE209L01016,2026-10-02,223.93,223.93,223.93,
equity,INE209L01016,2026-10-05,226.99,218.61,223.44,1604474
equity,INE209L01016,2026-10-06,226.9,221.78,224.64,775283
equity,INE385F01024,2026-09-30,769.05,743,750.75,125096
equity,INE385F01024,2026-10-01,771,728.15,742.2,314856
equity,INE385F01024,2026-10-05,758.3,730.9,737.65,397450
equity,INE385F01024,2026-10-06,757.2,734,742.85,255818
equity,INE933S01016,2026-09-30,1644,1613.1,1629,101414
equity,INE933S01016,2026-10-01,1641,1590.1,1620.3,60779
equity,INE933S01016,2026-10-05,1648,1565.1,1591.5,61789
equity,INE933S01016,2026-10-06,1616,1584,1592.9,41628
equity,INE320J01015,2026-09-30,218.9,192.6,209.05,50416237
equity,INE320J01015,2026-10-01,216.99,203.33,209.48,21390228
equity,INE320J01015,2026-10-02,209.48,209.48,209.48,
equity,INE320J01015,2026-10-05,212,203.59,205.74,1278686
equity,INE320J01015,2026-10-06,206.86,202.41,203.51,613826
equity,INE716A01013,2026-09-30,942.8,862.25,890.25,3226987
equity,INE716A01013,2026-10-01,897.1,852.5,861.65,1044003
equity,INE716A01013,2026-10-02,861.65,861.65,861.65,
equity,INE716A01013,2026-10-05,888.7,850.1,871.75,825507
equity,INE716A01013,2026-10-06,878,861.1,867.8,391911
equity,INE216P01012,2026-09-30,1250.8,1206,1211.9,80671
equity,INE216P01012,2026-10-01,1211,1167.2,1190.9,280168
equity,INE216P01012,2026-10-05,1234.7,1192.6,1219.5,229879
equity,INE216P01012,2026-10-06,1232,1174,1215.1,34464
equity,INE150B01039,2026-09-30,1818.8,1751.3,1761.7,31646
equity,INE150B01039,2026-10-01,1767.7,1706.6,1741.4,37732
equity,INE150B01039,2026-10-02,1741.4,1741.4,1741.4,
equity,INE150B01039,2026-10-05,1770,1715,1730.4,35207
equity,INE150B01039,2026-10-06,2057.3,1730.4,1962.2,3134696
equity,INE717A01029,2026-09-30,4170,3958.1001,4131,116894
equity,INE717A01029,2026-10-01,4322.8999,4132,4277.5,40122
equity,INE717A01029,2026-10-05,4355.5,4162.2998,4193.7002,15124
equity,INE717A01029,2026-10-06,4301.8999,4193.6001,4268.6001,18118
equity,INE955D01029,2026-09-30,298.65,286.1,288.65,2196401
equity,INE955D01029,2026-10-01,291.65,272.6,280,2287333
equity,INE955D01029,2026-10-02,280,280,280,
equity,INE955D01029,2026-10-05,286,277.05,280.25,824365
equity,INE955D01029,2026-10-06,309.7,280.25,307.2,3892178
equity,INE260D01016,2026-09-30,1167,1130,1134.2,391576
equity,INE260D01016,2026-10-01,1128.4,1076.2,1096.2,623533
equity,INE260D01016,2026-10-02,1096.2,1096.2,1096.2,
equity,INE260D01016,2026-10-05,1115.5,1069.9,1078.4,409750
equity,INE260D01016,2026-10-06,1105,1076.4,1102.9,215695
equity,INE0CLI01024,2026-09-30,870,823.4,851.55,381974
equity,INE0CLI01024,2026-10-01,881,828.05,840.65,373023
equity,INE0CLI01024,2026-10-05,858.5,835.2,849.45,304666
equity,INE0CLI01024,2026-10-06,858,842.05,854.45,136700
equity,INE2KCE01013,2026-09-30,41.22,39,39.22,9990414
equity,INE2KCE01013,2026-10-01,39.59,37.61,38.36,8923982
equity,INE2KCE01013,2026-10-02,38.36,38.36,38.36,
equity,INE2KCE01013,2026-10-05,39.22,37.71,37.88,7027970
equity,INE2KCE01013,2026-10-06,38.87,37.99,38.29,5803766
equity,INE0FOO01011,2026-09-30,123.97,119.51,120.16,1916192
equity,INE0FOO01011,2026-10-01,121,118.2,119.98,1945076
equity,INE0FOO01011,2026-10-02,119.98,119.98,119.98,
equity,INE0FOO01011,2026-10-05,124.5,120.05,123,3116897
equity,INE0FOO01011,2026-10-06,132.34,123.46,131.43,7621409
equity,INE0KBH01020,2026-09-30,562.35,535,538.05,399671
equity,INE0KBH01020,2026-10-01,545,521.15,541.8,522842
equity,INE0KBH01020,2026-10-05,546.8,528.8,531.5,300308
equity,INE0KBH01020,2026-10-06,549,528.5,538.15,292965
equity,INE811A01038,2026-09-30,702,674.65,676.7,75891
equity,INE811A01038,2026-10-01,691.4,667.85,681.95,97672
equity,INE811A01038,2026-10-05,694,668,677.6,63113
equity,INE811A01038,2026-10-06,714.45,672.5,710.85,250304
equity,INE183A01024,2026-09-30,153.44,150.36,151.48,238428
equity,INE183A01024,2026-10-01,151,149,150.49,397198
equity,INE183A01024,2026-10-02,150.49,150.49,150.49,
equity,INE183A01024,2026-10-05,151.56,148.1,149.31,284792
equity,INE183A01024,2026-10-06,155,149.31,154.72,488677
equity,INE153T01027,2026-09-30,223.93,217.23,218.26,602312
equity,INE153T01027,2026-10-01,219.8,212,216.51,803646
equity,INE153T01027,2026-10-05,219.91,214.79,215.75,570077
equity,INE153T01027,2026-10-06,224.66,216.9,223.97,859840
equity,INE0Q3J01015,2026-09-30,1481,1424,1436.5,184949
equity,INE0Q3J01015,2026-10-01,1436,1390,1414.7,168444
equity,INE0Q3J01015,2026-10-02,1414.7,1414.7,1414.7,
equity,INE0Q3J01015,2026-10-05,1441.1,1373,1392.7,222245
equity,INE0Q3J01015,2026-10-06,1462.3,1400,1462.3,105782
equity,INE939A01011,2026-09-30,1174.5,1110,1120,447494
equity,INE939A01011,2026-10-01,1122,1076,1084.8,340843
equity,INE939A01011,2026-10-05,1109.9,1077.6,1086.7,108287
equity,INE939A01011,2026-10-06,1096.2,1074,1088.7,138279
equity,INE659A01023,2026-09-30,1241.6,1195,1203.9,406263
equity,INE659A01023,2026-10-01,1249.7,1184.5,1241.5,425401
equity,INE659A01023,2026-10-05,1260,1224.1,1229.2,131105
equity,INE659A01023,2026-10-06,1247.2,1225.2,1238.6,87536
equity,INE205B01031,2026-09-30,487.2,460,461.8,812540
equity,INE205B01031,2026-10-01,465,436.1,440,985198
equity,INE205B01031,2026-10-05,449.9,437.75,446.35,323898
equity,INE205B01031,2026-10-06,449.7,440.4,446.3,307847
equity,INE280B01018,2026-09-30,13978,13643,13839,1294
equity,INE280B01018,2026-10-01,13839,13067,13474,2435
equity,INE280B01018,2026-10-05,13600,13118,13214,1139
equity,INE280B01018,2026-10-06,14097,13261,13937,6917
equity,INE0UOS01011,2026-09-30,3919,3796,3802.8,6012
equity,INE0UOS01011,2026-10-01,3818,3691,3787.2,9812
equity,INE0UOS01011,2026-10-05,3787.8999,3729.2,3752.7,4708
equity,INE0UOS01011,2026-10-06,3764.3999,3704,3736.5,3430
equity,INE001B01026,2026-09-30,393.7,379.5,381.6,243341
equity,INE001B01026,2026-10-01,381.7,366,375.9,470715
equity,INE001B01026,2026-10-02,375.9,375.9,375.9,
equity,INE001B01026,2026-10-05,384.2,375,382.15,178218
equity,INE001B01026,2026-10-06,402.45,381.55,389.15,688266
equity,INE306R01017,2026-09-30,634.2,609,613.65,457036
equity,INE306R01017,2026-10-01,618.9,593.2,610.95,271796
equity,INE306R01017,2026-10-02,610.95,610.95,610.95,
equity,INE306R01017,2026-10-05,619,593.65,600.2,306571
equity,INE306R01017,2026-10-06,608,595,601.4,288452
equity,INE123F01029,2026-09-30,58.48,56.7,56.91,1298784
equity,INE123F01029,2026-10-01,57.37,55.11,56.29,926056
equity,INE123F01029,2026-10-02,56.29,56.29,56.29,
equity,INE123F01029,2026-10-05,57.69,56,56.33,943031
equity,INE123F01029,2026-10-06,57.52,56.65,57.01,653249
equity,INE149K01016,2026-09-30,184.69,181,182.18,268845
equity,INE149K01016,2026-10-01,182.85,175,177.67,662436
equity,INE149K01016,2026-10-05,181.48,176.25,177.35,513160
equity,INE149K01016,2026-10-06,185,177.35,183.38,525652
equity,INE0YD401026,2026-09-30,293.85,283.05,292.35,924581
equity,INE0YD401026,2026-10-01,290.85,278.65,282.5,784762
equity,INE0YD401026,2026-10-05,292.75,282.5,290.45,699536
equity,INE0YD401026,2026-10-06,292.9,288.6,290.15,438887
equity,INE0JO301016,2026-09-30,1106,1020,1032.5,875912
equity,INE0JO301016,2026-10-01,1059,1012,1033.7,508885
equity,INE0JO301016,2026-10-02,1033.7,1033.7,1033.7,
equity,INE0JO301016,2026-10-05,1039.7,995,1003,435155
equity,INE0JO301016,2026-10-06,1065,998.2,1058.8,382135
equity,INE979A01025,2026-09-30,518.65,495.35,506.55,643873
equity,INE979A01025,2026-10-01,506.5,488,494.75,237859
equity,INE979A01025,2026-10-05,500.05,488.85,497.1,171908
equity,INE979A01025,2026-10-06,506.8,493,503.7,166446
equity,INE0V9Q01010,2026-09-30,224.85,215,224.53,1330015
equity,INE0V9Q01010,2026-10-01,235.75,213.31,230.07,1685413
equity,INE0V9Q01010,2026-10-02,230.07,230.07,230.07,
equity,INE0V9Q01010,2026-10-05,240.4,227.9,237.89,3260516
equity,INE0V9Q01010,2026-10-06,248.1,230.83,244.73,1512350
equity,INE02RE01045,2026-09-30,187,178.35,179.94,2624709
equity,INE02RE01045,2026-10-01,181.1,172.7,174.75,2150458
equity,INE02RE01045,2026-10-05,177.39,171.32,172,1030621
equity,INE02RE01045,2026-10-06,178.85,172.62,177.57,2104596
equity,INE868B01028,2026-09-30,130.42,128,128.88,2665171
equity,INE868B01028,2026-10-01,131.12,127.45,130.06,6751497
equity,INE868B01028,2026-10-02,130.06,130.06,130.06,
equity,INE868B01028,2026-10-05,131.39,127.72,128.79,1624082
equity,INE868B01028,2026-10-06,129.7,128.2,128.47,1126323
equity,INE199A01012,2026-09-30,5696,5503.5,5563,10902
equity,INE199A01012,2026-10-01,5534,5325,5360,8710
equity,INE199A01012,2026-10-05,5403.5,5280,5300,8910
equity,INE199A01012,2026-10-06,5352,5239,5306,18158
equity,INE682M01020,2026-09-30,263.05,251.5,253.6,384611
equity,INE682M01020,2026-10-01,261.9,248.6,259.85,143186
equity,INE682M01020,2026-10-05,263.85,248.85,253.9,495948
equity,INE682M01020,2026-10-06,258.85,252,253.85,46236
equity,INE284A01012,2026-09-30,5565.5,5521,5530,1062
equity,INE284A01012,2026-10-01,5599,5461,5500.5,3747
equity,INE284A01012,2026-10-05,5549,5450.5,5514,1802
equity,INE284A01012,2026-10-06,5619,5513,5608,2318
equity,INE726V01018,2026-09-30,763.9,742.15,747.6,240483
equity,INE726V01018,2026-10-01,746.6,692.7,734.5,940627
equity,INE726V01018,2026-10-02,734.5,734.5,734.5,
equity,INE726V01018,2026-10-05,746.9,699,704.45,697878
equity,INE726V01018,2026-10-06,714.5,667,677.65,1811835
equity,INE508G01029,2026-09-30,188.4,181.41,182.36,3950098
equity,INE508G01029,2026-10-01,182.29,176.3,179.68,2060984
equity,INE508G01029,2026-10-02,179.68,179.68,179.68,
equity,INE508G01029,2026-10-05,181.88,177.5,178.71,1107750
equity,INE508G01029,2026-10-06,183.7,178.1,183.07,2978524
equity,INE085001019,2026-09-30,674.7,658.3,660.45,116352
equity,INE085001019,2026-10-01,668.6,643.55,659.6,303711
equity,INE085001019,2026-10-05,664.2,645.05,651,62860
equity,INE085001019,2026-10-06,670,646.65,664.9,82193
equity,INE271B01025,2026-09-30,768,721.95,737.65,1572414
equity,INE271B01025,2026-10-01,734.4,682,698.75,458963
equity,INE271B01025,2026-10-02,698.75,698.75,698.75,
equity,INE271B01025,2026-10-05,705.95,680.55,685.05,197651
equity,INE271B01025,2026-10-06,696,683,685.7,219607
equity,INE594H01019,2026-09-30,550.6,532.7,534.15,237351
equity,INE594H01019,2026-10-01,538.55,519.3,533.6,223853
equity,INE594H01019,2026-10-05,544.8,532.15,542.05,207102
equity,INE594H01019,2026-10-06,544.6,528.5,529.8,156541
equity,INE0DRI01029,2026-09-30,1509.5,1509.5,1509.5,35560
equity,INE0DRI01029,2026-10-01,1434.1,1434.1,1434.1,23844
equity,INE0DRI01029,2026-10-02,1434.1,1434.1,1434.1,
equity,INE0DRI01029,2026-10-05,1362.4,1362.4,1362.4,59205
equity,INE0DRI01029,2026-10-06,1294.3,1294.3,1294.3,151271
equity,INE614G01033,2026-09-30,20.39,19.63,19.69,19097261
equity,INE614G01033,2026-10-01,19.99,19.09,19.41,28326462
equity,INE614G01033,2026-10-02,19.41,19.41,19.41,
equity,INE614G01033,2026-10-05,20.55,19.44,20.09,44727097
equity,INE614G01033,2026-10-06,21.05,20,20.49,48662545
equity,INE294B01019,2026-09-30,6709.5,6468,6578,48022
equity,INE294B01019,2026-10-01,6581,6249.5,6251,72958
equity,INE294B01019,2026-10-05,6459,6280,6354,41005
equity,INE294B01019,2026-10-06,6404,6090,6135.5,55114
equity,INE763I01026,2026-09-30,278,268,270.1,783795
equity,INE763I01026,2026-10-01,298.6,271.1,280.8,57280414
equity,INE763I01026,2026-10-02,280.8,280.8,280.8,
equity,INE763I01026,2026-10-05,297.9,283.25,285.45,13448683
equity,INE763I01026,2026-10-06,288.2,277.75,283.65,2263028
equity,INE202Z01029,2026-09-30,434.8,415.9,417.15,59183
equity,INE202Z01029,2026-10-01,417,402.25,409.15,111572
equity,INE202Z01029,2026-10-05,415,403.6,409,69621
equity,INE202Z01029,2026-10-06,420.2,405,417.95,63765
equity,INE299N01021,2026-09-30,837.95,818.35,819.95,82105
equity,INE299N01021,2026-10-01,822.85,798,808.8,129374
equity,INE299N01021,2026-10-05,831,807.2,809.1,124142
equity,INE299N01021,2026-10-06,828,808.75,825.95,101816
equity,INE953R01016,2026-09-30,599,581.55,590.15,257823
equity,INE953R01016,2026-10-01,589.45,574.1,581.95,419974
equity,INE953R01016,2026-10-05,587.1,571.75,573.3,514316
equity,INE953R01016,2026-10-06,590.45,572.35,588.6,320355
equity,INE213C01025,2026-09-30,617.45,598.3,606.3,110117
equity,INE213C01025,2026-10-01,604,584.35,589.85,78841
equity,INE213C01025,2026-10-02,589.85,589.85,589.85,
equity,INE213C01025,2026-10-05,597.8,579.7,589.8,79775
equity,INE213C01025,2026-10-06,604.6,590,602.65,54275
equity,INE483B01026,2026-09-30,464,437,460.4,1020870
equity,INE483B01026,2026-10-01,466.7,435.45,443.65,435107
equity,INE483B01026,2026-10-05,456.6,443.55,446.2,171574
equity,INE483B01026,2026-10-06,475,448.9,473.15,981084
equity,INE227W01023,2026-09-30,801.2,774.8,794.35,245660
equity,INE227W01023,2026-10-01,809.95,774.65,803.05,317480
equity,INE227W01023,2026-10-05,817.3,792.15,799.8,185312
equity,INE227W01023,2026-10-06,830.8,803.55,823.15,296157
equity,INE03EI01018,2026-09-30,594.5,565.5,587.1,107816
equity,INE03EI01018,2026-10-01,585.8,551.6,566.25,96922
equity,INE03EI01018,2026-10-05,576.15,557.85,563.4,70328
equity,INE03EI01018,2026-10-06,578.45,559.4,564.95,111180
equity,INE621H01010,2026-09-30,235,228,228.91,1077320
equity,INE621H01010,2026-10-01,230.39,223.1,224.59,840922
equity,INE621H01010,2026-10-05,227.29,222.36,223.44,435896
equity,INE621H01010,2026-10-06,228.97,223.51,227.75,659520
equity,INE665A01038,2026-09-30,288.7,279.4,280.2,919733
equity,INE665A01038,2026-10-01,279.45,267.95,272.8,731886
equity,INE665A01038,2026-10-05,276.9,261.7,262.9,1059779
equity,INE665A01038,2026-10-06,270.75,262.6,268.85,817624
equity,INE256A01028,2026-09-30,76.39,73.95,74.47,13100562
equity,INE256A01028,2026-10-01,74.7,71.64,71.92,13789871
equity,INE256A01028,2026-10-02,71.92,71.92,71.92,
equity,INE256A01028,2026-10-05,74.57,72.09,73.57,15449821
equity,INE256A01028,2026-10-06,74.77,72.2,72.42,15464935
equity,INE113A01013,2026-09-30,621.7,603,604.4,973991
equity,INE113A01013,2026-10-01,601,576,589.15,629192
equity,INE113A01013,2026-10-02,589.15,589.15,589.15,
equity,INE113A01013,2026-10-05,600.95,581.9,586.3,297893
equity,INE113A01013,2026-10-06,633.6,587.1,629.5,2291442
equity,INE0DD101019,2026-09-30,281,258.65,265.65,6564878
equity,INE0DD101019,2026-10-01,263.2,252.65,257.2,851720
equity,INE0DD101019,2026-10-02,257.2,257.2,257.2,
equity,INE0DD101019,2026-10-05,260.4,251.15,252.3,495278
equity,INE0DD101019,2026-10-06,258.55,252.55,257.65,510680
equity,INE176A01028,2026-09-30,627,617.05,618.75,59998
equity,INE176A01028,2026-10-01,622.85,606.15,613,126719
equity,INE176A01028,2026-10-05,617.9,608,611.05,76879
equity,INE176A01028,2026-10-06,623.95,611.2,619.85,71929
equity,INE854B01010,2026-09-30,96.38,92,92.79,5628555
equity,INE854B01010,2026-10-01,92.95,89.01,91.28,3192474
equity,INE854B01010,2026-10-05,93.39,90,91,2941585
equity,INE854B01010,2026-10-06,95.31,90.75,94.45,3108487
equity,INE372C01037,2026-09-30,509,490.25,492.45,310956
equity,INE372C01037,2026-10-01,508.2,484.1,501.4,696872
equity,INE372C01037,2026-10-05,524,504.85,507.4,934457
equity,INE372C01037,2026-10-06,519,506.25,515.15,371750
equity,INE131B01039,2026-09-30,297.45,290.8,291.2,115881
equity,INE131B01039,2026-10-01,293.15,280.5,285.35,135396
equity,INE131B01039,2026-10-05,288.45,280.8,281.95,79688
equity,INE131B01039,2026-10-06,291.45,282.2,290.5,92182
equity,INE386A01023,2026-09-30,453.8,403.75,424.2,8173574
equity,INE386A01023,2026-10-01,422.2,401,404.1,306434
equity,INE386A01023,2026-10-05,412.65,387.95,389.4,190997
equity,INE386A01023,2026-10-06,424.9,390.4,404.4,377665
equity,INE201P01022,2026-09-30,819.85,796.1,800.6,12867
equity,INE201P01022,2026-10-01,802.45,775,790.2,20058
equity,INE201P01022,2026-10-05,804.95,780.3,789.45,17050
equity,INE201P01022,2026-10-06,824.5,788.7,815,19600
equity,INE063P01018,2026-09-30,69.2,67.06,68.93,1798270
equity,INE063P01018,2026-10-01,68.76,67.4,68.41,1588015
equity,INE063P01018,2026-10-05,70.2,67.82,68.28,1626602
equity,INE063P01018,2026-10-06,69.42,67.84,67.96,626139
equity,INE970X01018,2026-09-30,105.4,103.7,104.25,2167934
equity,INE970X01018,2026-10-01,111.6,104.25,107.67,32197118
equity,INE970X01018,2026-10-02,107.67,107.67,107.67,
equity,INE970X01018,2026-10-05,108.64,106.8,107.86,3295164
equity,INE970X01018,2026-10-06,110.5,107.5,110.12,4208238
equity,INE716B01029,2026-09-30,663,648.95,657.85,184367
equity,INE716B01029,2026-10-01,653,630.1,644.2,245089
equity,INE716B01029,2026-10-05,653.95,635.7,639.1,152414
equity,INE716B01029,2026-10-06,661.45,637.8,653.1,253226
equity,INE912T01018,2026-09-30,1824,1731,1809,153483
equity,INE912T01018,2026-10-01,1888,1750,1818.9,180052
equity,INE912T01018,2026-10-05,1880,1773.1,1825.3,83683
equity,INE912T01018,2026-10-06,1860,1799,1835.6,51137
equity,INE274F01020,2026-09-30,600,586.65,589.85,58873
equity,INE274F01020,2026-10-01,607.5,578.55,588.05,119967
equity,INE274F01020,2026-10-05,606.5,586,590.95,106325
equity,INE274F01020,2026-10-06,605.35,589,594.6,62616
equity,INE16W401027,2026-09-30,1138.5,1014.3,1086.55,2989279
equity,INE16W401027,2026-10-01,1195.2,1105,1195.2,2504499
equity,INE16W401027,2026-10-02,1195.2,1195.2,1195.2,
equity,INE16W401027,2026-10-05,1254.9,1177,1223.3,1400524
equity,INE16W401027,2026-10-06,1234.8,1162.2,1162.2,568048
equity,INE0KCE01017,2026-09-30,371,357.5,361,311340
equity,INE0KCE01017,2026-10-01,367.55,348,352.5,266094
equity,INE0KCE01017,2026-10-02,352.5,352.5,352.5,
equity,INE0KCE01017,2026-10-05,356,340.6,342.15,354048
equity,INE0KCE01017,2026-10-06,354.6,342.15,353.8,129394
equity,INE050E01027,2026-09-30,2179,2095,2118.5,117148
equity,INE050E01027,2026-10-01,2129.3999,2011.5,2052.2,213491
equity,INE050E01027,2026-10-02,2052.2,2052.2,2052.2,
equity,INE050E01027,2026-10-05,2075,1936,1957.8,289399
equity,INE050E01027,2026-10-06,2349.3,1961,2287.7,2585661
equity,INE0M4D01010,2026-09-30,436.95,415,422.8,407519
equity,INE0M4D01010,2026-10-01,421.65,401.7,416.95,714646
equity,INE0M4D01010,2026-10-02,416.95,416.95,416.95,
equity,INE0M4D01010,2026-10-05,437.75,417.15,430.05,821094
equity,INE0M4D01010,2026-10-06,434.8,423.75,428.3,453663
equity,INE16NZ01023,2026-09-30,547,540.1,543,47004
equity,INE16NZ01023,2026-10-01,542.75,530.05,537.2,93795
equity,INE16NZ01023,2026-10-05,548.35,535.1,539.2,43931
equity,INE16NZ01023,2026-10-06,551,535.5,545,54162
equity,INE804L01022,2026-09-30,661.75,654.5,654.9,70747
equity,INE804L01022,2026-10-01,658.45,642.6,654.3,134611
equity,INE804L01022,2026-10-05,655.55,640.1,644.4,163503
equity,INE804L01022,2026-10-06,655.55,642.1,651.45,121422
equity,INE836A01035,2026-09-30,280.3,269.9,271.7,1727416
equity,INE836A01035,2026-10-01,278.95,267.05,269.75,1536439
equity,INE836A01035,2026-10-05,280.8,274.25,276,1555308
equity,INE836A01035,2026-10-06,281.3,273.75,279.45,1297636
equity,INE262A01018,2026-09-30,62,59.01,60.1,7423
equity,INE262A01018,2026-10-01,61.49,58,58.24,10063
equity,INE262A01018,2026-10-05,59.4,58.5,58.99,4335
equity,INE262A01018,2026-10-06,59.98,57,58.53,8940
equity,INE473D01015,2026-09-30,6601,6380.5,6482.5,19393
equity,INE473D01015,2026-10-01,6628,6357.5,6586.5,16414
equity,INE473D01015,2026-10-05,6700,6528.5,6669,8689
equity,INE473D01015,2026-10-06,6996,6676.5,6932,24528
equity,INE069I01010,2026-09-30,59.49,55.51,58.51,2043111
equity,INE069I01010,2026-10-01,58.32,55.17,56.13,2114200
equity,INE069I01010,2026-10-02,56.13,56.13,56.13,
equity,INE069I01010,2026-10-05,58.3,55.35,56.05,1777659
equity,INE069I01010,2026-10-06,58.64,56.3,57.33,1258248
equity,INE269A01021,2026-09-30,267.4,257,258.25,817817
equity,INE269A01021,2026-10-01,264.95,249.2,254.05,852770
equity,INE269A01021,2026-10-02,254.05,254.05,254.05,
equity,INE269A01021,2026-10-05,263.2,252.3,254,963732
equity,INE269A01021,2026-10-06,256.7,250.6,252.05,515552
equity,INE010601016,2026-09-30,1775.3,1701,1708.9,78337
equity,INE010601016,2026-10-01,1712.9,1622.2,1680.8,205073
equity,INE010601016,2026-10-05,1725,1649,1697.1,80217
equity,INE010601016,2026-10-06,1744,1682.7,1721.6,63940
equity,INE276A01018,2026-09-30,783.3,752.05,770.85,18057
equity,INE276A01018,2026-10-01,773.95,753.5,768.4,27452
equity,INE276A01018,2026-10-05,780.1,763.1,770.6,22696
equity,INE276A01018,2026-10-06,777.35,755,770.05,33904
equity,INE255A01020,2026-09-30,241.35,233.5,237,3029109
equity,INE255A01020,2026-10-01,236.45,226.69,232.39,2613252
equity,INE255A01020,2026-10-05,237.89,230.2,236.5,1435292
equity,INE255A01020,2026-10-06,239,232.29,237.23,1423405
equity,INE221B01012,2026-09-30,13650,13060,13611,49032
equity,INE221B01012,2026-10-01,13996,13300,13756,42592
equity,INE221B01012,2026-10-02,13756,13756,13756,
equity,INE221B01012,2026-10-05,14375,13798,14251,43998
equity,INE221B01012,2026-10-06,14409,14111,14279,25719
equity,INE945H01021,2026-09-30,210.94,207.11,208.74,821359
equity,INE945H01021,2026-10-01,208.94,197.71,201.39,1693991
equity,INE945H01021,2026-10-02,201.39,201.39,201.39,
equity,INE945H01021,2026-10-05,183.99,162.33,169.28,18473874
equity,INE945H01021,2026-10-06,176.75,165.05,172.19,5350684
equity,INE099Z01011,2026-09-30,442.35,419.75,437.65,1995574
equity,INE099Z01011,2026-10-01,439.45,415.3,433.6,835967
equity,INE099Z01011,2026-10-02,433.6,433.6,433.6,
equity,INE099Z01011,2026-10-05,444.9,425.2,440.1,947160
equity,INE099Z01011,2026-10-06,465.85,439.7,462.35,2140223
equity,INE738D01029,2026-09-30,77.35,77.35,77.35,1284
equity,INE738D01029,2026-10-01,75.81,75.81,75.81,647
equity,INE738D01029,2026-10-05,74.3,74.3,74.3,185192
equity,INE738D01029,2026-10-06,72.82,72.82,72.82,394
equity,INE867C01010,2026-09-30,6992,6702.2998,6759.75,11954
equity,INE867C01010,2026-10-01,6758.25,6445,6603.6499,21812
equity,INE867C01010,2026-10-05,6689.9502,6261,6617.2002,31980
equity,INE867C01010,2026-10-06,6899,6600.1499,6845.3501,17725
equity,INE517F01014,2026-09-30,167.34,159.6,166.75,1900735
equity,INE517F01014,2026-10-01,169.9,162.7,165.88,1997403
equity,INE517F01014,2026-10-02,165.88,165.88,165.88,
equity,INE517F01014,2026-10-05,169,165.54,167.6,1069321
equity,INE517F01014,2026-10-06,171,166.69,168.21,1125188
equity,INE0LRU01027,2026-09-30,1002.4,943,953.75,951362
equity,INE0LRU01027,2026-10-01,984.85,921.75,968.5,658749
equity,INE0LRU01027,2026-10-02,968.5,968.5,968.5,
equity,INE0LRU01027,2026-10-05,991.8,940.55,946.6,629798
equity,INE0LRU01027,2026-10-06,987,954,975,537273
equity,INE679V01027,2026-09-30,599.8,576.3,594.35,107338
equity,INE679V01027,2026-10-01,597.7,560.9,572.3,241841
equity,INE679V01027,2026-10-05,606,566.35,601.05,400252
equity,INE679V01027,2026-10-06,606.9,589.25,595.1,85771
equity,INE813A01018,2026-09-30,362.7,353.05,360.3,92476
equity,INE813A01018,2026-10-01,364.85,345.85,351.15,103902
equity,INE813A01018,2026-10-05,358.5,346.75,351.1,150642
equity,INE813A01018,2026-10-06,353.7,346.05,352.2,101799
equity,INE690A01028,2026-09-30,536.15,513.2,515.85,51023
equity,INE690A01028,2026-10-01,519.75,497,506.4,63610
equity,INE690A01028,2026-10-05,519.45,508.5,512.95,25083
equity,INE690A01028,2026-10-06,524.95,513.2,522.85,21447
equity,INE036B01030,2026-09-30,164.01,159.25,160.21,271005
equity,INE036B01030,2026-10-01,162.6,153.23,157.69,503840
equity,INE036B01030,2026-10-05,161.2,155.49,158.28,578700
equity,INE036B01030,2026-10-06,163.5,157.51,162.81,557617
equity,INE0CJD01029,2026-09-30,3170,2986,3041.5,217728
equity,INE0CJD01029,2026-10-01,3063.8999,2899.8,2950.1001,138291
equity,INE0CJD01029,2026-10-02,2950.1001,2950.1001,2950.1001,
equity,INE0CJD01029,2026-10-05,3033,2921.7,2992.5,95247
equity,INE0CJD01029,2026-10-06,3242,2996.1001,3202.3,268775
equity,INE460H01021,2026-09-30,183.15,179.08,181.96,123938
equity,INE460H01021,2026-10-01,181.33,175.5,178.39,171575
equity,INE460H01021,2026-10-05,179.28,175.26,176.03,78392
equity,INE460H01021,2026-10-06,177.23,175.3,176.41,50211
equity,INE640A01023,2026-09-30,1524.6,1500.3,1509.9,30500
equity,INE640A01023,2026-10-01,1510,1443.2,1450.2,62968
equity,INE640A01023,2026-10-02,1450.2,1450.2,1450.2,
equity,INE640A01023,2026-10-05,1458.9,1420,1445.9,43200
equity,INE640A01023,2026-10-06,1466,1435,1461.9,34336
equity,INE600K01018,2026-09-30,2378.8999,2303,2332.8,110086
equity,INE600K01018,2026-10-01,2487.2,2338.3,2376.8999,216645
equity,INE600K01018,2026-10-05,2449,2324,2335,47936
equity,INE600K01018,2026-10-06,2448,2346.5,2442.3999,99858
equity,INE743M01012,2026-09-30,398.9,383.75,384.85,469409
equity,INE743M01012,2026-10-01,390.4,377.7,384.85,421822
equity,INE743M01012,2026-10-05,387.45,371.65,372.75,289249
equity,INE743M01012,2026-10-06,376.8,370.4,373.4,180952
equity,INE0U3I01011,2026-09-30,1753.9,1705.1,1724,274093
equity,INE0U3I01011,2026-10-01,1779.8,1693.2,1773,403902
equity,INE0U3I01011,2026-10-02,1773,1773,1773,
equity,INE0U3I01011,2026-10-05,1850.2,1756,1845.1,344309
equity,INE0U3I01011,2026-10-06,1901,1819.7,1873.1,287993
equity,INE884B01025,2026-09-30,481.7,468.3,470,42951
equity,INE884B01025,2026-10-01,472,460.25,465.85,105289
equity,INE884B01025,2026-10-05,467.25,463.5,465,67483
equity,INE884B01025,2026-10-06,475.05,461.1,472.75,57417
equity,INE0LMW01024,2026-09-30,337.55,324.1,325.55,174282
equity,INE0LMW01024,2026-10-01,327.5,314,323.1,260574
equity,INE0LMW01024,2026-10-05,341.9,323.1,340.05,945722
equity,INE0LMW01024,2026-10-06,388.4,340,369.15,20297398
equity,INE411F01010,2026-09-30,2304.8999,2251.8999,2286.8,3772
equity,INE411F01010,2026-10-01,2300,2230,2263,2071
equity,INE411F01010,2026-10-05,2273.8999,2225,2229.3,1180
equity,INE411F01010,2026-10-06,2319,2230.2,2253.3,1608
equity,INE429E01023,2026-09-30,1439.9,1418.1,1429.6,58651
equity,INE429E01023,2026-10-01,1433.7,1368,1378.8,29387
equity,INE429E01023,2026-10-02,1378.8,1378.8,1378.8,
equity,INE429E01023,2026-10-05,1389.5,1300,1308.6,51092
equity,INE429E01023,2026-10-06,1344.6,1299.2,1318,40992
equity,INE0LZF01039,2026-09-30,105.16,102.3,102.59,630212
equity,INE0LZF01039,2026-10-01,102.34,98.55,100.91,1443890
equity,INE0LZF01039,2026-10-05,105.95,100.17,100.83,668903
equity,INE0LZF01039,2026-10-06,105.1,101.33,104.32,872052
equity,INE619B01017,2026-09-30,481.2,465.55,467.85,443488
equity,INE619B01017,2026-10-01,477.95,452.95,456.35,629816
equity,INE619B01017,2026-10-02,456.35,456.35,456.35,
equity,INE619B01017,2026-10-05,472.55,456.35,458.75,657395
equity,INE619B01017,2026-10-06,463.2,454.15,456.6,432210
equity,INE04TZ01018,2026-09-30,2555,2484.3999,2537.2,22966
equity,INE04TZ01018,2026-10-01,2549.8999,2473.8,2531.8999,46240
equity,INE04TZ01018,2026-10-02,2531.8999,2531.8999,2531.8999,
equity,INE04TZ01018,2026-10-05,2610,2517,2602.3,29281
equity,INE04TZ01018,2026-10-06,2646.3,2590,2621.2,112872
equity,INE739E01017,2026-09-30,5199.5,5037,5088,25540
equity,INE739E01017,2026-10-01,5199,5008.5,5096.5,5282
equity,INE739E01017,2026-10-02,5096.5,5096.5,5096.5,
equity,INE739E01017,2026-10-05,5129.5,5014.5,5056.5,7444
equity,INE739E01017,2026-10-06,5136,5006,5122.5,2627
equity,INE254N01026,2026-09-30,604.75,567.6,574.75,134253
equity,INE254N01026,2026-10-01,583.1,567.3,574.6,70210
equity,INE254N01026,2026-10-05,580,556.55,570.05,57425
equity,INE254N01026,2026-10-06,591,570,584.75,68825
equity,INE0CU601026,2026-09-30,106.84,100.72,105.38,3679473
equity,INE0CU601026,2026-10-01,105.49,101,101.87,1700842
equity,INE0CU601026,2026-10-02,101.87,101.87,101.87,
equity,INE0CU601026,2026-10-05,103.49,100.6,100.85,1003861
equity,INE0CU601026,2026-10-06,105.16,101.06,102.23,2196901
equity,INE668F01031,2026-09-30,187.48,183.29,186.7,398247
equity,INE668F01031,2026-10-01,186.66,180.01,182.91,392204
equity,INE668F01031,2026-10-02,182.91,182.91,182.91,
equity,INE668F01031,2026-10-05,183.17,180,180.93,276917
equity,INE668F01031,2026-10-06,183.93,180.94,183.32,128353
equity,INE284S01014,2026-09-30,2319.6001,2252.2,2258,89175
equity,INE284S01014,2026-10-01,2258,2090.8,2159.8,310025
equity,INE284S01014,2026-10-02,2159.8,2159.8,2159.8,
equity,INE284S01014,2026-10-05,2175,2022.2,2039.6,380923
equity,INE284S01014,2026-10-06,2039.6,1969.1,1981.4,278119
equity,INE317F01035,2026-09-30,1054.2,1035,1046.9,24923
equity,INE317F01035,2026-10-01,1042,1017.6,1028.2,38262
equity,INE317F01035,2026-10-05,1051.5,1027.1,1036.6,31885
equity,INE317F01035,2026-10-06,1045,1030.2,1037.1,37988
equity,INE922K01024,2026-09-30,645.8,630.75,635.6,44998
equity,INE922K01024,2026-10-01,650,630.5,645.6,88297
equity,INE922K01024,2026-10-05,653.6,636.7,646.6,225850
equity,INE922K01024,2026-10-06,648.3,635,636.35,37402
equity,INE517B01013,2026-09-30,35.67,34.02,34.3,3429419
equity,INE517B01013,2026-10-01,35.55,34.15,34.82,8582189
equity,INE517B01013,2026-10-02,34.82,34.82,34.82,
equity,INE517B01013,2026-10-05,34.8,33.91,34.33,2248833
equity,INE517B01013,2026-10-06,34.43,33.92,34.18,1250539
equity,INE987S01020,2026-09-30,1040.2,1000,1001.1,165317
equity,INE987S01020,2026-10-01,1034,989,1028.2,214036
equity,INE987S01020,2026-10-05,1079.5,1027.3,1036.7,320170
equity,INE987S01020,2026-10-06,1054.8,1025,1034.1,281808
equity,INE789E01012,2026-09-30,399.45,391,393.7,294026
equity,INE789E01012,2026-10-01,393.2,376,382.6,365209
equity,INE789E01012,2026-10-05,390.55,380.05,385.65,164425
equity,INE789E01012,2026-10-06,400.75,385.65,393.45,307769
equity,INE0HV901016,2026-09-30,164.21,159.51,162.89,842850
equity,INE0HV901016,2026-10-01,163.03,159.36,161.9,665583
equity,INE0HV901016,2026-10-05,165.51,159.71,161,744966
equity,INE0HV901016,2026-10-06,161.83,158.24,160.13,1706871
equity,INE666D01022,2026-09-30,470.8,452.95,458.15,523400
equity,INE666D01022,2026-10-01,460.6,437.45,449.6,531272
equity,INE666D01022,2026-10-05,458.9,440.5,442.7,241002
equity,INE666D01022,2026-10-06,453,443.7,449.85,201596
equity,INE806T01020,2026-09-30,216.92,209.45,212.08,448922
equity,INE806T01020,2026-10-01,210.95,204.35,209.82,546541
equity,INE806T01020,2026-10-05,213.51,208.29,212.64,417142
equity,INE806T01020,2026-10-06,216.02,210.6,215.16,315838
equity,INE211R01019,2026-09-30,2535,2442,2490.5,293610
equity,INE211R01019,2026-10-01,2490,2430.2,2476.2,52512
equity,INE211R01019,2026-10-02,2476.2,2476.2,2476.2,
equity,INE211R01019,2026-10-05,2492.3999,2410.1001,2431.5,37067
equity,INE211R01019,2026-10-06,2457.6001,2398.6001,2426,22042
equity,INE555B01013,2026-09-30,2274.1001,2070,2231.2,1248290
equity,INE555B01013,2026-10-01,2349.6001,2160.3,2307.3,681040
equity,INE555B01013,2026-10-05,2360,2252,2282.3,255708
equity,INE555B01013,2026-10-06,2300,2252.3,2288.5,141114
equity,INE900L01028,2026-09-30,173.5,167,170.63,1417308
equity,INE900L01028,2026-10-01,172,163.27,165.83,867077
equity,INE900L01028,2026-10-05,168.31,160.5,163.66,719951
equity,INE900L01028,2026-10-06,167.5,164,166.95,444655
equity,INE058A01010,2026-09-30,3175,3051.6001,3057,15072
equity,INE058A01010,2026-10-01,3056.3,3001.1001,3037.3999,18669
equity,INE058A01010,2026-10-02,3037.3999,3037.3999,3037.3999,
equity,INE058A01010,2026-10-05,3069,3016.8,3024.2,7594
equity,INE058A01010,2026-10-06,3057.8,3004,3047,16503
equity,INE855B01025,2026-09-30,219.99,212.3,213.94,2138947
equity,INE855B01025,2026-10-01,216.83,204.76,208.52,4313649
equity,INE855B01025,2026-10-02,208.52,208.52,208.52,
equity,INE855B01025,2026-10-05,213.57,206.32,208.02,1705460
equity,INE855B01025,2026-10-06,216,207.1,212.63,3476059
equity,INE545H01011,2026-09-30,2985.1001,2862.3,2900.8999,29702
equity,INE545H01011,2026-10-01,2925,2822,2893.8,31635
equity,INE545H01011,2026-10-02,2893.8,2893.8,2893.8,
equity,INE545H01011,2026-10-05,2920,2800,2815.3,14101
equity,INE545H01011,2026-10-06,2850,2777.8,2819.1001,20082
equity,INE416D01022,2026-09-30,722,690,694.45,209856
equity,INE416D01022,2026-10-01,700,670,683.6,138482
equity,INE416D01022,2026-10-05,697.9,660,664.8,198924
equity,INE416D01022,2026-10-06,697,660,676.45,166449
equity,INE083K01017,2026-09-30,6138,6051,6103,246
equity,INE083K01017,2026-10-01,6136.5,6003,6088,385
equity,INE083K01017,2026-10-05,6150,5421,5772,2863
equity,INE083K01017,2026-10-06,6125,5800,6110.5,657
equity,INE024001021,2026-09-30,553.5,527.55,536.6,981031
equity,INE024001021,2026-10-01,540,511.25,521.35,1183839
equity,INE024001021,2026-10-02,521.35,521.35,521.35,
equity,INE024001021,2026-10-05,551.4,524,544.35,2372211
equity,INE024001021,2026-10-06,563.5,536.4,560.75,1322498
equity,INE503A01015,2026-09-30,205.56,202.05,203.54,781971
equity,INE503A01015,2026-10-01,203.42,196.81,199.71,842489
equity,INE503A01015,2026-10-05,205.65,196.63,197.36,1142913
equity,INE503A01015,2026-10-06,202.4,191.94,200.78,1579358
equity,INE916U01025,2026-09-30,645.1,630,634.1,76853
equity,INE916U01025,2026-10-01,637.8,613.9,616.65,197639
equity,INE916U01025,2026-10-05,634.85,615.7,620.45,140174
equity,INE916U01025,2026-10-06,630,616.85,623.4,81224
equity,INE510W01014,2026-09-30,166.82,160,161.07,413754
equity,INE510W01014,2026-10-01,163.73,155.36,159,980980
equity,INE510W01014,2026-10-02,159,159,159,
equity,INE510W01014,2026-10-05,160,147.65,149.95,3846331
equity,INE510W01014,2026-10-06,152.2,144.1,146.59,2572274
equity,INE428V01029,2026-09-30,669.8,655,659.75,391732
equity,INE428V01029,2026-10-01,662,636.85,648.95,238798
equity,INE428V01029,2026-10-05,658,635,637.65,135567
equity,INE428V01029,2026-10-06,642,628,634.55,438057
equity,INE011E01029,2026-09-30,511.95,493.5,496.35,310853
equity,INE011E01029,2026-10-01,496.25,479,488.95,375442
equity,INE011E01029,2026-10-02,488.95,488.95,488.95,
equity,INE011E01029,2026-10-05,512.5,491.7,502.8,468122
equity,INE011E01029,2026-10-06,529,503.05,526.95,777793
equity,INE919H01018,2026-09-30,1228,1185.2,1190.9,61334
equity,INE919H01018,2026-10-01,1210,1148,1176.8,141199
equity,INE919H01018,2026-10-05,1204.8,1148.2,1158.9,93925
equity,INE919H01018,2026-10-06,1195,1158.9,1190.6,78676
equity,INE495P01020,2026-09-30,211.6,205.3,206.74,816875
equity,INE495P01020,2026-10-01,216.14,205.03,213.03,1664376
equity,INE495P01020,2026-10-05,213.99,208.61,210.83,428214
equity,INE495P01020,2026-10-06,214.99,211.11,212.16,335112
equity,INE221J01015,2026-09-30,734.85,719.15,723.5,58845
equity,INE221J01015,2026-10-01,720.3,697.6,709.2,128905
equity,INE221J01015,2026-10-05,729.7,711.25,720.1,91626
equity,INE221J01015,2026-10-06,744.55,720,741.75,89366
equity,INE899I01028,2026-09-30,1196.8,1138.2,1176.75,2016189
equity,INE899I01028,2026-10-01,1246,1161.1,1198,3713662
equity,INE899I01028,2026-10-02,1198,1198,1198,
equity,INE899I01028,2026-10-05,1230,1155,1169.7,730965
equity,INE899I01028,2026-10-06,1209.5,1138.6,1149.5,640984
equity,INE07T201019,2026-09-30,92.45,90,91.58,1853911
equity,INE07T201019,2026-10-01,93.75,89.5,92.22,3782272
equity,INE07T201019,2026-10-02,92.22,92.22,92.22,
equity,INE07T201019,2026-10-05,95.98,91.45,93.99,4841004
equity,INE07T201019,2026-10-06,95.68,92.52,95.1,1607027
equity,INE483C01032,2026-09-30,503,490.35,492.15,265486
equity,INE483C01032,2026-10-01,499.25,480.8,487.75,338612
equity,INE483C01032,2026-10-02,487.75,487.75,487.75,
equity,INE483C01032,2026-10-05,496,486.1,488,178184
equity,INE483C01032,2026-10-06,493.4,487.3,492.15,132711
equity,INE07RO01027,2026-09-30,995.95,945.2,950.25,229715
equity,INE07RO01027,2026-10-01,948.25,913.3,931,209232
equity,INE07RO01027,2026-10-05,944.95,882.2,899.55,349024
equity,INE07RO01027,2026-10-06,917.4,885,915.35,177090
equity,INE18JU01028,2026-09-30,711.45,684.9,686.75,906069
equity,INE18JU01028,2026-10-01,713,670,704.7,892168
equity,INE18JU01028,2026-10-02,704.7,704.7,704.7,
equity,INE18JU01028,2026-10-05,718.7,690,695.45,531082
equity,INE18JU01028,2026-10-06,712,648.7,685.15,783028
equity,INE340A01012,2026-09-30,857.8,839,840.05,20629
equity,INE340A01012,2026-10-01,841.5,815,828.95,82178
equity,INE340A01012,2026-10-05,835.45,812,812.8,36748
equity,INE340A01012,2026-10-06,823.65,799.25,803.45,186684
equity,INE278Y01022,2026-09-30,211.36,207.52,208.83,196106
equity,INE278Y01022,2026-10-01,210,199.54,205.83,647062
equity,INE278Y01022,2026-10-05,208.99,203.01,204.12,186812
equity,INE278Y01022,2026-10-06,209.9,202.8,208.68,470763
equity,INE314T01033,2026-09-30,217.39,212,212.98,116742
equity,INE314T01033,2026-10-01,215.16,207,210.1,232856
equity,INE314T01033,2026-10-05,211.89,204.1,205.27,251467
equity,INE314T01033,2026-10-06,213,206.22,210.95,274499
equity,INE055S01018,2026-09-30,928.25,905.35,914.1,203064
equity,INE055S01018,2026-10-01,922.65,880.3,893.9,391174
equity,INE055S01018,2026-10-02,893.9,893.9,893.9,
equity,INE055S01018,2026-10-05,952,895,946.8,591661
equity,INE055S01018,2026-10-06,964,934.2,939,234925
equity,INE064A01026,2026-09-30,746.4,713.2,719.55,317889
equity,INE064A01026,2026-10-01,737,700,729.5,428304
equity,INE064A01026,2026-10-02,729.5,729.5,729.5,
equity,INE064A01026,2026-10-05,744.8,724.5,734.6,462142
equity,INE064A01026,2026-10-06,759.7,726.65,731.7,528492
equity,INE933K01021,2026-09-30,503.9,493.45,495.55,260252
equity,INE933K01021,2026-10-01,502.6,487,497.05,519447
equity,INE933K01021,2026-10-02,497.05,497.05,497.05,
equity,INE933K01021,2026-10-05,499.4,477.95,480.35,365485
equity,INE933K01021,2026-10-06,496.5,483.05,493.5,284884
equity,INE420C01059,2026-09-30,79.1,75.62,76.41,7129862
equity,INE420C01059,2026-10-01,80.9,77,79.9,15551279
equity,INE420C01059,2026-10-02,79.9,79.9,79.9,
equity,INE420C01059,2026-10-05,81.59,78.95,81.13,13369295
equity,INE420C01059,2026-10-06,83.25,81.19,83.1,9861753
equity,INE0DUT01020,2026-09-30,1270,1146.5,1159.8,621573
equity,INE0DUT01020,2026-10-01,1215,1139.2,1168,268967
equity,INE0DUT01020,2026-10-05,1193,1119.8,1145.4,102598
equity,INE0DUT01020,2026-10-06,1159.2,1115,1141.8,71824
equity,INE02YR01019,2026-09-30,208.98,192,205.36,14305072
equity,INE02YR01019,2026-10-01,207.15,197.73,204.05,4017614
equity,INE02YR01019,2026-10-02,204.05,204.05,204.05,
equity,INE02YR01019,2026-10-05,211.66,202.65,205.1,9139822
equity,INE02YR01019,2026-10-06,209.9,199.42,201.42,6254371
equity,INE439E01022,2026-09-30,548.65,528.25,531.15,260601
equity,INE439E01022,2026-10-01,554.45,526.6,541.2,1034814
equity,INE439E01022,2026-10-05,551.9,534,538.9,402506
equity,INE439E01022,2026-10-06,553.5,537,551.5,377288
equity,INE688A01022,2026-09-30,884.9,863.85,872.5,148301
equity,INE688A01022,2026-10-01,884,866.3,877.1,48610
equity,INE688A01022,2026-10-05,889.9,866,878.75,71248
equity,INE688A01022,2026-10-06,889.9,877,888,40550
equity,INE274Y01021,2026-09-30,597,586,587,41369
equity,INE274Y01021,2026-10-01,600.45,576.7,586.4,76581
equity,INE274Y01021,2026-10-05,600.5,582.05,594.25,104544
equity,INE274Y01021,2026-10-06,604.9,584.1,585.85,51992
equity,INE0LXT01019,2026-09-30,119.2,116.5,117.6,211189
equity,INE0LXT01019,2026-10-01,117.6,114.1,115.29,257321
equity,INE0LXT01019,2026-10-02,115.29,115.29,115.29,
equity,INE0LXT01019,2026-10-05,115.9,113.34,113.85,239207
equity,INE0LXT01019,2026-10-06,115.49,114.05,114.8,148953
equity,INE921L01032,2026-09-30,620.85,598,600.6,308631
equity,INE921L01032,2026-10-01,609.45,574.05,589.15,241996
equity,INE921L01032,2026-10-05,600.35,584,587.15,100209
equity,INE921L01032,2026-10-06,605,585,601.7,128005
equity,INE305A01023,2026-09-30,148.5,139.1,141.91,31904742
equity,INE305A01023,2026-10-01,144.7,137,138.79,6063974
equity,INE305A01023,2026-10-02,138.79,138.79,138.79,
equity,INE305A01023,2026-10-05,141.47,138.32,139.65,15041651
equity,INE305A01023,2026-10-06,141.5,139.25,140.65,3375754
equity,INE177F01017,2026-09-30,6075.5,5981,6007,3797
equity,INE177F01017,2026-10-01,6050,5848,5993.5,10377
equity,INE177F01017,2026-10-05,6034.5,5940,5963,4350
equity,INE177F01017,2026-10-06,5994,5924,5936,4135
equity,INE00GO01025,2026-09-30,142.4,136.51,137.78,814776
equity,INE00GO01025,2026-10-01,138.03,133.7,137.03,1240296
equity,INE00GO01025,2026-10-02,137.03,137.03,137.03,
equity,INE00GO01025,2026-10-05,144.9,137.5,141.35,2945969
equity,INE00GO01025,2026-10-06,145.48,141.94,142.48,1034811
equity,INE0RB801010,2026-09-30,1413,1370,1385.8,268540
equity,INE0RB801010,2026-10-01,1398,1319.4,1349.6,363714
equity,INE0RB801010,2026-10-05,1375,1300.1,1321.2,272680
equity,INE0RB801010,2026-10-06,1401,1318.6,1388.6,309834
equity,INE399C01030,2026-09-30,495,479,481.2,43215
equity,INE399C01030,2026-10-01,484.75,470.3,481.05,89227
equity,INE399C01030,2026-10-05,483.05,458.15,461.5,78523
equity,INE399C01030,2026-10-06,473.85,457.8,471.2,65826
equity,INE665J01013,2026-09-30,784.8,740.2,753.7,170425
equity,INE665J01013,2026-10-01,761.15,736.6,746.1,47930
equity,INE665J01013,2026-10-05,775,744.4,770.95,81245
equity,INE665J01013,2026-10-06,799.9,753.05,793,99505
equity,INE917M01012,2026-09-30,416,403.1,406.2,63814
equity,INE917M01012,2026-10-01,407.6,396.55,399.1,134401
equity,INE917M01012,2026-10-05,405.15,393.1,396.3,94930
equity,INE917M01012,2026-10-06,402.6,394.6,400.8,58056
equity,INE0UH301010,2026-09-30,580,552,564.05,1008108
equity,INE0UH301010,2026-10-01,614,560,608.65,2667824
equity,INE0UH301010,2026-10-02,608.65,608.65,608.65,
equity,INE0UH301010,2026-10-05,644,611.65,632.15,1584512
equity,INE0UH301010,2026-10-06,678.8,638.45,656.95,1269532
equity,INE026A01025,2026-09-30,154,150.25,150.79,768508
equity,INE026A01025,2026-10-01,150.25,145.2,146.9,1070806
equity,INE026A01025,2026-10-02,146.9,146.9,146.9,
equity,INE026A01025,2026-10-05,150.2,147,147.26,492857
equity,INE026A01025,2026-10-06,153.95,148,153.47,962749
equity,INE232I01014,2026-09-30,210.65,196,197.19,1366000
equity,INE232I01014,2026-10-01,197.89,189.01,194.13,1071707
equity,INE232I01014,2026-10-05,201.59,190.2,191.26,837807
equity,INE232I01014,2026-10-06,197.69,191.4,196.89,688218
equity,INE647O01011,2026-09-30,47.29,45.97,46.32,3805401
equity,INE647O01011,2026-10-01,46.5,44.04,44.53,5512411
equity,INE647O01011,2026-10-02,44.53,44.53,44.53,
equity,INE647O01011,2026-10-05,45.37,44.25,44.34,3728699
equity,INE647O01011,2026-10-06,47.39,44.47,45.68,10460539
equity,INE386D01027,2026-09-30,1148.9,1060,1071.7,233735
equity,INE386D01027,2026-10-01,1103.9,1034.1,1066.4,295016
equity,INE386D01027,2026-10-05,1108,1070,1076.5,139325
equity,INE386D01027,2026-10-06,1103.5,1067.7,1099.6,130347
equity,INE639B01023,2026-09-30,3345,3221,3263.75,14669
equity,INE639B01023,2026-10-01,3291.05,3209.95,3259.05,8390
equity,INE639B01023,2026-10-05,3299.95,3175,3182.5,9956
equity,INE639B01023,2026-10-06,3279.8999,3152.1001,3204.3,9840
equity,INE021O01019,2026-09-30,1032.9,1001.3,1019.4,22246
equity,INE021O01019,2026-10-01,1023.6,996.6,1006.3,69274
equity,INE021O01019,2026-10-05,1021.5,1003.2,1015.6,9309
equity,INE021O01019,2026-10-06,1023.6,1007.2,1019.9,7697
equity,INE0J5801029,2026-09-30,512.9,494.6,500.8,559788
equity,INE0J5801029,2026-10-01,502,474,480.8,905116
equity,INE0J5801029,2026-10-02,480.8,480.8,480.8,
equity,INE0J5801029,2026-10-05,486.25,445.65,449.9,1610523
equity,INE0J5801029,2026-10-06,456.7,440,441.25,742786
equity,INE786A01032,2026-09-30,498.75,488.1,492.3,104189
equity,INE786A01032,2026-10-01,491.15,471.6,476.6,290321
equity,INE786A01032,2026-10-02,476.6,476.6,476.6,
equity,INE786A01032,2026-10-05,481.3,465,466.8,237436
equity,INE786A01032,2026-10-06,486,467.05,478.45,114155
equity,INE091G01026,2026-09-30,65,62,62.24,275374
equity,INE091G01026,2026-10-01,62.58,60.33,61.72,504237
equity,INE091G01026,2026-10-05,63.37,59.51,61.12,375785
equity,INE091G01026,2026-10-06,64.17,61.53,64.17,469737
equity,INE027A01015,2026-09-30,111.9,108.2,109.97,2028734
equity,INE027A01015,2026-10-01,109.5,106.25,106.8,978326
equity,INE027A01015,2026-10-02,106.8,106.8,106.8,
equity,INE027A01015,2026-10-05,108.47,106.3,106.69,704178
equity,INE027A01015,2026-10-06,109.39,107,108.94,910756
equity,INE460C01014,2026-09-30,722.3,711.75,719,25145
equity,INE460C01014,2026-10-01,720.6,695,699.1,137892
equity,INE460C01014,2026-10-05,719.4,693,701.85,18915
equity,INE460C01014,2026-10-06,720.75,700,713.65,24071
equity,INE083A01026,2026-09-30,128.1,117.8,125.99,26169666
equity,INE083A01026,2026-10-01,135.29,125.16,133.72,37973409
equity,INE083A01026,2026-10-05,137.64,130.46,135.29,18241253
equity,INE083A01026,2026-10-06,145.25,135.61,143.96,22419072
equity,INE128X01021,2026-09-30,496.45,481.5,485.85,231287
equity,INE128X01021,2026-10-01,488.4,465,475.05,156132
equity,INE128X01021,2026-10-02,475.05,475.05,475.05,
equity,INE128X01021,2026-10-05,481.2,460.5,463.2,659603
equity,INE128X01021,2026-10-06,476.8,462.7,474.5,87867
equity,INE04VU01023,2026-09-30,377.8,368.2,369.95,48584
equity,INE04VU01023,2026-10-01,375,357.45,366,122778
equity,INE04VU01023,2026-10-05,368.65,356,358.55,43034
equity,INE04VU01023,2026-10-06,375.3,356.05,369.7,551497
equity,INE0AG901020,2026-09-30,385.9,375.1,382.75,305558
equity,INE0AG901020,2026-10-01,387.7,374,380.1,170053
equity,INE0AG901020,2026-10-05,386.5,373.2,383.95,214295
equity,INE0AG901020,2026-10-06,385.55,375,376.2,179645
equity,INE947A01014,2026-09-30,471,447.6,456.05,624779
equity,INE947A01014,2026-10-01,454.8,433.25,433.5,420955
equity,INE947A01014,2026-10-02,433.5,433.5,433.5,
equity,INE947A01014,2026-10-05,455.15,412.2,455,820271
equity,INE947A01014,2026-10-06,473,452,459.05,703560
equity,INE0NAZ01010,2026-09-30,538.65,515.15,519.85,108747
equity,INE0NAZ01010,2026-10-01,529.45,499.45,510.65,53593
equity,INE0NAZ01010,2026-10-05,515,496.1,497.8,70592
equity,INE0NAZ01010,2026-10-06,513.85,497.35,503.9,128071
equity,INE544R01021,2026-09-30,218.59,211,212.85,64940
equity,INE544R01021,2026-10-01,216,207.4,213.62,114653
equity,INE544R01021,2026-10-02,213.62,213.62,213.62,
equity,INE544R01021,2026-10-05,215.5,210.18,211.71,64031
equity,INE544R01021,2026-10-06,214.4,209.2,212.02,51867
equity,INE074A01025,2026-09-30,312.5,304.5,305.85,391097
equity,INE074A01025,2026-10-01,305.15,297.05,303.25,401299
equity,INE074A01025,2026-10-05,309.75,303.1,304.05,392337
equity,INE074A01025,2026-10-06,316,305.75,315.05,751659
equity,INE0QJW01029,2026-09-30,587.65,553.45,557.15,296716
equity,INE0QJW01029,2026-10-01,559.45,537.25,553.6,187699
equity,INE0QJW01029,2026-10-05,585,555,578.95,422841
equity,INE0QJW01029,2026-10-06,634.45,581.55,627.55,2300627
equity,INE078V01014,2026-09-30,162.28,160,160.01,1243665
equity,INE078V01014,2026-10-01,160.46,151.6,154.35,2528456
equity,INE078V01014,2026-10-02,154.35,154.35,154.35,
equity,INE078V01014,2026-10-05,157.39,151.79,152.52,969664
equity,INE078V01014,2026-10-06,154.14,150.96,151.5,1330472
equity,INE285J01028,2026-09-30,424,415.8,419.1,321349
equity,INE285J01028,2026-10-01,419.85,407.2,412.85,85848
equity,INE285J01028,2026-10-05,419.9,411.6,414.7,57546
equity,INE285J01028,2026-10-06,420.3,414.55,416.7,99900
equity,INE256C01024,2026-09-30,243.5,235,235.7,310906
equity,INE256C01024,2026-10-01,241.98,228.61,230.92,557909
equity,INE256C01024,2026-10-05,241.7,235.06,237.22,749310
equity,INE256C01024,2026-10-06,249,239.85,241.97,920394
equity,INE546C01010,2026-09-30,613.25,588.55,592.35,87459
equity,INE546C01010,2026-10-01,593.85,571,581.05,108548
equity,INE546C01010,2026-10-05,595,579.1,588.45,144930
equity,INE546C01010,2026-10-06,598.75,589.3,594.2,65957
equity,INE542W01025,2026-09-30,386.9,355.5,358.95,4386433
equity,INE542W01025,2026-10-01,362.95,339.15,345.6,1572284
equity,INE542W01025,2026-10-02,345.6,345.6,345.6,
equity,INE542W01025,2026-10-05,348.9,320,321.85,1547466
equity,INE542W01025,2026-10-06,335.45,319.1,326.8,1238531
equity,INE007N01010,2026-09-30,152.07,149,150.96,578967
equity,INE007N01010,2026-10-01,152,146.21,149.77,1579564
equity,INE007N01010,2026-10-02,149.77,149.77,149.77,
equity,INE007N01010,2026-10-05,153.4,148.51,149.64,804305
equity,INE007N01010,2026-10-06,151.94,149.5,150.72,530026
equity,INE549A01026,2026-09-30,21.14,20.35,20.41,9937639
equity,INE549A01026,2026-10-01,20.56,19.88,20.23,16600215
equity,INE549A01026,2026-10-05,20.59,19.95,20,11202334
equity,INE549A01026,2026-10-06,20.56,20.06,20.26,11473001
equity,INE570A01022,2026-09-30,414.5,403.6,411.15,230496
equity,INE570A01022,2026-10-01,413.5,393.95,406.4,219266
equity,INE570A01022,2026-10-02,406.4,406.4,406.4,
equity,INE570A01022,2026-10-05,410,397.1,401.75,203327
equity,INE570A01022,2026-10-06,411,399.65,409.2,113442
equity,INE045J01034,2026-09-30,59.21,57,57.45,16165821
equity,INE045J01034,2026-10-01,58.47,54.76,55.72,33188098
equity,INE045J01034,2026-10-02,55.72,55.72,55.72,
equity,INE045J01034,2026-10-05,55.85,53.21,54.03,18407766
equity,INE045J01034,2026-10-06,59.43,54.08,59.2,41353903
equity,INE0ISX01025,2026-09-30,616.95,597,600.95,82582
equity,INE0ISX01025,2026-10-01,602.9,577,592.55,165663
equity,INE0ISX01025,2026-10-05,608.9,593,602,509173
equity,INE0ISX01025,2026-10-06,631.95,601.2,611,329899
equity,INE126M01010,2026-09-30,30.65,29.52,29.61,7753680
equity,INE126M01010,2026-10-01,30.14,28.58,29.43,14659328
equity,INE126M01010,2026-10-02,29.43,29.43,29.43,
equity,INE126M01010,2026-10-05,30.8,29.17,29.48,23357499
equity,INE126M01010,2026-10-06,30.95,29.7,30.95,18672048
equity,INE01JE01028,2026-09-30,446.05,416.65,429.55,1225757
equity,INE01JE01028,2026-10-01,439.5,419.3,436.55,1481138
equity,INE01JE01028,2026-10-02,436.55,436.55,436.55,
equity,INE01JE01028,2026-10-05,474.9,441,469.15,5426250
equity,INE01JE01028,2026-10-06,490,461.4,478.85,2217854
equity,INE955V01021,2026-09-30,411.35,386,387.45,332564
equity,INE955V01021,2026-10-01,386.95,373.35,379.7,227031
equity,INE955V01021,2026-10-05,389,376.1,384.25,225104
equity,INE955V01021,2026-10-06,409.95,384.25,406.4,293373
equity,INE993A01026,2026-09-30,992.95,898.25,907.35,1072563
equity,INE993A01026,2026-10-01,930.5,868.4,921.55,998005
equity,INE993A01026,2026-10-05,940,883.1,888.25,452708
equity,INE993A01026,2026-10-06,928,882.05,922.05,456233
equity,INE599M01018,2026-09-30,672,651.65,666.15,130940
equity,INE599M01018,2026-10-01,666.15,646.3,653.15,123750
equity,INE599M01018,2026-10-05,666.1,648,651.35,70392
equity,INE599M01018,2026-10-06,661.95,650,658.95,52373
equity,INE602W01027,2026-09-30,332.7,320,320.95,502576
equity,INE602W01027,2026-10-01,321.95,311.55,317.4,538846
equity,INE602W01027,2026-10-02,317.4,317.4,317.4,
equity,INE602W01027,2026-10-05,319.9,312.9,316.95,767941
equity,INE602W01027,2026-10-06,323.55,317.05,318.75,559711
equity,INE485C01029,2026-09-30,211.6,202.51,207.08,3390524
equity,INE485C01029,2026-10-01,213.69,202.57,209.39,4041973
equity,INE485C01029,2026-10-02,209.39,209.39,209.39,
equity,INE485C01029,2026-10-05,214.4,204.35,205.71,2946260
equity,INE485C01029,2026-10-06,216.55,204.73,214.9,3883120
equity,INE136S01016,2026-09-30,2480,2403,2451.6001,147004
equity,INE136S01016,2026-10-01,2474.5,2359.2,2407.1001,103868
equity,INE136S01016,2026-10-02,2407.1001,2407.1001,2407.1001,
equity,INE136S01016,2026-10-05,2447.8999,2300,2311.2,116983
equity,INE136S01016,2026-10-06,2438.5,2319,2429.2,91886
equity,INE908D01010,2026-09-30,471,458.6,461.35,477179
equity,INE908D01010,2026-10-01,463.05,447.4,454.1,358429
equity,INE908D01010,2026-10-02,454.1,454.1,454.1,
equity,INE908D01010,2026-10-05,463.5,441.15,443.4,431828
equity,INE908D01010,2026-10-06,451.6,443.25,449.35,936644
equity,INE858B01029,2026-09-30,893.5,871.2,883.1,77493
equity,INE858B01029,2026-10-01,929.9,865.55,919.7,203704
equity,INE858B01029,2026-10-02,919.7,919.7,919.7,
equity,INE858B01029,2026-10-05,926.1,892.4,899.3,88849
equity,INE858B01029,2026-10-06,913.45,898,905,52545
equity,INE887G01027,2026-09-30,709,678.55,687.8,231795
equity,INE887G01027,2026-10-01,699,675.8,688.75,207663
equity,INE887G01027,2026-10-05,693.8,663.05,672.3,269843
equity,INE887G01027,2026-10-06,691.7,672.75,682.75,364794
equity,INE162B01018,2026-09-30,5750,5523,5568.5,12677
equity,INE162B01018,2026-10-01,5600,5357,5550,16937
equity,INE162B01018,2026-10-05,5595.5,5430,5439,7726
equity,INE162B01018,2026-10-06,5510.5,5396,5435.5,7812
equity,INE247D01039,2026-09-30,47.97,46.26,46.54,2793369
equity,INE247D01039,2026-10-01,46.64,44.32,45.82,2785205
equity,INE247D01039,2026-10-02,45.82,45.82,45.82,
equity,INE247D01039,2026-10-05,47.2,45.1,45.37,2517504
equity,INE247D01039,2026-10-06,45.97,45.1,45.39,1298991
equity,INE454P01035,2026-09-30,498,448.8,476.4,6739028
equity,INE454P01035,2026-10-01,488.4,462.85,474.9,1761167
equity,INE454P01035,2026-10-02,474.9,474.9,474.9,
equity,INE454P01035,2026-10-05,476.85,460,462.75,454795
equity,INE454P01035,2026-10-06,486,474.1,482.4,2088014
equity,INE395N01027,2026-09-30,134.4,130.05,130.57,488937
equity,INE395N01027,2026-10-01,130.86,126,128.42,767101
equity,INE395N01027,2026-10-02,128.42,128.42,128.42,
equity,INE395N01027,2026-10-05,130.99,126.95,127.27,402736
equity,INE395N01027,2026-10-06,132.4,127.11,130.67,519370
equity,INE239C01020,2026-09-30,3348,3287.7,3308.7,14001
equity,INE239C01020,2026-10-01,3317.8,3158.1001,3219.8999,52489
equity,INE239C01020,2026-10-02,3219.8999,3219.8999,3219.8999,
equity,INE239C01020,2026-10-05,3341,3218.1001,3325.2,37896
equity,INE239C01020,2026-10-06,3345.3,3264.1001,3303.5,22326
equity,INE227J01012,2026-09-30,285,276,278.7,55095
equity,INE227J01012,2026-10-01,282.7,269.05,273.5,42743
equity,INE227J01012,2026-10-05,279.75,270,272.3,17262
equity,INE227J01012,2026-10-06,275.45,268.6,269.8,77594
equity,INE191A01027,2026-09-30,1034.4,990,997,58886
equity,INE191A01027,2026-10-01,1012.15,964.65,990,92412
equity,INE191A01027,2026-10-02,990,990,990,
equity,INE191A01027,2026-10-05,1003.2,960,965.9,68202
equity,INE191A01027,2026-10-06,1015.1,965,1006.55,65585
equity,INE679A01013,2026-09-30,319.15,309.5,311,283282
equity,INE679A01013,2026-10-01,312.3,297.05,304.75,613159
equity,INE679A01013,2026-10-05,310,300.1,306.85,455102
equity,INE679A01013,2026-10-06,313.4,304.35,305.85,416604
equity,INE506W01020,2026-09-30,193,185.19,188.23,1098163
equity,INE506W01020,2026-10-01,188.1,179,184.59,1805453
equity,INE506W01020,2026-10-05,186.53,178.41,185.83,1043482
equity,INE506W01020,2026-10-06,196.5,186.52,193.66,1697636
equity,INE802C01033,2026-09-30,413.75,403.2,408.1,1299841
equity,INE802C01033,2026-10-01,419.8,378.2,390.8,3280912
equity,INE802C01033,2026-10-02,390.8,390.8,390.8,
equity,INE802C01033,2026-10-05,412.4,385.2,410.55,1790927
equity,INE802C01033,2026-10-06,434,411.55,424.7,2408831
equity,INE09VQ01012,2026-09-30,1104.2,1072,1091,37864
equity,INE09VQ01012,2026-10-01,1086.1,1050,1053.5,75763
equity,INE09VQ01012,2026-10-02,1053.5,1053.5,1053.5,
equity,INE09VQ01012,2026-10-05,1064.2,1033.1,1040,56278
equity,INE09VQ01012,2026-10-06,1069.2,1032.5,1062.4,40882
equity,INE953L01027,2026-09-30,509,486,489.3,428503
equity,INE953L01027,2026-10-01,493.15,465.7,482.4,795611
equity,INE953L01027,2026-10-02,482.4,482.4,482.4,
equity,INE953L01027,2026-10-05,501.85,483.25,498.6,673840
equity,INE953L01027,2026-10-06,503.1,496.5,499.85,340187
equity,INE010A01011,2026-09-30,111.29,108.25,108.74,221376
equity,INE010A01011,2026-10-01,109.3,103,103.61,478189
equity,INE010A01011,2026-10-05,104.59,101.7,102.06,215104
equity,INE010A01011,2026-10-06,104,101.5,103.48,236606
equity,INE910A01012,2026-09-30,610,601,605,1909
equity,INE910A01012,2026-10-01,625.4,604.8,606.8,6734
equity,INE910A01012,2026-10-05,619.55,612.1,615.4,3982
equity,INE910A01012,2026-10-06,620.4,606.15,619,3635
equity,INE258B01022,2026-09-30,353.4,337.85,339.4,103104
equity,INE258B01022,2026-10-01,342.85,332.2,335.9,107854
equity,INE258B01022,2026-10-02,335.9,335.9,335.9,
equity,INE258B01022,2026-10-05,339.9,328.6,331.3,90007
equity,INE258B01022,2026-10-06,338,332.05,333.65,112880
equity,INE879I01012,2026-09-30,98.99,95.5,96.52,1028560
equity,INE879I01012,2026-10-01,97.4,91.7,91.7,1272913
equity,INE879I01012,2026-10-05,92.79,89.25,91.72,903606
equity,INE879I01012,2026-10-06,92.99,89.47,90.08,660832
equity,INE320B01020,2026-09-30,4925,4738.3999,4797.8999,90214
equity,INE320B01020,2026-10-01,4851,4603.2002,4701.7002,79168
equity,INE320B01020,2026-10-05,4750,4550,4584.1001,44652
equity,INE320B01020,2026-10-06,4654.8999,4425.8999,4451,81638
equity,INE0I7C01011,2026-09-30,243.8,234.75,236,300979
equity,INE0I7C01011,2026-10-01,239.2,230,234.48,421557
equity,INE0I7C01011,2026-10-02,234.48,234.48,234.48,
equity,INE0I7C01011,2026-10-05,245,233.49,235.68,521787
equity,INE0I7C01011,2026-10-06,238.77,232.5,233.28,267880
equity,INE353K01014,2026-09-30,728,656.1,687.65,4549325
equity,INE353K01014,2026-10-01,678.7,660.65,665.6,162183
equity,INE353K01014,2026-10-05,682,660,664.8,143155
equity,INE353K01014,2026-10-06,678,662.4,675.25,73932
equity,INE694D01016,2026-09-30,7494.5,7155.5,7253,11949
equity,INE694D01016,2026-10-01,7289.5,7100,7187,6060
equity,INE694D01016,2026-10-05,7299.5,7000,7111,6743
equity,INE694D01016,2026-10-06,7375,7111,7309.5,7145
equity,INE759A01021,2026-09-30,1583.8,1514.6,1562.8,139740
equity,INE759A01021,2026-10-01,1586.6,1536,1555.6,72494
equity,INE759A01021,2026-10-02,1555.6,1555.6,1555.6,
equity,INE759A01021,2026-10-05,1633.9,1590,1608.2,118393
equity,INE759A01021,2026-10-06,1624.7,1591.1,1616.3,66876
equity,INE737H01014,2026-09-30,1955.2,1870,1877.6,91793
equity,INE737H01014,2026-10-01,1888,1785.1,1794.8,115474
equity,INE737H01014,2026-10-05,1816.9,1752,1763.1,72879
equity,INE737H01014,2026-10-06,1799.9,1760,1779.5,45371
equity,INE483S01020,2026-09-30,15.52,15.08,15.12,7376759
equity,INE483S01020,2026-10-01,15.37,14.94,15.28,13286633
equity,INE483S01020,2026-10-02,15.28,15.28,15.28,
equity,INE483S01020,2026-10-05,15.45,14.95,14.99,11659060
equity,INE483S01020,2026-10-06,15.49,15.03,15.35,17222009
equity,INE12F801023,2026-09-30,372,352.2,369.55,2404648
equity,INE12F801023,2026-10-01,386.25,354.9,371.15,3578605
equity,INE12F801023,2026-10-05,388.15,370.05,379.2,1755374
equity,INE12F801023,2026-10-06,384.75,375.3,383.1,692553
equity,INE323I01011,2026-09-30,211.2,204.54,206.34,81705
equity,INE323I01011,2026-10-01,210,197.41,204.64,167683
equity,INE323I01011,2026-10-05,209.8,201.41,206.93,126827
equity,INE323I01011,2026-10-06,213,206,210.75,95890
equity,INE0J1F01024,2026-09-30,1004.7,930.15,953.5,1657051
equity,INE0J1F01024,2026-10-01,976.65,926.15,953.15,377963
equity,INE0J1F01024,2026-10-05,978,935.1,943.45,268559
equity,INE0J1F01024,2026-10-06,961.2,941.1,958.25,188962
equity,INE279A01012,2026-09-30,1484,1433.3,1443,41248
equity,INE279A01012,2026-10-01,1462,1400,1451.3,81588
equity,INE279A01012,2026-10-02,1451.3,1451.3,1451.3,
equity,INE279A01012,2026-10-05,1536.8,1456,1520.2,214759
equity,INE279A01012,2026-10-06,1665,1501.8,1649.2,374697
equity,INE337A01034,2026-09-30,1761,1729.1,1730.1,9738
equity,INE337A01034,2026-10-01,1738.7,1681,1711.1,50389
equity,INE337A01034,2026-10-05,1716.8,1650,1663.5,27779
equity,INE337A01034,2026-10-06,1674.9,1640,1657.8,27430
equity,INE13B501022,2026-09-30,421.6,410,413.55,33023
equity,INE13B501022,2026-10-01,413.25,396.8,405.55,46236
equity,INE13B501022,2026-10-05,407.4,399,400.85,51181
equity,INE13B501022,2026-10-06,406.7,398.2,402.5,57401
equity,INE419U01012,2026-09-30,315.25,308.65,310.6,477766
equity,INE419U01012,2026-10-01,313.35,300,304.7,560349
equity,INE419U01012,2026-10-02,304.7,304.7,304.7,
equity,INE419U01012,2026-10-05,309.65,303,304.2,476063
equity,INE419U01012,2026-10-06,306.7,302.05,303.35,276080
equity,INE942C01045,2026-09-30,408.6,386.5,387.6,187350
equity,INE942C01045,2026-10-01,395,368.6,381.8,397655
equity,INE942C01045,2026-10-02,381.8,381.8,381.8,
equity,INE942C01045,2026-10-05,390.4,371.2,373.6,169705
equity,INE942C01045,2026-10-06,393.15,372.05,390,224486
equity,INE348L01012,2026-09-30,284.95,274.65,282.7,197774
equity,INE348L01012,2026-10-01,282.7,268.95,272.85,188700
equity,INE348L01012,2026-10-02,272.85,272.85,272.85,
equity,INE348L01012,2026-10-05,276.95,266.55,267.75,115766
equity,INE348L01012,2026-10-06,269.9,265,266.9,94219
equity,INE0BV301023,2026-09-30,873.4,849.1,858.1,121081
equity,INE0BV301023,2026-10-01,870,833.15,845.75,92181
equity,INE0BV301023,2026-10-02,845.75,845.75,845.75,
equity,INE0BV301023,2026-10-05,880,853.05,873.4,124043
equity,INE0BV301023,2026-10-06,900.9,867.2,896.6,81862
equity,INE186A01019,2026-09-30,626.9,612.2,618.85,58668
equity,INE186A01019,2026-10-01,615,590,603.6,66105
equity,INE186A01019,2026-10-02,603.6,603.6,603.6,
equity,INE186A01019,2026-10-05,614.85,600,606.45,29834
equity,INE186A01019,2026-10-06,620.6,602.55,613.1,44884
equity,INE615P01015,2026-09-30,346,332.05,334.95,513187
equity,INE615P01015,2026-10-01,342,326.6,336.2,369564
equity,INE615P01015,2026-10-05,345.95,335.1,341.85,262863
equity,INE615P01015,2026-10-06,344.85,332.55,334.45,218677
equity,INE635Q01029,2026-09-30,1128.7,1103.4,1125.4,61978
equity,INE635Q01029,2026-10-01,1129.1,1089,1093,34205
equity,INE635Q01029,2026-10-05,1106.5,1060.2,1068.7,90269
equity,INE635Q01029,2026-10-06,1095,1070,1087.9,22701
equity,INE559A01017,2026-09-30,1223.8,1199,1201,20374
equity,INE559A01017,2026-10-01,1213.7,1152.1,1166.2,41264
equity,INE559A01017,2026-10-05,1201.8,1140,1178.8,34216
equity,INE559A01017,2026-10-06,1218.8,1177.8,1212.3,18184
equity,INE025R01021,2026-09-30,370.1,342.1,345.55,1002073
equity,INE025R01021,2026-10-01,346.45,327.95,336.4,804191
equity,INE025R01021,2026-10-05,341.85,322.35,324.1,374630
equity,INE025R01021,2026-10-06,324.95,314.25,318.35,428577
equity,INE348A01023,2026-09-30,526.6,502.5,504.15,261585
equity,INE348A01023,2026-10-01,502.7,485.35,489.95,247497
equity,INE348A01023,2026-10-05,501.95,487,490.85,223978
equity,INE348A01023,2026-10-06,504.85,491.05,502.9,228286
equity,INE071N01016,2026-09-30,1030,1011,1012.5,37182
equity,INE071N01016,2026-10-01,1017.9,975.9,982.2,80328
equity,INE071N01016,2026-10-05,1024.1,977.4,1017.3,60534
equity,INE071N01016,2026-10-06,1062,1005.8,1036.2,67122
equity,INE332A01027,2026-09-30,104.58,102,102.39,582675
equity,INE332A01027,2026-10-01,102.48,98.6,100.7,539181
equity,INE332A01027,2026-10-05,101.95,99.21,99.61,303908
equity,INE332A01027,2026-10-06,101.63,99.51,101.09,248160
equity,INE752H01013,2026-09-30,1652.8,1611,1616.7,51390
equity,INE752H01013,2026-10-01,1622,1581.1,1602.7,42470
equity,INE752H01013,2026-10-05,1635.2,1590.2,1607.7,53662
equity,INE752H01013,2026-10-06,1633.7,1582.2,1588.2,38734
equity,INE207E01023,2026-09-30,597,578.65,582.4,193834
equity,INE207E01023,2026-10-01,620,574.8,616.55,1005993
equity,INE207E01023,2026-10-02,616.55,616.55,616.55,
equity,INE207E01023,2026-10-05,662.85,626,635.2,1507421
equity,INE207E01023,2026-10-06,648.7,634.45,641.2,264002
equity,INE306A01021,2026-09-30,20.51,19.41,19.54,12481018
equity,INE306A01021,2026-10-01,19.54,18.8,19.19,10262513
equity,INE306A01021,2026-10-02,19.19,19.19,19.19,
equity,INE306A01021,2026-10-05,20.23,19.5,19.96,15512797
equity,INE306A01021,2026-10-06,21.49,20.42,21.33,31046427
equity,INE366I01010,2026-09-30,290.15,283.95,287.15,133472
equity,INE366I01010,2026-10-01,289.7,282.8,285.05,147978
equity,INE366I01010,2026-10-05,286.6,283.1,285,97202
equity,INE366I01010,2026-10-06,286,283.9,284.95,95546
equity,INE025B01025,2026-09-30,327.45,311.15,313.45,331778
equity,INE025B01025,2026-10-01,316.55,302.4,310.8,423092
equity,INE025B01025,2026-10-05,316.8,306,310,368723
equity,INE025B01025,2026-10-06,321.3,310.2,317.5,319397
equity,INE086A01029,2026-09-30,78.19,73.89,74.37,3312574
equity,INE086A01029,2026-10-01,78.45,72.49,74.54,5379383
equity,INE086A01029,2026-10-02,74.54,74.54,74.54,
equity,INE086A01029,2026-10-05,78,74.2,75.26,3013318
equity,INE086A01029,2026-10-06,80.98,74.77,78.97,7868022
equity,INE255X01014,2026-09-30,733.05,712.2,714.75,219386
equity,INE255X01014,2026-10-01,717.75,690.25,705.8,208381
equity,INE255X01014,2026-10-05,705.6,687.5,693.75,201122
equity,INE255X01014,2026-10-06,725.6,693.95,714.3,174073
equity,INE541A01023,2026-09-30,1509,1444,1466.7,164451
equity,INE541A01023,2026-10-01,1476.9,1390,1443.4,328964
equity,INE541A01023,2026-10-05,1465.3,1381,1386.6,199853
equity,INE541A01023,2026-10-06,1451,1380.9,1425.7,228112
equity,INE490G01020,2026-09-30,245.88,235,237.76,392618
equity,INE490G01020,2026-10-01,239.39,230.01,232.66,545882
equity,INE490G01020,2026-10-05,243.5,235.2,236.49,690784
equity,INE490G01020,2026-10-06,240.4,236.94,239.2,228756
equity,INE350C01017,2026-09-30,827,759.05,767.75,716846
equity,INE350C01017,2026-10-01,816.6,756,803.7,655634
equity,INE350C01017,2026-10-02,803.7,803.7,803.7,
equity,INE350C01017,2026-10-05,833.9,781.5,786.2,500498
equity,INE350C01017,2026-10-06,924.9,793.9,889.9,10818282
equity,INE087H01022,2026-09-30,23.02,21.73,21.89,8847058
equity,INE087H01022,2026-10-01,22.05,20.95,21.34,18593657
equity,INE087H01022,2026-10-05,22.36,21.61,21.76,9972873
equity,INE087H01022,2026-10-06,22.84,22.18,22.65,18626477
equity,INE035D01020,2026-09-30,860.4,711.4,718.8,2590903
equity,INE035D01020,2026-10-01,734.6,704.2,729.5,296616
equity,INE035D01020,2026-10-02,729.5,729.5,729.5,
equity,INE035D01020,2026-10-05,736,716.8,727.2,200693
equity,INE035D01020,2026-10-06,780,722.6,775.5,523039
equity,INE111Q01021,2026-09-30,357,349.85,352.3,61453
equity,INE111Q01021,2026-10-01,354.95,344.1,347.55,72513
equity,INE111Q01021,2026-10-05,354.9,339.15,342.3,94396
equity,INE111Q01021,2026-10-06,349.5,341.9,347.4,33706
equity,INE597I01028,2026-09-30,986.85,953.05,956.95,37174
equity,INE597I01028,2026-10-01,977,916.65,928.8,56275
equity,INE597I01028,2026-10-05,938.6,910.3,918.6,27384
equity,INE597I01028,2026-10-06,933.05,921.85,928.55,26440
equity,INE949H01023,2026-09-30,129.4,125.28,126.86,1599762
equity,INE949H01023,2026-10-01,126.49,123.01,124.3,1251549
equity,INE949H01023,2026-10-05,126.36,122.07,123.78,1016360
equity,INE949H01023,2026-10-06,124.99,122.35,123.24,1146238
equity,INE0FHS01024,2026-09-30,789,746.95,755.95,186911
equity,INE0FHS01024,2026-10-01,762.85,720.7,749,435585
equity,INE0FHS01024,2026-10-02,749,749,749,
equity,INE0FHS01024,2026-10-05,762.9,731.4,747.05,111244
equity,INE0FHS01024,2026-10-06,765,734.2,748.95,205606
equity,INE0E7301029,2026-09-30,144.93,140.8,143.82,215953
equity,INE0E7301029,2026-10-01,146.08,138.3,139.88,172897
equity,INE0E7301029,2026-10-05,144.5,137.3,138.12,586481
equity,INE0E7301029,2026-10-06,141.26,135.7,135.98,308472
equity,INE218I01013,2026-09-30,227,224,224.7,247677
equity,INE218I01013,2026-10-01,225.95,216,216.52,540916
equity,INE218I01013,2026-10-05,224,218.69,220.23,278457
equity,INE218I01013,2026-10-06,225.56,221.65,224.88,243014
equity,INE00WV01027,2026-09-30,233.99,223.5,224.83,395630
equity,INE00WV01027,2026-10-01,225,221,223.38,459122
equity,INE00WV01027,2026-10-05,225.6,220.1,221.48,272408
equity,INE00WV01027,2026-10-06,228,220.49,226.63,243384
equity,INE616Z01012,2026-09-30,4098,3975.8,4005.3999,16391
equity,INE616Z01012,2026-10-01,4133.2998,3942,4036,22593
equity,INE616Z01012,2026-10-05,4190,4005.8999,4042.8999,23771
equity,INE616Z01012,2026-10-06,4350,4039.8999,4282.7998,33512
equity,INE841L01016,2026-09-30,683,659.75,676.9,93263
equity,INE841L01016,2026-10-01,683,646.95,663.2,137963
equity,INE841L01016,2026-10-05,679.9,632.55,636.95,203639
equity,INE841L01016,2026-10-06,654.4,635.1,651.7,113545
equity,INE782A01015,2026-09-30,1979,1851.2,1876.7,72922
equity,INE782A01015,2026-10-01,1985,1846.9,1967.2,127667
equity,INE782A01015,2026-10-05,2036.9,1973,1998.2,115592
equity,INE782A01015,2026-10-06,2020,1970.1,1976.9,35114
equity,INE301A01014,2026-09-30,1241,1185.4,1213.05,1545036
equity,INE301A01014,2026-10-01,1209.9,1167,1197.2,1191490
equity,INE301A01014,2026-10-02,1197.2,1197.2,1197.2,
equity,INE301A01014,2026-10-05,1316.9,1198,1300.7,2241963
equity,INE301A01014,2026-10-06,1339,1271.7,1294.3,1955159
equity,INE0B9K01025,2026-09-30,333.95,322,323.45,109681
equity,INE0B9K01025,2026-10-01,325.8,317,323.05,76604
equity,INE0B9K01025,2026-10-05,327.7,321,323.05,40679
equity,INE0B9K01025,2026-10-06,335.2,323.05,325.7,100324
equity,INE519N01014,2026-09-30,406.95,372.45,397.85,120023
equity,INE519N01014,2026-10-01,403.8,378,378,43916
equity,INE519N01014,2026-10-05,368,359.1,359.1,15294
equity,INE519N01014,2026-10-06,353.95,341.15,341.15,672512
equity,INE850M01015,2026-09-30,297.05,285.55,287.35,672623
equity,INE850M01015,2026-10-01,291.55,281.05,288.7,765513
equity,INE850M01015,2026-10-05,295,288.4,289.45,326239
equity,INE850M01015,2026-10-06,300,288.7,298.2,960451
equity,INE516A01017,2026-09-30,671,652,657.85,159191
equity,INE516A01017,2026-10-01,664.85,640.2,649.85,150979
equity,INE516A01017,2026-10-05,669.35,636.5,639.2,112152
equity,INE516A01017,2026-10-06,646.65,635.2,641.25,61295
equity,INE696F01016,2026-09-30,218,212.15,213.42,90330
equity,INE696F01016,2026-10-01,218.4,210.91,214.99,188659
equity,INE696F01016,2026-10-05,218.6,214.21,216,53063
equity,INE696F01016,2026-10-06,220.59,214.81,218.36,110499
equity,INE039C01032,2026-09-30,141.75,135.7,136.35,2575110
equity,INE039C01032,2026-10-01,136.4,128.41,131.66,1577845
equity,INE039C01032,2026-10-05,134.88,131.71,134.45,1040621
equity,INE039C01032,2026-10-06,145.44,134.45,144.21,6121789
equity,INE291D01011,2026-09-30,4010.8,3857.2,3886.8999,16959
equity,INE291D01011,2026-10-01,4019.8,3847.7,3911.2,36409
equity,INE291D01011,2026-10-05,4032.6001,3877,3943.3999,28095
equity,INE291D01011,2026-10-06,4073.8999,3958.8999,3999.8999,18967
equity,INE417C01014,2026-09-30,4127,3901.8,3956.5,5707
equity,INE417C01014,2026-10-01,3974,3865,3892.3,2414
equity,INE417C01014,2026-10-05,4033,3933,3984.7,3139
equity,INE417C01014,2026-10-06,4080,4010,4067.1001,1530
equity,INE576O01020,2026-09-30,182.2,176,177.36,710755
equity,INE576O01020,2026-10-01,184.48,171.07,181.39,1470337
equity,INE576O01020,2026-10-02,181.39,181.39,181.39,
equity,INE576O01020,2026-10-05,183.94,176.8,177.08,843634
equity,INE576O01020,2026-10-06,190.9,177.15,188.86,4352589
equity,INE631A01022,2026-09-30,604.8,571.6,579.9,120371
equity,INE631A01022,2026-10-01,608.85,568.6,573.65,149908
equity,INE631A01022,2026-10-05,599,572.05,591.75,58856
equity,INE631A01022,2026-10-06,606.75,586.55,602.3,50138
equity,INE459A01010,2026-09-30,3329.2,3245.1001,3300.2,308
equity,INE459A01010,2026-10-01,3327,3261,3300.5,1105
equity,INE459A01010,2026-10-02,3300.5,3300.5,3300.5,
equity,INE459A01010,2026-10-05,3342,3272.2,3296.8,558
equity,INE459A01010,2026-10-06,3439.8999,3300,3349.3,1405
equity,INE415A01038,2026-09-30,816,790.05,804.4,112338
equity,INE415A01038,2026-10-01,802.35,776.45,790.8,124574
equity,INE415A01038,2026-10-05,803.65,776.55,781.7,62423
equity,INE415A01038,2026-10-06,796.5,779.9,786.4,52157
equity,INE270I01022,2026-09-30,694,658.35,664.5,96048
equity,INE270I01022,2026-10-01,676.95,640.05,658.25,95244
equity,INE270I01022,2026-10-05,669.65,645.1,647.75,83979
equity,INE270I01022,2026-10-06,701,648,695.55,220719
equity,INE263M01029,2026-09-30,366.35,359.55,361.2,15536
equity,INE263M01029,2026-10-01,363.7,357.5,361.25,71241
equity,INE263M01029,2026-10-05,372.3,355.55,368.5,73016
equity,INE263M01029,2026-10-06,370,362.85,368.55,11367
equity,INE519A01011,2026-09-30,6640,6339.5,6462.5,22698
equity,INE519A01011,2026-10-01,6627,6301.5,6382.5,14715
equity,INE519A01011,2026-10-02,6382.5,6382.5,6382.5,
equity,INE519A01011,2026-10-05,6433,6250.5,6300.5,8268
equity,INE519A01011,2026-10-06,6463.5,6271,6440,10288
equity,INE621L01012,2026-09-30,135.4,125.75,131.73,16021545
equity,INE621L01012,2026-10-01,132.45,124.07,126.86,4419603
equity,INE621L01012,2026-10-02,126.86,126.86,126.86,
equity,INE621L01012,2026-10-05,128.99,116.51,117.18,5444925
equity,INE621L01012,2026-10-06,119.92,116.72,117.38,2058252
equity,INE127I01024,2026-09-30,531.5,503.3,508.05,291149
equity,INE127I01024,2026-10-01,504.9,475.6,499.35,720407
equity,INE127I01024,2026-10-02,499.35,499.35,499.35,
equity,INE127I01024,2026-10-05,501,478.8,482,467075
equity,INE127I01024,2026-10-06,495.2,482.75,491.3,222669
equity,INE725G01011,2026-09-30,4320,4198.2002,4232,71638
equity,INE725G01011,2026-10-01,4346.5,4205.1001,4318.2998,24641
equity,INE725G01011,2026-10-05,4340,4249,4297.5,24260
equity,INE725G01011,2026-10-06,4396.7998,4271.7002,4356.7002,20311
equity,INE335A01020,2026-09-30,225.5,220.74,221.37,298508
equity,INE335A01020,2026-10-01,229.66,212.71,220.67,1421013
equity,INE335A01020,2026-10-05,226.06,219.76,220.41,530488
equity,INE335A01020,2026-10-06,222.9,218.65,221.35,165570
equity,INE195J01029,2026-09-30,134.89,130.05,133.18,790721
equity,INE195J01029,2026-10-01,139.65,131.99,138.16,1668999
equity,INE195J01029,2026-10-05,140.23,136.45,137.03,400817
equity,INE195J01029,2026-10-06,140.2,136,138.74,583869
equity,INE0GXK01018,2026-09-30,337.95,316.6,334.8,282000
equity,INE0GXK01018,2026-10-01,335,316,325,136500
equity,INE0GXK01018,2026-10-05,325.7,316.1,321.65,102000
equity,INE236E01022,2026-09-30,381,354.15,356.9,2144133
equity,INE236E01022,2026-10-01,360,333.9,341.7,1714617
equity,INE236E01022,2026-10-02,341.7,341.7,341.7,
equity,INE236E01022,2026-10-05,347.1,331,332.55,723867
equity,INE236E01022,2026-10-06,353.8,330.1,348.2,694949
equity,INE645S01024,2026-09-30,193.99,188.25,190.09,1052365
equity,INE645S01024,2026-10-01,197.25,186.9,196.36,5245978
equity,INE645S01024,2026-10-05,199,189.1,189.77,2142313
equity,INE645S01024,2026-10-06,191.56,185.6,188.18,2424654
equity,INE1KZI01025,2026-09-30,537.95,523,526.75,700380
equity,INE1KZI01025,2026-10-01,527.95,500,505.25,1399930
equity,INE1KZI01025,2026-10-02,505.25,505.25,505.25,
equity,INE1KZI01025,2026-10-05,519.2,486,493.95,1503141
equity,INE1KZI01025,2026-10-06,520,486.15,515.5,1536390
equity,INE024F01011,2026-09-30,4105.6001,4036.3999,4084,9905
equity,INE024F01011,2026-10-01,4100,3985.2,4033,12506
equity,INE024F01011,2026-10-02,4033,4033,4033,
equity,INE024F01011,2026-10-05,4078.3,3969,4032.8999,13865
equity,INE024F01011,2026-10-06,4105,4015.8999,4094.2,10823
equity,INE287B01021,2026-09-30,710.45,693,699.35,18044
equity,INE287B01021,2026-10-01,699,677.05,684.9,33612
equity,INE287B01021,2026-10-05,697.5,672.9,675.85,34316
equity,INE287B01021,2026-10-06,686.4,672,682.95,31223
equity,INE877F01012,2026-09-30,156.39,154.7,155.56,1233686
equity,INE877F01012,2026-10-01,155.44,153.14,154.79,1221503
equity,INE877F01012,2026-10-02,154.79,154.79,154.79,
equity,INE877F01012,2026-10-05,157.9,155,157.52,3047215
equity,INE877F01012,2026-10-06,158.7,156.1,157.14,3434557
equity,INE501X01029,2026-09-30,161.29,155,155.89,864881
equity,INE501X01029,2026-10-01,164.48,152.5,163.29,1485970
equity,INE501X01029,2026-10-05,167.5,159,162.75,898907
equity,INE501X01029,2026-10-06,166.78,162.57,165.56,319868
equity,INE497B01018,2026-09-30,1739.7,1609.7,1641.6,71134
equity,INE497B01018,2026-10-01,1652.5,1559.2,1594.7,102750
equity,INE497B01018,2026-10-05,1611.9,1552.4,1577.9,48124
equity,INE497B01018,2026-10-06,1604.2,1554,1584.9,54516
equity,INE435G01025,2026-09-30,940.75,925.1,928.35,21838
equity,INE435G01025,2026-10-01,940,908.4,935.05,35421
equity,INE435G01025,2026-10-02,935.05,935.05,935.05,
equity,INE435G01025,2026-10-05,938.2,899.5,907.4,19452
equity,INE435G01025,2026-10-06,921.05,895.75,909.55,40985
equity,INE224A01026,2026-09-30,240.4,227.3,230.28,2034376
equity,INE224A01026,2026-10-01,229.99,220.2,225.98,1763832
equity,INE224A01026,2026-10-05,228.6,218.79,220.94,1324571
equity,INE224A01026,2026-10-06,226.5,220.11,222.78,1016964
equity,INE943D01017,2026-09-30,2796,2622.1001,2699,44086
equity,INE943D01017,2026-10-01,2714.3,2570,2628.3999,17856
equity,INE943D01017,2026-10-05,2675.8999,2600.8,2637.3999,7943
equity,INE943D01017,2026-10-06,2729.8999,2628.1001,2681.2,9345
equity,INE618R01015,2026-09-30,613.2,593.2,604.35,293138
equity,INE618R01015,2026-10-01,635,600.85,631.85,1112628
equity,INE618R01015,2026-10-02,631.85,631.85,631.85,
equity,INE618R01015,2026-10-05,697,647.6,677.95,3245313
equity,INE618R01015,2026-10-06,687,655.25,662.15,371536
equity,INE365B01017,2026-09-30,837,802.15,805.55,146286
equity,INE365B01017,2026-10-01,806,777.7,790.3,67919
equity,INE365B01017,2026-10-05,799,766.05,769.75,61398
equity,INE365B01017,2026-10-06,776.65,765,771.2,46833
equity,INE105J01010,2026-09-30,3112.8,2986,3037.1001,46586
equity,INE105J01010,2026-10-01,3037.1001,2874.8999,2930.7,36208
equity,INE105J01010,2026-10-05,2983.5,2832.6001,2896.3999,23013
equity,INE105J01010,2026-10-06,2987.8999,2899.6001,2933.2,14223
equity,INE742B01025,2026-09-30,452,429,432,150453
equity,INE742B01025,2026-10-01,428.8,400,418.4,218739
equity,INE742B01025,2026-10-05,425.2,410.55,419.7,73779
equity,INE742B01025,2026-10-06,432.4,414.8,427.8,68070
equity,INE054A01027,2026-09-30,297,289.05,290.95,167259
equity,INE054A01027,2026-10-01,290.2,277.85,280.75,382593
equity,INE054A01027,2026-10-05,288.75,279,284.3,190807
equity,INE054A01027,2026-10-06,289,282,288.1,108680
equity,INE979B01015,2026-09-30,8050.5,7828.5,8007.5,1137
equity,INE979B01015,2026-10-01,8061,7890,8026,955
equity,INE979B01015,2026-10-05,8120,7905.5,7977,1141
equity,INE979B01015,2026-10-06,8099,7961.5,8009.5,831
equity,INE805D01034,2026-09-30,284,276,277.4,67009
equity,INE805D01034,2026-10-01,281.6,270.8,279.45,137778
equity,INE805D01034,2026-10-05,282.25,276.6,278.15,85315
equity,INE805D01034,2026-10-06,281.65,278.15,279.6,57716
equity,INE870H01013,2026-09-30,26.52,25.75,25.87,2299453
equity,INE870H01013,2026-10-01,25.98,25.02,25.43,3188680
equity,INE870H01013,2026-10-02,25.43,25.43,25.43,
equity,INE870H01013,2026-10-05,26.02,25.3,25.44,2117185
equity,INE870H01013,2026-10-06,26.41,25.5,26.22,2445037
equity,INE878A01011,2026-09-30,718,673.8,678.4,263834
equity,INE878A01011,2026-10-01,693,652.6,679.5,212804
equity,INE878A01011,2026-10-05,713,690,704.35,239782
equity,INE878A01011,2026-10-06,739,700,734.85,421975
equity,INE00M201021,2026-09-30,177.6,170.1,171.18,1116546
equity,INE00M201021,2026-10-01,170.61,163.02,164.82,1363945
equity,INE00M201021,2026-10-02,164.82,164.82,164.82,
equity,INE00M201021,2026-10-05,167.44,163,163.72,914130
equity,INE00M201021,2026-10-06,173.69,164.2,172.54,1334017
equity,INE01QM01018,2026-09-30,637.6,592.1,596.5,713583
equity,INE01QM01018,2026-10-01,603.35,566,580,702179
equity,INE01QM01018,2026-10-02,580,580,580,
equity,INE01QM01018,2026-10-05,615.8,583.55,599,637155
equity,INE01QM01018,2026-10-06,610,593,607.9,267269
equity,INE0OJW01016,2026-09-30,1525,1455.2,1503.2,253108
equity,INE0OJW01016,2026-10-01,1536.8,1467.2,1522.3,247467
equity,INE0OJW01016,2026-10-05,1624.9,1508.7,1607.2,314638
equity,INE0OJW01016,2026-10-06,1699,1586.4,1612.1,506904
equity,INE349A01021,2026-09-30,555,527.55,534.05,557714
equity,INE349A01021,2026-10-01,552,512.45,542.6,677742
equity,INE349A01021,2026-10-05,556.85,533.55,535.7,406034
equity,INE349A01021,2026-10-06,543.3,533.55,536.95,201488
equity,INE765D01022,2026-09-30,447,428,438.85,95293
equity,INE765D01022,2026-10-01,440,421.1,430.65,28634
equity,INE765D01022,2026-10-05,449,433,447.2,157162
equity,INE765D01022,2026-10-06,452,441.05,444.15,42287
equity,INE277A01016,2026-09-30,3583.6001,3501,3546.2,4835
equity,INE277A01016,2026-10-01,3588.8,3507.3,3542.7,11335
equity,INE277A01016,2026-10-05,3573.3,3510,3532.2,8535
equity,INE277A01016,2026-10-06,3549.8999,3511,3537.8,9212
equity,INE976A01021,2026-09-30,749,700.3,736.6,270128
equity,INE976A01021,2026-10-01,744.5,702.95,727.65,145287
equity,INE976A01021,2026-10-05,739.9,710.2,717.75,205992
equity,INE976A01021,2026-10-06,763.05,721,753.05,254433
equity,INE0OXY01013,2026-09-30,1517,1455.15,1510.95,85800
equity,INE0OXY01013,2026-10-01,1535,1440,1481.3,60720
equity,INE0OXY01013,2026-10-05,1538,1460,1471,57960
equity,INE0OXY01013,2026-10-06,1536,1450,1501.4,99120
equity,INE0OC301013,2026-09-30,82,75.6,76.44,2617903
equity,INE0OC301013,2026-10-01,76.4,69.25,69.79,2761679
equity,INE0OC301013,2026-10-05,71.49,65.85,68.04,3623714
equity,INE0OC301013,2026-10-06,71,67.52,68.91,2824187
equity,INE715A01015,2026-09-30,2255.8,2177.5,2221,134353
equity,INE715A01015,2026-10-01,2274,2104.1001,2241.3,183997
equity,INE715A01015,2026-10-05,2266.6001,2150.2,2206.6001,78184
equity,INE715A01015,2026-10-06,2341,2211.1001,2289,120834
equity,INE498B01024,2026-09-30,426,410,415,26629
equity,INE498B01024,2026-10-01,414.5,384.3,404.7,137363
equity,INE498B01024,2026-10-05,407.35,395.2,395.5,40206
equity,INE498B01024,2026-10-06,405,390.05,398.15,17401
equity,INE945F01025,2026-09-30,208,198.06,200.76,933680
equity,INE945F01025,2026-10-01,200.5,188.4,195.69,1727638
equity,INE945F01025,2026-10-02,195.69,195.69,195.69,
equity,INE945F01025,2026-10-05,197.85,187.78,188.57,1071051
equity,INE945F01025,2026-10-06,199.9,187.11,199.16,975493
equity,INE835D01023,2026-09-30,1189,1136.9,1147.2,33683
equity,INE835D01023,2026-10-01,1165.9,1102.5,1123.8,50921
equity,INE835D01023,2026-10-05,1166.1,1097.6,1109.4,51104
equity,INE835D01023,2026-10-06,1157,1088.4,1146.8,46746
equity,INE998I01010,2026-09-30,197.07,192.85,194.25,48568
equity,INE998I01010,2026-10-01,199.49,192,194.85,153366
equity,INE998I01010,2026-10-05,198,192.56,194.81,46600
equity,INE998I01010,2026-10-06,197.25,194.31,196.71,41105
equity,INE896L01010,2026-09-30,215.7,209.05,213.54,106921
equity,INE896L01010,2026-10-01,214.68,199.84,206.35,113755
equity,INE896L01010,2026-10-05,210.05,202.56,204.33,45587
equity,INE896L01010,2026-10-06,207.9,197.58,199.55,161011
equity,INE17IR01028,2026-09-30,277,262.25,263.85,490611
equity,INE17IR01028,2026-10-01,265.1,254.15,262.75,1298164
equity,INE17IR01028,2026-10-05,270,258,267.75,523993
equity,INE17IR01028,2026-10-06,279.95,265.85,278.8,680382
equity,INE935B01025,2026-09-30,205.49,199.04,201.25,1416715
equity,INE935B01025,2026-10-01,202.43,194.08,198.03,1364614
equity,INE935B01025,2026-10-02,198.03,198.03,198.03,
equity,INE935B01025,2026-10-05,201.85,194.81,195.84,799333
equity,INE935B01025,2026-10-06,199.49,190.78,197.7,1093875
equity,INE0JUS01029,2026-09-30,474,460.8,470.3,95299
equity,INE0JUS01029,2026-10-01,484.8,454.7,474.5,401993
equity,INE0JUS01029,2026-10-05,476.6,460.15,462.3,141186
equity,INE0JUS01029,2026-10-06,468.9,460.25,464.65,78340
equity,INE688D01026,2026-09-30,176.59,163.35,165.38,390374
equity,INE688D01026,2026-10-01,166.39,157.55,162.59,272136
equity,INE688D01026,2026-10-05,163.21,157.45,158.17,150939
equity,INE688D01026,2026-10-06,163,154.65,156.31,1662148
equity,INE06ST01018,2026-09-30,199.48,192.66,196.38,19857
equity,INE06ST01018,2026-10-01,200,191.15,197.49,25992
equity,INE06ST01018,2026-10-05,200,193.81,197.4,101074
equity,INE06ST01018,2026-10-06,199.58,195.51,197.32,13399
equity,INE005B01027,2026-09-30,156.5,149,154.06,1744909
equity,INE005B01027,2026-10-01,153.01,147.6,150.28,1236855
equity,INE005B01027,2026-10-02,150.28,150.28,150.28,
equity,INE005B01027,2026-10-05,152.59,147,147.59,892887
equity,INE005B01027,2026-10-06,152,148.1,151.08,691196
equity,INE907A01026,2026-09-30,989.6,957.25,965.4,76255
equity,INE907A01026,2026-10-01,965.6,890.1,913,248373
equity,INE907A01026,2026-10-05,932.85,910.05,921.3,52793
equity,INE907A01026,2026-10-06,949,923,942.8,65979
equity,INE450D01021,2026-09-30,1154.8,1131.3,1139.5,35903
equity,INE450D01021,2026-10-01,1139.4,1092.2,1123.8,63727
equity,INE450D01021,2026-10-05,1143.1,1117.6,1127.3,44959
equity,INE450D01021,2026-10-06,1160.4,1117,1122,62299
equity,INE613A01020,2026-09-30,200.86,198.05,199.73,503038
equity,INE613A01020,2026-10-01,200.3,197.41,199.69,606641
equity,INE613A01020,2026-10-02,199.69,199.69,199.69,
equity,INE613A01020,2026-10-05,200.88,197,197.16,299393
equity,INE613A01020,2026-10-06,200.93,197,200.3,352403
equity,INE515A01019,2026-09-30,8029,7840.5,7966.5,3420
equity,INE515A01019,2026-10-01,8080,7748.5,7989,3473
equity,INE515A01019,2026-10-02,7989,7989,7989,
equity,INE515A01019,2026-10-05,8026.5,7826,7868.5,1721
equity,INE515A01019,2026-10-06,8004,7834,7978.5,2566
equity,INE02ID01020,2026-09-30,669.25,638.2,642.05,195234
equity,INE02ID01020,2026-10-01,640.8,615,627.7,198109
equity,INE02ID01020,2026-10-02,627.7,627.7,627.7,
equity,INE02ID01020,2026-10-05,640,621.85,628.85,185665
equity,INE02ID01020,2026-10-06,658.8,630.05,649.85,281443
equity,INE234A01025,2026-09-30,2030.7,1910,1919,24059
equity,INE234A01025,2026-10-01,1986.3,1900,1965,40666
equity,INE234A01025,2026-10-02,1965,1965,1965,
equity,INE234A01025,2026-10-05,2161.5,1955,1967.8,192487
equity,INE234A01025,2026-10-06,2076.2,1936.8,2051.2,50934
equity,INE111B01023,2026-09-30,839,807.65,811.05,138349
equity,INE111B01023,2026-10-01,825,787,802.25,207253
equity,INE111B01023,2026-10-05,821,785,789.75,141052
equity,INE111B01023,2026-10-06,796,786.05,792.95,86173
equity,INE766P01016,2026-09-30,439.75,423.25,435.85,367227
equity,INE766P01016,2026-10-01,433,410.2,416.4,243388
equity,INE766P01016,2026-10-05,419.4,405.25,406.75,140897
equity,INE766P01016,2026-10-06,417.25,403.5,415.05,89588
equity,INE539A01019,2026-09-30,411.2,404.3,405.5,106362
equity,INE539A01019,2026-10-01,406.8,396,401.75,126656
equity,INE539A01019,2026-10-02,401.75,401.75,401.75,
equity,INE539A01019,2026-10-05,409.75,399.1,402,68956
equity,INE539A01019,2026-10-06,415,400,408.85,104349
equity,INE758C01029,2026-09-30,563.7,542.8,550.05,77719
equity,INE758C01029,2026-10-01,559,540.55,555.9,78249
equity,INE758C01029,2026-10-05,579,550.7,569.8,135950
equity,INE758C01029,2026-10-06,578,563.25,576.05,23249
equity,INE421C01016,2026-09-30,4520,4402.5,4437.5,4983
equity,INE421C01016,2026-10-01,4461.8999,4255,4349.2998,5576
equity,INE421C01016,2026-10-05,4430.7002,4256,4277.2998,3583
equity,INE421C01016,2026-10-06,4428.7998,4308,4390.1001,3855
equity,INE225D01027,2026-09-30,590,576.1,582.45,18960
equity,INE225D01027,2026-10-01,583,565.2,571.7,41980
equity,INE225D01027,2026-10-05,579.85,557,559.45,58122
equity,INE225D01027,2026-10-06,568,555,556.95,55548
equity,INE399K01017,2026-09-30,6.98,6.8,6.89,10508623
equity,INE399K01017,2026-10-01,6.83,6.66,6.74,13429275
equity,INE399K01017,2026-10-02,6.74,6.74,6.74,
equity,INE399K01017,2026-10-05,6.83,6.69,6.73,10445792
equity,INE399K01017,2026-10-06,6.83,6.71,6.75,6907669
equity,INE244O01017,2026-09-30,859,829.55,836,63990
equity,INE244O01017,2026-10-01,834.9,801.7,819.3,141001
equity,INE244O01017,2026-10-05,847.1,812.25,826.05,84284
equity,INE244O01017,2026-10-06,844,815,824.7,101784
equity,INE731F01037,2026-09-30,56.75,53.08,53.98,999336
equity,INE731F01037,2026-10-01,54.18,51.5,52.58,821620
equity,INE731F01037,2026-10-05,53.4,52.02,52.5,332103
equity,INE731F01037,2026-10-06,53.87,51.69,51.99,570123
equity,INE767A01016,2026-09-30,439,429.6,430.9,145119
equity,INE767A01016,2026-10-01,431.05,414.3,421,171972
equity,INE767A01016,2026-10-05,425.35,413.6,415,123549
equity,INE767A01016,2026-10-06,430.25,414.1,428.8,132800
equity,INE0GK401011,2026-09-30,1825,1776.1,1784.2,55095
equity,INE0GK401011,2026-10-01,1795,1682.9,1743.2,64302
equity,INE0GK401011,2026-10-02,1743.2,1743.2,1743.2,
equity,INE0GK401011,2026-10-05,1814,1740,1799,54250
equity,INE0GK401011,2026-10-06,1900,1794.3,1877.4,131923
equity,INE358U01012,2026-09-30,1331.7,1276,1294.7,44545
equity,INE358U01012,2026-10-01,1334.5,1249.6,1267.8,225359
equity,INE358U01012,2026-10-02,1267.8,1267.8,1267.8,
equity,INE358U01012,2026-10-05,1313.9,1247.4,1297.4,58725
equity,INE358U01012,2026-10-06,1305,1275,1278.6,20066
equity,INE250A01039,2026-09-30,3659.7,3545.2,3570.7,4008
equity,INE250A01039,2026-10-01,3581.1001,3460,3471.3999,5877
equity,INE250A01039,2026-10-05,3575,3434,3467,6729
equity,INE250A01039,2026-10-06,3600.5,3471,3542.5,8922
equity,INE094I01018,2026-09-30,431.9,423.75,424.85,34307
equity,INE094I01018,2026-10-01,426.1,413.35,418.8,65771
equity,INE094I01018,2026-10-02,418.8,418.8,418.8,
equity,INE094I01018,2026-10-05,432,413.45,430.45,49735
equity,INE094I01018,2026-10-06,437.2,427.15,433.55,55224
equity,INE295D01020,2026-09-30,136.99,132.1,132.86,449680
equity,INE295D01020,2026-10-01,134,126.51,130.41,525450
equity,INE295D01020,2026-10-02,130.41,130.41,130.41,
equity,INE295D01020,2026-10-05,132.41,128.4,130.29,220568
equity,INE295D01020,2026-10-06,137.4,130.96,136.63,375841
equity,INE0ILV01024,2026-09-30,574,553.15,560.45,69748
equity,INE0ILV01024,2026-10-01,571.7,522.55,554.7,351706
equity,INE0ILV01024,2026-10-05,564.7,538,546.1,108170
equity,INE0ILV01024,2026-10-06,597.35,542.1,587.2,290134
equity,INE325D01025,2026-09-30,23.27,22.7,22.89,154892
equity,INE325D01025,2026-10-01,22.94,21.93,22.23,247880
equity,INE325D01025,2026-10-05,22.82,21.82,22.13,361160
equity,INE325D01025,2026-10-06,22.93,21.56,22,4527295
equity,INE925R01014,2026-09-30,231.99,220.99,221.45,632685
equity,INE925R01014,2026-10-01,222.79,215.12,220.69,1010975
equity,INE925R01014,2026-10-02,220.69,220.69,220.69,
equity,INE925R01014,2026-10-05,222,217.16,218.98,696321
equity,INE925R01014,2026-10-06,221.59,218.28,220.35,335302
equity,INE332H01014,2026-09-30,3275,3161.2,3188.2,8311
equity,INE332H01014,2026-10-01,3347.6001,3141,3347.6001,50433
equity,INE332H01014,2026-10-05,3473.3,3251.1001,3275.3999,24448
equity,INE332H01014,2026-10-06,3400,3275.3999,3352.8,22557
equity,INE270A01029,2026-09-30,7.24,7.07,7.09,12343099
equity,INE270A01029,2026-10-01,7.17,6.92,7.06,15212425
equity,INE270A01029,2026-10-05,7.24,7.04,7.12,9915737
equity,INE270A01029,2026-10-06,7.83,7.09,7.83,36664561
equity,INE056I01025,2026-09-30,279.75,264,265.25,312704
equity,INE056I01025,2026-10-01,273,262.55,271.3,342794
equity,INE056I01025,2026-10-02,271.3,271.3,271.3,
equity,INE056I01025,2026-10-05,275.95,267.05,271.3,451891
equity,INE056I01025,2026-10-06,271.85,263.1,265.15,301439
equity,INE351A01035,2026-09-30,579.2,542.1,545.5,217861
equity,INE351A01035,2026-10-01,548.9,523.05,535.05,102131
equity,INE351A01035,2026-10-05,545,512,531.45,116755
equity,INE351A01035,2026-10-06,556.2,531.25,548.1,60120
equity,INE349Y01013,2026-09-30,744.8,717.5,730.95,237947
equity,INE349Y01013,2026-10-01,767.45,724.4,735,409863
equity,INE349Y01013,2026-10-05,733.5,698.25,701.65,334860
equity,INE349Y01013,2026-10-06,728,695.85,723.4,229121
equity,INE758D01027,2026-09-30,5.88,5.33,5.51,37464
equity,INE758D01027,2026-10-01,5.76,5.24,5.66,60214
equity,INE758D01027,2026-10-05,5.88,5.38,5.38,23261
equity,INE758D01027,2026-10-06,5.58,5.12,5.43,46923
equity,INE052V01019,2026-09-30,1127,1059,1068.15,58941
equity,INE052V01019,2026-10-01,1068.15,1014.75,1015.75,97610
equity,INE052V01019,2026-10-05,1049.6,980,1034.15,47385
equity,INE052V01019,2026-10-06,1054.95,1014.05,1050.9,31254
equity,INE0JPD01013,2026-09-30,527.75,505,508.15,99234
equity,INE0JPD01013,2026-10-01,513.2,488.8,504.35,80531
equity,INE0JPD01013,2026-10-05,532.3,506.5,528.35,103861
equity,INE0JPD01013,2026-10-06,532.3,522.25,525.65,45492
equity,INE834M01019,2026-09-30,27.58,25.45,26.06,5394562
equity,INE834M01019,2026-10-01,26,25,25.32,1283688
equity,INE834M01019,2026-10-05,25.8,25.1,25.46,840323
equity,INE834M01019,2026-10-06,26.24,25.5,26.13,976705
equity,INE0XAD01024,2026-09-30,919,878,895,74483
equity,INE0XAD01024,2026-10-01,930,860,904.15,35185
equity,INE0XAD01024,2026-10-05,942.65,908.7,914.75,102439
equity,INE0XAD01024,2026-10-06,1006.2,919.3,1006.2,61913
equity,INE455I01029,2026-09-30,752.8,720,725.65,229047
equity,INE455I01029,2026-10-01,739.4,703.35,715.1,156961
equity,INE455I01029,2026-10-02,715.1,715.1,715.1,
equity,INE455I01029,2026-10-05,726,698,701.55,106240
equity,INE455I01029,2026-10-06,723.55,702.05,717.45,170806
equity,INE142Z01019,2026-09-30,159.46,156.6,158.11,128698
equity,INE142Z01019,2026-10-01,159,152.07,154.46,187771
equity,INE142Z01019,2026-10-05,160.99,151.65,157.71,258174
equity,INE142Z01019,2026-10-06,162.78,156.5,160.7,144227
equity,INE193E01025,2026-09-30,315,302.15,303.4,155806
equity,INE193E01025,2026-10-01,306.15,296,299.8,107359
equity,INE193E01025,2026-10-05,305.2,297.4,299.25,92225
equity,INE193E01025,2026-10-06,305.25,298.75,300.25,104900
equity,INE132H01018,2026-09-30,645,620,622.1,128401
equity,INE132H01018,2026-10-01,629,593.35,607.8,181004
equity,INE132H01018,2026-10-05,640,595,598.5,353216
equity,INE132H01018,2026-10-06,625,602,616.05,172773
equity,INE461C01038,2026-09-30,303.9,280.7,299.95,859868
equity,INE461C01038,2026-10-01,304.75,295.85,303.7,393933
equity,INE461C01038,2026-10-05,314,303.3,308.45,209748
equity,INE461C01038,2026-10-06,316.9,305.1,315.3,196749
equity,INE989A01032,2026-09-30,471.9,452.4,455.2,204771
equity,INE989A01032,2026-10-01,456.95,414.9,429.5,698178
equity,INE989A01032,2026-10-05,443,405.1,409.9,665789
equity,INE989A01032,2026-10-06,432.95,410,419.5,481933
equity,INE12NJ01018,2026-09-30,167.31,160.11,164.9,5951525
equity,INE12NJ01018,2026-10-01,165.79,155.85,161.45,3619878
equity,INE12NJ01018,2026-10-02,161.45,161.45,161.45,
equity,INE12NJ01018,2026-10-05,171.7,162.41,164.66,5203406
equity,INE12NJ01018,2026-10-06,167,161.36,162.19,1572739
equity,INE753U01022,2026-09-30,1283.1,1166.3,1181.8,161440
equity,INE753U01022,2026-10-01,1184.9,1112.5,1136.4,129545
equity,INE753U01022,2026-10-05,1149.8,1106.4,1120.2,79216
equity,INE753U01022,2026-10-06,1143,1100,1119.2,71939
equity,INE278H01035,2026-09-30,599.95,583,585.9,133185
equity,INE278H01035,2026-10-01,591.15,550,563.85,194894
equity,INE278H01035,2026-10-02,563.85,563.85,563.85,
equity,INE278H01035,2026-10-05,572.75,552,555.3,100180
equity,INE278H01035,2026-10-06,563.75,553.25,558.1,78144
equity,INE0EK901012,2026-09-30,128.29,125.26,125.96,140774
equity,INE0EK901012,2026-10-01,127.21,123.65,125.58,360964
equity,INE0EK901012,2026-10-05,126.99,122.4,122.84,267733
equity,INE0EK901012,2026-10-06,124.56,122.36,124.1,180539
equity,INE633B01018,2026-09-30,1117.5,1050,1055,38586
equity,INE633B01018,2026-10-01,1070.3,1010,1028,41338
equity,INE633B01018,2026-10-05,1041.1,1015,1020.5,28871
equity,INE633B01018,2026-10-06,1057,999,1034.3,109882
equity,INE822C01015,2026-09-30,4179.2002,4050,4102.6001,5095
equity,INE822C01015,2026-10-01,4090,3856,3927.1001,3730
equity,INE822C01015,2026-10-05,4090,3890.1001,3933.6001,3139
equity,INE822C01015,2026-10-06,4023.1001,3890.2,4007.8999,2681
equity,INE01EO01010,2026-09-30,3879.8,3650.1001,3846.1001,13516
equity,INE01EO01010,2026-10-01,3980,3656,3853.3999,8519
equity,INE01EO01010,2026-10-05,3958.5,3660.8,3839.1001,7191
equity,INE01EO01010,2026-10-06,3939.6001,3661,3915.8999,19949
equity,INE932X01026,2026-09-30,208.9,202.5,205.01,703869
equity,INE932X01026,2026-10-01,209.31,199.12,205.09,1139127
equity,INE932X01026,2026-10-05,219,204.51,206.06,2810914
equity,INE932X01026,2026-10-06,212,207,211.4,880461
equity,INE576I01022,2026-09-30,471,452,463.3,98451
equity,INE576I01022,2026-10-01,465.75,442,461.85,85893
equity,INE576I01022,2026-10-05,465.9,450.3,453.7,44272
equity,INE576I01022,2026-10-06,455.3,445.15,448.3,52805
equity,INE567L01025,2026-09-30,83.95,80.69,80.85,1386386
equity,INE567L01025,2026-10-01,80.3,76.81,79.43,1746965
equity,INE567L01025,2026-10-05,82.74,80,81.47,1766805
equity,INE567L01025,2026-10-06,84.5,81.87,84.36,1619209
equity,INE884A01027,2026-09-30,209.38,203.25,204.32,184844
equity,INE884A01027,2026-10-01,205.78,196.88,203.53,254791
equity,INE884A01027,2026-10-02,203.53,203.53,203.53,
equity,INE884A01027,2026-10-05,208.99,198.15,199.43,211892
equity,INE884A01027,2026-10-06,204.2,199.42,202.43,108902
equity,INE0MWH01014,2026-09-30,472.5,447.05,468.65,396825
equity,INE0MWH01014,2026-10-01,469.9,439.8,444.3,290950
equity,INE0MWH01014,2026-10-05,457.15,436.95,442.3,100918
equity,INE0MWH01014,2026-10-06,452.1,441.2,444.35,130699
equity,INE063E01061,2026-09-30,466.65,450,452.65,373694
equity,INE063E01061,2026-10-01,456.6,432.65,437,333775
equity,INE063E01061,2026-10-05,448.95,437,439.55,208064
equity,INE063E01061,2026-10-06,449.35,442.35,447.25,117171
equity,INE415I01015,2026-09-30,553.3,540,541.3,396704
equity,INE415I01015,2026-10-01,553.8,532.5,544.6,555859
equity,INE415I01015,2026-10-02,544.6,544.6,544.6,
equity,INE415I01015,2026-10-05,557.95,542,542.4,364409
equity,INE415I01015,2026-10-06,567.7,544,564.1,712386
equity,INE578A01017,2026-09-30,133.59,130.5,132.6,115695
equity,INE578A01017,2026-10-01,132.8,128.45,130.57,133605
equity,INE578A01017,2026-10-02,130.57,130.57,130.57,
equity,INE578A01017,2026-10-05,131.98,128.79,130.11,86609
equity,INE578A01017,2026-10-06,130.95,127.41,127.78,275926
equity,INE764D01017,2026-09-30,4421.1001,4311.2998,4390,7416
equity,INE764D01017,2026-10-01,4630,4260,4339.7998,47446
equity,INE764D01017,2026-10-02,4339.7998,4339.7998,4339.7998,
equity,INE764D01017,2026-10-05,4379.6001,4175.7002,4235.1001,10200
equity,INE764D01017,2026-10-06,4455,4205,4426.2998,12791
equity,INE0S3G01027,2026-09-30,164.58,159.2,159.98,350071
equity,INE0S3G01027,2026-10-01,177.9,162.88,167.35,22773380
equity,INE0S3G01027,2026-10-02,167.35,167.35,167.35,
equity,INE0S3G01027,2026-10-05,169.86,162.26,164.04,915203
equity,INE0S3G01027,2026-10-06,171,164.26,166.28,901296
equity,INE365D01021,2026-09-30,397.95,382.95,386,34947
equity,INE365D01021,2026-10-01,387.15,374.65,383.95,37988
equity,INE365D01021,2026-10-05,390,381.4,383.6,22654
equity,INE365D01021,2026-10-06,385.85,376.95,382.95,29815
equity,INE0AJG01018,2026-09-30,117.09,113.63,114.07,198593
equity,INE0AJG01018,2026-10-01,114.07,109.81,111.5,750373
equity,INE0AJG01018,2026-10-05,113.25,110.21,111.53,255376
equity,INE0AJG01018,2026-10-06,113.88,111.5,113.53,195740
equity,INE391J01032,2026-09-30,91.11,87.8,88.28,1732287
equity,INE391J01032,2026-10-01,88.4,83.27,86.23,2529585
equity,INE391J01032,2026-10-02,86.23,86.23,86.23,
equity,INE391J01032,2026-10-05,88.43,84.56,84.98,1489386
equity,INE391J01032,2026-10-06,86.54,83.57,84.53,3604954
equity,INE189B01011,2026-09-30,2044.6,1993.4,2015.5,21522
equity,INE189B01011,2026-10-01,2072,1950.3,2055,55786
equity,INE189B01011,2026-10-05,2066.1001,1996.1,2015,40911
equity,INE189B01011,2026-10-06,2066.3,2004,2042.9,17806
equity,INE229H01012,2026-09-30,615.95,595.7,598.3,46740
equity,INE229H01012,2026-10-01,598,579,594.6,128807
equity,INE229H01012,2026-10-05,612.5,595.3,604.75,83708
equity,INE229H01012,2026-10-06,621,602.95,616.35,63382
equity,INE0FFK01017,2026-09-30,1800,1641,1764.8,117252
equity,INE0FFK01017,2026-10-01,1789,1694.2,1766.5,65044
equity,INE0FFK01017,2026-10-05,1850,1761.6,1833.5,70247
equity,INE0FFK01017,2026-10-06,1865.9,1800,1835.5,67123
equity,INE050H01012,2026-09-30,1405,1348.5,1351.9,51913
equity,INE050H01012,2026-10-01,1396.1,1304.2,1343.2,58263
equity,INE050H01012,2026-10-05,1384.9,1348.9,1372.2,36714
equity,INE050H01012,2026-10-06,1437.3,1372,1394.4,99853
equity,INE294Z01018,2026-09-30,1635,1590.1,1596.3,11751
equity,INE294Z01018,2026-10-01,1593.4,1535,1566.7,26234
equity,INE294Z01018,2026-10-05,1574.9,1523,1539,21490
equity,INE294Z01018,2026-10-06,1585,1536.1,1575.9,18047
equity,INE863B01029,2026-09-30,685.7,676,684.1,494973
equity,INE863B01029,2026-10-01,685.95,676.1,682.05,165290
equity,INE863B01029,2026-10-05,688.95,682.05,685.05,155880
equity,INE863B01029,2026-10-06,687.35,683.4,685.1,270918
equity,INE495A01022,2026-09-30,424.9,405.65,408.8,130282
equity,INE495A01022,2026-10-01,409.65,391.4,396.7,146859
equity,INE495A01022,2026-10-05,435.95,400.3,430.15,1092162
equity,INE495A01022,2026-10-06,466.95,436,453,805917
equity,INE978A01027,2026-09-30,407.3,398.15,402,179464
equity,INE978A01027,2026-10-01,415.6,394.15,402.9,324704
equity,INE978A01027,2026-10-02,402.9,402.9,402.9,
equity,INE978A01027,2026-10-05,407,389.75,394.75,217577
equity,INE978A01027,2026-10-06,408.4,392,406.1,271534
equity,INE710A01016,2026-09-30,204.4,202.4,203.16,81303
equity,INE710A01016,2026-10-01,204.17,200.1,201.14,142755
equity,INE710A01016,2026-10-05,204.5,200.1,200.92,101204
equity,INE710A01016,2026-10-06,203.35,201,202.64,100176
equity,INE150G01020,2026-09-30,1134.5,1101,1107,11916
equity,INE150G01020,2026-10-01,1103.9,1070.2,1092,16586
equity,INE150G01020,2026-10-02,1092,1092,1092,
equity,INE150G01020,2026-10-05,1220,1092,1183.9,58898
equity,INE150G01020,2026-10-06,1195,1165,1177,25557
equity,INE1SY401010,2026-09-30,684.9,666.6,669.95,620734
equity,INE1SY401010,2026-10-01,667.95,633.6,648.45,853435
equity,INE1SY401010,2026-10-02,648.45,648.45,648.45,
equity,INE1SY401010,2026-10-05,696.7,655.35,691.85,2022158
equity,INE1SY401010,2026-10-06,737.9,681.05,707.8,2765807
equity,INE050M01012,2026-09-30,414,395,401.05,104397
equity,INE050M01012,2026-10-01,402.4,375.35,383.3,164787
equity,INE050M01012,2026-10-05,388.35,375.85,386.1,140448
equity,INE050M01012,2026-10-06,393.4,385,389.75,43981
equity,INE634I01029,2026-09-30,120.6,118.08,118.58,458300
equity,INE634I01029,2026-10-01,117.78,112.5,113.29,1901783
equity,INE634I01029,2026-10-02,113.29,113.29,113.29,
equity,INE634I01029,2026-10-05,116.16,111.16,111.89,801628
equity,INE634I01029,2026-10-06,116.41,111.96,115.65,1451959
equity,INE046W01019,2026-09-30,181.78,177.58,178.4,99224
equity,INE046W01019,2026-10-01,178.01,171.57,174.09,202480
equity,INE046W01019,2026-10-05,183.49,174.52,176.38,141785
equity,INE046W01019,2026-10-06,179.19,173.12,176.76,193467
equity,INE0LLY01014,2026-09-30,195.66,188,189.62,435975
equity,INE0LLY01014,2026-10-01,192,182.95,184,775964
equity,INE0LLY01014,2026-10-02,184,184,184,
equity,INE0LLY01014,2026-10-05,187.99,178.5,180.61,729200
equity,INE0LLY01014,2026-10-06,186.4,182.38,185.54,1234338
equity,INE950I01011,2026-09-30,181.6,174.01,175.38,195863
equity,INE950I01011,2026-10-01,178.7,169.81,172.52,101816
equity,INE950I01011,2026-10-02,172.52,172.52,172.52,
equity,INE950I01011,2026-10-05,177.19,170.01,171.08,113125
equity,INE950I01011,2026-10-06,175.08,170.56,173.57,80153
equity,INE185Q01025,2026-09-30,106.19,101.7,102.46,3888707
equity,INE185Q01025,2026-10-01,103.6,94.5,96.48,11824903
equity,INE185Q01025,2026-10-05,100.68,97.54,98.88,5684052
equity,INE185Q01025,2026-10-06,103.1,97.5,101.67,5939874
equity,INE812G01025,2026-09-30,485,467.5,476.6,372222
equity,INE812G01025,2026-10-01,481.9,456.35,471.3,393944
equity,INE812G01025,2026-10-05,489,472.5,477.85,535364
equity,INE812G01025,2026-10-06,482.8,467.55,472.2,242508
equity,INE488V01015,2026-09-30,803.9,763.95,767,62418
equity,INE488V01015,2026-10-01,770.4,731.05,747.1,75324
equity,INE488V01015,2026-10-05,782,754.8,764.55,58824
equity,INE488V01015,2026-10-06,770.8,754.65,761.75,27777
equity,INE976R01033,2026-09-30,268.95,262.55,264.7,319369
equity,INE976R01033,2026-10-01,265.3,257.1,260,169356
equity,INE976R01033,2026-10-05,263.8,258,261.25,212796
equity,INE976R01033,2026-10-06,263.4,257.85,259.1,150360
equity,INE870D01012,2026-09-30,65.94,64.72,65.2,682231
equity,INE870D01012,2026-10-01,65.15,62.81,63.85,633608
equity,INE870D01012,2026-10-02,63.85,63.85,63.85,
equity,INE870D01012,2026-10-05,64.45,63.12,63.28,487718
equity,INE870D01012,2026-10-06,65.25,63.11,64.91,583752
equity,INE816B01035,2026-09-30,112.94,107.1,107.76,2227616
equity,INE816B01035,2026-10-01,109.12,101.21,106.1,3522416
equity,INE816B01035,2026-10-05,107.8,103.1,103.89,1569948
equity,INE816B01035,2026-10-06,112.8,103.89,111.36,4466310
equity,INE414D01027,2026-09-30,242.75,235.05,238.55,78136
equity,INE414D01027,2026-10-01,238.5,228,236.15,139794
equity,INE414D01027,2026-10-05,239.04,228,229.14,98290
equity,INE414D01027,2026-10-06,240.5,228,239.91,97813
equity,INE08U801020,2026-09-30,155,149.35,153.68,803682
equity,INE08U801020,2026-10-01,155.49,149.35,154.37,1073954
equity,INE08U801020,2026-10-02,154.37,154.37,154.37,
equity,INE08U801020,2026-10-05,155.99,150,150.41,397768
equity,INE08U801020,2026-10-06,151,147.9,149.73,810921
equity,INE552U01010,2026-09-30,3699,3611.1001,3641.3999,14030
equity,INE552U01010,2026-10-01,3643.1001,3470,3564.3999,41775
equity,INE552U01010,2026-10-05,3664,3529,3644.2,23020
equity,INE552U01010,2026-10-06,3777,3580.5,3745,29280
equity,INE066O01014,2026-09-30,506.4,498,500.3,25602
equity,INE066O01014,2026-10-01,501.9,488,495.1,79594
equity,INE066O01014,2026-10-02,495.1,495.1,495.1,
equity,INE066O01014,2026-10-05,503,495.1,499.7,22858
equity,INE066O01014,2026-10-06,517.9,488,509.7,37533
equity,INE0JA001018,2026-09-30,2244.3999,2135.5,2147.1001,125771
equity,INE0JA001018,2026-10-01,2237.8999,2133,2204.8999,161732
equity,INE0JA001018,2026-10-05,2279.1001,2193.8,2206.3999,141164
equity,INE0JA001018,2026-10-06,2280,2215.8999,2240.3,80155
equity,INE03CC01015,2026-09-30,2141.5,2050,2061.2,4910
equity,INE03CC01015,2026-10-01,2090,1980,2037.3,4880
equity,INE03CC01015,2026-10-05,2072.3999,1991,2021.8,8012
equity,INE03CC01015,2026-10-06,2063.8999,1994.7,2003.5,4932
equity,INE0RUV01018,2026-09-30,2010,1900,1950.25,89000
equity,INE0RUV01018,2026-10-01,1960,1825,1898.85,78600
equity,INE0RUV01018,2026-10-05,1950,1850,1873.55,30600
equity,INE818A01017,2026-09-30,1178.15,1119,1125.9,316480
equity,INE818A01017,2026-10-01,1154.5,1070,1106.5,496027
equity,INE818A01017,2026-10-02,1106.5,1106.5,1106.5,
equity,INE818A01017,2026-10-05,1143.8,1092,1103.4,299917
equity,INE818A01017,2026-10-06,1125,1090,1100.6,173427
equity,INE643A01035,2026-09-30,117.3,115.84,116.58,54853
equity,INE643A01035,2026-10-01,117.8,114.7,115.84,131859
equity,INE643A01035,2026-10-02,115.84,115.84,115.84,
equity,INE643A01035,2026-10-05,117.86,113.07,113.68,114675
equity,INE643A01035,2026-10-06,115.95,113.55,115.38,65534
equity,INE124E01038,2026-09-30,380.1,366.1,377.2,169841
equity,INE124E01038,2026-10-01,377,343.95,356.45,349563
equity,INE124E01038,2026-10-05,365.4,346.55,363.7,151454
equity,INE124E01038,2026-10-06,376.7,357.6,369.6,88203
equity,INE0L9R01028,2026-09-30,255.05,250.2,250.95,66870
equity,INE0L9R01028,2026-10-01,276,249.95,254.75,592656
equity,INE0L9R01028,2026-10-05,254.65,249.8,253.85,88594
equity,INE0L9R01028,2026-10-06,258.2,252.55,255.85,81925
equity,INE0I0M01023,2026-09-30,229.8,220.15,222.03,44247
equity,INE0I0M01023,2026-10-01,229.8,215.05,218.31,153237
equity,INE0I0M01023,2026-10-05,222,213.82,214.9,72107
equity,INE0I0M01023,2026-10-06,226.01,215.67,221.33,82817
equity,INE116A01032,2026-09-30,607.4,592,595.6,40627
equity,INE116A01032,2026-10-01,600.2,575.35,593.25,84363
equity,INE116A01032,2026-10-05,599,577,587.25,48855
equity,INE116A01032,2026-10-06,613.9,585,610.7,79604
equity,INE11XY01018,2026-09-30,553.55,529,532.05,314749
equity,INE11XY01018,2026-10-01,540.1,508,523.05,267921
equity,INE11XY01018,2026-10-05,526,503.3,507.2,192091
equity,INE11XY01018,2026-10-06,519.5,503.7,517.2,251785
equity,INE139R01012,2026-09-30,178.2,172.87,175.08,555656
equity,INE139R01012,2026-10-01,175.67,168.5,171.36,510574
equity,INE139R01012,2026-10-05,177.24,166.15,167.63,704680
equity,INE139R01012,2026-10-06,172.91,167.99,169,263328
equity,INE837H01020,2026-09-30,287.5,280.25,281.6,122182
equity,INE837H01020,2026-10-01,281,270,274.25,228704
equity,INE837H01020,2026-10-02,274.25,274.25,274.25,
equity,INE837H01020,2026-10-05,276.25,270.45,272.4,145809
equity,INE837H01020,2026-10-06,278.35,270.8,273.1,171556
equity,INE549H01021,2026-09-30,525.8,502.9,515.1,370040
equity,INE549H01021,2026-10-01,525,510,521.05,301379
equity,INE549H01021,2026-10-05,539,515.1,535,361312
equity,INE549H01021,2026-10-06,557.4,535,551.55,468218
equity,INE482D01024,2026-09-30,1060.4,1020,1036.1,149256
equity,INE482D01024,2026-10-01,1054.8,995.7,1044.8,320062
equity,INE482D01024,2026-10-05,1058.7,1021,1031,92489
equity,INE482D01024,2026-10-06,1044.9,1022,1033.1,48632
equity,INE442H01029,2026-09-30,111.83,107.31,107.75,413067
equity,INE442H01029,2026-10-01,108.08,103.5,105.31,960898
equity,INE442H01029,2026-10-05,106.65,104.36,105.9,538732
equity,INE442H01029,2026-10-06,107.2,105.7,106.42,395400
equity,INE707A01012,2026-09-30,2788.7,2620.2,2662.8999,65292
equity,INE707A01012,2026-10-01,2667,2565.5,2617,30792
equity,INE707A01012,2026-10-02,2617,2617,2617,
equity,INE707A01012,2026-10-05,2670.5,2553.5,2577.3,37719
equity,INE707A01012,2026-10-06,2842,2584,2829.7,141727
equity,INE855C01023,2026-09-30,73.07,70.32,70.56,914986
equity,INE855C01023,2026-10-01,70.99,67.04,68.7,2357402
equity,INE855C01023,2026-10-02,68.7,68.7,68.7,
equity,INE855C01023,2026-10-05,69.6,67.21,68.06,1356882
equity,INE855C01023,2026-10-06,71.46,67.19,70.89,2916069
equity,INE440T01028,2026-09-30,191.49,187.21,189.64,129978
equity,INE440T01028,2026-10-01,188.99,178.26,186.68,184080
equity,INE440T01028,2026-10-05,188.18,181.82,183.52,48887
equity,INE440T01028,2026-10-06,187.93,182.61,186.16,592634
equity,INE266Y01019,2026-09-30,1815.7,1685,1788.8,869922
equity,INE266Y01019,2026-10-01,1924.4,1752.1,1874,784999
equity,INE266Y01019,2026-10-05,2200,1872.1,2130.5,960721
equity,INE266Y01019,2026-10-06,2190,1917.5,2174,530722
equity,INE899L01030,2026-09-30,189.4,182.01,184.92,12717
equity,INE899L01030,2026-10-01,186.5,175.68,183.67,19845
equity,INE899L01030,2026-10-05,183.68,175.4,176.87,7614
equity,INE899L01030,2026-10-06,180.99,173.01,179.62,11101
equity,INE0L1C01019,2026-09-30,1240,1150,1171.8,25500
equity,INE0L1C01019,2026-10-01,1178.95,1105,1134.35,26500
equity,INE0L1C01019,2026-10-05,1151.5,1103.45,1122.4,18800
equity,INE0L1C01019,2026-10-06,1147.4,1114.95,1133.15,16700
equity,INE760L01018,2026-09-30,651,620.1,635.05,175552
equity,INE760L01018,2026-10-01,640,610,623.45,121799
equity,INE760L01018,2026-10-05,625,592.3,597.9,202040
equity,INE760L01018,2026-10-06,617.85,568.05,608.85,394766
equity,INE681B01017,2026-09-30,358.95,340.2,348.95,390892
equity,INE681B01017,2026-10-01,346.25,335.5,338.6,320580
equity,INE681B01017,2026-10-05,342.25,331.55,333.95,119110
equity,INE681B01017,2026-10-06,336.55,327.35,335.15,209881
equity,INE206N01018,2026-09-30,151.5,146.51,149.67,173979
equity,INE206N01018,2026-10-01,149.99,141,146.98,127548
equity,INE206N01018,2026-10-05,148.39,138.5,144.18,285987
equity,INE206N01018,2026-10-06,148.5,143.23,147.25,66962
equity,INE266D01021,2026-09-30,85.28,82.5,82.77,394032
equity,INE266D01021,2026-10-01,83.56,79.37,81.8,531298
equity,INE266D01021,2026-10-02,81.8,81.8,81.8,
equity,INE266D01021,2026-10-05,84.9,80.31,83.53,466288
equity,INE266D01021,2026-10-06,83.53,82.01,82.32,239459
equity,INE040D01038,2026-09-30,752.45,725.05,734.35,148388
equity,INE040D01038,2026-10-01,731.45,701.8,711.55,79848
equity,INE040D01038,2026-10-05,718.45,694.3,706.55,98146
equity,INE040D01038,2026-10-06,766,710.05,761.15,181393
equity,INE162A01010,2026-09-30,184.05,178.5,179.68,195771
equity,INE162A01010,2026-10-01,181.4,171,174.83,825175
equity,INE162A01010,2026-10-05,179.99,175.22,176.62,178897
equity,INE162A01010,2026-10-06,179.39,173.05,174.06,419400
equity,INE0BYP01024,2026-09-30,274.8,264.5,266.75,331888
equity,INE0BYP01024,2026-10-01,268.25,259.2,264.25,337150
equity,INE0BYP01024,2026-10-02,264.25,264.25,264.25,
equity,INE0BYP01024,2026-10-05,268.45,261.6,265.1,278244
equity,INE0BYP01024,2026-10-06,269.2,263.55,264.8,275385
equity,INE683C01011,2026-09-30,955.05,918.1,925.25,52211
equity,INE683C01011,2026-10-01,934.85,901,927,75762
equity,INE683C01011,2026-10-05,930,904.5,905.6,35121
equity,INE683C01011,2026-10-06,923.7,908.05,911,26492
equity,INE922A01025,2026-09-30,127.19,123.75,124.4,743884
equity,INE922A01025,2026-10-01,127.74,120.91,123.76,1534274
equity,INE922A01025,2026-10-02,123.76,123.76,123.76,
equity,INE922A01025,2026-10-05,126.4,122.62,124.77,695197
equity,INE922A01025,2026-10-06,129.6,125,128.63,1633927
equity,INE401H01017,2026-09-30,472.25,458,460.35,7446
equity,INE401H01017,2026-10-01,479.8,441.55,475.65,30350
equity,INE401H01017,2026-10-05,487,455.6,470.4,76937
equity,INE401H01017,2026-10-06,475.95,461.55,474.55,14216
equity,INE450U01017,2026-09-30,456.55,444.05,445,67891
equity,INE450U01017,2026-10-01,446.2,431.7,436.4,177583
equity,INE450U01017,2026-10-05,446.65,429.5,431.1,160190
equity,INE450U01017,2026-10-06,437.3,429.4,430.8,137980
equity,INE310A01015,2026-09-30,1935,1896.5,1901.7,8647
equity,INE310A01015,2026-10-01,1904,1840,1871.8,24018
equity,INE310A01015,2026-10-02,1871.8,1871.8,1871.8,
equity,INE310A01015,2026-10-05,1899.3,1820.1,1829.5,17730
equity,INE310A01015,2026-10-06,1832.9,1801,1811.5,20449
equity,INE0Q8P01029,2026-09-30,278.95,273.2,276.1,69600
equity,INE0Q8P01029,2026-10-01,277.35,264,269.5,135000
equity,INE0Q8P01029,2026-10-05,273.65,268.6,269.85,67600
equity,INE0Q8P01029,2026-10-06,284,268.65,279.65,218200
equity,INE24OJ01011,2026-09-30,1257.9,1221.1,1231,84714
equity,INE24OJ01011,2026-10-01,1256.4,1219,1249.2,51957
equity,INE24OJ01011,2026-10-05,1284,1236.2,1265.9,80785
equity,INE24OJ01011,2026-10-06,1321,1277,1301.5,125766
equity,INE052A01021,2026-09-30,304.6,294,300.2,112850
equity,INE052A01021,2026-10-01,303.05,284.6,293.15,99959
equity,INE052A01021,2026-10-05,299.45,284.65,286.2,29987
equity,INE052A01021,2026-10-06,297.45,281.5,294.85,92338
equity,INE926X01010,2026-09-30,442.55,431,432.75,125949
equity,INE926X01010,2026-10-01,433.8,409,419.9,248381
equity,INE926X01010,2026-10-02,419.9,419.9,419.9,
equity,INE926X01010,2026-10-05,426.4,402.1,403.75,231876
equity,INE926X01010,2026-10-06,425.75,398.55,417.2,470233
equity,INE883N01014,2026-09-30,274.5,268,271.65,893163
equity,INE883N01014,2026-10-01,271.45,258,264,916684
equity,INE883N01014,2026-10-02,264,264,264,
equity,INE883N01014,2026-10-05,283.4,267,281,2320736
equity,INE883N01014,2026-10-06,311,279.1,308.7,7374344
equity,INE172N01012,2026-09-30,52.19,50.6,51.08,281012
equity,INE172N01012,2026-10-01,52.26,49.52,50.7,512963
equity,INE172N01012,2026-10-05,51.99,48.61,48.76,488855
equity,INE172N01012,2026-10-06,50.29,48.76,49.92,435420
equity,INE689W01016,2026-09-30,261.7,255,255.75,55165
equity,INE689W01016,2026-10-01,255.25,243.2,246.9,178385
equity,INE689W01016,2026-10-05,251,243.2,247.45,125575
equity,INE689W01016,2026-10-06,259.9,248.4,258.2,117720
equity,INE342G01023,2026-09-30,208.8,203.02,204.51,94153
equity,INE342G01023,2026-10-01,207.69,185,191.08,870142
equity,INE342G01023,2026-10-05,203.26,190.02,199.62,170084
equity,INE342G01023,2026-10-06,206.52,198.65,204.99,97157
equity,INE445C01015,2026-09-30,1181.9,1145.5,1161.9,28334
equity,INE445C01015,2026-10-01,1168.6,1115,1136.2,42823
equity,INE445C01015,2026-10-05,1158.9,1125,1139,13727
equity,INE445C01015,2026-10-06,1160,1125.2,1136.1,46964
equity,INE02PY01013,2026-09-30,300,279.41,293.38,1096443
equity,INE02PY01013,2026-10-01,291,271.6,280.2,560059
equity,INE02PY01013,2026-10-05,294.4,277.05,278.35,257448
equity,INE02PY01013,2026-10-06,289,277.05,286.85,212491
equity,INE915B01019,2026-09-30,424.75,382,388.75,805121
equity,INE915B01019,2026-10-01,409.9,379.5,395.15,749983
equity,INE915B01019,2026-10-02,395.15,395.15,395.15,
equity,INE915B01019,2026-10-05,410,383.75,385.75,346248
equity,INE915B01019,2026-10-06,401.5,386.9,400.45,367930
equity,INE314H01012,2026-09-30,4090,3702,3961.5,417
equity,INE314H01012,2026-10-01,3961.5,3763.5,3763.5,830
equity,INE314H01012,2026-10-05,3879.7,3575.3999,3821.8999,697
equity,INE314H01012,2026-10-06,4012.8999,3801.1001,4012.8999,118
equity,INE624Z01016,2026-09-30,759,720,725.4,177501
equity,INE624Z01016,2026-10-01,736.95,698,714.85,244820
equity,INE624Z01016,2026-10-02,714.85,714.85,714.85,
equity,INE624Z01016,2026-10-05,724.8,673.1,676.9,290504
equity,INE624Z01016,2026-10-06,689.7,668.1,682.65,196540
equity,INE202H01019,2026-09-30,1762.5,1671,1686,228842
equity,INE202H01019,2026-10-01,1691.8,1600.5,1643.5,158148
equity,INE202H01019,2026-10-05,1677.9,1620,1661.8,104377
equity,INE202H01019,2026-10-06,1770,1658.9,1749.7,208295
equity,INE01FR01028,2026-09-30,409,384.75,384.75,1886372
equity,INE01FR01028,2026-10-01,391.1,365.55,368.35,1627432
equity,INE01FR01028,2026-10-02,368.35,368.35,368.35,
equity,INE01FR01028,2026-10-05,374.9,354.05,359.9,640771
equity,INE01FR01028,2026-10-06,377.85,357.1,375.45,1259713
equity,INE506A01018,2026-09-30,954.6,912,920.2,61117
equity,INE506A01018,2026-10-01,929.4,881,895.2,91115
equity,INE506A01018,2026-10-05,936,895.2,903.9,107924
equity,INE506A01018,2026-10-06,922.85,899.2,909,69030
equity,INE164A01016,2026-09-30,165.65,161,161.16,90994
equity,INE164A01016,2026-10-01,161.26,158.1,159.3,116563
equity,INE164A01016,2026-10-05,162,157.5,158.59,112768
equity,INE164A01016,2026-10-06,160.16,149.85,158.78,210126
equity,INE227C01017,2026-09-30,627.5,592,598.6,61917
equity,INE227C01017,2026-10-01,609,564,571.95,186619
equity,INE227C01017,2026-10-05,579,548,552.5,106475
equity,INE227C01017,2026-10-06,583,550,579.15,80544
equity,INE411H01032,2026-09-30,295.0198,261.807,271.9,12512625
equity,INE411H01032,2026-10-01,273.45,255.45,263.6,5804697
equity,INE411H01032,2026-10-02,263.6,263.6,263.6,
equity,INE411H01032,2026-10-05,264.5,248,249.9,2005620
equity,INE411H01032,2026-10-06,251.55,244.5,246.3,760588
equity,INE0V7W01012,2026-09-30,530.45,515,527.5,352593
equity,INE0V7W01012,2026-10-01,527.5,508.45,518.1,130189
equity,INE0V7W01012,2026-10-05,526.45,508.5,518.9,114896
equity,INE0V7W01012,2026-10-06,530,517.6,525.65,43978
equity,INE039O01029,2026-09-30,619.4,585.15,591.65,838814
equity,INE039O01029,2026-10-01,591.45,560.1,576.3,408620
equity,INE039O01029,2026-10-02,576.3,576.3,576.3,
equity,INE039O01029,2026-10-05,605,581,598.1,495530
equity,INE039O01029,2026-10-06,600,586,594.95,176581
equity,INE347A01017,2026-09-30,1021.8,982.6,993.2,85822
equity,INE347A01017,2026-10-01,998.8,968,984.65,188691
equity,INE347A01017,2026-10-05,1007.4,974.2,990.8,85465
equity,INE347A01017,2026-10-06,994.65,982.25,988.1,24374
equity,INE305C01029,2026-09-30,499.8,482.2,484.25,222411
equity,INE305C01029,2026-10-01,488.95,475.2,487.1,164733
equity,INE305C01029,2026-10-05,497,480,482.2,109018
equity,INE305C01029,2026-10-06,509.9,480.6,504.1,626904
equity,INE903D01011,2026-09-30,349.2,336,337.85,30720
equity,INE903D01011,2026-10-01,357,325,342.7,201449
equity,INE903D01011,2026-10-05,351.05,341.5,348.65,61652
equity,INE903D01011,2026-10-06,353.55,341.8,344.65,83365
equity,INE579B01039,2026-09-30,174.1,170.4,174,2626
equity,INE579B01039,2026-10-01,174.75,171.25,174.31,8080
equity,INE579B01039,2026-10-05,174.75,171.82,174.59,12341
equity,INE579B01039,2026-10-06,174.75,172.08,174.39,1613
equity,INE182D01020,2026-09-30,394.4,384.15,389.15,29572
equity,INE182D01020,2026-10-01,393.95,373.2,388.1,84020
equity,INE182D01020,2026-10-05,396.5,377.1,380.3,43023
equity,INE182D01020,2026-10-06,386.6,373.2,374.6,163989
equity,INE034S01021,2026-09-30,615.8,596.65,601.75,40388
equity,INE034S01021,2026-10-01,603.9,585.15,592.5,55885
equity,INE034S01021,2026-10-05,598.15,573,580.25,88014
equity,INE034S01021,2026-10-06,606,576.65,603.8,61916
equity,INE197D01010,2026-09-30,688.55,670,672.55,5648
equity,INE197D01010,2026-10-01,673.1,637,653.7,15020
equity,INE197D01010,2026-10-05,664.9,636,641.6,14364
equity,INE197D01010,2026-10-06,670,647.15,658.35,13687
equity,INE023A01030,2026-09-30,5439.5,5312,5324,940
equity,INE023A01030,2026-10-01,5375,5105,5163.5,2211
equity,INE023A01030,2026-10-05,5269.5,5150,5199.5,1514
equity,INE023A01030,2026-10-06,5324,5153,5297.5,1675
equity,INE045A01017,2026-09-30,1625.1,1585.2,1591.8,15859
equity,INE045A01017,2026-10-01,1634,1540,1570.4,29732
equity,INE045A01017,2026-10-05,1588.3,1500,1512,59027
equity,INE045A01017,2026-10-06,1552.7,1508.1,1535,14756
equity,INE885H01029,2026-09-30,217.61,208.1,210.5,121292
equity,INE885H01029,2026-10-01,211.77,202.16,208.54,166056
equity,INE885H01029,2026-10-02,208.54,208.54,208.54,
equity,INE885H01029,2026-10-05,208.54,192,193.53,613909
equity,INE885H01029,2026-10-06,206.9,192.51,202.8,381265
equity,INE982B01027,2026-09-30,274.95,263.1,273.1,59409
equity,INE982B01027,2026-10-01,285.2,265.6,281.4,266181
equity,INE982B01027,2026-10-05,285,276.7,282.15,145718
equity,INE982B01027,2026-10-06,299.75,281.6,293.1,487300
equity,INE495C01010,2026-09-30,650.55,619.85,626.9,27711
equity,INE495C01010,2026-10-01,638.5,612.05,634.55,50667
equity,INE495C01010,2026-10-05,670,627,631.75,37447
equity,INE495C01010,2026-10-06,645.3,630.05,642.4,30921
equity,INE060A01024,2026-09-30,123.63,121.2,122.52,77676
equity,INE060A01024,2026-10-01,124.24,120.5,123.87,272365
equity,INE060A01024,2026-10-05,126.2,122.5,122.97,82595
equity,INE060A01024,2026-10-06,125.11,123.36,124.27,56381
equity,INE713R01022,2026-09-30,480.55,462.55,467.15,261143
equity,INE713R01022,2026-10-01,467.15,452,454.35,279531
equity,INE713R01022,2026-10-05,472.2,452.1,457.4,265067
equity,INE713R01022,2026-10-06,484,452.85,476.65,250131
equity,INE163A01018,2026-09-30,175.9,170.1,171.11,1017979
equity,INE163A01018,2026-10-01,173.49,163.8,168.85,1286680
equity,INE163A01018,2026-10-05,171.14,164.65,165.83,540544
equity,INE163A01018,2026-10-06,173.2,166.43,171.83,713270
equity,INE615I01010,2026-09-30,826.35,782.6,786.45,136954
equity,INE615I01010,2026-10-01,794.4,775,786.9,55391
equity,INE615I01010,2026-10-05,798.1,785,789.85,44600
equity,INE615I01010,2026-10-06,819,789.85,812.7,73168
equity,INE0Q3R01026,2026-09-30,1249.2,1225,1228.9,4681
equity,INE0Q3R01026,2026-10-01,1237.1,1168.1,1183,12518
equity,INE0Q3R01026,2026-10-05,1209,1172,1174.8,5222
equity,INE0Q3R01026,2026-10-06,1184.9,1149.1,1152.8,6244
equity,INE00M901018,2026-09-30,1713.5,1670,1673.4,34454
equity,INE00M901018,2026-10-01,1712.9,1641.2,1666.9,61235
equity,INE00M901018,2026-10-05,1685.1,1641.6,1661.7,35888
equity,INE00M901018,2026-10-06,1709.9,1661.7,1685.6,57391
equity,INE426A01027,2026-09-30,110.59,106.11,107.23,819580
equity,INE426A01027,2026-10-01,108,101.85,104.11,868233
equity,INE426A01027,2026-10-05,106,103.38,104.44,540160
equity,INE426A01027,2026-10-06,106.9,104.01,104.99,345507
equity,INE886D01026,2026-09-30,177.94,171.5,172.21,206429
equity,INE886D01026,2026-10-01,172.78,167.05,171.2,242978
equity,INE886D01026,2026-10-05,174.64,168.01,168.74,153943
equity,INE886D01026,2026-10-06,173.8,165.94,170.1,480175
equity,INE0N2P01017,2026-09-30,729.7,695,703,122457
equity,INE0N2P01017,2026-10-01,719,668.55,698.8,192446
equity,INE0N2P01017,2026-10-02,698.8,698.8,698.8,
equity,INE0N2P01017,2026-10-05,714,680,686.2,99703
equity,INE0N2P01017,2026-10-06,709.25,685.6,688.4,177929
equity,INE231F01020,2026-09-30,1709.8,1650,1672.7,12713
equity,INE231F01020,2026-10-01,1727,1636.4,1720.5,33306
equity,INE231F01020,2026-10-05,1784,1675.4,1683.2,20074
equity,INE231F01020,2026-10-06,1729,1666.1,1679.5,18068
equity,INE579C01029,2026-09-30,620,596,600.3,220346
equity,INE579C01029,2026-10-01,598.85,575.1,584.35,118361
equity,INE579C01029,2026-10-05,604,570.5,571.75,96965
equity,INE579C01029,2026-10-06,584.9,569.8,577.4,140356
equity,INE0HR601026,2026-09-30,253.9,246.2,249.5,55337
equity,INE0HR601026,2026-10-01,249.58,244.16,247.61,66902
equity,INE0HR601026,2026-10-05,252,242.25,243.13,104792
equity,INE0HR601026,2026-10-06,252.76,244.15,249.79,93384
equity,INE614A01028,2026-09-30,323.7,305.15,307.6,172756
equity,INE614A01028,2026-10-01,307.45,292.85,302.3,143152
equity,INE614A01028,2026-10-05,308.9,296.6,298.5,64263
equity,INE614A01028,2026-10-06,302.2,293,297.75,114306
equity,INE0S4R01014,2026-09-30,173.39,168.9,170.12,100955
equity,INE0S4R01014,2026-10-01,171.68,164.59,166.89,188899
equity,INE0S4R01014,2026-10-05,170.76,166.74,168.24,186832
equity,INE0S4R01014,2026-10-06,172.72,167,168.85,98793
equity,INE529A01010,2026-09-30,469,442.1,445.65,268118
equity,INE529A01010,2026-10-01,451.45,433.3,444.25,212350
equity,INE529A01010,2026-10-05,455,437.55,440.9,177056
equity,INE529A01010,2026-10-06,451.5,440.9,448.5,84814
equity,INE393P01035,2026-09-30,1124.9,1056.2,1108.5,164680
equity,INE393P01035,2026-10-01,1107,1041.5,1073,24504
equity,INE393P01035,2026-10-05,1105.1,1041.5,1058.8,23745
equity,INE393P01035,2026-10-06,1096,1056.1,1088.2,15772
equity,INE00IN01015,2026-09-30,823.8,791.1,794.95,70280
equity,INE00IN01015,2026-10-01,816.7,787.05,809.15,170167
equity,INE00IN01015,2026-10-02,809.15,809.15,809.15,
equity,INE00IN01015,2026-10-05,827.3,802.7,806.4,49778
equity,INE00IN01015,2026-10-06,828.8,806.35,813.45,159970
equity,INE425Y01011,2026-09-30,873.9,835,850.5,40383
equity,INE425Y01011,2026-10-01,846.25,816.05,829.85,19862
equity,INE425Y01011,2026-10-05,849,820.95,833.9,23182
equity,INE425Y01011,2026-10-06,842,828,833.1,13774
equity,INE475B01022,2026-09-30,223,216.65,217.89,411937
equity,INE475B01022,2026-10-01,224.99,213.77,218.14,942244
equity,INE475B01022,2026-10-05,221.35,213.28,214.45,244700
equity,INE475B01022,2026-10-06,227.16,213.21,226.43,608604
equity,INE552D01024,2026-09-30,89.55,86.52,88.13,1829935
equity,INE552D01024,2026-10-01,88.13,83.32,86.05,2851230
equity,INE552D01024,2026-10-02,86.05,86.05,86.05,
equity,INE552D01024,2026-10-05,88.49,85.12,86.18,1591393
equity,INE552D01024,2026-10-06,87.8,85.16,86.67,1387457
equity,INE382M01027,2026-09-30,700,642.2,678.8,31677
equity,INE382M01027,2026-10-01,700,661.2,692.75,29335
equity,INE382M01027,2026-10-05,704.9,658.5,662.1,33217
equity,INE382M01027,2026-10-06,695.2,660,695.2,76397
equity,INE385W01011,2026-09-30,163.83,156.35,157.47,228801
equity,INE385W01011,2026-10-01,157.55,149.02,150.35,448793
equity,INE385W01011,2026-10-05,154.67,149.1,151.5,113660
equity,INE385W01011,2026-10-06,155.89,151.7,153.57,170419
equity,INE079J01017,2026-09-30,52.45,51.61,52.04,515500
equity,INE079J01017,2026-10-01,52.56,51.3,51.88,749453
equity,INE079J01017,2026-10-05,52.77,51.1,51.49,567102
equity,INE079J01017,2026-10-06,52.2,50.8,50.91,1660795
equity,INE317W01030,2026-09-30,128.55,128.55,128.55,
equity,INE317W01030,2026-10-01,128.55,128.55,128.55,
equity,INE317W01030,2026-10-02,128.55,128.55,128.55,
equity,INE317W01030,2026-10-05,127.3,127.3,127.3,157
equity,INE08KJ01020,2026-09-30,133.65,130.01,131.51,589751
equity,INE08KJ01020,2026-10-01,131.72,127.53,130.59,699328
equity,INE08KJ01020,2026-10-02,130.59,130.59,130.59,
equity,INE08KJ01020,2026-10-05,134.43,130.6,132.89,1067885
equity,INE08KJ01020,2026-10-06,136.45,132.25,135.17,2219269
equity,INE00GK01023,2026-09-30,1103.95,1072.3,1076.7,47750
equity,INE00GK01023,2026-10-01,1134.5,1075,1105.75,127250
equity,INE00GK01023,2026-10-05,1168,1113.1,1155.6,131500
equity,INE00GK01023,2026-10-06,1222.95,1171,1211.15,115000
equity,INE244B01030,2026-09-30,27.45,26.35,26.45,1520750
equity,INE244B01030,2026-10-01,26.5,25.56,25.92,1951626
equity,INE244B01030,2026-10-02,25.92,25.92,25.92,
equity,INE244B01030,2026-10-05,26.41,25.56,25.73,1542421
equity,INE244B01030,2026-10-06,26.09,25.81,25.93,1205164
equity,INE920A01037,2026-09-30,715.8,631.2,637.4,70720
equity,INE920A01037,2026-10-01,650,600.25,628.1,49914
equity,INE920A01037,2026-10-05,646.75,600,621,23823
equity,INE920A01037,2026-10-06,656.05,615,643.35,103424
equity,INE198501012,2026-09-30,216.8,190.1,192.3,693046
equity,INE198501012,2026-10-01,193.49,184.71,190.42,195340
equity,INE198501012,2026-10-05,192.99,181,183.41,145782
equity,INE198501012,2026-10-06,185.18,176.88,180.02,241595
equity,INE212I01016,2026-09-30,970,940,964.6,35667
equity,INE212I01016,2026-10-01,966.15,905.8,935.6,57570
equity,INE212I01016,2026-10-05,969.65,930.05,937.9,26626
equity,INE212I01016,2026-10-06,958.9,935.1,949.65,18873
equity,INE488A01050,2026-09-30,196.79,184.5,185.92,278500
equity,INE488A01050,2026-10-01,192.77,182.01,191.56,291771
equity,INE488A01050,2026-10-05,204,191.55,196.93,805392
equity,INE488A01050,2026-10-06,212,195.61,210.24,1031837
equity,INE703H01016,2026-09-30,186,167.21,182.28,1619724
equity,INE703H01016,2026-10-01,184.37,174.32,177.42,420252
equity,INE703H01016,2026-10-05,178.5,166.99,168.09,425823
equity,INE703H01016,2026-10-06,174.65,168.01,170,598209
equity,INE845D01014,2026-09-30,1029.4,993.3,1000.6,39514
equity,INE845D01014,2026-10-01,1004.1,955.9,976.2,51318
equity,INE845D01014,2026-10-05,994.8,959.5,966.6,44995
equity,INE845D01014,2026-10-06,995,963.6,990.1,31822
equity,INE126J01016,2026-09-30,525,505,507.85,166142
equity,INE126J01016,2026-10-01,524,500.2,512.6,140005
equity,INE126J01016,2026-10-05,535,510,530.75,142798
equity,INE126J01016,2026-10-06,549.8,528,529.8,132829
equity,INE876N01018,2026-09-30,120.29,118.08,118.77,189008
equity,INE876N01018,2026-10-01,119.53,114.3,115.91,316838
equity,INE876N01018,2026-10-05,119,115.24,116.16,147810
equity,INE876N01018,2026-10-06,117.9,115.3,115.76,187315
equity,INE520G01024,2026-09-30,627.55,627.55,627.55,9651
equity,INE520G01024,2026-10-01,640.1,640.1,640.1,8868
equity,INE520G01024,2026-10-05,652.9,652.9,652.9,12006
equity,INE520G01024,2026-10-06,665.95,639.85,665.95,82088
equity,INE092B01025,2026-09-30,1267.6,1216.1,1244.4,48325
equity,INE092B01025,2026-10-01,1270,1187.7,1224.4,84237
equity,INE092B01025,2026-10-05,1253.6,1205,1220.3,40393
equity,INE092B01025,2026-10-06,1248.5,1215.1,1241.7,24214
equity,INE717W01049,2026-09-30,283.45,274,278.85,742278
equity,INE717W01049,2026-10-01,283.9,272,282.6,872149
equity,INE717W01049,2026-10-05,287.5,275.9,278.55,674552
equity,INE717W01049,2026-10-06,284.7,278.05,282.5,417284
equity,INE1AG301022,2026-09-30,128.89,119.03,119.88,1278697
equity,INE1AG301022,2026-10-01,121.49,113.11,114.76,1100877
equity,INE1AG301022,2026-10-02,114.76,114.76,114.76,
equity,INE1AG301022,2026-10-05,117.99,111.81,112.29,361684
equity,INE1AG301022,2026-10-06,115.51,110.37,114.45,291160
equity,INE735W01017,2026-09-30,14,13.68,13.76,4363721
equity,INE735W01017,2026-10-01,13.79,13.22,13.43,3995033
equity,INE735W01017,2026-10-05,13.68,13.12,13.22,2920874
equity,INE735W01017,2026-10-06,13.62,13.27,13.52,2362768
equity,INE464A01036,2026-09-30,2163.7,2091.6001,2095.2,13884
equity,INE464A01036,2026-10-01,2126.3999,2050.1001,2069.6001,30611
equity,INE464A01036,2026-10-05,2108.8999,2051,2058.8,15489
equity,INE464A01036,2026-10-06,2084.3999,2041.7,2068.8,26540
equity,INE725E01024,2026-09-30,3743.8,3626,3651.5,5117
equity,INE725E01024,2026-10-01,3681,3500,3538.6001,11663
equity,INE725E01024,2026-10-05,3627.3999,3492.8999,3522.2,5324
equity,INE725E01024,2026-10-06,3649.7,3552.1001,3609,7282
equity,INE484C01030,2026-09-30,1380.7,1344.1,1373.3,8913
equity,INE484C01030,2026-10-01,1373.3,1338,1356.6,9354
equity,INE484C01030,2026-10-05,1365.9,1339.1,1350.4,6337
equity,INE484C01030,2026-10-06,1400.5,1349.3,1392.4,10368
equity,INE602G01020,2026-09-30,121.18,115.2,119.55,552200
equity,INE602G01020,2026-10-01,119.89,114.68,116.68,245777
equity,INE602G01020,2026-10-05,123.63,117.2,118.02,568407
equity,INE602G01020,2026-10-06,121.48,116.84,118.96,266229
equity,INE00Y201027,2026-09-30,232.87,228.51,229.32,67611
equity,INE00Y201027,2026-10-01,231,216.82,226.57,126030
equity,INE00Y201027,2026-10-05,230.16,225.06,226.43,42988
equity,INE00Y201027,2026-10-06,229,225.2,227.84,34806
equity,INE488B01017,2026-09-30,9759,9415,9487,1318
equity,INE488B01017,2026-10-01,9550,9292.5,9453.5,2596
equity,INE488B01017,2026-10-05,9509,9300,9377.5,753
equity,INE488B01017,2026-10-06,9486.5,9321,9413,932
equity,INE449A01011,2026-09-30,1717,1680,1706.5,2884
equity,INE449A01011,2026-10-01,1715,1668.1,1683,9485
equity,INE449A01011,2026-10-05,1693.8,1617,1624.9,10044
equity,INE449A01011,2026-10-06,1648.2,1624.9,1638.1,2484
equity,INE02A801020,2026-09-30,434.6,416,417.95,70439
equity,INE02A801020,2026-10-01,434.9,413.1,427.55,65352
equity,INE02A801020,2026-10-02,427.55,427.55,427.55,
equity,INE02A801020,2026-10-05,435.9,417.8,430.9,57876
equity,INE02A801020,2026-10-06,435,424.8,427.45,184044
equity,INE456Z01021,2026-09-30,314.85,301.1,302.25,211883
equity,INE456Z01021,2026-10-01,304.95,291.25,298.5,541713
equity,INE456Z01021,2026-10-02,298.5,298.5,298.5,
equity,INE456Z01021,2026-10-05,301.9,293.4,297.2,183948
equity,INE456Z01021,2026-10-06,308.35,297,306.25,183180
equity,INE934C01018,2026-09-30,5201,5061,5130,2230
equity,INE934C01018,2026-10-01,5189,5060.5,5159,2248
equity,INE934C01018,2026-10-05,5294,5162.5,5215,2781
equity,INE934C01018,2026-10-06,5323.5,5161,5195,1620
equity,INE637C01025,2026-09-30,737.75,702.25,705.7,79843
equity,INE637C01025,2026-10-01,709.45,684.55,699.1,77946
equity,INE637C01025,2026-10-05,719.8,690.45,699.2,43352
equity,INE637C01025,2026-10-06,714.95,695.3,709.9,48093
equity,INE451D01029,2026-09-30,470.75,458.5,461.6,36265
equity,INE451D01029,2026-10-01,461.8,441.8,453.55,58422
equity,INE451D01029,2026-10-05,460.7,450.9,454.6,46941
equity,INE451D01029,2026-10-06,475,452.95,467.3,96175
equity,INE187D01029,2026-09-30,440.45,426.8,429.85,126449
equity,INE187D01029,2026-10-01,437.6,410.55,419.7,208135
equity,INE187D01029,2026-10-05,422.45,408,416.45,115228
equity,INE187D01029,2026-10-06,434,416.3,429.45,138662
equity,INE276G01015,2026-09-30,482.45,463,471.85,211572
equity,INE276G01015,2026-10-01,473,451.25,466.75,229027
equity,INE276G01015,2026-10-02,466.75,466.75,466.75,
equity,INE276G01015,2026-10-05,479.9,453,458.65,189656
equity,INE276G01015,2026-10-06,470,457.45,463.75,129110
equity,INE076B01028,2026-09-30,543.9,538,539.95,14052
equity,INE076B01028,2026-10-01,538,525,531.55,28509
equity,INE076B01028,2026-10-05,544,531.5,540.15,20499
equity,INE076B01028,2026-10-06,559.05,541.6,553.45,25170
equity,INE750A01020,2026-09-30,143.8,138,142.36,511057
equity,INE750A01020,2026-10-01,143.6,138.61,140,627946
equity,INE750A01020,2026-10-05,141.8,137.61,140.87,149684
equity,INE750A01020,2026-10-06,144.39,140.89,143.61,869855
equity,INE209A01019,2026-09-30,761.9,740,745.2,6739
equity,INE209A01019,2026-10-01,759,728.7,753.15,30756
equity,INE209A01019,2026-10-05,758,740.3,748.6,12847
equity,INE209A01019,2026-10-06,762,745,746.8,28219
equity,INE771F01041,2026-09-30,34.7,33.35,33.55,284295
equity,INE771F01041,2026-10-01,34.39,32.61,33.46,220491
equity,INE771F01041,2026-10-02,33.46,33.46,33.46,
equity,INE771F01041,2026-10-05,33.83,32.66,32.8,335833
equity,INE771F01041,2026-10-06,33.39,32.41,33.14,169925
equity,INE792Z01011,2026-09-30,416.3,409,410.1,138309
equity,INE792Z01011,2026-10-01,410.1,397,401.55,129849
equity,INE792Z01011,2026-10-02,401.55,401.55,401.55,
equity,INE792Z01011,2026-10-05,404.8,400.15,401.7,122332
equity,INE792Z01011,2026-10-06,411,403.7,406.6,78878
equity,INE800H01010,2026-09-30,113,109.13,109.76,497588
equity,INE800H01010,2026-10-01,109.69,105.35,108.78,343801
equity,INE800H01010,2026-10-05,110.25,105.99,107.43,322612
equity,INE800H01010,2026-10-06,109.2,106.41,107.71,260401
equity,INE0OAF01028,2026-09-30,462.9,434.8,438.2,239632
equity,INE0OAF01028,2026-10-01,441.6,416.5,432.7,180043
equity,INE0OAF01028,2026-10-02,432.7,432.7,432.7,
equity,INE0OAF01028,2026-10-05,446.65,430.45,432.2,70571
equity,INE0OAF01028,2026-10-06,443.65,429.05,440.95,59917
equity,INE777F01014,2026-09-30,158.6,151,152.11,522829
equity,INE777F01014,2026-10-01,156.4,147.2,151.1,840406
equity,INE777F01014,2026-10-05,154.99,149.33,150.77,471460
equity,INE777F01014,2026-10-06,157.75,150.7,156.17,535041
equity,INE498Q01014,2026-09-30,187.3,179,179.96,817945
equity,INE498Q01014,2026-10-01,182.39,173.63,178.95,1031758
equity,INE498Q01014,2026-10-05,186,175.41,182.59,1009071
equity,INE498Q01014,2026-10-06,189,181.24,187.21,1459902
equity,INE351Y01019,2026-09-30,2095,2026.6,2053,7218
equity,INE351Y01019,2026-10-01,2088.5,2020,2073.3,8698
equity,INE351Y01019,2026-10-05,2173.8,1986.7,2004,19642
equity,INE351Y01019,2026-10-06,2027.5,1989.9,2001.4,10362
equity,INE343B01030,2026-09-30,65.88,60.25,64.7,332577
equity,INE343B01030,2026-10-01,65.34,61.47,64.03,571446
equity,INE343B01030,2026-10-05,64.03,61.25,62.35,155445
equity,INE343B01030,2026-10-06,63.47,61.51,61.8,160375
equity,INE0OUT01019,2026-09-30,327,311,314.75,255750
equity,INE0OUT01019,2026-10-01,320.9,296.2,303.45,323250
equity,INE0OUT01019,2026-10-05,309,290,298.9,262875
equity,INE345A01011,2026-09-30,175.37,171.25,171.55,262942
equity,INE345A01011,2026-10-01,171.52,164.5,167.31,472707
equity,INE345A01011,2026-10-05,170.45,164.15,164.87,283729
equity,INE345A01011,2026-10-06,167.79,164.01,166.35,254603
equity,INE751B01018,2026-09-30,1762,1725,1726.9,4070
equity,INE751B01018,2026-10-01,1893,1725,1809.3,1455118
equity,INE751B01018,2026-10-05,1860,1815,1834.2,82916
equity,INE751B01018,2026-10-06,1848.9,1786.9,1796.7,20072
equity,INE836B01017,2026-09-30,239.3,230.15,232.2,386106
equity,INE836B01017,2026-10-01,231.62,224.1,227.47,233798
equity,INE836B01017,2026-10-02,227.47,227.47,227.47,
equity,INE836B01017,2026-10-05,230.97,215,216.29,1194660
equity,INE836B01017,2026-10-06,231.22,200.07,228.35,4924726
equity,INE07K301024,2026-09-30,178.75,172.52,173.18,641899
equity,INE07K301024,2026-10-01,176.39,168.87,171.73,843126
equity,INE07K301024,2026-10-05,175.5,169.29,170.32,621589
equity,INE07K301024,2026-10-06,174.4,169.77,171.88,1067459
equity,INE858F01012,2026-09-30,89.29,85.74,88.12,905412
equity,INE858F01012,2026-10-01,86.97,83.5,84.18,766183
equity,INE858F01012,2026-10-05,85.33,82.13,82.69,555619
equity,INE858F01012,2026-10-06,84.9,82.8,83.77,209954
equity,INE873D01024,2026-09-30,274.87,255.35,261.67,1088133
equity,INE873D01024,2026-10-01,257.7,245.3,251.75,291376
equity,INE873D01024,2026-10-02,251.75,251.75,251.75,
equity,INE873D01024,2026-10-05,255.65,244.1,246.8,311539
equity,INE873D01024,2026-10-06,249.95,244.5,247.15,168290
equity,INE757A01017,2026-09-30,875.75,837.5,845.6,43706
equity,INE757A01017,2026-10-01,843.85,815.05,826.85,30642
equity,INE757A01017,2026-10-05,840,811.8,822.7,27709
equity,INE757A01017,2026-10-06,833.4,815,829.15,23753
equity,INE874I01013,2026-09-30,301,274.5,279.1,161267
equity,INE874I01013,2026-10-01,280.8,264.5,274.6,171591
equity,INE874I01013,2026-10-05,284.8,274.8,280.95,30641
equity,INE874I01013,2026-10-06,288.45,281.6,286.65,28933
equity,INE0RYC01010,2026-09-30,230.55,221.1,230.55,312277
equity,INE0RYC01010,2026-10-01,239.2,224,231.81,417129
equity,INE0RYC01010,2026-10-05,235,220.22,224.61,232450
equity,INE0RYC01010,2026-10-06,227.9,221.21,225.72,368930
equity,INE988S01028,2026-09-30,107.5,99.97,105.92,488392
equity,INE988S01028,2026-10-01,105.52,101.33,103.55,174623
equity,INE988S01028,2026-10-05,105.11,100.6,103.83,194819
equity,INE988S01028,2026-10-06,105.79,101.41,103.19,233618
equity,INE415B01044,2026-09-30,119.25,114.11,115.44,1066194
equity,INE415B01044,2026-10-01,116.99,113.66,114.26,1908792
equity,INE415B01044,2026-10-02,114.26,114.26,114.26,
equity,INE415B01044,2026-10-05,117.8,113.4,114.3,1836935
equity,INE415B01044,2026-10-06,122.73,114.31,119.24,3015196
equity,INE934S01014,2026-09-30,612,585.65,598.35,510171
equity,INE934S01014,2026-10-01,598.3,569,580.7,351960
equity,INE934S01014,2026-10-05,591.8,575.65,585.05,234451
equity,INE934S01014,2026-10-06,619.85,578.55,615.8,894714
equity,INE600Y01019,2026-09-30,446.45,435,437.15,216097
equity,INE600Y01019,2026-10-01,437.75,417.5,428,313267
equity,INE600Y01019,2026-10-05,452,430,434.85,288948
equity,INE600Y01019,2026-10-06,450,433.35,446.05,208325
equity,INE0H5O01029,2026-09-30,1139.9,1081,1091.3,56202
equity,INE0H5O01029,2026-10-01,1101.3,1052.6,1082.4,63775
equity,INE0H5O01029,2026-10-02,1082.4,1082.4,1082.4,
equity,INE0H5O01029,2026-10-05,1094.1,1009,1017.9,109660
equity,INE0H5O01029,2026-10-06,1041,1000,1036.2,71871
equity,INE0ALI01010,2026-09-30,1935.2,1863.4,1901.8,33345
equity,INE0ALI01010,2026-10-01,1900,1830.4,1863,28363
equity,INE0ALI01010,2026-10-05,1903.9,1821.6,1832.1,31536
equity,INE0ALI01010,2026-10-06,1960,1836.1,1946.9,63178
equity,INE384A01010,2026-09-30,1555,1526.7,1529.8,9347
equity,INE384A01010,2026-10-01,1532.5,1481.3,1518.7,7421
equity,INE384A01010,2026-10-05,1554.9,1512.3,1550.8,6828
equity,INE384A01010,2026-10-06,1568.9,1533.1,1547.4,3207
equity,INE155D01018,2026-09-30,2153.8,2051.25,2113.6499,9110
equity,INE155D01018,2026-10-01,2194.8999,2031,2052.25,8442
equity,INE155D01018,2026-10-05,2154.8501,1987,1999.95,11412
equity,INE155D01018,2026-10-06,2050,1900,1968.9,14421
equity,INE893J01029,2026-09-30,668.25,643,660.6,39184
equity,INE893J01029,2026-10-01,665.2,648.8,658.85,94944
equity,INE893J01029,2026-10-05,684,665.45,680.7,81041
equity,INE893J01029,2026-10-06,694,670.25,678,90495
equity,INE0MB501011,2026-09-30,688,617.5,645.1,1421545
equity,INE0MB501011,2026-10-01,637.7,590.1,610.3,792128
equity,INE0MB501011,2026-10-02,610.3,610.3,610.3,
equity,INE0MB501011,2026-10-05,628.75,605,609.65,297878
equity,INE0MB501011,2026-10-06,668.5,611,665.45,750591
equity,INE032A01023,2026-09-30,107.84,105,105.62,316532
equity,INE032A01023,2026-10-01,105.5,101.71,102.63,517445
equity,INE032A01023,2026-10-02,102.63,102.63,102.63,
equity,INE032A01023,2026-10-05,104.3,101.02,101.54,384695
equity,INE032A01023,2026-10-06,104.2,101.23,102.91,430476
equity,INE398A01010,2026-09-30,1649.3,1571.1,1588.1,31231
equity,INE398A01010,2026-10-01,1652.1,1532.2,1613,57612
equity,INE398A01010,2026-10-05,1664,1593,1642.7,51707
equity,INE398A01010,2026-10-06,1707.9,1618,1694.8,49757
equity,INE0IQ001011,2026-09-30,224.95,216.9,220.75,1426488
equity,INE0IQ001011,2026-10-01,228.08,212.2,213.8,522323
equity,INE0IQ001011,2026-10-05,218.99,207.6,212.76,368190
equity,INE0IQ001011,2026-10-06,29.72,26.9,29.72,418116
equity,INE922B01023,2026-09-30,379.6,364,366,50560
equity,INE922B01023,2026-10-01,364.95,350.05,359.05,65446
equity,INE922B01023,2026-10-05,362.1,347.7,350.25,51467
equity,INE922B01023,2026-10-06,364.75,349.2,363.2,66783
equity,INE036A01016,2026-09-30,44.28,42.56,44.27,736701
equity,INE036A01016,2026-10-01,46.48,46.48,46.48,674431
equity,INE036A01016,2026-10-05,48.8,48.8,48.8,114132
equity,INE036A01016,2026-10-06,51.24,51.24,51.24,79103
equity,INE0MLS01022,2026-09-30,247.28,241.8,243.2,149107
equity,INE0MLS01022,2026-10-01,250.7,236.48,242.07,598656
equity,INE0MLS01022,2026-10-05,255.88,244.2,249.74,1070964
equity,INE0MLS01022,2026-10-06,252.79,245.98,247.82,361403
equity,INE0QRL01017,2026-09-30,123.48,119,119.39,136891
equity,INE0QRL01017,2026-10-01,120.5,116.2,118.69,123249
equity,INE0QRL01017,2026-10-05,125,118.23,120.03,158603
equity,INE0QRL01017,2026-10-06,122,120,121.24,97831
equity,INE298G01035,2026-09-30,121.09,117.45,118.74,165082
equity,INE298G01035,2026-10-01,120.25,115.35,119.6,255968
equity,INE298G01035,2026-10-05,120.69,113.63,116.7,559485
equity,INE298G01035,2026-10-06,117.99,114.3,116.24,371493
equity,INE461D01028,2026-09-30,456.35,436.15,439.4,124676
equity,INE461D01028,2026-10-01,455.45,430.05,442.05,219734
equity,INE461D01028,2026-10-05,452,424.45,425.85,108277
equity,INE461D01028,2026-10-06,447.1,424.05,447.1,134273
equity,INE128A01029,2026-09-30,325,318.9,323.2,38598
equity,INE128A01029,2026-10-01,322.8,310,315.85,60239
equity,INE128A01029,2026-10-05,329.1,315,318.1,37300
equity,INE128A01029,2026-10-06,321.9,315.3,320.1,58656
equity,INE007B01023,2026-09-30,78.29,76.1,76.59,205675
equity,INE007B01023,2026-10-01,77.9,75.06,75.7,221521
equity,INE007B01023,2026-10-05,77.2,75.16,76.59,199514
equity,INE007B01023,2026-10-06,79,76.51,78.68,287810
equity,INE121N01019,2026-09-30,2226.8,2100.2,2175.3999,11455
equity,INE121N01019,2026-10-01,2189.8,2065,2071.3999,21919
equity,INE121N01019,2026-10-05,2122,2065.8999,2095.2,2088
equity,INE121N01019,2026-10-06,2113,2082.1001,2098.8999,4668
equity,INE246B01019,2026-09-30,572.3,552.2,554.6,42408
equity,INE246B01019,2026-10-01,558,526.9,546.25,79897
equity,INE246B01019,2026-10-05,562.8,546,555.3,39282
equity,INE246B01019,2026-10-06,565.75,553,563.5,33209
equity,INE0H9F01037,2026-09-30,539.95,500.05,529.3,352158
equity,INE0H9F01037,2026-10-01,533.35,515,523.65,68291
equity,INE0H9F01037,2026-10-05,520.65,494,498.7,143394
equity,INE0H9F01037,2026-10-06,535,499.2,522.9,351503
equity,INE17QZ01016,2026-09-30,182,175.75,180,582310
equity,INE17QZ01016,2026-10-01,183.5,178.01,180.67,634416
equity,INE17QZ01016,2026-10-02,180.67,180.67,180.67,
equity,INE17QZ01016,2026-10-05,189.99,175,188.91,3812054
equity,INE17QZ01016,2026-10-06,201.32,188.15,197.34,2605171
equity,INE932A01024,2026-09-30,187.25,182.1,184,783073
equity,INE932A01024,2026-10-01,184.5,172,173.62,1220227
equity,INE932A01024,2026-10-05,180.54,174.42,178.71,571235
equity,INE932A01024,2026-10-06,180.19,176.61,177.85,273802
equity,INE355A01028,2026-09-30,622,606.55,617.75,64566
equity,INE355A01028,2026-10-01,619,597.2,614.2,95859
equity,INE355A01028,2026-10-02,614.2,614.2,614.2,
equity,INE355A01028,2026-10-05,627.8,608.25,610.9,85158
equity,INE355A01028,2026-10-06,631.7,605.35,625,129420
equity,INE551C01044,2026-09-30,63.36,60.77,62.09,6037718
equity,INE551C01044,2026-10-01,65.4,61,61.8,7563030
equity,INE551C01044,2026-10-02,61.8,61.8,61.8,
equity,INE551C01044,2026-10-05,73.88,62.5,70.49,55171960
equity,INE551C01044,2026-10-06,75.4,70.55,72.58,24259222
equity,INE18UN01038,2026-09-30,143.05,139.21,140.05,309382
equity,INE18UN01038,2026-10-01,140.76,133,135.27,527018
equity,INE18UN01038,2026-10-02,135.27,135.27,135.27,
equity,INE18UN01038,2026-10-05,140,134.01,135.87,221532
equity,INE18UN01038,2026-10-06,142.95,135.12,141.71,723867
equity,INE029L01018,2026-09-30,4893.5,4761.5,4799,1070
equity,INE029L01018,2026-10-01,4853.2998,4531,4693.2002,6414
equity,INE029L01018,2026-10-05,4774,4635,4709.7998,1022
equity,INE029L01018,2026-10-06,4837.5,4664,4808.2998,686
equity,INE411B01019,2026-09-30,1796.1,1730,1796.1,28419
equity,INE411B01019,2026-10-01,1880,1715,1796.7,116523
equity,INE411B01019,2026-10-02,1796.7,1796.7,1796.7,
equity,INE411B01019,2026-10-05,1819,1710,1778,21176
equity,INE411B01019,2026-10-06,1807.9,1710,1746.7,20737
equity,INE0P9J01013,2026-09-30,2433,2377.05,2389.3999,15300
equity,INE0P9J01013,2026-10-01,2520,2371.1001,2498.3999,72500
equity,INE0P9J01013,2026-10-05,2600,2510,2576.8,43300
equity,INE0P9J01013,2026-10-06,2605,2540.05,2555.1001,16900
equity,INE622Q01027,2026-09-30,306,300,300.15,34673
equity,INE622Q01027,2026-10-01,300,282,289.55,21595
equity,INE622Q01027,2026-10-05,310,283,304.15,44957
equity,INE622Q01027,2026-10-06,310,283,303.8,61583
equity,INE732S01012,2026-09-30,1143.8,1082,1093.05,58262
equity,INE732S01012,2026-10-01,1108,1042.5,1075,97461
equity,INE732S01012,2026-10-05,1094,985,1006.8,204117
equity,INE732S01012,2026-10-06,1068,1013,1048.5,68620
equity,INE879K01018,2026-09-30,175.4,156.26,171.14,2691889
equity,INE879K01018,2026-10-01,178.6,166.95,171.94,796289
equity,INE879K01018,2026-10-05,175.55,166.15,169.38,266436
equity,INE879K01018,2026-10-06,171.39,165.5,170.36,346101
equity,INE603A01013,2026-09-30,129,120.62,123.72,750601
equity,INE603A01013,2026-10-01,123.55,116.78,118.69,543685
equity,INE603A01013,2026-10-05,121.22,116.76,119.72,413992
equity,INE603A01013,2026-10-06,120.9,118.35,119.7,200277
equity,INE03NU01014,2026-09-30,57.8,55.85,56.96,282041
equity,INE03NU01014,2026-10-01,57.5,55.8,56.94,186794
equity,INE03NU01014,2026-10-05,57.4,56.2,57.06,95219
equity,INE03NU01014,2026-10-06,57.4,56.52,56.93,28827
equity,INE612J01015,2026-09-30,346.25,340,341.7,51214
equity,INE612J01015,2026-10-01,342,332.4,337.75,69261
equity,INE612J01015,2026-10-05,342.45,327.05,329.25,77171
equity,INE612J01015,2026-10-06,337.45,325.65,326.45,65014
equity,INE338F01015,2026-09-30,534.55,521.55,523.95,206790
equity,INE338F01015,2026-10-01,529.95,509.85,523.95,193647
equity,INE338F01015,2026-10-02,523.95,523.95,523.95,
equity,INE338F01015,2026-10-05,538.65,517.55,524.3,101469
equity,INE338F01015,2026-10-06,537,520,528.4,147354
equity,INE0N0J01014,2026-09-30,2350,2258,2321.7,5650
equity,INE0N0J01014,2026-10-01,2322,2250,2280.7,4450
equity,INE0N0J01014,2026-10-05,2296,2255,2291,2350
equity,INE0N0J01014,2026-10-06,2450,2280.05,2428.3,6550
equity,INE0Q7P01013,2026-09-30,1552.9,1476,1536.85,10500
equity,INE0Q7P01013,2026-10-01,1550,1475,1518.9,6000
equity,INE0Q7P01013,2026-10-05,1594,1540,1576.8,27600
equity,INE175A01038,2026-09-30,29.3,27.75,27.93,1648888
equity,INE175A01038,2026-10-01,27.89,27.01,27.3,1630361
equity,INE175A01038,2026-10-02,27.3,27.3,27.3,
equity,INE175A01038,2026-10-05,27.83,26.7,26.81,1197115
equity,INE175A01038,2026-10-06,27.1,26.5,26.65,1607572
equity,INE392H01026,2026-09-30,272.4,258.8,260.8,3026
equity,INE392H01026,2026-10-01,260.8,247.8,249,2020
equity,INE392H01026,2026-10-05,254,236.55,237.05,2158
equity,INE392H01026,2026-10-06,248.9,225.2,248.9,11619
equity,INE07O001026,2026-09-30,6.03,5.81,5.86,9015155
equity,INE07O001026,2026-10-01,5.89,5.72,5.76,12319113
equity,INE07O001026,2026-10-05,5.83,5.76,5.77,6177377
equity,INE07O001026,2026-10-06,5.84,5.76,5.8,5917845
equity,INE04AK01028,2026-09-30,59.5,54.81,58.29,35616365
equity,INE04AK01028,2026-10-01,59.5,56.97,58.54,31458938
equity,INE04AK01028,2026-10-02,58.54,58.54,58.54,
equity,INE04AK01028,2026-10-05,63.14,57.36,62.04,32139550
equity,INE04AK01028,2026-10-06,64.43,60.4,61.7,26585518
equity,INE05CZ01011,2026-09-30,344.4,328.2,330.75,6063423
equity,INE05CZ01011,2026-10-01,354.5,330.05,345.45,11559546
equity,INE05CZ01011,2026-10-05,357.7,337.2,339.35,3923098
equity,INE05CZ01011,2026-10-06,343.95,333.9,335.25,1399874
equity,INE0R4701017,2026-09-30,876.15,838.15,847.1,27800
equity,INE0R4701017,2026-10-01,847.1,811,823.2,53000
equity,INE0R4701017,2026-10-05,852,805.3,810.8,28800
equity,INE109C01017,2026-09-30,1756.7,1707.1,1744.2,31160
equity,INE109C01017,2026-10-01,1785,1703,1764.4,38263
equity,INE109C01017,2026-10-05,1817,1714,1754.9,53075
equity,INE109C01017,2026-10-06,1763.9,1730,1743.7,17659
equity,INE903A01025,2026-09-30,214.9,204.1,204.93,641565
equity,INE903A01025,2026-10-01,209.95,198.3,201.46,437158
equity,INE903A01025,2026-10-05,230,203.45,221.97,5652546
equity,INE903A01025,2026-10-06,243.89,228.01,240.02,6302272
equity,INE927X01018,2026-09-30,103000,102665,102665,2
equity,INE927X01018,2026-10-01,102665,101110,102155,7
equity,INE927X01018,2026-10-05,102155,100500,102000,5
equity,INE927X01018,2026-10-06,102975,98005,102975,10
equity,INE074B01023,2026-09-30,59.39,56,56.36,1234180
equity,INE074B01023,2026-10-01,58.47,55.1,56.51,1716908
equity,INE074B01023,2026-10-05,58,55.52,56.08,729507
equity,INE074B01023,2026-10-06,58.5,56.11,58.22,966360
equity,INE059B01024,2026-09-30,255,241,245.5,73280
equity,INE059B01024,2026-10-01,253,234.8,245.01,700626
equity,INE059B01024,2026-10-02,245.01,245.01,245.01,
equity,INE059B01024,2026-10-05,263,248.11,249.61,280280
equity,INE059B01024,2026-10-06,261.5,247.82,259.13,205664
equity,INE818W01011,2026-09-30,46,44.03,44.52,733692
equity,INE818W01011,2026-10-01,44.5,42.3,43.4,438635
equity,INE818W01011,2026-10-05,43.99,42,43.18,475820
equity,INE818W01011,2026-10-06,43.45,41.79,42.15,353896
equity,INE625X01026,2026-09-30,144.8,138.86,140.49,261015
equity,INE625X01026,2026-10-01,142.5,136.41,138.68,256017
equity,INE625X01026,2026-10-05,142,136.77,137.41,66478
equity,INE625X01026,2026-10-06,139.39,136.76,137.68,93538
equity,INE0OV601013,2026-09-30,345.5,335.2,337.2,113345
equity,INE0OV601013,2026-10-01,338,324.65,331.55,157212
equity,INE0OV601013,2026-10-02,331.55,331.55,331.55,
equity,INE0OV601013,2026-10-05,337.35,324.3,327.8,121022
equity,INE0OV601013,2026-10-06,340.45,329,334.25,112594
equity,INE0KQN01018,2026-09-30,172.56,163.5,164.9,199105
equity,INE0KQN01018,2026-10-01,165.39,159,163.63,151355
equity,INE0KQN01018,2026-10-05,165.99,162.12,164.05,79333
equity,INE0KQN01018,2026-10-06,165.96,163.1,164.08,130023
equity,INE586V01016,2026-09-30,552,508.6,521.65,794380
equity,INE586V01016,2026-10-01,513.9,496.1,504.75,93406
equity,INE586V01016,2026-10-05,506.4,484,494.2,55221
equity,INE586V01016,2026-10-06,507,491.3,501.4,25195
equity,INE077F01035,2026-09-30,370.6,360.65,362.45,64481
equity,INE077F01035,2026-10-01,364.25,343.8,351.65,126291
equity,INE077F01035,2026-10-05,357,343.5,347.7,57133
equity,INE077F01035,2026-10-06,375,347,372.45,141666
equity,INE438E01032,2026-09-30,1039,1010,1014.35,12197
equity,INE438E01032,2026-10-01,1029.9,991,1018.2,34402
equity,INE438E01032,2026-10-05,1038,1015,1022.6,16720
equity,INE438E01032,2026-10-06,1040,1017,1029.3,9994
equity,INE559R01029,2026-09-30,495.5,471,475.7,949666
equity,INE559R01029,2026-10-01,473,456.05,463.25,205673
equity,INE559R01029,2026-10-05,475,456,470.7,196654
equity,INE559R01029,2026-10-06,484,469.85,480.6,71976
equity,INE00HZ01011,2026-09-30,217.6,210.1,217.6,102349
equity,INE00HZ01011,2026-10-01,228.48,219,227.83,434945
equity,INE00HZ01011,2026-10-02,227.83,227.83,227.83,
equity,INE00HZ01011,2026-10-05,239.22,219,238.45,159454
equity,INE00HZ01011,2026-10-06,243.99,226.53,226.53,16611
equity,INE451L01014,2026-09-30,1209,1167,1189,987
equity,INE451L01014,2026-10-01,1199.9,1131.1,1182.5,3755
equity,INE451L01014,2026-10-05,1195,1139,1167.1,877
equity,INE451L01014,2026-10-06,1162,1131.4,1139.3,892
equity,INE194R01017,2026-09-30,1447.4,1398.9,1404.5,35676
equity,INE194R01017,2026-10-01,1407.3,1334.1,1355.2,38880
equity,INE194R01017,2026-10-05,1398,1322.1,1363.2,72372
equity,INE194R01017,2026-10-06,1424.9,1356,1406.7,82965
equity,INE075D01018,2026-09-30,981,960,966.95,39378
equity,INE075D01018,2026-10-01,974.45,939,952,55565
equity,INE075D01018,2026-10-05,972,946,947.9,74566
equity,INE075D01018,2026-10-06,985,945,981.35,66738
equity,INE1B3L01017,2026-09-30,231,216.79,224.6,2130481
equity,INE1B3L01017,2026-10-01,228,216.41,221.31,1103142
equity,INE1B3L01017,2026-10-05,223.28,218.11,219.36,290081
equity,INE1B3L01017,2026-10-06,225.5,219.49,223.32,1129088
equity,INE985S01024,2026-09-30,1159.9,1131.5,1148.6,9039
equity,INE985S01024,2026-10-01,1185,1125,1179.4,15313
equity,INE985S01024,2026-10-05,1194.6,1117.6,1134.6,31212
equity,INE985S01024,2026-10-06,1147.1,1121,1130.3,16957
equity,INE805C01028,2026-09-30,158.59,153.91,154.15,80241
equity,INE805C01028,2026-10-01,155,150.1,154.17,92889
equity,INE805C01028,2026-10-05,158.69,153.01,155.61,159779
equity,INE805C01028,2026-10-06,158.99,151.35,154.41,200701
equity,INE500L01026,2026-09-30,142.78,139.65,141.02,181372
equity,INE500L01026,2026-10-01,141.35,135,137.86,208064
equity,INE500L01026,2026-10-05,140.89,136,137.42,195849
equity,INE500L01026,2026-10-06,143.86,136.82,142.32,584843
equity,INE586B01026,2026-09-30,327.7,314.8,320.2,36962
equity,INE586B01026,2026-10-01,321,310,314.9,45698
equity,INE586B01026,2026-10-05,325,312.35,315.3,33436
equity,INE586B01026,2026-10-06,320.5,314.4,318.3,24032
equity,INE809Q01020,2026-09-30,276.85,262,273.5,7287
equity,INE809Q01020,2026-10-01,272.5,263,263.75,3928
equity,INE809Q01020,2026-10-05,270.95,256,263.3,2571
equity,INE809Q01020,2026-10-06,266.8,251.1,257.85,3142
equity,INE045B01015,2026-09-30,944.85,913.5,914.5,112087
equity,INE045B01015,2026-10-01,927.35,884.5,889.2,268150
equity,INE045B01015,2026-10-02,889.2,889.2,889.2,
equity,INE045B01015,2026-10-05,915,880.05,885.1,129029
equity,INE045B01015,2026-10-06,930.25,889.4,924.15,187166
equity,INE0U4101014,2026-09-30,147.8,140.1,141.74,149662
equity,INE0U4101014,2026-10-01,149,139.01,147.82,346713
equity,INE0U4101014,2026-10-05,151.54,142.95,143.92,223038
equity,INE0U4101014,2026-10-06,147.99,142.84,144.53,139531
equity,INE149O01018,2026-09-30,1262.1,1230.5,1236.4,44693
equity,INE149O01018,2026-10-01,1240,1198,1234.5,51473
equity,INE149O01018,2026-10-05,1253.3,1214,1221.3,28920
equity,INE149O01018,2026-10-06,1244.4,1211.3,1240.9,26333
equity,INE219W01012,2026-09-30,445,426,428.9,17166
equity,INE219W01012,2026-10-01,438.9,411.1,423.4,21174
equity,INE219W01012,2026-10-05,444.55,444.55,444.55,13757
equity,INE219W01012,2026-10-06,466.75,466.75,466.75,27184
equity,INE634A01018,2026-09-30,1916.9,1868.1,1874.5,1685
equity,INE634A01018,2026-10-01,1915,1835,1886.3,2893
equity,INE634A01018,2026-10-05,1919.9,1848,1865.2,2605
equity,INE634A01018,2026-10-06,1914.9,1850,1885.9,2399
equity,INE667G01023,2026-09-30,143.67,136.61,139.43,169137
equity,INE667G01023,2026-10-01,141.97,135.09,139.33,241189
equity,INE667G01023,2026-10-05,144,138.56,140.72,259830
equity,INE667G01023,2026-10-06,144,140.31,142.74,112701
equity,INE782E01017,2026-09-30,2240.1001,2160.2,2175.8,2531
equity,INE782E01017,2026-10-01,2167.8999,2075.5,2126.8,2718
equity,INE782E01017,2026-10-05,2186.8999,2090.2,2105.5,2719
equity,INE782E01017,2026-10-06,2184.8999,2090.2,2174.1001,4424
equity,INE243D01012,2026-09-30,525,504,507.75,73546
equity,INE243D01012,2026-10-01,508.7,490.95,504.75,77989
equity,INE243D01012,2026-10-02,504.75,504.75,504.75,
equity,INE243D01012,2026-10-05,512.95,495,495.9,35313
equity,INE243D01012,2026-10-06,504.15,495.6,498.9,20831
equity,INE323C01030,2026-09-30,362.8,350.3,352.8,25759
equity,INE323C01030,2026-10-01,354.5,337.85,346.1,33765
equity,INE323C01030,2026-10-05,347.85,334.05,335.7,23630
equity,INE323C01030,2026-10-06,342.5,333.6,341.2,40380
equity,INE002E01010,2026-09-30,8714.5,8300,8577.9502,283
equity,INE002E01010,2026-10-01,8999.7998,8149.1001,8149.1001,218
equity,INE002E01010,2026-10-05,7741.6499,7741.6499,7741.6499,30
equity,INE002E01010,2026-10-06,7354.6001,7354.6001,7354.6001,30
equity,INE068L01024,2026-09-30,233.99,229.3,231.22,69587
equity,INE068L01024,2026-10-01,232.7,224,224.66,90583
equity,INE068L01024,2026-10-05,228.98,220,225.18,172213
equity,INE068L01024,2026-10-06,230.14,224.85,229.84,111517
equity,INE08NE01025,2026-09-30,108.14,104.15,104.94,61552
equity,INE08NE01025,2026-10-01,106.8,101.21,103,104636
equity,INE08NE01025,2026-10-05,107.19,102.85,104.73,124564
equity,INE08NE01025,2026-10-06,106.13,103.2,104.07,104195
equity,INE0KKN01029,2026-09-30,17.52,17.51,17.51,9861676
equity,INE0KKN01029,2026-10-01,16.64,16.64,16.64,234814
equity,INE0KKN01029,2026-10-02,16.64,16.64,16.64,
equity,INE0KKN01029,2026-10-05,15.81,15.81,15.81,135708
equity,INE0KKN01029,2026-10-06,16.6,15.02,16.59,31125880
equity,INE900B01029,2026-09-30,838.9,788.35,805.55,221415
equity,INE900B01029,2026-10-01,823.25,765.3,765.3,120365
equity,INE900B01029,2026-10-05,803.55,747,799.4,142249
equity,INE900B01029,2026-10-06,824.9,771.05,815.7,50963
equity,INE004A01022,2026-09-30,684.4,651.65,659.3,574562
equity,INE004A01022,2026-10-01,677.95,630.85,639.75,610264
equity,INE004A01022,2026-10-05,657.65,635,639.05,346309
equity,INE004A01022,2026-10-06,699,631.6,689.25,1282547
equity,INE05TO01019,2026-09-30,210,200,206.57,776058
equity,INE05TO01019,2026-10-01,212,204.01,208.14,590536
equity,INE05TO01019,2026-10-05,216.9,207.46,211.24,2097713
equity,INE05TO01019,2026-10-06,212.49,206.7,209.24,813077
equity,INE806C01018,2026-09-30,259,247.5,252.69,72482
equity,INE806C01018,2026-10-01,254,240.15,250.05,100134
equity,INE806C01018,2026-10-05,252.5,240,242.15,42944
equity,INE806C01018,2026-10-06,250,239,242.25,114112
equity,INE752G01015,2026-09-30,34.95,32.83,33,2560393
equity,INE752G01015,2026-10-01,33.31,31.66,32.52,1038333
equity,INE752G01015,2026-10-02,32.52,32.52,32.52,
equity,INE752G01015,2026-10-05,32.8,31.52,31.65,893166
equity,INE752G01015,2026-10-06,32.64,31.1,32.34,538757
equity,INE229C01021,2026-09-30,150.28,146.15,148.64,22428
equity,INE229C01021,2026-10-01,155.02,146.02,150.01,66762
equity,INE229C01021,2026-10-05,153.51,147.01,148.68,13697
equity,INE229C01021,2026-10-06,149.7,145.81,146.6,38480
equity,INE0OWZ01020,2026-09-30,843.4,811.55,818.15,433635
equity,INE0OWZ01020,2026-10-01,859,798.15,836.95,1336521
equity,INE0OWZ01020,2026-10-02,836.95,836.95,836.95,
equity,INE0OWZ01020,2026-10-05,920.6,850,897.55,3364393
equity,INE0OWZ01020,2026-10-06,970,913.5,933.1,4325488
equity,INE0LGX01024,2026-09-30,91.8,86.81,87.5,609109
equity,INE0LGX01024,2026-10-01,89.01,84.71,87.02,699639
equity,INE0LGX01024,2026-10-02,87.02,87.02,87.02,
equity,INE0LGX01024,2026-10-05,89.22,83.05,83.44,619352
equity,INE0LGX01024,2026-10-06,85.34,83.4,83.81,478784
equity,INE052I01032,2026-09-30,95.79,92.91,93.15,369269
equity,INE052I01032,2026-10-01,94.18,89.12,91.01,605614
equity,INE052I01032,2026-10-05,93.2,89.69,91.16,373342
equity,INE052I01032,2026-10-06,95.69,90.9,95,485701
equity,INE06ZD01017,2026-09-30,321,306.15,308.6,3315946
equity,INE06ZD01017,2026-10-01,311.95,292.1,303.55,2237991
equity,INE06ZD01017,2026-10-02,303.55,303.55,303.55,
equity,INE06ZD01017,2026-10-05,323.5,308.5,316.6,3136803
equity,INE06ZD01017,2026-10-06,338.7,318.95,336.65,4557162
equity,INE0OLS01010,2026-09-30,1523.95,1433.5,1455.95,11100
equity,INE0OLS01010,2026-10-01,1498,1310,1375.15,26500
equity,INE0OLS01010,2026-10-05,1398,1311,1374.45,12800
equity,INE338D01028,2026-09-30,200.5,182.4,198.35,789248
equity,INE338D01028,2026-10-01,199,188.44,189.75,619032
equity,INE338D01028,2026-10-05,195,180.27,180.3,513672
equity,INE338D01028,2026-10-06,188.5,173,186.57,564761
equity,INE495S01016,2026-09-30,274.65,268.1,269.05,57651
equity,INE495S01016,2026-10-01,270.4,260.3,267.2,93293
equity,INE495S01016,2026-10-02,267.2,267.2,267.2,
equity,INE495S01016,2026-10-05,272,263.5,264.75,53225
equity,INE495S01016,2026-10-06,277,263,272.7,119821
equity,INE838B01021,2026-09-30,1030,998.5,1003.9,28003
equity,INE838B01021,2026-10-01,1010.1,977.4,998.6,17142
equity,INE838B01021,2026-10-05,1011.9,970,983.2,11663
equity,INE838B01021,2026-10-06,1008.3,978,998.3,16359
equity,INE304A01026,2026-09-30,184.8,174.25,180.13,1438322
equity,INE304A01026,2026-10-01,183.96,170.05,172.66,858946
equity,INE304A01026,2026-10-02,172.66,172.66,172.66,
equity,INE304A01026,2026-10-05,189.9,173.76,182.2,1971183
equity,INE304A01026,2026-10-06,184.95,175,181.55,476024
equity,INE08ZM01014,2026-09-30,164.67,158,160.32,811571
equity,INE08ZM01014,2026-10-01,160.95,155,158.59,121066
equity,INE08ZM01014,2026-10-05,161.2,156.23,159.06,272774
equity,INE08ZM01014,2026-10-06,160.7,157.42,159.92,281298
equity,INE777X01017,2026-09-30,1304.9,1287.65,1290.65,64625
equity,INE777X01017,2026-10-01,1285,1262.5,1271.55,62500
equity,INE777X01017,2026-10-05,1275,1260.5,1266.05,111250
equity,INE777X01017,2026-10-06,1274,1263.75,1271.85,92875
equity,INE111F01024,2026-09-30,680.9,651.2,665.25,26250
equity,INE111F01024,2026-10-01,662.05,634,650.3,23637
equity,INE111F01024,2026-10-02,650.3,650.3,650.3,
equity,INE111F01024,2026-10-05,672,645,657.45,22958
equity,INE111F01024,2026-10-06,728.8,658,704.3,78560
equity,INE312C01025,2026-09-30,27.49,24.5,25.08,99577808
equity,INE312C01025,2026-10-01,25.1,22.68,23.96,44387615
equity,INE312C01025,2026-10-05,24.7,22.7,23.14,20341146
equity,INE312C01025,2026-10-06,23.83,22.77,23.22,15325487
equity,INE059D01020,2026-09-30,158.69,155.31,156.18,57031
equity,INE059D01020,2026-10-01,158.4,153.45,156.11,104311
equity,INE059D01020,2026-10-02,156.11,156.11,156.11,
equity,INE059D01020,2026-10-05,159.53,154,154.47,96190
equity,INE059D01020,2026-10-06,159.9,154,159.07,125426
equity,INE0NJ001013,2026-09-30,1103.95,1069.95,1091.75,17531
equity,INE0NJ001013,2026-10-01,1097,1036.1,1058.9,44237
equity,INE0NJ001013,2026-10-05,1134,1069.95,1074.55,35205
equity,INE0NJ001013,2026-10-06,1125,1073.1,1081.55,46774
equity,INE275B01026,2026-09-30,243,234.7,237.35,87980
equity,INE275B01026,2026-10-01,235.3,227.81,232.72,94577
equity,INE275B01026,2026-10-02,232.72,232.72,232.72,
equity,INE275B01026,2026-10-05,234.8,226.1,227.52,103891
equity,INE275B01026,2026-10-06,235,228,233.45,48180
equity,INE742C01031,2026-09-30,612.4,595.35,600.6,191699
equity,INE742C01031,2026-10-01,595.9,575.65,587.65,168192
equity,INE742C01031,2026-10-05,593.9,583.15,585.95,99604
equity,INE742C01031,2026-10-06,593,584.6,590.7,94108
equity,INE096B01018,2026-09-30,662.9,647,650.25,15978
equity,INE096B01018,2026-10-01,655.55,638.05,646.95,12071
equity,INE096B01018,2026-10-05,652.45,636.05,637.75,10735
equity,INE096B01018,2026-10-06,642.9,632,638.05,14083
equity,INE572J01011,2026-09-30,231,219.01,220.76,304252
equity,INE572J01011,2026-10-01,221.03,214,216.34,186398
equity,INE572J01011,2026-10-05,218.57,211.02,213.52,162492
equity,INE572J01011,2026-10-06,219.98,215.05,218.12,96068
equity,INE14UN01029,2026-09-30,96.9,93.42,94.41,1597875
equity,INE14UN01029,2026-10-01,93.92,89.69,90.97,1066713
equity,INE14UN01029,2026-10-02,90.97,90.97,90.97,
equity,INE14UN01029,2026-10-05,95.35,90.95,91.27,1296809
equity,INE14UN01029,2026-10-06,95.83,92,95.83,2090967
equity,INE1EEM01017,2026-09-30,529.95,449.6,485.6,15601996
equity,INE1EEM01017,2026-10-01,495.95,461,467.95,1849262
equity,INE1EEM01017,2026-10-02,467.95,467.95,467.95,
equity,INE1EEM01017,2026-10-05,499.7,471,490.05,1679279
equity,INE1EEM01017,2026-10-06,516.95,481.55,510.05,2310079
equity,INE155Z01011,2026-09-30,2183.6001,2080,2096,40395
equity,INE155Z01011,2026-10-01,2234.7,2060.1001,2144.8,97223
equity,INE155Z01011,2026-10-05,2251,2121,2160.5,64476
equity,INE155Z01011,2026-10-06,2198.5,2044.1,2090.1001,44502
equity,INE156A01020,2026-09-30,107.5,99,100.36,1164796
equity,INE156A01020,2026-10-01,101.64,91.55,95.81,1609228
equity,INE156A01020,2026-10-02,95.81,95.81,95.81,
equity,INE156A01020,2026-10-05,99.79,93.15,93.69,760868
equity,INE156A01020,2026-10-06,96.34,92.42,95.1,602928
equity,INE926B01016,2026-09-30,35.01,33.94,34.19,1400
equity,INE926B01016,2026-10-01,35.89,34.35,34.8,6337
equity,INE926B01016,2026-10-05,36.5,34.07,35.93,1908
equity,INE926B01016,2026-10-06,36.98,34.66,36.17,1915
equity,INE0I0T01010,2026-09-30,509.8,488.75,493.15,54039
equity,INE0I0T01010,2026-10-01,503.85,482.1,493,39897
equity,INE0I0T01010,2026-10-02,493,493,493,
equity,INE0I0T01010,2026-10-05,553.85,493,506.1,2133658
equity,INE0I0T01010,2026-10-06,519.9,497.1,511.15,84435
equity,INE338A01024,2026-09-30,155.83,150.74,151.39,243364
equity,INE338A01024,2026-10-01,151.74,143.12,146.26,463985
equity,INE338A01024,2026-10-02,146.26,146.26,146.26,
equity,INE338A01024,2026-10-05,150.09,141.4,143.35,279997
equity,INE338A01024,2026-10-06,150.99,144.1,148.53,320736
equity,INE0OWC01011,2026-09-30,718.8,713,715.75,20250
equity,INE0OWC01011,2026-10-01,718.8,707,710.6,25000
equity,INE0OWC01011,2026-10-05,712.95,708,708.4,19250
equity,INE0OWC01011,2026-10-06,711.75,705,706.75,18500
equity,INE0KL801015,2026-09-30,164.87,159.6,161.18,345928
equity,INE0KL801015,2026-10-01,161.8,155.01,158.99,314149
equity,INE0KL801015,2026-10-05,162.9,156,156.82,214338
equity,INE0KL801015,2026-10-06,161.38,157.36,160.23,156589
equity,INE108V01019,2026-09-30,250.7,242.6,244.1,196593
equity,INE108V01019,2026-10-01,246.6,233.51,235.26,458720
equity,INE108V01019,2026-10-05,244,234.5,235.59,348755
equity,INE108V01019,2026-10-06,249,235,243.54,547536
equity,INE418H01029,2026-09-30,10.78,10.05,10.13,7854276
equity,INE418H01029,2026-10-01,10.21,9.88,10.12,4561834
equity,INE418H01029,2026-10-05,10.32,10,10.03,3374008
equity,INE418H01029,2026-10-06,10.57,10.04,10.5,4520922
equity,INE982F01036,2026-09-30,9.64,9.41,9.45,1655209
equity,INE982F01036,2026-10-01,9.41,9.1,9.32,1551707
equity,INE982F01036,2026-10-05,9.47,9.32,9.4,1463537
equity,INE982F01036,2026-10-06,10,9.37,9.8,2497477
equity,INE1B3501014,2026-09-30,1035.35,1035.35,1035.35,6500
equity,INE1B3501014,2026-10-01,1056.05,1056,1056.05,12000
equity,INE1B3501014,2026-10-05,1077.15,1055,1057.15,8500
equity,INE1B3501014,2026-10-06,1078.25,1074.95,1078.25,12500
equity,INE1SRC01010,2026-09-30,1215,1167.05,1174.5,55200
equity,INE1SRC01010,2026-10-01,1175,1110,1135.5,156800
equity,INE1SRC01010,2026-10-05,1165,1116.1,1157.6,104000
equity,INE1SRC01010,2026-10-06,1214,1161.05,1192.8,61600
equity,INE704B01017,2026-09-30,1616.8,1570.2,1594.8,32646
equity,INE704B01017,2026-10-01,1594.8,1505,1538.2,34375
equity,INE704B01017,2026-10-05,1575,1522.6,1550.4,17316
equity,INE704B01017,2026-10-06,1608.2,1550.1,1593.4,20828
equity,INE170I01016,2026-09-30,375.9,364.95,370.05,14795
equity,INE170I01016,2026-10-01,375.25,363,367.05,9114
equity,INE170I01016,2026-10-05,372.95,361.4,364.95,7248
equity,INE170I01016,2026-10-06,366.4,360.1,361.4,13171
equity,INE0PB301013,2026-09-30,37.34,36.6,36.86,117368
equity,INE0PB301013,2026-10-01,37.06,36.3,36.65,196994
equity,INE0PB301013,2026-10-02,36.65,36.65,36.65,
equity,INE0PB301013,2026-10-05,37.49,36.26,37.26,287269
equity,INE0PB301013,2026-10-06,37.9,37,37.68,236495
equity,INE015C01016,2026-09-30,977.55,941.5,952.1,24523
equity,INE015C01016,2026-10-01,959,911.05,938.85,34386
equity,INE015C01016,2026-10-05,951.2,922.75,930.15,30521
equity,INE015C01016,2026-10-06,960,931.25,950.25,24117
equity,INE264T01014,2026-09-30,186.63,182.4,182.89,95782
equity,INE264T01014,2026-10-01,182.83,176.16,180.33,276832
equity,INE264T01014,2026-10-05,182.91,175.99,178.62,222639
equity,INE264T01014,2026-10-06,186.97,178.21,184.51,977032
equity,INE193B01039,2026-09-30,300.25,290.05,292.15,44125
equity,INE193B01039,2026-10-01,295.9,271.65,279.95,157272
equity,INE193B01039,2026-10-05,288.7,279.8,283.15,33782
equity,INE193B01039,2026-10-06,292.8,281.3,289.25,32944
equity,INE985W01018,2026-09-30,1156.9,1078,1082.2,6433
equity,INE985W01018,2026-10-01,1105.2,1065.9,1079.2,21831
equity,INE985W01018,2026-10-05,1086.7,1052,1071.9,10873
equity,INE985W01018,2026-10-06,1083,1055.1,1070,16254
equity,INE0G5901015,2026-09-30,180.15,175,175.35,178498
equity,INE0G5901015,2026-10-01,176.75,168.61,171.59,284743
equity,INE0G5901015,2026-10-05,173.99,167.36,168.13,242301
equity,INE0G5901015,2026-10-06,175,168.13,173.75,300375
equity,INE08LI01020,2026-09-30,564.45,543,559.95,68107
equity,INE08LI01020,2026-10-01,559.95,539.05,554.85,77525
equity,INE08LI01020,2026-10-05,564.1,551.3,559.35,50372
equity,INE08LI01020,2026-10-06,564,550,552.7,33480
equity,INE276C01014,2026-09-30,302.35,289.2,297.15,18403
equity,INE276C01014,2026-10-01,300.6,289,296.1,13263
equity,INE276C01014,2026-10-05,300,288,294.4,4180
equity,INE276C01014,2026-10-06,299.7,293,297.8,10394
equity,INE192H01020,2026-09-30,80.3,78.06,78.92,943352
equity,INE192H01020,2026-10-01,78.53,77,77.87,1052630
equity,INE192H01020,2026-10-05,79.45,77.38,78.5,1011559
equity,INE192H01020,2026-10-06,79.79,78.49,79.04,1056604
equity,INE598D01035,2026-09-30,69.1,65.15,66.03,1174607
equity,INE598D01035,2026-10-01,68.36,65.35,67.51,1379737
equity,INE598D01035,2026-10-05,69.77,67.05,68.25,1133101
equity,INE598D01035,2026-10-06,71.71,68.01,70.56,1396399
equity,INE425B01027,2026-09-30,9.42,9.2,9.22,3466176
equity,INE425B01027,2026-10-01,9.8,9,9.52,7417823
equity,INE425B01027,2026-10-05,9.74,9.05,9.17,9004653
equity,INE425B01027,2026-10-06,9.22,8.89,9.07,4615866
equity,INE071D01033,2026-09-30,303,292,296.2,70127
equity,INE071D01033,2026-10-01,295.95,281,288.4,66161
equity,INE071D01033,2026-10-05,292.6,268.15,286,224623
equity,INE071D01033,2026-10-06,309.65,285,304.95,189773
equity,INE631E01024,2026-09-30,29.36,29.36,29.36,132349
equity,INE631E01024,2026-10-01,27.9,27.9,27.9,59523
equity,INE631E01024,2026-10-05,26.51,26.51,26.51,18883
equity,INE631E01024,2026-10-06,25.19,25.19,25.19,53863
equity,INE070I01018,2026-09-30,599.2,581.05,584.3,7085
equity,INE070I01018,2026-10-01,587.85,561.05,568.7,17552
equity,INE070I01018,2026-10-05,593.45,566.15,578.8,15020
equity,INE070I01018,2026-10-06,585,579.25,584.15,7785
equity,INE782X01033,2026-09-30,72.19,70.04,70.25,364902
equity,INE782X01033,2026-10-01,71.39,68,69.2,577923
equity,INE782X01033,2026-10-02,69.2,69.2,69.2,
equity,INE782X01033,2026-10-05,72.7,69.77,71.93,744174
equity,INE782X01033,2026-10-06,72.39,71.25,72.06,303769
equity,INE887E01022,2026-09-30,2944.7,2823.1001,2909.5,4054
equity,INE887E01022,2026-10-01,2972,2851,2924,15235
equity,INE887E01022,2026-10-02,2924,2924,2924,
equity,INE887E01022,2026-10-05,3045,2841,2988.3,7251
equity,INE887E01022,2026-10-06,3184,2995,3122.1001,18051
equity,INE737E01011,2026-09-30,94.95,90.5,91.2,12663
equity,INE737E01011,2026-10-01,92.79,89,90,6712
equity,INE737E01011,2026-10-05,94.35,87,90.27,17322
equity,INE737E01011,2026-10-06,94.01,89.04,89.88,8319
equity,INE150C01029,2026-09-30,399,380.5,393.75,37564
equity,INE150C01029,2026-10-01,404.45,386.2,391.5,16909
equity,INE150C01029,2026-10-05,397.95,380.25,383.2,12257
equity,INE150C01029,2026-10-06,390.45,381,382.1,11448
equity,INE144Z01023,2026-09-30,334,319.95,320.3,121512
equity,INE144Z01023,2026-10-01,333,315.05,329.4,198052
equity,INE144Z01023,2026-10-05,343.45,327.05,335.95,109967
equity,INE144Z01023,2026-10-06,349,329.55,331.65,166212
equity,INE0PX301025,2026-09-30,117.79,112.31,113.26,2306221
equity,INE0PX301025,2026-10-01,114.4,108.51,110.29,1680019
equity,INE0PX301025,2026-10-05,113.42,108.85,109.48,1317759
equity,INE0PX301025,2026-10-06,116.5,109.52,113.51,1344035
equity,INE0JR601024,2026-09-30,104.29,99.1,99.89,669290
equity,INE0JR601024,2026-10-01,104,97.4,98.83,2022495
equity,INE0JR601024,2026-10-05,102.87,98.56,100.81,1078497
equity,INE0JR601024,2026-10-06,101.85,100.21,101.48,353087
equity,INE542Z01028,2026-09-30,569,545.25,550.35,494511
equity,INE542Z01028,2026-10-01,557.6,533,542.35,107028
equity,INE542Z01028,2026-10-05,555.9,545.3,548.6,68742
equity,INE542Z01028,2026-10-06,555,541.35,547.25,49283
equity,INE184O01015,2026-09-30,452,435.1,438.75,78332
equity,INE184O01015,2026-10-01,472.45,428.1,464.4,498520
equity,INE184O01015,2026-10-05,477.9,447.6,451.25,237686
equity,INE184O01015,2026-10-06,456.9,434.75,454.1,279010
equity,INE661I01014,2026-09-30,242.13,242.13,242.13,35590
equity,INE661I01014,2026-10-01,250,230.4,239.71,71185
equity,INE661I01014,2026-10-05,246,230,232.95,51792
equity,INE661I01014,2026-10-06,244.59,240.12,244.11,99629
equity,INE362A01016,2026-09-30,56.88,53.12,53.12,2852031
equity,INE362A01016,2026-10-01,51.7,50.47,50.47,953113
equity,INE362A01016,2026-10-05,47.95,47.95,47.95,150380
equity,INE362A01016,2026-10-06,50.34,45.56,50.34,2588416
equity,INE878K01010,2026-09-30,443.45,433,434.05,13108
equity,INE878K01010,2026-10-01,434.4,424.95,428.7,16511
equity,INE878K01010,2026-10-05,443.9,434.05,436.85,13712
equity,INE878K01010,2026-10-06,443.35,435.1,441.35,11544
equity,INE209B01025,2026-09-30,129.18,125.65,126.92,579784
equity,INE209B01025,2026-10-01,126.5,119.34,121.63,864413
equity,INE209B01025,2026-10-05,124,119.41,120.52,847055
equity,INE209B01025,2026-10-06,122.5,120,121.83,677574
equity,INE0BJS01011,2026-09-30,311,298.5,300.75,74451
equity,INE0BJS01011,2026-10-01,303.9,289.45,294.95,121488
equity,INE0BJS01011,2026-10-05,300,290.1,292.8,52090
equity,INE0BJS01011,2026-10-06,311.9,292,306.45,123456
equity,INE716F01012,2026-09-30,625,595.2,600.45,4030
equity,INE716F01012,2026-10-01,609.9,590,603.7,5070
equity,INE716F01012,2026-10-05,602.35,585,598.25,1304
equity,INE716F01012,2026-10-06,614.95,592.1,596.85,3482
equity,INE0XNF01022,2026-09-30,52.95,50.4,50.77,3252521
equity,INE0XNF01022,2026-10-01,50.96,48.42,48.81,2106823
equity,INE0XNF01022,2026-10-02,48.81,48.81,48.81,
equity,INE0XNF01022,2026-10-05,49.44,48.11,48.51,1868950
equity,INE0XNF01022,2026-10-06,50.5,48.5,50.22,1857535
equity,INE959C01023,2026-09-30,553,527.2,533.25,15746
equity,INE959C01023,2026-10-01,549,510.8,532.2,64420
equity,INE959C01023,2026-10-05,540,495.4,515.1,56880
equity,INE959C01023,2026-10-06,526.95,505.8,511.35,13510
equity,INE204A01010,2026-09-30,594.9,577,579.75,37036
equity,INE204A01010,2026-10-01,590.45,562.65,569.55,61516
equity,INE204A01010,2026-10-05,581.7,548.1,554,49844
equity,INE204A01010,2026-10-06,599.9,550.5,589.5,175559
equity,INE070D01027,2026-09-30,93.63,91.3,91.69,201178
equity,INE070D01027,2026-10-01,91.4,87.6,89.54,304700
equity,INE070D01027,2026-10-02,89.54,89.54,89.54,
equity,INE070D01027,2026-10-05,90.39,87.51,88.49,333789
equity,INE070D01027,2026-10-06,90.4,88.36,90.17,301894
equity,INE560A01023,2026-09-30,314.3,304.1,307.4,321153
equity,INE560A01023,2026-10-01,306.8,290,298.8,273493
equity,INE560A01023,2026-10-05,307.8,296.05,303.35,285941
equity,INE560A01023,2026-10-06,324.75,303.05,318.95,613258
equity,INE131C01011,2026-09-30,12050,11750,11796,158
equity,INE131C01011,2026-10-01,11800,11000,11249,297
equity,INE131C01011,2026-10-05,11740,11250,11487,95
equity,INE131C01011,2026-10-06,11732,11208,11540,83
equity,INE632C01026,2026-09-30,364.8,346.05,357.6,22528
equity,INE632C01026,2026-10-01,355,347.1,350.25,25543
equity,INE632C01026,2026-10-05,357,350,354,14038
equity,INE632C01026,2026-10-06,358.9,348.75,352.3,6712
equity,INE877V01027,2026-09-30,357.6,350.1,355.4,121095
equity,INE877V01027,2026-10-01,355.4,336.3,350.15,93480
equity,INE877V01027,2026-10-02,350.15,350.15,350.15,
equity,INE877V01027,2026-10-05,354,330.5,331.85,69134
equity,INE877V01027,2026-10-06,334.7,325.15,332,57477
equity,INE560K01014,2026-09-30,29.49,27.65,29.08,2963292
equity,INE560K01014,2026-10-01,30.21,28.15,28.81,1867391
equity,INE560K01014,2026-10-05,29.5,28,28.19,774445
equity,INE560K01014,2026-10-06,28.73,27.19,27.29,601736
equity,INE898S01029,2026-09-30,238.54,220.06,232.37,461824
equity,INE898S01029,2026-10-01,231.5,220.33,223.41,104235
equity,INE898S01029,2026-10-05,227,220.38,223.61,48055
equity,INE898S01029,2026-10-06,234,223.08,231.14,135512
equity,INE039D01014,2026-09-30,200,188.6,191.35,4458
equity,INE039D01014,2026-10-01,197.95,192.5,196.1,3210
equity,INE039D01014,2026-10-05,200,188.1,195.1,14461
equity,INE039D01014,2026-10-06,199,185.4,189,8562
equity,INE07OG01012,2026-09-30,749.3,710,717.7,7470
equity,INE07OG01012,2026-10-01,722.85,693,715.85,16545
equity,INE07OG01012,2026-10-02,715.85,715.85,715.85,
equity,INE07OG01012,2026-10-05,721,695,706.8,11897
equity,INE07OG01012,2026-10-06,709.9,700,704.7,8359
equity,INE533A01012,2026-09-30,713.9,700.1,703.15,2595
equity,INE533A01012,2026-10-01,707,690,694.3,5259
equity,INE533A01012,2026-10-05,704.5,682,685.65,6070
equity,INE533A01012,2026-10-06,691.95,682.1,685.95,5035
equity,INE103C01036,2026-09-30,96.24,91.17,94.48,6836896
equity,INE103C01036,2026-10-01,102.68,93.5,99.06,9500246
equity,INE103C01036,2026-10-05,118.8,96.22,114.5,85008573
equity,INE103C01036,2026-10-06,120,107.67,110.55,29976749
equity,INE0CT101020,2026-09-30,58.73,56.02,56.31,370257
equity,INE0CT101020,2026-10-01,56.43,54.13,55.13,739103
equity,INE0CT101020,2026-10-02,55.13,55.13,55.13,
equity,INE0CT101020,2026-10-05,56.99,53.31,54.83,1229458
equity,INE0CT101020,2026-10-06,61.85,54.88,60.25,1827031
equity,INE793A01012,2026-09-30,1111.9,1085.2,1090.3,8286
equity,INE793A01012,2026-10-01,1141.9,1089.5,1094.2,41701
equity,INE793A01012,2026-10-05,1130,1096.4,1105.3,45159
equity,INE793A01012,2026-10-06,1125,1090,1097.5,64126
equity,INE127T01021,2026-09-30,229.2,219.13,220.41,231806
equity,INE127T01021,2026-10-01,230,215.6,218,348580
equity,INE127T01021,2026-10-05,222.37,211.12,213.74,293880
equity,INE127T01021,2026-10-06,217.89,212.1,215.47,207525
equity,INE153A01019,2026-09-30,23.48,22.82,22.97,376141
equity,INE153A01019,2026-10-01,26.94,22.71,24.66,44121423
equity,INE153A01019,2026-10-02,24.66,24.66,24.66,
equity,INE153A01019,2026-10-05,24.6,23,23.19,3516200
equity,INE153A01019,2026-10-06,23.58,23.2,23.28,891237
equity,INE0LRY01011,2026-09-30,567.2,540.3,547.45,852162
equity,INE0LRY01011,2026-10-01,549.3,520.2,531.4,403649
equity,INE0LRY01011,2026-10-02,531.4,531.4,531.4,
equity,INE0LRY01011,2026-10-05,546.95,524,529.25,319071
equity,INE0LRY01011,2026-10-06,551.05,528,547.4,515050
equity,INE00Q601028,2026-09-30,404,389.45,393.85,55228
equity,INE00Q601028,2026-10-01,407,389.15,399.85,48629
equity,INE00Q601028,2026-10-05,410.85,395.15,403.1,45793
equity,INE00Q601028,2026-10-06,414.5,399.55,407.05,37485
equity,INE0JVO01026,2026-09-30,179.2,173.8,174.67,213498
equity,INE0JVO01026,2026-10-01,175.99,168.62,172.18,334071
equity,INE0JVO01026,2026-10-05,174.35,170.07,171.1,243120
equity,INE0JVO01026,2026-10-06,174.5,171.3,173.36,197462
equity,INE803D01021,2026-09-30,495,470,481.45,168168
equity,INE803D01021,2026-10-01,481.5,458.8,469.5,90013
equity,INE803D01021,2026-10-05,478.8,457.4,460.65,82751
equity,INE803D01021,2026-10-06,497.6,459,491.75,194570
equity,INE597J01018,2026-09-30,145.88,135,138.65,263673
equity,INE597J01018,2026-10-01,138,129.41,133.55,213871
equity,INE597J01018,2026-10-05,135.49,132.51,134.01,36205
equity,INE597J01018,2026-10-06,137.1,133.61,136.51,50649
equity,INE0LOJ01019,2026-09-30,204.38,195.22,196.85,144490
equity,INE0LOJ01019,2026-10-01,199.85,186.77,190.96,133638
equity,INE0LOJ01019,2026-10-02,190.96,190.96,190.96,
equity,INE0LOJ01019,2026-10-05,200,190.21,192.22,91418
equity,INE0LOJ01019,2026-10-06,198.2,192,195.87,80513
equity,INE363A01022,2026-09-30,369,339.3,354.8,28570
equity,INE363A01022,2026-10-01,357,340,348.1,32017
equity,INE363A01022,2026-10-05,356.05,329.25,334.1,7191
equity,INE363A01022,2026-10-06,340.25,325.05,328.65,6380
equity,INE1RDG01013,2026-09-30,524.95,508.7,511.65,78605
equity,INE1RDG01013,2026-10-01,526.7,490.05,504.4,82022
equity,INE1RDG01013,2026-10-02,504.4,504.4,504.4,
equity,INE1RDG01013,2026-10-05,539.85,505.1,535.3,481628
equity,INE1RDG01013,2026-10-06,560.7,539.05,547.2,335113
equity,INE274C01019,2026-09-30,8599,8270,8351.5,6714
equity,INE274C01019,2026-10-01,8350,7950,8116,14731
equity,INE274C01019,2026-10-05,8255,8001,8016.5,6049
equity,INE274C01019,2026-10-06,8151.5,8053.5,8097.5,3527
equity,INE0FRK01020,2026-09-30,18.28,17.52,18,39407577
equity,INE0FRK01020,2026-10-01,18.3,17.47,17.88,28260057
equity,INE0FRK01020,2026-10-05,18.41,17.55,17.74,24288664
equity,INE0FRK01020,2026-10-06,18.12,17.5,17.61,14287560
equity,INE349W01017,2026-09-30,817.1,786.6,800.2,100923
equity,INE349W01017,2026-10-01,807.85,744,764.6,124667
equity,INE349W01017,2026-10-02,764.6,764.6,764.6,
equity,INE349W01017,2026-10-05,841.05,776.05,840.35,292584
equity,INE349W01017,2026-10-06,898.8,856,873.3,523415
equity,INE428Q01011,2026-09-30,147.56,144.15,145.16,143795
equity,INE428Q01011,2026-10-01,145.25,141.09,143.55,176795
equity,INE428Q01011,2026-10-05,150.19,144.04,146.86,549974
equity,INE428Q01011,2026-10-06,154.45,145.91,151.47,305287
equity,INE200D01020,2026-09-30,14.82,14.02,14.82,28234
equity,INE200D01020,2026-10-01,15.56,15.23,15.56,428810
equity,INE200D01020,2026-10-05,16.33,16.32,16.33,120682
equity,INE200D01020,2026-10-06,17.14,17.14,17.14,44579
equity,INE525F01025,2026-09-30,65.78,64.91,65.23,45185
equity,INE525F01025,2026-10-01,65.89,64.22,65.01,75567
equity,INE525F01025,2026-10-05,65.49,64.29,64.5,80170
equity,INE525F01025,2026-10-06,65.42,64.46,65.21,36925
equity,INE893C01032,2026-09-30,139.4,120.75,120.75,65445
equity,INE893C01032,2026-10-01,124.6,108.7,108.7,36645
equity,INE893C01032,2026-10-05,114.1,107.8,114.1,177225
equity,INE893C01032,2026-10-06,108.4,108.4,108.4,22366
equity,INE065D01027,2026-09-30,126.99,122.71,124,231674
equity,INE065D01027,2026-10-01,124,118.48,121.93,310374
equity,INE065D01027,2026-10-05,130,122.54,126.69,761790
equity,INE065D01027,2026-10-06,134.7,125.51,132.56,796655
equity,INE618L01018,2026-09-30,309.7,302.35,305.2,19885
equity,INE618L01018,2026-10-01,321.85,299,316.35,104625
equity,INE618L01018,2026-10-02,316.35,316.35,316.35,
equity,INE618L01018,2026-10-05,379.6,320.9,360.9,2189848
equity,INE618L01018,2026-10-06,358.1,346.65,349.7,136024
equity,INE722H01024,2026-09-30,167.6,163.28,165.02,340639
equity,INE722H01024,2026-10-01,166.87,160,162.5,658380
equity,INE722H01024,2026-10-02,162.5,162.5,162.5,
equity,INE722H01024,2026-10-05,165.21,160,161.52,294768
equity,INE722H01024,2026-10-06,167.49,158.01,163.62,465486
equity,INE250K01012,2026-09-30,421.45,410,411.85,40130
equity,INE250K01012,2026-10-01,413.2,400.85,406.6,61080
equity,INE250K01012,2026-10-05,413.7,406,411.75,46246
equity,INE250K01012,2026-10-06,420.95,410.5,419.95,37365
equity,INE851I01011,2026-09-30,211.92,205.27,208.57,59154
equity,INE851I01011,2026-10-01,209.79,204.31,208.55,160461
equity,INE851I01011,2026-10-05,211.98,208.43,210.82,78015
equity,INE851I01011,2026-10-06,216.75,208.01,215.4,141225
equity,INE048B01035,2026-09-30,246,232,237.74,282625
equity,INE048B01035,2026-10-01,238.01,225.46,231.73,144354
equity,INE048B01035,2026-10-05,235.39,227,229.47,146699
equity,INE048B01035,2026-10-06,235.99,227.01,233.63,58557
equity,INE0D6701023,2026-09-30,135,131.1,132.72,140290
equity,INE0D6701023,2026-10-01,132.48,128.25,130.68,173318
equity,INE0D6701023,2026-10-05,132,128.1,128.75,167598
equity,INE0D6701023,2026-10-06,133.3,127.5,132.6,220828
equity,INE344S01016,2026-09-30,145.38,143.01,143.5,118611
equity,INE344S01016,2026-10-01,149.94,141.79,143.58,237666
equity,INE344S01016,2026-10-05,151.69,144.22,148.08,244306
equity,INE344S01016,2026-10-06,150.65,147.01,149.46,116776
equity,INE01R501028,2026-09-30,61.73,59,59.71,1472938
equity,INE01R501028,2026-10-01,59.9,57.13,58.27,860999
equity,INE01R501028,2026-10-05,59.56,56.9,57.19,1024492
equity,INE01R501028,2026-10-06,58.25,57.2,58.13,518281
equity,INE519C01017,2026-09-30,1336.4,1305,1318.9,2412
equity,INE519C01017,2026-10-01,1329.9,1301,1315.5,1213
equity,INE519C01017,2026-10-05,1340.9,1305,1314.8,1590
equity,INE519C01017,2026-10-06,1330.4,1306.5,1321,1814
equity,INE898Q01015,2026-09-30,699.4,672.1,682.05,86940
equity,INE898Q01015,2026-10-01,693.45,661,677.05,61981
equity,INE898Q01015,2026-10-05,705,665.1,670.4,67578
equity,INE898Q01015,2026-10-06,692.45,671.6,675.5,68421
equity,INE910C01018,2026-09-30,1050.6,1012.6,1023,7751
equity,INE910C01018,2026-10-01,1022.9,990,1013,10794
equity,INE910C01018,2026-10-05,1037,991,1007.4,17885
equity,INE910C01018,2026-10-06,1053.7,1007.8,1033.7,22331
equity,INE613C01026,2026-09-30,25.79,24.9,25.06,2323995
equity,INE613C01026,2026-10-01,25,24,24.25,969374
equity,INE613C01026,2026-10-05,24.77,24.08,24.54,1090964
equity,INE613C01026,2026-10-06,25.05,24.45,24.85,1349922
equity,INE08N601015,2026-09-30,256,248,249,53598
equity,INE08N601015,2026-10-01,254.4,246,251.75,116191
equity,INE08N601015,2026-10-05,257.15,246,247.63,91048
equity,INE08N601015,2026-10-06,258.25,246.2,255.41,116296
equity,INE727B01026,2026-09-30,286.7,271.41,273.43,392461
equity,INE727B01026,2026-10-01,287,270,281.35,606039
equity,INE727B01026,2026-10-02,281.35,281.35,281.35,
equity,INE727B01026,2026-10-05,299.2,282,287.4,862980
equity,INE727B01026,2026-10-06,304.1,285.1,301.05,941152
equity,INE106T01025,2026-09-30,74.35,72.3,72.61,332376
equity,INE106T01025,2026-10-01,72.53,69.86,71.42,517898
equity,INE106T01025,2026-10-05,72.38,69.85,70.05,397840
equity,INE106T01025,2026-10-06,76.24,72.2,74.68,6307023
equity,INE480C01038,2026-09-30,80.69,77.5,78.17,1674455
equity,INE480C01038,2026-10-01,78.17,73.5,74.94,938787
equity,INE480C01038,2026-10-02,74.94,74.94,74.94,
equity,INE480C01038,2026-10-05,76,72.82,73.21,717652
equity,INE480C01038,2026-10-06,75.18,73.5,74.02,588982
equity,INE712K01011,2026-09-30,505.05,480.9,492.75,70018
equity,INE712K01011,2026-10-01,499.95,480,491.5,40500
equity,INE712K01011,2026-10-05,506.9,491.85,494.55,43640
equity,INE712K01011,2026-10-06,515,487.3,510.1,51437
equity,INE207H01018,2026-09-30,99.9,97,98.26,854365
equity,INE207H01018,2026-10-01,98.99,95.96,97.18,663394
equity,INE207H01018,2026-10-05,98.3,95.51,96.77,98661
equity,INE207H01018,2026-10-06,99.2,95.89,98.79,162237
equity,INE05AN01011,2026-09-30,178,169.13,169.97,83588
equity,INE05AN01011,2026-10-01,172.1,167.07,170.53,129981
equity,INE05AN01011,2026-10-05,174.18,170,171.63,56164
equity,INE05AN01011,2026-10-06,173.13,170,170.75,59957
equity,INE937A01023,2026-09-30,164.91,159.5,161.02,99740
equity,INE937A01023,2026-10-01,167.3,155.41,159.31,255283
equity,INE937A01023,2026-10-05,165.9,156.1,158.29,153588
equity,INE937A01023,2026-10-06,165,159.99,162.63,118735
equity,INE737D01021,2026-09-30,468.5,446.2,462.95,59779
equity,INE737D01021,2026-10-01,486.05,462.9,486.05,96311
equity,INE737D01021,2026-10-05,497,461.75,467.95,91895
equity,INE737D01021,2026-10-06,491.3,452,491.3,57111
equity,INE572D01014,2026-09-30,1500,1402,1460.2,55952
equity,INE572D01014,2026-10-01,1464.8,1392,1415.6,31935
equity,INE572D01014,2026-10-02,1415.6,1415.6,1415.6,
equity,INE572D01014,2026-10-05,1460,1361,1387.4,15592
equity,INE572D01014,2026-10-06,1418,1385,1392.5,12486
equity,INE313L01016,2026-09-30,171,166.31,168.36,279565
equity,INE313L01016,2026-10-01,178,167,174.43,591855
equity,INE313L01016,2026-10-05,183.87,174.75,175.57,256813
equity,INE313L01016,2026-10-06,184.9,173.68,176.06,2532342
equity,INE0J5601015,2026-09-30,1047,1008,1032.8,60180
equity,INE0J5601015,2026-10-01,1052,991.4,1000.9,66116
equity,INE0J5601015,2026-10-05,1201,1006.8,1201,1437610
equity,INE0J5601015,2026-10-06,1329,1226.1,1312.3,1729775
equity,INE0HLU01028,2026-09-30,202.39,194.95,196.32,603060
equity,INE0HLU01028,2026-10-01,201.5,191,196.23,992146
equity,INE0HLU01028,2026-10-02,196.23,196.23,196.23,
equity,INE0HLU01028,2026-10-05,205.27,196.02,201.79,1321942
equity,INE0HLU01028,2026-10-06,242.14,202.06,242.14,58638223
equity,INE124G01033,2026-09-30,87.9,78.55,80.51,84962418
equity,INE124G01033,2026-10-01,82.99,72,73.48,31237756
equity,INE124G01033,2026-10-02,73.48,73.48,73.48,
equity,INE124G01033,2026-10-05,87.67,71.23,85.43,105531303
equity,INE124G01033,2026-10-06,88.6,81,84.34,61105248
equity,INE419D01026,2026-09-30,295.5,282.2,284.15,68524
equity,INE419D01026,2026-10-01,290,275,281.95,66745
equity,INE419D01026,2026-10-05,286.2,277.25,283.1,31677
equity,INE419D01026,2026-10-06,294.9,281.5,291.95,65438
equity,INE840Y01029,2026-09-30,74.4,70.62,73.39,6743812
equity,INE840Y01029,2026-10-01,74.5,72.99,74.37,6251994
equity,INE840Y01029,2026-10-02,74.37,74.37,74.37,
equity,INE840Y01029,2026-10-05,81,74.3,78.33,10495734
equity,INE840Y01029,2026-10-06,79.63,77.3,78.65,1958380
equity,INE325C01035,2026-09-30,285.9,276,277.25,210742
equity,INE325C01035,2026-10-01,276.55,267,272.1,150981
equity,INE325C01035,2026-10-05,277,268.85,274.4,70384
equity,INE325C01035,2026-10-06,282,273.6,278.55,68500
equity,INE373T01047,2026-09-30,20.82,19.56,19.9,4389309
equity,INE373T01047,2026-10-01,20.28,19.4,19.88,2430865
equity,INE373T01047,2026-10-05,20.75,19.4,19.61,2034648
equity,INE373T01047,2026-10-06,20.1,19.6,20.01,1202175
equity,INE0FMZ01045,2026-09-30,413.45,391,395.65,168500
equity,INE0FMZ01045,2026-10-01,400,383.5,394.7,129500
equity,INE0FMZ01045,2026-10-05,404,386,392.95,86000
equity,INE0FMZ01045,2026-10-06,393.75,385,387.45,114500
equity,INE859A01011,2026-09-30,78.9,72,73.99,2682738
equity,INE859A01011,2026-10-01,73.85,70.8,71.63,407422
equity,INE859A01011,2026-10-05,73.85,71.3,71.72,311935
equity,INE859A01011,2026-10-06,73,70.5,71.42,407118
equity,INE265B01019,2026-09-30,1735,1651.5,1678.6,2312
equity,INE265B01019,2026-10-01,1729,1645,1664.3,3600
equity,INE265B01019,2026-10-05,1719,1665,1668.9,1183
equity,INE265B01019,2026-10-06,1719.8,1665,1668.1,1882
equity,INE201A01024,2026-09-30,82.75,80.18,80.98,828103
equity,INE201A01024,2026-10-01,81.06,75.56,78.15,1364744
equity,INE201A01024,2026-10-02,78.15,78.15,78.15,
equity,INE201A01024,2026-10-05,91.9,80.1,87.19,30033782
equity,INE201A01024,2026-10-06,92.8,87.45,92.36,10471021
equity,INE022I01019,2026-09-30,51,49.26,49.68,1065834
equity,INE022I01019,2026-10-01,49.55,47.5,47.95,1282482
equity,INE022I01019,2026-10-05,48.28,46.1,46.65,1062886
equity,INE022I01019,2026-10-06,48.36,46.88,48.1,1143402
equity,INE221H01019,2026-09-30,1.11,1.08,1.08,28683315
equity,INE221H01019,2026-10-01,1.09,1.04,1.07,46020282
equity,INE221H01019,2026-10-02,1.07,1.07,1.07,
equity,INE221H01019,2026-10-05,1.09,1.04,1.06,31582248
equity,INE221H01019,2026-10-06,1.1,1.05,1.09,24820874
equity,INE173M01012,2026-09-30,350.9,335,343.05,149626
equity,INE173M01012,2026-10-01,349.95,336.1,339.7,175792
equity,INE173M01012,2026-10-05,344.85,322.75,334.6,247853
equity,INE173M01012,2026-10-06,347.05,335,338.2,254147
equity,INE048C01025,2026-09-30,132.1,129.4,129.66,3118
equity,INE048C01025,2026-10-01,134,124.45,127.7,16427
equity,INE048C01025,2026-10-05,131.99,124,126.05,7505
equity,INE048C01025,2026-10-06,131,128,128.97,68525
equity,INE0Q5D01013,2026-09-30,680,671.25,674.65,13500
equity,INE0Q5D01013,2026-10-01,675,627,669.9,118000
equity,INE0Q5D01013,2026-10-05,675,657.5,662.9,20500
equity,INE133Y01011,2026-09-30,198.39,190,191.45,23250
equity,INE133Y01011,2026-10-01,196.8,184.13,189.57,34168
equity,INE133Y01011,2026-10-02,189.57,189.57,189.57,
equity,INE133Y01011,2026-10-05,195.3,182.15,183.99,29347
equity,INE133Y01011,2026-10-06,186.89,179.1,180.65,34381
equity,INE363L01045,2026-09-30,1000.1,950.3,954.5,13710
equity,INE363L01045,2026-10-01,951.05,859.05,898.25,88451
equity,INE363L01045,2026-10-05,919.9,844.85,894.6,17168
equity,INE363L01045,2026-10-06,936.8,881,924.15,17234
equity,INE784R01023,2026-09-30,91,88.05,89.19,916404
equity,INE784R01023,2026-10-01,89.89,86.05,87.25,1211274
equity,INE784R01023,2026-10-05,89.18,86.42,87.51,713062
equity,INE784R01023,2026-10-06,98.24,87.14,96.36,9170776
equity,INE630A01024,2026-09-30,246.19,234.81,240.47,62115
equity,INE630A01024,2026-10-01,242.04,234,236.35,24836
equity,INE630A01024,2026-10-05,240,233,234.76,80921
equity,INE630A01024,2026-10-06,239.18,233,233.87,28978
equity,INE225B01021,2026-09-30,564.9,528.7,549.7,521926
equity,INE225B01021,2026-10-01,570.8,538.7,553.25,433950
equity,INE225B01021,2026-10-02,553.25,553.25,553.25,
equity,INE225B01021,2026-10-05,573,546.1,557.45,341567
equity,INE225B01021,2026-10-06,582.65,552,569.45,671367
equity,INE435C01024,2026-09-30,125,115.13,119.41,649299
equity,INE435C01024,2026-10-01,122.71,116.11,119.39,344580
equity,INE435C01024,2026-10-05,123.35,118.51,120.53,207029
equity,INE435C01024,2026-10-06,126.4,119,125.42,587316
equity,INE098F01031,2026-09-30,522.2,505.25,514.75,62878
equity,INE098F01031,2026-10-01,517.05,498.55,513.2,97538
equity,INE098F01031,2026-10-05,524,511,518.1,36616
equity,INE098F01031,2026-10-06,527,516,523.7,27720
equity,INE1WFC01025,2026-09-30,94.44,89.24,90.25,3014634
equity,INE1WFC01025,2026-10-01,91.09,86.58,87.93,1673043
equity,INE1WFC01025,2026-10-05,91.3,87.5,88.24,1386109
equity,INE1WFC01025,2026-10-06,92.98,88.5,92.21,2366896
equity,INE147A01011,2026-09-30,64.24,63.43,63.94,140574
equity,INE147A01011,2026-10-01,63.7,61.5,62.23,234104
equity,INE147A01011,2026-10-02,62.23,62.23,62.23,
equity,INE147A01011,2026-10-05,63.72,61.44,62.19,238526
equity,INE147A01011,2026-10-06,63.46,62.11,63.05,242022
equity,INE1D0W01018,2026-09-30,487.1,470.5,476.55,677585
equity,INE1D0W01018,2026-10-01,484.45,461.1,478.1,775166
equity,INE1D0W01018,2026-10-02,478.1,478.1,478.1,
equity,INE1D0W01018,2026-10-05,484,465,471.1,429819
equity,INE1D0W01018,2026-10-06,479.8,455.1,467.25,646342
equity,INE278M01019,2026-09-30,88.05,84.11,84.88,591236
equity,INE278M01019,2026-10-01,87.74,83.1,85.07,539258
equity,INE278M01019,2026-10-05,86.96,84,84.94,213039
equity,INE278M01019,2026-10-06,86.28,84.28,85.96,149490
equity,INE0U4701011,2026-09-30,77.5,72.2,72.85,366324
equity,INE0U4701011,2026-10-01,73.94,69.96,72.34,321390
equity,INE0U4701011,2026-10-05,75.7,71.72,74.08,413727
equity,INE0U4701011,2026-10-06,75,73,74.01,141060
equity,INE503B01021,2026-09-30,11.74,11.2,11.42,7015322
equity,INE503B01021,2026-10-01,11.45,11.07,11.22,4501675
equity,INE503B01021,2026-10-02,11.22,11.22,11.22,
equity,INE503B01021,2026-10-05,11.56,11.1,11.12,5966946
equity,INE503B01021,2026-10-06,11.6,11.15,11.46,4754464
equity,INE0SCO01019,2026-09-30,625,615,617.55,28500
equity,INE0SCO01019,2026-10-01,624.95,612.95,618.75,32500
equity,INE0SCO01019,2026-10-05,625.05,606,608.5,21500
equity,INE0QVH01025,2026-09-30,306,294,297.5,63000
equity,INE0QVH01025,2026-10-01,300.7,279.55,282.8,58750
equity,INE0QVH01025,2026-10-05,291,277,278.15,41000
equity,INE0QVH01025,2026-10-06,280,271,273.55,47000
equity,INE199P01028,2026-09-30,682.5,666.75,675.85,247015
equity,INE199P01028,2026-10-01,684,669.3,679.9,321775
equity,INE199P01028,2026-10-05,688.5,674.6,681.75,266383
equity,INE199P01028,2026-10-06,696.25,685,693.05,225480
equity,INE301D01026,2026-09-30,509.7,495.9,499.75,15683
equity,INE301D01026,2026-10-01,515.95,486.35,499.65,24508
equity,INE301D01026,2026-10-05,507.9,486.75,494.2,8647
equity,INE301D01026,2026-10-06,519,487.85,512.8,21944
equity,INE972A01020,2026-09-30,154,135.36,152.7,126637
equity,INE972A01020,2026-10-01,152.94,145.66,147.1,11789
equity,INE972A01020,2026-10-05,151.5,144,148.68,11425
equity,INE972A01020,2026-10-06,152.47,146,147.33,4475
equity,INE760B01019,2026-09-30,1891.35,1652.15,1734,92780
equity,INE760B01019,2026-10-01,1760,1616.75,1686.35,28892
equity,INE760B01019,2026-10-05,1724.8,1650.2,1686.25,16191
equity,INE760B01019,2026-10-06,1823.95,1704.35,1808.3,62447
equity,INE795B01031,2026-09-30,104.45,104.45,104.45,
equity,INE795B01031,2026-10-01,104.45,104.45,104.45,
equity,INE795B01031,2026-10-02,104.45,104.45,104.45,
equity,INE795B01031,2026-10-05,104.45,103.45,103.45,63
equity,INE016Q01014,2026-09-30,690,666,666.85,44612
equity,INE016Q01014,2026-10-01,672.1,634.95,654.25,62531
equity,INE016Q01014,2026-10-02,654.25,654.25,654.25,
equity,INE016Q01014,2026-10-05,669.8,635.05,649.6,58702
equity,INE016Q01014,2026-10-06,747.7,644.1,718.45,501354
equity,INE711A01022,2026-09-30,210.84,199.1,200.24,460410
equity,INE711A01022,2026-10-01,201.59,191.53,196.08,612063
equity,INE711A01022,2026-10-05,201.4,193.05,195.05,591665
equity,INE711A01022,2026-10-06,207,194.99,204.17,716351
equity,INE390G01014,2026-09-30,119.4,114.1,118.34,162220
equity,INE390G01014,2026-10-01,121.9,116.12,118.66,1103389
equity,INE390G01014,2026-10-05,122.6,117.8,120.38,470025
equity,INE390G01014,2026-10-06,122.29,120,121.62,148536
equity,INE724A01017,2026-09-30,166,154.18,159.16,146651
equity,INE724A01017,2026-10-01,163.51,155.05,156.79,160086
equity,INE724A01017,2026-10-05,164.9,152.61,156.11,691560
equity,INE724A01017,2026-10-06,175.1,157.86,169.3,1293968
equity,INE1VXE01018,2026-09-30,51.93,48.48,48.97,26400187
equity,INE1VXE01018,2026-10-01,50.35,46.53,47.18,13627273
equity,INE1VXE01018,2026-10-02,47.18,47.18,47.18,
equity,INE1VXE01018,2026-10-05,47,44.83,44.84,13766834
equity,INE1VXE01018,2026-10-06,47.08,44.42,47.08,6586147
equity,INE0VN801010,2026-09-30,755,740,748.2,19800
equity,INE0VN801010,2026-10-01,757,721.1,733.5,10400
equity,INE0VN801010,2026-10-05,751.6,721.85,737.65,28700
equity,INE0VN801010,2026-10-06,760,737.65,754.9,10600
equity,INE524T01011,2026-09-30,1057.9,990.1,1001,28224
equity,INE524T01011,2026-10-01,1000,925.1,944,40666
equity,INE524T01011,2026-10-02,944,944,944,
equity,INE524T01011,2026-10-05,976.3,922.1,929.7,16399
equity,INE524T01011,2026-10-06,1115,913.6,1093.4,621802
equity,INE201K01015,2026-09-30,873.9,855,857.85,5181
equity,INE201K01015,2026-10-01,863.45,830.1,848.75,16041
equity,INE201K01015,2026-10-05,881.55,850.05,863.45,20948
equity,INE201K01015,2026-10-06,888,867,878.85,18786
equity,INE547E01014,2026-09-30,1067.9,1029.4,1037.5,1754
equity,INE547E01014,2026-10-01,1050,998.3,1009.1,2586
equity,INE547E01014,2026-10-05,1040,1002,1026.2,2317
equity,INE547E01014,2026-10-06,1050,1027.1,1036.5,725
equity,INE669R01026,2026-09-30,8.61,7.86,7.98,13834853
equity,INE669R01026,2026-10-01,8.22,7.7,7.79,5953979
equity,INE669R01026,2026-10-02,7.79,7.79,7.79,
equity,INE669R01026,2026-10-05,7.98,7.45,7.49,5648103
equity,INE669R01026,2026-10-06,7.49,7.2,7.24,8016754
equity,INE312M01024,2026-09-30,229.8,225.6,225.6,9588
equity,INE312M01024,2026-10-01,225.2,221.5,225.2,3284
equity,INE312M01024,2026-10-05,224,220.7,220.7,1161
equity,INE312M01024,2026-10-06,224,216.3,224,25463
equity,INE488D01021,2026-09-30,93.49,90.41,91.29,232448
equity,INE488D01021,2026-10-01,91.2,86,87.85,198387
equity,INE488D01021,2026-10-05,93.17,86.55,88.84,631535
equity,INE488D01021,2026-10-06,91.9,89.28,90.18,127373
equity,INE1B3O01011,2026-09-30,467,443.3,453.65,290474
equity,INE1B3O01011,2026-10-01,459.7,447.5,453,528270
equity,INE1B3O01011,2026-10-02,453,453,453,
equity,INE1B3O01011,2026-10-05,467.85,443.35,447.55,155851
equity,INE1B3O01011,2026-10-06,469.9,445.15,447.2,1271656
equity,INE384C01016,2026-09-30,1139,1088.95,1131.1,10732
equity,INE384C01016,2026-10-01,1152,1072.1,1141.4,15046
equity,INE384C01016,2026-10-05,1145.5,1093.6,1129,18275
equity,INE384C01016,2026-10-06,1333.9,1137.4,1238.6,282116
equity,INE449C01025,2026-09-30,27.9,25.85,26.02,44656
equity,INE449C01025,2026-10-01,26.28,24.1,24.98,143819
equity,INE449C01025,2026-10-05,25.9,24.11,25.34,97343
equity,INE449C01025,2026-10-06,25.74,24.12,24.95,104068
equity,INE0O6601022,2026-09-30,268,258.12,263.05,623813
equity,INE0O6601022,2026-10-01,267.9,252.05,258.4,670329
equity,INE0O6601022,2026-10-05,264.15,252.1,253.6,413785
equity,INE0O6601022,2026-10-06,256.2,244.75,253.2,458241
equity,INE0V0W01025,2026-09-30,184.4,176.38,179.05,537362
equity,INE0V0W01025,2026-10-01,209.8,180,194.27,34935174
equity,INE0V0W01025,2026-10-05,199,183.02,190.34,5218727
equity,INE0V0W01025,2026-10-06,196.5,185,193.62,2244392
equity,INE500A01029,2026-09-30,47.17,45.31,45.62,928628
equity,INE500A01029,2026-10-01,45.61,43.68,44.62,1389318
equity,INE500A01029,2026-10-05,45.99,44.29,44.69,810989
equity,INE500A01029,2026-10-06,46.51,44.61,46.37,1400347
equity,INE161A01038,2026-09-30,87.84,85.62,86.17,132517
equity,INE161A01038,2026-10-01,86.33,83.01,84.94,165934
equity,INE161A01038,2026-10-02,84.94,84.94,84.94,
equity,INE161A01038,2026-10-05,87.1,82.57,83.89,122628
equity,INE161A01038,2026-10-06,87.3,83.94,86.78,158254
equity,INE411D01023,2026-09-30,223.9,210.1,211.15,187953
equity,INE411D01023,2026-10-01,210.95,201.1,205.29,216666
equity,INE411D01023,2026-10-05,206.38,199.3,201.4,170126
equity,INE411D01023,2026-10-06,214.65,202.01,210.05,179445
equity,INE848A01014,2026-09-30,909.8,870.1,874.8,82671
equity,INE848A01014,2026-10-01,889.95,832.6,855.95,79046
equity,INE848A01014,2026-10-05,894.45,850.1,870.7,89447
equity,INE848A01014,2026-10-06,875.95,860.6,864.3,43439
equity,INE0GV601021,2026-09-30,197.85,192.15,194,31339
equity,INE0GV601021,2026-10-01,195.01,182,188.04,133472
equity,INE0GV601021,2026-10-05,191.5,182,183.8,73063
equity,INE0GV601021,2026-10-06,189.8,180.01,184.36,162308
equity,INE277B01014,2026-09-30,1059.8,1025.9,1054.5,2439
equity,INE277B01014,2026-10-01,1053.9,1009.2,1040.9,6287
equity,INE277B01014,2026-10-05,1080,1032.1,1036.9,1385
equity,INE277B01014,2026-10-06,1047.9,1028.1,1039,2927
equity,INE715B01021,2026-09-30,95.95,92.7,93.15,186327
equity,INE715B01021,2026-10-01,93.06,90,91.06,308635
equity,INE715B01021,2026-10-05,94.16,91,91.95,300289
equity,INE715B01021,2026-10-06,94.8,92.7,94.42,357737
equity,INE1YPB01014,2026-09-30,13.4,13.01,13.13,885567
equity,INE1YPB01014,2026-10-01,13.11,12.25,12.59,1857173
equity,INE1YPB01014,2026-10-02,12.59,12.59,12.59,
equity,INE1YPB01014,2026-10-05,12.85,12.41,12.5,1299528
equity,INE1YPB01014,2026-10-06,12.88,12.37,12.77,1261114
equity,INE417B01040,2026-09-30,1023.5,981.1,983.2,22519
equity,INE417B01040,2026-10-01,983.95,941.05,948.75,28151
equity,INE417B01040,2026-10-05,980,950,964.85,16450
equity,INE417B01040,2026-10-06,1013.05,960,1013.05,34564
equity,INE583D01011,2026-09-30,84.56,81.15,83.68,277232
equity,INE583D01011,2026-10-01,83.44,80.8,82.35,149035
equity,INE583D01011,2026-10-05,83.9,81,81.89,145752
equity,INE583D01011,2026-10-06,84,81.61,82.97,101734
equity,INE073G01016,2026-09-30,636.45,615.1,615.45,44141
equity,INE073G01016,2026-10-01,620,596.05,611.1,48945
equity,INE073G01016,2026-10-02,611.1,611.1,611.1,
equity,INE073G01016,2026-10-05,622.1,590,595.65,51910
equity,INE073G01016,2026-10-06,604.85,589.85,598.7,54683
equity,INE350H01032,2026-09-30,53.44,50,50.36,421044
equity,INE350H01032,2026-10-01,51.44,48.66,50.23,497255
equity,INE350H01032,2026-10-05,54,49.93,53.22,1836473
equity,INE350H01032,2026-10-06,55.5,52.83,54.79,747328
equity,INE947J01015,2026-09-30,26.36,25.77,25.93,269929
equity,INE947J01015,2026-10-01,25.99,25.12,25.41,282134
equity,INE947J01015,2026-10-05,26.05,25.41,25.71,310933
equity,INE947J01015,2026-10-06,26.03,24.4,25.78,411483
equity,INE188B01013,2026-09-30,418.5,401,403.4,45397
equity,INE188B01013,2026-10-01,405.35,387.05,398.95,68004
equity,INE188B01013,2026-10-02,398.95,398.95,398.95,
equity,INE188B01013,2026-10-05,403.55,388.45,389.65,31532
equity,INE188B01013,2026-10-06,417.4,389.65,401.4,183349
equity,INE485A01015,2026-09-30,569.3,551.55,554.6,24863
equity,INE485A01015,2026-10-01,550.4,530.55,537.8,29192
equity,INE485A01015,2026-10-05,551.8,538.9,546.2,26663
equity,INE485A01015,2026-10-06,580.1,543.4,566.6,51537
equity,INE354C01027,2026-09-30,413.5,378,406.45,364825
equity,INE354C01027,2026-10-01,415.8,375,382.05,319885
equity,INE354C01027,2026-10-05,395.85,358,364.65,197915
equity,INE354C01027,2026-10-06,401.1,364.7,393.55,361125
equity,INE415D01024,2026-09-30,217.12,210.5,212.38,50392
equity,INE415D01024,2026-10-01,212.55,199.12,204.65,201132
equity,INE415D01024,2026-10-02,204.65,204.65,204.65,
equity,INE415D01024,2026-10-05,211,201.49,202.86,123062
equity,INE415D01024,2026-10-06,207.9,203.5,206.14,66668
equity,INE0D0K01022,2026-09-30,29.46,28.74,28.8,1852936
equity,INE0D0K01022,2026-10-01,29.4,28,28.34,2213562
equity,INE0D0K01022,2026-10-05,28.93,28.06,28.72,1604708
equity,INE0D0K01022,2026-10-06,31.19,28.65,29.89,5407774
equity,INE199G01027,2026-09-30,62.99,62,62.3,103134
equity,INE199G01027,2026-10-01,61.84,61.2,61.55,207076
equity,INE199G01027,2026-10-05,62,61.11,61.33,134875
equity,INE199G01027,2026-10-06,62.14,61.33,61.72,99565
equity,INE438K01021,2026-09-30,77.63,75.9,76.27,385217
equity,INE438K01021,2026-10-01,76.25,73.1,74.37,488731
equity,INE438K01021,2026-10-05,78.25,74.06,74.98,666784
equity,INE438K01021,2026-10-06,77.9,75.12,77.36,487987
equity,INE664D01019,2026-09-30,10288,10200,10215,24
equity,INE664D01019,2026-10-01,10249,10195,10249,82
equity,INE664D01019,2026-10-05,10250,10063,10166,109
equity,INE664D01019,2026-10-06,10250,10145,10238,221
equity,INE395U01014,2026-09-30,774,723,766.35,15354
equity,INE395U01014,2026-10-01,804.65,778.3,804.65,18078
equity,INE395U01014,2026-10-02,804.65,804.65,804.65,
equity,INE395U01014,2026-10-05,844.85,808,842,16316
equity,INE395U01014,2026-10-06,867.25,815.3,822.55,7334
equity,INE571B01036,2026-09-30,129.4,123.67,128.39,660716
equity,INE571B01036,2026-10-01,132,124.77,130.8,746037
equity,INE571B01036,2026-10-05,133,127.1,127.98,323573
equity,INE571B01036,2026-10-06,134.37,126.7,134.37,807936
equity,INE0RE001014,2026-09-30,1212.5,1147.1,1197.2,103371
equity,INE0RE001014,2026-10-01,1204.9,1120,1157.8,62711
equity,INE0RE001014,2026-10-05,1200,1150,1160.1,29427
equity,INE0RE001014,2026-10-06,1170.9,1152.1,1161,11857
equity,INE217L01019,2026-09-30,70.64,68.51,69.21,334575
equity,INE217L01019,2026-10-01,69.53,65.59,67.36,414796
equity,INE217L01019,2026-10-05,68.34,66.4,67.52,309049
equity,INE217L01019,2026-10-06,68.47,67.41,68.13,143686
equity,INE690J01011,2026-09-30,154.3,154.3,154.3,6896
equity,INE690J01011,2026-10-01,157.35,157.35,157.35,110951
equity,INE690J01011,2026-10-05,160.45,155.1,157.4,537860
equity,INE690J01011,2026-10-06,160.5,154.3,160.5,564106
equity,INE0PA801013,2026-09-30,136.44,128.15,128.9,528612
equity,INE0PA801013,2026-10-01,132.81,124.98,129.22,462761
equity,INE0PA801013,2026-10-05,133,126.93,129.53,218382
equity,INE0PA801013,2026-10-06,132,128.25,131.58,280004
equity,INE0KGZ01021,2026-09-30,268.85,256.95,262,48744
equity,INE0KGZ01021,2026-10-01,265,254.1,259.4,72245
equity,INE0KGZ01021,2026-10-05,265.7,256.2,260.85,16214
equity,INE0KGZ01021,2026-10-06,265.85,260,262.1,30403
equity,INE158B01016,2026-09-30,2320.3999,2259.8,2269.2,14680
equity,INE158B01016,2026-10-01,2285,2221.5,2268.8,18996
equity,INE158B01016,2026-10-05,2325,2236.2,2241.8999,24870
equity,INE158B01016,2026-10-06,2415.8999,2251.3999,2371.8,81578
equity,INE830Q01018,2026-09-30,129.19,126,126.98,218743
equity,INE830Q01018,2026-10-01,127.5,124.5,126.59,539492
equity,INE830Q01018,2026-10-05,129.98,125.1,126.17,157959
equity,INE830Q01018,2026-10-06,131.49,125.95,129.32,366967
equity,INE486R01017,2026-09-30,156.18,150,150.74,71224
equity,INE486R01017,2026-10-01,153.83,147.01,151.47,125173
equity,INE486R01017,2026-10-05,154.35,148.8,149.56,65077
equity,INE486R01017,2026-10-06,151.18,147.1,148.01,50023
equity,INE369A01029,2026-09-30,957.7,925.3,945.2,33101
equity,INE369A01029,2026-10-01,950.9,906.1,921.8,15400
equity,INE369A01029,2026-10-02,921.8,921.8,921.8,
equity,INE369A01029,2026-10-05,936.35,900,912.95,12996
equity,INE369A01029,2026-10-06,928.4,910.55,924.1,6332
equity,INE0V9N01017,2026-09-30,1173.5,1173.5,1173.5,5200
equity,INE0V9N01017,2026-10-01,1196.95,1194,1194,10400
equity,INE0V9N01017,2026-10-05,1253.7,1200,1253.7,18800
equity,INE0TY101024,2026-09-30,137.56,128,129.28,320705
equity,INE0TY101024,2026-10-01,132.9,123.35,125.55,444801
equity,INE0TY101024,2026-10-02,125.55,125.55,125.55,
equity,INE0TY101024,2026-10-05,128.08,122.92,123.94,221817
equity,INE0TY101024,2026-10-06,132,123,130.39,170519
equity,INE124Y01028,2026-09-30,111.26,74.18,75.4,2778737
equity,INE124Y01028,2026-10-01,79.42,76.2,78.99,817313
equity,INE124Y01028,2026-10-05,81.6,72.39,74.03,576055
equity,INE124Y01028,2026-10-06,75.7,69,69.91,1469179
equity,INE951D01028,2026-09-30,454,440,448.15,83527
equity,INE951D01028,2026-10-01,467.95,420.25,424.8,671718
equity,INE951D01028,2026-10-05,431.7,422.65,424.5,65738
equity,INE951D01028,2026-10-06,429.35,424.5,427.5,42113
equity,INE435A01051,2026-09-30,73.93,72,72.68,240993
equity,INE435A01051,2026-10-01,72.92,70,71.36,222862
equity,INE435A01051,2026-10-02,71.36,71.36,71.36,
equity,INE435A01051,2026-10-05,73.55,69.55,69.94,849036
equity,INE435A01051,2026-10-06,71.06,68.54,70.48,234556
equity,INE831A01028,2026-09-30,32.74,31.5,32.03,293561
equity,INE831A01028,2026-10-01,33.25,30.63,31.34,396392
equity,INE831A01028,2026-10-02,31.34,31.34,31.34,
equity,INE831A01028,2026-10-05,32.13,30.5,31.06,347326
equity,INE831A01028,2026-10-06,31.78,30.61,31.11,234638
equity,INE288301026,2026-09-30,842.9,795.5,809.65,69200
equity,INE288301026,2026-10-01,815.2,775,783.35,81200
equity,INE288301026,2026-10-05,827,730,767.35,142400
equity,INE288301026,2026-10-06,816.3,761.2,805,61600
equity,INE646H01017,2026-09-30,298,278,288.6,137229
equity,INE646H01017,2026-10-01,290.75,274.05,277.5,76015
equity,INE646H01017,2026-10-05,286.9,273.65,279.55,32415
equity,INE646H01017,2026-10-06,285.35,262.25,263.8,165640
equity,INE405A01021,2026-09-30,428.95,408.1,409.4,1302805
equity,INE405A01021,2026-10-01,418.45,398.2,406.15,298654
equity,INE405A01021,2026-10-02,406.15,406.15,406.15,
equity,INE405A01021,2026-10-05,409.55,403.5,404.8,92729
equity,INE405A01021,2026-10-06,417.15,402.5,408.8,177791
equity,INE958L01034,2026-09-30,7.73,7.36,7.46,763573
equity,INE958L01034,2026-10-01,7.66,7.11,7.31,880133
equity,INE958L01034,2026-10-05,7.43,7.01,7.23,1092741
equity,INE958L01034,2026-10-06,7.45,7,7.32,953721
equity,INE155E01016,2026-09-30,1560,1480.1,1536.7,3316
equity,INE155E01016,2026-10-01,1602,1510,1595.2,8077
equity,INE155E01016,2026-10-05,1651,1580.1,1612.1,4896
equity,INE155E01016,2026-10-06,1675,1560,1571.3,6162
equity,INE0PT501018,2026-09-30,210.89,205.41,206.85,27227
equity,INE0PT501018,2026-10-01,207,200,202,51510
equity,INE0PT501018,2026-10-05,207,198.5,203.83,538128
equity,INE0PT501018,2026-10-06,207,199.75,203.58,45409
equity,INE433O01024,2026-09-30,567.2,567.2,567.2,
equity,INE433O01024,2026-10-01,567.2,567.2,567.2,
equity,INE433O01024,2026-10-02,567.2,567.2,567.2,
equity,INE433O01024,2026-10-05,567.2,567.2,567.2,
equity,INE056801025,2026-09-30,228.1,220.25,222.76,66924
equity,INE056801025,2026-10-01,230,216.5,219.28,195136
equity,INE056801025,2026-10-05,232,221.47,228.29,215545
equity,INE056801025,2026-10-06,232.56,226.01,229.45,93426
equity,INE142Q01026,2026-09-30,134.67,132,133.3,137957
equity,INE142Q01026,2026-10-01,133.5,130,130.94,255283
equity,INE142Q01026,2026-10-05,133.73,131.41,132.33,130210
equity,INE142Q01026,2026-10-06,135,132.57,134.01,167979
equity,INE680A01011,2026-09-30,28.93,27.1,27.52,833002
equity,INE680A01011,2026-10-01,27.5,26,26.97,1111767
equity,INE680A01011,2026-10-05,28.4,26.25,26.49,589132
equity,INE680A01011,2026-10-06,30.48,26.3,28.83,8680307
equity,INE994E01018,2026-09-30,1740,1610.5,1710.4,67737
equity,INE994E01018,2026-10-01,1734,1617.9,1646.8,27802
equity,INE994E01018,2026-10-05,1734,1609.6,1624.7,14040
equity,INE994E01018,2026-10-06,1656.4,1563.5,1575.1,13614
equity,INE881E01017,2026-09-30,13860.2002,13750,13860.2002,388
equity,INE881E01017,2026-10-01,14553.2002,13521.5996,13873.1504,3141
equity,INE881E01017,2026-10-05,14149.9502,13179.5,13226.8496,1639
equity,INE881E01017,2026-10-06,13250,12700,13224.0996,238
equity,INE302D01024,2026-09-30,197.9,183.11,184.1,2667403
equity,INE302D01024,2026-10-01,186,172.89,176.97,747746
equity,INE302D01024,2026-10-02,176.97,176.97,176.97,
equity,INE302D01024,2026-10-05,179.56,172.93,174.61,406622
equity,INE302D01024,2026-10-06,184.9,175.77,183.49,632519
equity,INE822G01016,2026-09-30,790.85,768.7,774.25,8860
equity,INE822G01016,2026-10-01,774.25,717.05,743.6,17615
equity,INE822G01016,2026-10-05,774.8,695,702.4,29147
equity,INE822G01016,2026-10-06,755.8,711.1,735.25,57868
equity,INE966A01022,2026-09-30,66.48,64.52,64.94,79533
equity,INE966A01022,2026-10-01,65.6,62.15,62.86,122351
equity,INE966A01022,2026-10-05,65.5,62,62.4,75022
equity,INE966A01022,2026-10-06,63.93,61.9,62.46,111228
equity,INE967G01019,2026-09-30,10287,10100,10140,30
equity,INE967G01019,2026-10-01,10320,9900,10017,23
equity,INE967G01019,2026-10-05,10000,9605,9787,29
equity,INE967G01019,2026-10-06,9986,9710,9961,35
equity,INE754D01018,2026-09-30,1320,1256.6,1275,275
equity,INE754D01018,2026-10-01,1318.9,1236.7,1312.25,284
equity,INE754D01018,2026-10-05,1335,1254.6,1334.25,272
equity,INE754D01018,2026-10-06,1340,1319.95,1334,107
equity,INE316L01019,2026-09-30,169.66,164,164.36,98885
equity,INE316L01019,2026-10-01,164,154.44,160.12,222059
equity,INE316L01019,2026-10-05,164.6,160.1,162.25,118991
equity,INE316L01019,2026-10-06,167.99,161.6,165.28,120929
equity,INE285B01017,2026-09-30,9.85,9.65,9.69,3800694
equity,INE285B01017,2026-10-01,9.7,9.11,9.3,3620918
equity,INE285B01017,2026-10-05,9.5,9.02,9.1,3241444
equity,INE285B01017,2026-10-06,9.36,9.11,9.17,2811136
equity,INE405C01035,2026-09-30,593.4,584,585.65,19291
equity,INE405C01035,2026-10-01,585.65,572.25,582.05,61905
equity,INE405C01035,2026-10-02,582.05,582.05,582.05,
equity,INE405C01035,2026-10-05,589.45,565,567.2,28961
equity,INE405C01035,2026-10-06,586.65,569.2,577.8,15981
equity,INE458B01036,2026-09-30,422,400.05,411.15,87639
equity,INE458B01036,2026-10-01,415,391.1,402.65,140359
equity,INE458B01036,2026-10-05,418,396,412.35,173594
equity,INE458B01036,2026-10-06,432.95,413.5,432.95,149876
equity,INE497S01012,2026-09-30,237,230,232.01,112434
equity,INE497S01012,2026-10-01,232,223.81,227.18,76451
equity,INE497S01012,2026-10-05,234.29,224.1,224.91,66276
equity,INE497S01012,2026-10-06,231.5,224.73,228.57,54417
equity,INE563J01010,2026-09-30,787.8,699,722.75,1100746
equity,INE563J01010,2026-10-01,725.4,684.8,708.6,71196
equity,INE563J01010,2026-10-05,721.75,700,712.7,30766
equity,INE563J01010,2026-10-06,726,685,704.7,73593
equity,INE1SJO01012,2026-09-30,300,282.5,285.98,654381
equity,INE1SJO01012,2026-10-01,298.45,281.3,288.75,785400
equity,INE1SJO01012,2026-10-02,288.75,288.75,288.75,
equity,INE1SJO01012,2026-10-05,317.5,294,305.1,1851970
equity,INE1SJO01012,2026-10-06,332,307.85,330.35,880035
equity,INE533D01032,2026-09-30,20.84,20.12,20.17,9852
equity,INE533D01032,2026-10-01,20.57,19.77,20,20055
equity,INE533D01032,2026-10-02,20,20,20,
equity,INE533D01032,2026-10-05,20.4,19.6,19.62,26292
equity,INE533D01032,2026-10-06,20.01,19.71,20.01,6943
equity,INE570D01018,2026-09-30,886.95,840.15,856.05,48123
equity,INE570D01018,2026-10-01,876.15,829,865.2,40400
equity,INE570D01018,2026-10-05,891.75,835.9,858.55,26652
equity,INE570D01018,2026-10-06,915.95,858.7,891.75,60698
equity,INE835G01018,2026-09-30,786,762.5,767.25,8379
equity,INE835G01018,2026-10-01,771,747,756.35,6690
equity,INE835G01018,2026-10-05,766.45,741.3,750.9,2786
equity,INE835G01018,2026-10-06,774,742.45,768.1,7202
equity,INE535D01037,2026-09-30,65.55,63.57,64.58,473626
equity,INE535D01037,2026-10-01,64.57,60.77,62.66,377971
equity,INE535D01037,2026-10-02,62.66,62.66,62.66,
equity,INE535D01037,2026-10-05,63.94,61.81,62.26,252108
equity,INE535D01037,2026-10-06,63.36,61.74,62.24,524832
equity,INE0NG701011,2026-09-30,285.05,262.2,285.05,712037
equity,INE0NG701011,2026-10-01,294.65,270.8,272.4,796522
equity,INE0NG701011,2026-10-05,286,266,286,670465
equity,INE0NG701011,2026-10-06,300.3,283.5,300.3,614796
equity,INE828A01016,2026-09-30,1030,952.95,995.1,7093
equity,INE828A01016,2026-10-01,1004,980.4,987.55,11722
equity,INE828A01016,2026-10-05,1098,995,1071.15,61770
equity,INE828A01016,2026-10-06,1112.85,1042.7,1092.85,27873
equity,INE963C01033,2026-09-30,462.2,420,442.15,402154
equity,INE963C01033,2026-10-01,444.1,425.05,433.05,23619
equity,INE963C01033,2026-10-05,436.9,421,425,13673
equity,INE963C01033,2026-10-06,450,420,445.75,35186
equity,INE01GN01025,2026-09-30,63.48,61,61.55,155703
equity,INE01GN01025,2026-10-01,63,59.23,60.46,180441
equity,INE01GN01025,2026-10-05,62,57.72,59.69,439369
equity,INE01GN01025,2026-10-06,60.58,58.2,58.45,130667
equity,INE073V01015,2026-09-30,279.15,265,269.7,610951
equity,INE073V01015,2026-10-01,270.05,259,262.4,318865
equity,INE073V01015,2026-10-05,270,256.8,259.55,527134
equity,INE073V01015,2026-10-06,265.5,257.75,263,267556
equity,INE737G01016,2026-09-30,56,56,56,
equity,INE737G01016,2026-10-01,56,56,56,
equity,INE737G01016,2026-10-02,56,56,56,
equity,INE737G01016,2026-10-05,56.5,56.5,56.5,100
equity,INE737G01016,2026-10-06,57.25,57.25,57.25,100
equity,INE0ORA01015,2026-09-30,1318,1270,1274,3200
equity,INE0ORA01015,2026-10-01,1337.7,1240,1269.85,21000
equity,INE0ORA01015,2026-10-05,1299.95,1227,1246.75,10500
equity,INE0ORA01015,2026-10-06,1296,1216,1290.85,8300
equity,INE184H01027,2026-09-30,110.5,106.65,108.9,199123
equity,INE184H01027,2026-10-01,108.9,103.7,106.01,154275
equity,INE184H01027,2026-10-05,107.99,104,105.13,124137
equity,INE184H01027,2026-10-06,108.5,104.5,106.54,113560
equity,INE148A01019,2026-09-30,129.99,123.15,124.08,945747
equity,INE148A01019,2026-10-01,125.71,118.5,123.18,929005
equity,INE148A01019,2026-10-05,127.48,122.5,122.75,631775
equity,INE148A01019,2026-10-06,127.13,123,126.03,801738
equity,INE258R01028,2026-09-30,62.15,55,58.29,1206378
equity,INE258R01028,2026-10-01,62.2,57.01,60.91,809424
equity,INE258R01028,2026-10-02,60.91,60.91,60.91,
equity,INE258R01028,2026-10-05,69.5,62.01,63.5,13683999
equity,INE258R01028,2026-10-06,69,62,63.05,2526901
equity,INE950M01013,2026-09-30,535,517.95,527.45,39094
equity,INE950M01013,2026-10-01,525,514,522.85,26728
equity,INE950M01013,2026-10-02,522.85,522.85,522.85,
equity,INE950M01013,2026-10-05,525.15,515.05,516.9,19032
equity,INE950M01013,2026-10-06,527.35,518,524.3,17793
equity,INE197A01024,2026-09-30,9.25,8.83,8.9,4112757
equity,INE197A01024,2026-10-01,8.97,8.63,8.9,3855748
equity,INE197A01024,2026-10-05,9.06,8.65,8.67,3922651
equity,INE197A01024,2026-10-06,8.99,8.61,8.94,3302967
equity,INE284B01028,2026-09-30,125,120,121.48,424592
equity,INE284B01028,2026-10-01,123.78,114.52,116.38,320394
equity,INE284B01028,2026-10-05,127.5,120.25,121.99,1302916
equity,INE284B01028,2026-10-06,126,121.55,125.48,359316
equity,INE484I01029,2026-09-30,120.19,116.3,116.78,78594
equity,INE484I01029,2026-10-01,117.85,108.35,109.9,438255
equity,INE484I01029,2026-10-05,112.65,107.7,108.91,135479
equity,INE484I01029,2026-10-06,113.9,109.5,113.27,111679
equity,INE658G01014,2026-09-30,101.53,97,99.06,1173619
equity,INE658G01014,2026-10-01,102.4,94.11,98.92,1173063
equity,INE658G01014,2026-10-05,100.42,93.98,93.98,697076
equity,INE658G01014,2026-10-06,93,89.29,89.6,746781
equity,INE02L001032,2026-09-30,116.77,113.16,113.91,54494
equity,INE02L001032,2026-10-01,114.51,110,112.72,72726
equity,INE02L001032,2026-10-02,112.72,112.72,112.72,
equity,INE02L001032,2026-10-05,115,111.75,112.15,146287
equity,INE02L001032,2026-10-06,115.5,112.28,113.27,61966
equity,INE346W01013,2026-09-30,348.3,335,336.5,66125
equity,INE346W01013,2026-10-01,341.95,320.3,326.3,123991
equity,INE346W01013,2026-10-02,326.3,326.3,326.3,
equity,INE346W01013,2026-10-05,334.65,323.5,328.4,78909
equity,INE346W01013,2026-10-06,342.6,320,339.8,107148
equity,INE0XBS01012,2026-09-30,533.5,522,528.35,400000
equity,INE0XBS01012,2026-10-01,537.65,500,522.45,233000
equity,INE0XBS01012,2026-10-05,568,515,562.25,203000
equity,INE0XBS01012,2026-10-06,578,563,566.6,108000
equity,INE520Y01019,2026-09-30,641.45,623,629.55,21934
equity,INE520Y01019,2026-10-01,629.9,602,623.65,31483
equity,INE520Y01019,2026-10-05,634.4,619.1,628.55,14078
equity,INE520Y01019,2026-10-06,638.8,620.95,631.2,11370
equity,INE255D01024,2026-09-30,168.99,164.03,165.86,44432
equity,INE255D01024,2026-10-01,167.65,158.86,161.75,91855
equity,INE255D01024,2026-10-02,161.75,161.75,161.75,
equity,INE255D01024,2026-10-05,164,159.15,160.84,93047
equity,INE255D01024,2026-10-06,168.9,160.69,167.92,117694
equity,INE02NC01014,2026-09-30,131.06,126.3,127.21,135642
equity,INE02NC01014,2026-10-01,129.9,125.01,128.22,146312
equity,INE02NC01014,2026-10-05,130.9,127.2,128.5,140754
equity,INE02NC01014,2026-10-06,130.8,127.88,128.29,70786
equity,INE701A01023,2026-09-30,3430,3302,3400.8,1023
equity,INE701A01023,2026-10-01,3450,3300,3435.3,1027
equity,INE701A01023,2026-10-05,3525.7,3375,3517.8,1519
equity,INE701A01023,2026-10-06,3624.8,3460,3574.2,1294
equity,INE07U701015,2026-09-30,272.1,263.25,264.45,32502
equity,INE07U701015,2026-10-01,263.7,253.05,257.7,60300
equity,INE07U701015,2026-10-02,257.7,257.7,257.7,
equity,INE07U701015,2026-10-05,264.8,256.8,259.5,47444
equity,INE07U701015,2026-10-06,264.45,256.2,262.1,37771
equity,INE895B01021,2026-09-30,133.88,130,130.52,90771
equity,INE895B01021,2026-10-01,134.99,129,130.58,187383
equity,INE895B01021,2026-10-05,132.58,126.67,128.4,182693
equity,INE895B01021,2026-10-06,130.59,128,128.99,118983
equity,INE374E01021,2026-09-30,56.3,53.63,55.77,223146
equity,INE374E01021,2026-10-01,54.99,53,53.12,129145
equity,INE374E01021,2026-10-05,56.35,52.44,55.54,221270
equity,INE374E01021,2026-10-06,57.48,55.1,55.47,305218
equity,INE701G01012,2026-09-30,1751.9,1704.1,1706.3,305
equity,INE701G01012,2026-10-01,1757.9,1675.6,1714.1,660
equity,INE701G01012,2026-10-05,1748.6,1700,1746.7,598
equity,INE701G01012,2026-10-06,1735.2,1675,1709.1,1082
equity,INE0JYY01029,2026-09-30,43.95,42.9,43.38,283085
equity,INE0JYY01029,2026-10-01,43.58,42.5,43.13,408526
equity,INE0JYY01029,2026-10-05,42.74,40.96,41.53,1175803
equity,INE0JYY01029,2026-10-06,41.93,41.02,41.66,358670
equity,INE0PRF01011,2026-09-30,626,593,600.45,51000
equity,INE0PRF01011,2026-10-01,589.95,540,581.2,53000
equity,INE0PRF01011,2026-10-05,588,555,562.15,20500
equity,INE072A01029,2026-09-30,26.88,26.4,26.63,104289
equity,INE072A01029,2026-10-01,27,25.05,26.61,568440
equity,INE072A01029,2026-10-05,31.93,25.68,29.83,2113429
equity,INE072A01029,2026-10-06,30.38,28.56,29.67,640898
equity,INE794B01026,2026-09-30,93.78,90.71,91.26,130429
equity,INE794B01026,2026-10-01,92.46,88,90.04,383292
equity,INE794B01026,2026-10-02,90.04,90.04,90.04,
equity,INE794B01026,2026-10-05,91.88,88.5,90.61,54523
equity,INE794B01026,2026-10-06,91.69,89.11,90.56,80165
equity,INE671K01027,2026-09-30,367.4,355.05,358.9,12756
equity,INE671K01027,2026-10-01,363.2,350.05,358.9,5267
equity,INE671K01027,2026-10-05,370,350,356.05,15697
equity,INE671K01027,2026-10-06,360.95,352.1,356.75,2192
equity,INE0OLH01013,2026-09-30,1076,1066,1067,660
equity,INE0OLH01013,2026-10-01,1066,1020,1049.65,6435
equity,INE0OLH01013,2026-10-05,1059,1020,1035,4785
equity,INE0OLH01013,2026-10-06,1122,1050,1053.35,6270
equity,INE046A01015,2026-09-30,687.45,673,677.35,39546
equity,INE046A01015,2026-10-01,677.05,657.55,666.85,37803
equity,INE046A01015,2026-10-05,681.75,657,664.1,36561
equity,INE046A01015,2026-10-06,684,661.5,681.7,55333
equity,INE869Y01028,2026-09-30,58.56,57.05,57.67,736216
equity,INE869Y01028,2026-10-01,58.56,56.25,57.16,955699
equity,INE869Y01028,2026-10-05,57.7,54.9,55.18,857236
equity,INE869Y01028,2026-10-06,58.86,55.88,58.25,5602919
equity,INE866K01023,2026-09-30,215,205.55,209.95,89461
equity,INE866K01023,2026-10-01,212,199.46,203.39,240812
equity,INE866K01023,2026-10-02,203.39,203.39,203.39,
equity,INE866K01023,2026-10-05,213.3,203.01,204.89,141493
equity,INE866K01023,2026-10-06,209.89,204.62,208.05,84953
equity,INE800A01015,2026-09-30,387.35,371.45,381.15,654414
equity,INE800A01015,2026-10-01,389,362.1,383,403264
equity,INE800A01015,2026-10-02,383,383,383,
equity,INE800A01015,2026-10-05,391,372.1,376.65,249466
equity,INE800A01015,2026-10-06,395.45,376.85,395.45,458159
equity,INE062D01024,2026-09-30,869.8,726.05,869.8,953310
equity,INE062D01024,2026-10-01,891.4,846.9,871.95,864818
equity,INE062D01024,2026-10-05,889.9,832.05,848.95,99365
equity,INE062D01024,2026-10-06,876.5,837.05,866.9,59587
equity,INE082A01010,2026-09-30,295.83,277.01,278.32,487875
equity,INE082A01010,2026-10-01,284.4,264.2,282.05,714330
equity,INE082A01010,2026-10-05,288,267.35,268.7,401731
equity,INE082A01010,2026-10-06,274.7,265,269.6,358825
equity,INE672B01032,2026-09-30,115.7,106,112.86,9221059
equity,INE672B01032,2026-10-01,110.76,102.58,104.07,1200123
equity,INE672B01032,2026-10-02,104.07,104.07,104.07,
equity,INE672B01032,2026-10-05,106.88,103.65,105.56,353413
equity,INE672B01032,2026-10-06,106.98,103.74,105.33,355586
equity,INE577L01016,2026-09-30,622,561.25,570.1,11379
equity,INE577L01016,2026-10-01,580.5,551.3,574.15,2660
equity,INE577L01016,2026-10-05,592,559.8,567.7,1993
equity,INE577L01016,2026-10-06,584.5,570,575.95,950
equity,INE295F01017,2026-09-30,565.35,551.55,552.75,12112
equity,INE295F01017,2026-10-01,569.95,522.25,550.5,36497
equity,INE295F01017,2026-10-05,567,545.35,547.55,15707
equity,INE295F01017,2026-10-06,553.6,539,543.25,20545
equity,INE00EV01017,2026-09-30,349.8,340.1,340.95,38845
equity,INE00EV01017,2026-10-01,342.25,325.75,332.35,102151
equity,INE00EV01017,2026-10-05,340.05,322.3,324.6,81939
equity,INE00EV01017,2026-10-06,339.95,325,336.5,78828
equity,INE083B01024,2026-09-30,122.19,115.25,116.46,468486
equity,INE083B01024,2026-10-01,117.97,110.5,113.19,69276
equity,INE083B01024,2026-10-05,115,111.02,112.89,58862
equity,INE083B01024,2026-10-06,114.98,112.35,113.49,44074
equity,INE833A01016,2026-09-30,2349.8,2283.95,2324.6001,507
equity,INE833A01016,2026-10-01,2369.95,2210,2241.45,1877
equity,INE833A01016,2026-10-05,2444,2242,2358,1301
equity,INE833A01016,2026-10-06,2495,2358,2420.05,3611
equity,INE390H01020,2026-09-30,40.25,37.81,38.08,554860
equity,INE390H01020,2026-10-01,38.28,36.34,37.59,1112530
equity,INE390H01020,2026-10-05,38.2,36.4,36.73,663573
equity,INE390H01020,2026-10-06,37.94,36.41,37.31,715664
equity,INE0HLJ01013,2026-09-30,681,650,651.95,10084
equity,INE0HLJ01013,2026-10-01,681.5,640,679,22437
equity,INE0HLJ01013,2026-10-05,689,665.05,682.7,4993
equity,INE0HLJ01013,2026-10-06,700,670.05,697.25,11587
equity,INE232A01011,2026-09-30,67.19,65.5,65.92,32697
equity,INE232A01011,2026-10-01,67.35,65,66.69,90765
equity,INE232A01011,2026-10-05,67.2,65.57,66.33,52935
equity,INE232A01011,2026-10-06,67,64.15,65.12,143730
equity,INE451C01013,2026-09-30,1674.9,1630,1638,339
equity,INE451C01013,2026-10-01,1649.8,1605,1622.7,696
equity,INE451C01013,2026-10-05,1689.6,1636.6,1683,1051
equity,INE451C01013,2026-10-06,1770,1678,1723.7,1034
equity,INE660C01027,2026-09-30,21.35,19,19.61,765145
equity,INE660C01027,2026-10-01,20.43,18.71,19.9,596475
equity,INE660C01027,2026-10-05,20.4,19.3,19.7,371639
equity,INE660C01027,2026-10-06,20.2,19.47,19.8,253359
equity,INE677D01037,2026-09-30,84.14,81.55,82.14,223611
equity,INE677D01037,2026-10-01,82.9,80.3,81.66,184334
equity,INE677D01037,2026-10-05,83.22,80.68,81.13,200223
equity,INE677D01037,2026-10-06,83.23,81.68,82.62,124197
equity,INE0WO601020,2026-09-30,196.97,190.35,191.42,66468
equity,INE0WO601020,2026-10-01,195.7,189.45,193.87,61062
equity,INE0WO601020,2026-10-05,200,189,190.54,40315
equity,INE0WO601020,2026-10-06,192.38,188.21,190.53,34842
equity,INE041A01016,2026-09-30,179.69,170.1,171.42,654374
equity,INE041A01016,2026-10-01,173.5,164.9,171.06,633753
equity,INE041A01016,2026-10-05,179.98,171.19,176.85,818549
equity,INE041A01016,2026-10-06,192,181.33,188.81,3998580
equity,INE866R01028,2026-09-30,529.8,519.05,523.8,4149
equity,INE866R01028,2026-10-01,516.9,489.1,497,19572
equity,INE866R01028,2026-10-05,518,485.6,514.05,11558
equity,INE866R01028,2026-10-06,521.4,503.15,509.6,7753
equity,INE524B01027,2026-09-30,974.5,945,951.55,5516
equity,INE524B01027,2026-10-01,989,951,975.55,31132
equity,INE524B01027,2026-10-05,1005,967.6,993.7,16367
equity,INE524B01027,2026-10-06,998.15,972,981.5,6439
equity,INE0PPK01015,2026-09-30,239,230.76,231.53,89355
equity,INE0PPK01015,2026-10-01,232.37,225.36,229.25,78325
equity,INE0PPK01015,2026-10-05,237.8,221.2,222.47,148888
equity,INE0PPK01015,2026-10-06,229.98,222.53,226.35,140237
equity,INE557A01011,2026-09-30,1426.5,1394.1,1400.1,6563
equity,INE557A01011,2026-10-01,1415.8,1350,1391.2,7041
equity,INE557A01011,2026-10-05,1425,1361.1,1379.5,3263
equity,INE557A01011,2026-10-06,1430,1379.4,1406.5,11841
equity,INE999K01014,2026-09-30,9,8.8,8.83,1424370
equity,INE999K01014,2026-10-01,8.9,8.61,8.77,1489357
equity,INE999K01014,2026-10-05,8.85,8.62,8.66,1454330
equity,INE999K01014,2026-10-06,8.8,8.65,8.74,1135674
equity,INE0WKY01013,2026-09-30,509,500.35,506.2,43000
equity,INE0WKY01013,2026-10-01,508.9,485,505.2,60000
equity,INE0WKY01013,2026-10-05,509.2,496,504.5,40000
equity,INE0WKY01013,2026-10-06,513,498,499,55000
equity,INE411U01027,2026-09-30,338,325.15,327.2,84330
equity,INE411U01027,2026-10-01,325.5,316.35,322.95,128069
equity,INE411U01027,2026-10-05,329,317.1,319.1,121713
equity,INE411U01027,2026-10-06,324,317.5,323.1,79462
equity,INE412G01024,2026-09-30,32.74,31.51,31.79,223784
equity,INE412G01024,2026-10-01,31.77,30.41,31.24,529504
equity,INE412G01024,2026-10-05,32.14,31.05,31.29,523094
equity,INE412G01024,2026-10-06,32.19,31.36,32.03,364947
equity,INE107A01015,2026-09-30,152.9,149.75,150.61,68064
equity,INE107A01015,2026-10-01,151,146.21,147.63,135559
equity,INE107A01015,2026-10-02,147.63,147.63,147.63,
equity,INE107A01015,2026-10-05,151.87,146.04,146.49,73341
equity,INE107A01015,2026-10-06,148.92,145.61,145.94,62235
equity,INE137I01015,2026-09-30,1935.9,1890,1898.6,628
equity,INE137I01015,2026-10-01,1938,1808.8,1895,1678
equity,INE137I01015,2026-10-05,1911.9,1850,1868.9,911
equity,INE137I01015,2026-10-06,1909.1,1850,1853,754
equity,INE786F01031,2026-09-30,300.5,286.9,288.4,153061
equity,INE786F01031,2026-10-01,288,272.25,276.1,186895
equity,INE786F01031,2026-10-05,298,279,294.7,362425
equity,INE786F01031,2026-10-06,309.95,296.6,302.8,427889
equity,INE694A01020,2026-09-30,3.99,3.9,3.96,3132347
equity,INE694A01020,2026-10-01,3.99,3.85,3.93,3179973
equity,INE694A01020,2026-10-05,3.99,3.88,3.9,1338911
equity,INE694A01020,2026-10-06,4.05,3.91,4,2289708
equity,INE127B01011,2026-09-30,645,615,621.8,4081
equity,INE127B01011,2026-10-01,627.5,595,601.75,2558
equity,INE127B01011,2026-10-05,613.45,580.3,584.6,2734
equity,INE127B01011,2026-10-06,613.8,555.4,568.9,10320
equity,INE0R6Z01013,2026-09-30,416.9,400.75,404.4,42098
equity,INE0R6Z01013,2026-10-01,408.55,391.65,398.75,48009
equity,INE0R6Z01013,2026-10-05,405.6,394.1,398.65,35369
equity,INE0R6Z01013,2026-10-06,422,393.25,418.45,80137
equity,INE670O01013,2026-09-30,552.75,520,527.9,6160
equity,INE670O01013,2026-10-01,546.95,510.65,525.4,7766
equity,INE670O01013,2026-10-05,550,528.95,547.2,9461
equity,INE670O01013,2026-10-06,566.95,537.05,564,23278
equity,INE620D01011,2026-09-30,6450,6290,6336.5,76
equity,INE620D01011,2026-10-01,6494,6251,6255.5,97
equity,INE620D01011,2026-10-05,6350,6290,6350,27
equity,INE620D01011,2026-10-06,6400,6050,6299.5,227
equity,INE365Y01019,2026-09-30,1948,1756.4,1792.8,15982
equity,INE365Y01019,2026-10-01,1822.4,1667,1720.4,11114
equity,INE365Y01019,2026-10-05,1790,1670,1726.9,12145
equity,INE365Y01019,2026-10-06,1899,1741.3,1836.4,11347
equity,INE01BK01022,2026-09-30,371.7,361.05,364.55,68038
equity,INE01BK01022,2026-10-01,365.05,347,355.4,92442
equity,INE01BK01022,2026-10-05,359,346.6,350.4,62596
equity,INE01BK01022,2026-10-06,364.05,351.4,355.2,69419
equity,INE0H9P01028,2026-09-30,146.4,136.79,143.88,4654571
equity,INE0H9P01028,2026-10-01,143.69,134.98,138.66,1086645
equity,INE0H9P01028,2026-10-05,143,137.51,140.24,1432618
equity,INE0H9P01028,2026-10-06,145.5,138.37,143.66,2533584
equity,INE998U01015,2026-09-30,438,430.1,434.9,4400
equity,INE998U01015,2026-10-01,434.95,400,406,9200
equity,INE998U01015,2026-10-05,415.9,404.9,415.9,3200
equity,INE414A01015,2026-09-30,59.69,58.5,58.77,34224
equity,INE414A01015,2026-10-01,58.55,57.06,57.46,18994
equity,INE414A01015,2026-10-05,58.49,57.26,57.61,26788
equity,INE414A01015,2026-10-06,59.5,57.61,58.98,30663
equity,INE0O5T01011,2026-09-30,945,900,903.2,5400
equity,INE0O5T01011,2026-10-01,914,858,861.85,6100
equity,INE0O5T01011,2026-10-05,895,861.35,867.75,1500
equity,INE147P01019,2026-09-30,959.5,930.05,933.4,1705
equity,INE147P01019,2026-10-01,941.95,902.55,911,5263
equity,INE147P01019,2026-10-02,911,911,911,
equity,INE147P01019,2026-10-05,925,885,891.2,5572
equity,INE147P01019,2026-10-06,929,892.9,923.9,2637
equity,INE887D01024,2026-09-30,54.55,48.15,49.93,2215816
equity,INE887D01024,2026-10-01,49.9,46.5,47.47,752515
equity,INE887D01024,2026-10-05,49,46.19,47.07,459771
equity,INE887D01024,2026-10-06,49.04,46.22,47.09,720354
equity,INE796G01012,2026-09-30,1067,1031,1040.5,939
equity,INE796G01012,2026-10-01,1052.8,1025.1,1031.8,779
equity,INE796G01012,2026-10-05,1059.7,1020.4,1024.7,875
equity,INE796G01012,2026-10-06,1049.8,1012,1024.8,1695
equity,INE290A01027,2026-09-30,271.7,259.2,260.05,15466
equity,INE290A01027,2026-10-01,263,250,255.5,19419
equity,INE290A01027,2026-10-05,260.7,249.2,250.15,27426
equity,INE290A01027,2026-10-06,259.85,253,257.4,7352
equity,INE0ECP01024,2026-09-30,24.69,23.61,23.92,978980
equity,INE0ECP01024,2026-10-01,24.11,23.04,23.47,2581703
equity,INE0ECP01024,2026-10-05,24.25,23.07,23.4,3179782
equity,INE0ECP01024,2026-10-06,24.74,23.31,24.56,2144377
equity,INE577D01013,2026-09-30,850,832,835.45,6331
equity,INE577D01013,2026-10-01,847,830.3,840.65,5241
equity,INE577D01013,2026-10-05,845,831.05,832.9,5477
equity,INE577D01013,2026-10-06,850,832,849.6,4245
equity,INE068B01017,2026-09-30,114,110.03,110.93,18760
equity,INE068B01017,2026-10-01,115.19,108,109.19,26220
equity,INE068B01017,2026-10-05,113.2,108.01,108.72,20206
equity,INE068B01017,2026-10-06,110.44,107.5,110.08,31166
equity,INE611A01016,2026-09-30,215.5,207,208.6,45977
equity,INE611A01016,2026-10-01,211.68,199.04,202.21,47256
equity,INE611A01016,2026-10-05,209.99,201.44,203.03,30003
equity,INE611A01016,2026-10-06,209,202.81,207.03,24341
equity,INE964H01014,2026-09-30,5.19,5.01,5.02,5233528
equity,INE964H01014,2026-10-01,5.17,4.95,5.08,12035116
equity,INE964H01014,2026-10-05,5.23,5.07,5.11,5180319
equity,INE964H01014,2026-10-06,5.15,5.03,5.05,4908083
equity,INE00ZE01026,2026-09-30,201.78,201,201,9448
equity,INE00ZE01026,2026-10-01,202.4,201,201,32860
equity,INE00ZE01026,2026-10-05,201.95,201,201,6118
equity,INE00ZE01026,2026-10-06,201.9,201,201,2674
equity,INE511Y01018,2026-09-30,477.3,447,474.85,139843
equity,INE511Y01018,2026-10-01,485,447.6,449.6,108870
equity,INE511Y01018,2026-10-05,476.75,447.65,468.05,70165
equity,INE511Y01018,2026-10-06,485.1,463.4,480.55,51023
equity,INE284H01025,2026-09-30,159.29,150.1,151.08,623800
equity,INE284H01025,2026-10-01,152.26,143.66,146.56,444502
equity,INE284H01025,2026-10-05,150.19,146.01,146.75,220836
equity,INE284H01025,2026-10-06,153.8,146.25,152.51,402835
equity,INE559D01011,2026-09-30,375,355,366.85,4058
equity,INE559D01011,2026-10-01,370.45,358,362.35,3321
equity,INE559D01011,2026-10-05,367,355,363.05,4641
equity,INE559D01011,2026-10-06,363.8,357.75,359.9,824
equity,INE02WG01024,2026-09-30,73.84,71.81,72.63,224981
equity,INE02WG01024,2026-10-01,74,71.21,71.7,186921
equity,INE02WG01024,2026-10-02,71.7,71.7,71.7,
equity,INE02WG01024,2026-10-05,74.39,72.01,73.3,187482
equity,INE02WG01024,2026-10-06,75.45,73.29,74.62,181866
equity,INE189I01024,2026-09-30,124.7,118.8,123.4,394628
equity,INE189I01024,2026-10-01,126.38,118,121.03,273249
equity,INE189I01024,2026-10-02,121.03,121.03,121.03,
equity,INE189I01024,2026-10-05,123.3,118.18,121.43,153030
equity,INE189I01024,2026-10-06,126,119.69,124.48,232634
equity,INE477B01010,2026-09-30,291.45,282.1,282.95,8519
equity,INE477B01010,2026-10-01,282.15,274.45,278.7,12290
equity,INE477B01010,2026-10-05,280.4,270.5,271.65,5322
equity,INE477B01010,2026-10-06,279,273.3,278.6,2212
equity,INE0TO701015,2026-09-30,412.15,396,398.8,29583
equity,INE0TO701015,2026-10-01,404.9,389.3,399.9,63090
equity,INE0TO701015,2026-10-05,405.9,392.8,402.95,57051
equity,INE0TO701015,2026-10-06,404.9,394,395.65,73224
equity,INE599F01020,2026-09-30,2001,1961.25,1984,2385
equity,INE599F01020,2026-10-01,2020,1860,1954.8,4361
equity,INE599F01020,2026-10-05,1975,1901.3,1927.8,1635
equity,INE599F01020,2026-10-06,1966,1905,1930.1,1187
equity,INE734I01027,2026-09-30,71.2,67.45,67.92,42160
equity,INE734I01027,2026-10-01,72.9,67.01,70.53,86037
equity,INE734I01027,2026-10-02,70.53,70.53,70.53,
equity,INE734I01027,2026-10-05,71.99,68.05,68.51,12875
equity,INE734I01027,2026-10-06,69.87,68.55,69.31,7535
equity,INE336H01023,2026-09-30,23.44,22.14,22.68,652974
equity,INE336H01023,2026-10-01,23.37,21.75,22.44,442009
equity,INE336H01023,2026-10-05,22.87,21.32,21.45,637704
equity,INE336H01023,2026-10-06,21.85,20.59,21.46,696167
equity,INE199E01014,2026-09-30,1114.6,1034.8,1054,15883
equity,INE199E01014,2026-10-01,1074,1025.7,1059,3157
equity,INE199E01014,2026-10-05,1100,1070.1,1097,1725
equity,INE199E01014,2026-10-06,1111.9,1029,1047.4,1685
equity,INE799B01025,2026-09-30,506.15,506.15,506.15,573
equity,INE799B01025,2026-10-01,516.25,516.25,516.25,102
equity,INE799B01025,2026-10-05,526.55,526.55,526.55,820
equity,INE799B01025,2026-10-06,537.05,537.05,537.05,233
equity,INE309M01020,2026-09-30,97.89,92,92.76,208407
equity,INE309M01020,2026-10-01,92.59,88.05,90.64,337345
equity,INE309M01020,2026-10-02,90.64,90.64,90.64,
equity,INE309M01020,2026-10-05,106.05,89.81,101.54,5042542
equity,INE309M01020,2026-10-06,103.52,94.83,97.23,802711
equity,INE740D01017,2026-09-30,679.45,651.05,669.45,9700
equity,INE740D01017,2026-10-01,680,637.2,659.5,22172
equity,INE740D01017,2026-10-05,680,650.05,661.35,31444
equity,INE740D01017,2026-10-06,679,655,658.25,11915
equity,INE643K01018,2026-09-30,231.6,221.35,222.85,1653
equity,INE643K01018,2026-10-01,230.95,210.82,216.63,6122
equity,INE643K01018,2026-10-05,222,218,218.78,3008
equity,INE643K01018,2026-10-06,224.9,216,220.26,1578
equity,INE00YJ01010,2026-09-30,427.65,419,420.1,91420
equity,INE00YJ01010,2026-10-01,420.85,403.4,408.4,99816
equity,INE00YJ01010,2026-10-05,414.3,401.15,405.15,103783
equity,INE00YJ01010,2026-10-06,416.9,405.7,413.85,112074
equity,INE583V01021,2026-09-30,70.9,68.11,70.23,173131
equity,INE583V01021,2026-10-01,70.84,68.1,68.98,148396
equity,INE583V01021,2026-10-05,69,67.21,67.82,102302
equity,INE583V01021,2026-10-06,68.79,65.55,67.39,109530
equity,INE361D01012,2026-09-30,4748,4610,4639.2998,313
equity,INE361D01012,2026-10-01,4630,4525.0498,4569,127
equity,INE361D01012,2026-10-05,4560,4468.2998,4488,420
equity,INE361D01012,2026-10-06,4451,4180,4317.4502,2091
equity,INE0GGO01015,2026-09-30,415.25,400.25,401.85,15013
equity,INE0GGO01015,2026-10-01,407,392,394.5,10666
equity,INE0GGO01015,2026-10-05,414.2,399,406.5,21443
equity,INE0GGO01015,2026-10-06,408,403.5,404.45,2752
equity,INE0LEX01011,2026-09-30,827.45,810.1,810.1,5700
equity,INE0LEX01011,2026-10-01,837,782.05,794.55,10650
equity,INE0LEX01011,2026-10-05,920.05,801,889.6,90300
equity,INE778B01029,2026-09-30,101.46,87.19,101.22,3656608
equity,INE778B01029,2026-10-01,104.8,94.22,95.52,807322
equity,INE778B01029,2026-10-02,95.52,95.52,95.52,
equity,INE778B01029,2026-10-05,97.99,92.95,93.4,115591
equity,INE778B01029,2026-10-06,96.96,93.5,93.87,125566
equity,INE00U401027,2026-09-30,84.5,82.25,83.9,194948
equity,INE00U401027,2026-10-01,84.15,80.2,82.58,204430
equity,INE00U401027,2026-10-05,83.69,81.11,81.54,134369
equity,INE00U401027,2026-10-06,82.71,81.16,81.84,181148
equity,INE457F01013,2026-09-30,546,530.35,536.4,18504
equity,INE457F01013,2026-10-01,537.5,520.05,530.9,37128
equity,INE457F01013,2026-10-05,535.9,520.2,525.05,33922
equity,INE457F01013,2026-10-06,531.4,521.2,524.95,34906
equity,INE754A01055,2026-09-30,20.89,19.6,19.73,10266212
equity,INE754A01055,2026-10-01,19.9,18.46,19.34,10635459
equity,INE754A01055,2026-10-05,20.24,19.11,19.21,8970071
equity,INE754A01055,2026-10-06,19.93,19.28,19.59,4654305
equity,INE032B01021,2026-09-30,302.9,291.1,298.45,5435
equity,INE032B01021,2026-10-01,304.85,290.55,301.5,43023
equity,INE032B01021,2026-10-05,305,295,298.8,15156
equity,INE032B01021,2026-10-06,303.8,295.65,297.05,9984
equity,INE528A01020,2026-09-30,1570,1530.2,1550,46
equity,INE528A01020,2026-10-01,1560,1526,1530,5515
equity,INE528A01020,2026-10-05,1559,1520,1549.5,7919
equity,INE528A01020,2026-10-06,1568.9,1540,1545.4,6435
equity,INE032Z01020,2026-09-30,86.75,83.5,86.1,3551
equity,INE032Z01020,2026-10-01,86.1,83,83.95,2741
equity,INE032Z01020,2026-10-05,84.8,81,83.07,4676
equity,INE032Z01020,2026-10-06,83.4,79.9,80.1,12728
equity,INE368U01029,2026-09-30,47.56,46.26,47.47,555562
equity,INE368U01029,2026-10-01,48,46.5,47.05,98775
equity,INE368U01029,2026-10-05,50.23,43.5,48.43,3171395
equity,INE368U01029,2026-10-06,49.59,47.89,48.49,706323
equity,INE0IZQ01016,2026-09-30,940,855,907,4000
equity,INE0IZQ01016,2026-10-01,907,907,907,
equity,INE0IZQ01016,2026-10-02,907,907,907,
equity,INE0IZQ01016,2026-10-05,907,907,907,
equity,INE0IZQ01016,2026-10-06,918,895,914.5,8000
equity,INE019J01013,2026-09-30,290.9,283.6,285.05,741
equity,INE019J01013,2026-10-01,290,270.2,273,5260
equity,INE019J01013,2026-10-05,293.4,268,277,7384
equity,INE019J01013,2026-10-06,285.85,276,284.95,7721
equity,INE413D01011,2026-09-30,920.4,855.55,900.7,2591
equity,INE413D01011,2026-10-01,939.4,874.8,894.1,570
equity,INE413D01011,2026-10-05,948,873.25,891.35,2824
equity,INE413D01011,2026-10-06,940,891,914.9,873
equity,INE417D01020,2026-09-30,62.6,61,61.51,2131447
equity,INE417D01020,2026-10-01,67.62,61.2,63.63,61090409
equity,INE417D01020,2026-10-05,67.1,62.8,64.23,18059133
equity,INE417D01020,2026-10-06,75.99,63.05,64.25,46618771
equity,INE275D01022,2026-09-30,174.9,168.56,171.57,2629
equity,INE275D01022,2026-10-01,178,164,165.43,4515
equity,INE275D01022,2026-10-05,169.75,157.85,160.29,4095
equity,INE275D01022,2026-10-06,192.34,161,186.92,430797
equity,INE663B01015,2026-09-30,610,600,607.35,13322
equity,INE663B01015,2026-10-01,638.75,599.55,618,55775
equity,INE663B01015,2026-10-05,625.25,599.05,616.3,19662
equity,INE663B01015,2026-10-06,625,614.1,622.65,13088
equity,INE00TV01023,2026-09-30,37.96,37,37.3,44000
equity,INE00TV01023,2026-10-01,37.24,36.2,37.24,20000
equity,INE00TV01023,2026-10-05,38.39,37,37.1,136000
equity,INE00TV01023,2026-10-06,38.49,36.35,37.82,92000
equity,INE840M01016,2026-09-30,224.1,218.6,220.33,86644
equity,INE840M01016,2026-10-01,220.5,210.96,212.88,68426
equity,INE840M01016,2026-10-02,212.88,212.88,212.88,
equity,INE840M01016,2026-10-05,217.73,210,211.46,63262
equity,INE840M01016,2026-10-06,219.6,211.81,218.28,53061
equity,INE0GMR01016,2026-09-30,391.85,365,388.6,66614
equity,INE0GMR01016,2026-10-01,395,374,377.55,38533
equity,INE0GMR01016,2026-10-05,380,362,369.8,69431
equity,INE0GMR01016,2026-10-06,368,351.55,354.7,31212
equity,INE670C01026,2026-09-30,120.45,115,116.8,15938
equity,INE670C01026,2026-10-01,120.8,115.1,118,22767
equity,INE670C01026,2026-10-05,119,112.5,117.05,18665
equity,INE670C01026,2026-10-06,127,118.1,119.75,5724
equity,INE00QT01015,2026-09-30,669,633.3,666.2,4759
equity,INE00QT01015,2026-10-01,657.95,602.1,613.85,18436
equity,INE00QT01015,2026-10-05,632.3,596,603,4999
equity,INE00QT01015,2026-10-06,614.65,598.55,603.2,4622
equity,INE0CG401037,2026-09-30,26.88,25.66,25.98,205991
equity,INE0CG401037,2026-10-01,26.1,24.75,25.7,278076
equity,INE0CG401037,2026-10-05,26.98,25.1,26.67,272385
equity,INE0CG401037,2026-10-06,27.2,26.26,26.97,112572
equity,INE540G01014,2026-09-30,1545.9,1516.2,1520.6,5265
equity,INE540G01014,2026-10-01,1525,1491,1505.8,7854
equity,INE540G01014,2026-10-05,1545,1523.2,1534,5905
equity,INE540G01014,2026-10-06,1555,1522.6,1532.7,2521
equity,INE455D01012,2026-09-30,350,329.05,345.95,364
equity,INE455D01012,2026-10-01,361,328.7,328.7,410
equity,INE455D01012,2026-10-05,345.1,312.3,343.95,55
equity,INE455D01012,2026-10-06,359.95,343,351,331
equity,INE337E01010,2026-09-30,439.85,421,436.2,25005
equity,INE337E01010,2026-10-01,445,395,405.9,28138
equity,INE337E01010,2026-10-05,428.75,385.6,401.85,21950
equity,INE337E01010,2026-10-06,413.8,398,400.7,16750
equity,INE025A01027,2026-09-30,299.85,280,293.9,1868
equity,INE025A01027,2026-10-01,294,279.3,279.6,22639
equity,INE025A01027,2026-10-05,285,278,284.25,2475
equity,INE025A01027,2026-10-06,290,282,283.2,3292
equity,INE194D01017,2026-09-30,705,665,679.7,123
equity,INE194D01017,2026-10-01,689.85,660,664.5,325
equity,INE194D01017,2026-10-05,714,630,644.05,254
equity,INE194D01017,2026-10-06,657.75,615,639.8,774
equity,INE535F01024,2026-09-30,54.5,52.61,53.43,208140
equity,INE535F01024,2026-10-01,54.5,52.25,53.21,194043
equity,INE535F01024,2026-10-02,53.21,53.21,53.21,
equity,INE535F01024,2026-10-05,56.25,53.57,54.97,581746
equity,INE535F01024,2026-10-06,57.5,54.11,56.95,838313
equity,INE841D01013,2026-09-30,700,671.3,684.5,6607
equity,INE841D01013,2026-10-01,705,690.2,702.4,9548
equity,INE841D01013,2026-10-05,715,692.1,699.5,4382
equity,INE841D01013,2026-10-06,768.8,699.8,753.7,23469
equity,INE00CE01017,2026-09-30,835.05,805,805.8,2386
equity,INE00CE01017,2026-10-01,805,751,786.75,723
equity,INE00CE01017,2026-10-05,859.95,786.75,822.2,763
equity,INE00CE01017,2026-10-06,850,822.2,835.6,2740
equity,INE0QN801017,2026-09-30,635,616.25,626.2,8802
equity,INE0QN801017,2026-10-01,626.2,602.25,610.2,5346
equity,INE0QN801017,2026-10-02,610.2,610.2,610.2,
equity,INE0QN801017,2026-10-05,683.95,607,654.65,41594
equity,INE0QN801017,2026-10-06,674,640,656.65,15827
equity,INE760F01028,2026-09-30,148,138.35,142.07,208080
equity,INE760F01028,2026-10-01,146,133.45,136.52,293231
equity,INE760F01028,2026-10-05,150,136.55,143.31,590272
equity,INE760F01028,2026-10-06,168,145.69,161.16,8040921
equity,INE00OQ01016,2026-09-30,282.9,262,264.35,100650
equity,INE00OQ01016,2026-10-01,270.35,255.85,267.65,75720
equity,INE00OQ01016,2026-10-05,272.3,261.6,265,110832
equity,INE00OQ01016,2026-10-06,270.4,264.25,266.55,53591
equity,INE0MHO01029,2026-09-30,91.19,87.6,88.08,119212
equity,INE0MHO01029,2026-10-01,88.19,83.98,85.99,276524
equity,INE0MHO01029,2026-10-05,87.44,85.05,85.78,116458
equity,INE0MHO01029,2026-10-06,88,85,85.94,183324
equity,INE917H01012,2026-09-30,583.45,563,563.9,17963
equity,INE917H01012,2026-10-01,569.3,532.75,543.6,25322
equity,INE917H01012,2026-10-02,543.6,543.6,543.6,
equity,INE917H01012,2026-10-05,554.95,532.9,537.3,19380
equity,INE917H01012,2026-10-06,559,540,548.65,15527
equity,INE0SOY01013,2026-09-30,424.5,398.75,403.6,123400
equity,INE0SOY01013,2026-10-01,411.7,383.45,386.4,131400
equity,INE0SOY01013,2026-10-05,395,371.05,389.75,70600
equity,INE170V01027,2026-09-30,4.3,3.8,4.08,14749412
equity,INE170V01027,2026-10-01,4.15,4,4.13,3680794
equity,INE170V01027,2026-10-02,4.13,4.13,4.13,
equity,INE170V01027,2026-10-05,4.22,4.01,4.04,3745201
equity,INE170V01027,2026-10-06,4.34,4.04,4.22,5484331
equity,INE414Y01015,2026-09-30,704,665.85,687.15,13348
equity,INE414Y01015,2026-10-01,700,671.15,694.25,8511
equity,INE414Y01015,2026-10-05,709.3,669.05,680.4,12588
equity,INE414Y01015,2026-10-06,734.25,690,719.05,31464
equity,INE219Y01026,2026-09-30,23.79,23.5,23.51,283668
equity,INE219Y01026,2026-10-01,24.51,22.78,23.49,653279
equity,INE219Y01026,2026-10-05,23.69,22.57,23.36,295204
equity,INE219Y01026,2026-10-06,23.85,22.61,23.55,238838
equity,INE049A01027,2026-09-30,69.03,65.3,66.4,718202
equity,INE049A01027,2026-10-01,66.01,63,64.15,513252
equity,INE049A01027,2026-10-05,65.82,62.6,64.64,603662
equity,INE049A01027,2026-10-06,65.95,63.86,65.36,355915
equity,INE319Y01024,2026-09-30,76.69,76.69,76.69,333265
equity,INE319Y01024,2026-10-01,76.52,75.16,75.16,139143
equity,INE319Y01024,2026-10-05,73.66,73.66,73.66,20721
equity,INE319Y01024,2026-10-06,74,72.19,72.19,398736
equity,INE565V01010,2026-09-30,467,407,455.1,606539
equity,INE565V01010,2026-10-01,480.6,440,477.15,551682
equity,INE565V01010,2026-10-02,477.15,477.15,477.15,
equity,INE565V01010,2026-10-05,503,471.05,475.65,461753
equity,INE565V01010,2026-10-06,503,469.15,496.8,262856
equity,INE658T01017,2026-09-30,920,865,907.85,2780
equity,INE658T01017,2026-10-01,931,882.5,889.95,4145
equity,INE658T01017,2026-10-02,889.95,889.95,889.95,
equity,INE658T01017,2026-10-05,913,851.5,864,705
equity,INE658T01017,2026-10-06,883,832.8,855.15,1300
equity,INE435D01014,2026-09-30,704,660,689.85,68
equity,INE435D01014,2026-10-01,695,665,690,27
equity,INE435D01014,2026-10-05,695,645,683.15,713
equity,INE435D01014,2026-10-06,679,620,674.25,460
equity,INE388A01029,2026-09-30,140,130.94,130.94,634963
equity,INE388A01029,2026-10-01,124.4,124.4,124.4,66281
equity,INE388A01029,2026-10-05,118.18,118.18,118.18,29610
equity,INE388A01029,2026-10-06,112.28,112.28,112.28,614880
equity,INE316A01038,2026-09-30,410,391.45,395.5,9028
equity,INE316A01038,2026-10-01,401.95,385,388.6,15029
equity,INE316A01038,2026-10-05,427.45,388.8,427.3,14130
equity,INE316A01038,2026-10-06,442,418,438.7,11679
equity,INE287C01037,2026-09-30,36.72,36.22,36.72,194181
equity,INE287C01037,2026-10-01,36.8,36,36,111299
equity,INE287C01037,2026-10-05,35.81,35.28,35.28,58661
equity,INE287C01037,2026-10-06,35,34.6,34.6,81646
equity,INE865T01018,2026-09-30,99.8,94,97.22,344257
equity,INE865T01018,2026-10-01,98.68,94.5,95.56,205004
equity,INE865T01018,2026-10-05,97.68,94.25,95.85,124848
equity,INE865T01018,2026-10-06,98.3,95.35,96.16,182090
equity,INE492A01029,2026-09-30,390,375,376.95,2873
equity,INE492A01029,2026-10-01,383,362.5,368.1,4435
equity,INE492A01029,2026-10-05,379.85,365.1,365.65,2203
equity,INE492A01029,2026-10-06,379.95,365.1,368.3,3286
equity,INE029Q01017,2026-09-30,775,746,748.5,15375
equity,INE029Q01017,2026-10-01,748,721.05,733.1,15750
equity,INE029Q01017,2026-10-05,747,725,735,19875
equity,INE0OSJ01014,2026-09-30,590,575,589,2000
equity,INE0OSJ01014,2026-10-01,580,577,579.5,1750
equity,INE0OSJ01014,2026-10-05,588,555.05,574,3000
equity,INE310B01013,2026-09-30,1624,1503.65,1537.4,2648
equity,INE310B01013,2026-10-01,1549,1461,1499.95,3690
equity,INE310B01013,2026-10-05,1544.8,1440.3,1454.35,2454
equity,INE310B01013,2026-10-06,1480,1402,1473.3,2093
equity,INE0KNT01012,2026-09-30,216.47,205.1,207.16,143718
equity,INE0KNT01012,2026-10-01,214,199.05,206.69,313628
equity,INE0KNT01012,2026-10-05,216.99,200.4,204.36,257200
equity,INE0KNT01012,2026-10-06,208.4,201.12,203.16,120816
equity,INE258Y01016,2026-09-30,208.95,180,200.04,71282
equity,INE258Y01016,2026-10-01,224.82,200.15,219.47,148758
equity,INE258Y01016,2026-10-05,230,211,213.99,49302
equity,INE258Y01016,2026-10-06,224,210,213.69,18433
equity,INE535P01015,2026-09-30,614.75,614.75,614.75,
equity,INE535P01015,2026-10-01,614.75,614.75,614.75,
equity,INE535P01015,2026-10-02,614.75,614.75,614.75,
equity,INE535P01015,2026-10-05,608.65,608.65,608.65,291
equity,INE693D01018,2026-09-30,10200,10151,10151,5
equity,INE693D01018,2026-10-01,10050,9910,9910,86
equity,INE693D01018,2026-10-05,9960,9860,9860,9
equity,INE693D01018,2026-10-06,9860,9860,9860,2
equity,INE366A01041,2026-09-30,44.55,42.45,42.66,1342472
equity,INE366A01041,2026-10-01,42.48,41,41.96,1083964
equity,INE366A01041,2026-10-02,41.96,41.96,41.96,
equity,INE366A01041,2026-10-05,44.73,42.3,44.08,2644127
equity,INE366A01041,2026-10-06,47.59,45.13,46.86,6279295
equity,INE0JM501013,2026-09-30,163.1,159.8,159.8,40280
equity,INE0JM501013,2026-10-01,156.61,156.61,156.61,56197
equity,INE0JM501013,2026-10-05,157,153.48,157,88836
equity,INE0JM501013,2026-10-06,158,156.25,157,66546
equity,INE270B01035,2026-09-30,118.99,115.75,117.54,19676
equity,INE270B01035,2026-10-01,118.49,114,114.38,19878
equity,INE270B01035,2026-10-02,114.38,114.38,114.38,
equity,INE270B01035,2026-10-05,116.73,106.41,109.26,85412
equity,INE270B01035,2026-10-06,116.8,109.81,115.64,37850
equity,INE420B01036,2026-09-30,92.55,88.98,89.74,513589
equity,INE420B01036,2026-10-01,89.74,87.1,88.59,183141
equity,INE420B01036,2026-10-05,95.05,90,91.01,523540
equity,INE420B01036,2026-10-06,97.8,91.25,94.13,1231839
equity,INE750M01017,2026-09-30,158.88,155.03,156.85,843
equity,INE750M01017,2026-10-01,159.4,153.5,154.96,5701
equity,INE750M01017,2026-10-05,160.5,149,153.58,4186
equity,INE750M01017,2026-10-06,157,152.28,155.85,2219
equity,INE409B01013,2026-09-30,616.65,580,597.9,44503
equity,INE409B01013,2026-10-01,600.65,577.05,592.9,32383
equity,INE409B01013,2026-10-02,592.9,592.9,592.9,
equity,INE409B01013,2026-10-05,611,587.8,600.1,22535
equity,INE409B01013,2026-10-06,620,595,613.8,28332
equity,INE0AZY01017,2026-09-30,404,357.7,399.4,84750
equity,INE0AZY01017,2026-10-01,407.95,386,398.75,47750
equity,INE0AZY01017,2026-10-05,406.9,394,396.25,46500
equity,INE748A01024,2026-09-30,484.32,484.32,484.32,3776
equity,INE748A01024,2026-10-01,494,494,494,4423
equity,INE748A01024,2026-10-05,503.85,503.85,503.85,2932
equity,INE748A01024,2026-10-06,513.9,493.8,493.8,18808
equity,INE107F01022,2026-09-30,220.55,196.05,199.5,1016479
equity,INE107F01022,2026-10-01,203,191,197.99,563970
equity,INE107F01022,2026-10-02,197.99,197.99,197.99,
equity,INE107F01022,2026-10-05,198.99,187,190.46,517094
equity,INE107F01022,2026-10-06,205.81,191.15,197.87,1143379
equity,INE0DNW01011,2026-09-30,693,661,680.75,5353
equity,INE0DNW01011,2026-10-01,684.7,646.75,661.5,3845
equity,INE0DNW01011,2026-10-05,729.9,678,682.25,72267
equity,INE0DNW01011,2026-10-06,703.8,667.5,679.3,131897
equity,INE442P01014,2026-09-30,725,670,695.1,70242
equity,INE442P01014,2026-10-01,765,660,689.9,98151
equity,INE442P01014,2026-10-02,689.9,689.9,689.9,
equity,INE442P01014,2026-10-05,694.95,653.9,664.25,9336
equity,INE442P01014,2026-10-06,677.9,653,667.25,10888
equity,INE075B01020,2026-09-30,91.74,89,91.19,15134
equity,INE075B01020,2026-10-01,92,87,87.08,35305
equity,INE075B01020,2026-10-05,91.4,87.2,88.68,20373
equity,INE075B01020,2026-10-06,90,86.2,89.33,11027
equity,INE770A01010,2026-09-30,483.7,460,460.35,13662
equity,INE770A01010,2026-10-01,465,441.3,449.25,13939
equity,INE770A01010,2026-10-05,479,450.05,470.65,8630
equity,INE770A01010,2026-10-06,556.95,475,544.25,104900
equity,INE01EG01016,2026-09-30,284.95,274.05,280.25,51847
equity,INE01EG01016,2026-10-01,280.15,267.1,276.7,77829
equity,INE01EG01016,2026-10-05,288.6,277.25,284.35,107523
equity,INE01EG01016,2026-10-06,291.1,284.25,285.55,107885
equity,INE868X01014,2026-09-30,25988,25605,25897,17
equity,INE868X01014,2026-10-01,26750,25949.9492,25963,21
equity,INE868X01014,2026-10-05,26250,25971,26250,3
equity,INE868X01014,2026-10-06,26002,26002,26002,3
equity,INE843S01025,2026-09-30,214.82,203.24,207.69,91950
equity,INE843S01025,2026-10-01,208.2,196.67,200.15,106451
equity,INE843S01025,2026-10-02,200.15,200.15,200.15,
equity,INE843S01025,2026-10-05,215,200,208.4,145545
equity,INE843S01025,2026-10-06,211,204,205.53,92916
equity,INE730A01022,2026-09-30,52.9,50.71,51.34,55211
equity,INE730A01022,2026-10-01,52.78,48.4,49.98,47960
equity,INE730A01022,2026-10-05,53,49.43,52.44,93292
equity,INE730A01022,2026-10-06,53.1,51.5,52.27,96670
equity,INE0CJF01024,2026-09-30,96.5,93,93.16,165294
equity,INE0CJF01024,2026-10-01,93.73,91.51,93.01,72195
equity,INE0CJF01024,2026-10-02,93.01,93.01,93.01,
equity,INE0CJF01024,2026-10-05,95,87.25,89.27,330348
equity,INE0CJF01024,2026-10-06,89.9,86.99,87.76,137701
equity,INE0CG601016,2026-09-30,164.2,158.22,160.83,111095
equity,INE0CG601016,2026-10-01,164.35,154.65,162.78,73481
equity,INE0CG601016,2026-10-05,161.97,149.01,150.13,68553
equity,INE0CG601016,2026-10-06,168,150,165.84,422768
equity,INE0P8B01020,2026-09-30,116.39,110.01,111.15,201656
equity,INE0P8B01020,2026-10-01,112.61,105.2,109.48,248603
equity,INE0P8B01020,2026-10-05,111.81,101.36,103.25,681749
equity,INE0P8B01020,2026-10-06,110.39,103.51,109.28,320982
equity,INE076C01018,2026-09-30,932.4,881,891.65,3890
equity,INE076C01018,2026-10-01,919.95,853.85,866.95,2552
equity,INE076C01018,2026-10-05,878.95,855,872,2243
equity,INE076C01018,2026-10-06,883,863.1,874.15,1401
equity,INE06XZ01023,2026-09-30,168,157.76,161,123363
equity,INE06XZ01023,2026-10-01,161,153,155.28,49391
equity,INE06XZ01023,2026-10-05,156.85,152,152.61,29191
equity,INE06XZ01023,2026-10-06,154.99,149.49,152.23,69256
equity,INE457G01029,2026-09-30,134.9,121.42,127.31,625276
equity,INE457G01029,2026-10-01,127.21,123.02,124.15,124938
equity,INE457G01029,2026-10-05,126.5,121,122.39,42451
equity,INE457G01029,2026-10-06,123.88,120.6,122.96,32173
equity,INE895W01019,2026-09-30,516.15,516.15,516.15,28758
equity,INE895W01019,2026-10-01,516.15,505.95,516.15,3328
equity,INE895W01019,2026-10-05,541.95,531.5,541.95,16255
equity,INE895W01019,2026-10-06,569,555,569,7672
equity,INE134B01017,2026-09-30,124.9,119.15,120.64,118696
equity,INE134B01017,2026-10-01,123.89,117.5,120.43,134808
equity,INE134B01017,2026-10-05,129.89,119,125.42,432446
equity,INE134B01017,2026-10-06,129.3,124.13,128.11,151467
equity,INE709A01018,2026-09-30,237,230.8,234.09,9330
equity,INE709A01018,2026-10-01,245,227,230.87,8899
equity,INE709A01018,2026-10-05,234.84,229,231.16,10797
equity,INE709A01018,2026-10-06,234.75,230.6,233.9,4462
equity,INE091E01039,2026-09-30,21.5,21.5,21.5,
equity,INE091E01039,2026-10-01,21.5,21.5,21.5,
equity,INE091E01039,2026-10-02,21.5,21.5,21.5,
equity,INE091E01039,2026-10-05,21.4,21.4,21.4,1
equity,INE155G01029,2026-09-30,70.2,68.16,69.14,38185
equity,INE155G01029,2026-10-01,69.03,67.85,68.08,63707
equity,INE155G01029,2026-10-05,69.12,66.95,67.19,64220
equity,INE155G01029,2026-10-06,68.55,66.83,67.08,74080
equity,INE283A01014,2026-09-30,650.1,615,627.7,2044
equity,INE283A01014,2026-10-01,649.7,615.15,638.35,4756
equity,INE283A01014,2026-10-05,649,594.6,605.1,7150
equity,INE283A01014,2026-10-06,653,585,604.5,4943
equity,INE453D01025,2026-09-30,99.23,93.5,93.96,28986
equity,INE453D01025,2026-10-01,94.66,91.35,92.02,37841
equity,INE453D01025,2026-10-05,96.03,92.4,95.1,62596
equity,INE453D01025,2026-10-06,96.79,95.01,96.44,26212
equity,INE232E01013,2026-09-30,2186.8,2020,2186.8,2070
equity,INE232E01013,2026-10-01,2296.1001,2235,2296.1001,2631
equity,INE232E01013,2026-10-05,2410.8999,2296.1001,2410.8999,4186
equity,INE232E01013,2026-10-06,2531.3999,2531.3999,2531.3999,1420
equity,INE13VU01016,2026-09-30,710.85,710.85,710.85,800
equity,INE13VU01016,2026-10-01,725.05,725.05,725.05,12000
equity,INE13VU01016,2026-10-05,739.55,739.55,739.55,1600
equity,INE13VU01016,2026-10-06,754.3,754.3,754.3,4800
equity,INE0U9101019,2026-09-30,361,350,356.95,16400
equity,INE0U9101019,2026-10-01,360.95,338,342.9,15200
equity,INE0U9101019,2026-10-05,353.9,338,350.9,15200
equity,INE140B01048,2026-09-30,728.45,699.95,728.45,14353
equity,INE140B01048,2026-10-01,743,713.9,713.9,5732
equity,INE140B01048,2026-10-05,699.65,699.65,699.65,523
equity,INE140B01048,2026-10-06,685.7,685.7,685.7,788
equity,INE0I3401014,2026-09-30,129.89,124.29,126.1,321088
equity,INE0I3401014,2026-10-01,126.1,117.7,120.91,216394
equity,INE0I3401014,2026-10-05,126.93,121,125.03,210180
equity,INE0I3401014,2026-10-06,138.98,126,137.9,1199591
equity,INE0QRV01016,2026-09-30,360,318.35,345.95,233500
equity,INE0QRV01016,2026-10-01,354.75,307,330.7,130000
equity,INE0QRV01016,2026-10-05,342,320,327.05,48000
equity,INE0JUI01012,2026-09-30,68.6,64.55,68.6,981540
equity,INE0JUI01012,2026-10-01,71.7,67.25,68.8,577085
equity,INE0JUI01012,2026-10-05,70.49,68.61,69.77,185999
equity,INE0JUI01012,2026-10-06,73.25,68.8,71.13,1499472
equity,INE217A01012,2026-09-30,287.5,279.25,282.2,73300
equity,INE217A01012,2026-10-01,289,278,281.85,109193
equity,INE217A01012,2026-10-05,291.05,281.8,283.95,75632
equity,INE217A01012,2026-10-06,295,284.9,288.45,85320
equity,INE356B01024,2026-09-30,75.9,75.01,75.46,3567
equity,INE356B01024,2026-10-01,75,73.96,73.96,5731
equity,INE356B01024,2026-10-05,73.96,72.5,73.5,8692
equity,INE356B01024,2026-10-06,73.1,73,73.05,2595
equity,INE16SF01016,2026-09-30,297.8,275,278.2,66407
equity,INE16SF01016,2026-10-01,283.7,268.1,272.95,52832
equity,INE16SF01016,2026-10-05,277.8,268.6,270.4,11307
equity,INE16SF01016,2026-10-06,275.45,268.45,269.6,27663
equity,INE0PK601023,2026-09-30,187.44,182.17,187.44,146245
equity,INE0PK601023,2026-10-01,195.5,181.3,193.49,182487
equity,INE0PK601023,2026-10-02,193.49,193.49,193.49,
equity,INE0PK601023,2026-10-05,202.9,185,197.79,98621
equity,INE0PK601023,2026-10-06,207.67,192.1,207.59,193602
equity,INE283H01019,2026-09-30,306.35,297,299.85,7843
equity,INE283H01019,2026-10-01,305.6,297.5,298.65,7190
equity,INE283H01019,2026-10-05,305,294,295.1,19878
equity,INE283H01019,2026-10-06,303.25,296,300.75,8836
equity,INE026D01011,2026-09-30,564.95,546.1,550.35,1679
equity,INE026D01011,2026-10-01,563.95,536,540.35,2353
equity,INE026D01011,2026-10-05,565.85,526.1,536.8,1183
equity,INE026D01011,2026-10-06,585,549,579.65,6149
equity,INE389K01018,2026-09-30,2483.3,2428,2482,30
equity,INE389K01018,2026-10-01,2481.8999,2478,2478,54
equity,INE389K01018,2026-10-05,2500,2478,2478,4
equity,INE389K01018,2026-10-06,2452.2,2440,2440,12
equity,INE0MEG01014,2026-09-30,714,700.05,704.35,13835
equity,INE0MEG01014,2026-10-01,787.75,685,774.5,140440
equity,INE0MEG01014,2026-10-02,774.5,774.5,774.5,
equity,INE0MEG01014,2026-10-05,825,765,815.65,82294
equity,INE0MEG01014,2026-10-06,854.45,795.05,824.2,88832
equity,INE550H01011,2026-09-30,84.75,73.15,73.9,95895
equity,INE550H01011,2026-10-01,75.9,65.5,66.94,282079
equity,INE550H01011,2026-10-05,67.65,60.61,61.59,87421
equity,INE550H01011,2026-10-06,68,57.42,61.4,151116
equity,INE239D01028,2026-09-30,79.88,76.35,77.11,46370
equity,INE239D01028,2026-10-01,77.8,73.9,76.08,79076
equity,INE239D01028,2026-10-05,77.55,74,74.84,46344
equity,INE239D01028,2026-10-06,76.03,72.71,73.33,103189
equity,INE489G01022,2026-09-30,91.05,87,87.4,70318
equity,INE489G01022,2026-10-01,88.94,84.42,85.85,130021
equity,INE489G01022,2026-10-02,85.85,85.85,85.85,
equity,INE489G01022,2026-10-05,88.49,83.7,84.15,86676
equity,INE489G01022,2026-10-06,88.5,84.41,87.57,105757
equity,INE090501011,2026-09-30,127.9,124.03,124.87,553569
equity,INE090501011,2026-10-01,124.78,119.4,123,599705
equity,INE090501011,2026-10-05,127.9,120.98,124.62,278884
equity,INE090501011,2026-10-06,126.75,123.39,124.37,116589
equity,INE760A01029,2026-09-30,76.6,74,75.87,53215
equity,INE760A01029,2026-10-01,76.05,74.2,74.77,17633
equity,INE760A01029,2026-10-05,76.55,74,75.82,25087
equity,INE760A01029,2026-10-06,76,74,74.57,23294
equity,INE606N01019,2026-09-30,85.7,80.23,81.17,532184
equity,INE606N01019,2026-10-01,81,76.71,78.33,514243
equity,INE606N01019,2026-10-02,78.33,78.33,78.33,
equity,INE606N01019,2026-10-05,80.71,77.56,80,877532
equity,INE606N01019,2026-10-06,83.34,79.82,82.1,419150
equity,INE060901027,2026-09-30,243.82,220.24,234.29,271910
equity,INE060901027,2026-10-01,234.48,215,225.62,84998
equity,INE060901027,2026-10-05,232.8,223,227.43,34535
equity,INE060901027,2026-10-06,228.68,223.51,226.66,24710
equity,INE392A01021,2026-09-30,87.88,83,83.58,104474
equity,INE392A01021,2026-10-01,84,81.02,83.58,112131
equity,INE392A01021,2026-10-05,83.75,81.11,81.57,71853
equity,INE392A01021,2026-10-06,83.08,80.11,81.63,74539
equity,INE888C01040,2026-09-30,2.68,2.49,2.53,1260041
equity,INE888C01040,2026-10-01,2.58,2.42,2.47,1219515
equity,INE888C01040,2026-10-05,2.59,2.47,2.59,1003078
equity,INE888C01040,2026-10-06,2.71,2.6,2.68,1955229
equity,INE334A01023,2026-09-30,229.8,215,218.31,18805
equity,INE334A01023,2026-10-01,234.9,215,224.28,121325
equity,INE334A01023,2026-10-02,224.28,224.28,224.28,
equity,INE334A01023,2026-10-05,229,218,218.78,27222
equity,INE334A01023,2026-10-06,222.49,215,218.45,30769
equity,INE732C01016,2026-09-30,177.37,173.02,174.18,23631
equity,INE732C01016,2026-10-01,175.5,166.1,170.03,54129
equity,INE732C01016,2026-10-05,172.5,167.51,168.85,43662
equity,INE732C01016,2026-10-06,170.95,165.2,166.8,43239
equity,INE0PEQ01016,2026-09-30,207.66,197,207.23,238976
equity,INE0PEQ01016,2026-10-01,202.8,196.87,196.87,123782
equity,INE0PEQ01016,2026-10-05,200.3,187.03,187.03,96544
equity,INE0PEQ01016,2026-10-06,196.37,180.1,196.15,109729
equity,INE213D01015,2026-09-30,480,433.35,452.95,12184
equity,INE213D01015,2026-10-01,475,431.3,435.4,3732
equity,INE213D01015,2026-10-02,435.4,435.4,435.4,
equity,INE213D01015,2026-10-05,443.55,424,426.9,1073
equity,INE213D01015,2026-10-06,442,425.05,434.1,1114
equity,INE312B01027,2026-09-30,190,190,190,
equity,INE312B01027,2026-10-01,190,190,190,
equity,INE312B01027,2026-10-02,190,190,190,
equity,INE312B01027,2026-10-05,191.9,189,190,4255
equity,INE235C01036,2026-09-30,11.66,10.71,10.92,833546
equity,INE235C01036,2026-10-01,10.91,10.38,10.38,781688
equity,INE235C01036,2026-10-02,10.38,10.38,10.38,
equity,INE235C01036,2026-10-05,10.89,10.4,10.89,599994
equity,INE235C01036,2026-10-06,11.43,11.43,11.43,192796
equity,INE583C01021,2026-09-30,587.45,537.85,566.5,102837
equity,INE583C01021,2026-10-01,566,537.25,548.95,15070
equity,INE583C01021,2026-10-05,560,543.4,552.05,5252
equity,INE583C01021,2026-10-06,562,551.55,556.85,7577
equity,INE00U801010,2026-09-30,724.95,702.6,710.9,26781
equity,INE00U801010,2026-10-01,729.95,683.55,703.85,28292
equity,INE00U801010,2026-10-05,719,694.55,701.5,5691
equity,INE00U801010,2026-10-06,708.5,682.6,700.05,10825
equity,INE583B01015,2026-09-30,1037.4,990.6,999.3,1002
equity,INE583B01015,2026-10-01,1000.4,980.1,990.05,302
equity,INE583B01015,2026-10-02,990.05,990.05,990.05,
equity,INE583B01015,2026-10-05,1022,990,1013.95,496
equity,INE583B01015,2026-10-06,1025.55,985.15,1017.4,962
equity,INE397H01017,2026-09-30,369.5,341.75,365.9,76813
equity,INE397H01017,2026-10-01,411.45,360.15,400.8,991506
equity,INE397H01017,2026-10-05,451,393.6,446.25,1537872
equity,INE397H01017,2026-10-06,471.2,431.25,455.7,687253
equity,INE0BX301013,2026-09-30,138.5,134.05,134.66,156328
equity,INE0BX301013,2026-10-01,143,133.12,135.41,766410
equity,INE0BX301013,2026-10-02,135.41,135.41,135.41,
equity,INE0BX301013,2026-10-05,140.2,131.15,132,374129
equity,INE0BX301013,2026-10-06,134.7,131.53,132.91,145980
equity,INE896J01014,2026-09-30,154.4,143.8,152,2842
equity,INE896J01014,2026-10-01,148.95,144.4,145,1467
equity,INE896J01014,2026-10-05,145,137.75,141.35,1876
equity,INE896J01014,2026-10-06,148,140,148,516
equity,INE0PKD01011,2026-09-30,269,263.35,264.85,18704
equity,INE0PKD01011,2026-10-01,266.8,258.6,262.1,40132
equity,INE0PKD01011,2026-10-05,264.85,255,256.65,27694
equity,INE0PKD01011,2026-10-06,268.5,256.65,263.45,52827
equity,INE506D01020,2026-09-30,163.78,154,154.46,182272
equity,INE506D01020,2026-10-01,155.8,144,146.05,83368
equity,INE506D01020,2026-10-05,152.68,142,142.85,48070
equity,INE506D01020,2026-10-06,144.95,140.3,142.27,43552
equity,INE443P01038,2026-09-30,11.87,11.87,11.87,20
equity,INE443P01038,2026-10-01,12.1,12.1,12.1,200
equity,INE443P01038,2026-10-05,12.34,12.34,12.34,100
equity,INE443P01038,2026-10-06,12.58,12.58,12.58,25
equity,INE144J01027,2026-09-30,221.8,211.29,214.59,76779
equity,INE144J01027,2026-10-01,214.7,203.35,207.26,92549
equity,INE144J01027,2026-10-05,212.24,202.01,204.61,80913
equity,INE144J01027,2026-10-06,208.8,204.13,207.87,42040
equity,INE236G01019,2026-09-30,440.55,371.15,416.15,2795681
equity,INE236G01019,2026-10-01,415.1,384.4,397.4,222377
equity,INE236G01019,2026-10-05,401.75,387.2,391.7,41961
equity,INE236G01019,2026-10-06,411.95,393,404.2,76143
equity,INE687A01016,2026-09-30,1352.5,1320.9,1340.2,635
equity,INE687A01016,2026-10-01,1359.9,1312.2,1349,635
equity,INE687A01016,2026-10-05,1360,1281.6,1313.9,883
equity,INE687A01016,2026-10-06,1379.5,1300,1379.5,3069
equity,INE1ABX01018,2026-09-30,535,518,526.95,85600
equity,INE1ABX01018,2026-10-01,529.9,452,496.9,135600
equity,INE1ABX01018,2026-10-05,510,461,476.5,57200
equity,INE1ABX01018,2026-10-06,500,476,496,51200
equity,INE880Y01017,2026-09-30,704.7,675.05,678.85,27975
equity,INE880Y01017,2026-10-01,680,655,670.95,24793
equity,INE880Y01017,2026-10-05,692.65,676,682.2,47131
equity,INE880Y01017,2026-10-06,704.95,670,690.85,114744
equity,INE863T01013,2026-09-30,288.4,275.6,278.8,21653
equity,INE863T01013,2026-10-01,288,263.55,275.45,33140
equity,INE863T01013,2026-10-05,277.9,260.6,266.5,23423
equity,INE863T01013,2026-10-06,278,268,275.1,9604
equity,INE345H01024,2026-09-30,21.85,20.63,21.34,72960
equity,INE345H01024,2026-10-01,22,20.61,20.76,92756
equity,INE345H01024,2026-10-05,21.15,20.4,20.49,240278
equity,INE345H01024,2026-10-06,21.67,20.25,20.68,248480
equity,INE0OMO01025,2026-09-30,29.55,28,28.35,309000
equity,INE0OMO01025,2026-10-01,29.35,27.65,28.9,870000
equity,INE0OMO01025,2026-10-05,29.75,28.25,29.4,159000
equity,INE347W01011,2026-09-30,548.4,527.3,531.25,16452
equity,INE347W01011,2026-10-01,533.1,504.05,511.75,32778
equity,INE347W01011,2026-10-05,558.95,513,539.4,93292
equity,INE347W01011,2026-10-06,566.6,542.85,552.45,57257
equity,INE668G01021,2026-09-30,760,751,751.05,691
equity,INE668G01021,2026-10-01,786.9,751.05,782.25,1460
equity,INE668G01021,2026-10-05,788,766.3,773.55,629
equity,INE668G01021,2026-10-06,789.75,766.15,785.2,41
equity,INE01A001028,2026-09-30,141.99,135.25,136.31,136853
equity,INE01A001028,2026-10-01,141.49,133.22,136.22,224510
equity,INE01A001028,2026-10-02,136.22,136.22,136.22,
equity,INE01A001028,2026-10-05,139.05,133.72,135.11,63052
equity,INE01A001028,2026-10-06,137.55,135.01,136.54,41367
equity,INE720A01015,2026-09-30,132.39,129,129.43,43927
equity,INE720A01015,2026-10-01,130.39,125.06,126.58,44925
equity,INE720A01015,2026-10-05,129.9,125,125.53,39985
equity,INE720A01015,2026-10-06,129.59,125.6,127.53,42053
equity,INE0OMI01019,2026-09-30,2.8,2.8,2.8,
equity,INE0OMI01019,2026-10-01,2.8,2.8,2.8,
equity,INE0OMI01019,2026-10-02,2.8,2.8,2.8,
equity,INE0OMI01019,2026-10-05,2.8,2.8,2.8,
equity,INE916G01016,2026-09-30,384.95,365,374.2,3606
equity,INE916G01016,2026-10-01,379.9,365,373.3,1983
equity,INE916G01016,2026-10-05,385,365.2,365.9,1069
equity,INE916G01016,2026-10-06,379.5,366,369.6,1547
equity,INE306L01010,2026-09-30,149.79,143.35,144.49,78444
equity,INE306L01010,2026-10-01,148,137.08,138.15,155260
equity,INE306L01010,2026-10-02,138.15,138.15,138.15,
equity,INE306L01010,2026-10-05,141.18,137.21,137.91,67554
equity,INE306L01010,2026-10-06,141,138,140.42,61739
equity,INE418E01018,2026-09-30,841.75,825.05,832.05,1822
equity,INE418E01018,2026-10-01,879,821.2,861.3,3064
equity,INE418E01018,2026-10-05,903.8,837.6,859,4426
equity,INE418E01018,2026-10-06,862.45,839.8,846.75,2937
equity,INE195N01013,2026-09-30,57.7,55.85,56.52,1330700
equity,INE195N01013,2026-10-01,57.17,51.89,52.53,242456
equity,INE195N01013,2026-10-05,53.69,49.52,50.54,267154
equity,INE195N01013,2026-10-06,53.5,50.04,52.45,176214
equity,INE032E01017,2026-09-30,630,630,630,5
equity,INE032E01017,2026-10-01,624,620,624,14
equity,INE032E01017,2026-10-05,624,624,624,
equity,INE032E01017,2026-10-06,620.9,620.9,620.9,10
equity,INE289B01019,2026-09-30,135.86,133.11,133.87,80679
equity,INE289B01019,2026-10-01,134.42,131.7,132.88,77191
equity,INE289B01019,2026-10-05,134.77,131.54,132.32,44376
equity,INE289B01019,2026-10-06,136.8,132.43,134.48,149752
equity,INE1B0W01010,2026-09-30,125.45,120,121.19,261919
equity,INE1B0W01010,2026-10-01,121.58,115.56,116.75,704242
equity,INE1B0W01010,2026-10-05,118.5,114.39,115.85,69861
equity,INE1B0W01010,2026-10-06,118.59,115.75,117.76,64873
equity,INE684B01029,2026-09-30,665,620,642.9,458
equity,INE684B01029,2026-10-01,646,625.1,635,857
equity,INE684B01029,2026-10-05,640,585,610.5,1474
equity,INE684B01029,2026-10-06,651.45,620.55,637.2,871
equity,INE084K01015,2026-09-30,190.39,190.39,190.39,16960
equity,INE084K01015,2026-10-01,194,187.55,190.4,44349
equity,INE084K01015,2026-10-05,199.92,195,199.92,74113
equity,INE084K01015,2026-10-06,206.3,191,197.68,77852
equity,INE704G01024,2026-09-30,347.75,340,345.45,7198
equity,INE704G01024,2026-10-01,350,326.1,335.7,10573
equity,INE704G01024,2026-10-05,339,322,328.75,16237
equity,INE704G01024,2026-10-06,327.95,322,324.4,9801
equity,INE1E4401010,2026-09-30,661,640,647.5,9000
equity,INE1E4401010,2026-10-01,647.5,615.5,625.65,9500
equity,INE1E4401010,2026-10-05,656.9,629.25,656.9,14000
equity,INE1E4401010,2026-10-06,689.7,670,689.7,20500
equity,INE900C01027,2026-09-30,439.85,430,433.5,7089
equity,INE900C01027,2026-10-01,433.4,420.3,426.9,9400
equity,INE900C01027,2026-10-05,439.8,420.05,423.1,5966
equity,INE900C01027,2026-10-06,434.9,423.05,426.2,5651
equity,INE955I01044,2026-09-30,680,656.8,674,6126
equity,INE955I01044,2026-10-01,673.95,640.3,656.5,8644
equity,INE955I01044,2026-10-05,661.5,638.1,651.2,6161
equity,INE955I01044,2026-10-06,683.75,649.35,676.55,6501
equity,INE726E01014,2026-09-30,1530,1530,1530,
equity,INE726E01014,2026-10-01,1530,1530,1530,26
equity,INE726E01014,2026-10-05,1530,1530,1530,
equity,INE574A01016,2026-09-30,148,140.2,144.75,11204
equity,INE574A01016,2026-10-01,147.8,137.55,138.85,12633
equity,INE574A01016,2026-10-05,145.5,137.5,137.9,4560
equity,INE574A01016,2026-10-06,140.9,136.3,137.9,7602
equity,INE0L0L01012,2026-09-30,373,366.25,372.35,42478
equity,INE0L0L01012,2026-10-01,373,362,367.85,31166
equity,INE0L0L01012,2026-10-05,384,364.35,372.25,22397
equity,INE0L0L01012,2026-10-06,387,370,380.85,38246
equity,INE296H01011,2026-09-30,289.05,277.05,278.2,41969
equity,INE296H01011,2026-10-01,294.9,275.1,286.8,56856
equity,INE296H01011,2026-10-05,292.5,276.2,280.2,61240
equity,INE296H01011,2026-10-06,289,281,285.6,16864
equity,INE164B01030,2026-09-30,13.24,12.82,12.85,1210486
equity,INE164B01030,2026-10-01,12.9,12.2,12.42,2047721
equity,INE164B01030,2026-10-05,12.87,12.12,12.18,1591415
equity,INE164B01030,2026-10-06,12.5,12.1,12.41,1263362
equity,INE400A01014,2026-09-30,56,54,54.4,2819
equity,INE400A01014,2026-10-01,55.68,53,53.98,4106
equity,INE400A01014,2026-10-05,55.92,52.01,52.27,5930
equity,INE400A01014,2026-10-06,55.39,52.01,54,5399
equity,INE0R4L01018,2026-09-30,271.75,264.5,265.75,48166
equity,INE0R4L01018,2026-10-01,268.65,254.3,260.65,79945
equity,INE0R4L01018,2026-10-05,264.9,255.3,260.35,50083
equity,INE0R4L01018,2026-10-06,265,260,263.2,42500
equity,INE0MGA01012,2026-09-30,125.5,115.35,123,73000
equity,INE0MGA01012,2026-10-01,123.7,121,123.7,32000
equity,INE0MGA01012,2026-10-05,123.75,116.55,120.3,42000
equity,INE296E01026,2026-09-30,775,741.2,749.15,7143
equity,INE296E01026,2026-10-01,773.95,730,738,1650
equity,INE296E01026,2026-10-05,750,715,734.35,410
equity,INE296E01026,2026-10-06,773,735,743.95,295
equity,INE505A01010,2026-09-30,324,308.35,311.7,250289
equity,INE505A01010,2026-10-01,319,300.55,308.7,197626
equity,INE505A01010,2026-10-05,329.4,306,319.1,217114
equity,INE505A01010,2026-10-06,374.15,323,355.8,2942265
equity,INE772T01024,2026-09-30,99.96,95,95.5,15961
equity,INE772T01024,2026-10-01,100,88.61,89.86,89730
equity,INE772T01024,2026-10-05,92.19,89.1,91.08,15818
equity,INE772T01024,2026-10-06,94.91,91,94.57,15944
equity,INE0R8B01010,2026-09-30,219.6,210.5,211.52,55798
equity,INE0R8B01010,2026-10-01,214,206,211,51861
equity,INE0R8B01010,2026-10-05,224,210.89,222.9,133406
equity,INE0R8B01010,2026-10-06,230,219.92,227.01,102483
equity,INE03YM01018,2026-09-30,221.37,212.1,217.28,27761
equity,INE03YM01018,2026-10-01,223.47,210.87,215.93,75163
equity,INE03YM01018,2026-10-05,223,211.21,213.86,41413
equity,INE03YM01018,2026-10-06,219.89,214.05,217.4,31102
equity,INE070K01014,2026-09-30,52.25,50,50.41,9441
equity,INE070K01014,2026-10-01,52,50.1,50.9,2075
equity,INE070K01014,2026-10-05,52.9,48.51,51.5,9627
equity,INE070K01014,2026-10-06,51.84,49.99,50.3,9153
equity,INE28GN01010,2026-09-30,130.5,123.9,126.32,194445
equity,INE28GN01010,2026-10-01,127.32,121,123.77,203366
equity,INE28GN01010,2026-10-05,126.72,121.25,123.12,118617
equity,INE28GN01010,2026-10-06,124.82,121.15,122.21,106585
equity,INE00YB01025,2026-09-30,12.79,12.25,12.71,316291
equity,INE00YB01025,2026-10-01,12.99,12.35,12.56,235024
equity,INE00YB01025,2026-10-05,12.75,12.25,12.35,68896
equity,INE00YB01025,2026-10-06,12.8,12.1,12.25,134357
equity,INE692C01020,2026-09-30,355,332.5,338.55,40704
equity,INE692C01020,2026-10-01,347.95,319.75,324.15,45363
equity,INE692C01020,2026-10-05,339.9,311.3,314.35,45802
equity,INE692C01020,2026-10-06,323.7,308.1,309.3,36995
equity,INE0ISZ01012,2026-09-30,434.95,427,430.75,5700
equity,INE0ISZ01012,2026-10-01,437.15,426,437.05,8700
equity,INE0ISZ01012,2026-10-05,472,439,470.3,21000
equity,INE0UZO01024,2026-09-30,256.75,243,249.15,57600
equity,INE0UZO01024,2026-10-01,245,236.7,238.85,87200
equity,INE0UZO01024,2026-10-05,235.2,226.95,231.15,103200
equity,INE0UZO01024,2026-10-06,236,226,229.35,39200
equity,INE0H8H01019,2026-09-30,290,272,273.85,41500
equity,INE0H8H01019,2026-10-01,272,258.3,270,25500
equity,INE0H8H01019,2026-10-05,299.95,262,296.85,35500
equity,INE0H8H01019,2026-10-06,307,290,290,5500
equity,INE515H01014,2026-09-30,1066,1052,1057.1,2549
equity,INE515H01014,2026-10-01,1077.3,1046.1,1059.2,1377
equity,INE515H01014,2026-10-05,1059.2,1030.6,1034,10650
equity,INE515H01014,2026-10-06,1054,1035,1040,9488
equity,INE335Q01026,2026-09-30,109.77,105.5,109.77,142531
equity,INE335Q01026,2026-10-01,111.95,107.6,111.95,187740
equity,INE335Q01026,2026-10-05,111,109.75,109.75,44905
equity,INE335Q01026,2026-10-06,111.9,107.6,111.9,109476
equity,INE849C01026,2026-09-30,81.99,77.99,80.62,101983
equity,INE849C01026,2026-10-01,81.7,77.6,78.34,72361
equity,INE849C01026,2026-10-05,79.02,74.76,75.17,150821
equity,INE849C01026,2026-10-06,78.5,75,77.64,55434
equity,INE865C01022,2026-09-30,116.5,114.29,114.78,18729
equity,INE865C01022,2026-10-01,115.9,110.1,112.82,31523
equity,INE865C01022,2026-10-05,115.86,110.71,112.15,19921
equity,INE865C01022,2026-10-06,118,110.88,116.45,41984
equity,INE0O9T01021,2026-09-30,226,210.2,211.02,8436
equity,INE0O9T01021,2026-10-01,213.58,201.5,208.52,13085
equity,INE0O9T01021,2026-10-05,211.71,201,202.19,20558
equity,INE0O9T01021,2026-10-06,209.69,202.03,207.21,9841
equity,INE0TT901016,2026-09-30,157,151.65,152.45,11793
equity,INE0TT901016,2026-10-01,155.95,140.05,145.65,32706
equity,INE0TT901016,2026-10-05,149,137.4,138.9,50087
equity,INE0TT901016,2026-10-06,141.95,138.3,139.95,40897
equity,INE130L01014,2026-09-30,399,390,396.55,253
equity,INE130L01014,2026-10-01,401,386.05,392.6,2283
equity,INE130L01014,2026-10-05,404,382.5,392.4,1756
equity,INE130L01014,2026-10-06,392,382.25,386.6,3389
equity,INE2L0V01019,2026-09-30,300.2,284.05,299.4,205000
equity,INE2L0V01019,2026-10-01,314.35,295,309.95,132000
equity,INE2L0V01019,2026-10-05,318.5,300.6,310,104000
equity,INE2L0V01019,2026-10-06,316.9,300.1,301.6,66000
equity,INE064H01021,2026-09-30,129.8,124.1,128.3,156119
equity,INE064H01021,2026-10-01,130.65,123,125.05,110123
equity,INE064H01021,2026-10-05,127.6,123,123.45,29201
equity,INE064H01021,2026-10-06,126.45,117.6,124.65,63471
equity,INE215I01027,2026-09-30,102.63,99.81,100.17,29710
equity,INE215I01027,2026-10-01,102.4,96,99.34,65004
equity,INE215I01027,2026-10-05,106.5,101.1,104.98,139433
equity,INE215I01027,2026-10-06,106.57,103.1,105.03,43861
equity,INE893I01013,2026-09-30,34.94,33.5,33.67,337424
equity,INE893I01013,2026-10-01,34,32.05,32.58,712339
equity,INE893I01013,2026-10-05,33.7,32.05,32.27,452260
equity,INE893I01013,2026-10-06,33,31.99,32.31,325423
equity,INE652V01016,2026-09-30,157.99,150.72,151.41,97953
equity,INE652V01016,2026-10-01,153.25,146.75,148.85,149872
equity,INE652V01016,2026-10-05,153.48,146.86,147.51,66650
equity,INE652V01016,2026-10-06,150.49,144.75,145.47,220535
equity,INE824Q01011,2026-09-30,116,108.05,110.33,18922
equity,INE824Q01011,2026-10-01,113.11,104.82,108.89,23191
equity,INE824Q01011,2026-10-05,108.89,103.45,103.7,19076
equity,INE824Q01011,2026-10-06,108.88,100.35,108.88,51919
equity,INE0N6U01018,2026-09-30,144.99,144.99,144.99,
equity,INE0N6U01018,2026-10-01,144.99,144.99,144.99,
equity,INE0N6U01018,2026-10-02,144.99,144.99,144.99,
equity,INE0N6U01018,2026-10-05,144.99,144.99,144.99,
equity,INE830C01026,2026-09-30,121,115.16,119.56,38369
equity,INE830C01026,2026-10-01,119.9,113.59,116.84,34125
equity,INE830C01026,2026-10-05,116.8,113.6,115.01,16261
equity,INE830C01026,2026-10-06,116.38,113.6,115.2,12243
equity,INE878I01022,2026-09-30,371.4,371.35,371.35,546
equity,INE878I01022,2026-10-01,378.75,378.75,378.75,500
equity,INE878I01022,2026-10-05,386.3,386.3,386.3,1169
equity,INE878I01022,2026-10-06,394,393,394,480
equity,INE0LEG01024,2026-09-30,77.15,70,72.29,4644616
equity,INE0LEG01024,2026-10-01,75.1,70.5,72.92,1986272
equity,INE0LEG01024,2026-10-05,73.84,70.15,70.43,977060
equity,INE0LEG01024,2026-10-06,75.81,70.53,73.81,1595760
equity,INE485D01043,2026-09-30,163.9,157.5,163.9,40465
equity,INE485D01043,2026-10-01,167.15,167.15,167.15,6065
equity,INE485D01043,2026-10-05,170.45,163.85,170.45,41146
equity,INE485D01043,2026-10-06,173.85,171,173.85,15652
equity,INE763M01028,2026-09-30,39.25,38.13,38.17,65295
equity,INE763M01028,2026-10-01,38.8,36.3,37.06,385240
equity,INE763M01028,2026-10-05,37.96,36.15,36.81,149126
equity,INE763M01028,2026-10-06,37.89,36.75,36.97,95003
equity,INE722B01019,2026-09-30,248,240.5,241.8,18438
equity,INE722B01019,2026-10-01,243.49,230,238.1,135198
equity,INE722B01019,2026-10-02,238.1,238.1,238.1,
equity,INE722B01019,2026-10-05,243.8,230.25,232.42,178581
equity,INE722B01019,2026-10-06,250,234.08,247.81,36471
equity,INE694N01015,2026-09-30,183.44,176,176.53,40668
equity,INE694N01015,2026-10-01,177.39,169,172.12,66295
equity,INE694N01015,2026-10-05,174.41,166.1,167.58,55404
equity,INE694N01015,2026-10-06,173.9,166.2,169,27666
equity,INE290E01011,2026-09-30,161.7,156.5,160.56,638
equity,INE290E01011,2026-10-01,164,155,159.35,2356
equity,INE290E01011,2026-10-05,162.85,158,160,320
equity,INE290E01011,2026-10-06,164.92,161,161,421
equity,INE980Y01015,2026-09-30,186.28,180.35,182.49,62445
equity,INE980Y01015,2026-10-01,185,177.54,181.7,122218
equity,INE980Y01015,2026-10-02,181.7,181.7,181.7,
equity,INE980Y01015,2026-10-05,201,179.45,195.58,377507
equity,INE980Y01015,2026-10-06,201.6,193.99,199.72,160976
equity,INE06WU01026,2026-09-30,121.5,118.71,121.1,68302
equity,INE06WU01026,2026-10-01,121,116.63,119.02,51642
equity,INE06WU01026,2026-10-05,121.19,112.1,112.94,134952
equity,INE06WU01026,2026-10-06,114.96,111,111.59,110943
equity,INE335K01011,2026-09-30,30.85,30.06,30.14,310652
equity,INE335K01011,2026-10-01,32,28.86,29.69,5488862
equity,INE335K01011,2026-10-05,31.74,29.72,30.06,642940
equity,INE335K01011,2026-10-06,30.52,29.1,30.03,789744
equity,INE474O01010,2026-09-30,250,232.5,250,4570
equity,INE474O01010,2026-10-01,250,233.05,250,4330
equity,INE474O01010,2026-10-05,250.1,233.2,249.95,4274
equity,INE474O01010,2026-10-06,255,248,255,4892
equity,INE785A01026,2026-09-30,226.14,222.7,223.18,7967
equity,INE785A01026,2026-10-01,222.78,209.88,211.22,68473
equity,INE785A01026,2026-10-05,218.38,210.25,211.82,11264
equity,INE785A01026,2026-10-06,221.49,213.8,219.16,7595
equity,INE655A01013,2026-09-30,112,108.1,109.14,20049
equity,INE655A01013,2026-10-01,110,105.1,105.96,11515
equity,INE655A01013,2026-10-05,107.5,105,105.27,13522
equity,INE655A01013,2026-10-06,107,105.53,105.86,9732
equity,INE360C01024,2026-09-30,7,6.71,6.8,94002
equity,INE360C01024,2026-10-01,6.94,6.71,6.8,74833
equity,INE360C01024,2026-10-05,6.94,6.46,6.72,131088
equity,INE360C01024,2026-10-06,6.89,6.49,6.56,162647
equity,INE538A01037,2026-09-30,56.85,54.51,54.94,29988
equity,INE538A01037,2026-10-01,56.89,53.21,55.23,77608
equity,INE538A01037,2026-10-05,56.25,54.51,54.89,50355
equity,INE538A01037,2026-10-06,56.25,54.71,55.86,41479
equity,INE546V01010,2026-09-30,273.2,271.6,273.2,1439
equity,INE546V01010,2026-10-01,273,267.75,267.75,646
equity,INE546V01010,2026-10-02,267.75,267.75,267.75,
equity,INE546V01010,2026-10-05,262.4,262.4,262.4,573
equity,INE546V01010,2026-10-06,267.55,257.4,259.5,1400
equity,INE252A01019,2026-09-30,124.89,124.89,124.89,
equity,INE252A01019,2026-10-01,124.89,124.89,124.89,
equity,INE252A01019,2026-10-02,124.89,124.89,124.89,
equity,INE252A01019,2026-10-05,118.65,118.65,118.65,13971
equity,INE0ATZ01017,2026-09-30,221,208,216.38,123311
equity,INE0ATZ01017,2026-10-01,215.3,205.57,205.77,72814
equity,INE0ATZ01017,2026-10-05,213,195.49,196.81,87005
equity,INE0ATZ01017,2026-10-06,206.65,191.3,206.65,39655
equity,INE0N5801013,2026-09-30,470,427.7,460,25000
equity,INE0N5801013,2026-10-01,485,441.1,459,12750
equity,INE0N5801013,2026-10-05,465,437.2,465,5750
equity,INE0TGX01019,2026-09-30,237.45,218.8,225.5,25729
equity,INE0TGX01019,2026-10-01,224.98,214.23,215.81,9841
equity,INE0TGX01019,2026-10-05,225.95,212,214.85,5522
equity,INE0TGX01019,2026-10-06,225.59,210.2,222.94,10935
equity,INE052T01021,2026-09-30,18.25,17.33,17.53,672928
equity,INE052T01021,2026-10-01,17.86,17.13,17.47,555610
equity,INE052T01021,2026-10-02,17.47,17.47,17.47,
equity,INE052T01021,2026-10-05,18.17,17.41,17.73,490937
equity,INE052T01021,2026-10-06,18.18,17.62,17.89,523828
equity,INE692G01013,2026-09-30,61.89,60.05,61.24,41413
equity,INE692G01013,2026-10-01,61.42,59.4,59.73,58010
equity,INE692G01013,2026-10-02,59.73,59.73,59.73,
equity,INE692G01013,2026-10-05,61,57.28,58.13,111368
equity,INE692G01013,2026-10-06,62.6,58.18,61.86,172281
equity,INE06HJ01020,2026-09-30,107.01,104.1,104.73,35333
equity,INE06HJ01020,2026-10-01,106.5,102,105.01,40431
equity,INE06HJ01020,2026-10-05,108,103.81,105.44,72518
equity,INE06HJ01020,2026-10-06,114.89,105,110.42,175337
equity,INE138C01024,2026-09-30,202.44,190.2,198.77,40917
equity,INE138C01024,2026-10-01,201.7,188.84,189.02,35879
equity,INE138C01024,2026-10-05,192.5,179.57,182.71,28862
equity,INE138C01024,2026-10-06,187.35,175.01,182.1,28727
equity,INE501Y01019,2026-09-30,648.5,625.05,629.15,1092
equity,INE501Y01019,2026-10-01,646,615,620.45,6507
equity,INE501Y01019,2026-10-05,633.7,610.35,617.85,3408
equity,INE501Y01019,2026-10-06,627.45,605,609.25,4825
equity,INE974B01016,2026-09-30,1199.9,1175.4,1183.2,642
equity,INE974B01016,2026-10-01,1197.5,1166.1,1167,1374
equity,INE974B01016,2026-10-05,1174.5,1160.1,1165.7,386
equity,INE974B01016,2026-10-06,1169.5,1133,1152.9,1698
equity,INE204E01012,2026-09-30,398.9,390,391.95,12498
equity,INE204E01012,2026-10-01,398.9,377.6,386,28169
equity,INE204E01012,2026-10-05,391.6,379,382.95,24340
equity,INE204E01012,2026-10-06,398.9,381.65,396.5,14766
equity,INE0O3901029,2026-09-30,29.9,27.87,28.89,205678
equity,INE0O3901029,2026-10-01,29.47,26.37,27.29,135689
equity,INE0O3901029,2026-10-05,28.23,26.51,26.99,52412
equity,INE0O3901029,2026-10-06,27.39,26.51,26.64,39088
equity,INE518E01015,2026-09-30,140.98,134.68,137.97,87891
equity,INE518E01015,2026-10-01,138.94,132.1,137.02,129941
equity,INE518E01015,2026-10-05,139.49,131,137.1,78444
equity,INE518E01015,2026-10-06,140,135.59,138.57,63618
equity,INE247M01014,2026-09-30,154.85,151,154.1,15753
equity,INE247M01014,2026-10-01,158,149,153.5,25371
equity,INE247M01014,2026-10-05,157,151,154.91,17708
equity,INE247M01014,2026-10-06,158,151.2,156.32,14242
equity,INE295A01018,2026-09-30,458.05,427.1,455.6,19320
equity,INE295A01018,2026-10-01,477.4,445.1,475.3,28053
equity,INE295A01018,2026-10-05,486,452.65,478.15,28153
equity,INE295A01018,2026-10-06,524,465,515.95,52170
equity,INE0N7W01012,2026-09-30,163.09,159.01,160.26,23426
equity,INE0N7W01012,2026-10-01,161.38,156.06,157.83,13528
equity,INE0N7W01012,2026-10-05,160.9,153.5,156.84,8394
equity,INE0N7W01012,2026-10-06,160,156.03,157.53,6912
equity,INE645H01027,2026-09-30,38.23,36.55,37.5,24675
equity,INE645H01027,2026-10-01,38,35.7,36.24,17823
equity,INE645H01027,2026-10-05,40.39,35.52,36.97,80117
equity,INE645H01027,2026-10-06,38.1,36.26,37.04,13973
equity,INE672K01025,2026-09-30,194.9,181.2,184.35,2868
equity,INE672K01025,2026-10-01,189,179,182,4650
equity,INE672K01025,2026-10-05,180.2,172.9,172.9,6581
equity,INE672K01025,2026-10-06,172.9,164.3,164.3,10216
equity,INE0HF201011,2026-09-30,148.99,143.95,145.04,43962
equity,INE0HF201011,2026-10-01,145.16,139.42,142.01,89956
equity,INE0HF201011,2026-10-05,144.79,140.01,141.87,35030
equity,INE0HF201011,2026-10-06,143.4,140,141.04,40571
equity,INE967C01018,2026-09-30,240.29,235,237.2,26647
equity,INE967C01018,2026-10-01,238.9,232.51,237.45,52906
equity,INE967C01018,2026-10-05,248.86,236.5,245.99,121580
equity,INE967C01018,2026-10-06,264.89,249.64,258.82,574615
equity,INE0NN701020,2026-09-30,25,24.12,24.44,119329
equity,INE0NN701020,2026-10-01,24.79,23.1,23.59,146141
equity,INE0NN701020,2026-10-05,24.79,23.72,24.49,160953
equity,INE0NN701020,2026-10-06,24.85,24.06,24.71,70373
equity,INE038F01029,2026-09-30,106,103.3,104.19,13484
equity,INE038F01029,2026-10-01,106,99.35,101.65,76841
equity,INE038F01029,2026-10-02,101.65,101.65,101.65,
equity,INE038F01029,2026-10-05,103.7,101,101.49,52602
equity,INE038F01029,2026-10-06,102.5,100.3,101.48,17500
equity,INE869I01013,2026-09-30,55.48,54,54.86,23329
equity,INE869I01013,2026-10-01,57.56,54.15,55.39,45190
equity,INE869I01013,2026-10-05,56.18,54.12,54.47,12648
equity,INE869I01013,2026-10-06,55.48,54.47,54.68,16120
equity,INE0ONE01016,2026-09-30,1949.5,1949.5,1949.5,
equity,INE0ONE01016,2026-10-01,1950,1940,1940,240
equity,INE0ONE01016,2026-10-05,1940,1940,1940,
equity,INE230R01035,2026-09-30,4.56,4.47,4.56,3775009
equity,INE230R01035,2026-10-01,4.51,4.47,4.47,501360
equity,INE230R01035,2026-10-05,4.39,4.39,4.39,224049
equity,INE230R01035,2026-10-06,4.39,4.31,4.31,713156
equity,INE350Z01018,2026-09-30,553.9,545.4,546.1,238
equity,INE350Z01018,2026-10-01,555,537.2,539,581
equity,INE350Z01018,2026-10-05,546,539,542.5,270
equity,INE350Z01018,2026-10-06,556.9,543.75,551.6,619
equity,INE298I01015,2026-09-30,484.8,471.05,480.55,9875
equity,INE298I01015,2026-10-01,489,456.6,477.4,27860
equity,INE298I01015,2026-10-05,501.25,463.1,501.25,38244
equity,INE298I01015,2026-10-06,514,492.1,499,24527
equity,INE037A01022,2026-09-30,91.1,88.67,88.75,5499
equity,INE037A01022,2026-10-01,89.99,86.6,87.02,9036
equity,INE037A01022,2026-10-05,90,86,86.17,3395
equity,INE037A01022,2026-10-06,90,86.17,87.09,2595
equity,INE939X01013,2026-09-30,138.95,136,136.84,93564
equity,INE939X01013,2026-10-01,139.7,136,139.01,229896
equity,INE939X01013,2026-10-05,143.5,138.24,138.6,86785
equity,INE939X01013,2026-10-06,142,138.5,141.35,43633
equity,INE529I01021,2026-09-30,78.08,76,76.35,68177
equity,INE529I01021,2026-10-01,78.5,73.5,76.71,115445
equity,INE529I01021,2026-10-02,76.71,76.71,76.71,
equity,INE529I01021,2026-10-05,78.8,75.01,76.43,126357
equity,INE529I01021,2026-10-06,77.57,74.6,75.31,66070
equity,INE0D6I01023,2026-09-30,251.5,245,248.8,19655
equity,INE0D6I01023,2026-10-01,250.38,237.5,241.14,60635
equity,INE0D6I01023,2026-10-05,251,243,248.86,42315
equity,INE0D6I01023,2026-10-06,251,245,248.96,21403
equity,INE622H01018,2026-09-30,137,133.26,134.45,63176
equity,INE622H01018,2026-10-01,134.81,128.25,131.77,100442
equity,INE622H01018,2026-10-05,133.99,128.5,129.43,74848
equity,INE622H01018,2026-10-06,137,130.11,134.32,165005
equity,INE285C01015,2026-09-30,1465,1420,1449.9,225
equity,INE285C01015,2026-10-01,1458.8,1400,1407.3,226
equity,INE285C01015,2026-10-05,1448,1392.3,1437.2,245
equity,INE285C01015,2026-10-06,1453.9,1406,1425,94
equity,INE626A01014,2026-09-30,55.5,53.55,54.53,54035
equity,INE626A01014,2026-10-01,55,52.45,53.37,70178
equity,INE626A01014,2026-10-02,53.37,53.37,53.37,
equity,INE626A01014,2026-10-05,53.95,50.4,51.4,127808
equity,INE626A01014,2026-10-06,51.9,50.95,51.47,67533
equity,INE480D01010,2026-09-30,53.88,50.3,52.13,54132
equity,INE480D01010,2026-10-01,52.99,48.06,48.44,125310
equity,INE480D01010,2026-10-05,49.39,45.42,46.37,51312
equity,INE480D01010,2026-10-06,49.9,47,49.01,46203
equity,INE220Z01013,2026-09-30,160.39,158.16,159.6,66280
equity,INE220Z01013,2026-10-01,160,154,159.12,82053
equity,INE220Z01013,2026-10-05,159.59,155.25,158.41,77098
equity,INE220Z01013,2026-10-06,159.99,156,158.69,135954
equity,INE429I01024,2026-09-30,14.38,13.05,13.95,353951
equity,INE429I01024,2026-10-01,14.2,13,13.45,390544
equity,INE429I01024,2026-10-05,13.49,12.9,13.19,120507
equity,INE429I01024,2026-10-06,13.5,12.91,13.1,139257
equity,INE1IJQ01026,2026-09-30,303.95,294.8,295.7,14400
equity,INE1IJQ01026,2026-10-01,295.7,280.95,289,26400
equity,INE1IJQ01026,2026-10-05,295,284,295,17400
equity,INE1IJQ01026,2026-10-06,296.1,291,293.85,9600
equity,INE389C01015,2026-09-30,965.5,936.2,938.95,1522
equity,INE389C01015,2026-10-01,945,920,935.2,3251
equity,INE389C01015,2026-10-05,939.85,910.1,911.65,6306
equity,INE389C01015,2026-10-06,924.75,892.2,903.3,5552
equity,INE333I01044,2026-09-30,15.06,13.64,15.06,77987
equity,INE333I01044,2026-10-01,15.81,14.7,15.26,38428
equity,INE333I01044,2026-10-05,15.26,14.5,14.5,62778
equity,INE333I01044,2026-10-06,14.5,13.78,13.79,30899
equity,INE231G01010,2026-09-30,282.85,254,258.51,115278
equity,INE231G01010,2026-10-01,261,240.4,243.65,15582
equity,INE231G01010,2026-10-05,249.5,236.05,240.4,7504
equity,INE231G01010,2026-10-06,257.05,244.15,246.85,8679
equity,INE170E01023,2026-09-30,71.26,68.7,69.7,198881
equity,INE170E01023,2026-10-01,69.89,67.5,68.34,125480
equity,INE170E01023,2026-10-05,69,68,68.51,70953
equity,INE170E01023,2026-10-06,69.4,68.02,69.26,81400
equity,INE767C01012,2026-09-30,447.5,438.2,440.8,5897
equity,INE767C01012,2026-10-01,444,434.15,435.45,2288
equity,INE767C01012,2026-10-05,445.4,425.05,430.4,1797
equity,INE767C01012,2026-10-06,450.95,430,447.95,4749
equity,INE229A01017,2026-09-30,294.8,285.75,288.35,10723
equity,INE229A01017,2026-10-01,293.95,285.2,291.3,37991
equity,INE229A01017,2026-10-05,293,285.4,290.75,24399
equity,INE229A01017,2026-10-06,296.15,287.05,294.6,29818
equity,INE729D01010,2026-09-30,221.5,208.33,213.32,33773
equity,INE729D01010,2026-10-01,221,207,218.51,22964
equity,INE729D01010,2026-10-05,248.3,220,233.74,246614
equity,INE729D01010,2026-10-06,267.8,236.3,260.7,660944
equity,INE19QK01022,2026-09-30,423,411.85,421.95,49000
equity,INE19QK01022,2026-10-01,429,400.9,409,50000
equity,INE19QK01022,2026-10-05,429,409,426.9,103000
equity,INE19QK01022,2026-10-06,445,421,433.5,55000
equity,INE403Y01018,2026-09-30,296.1,286.05,292.55,25036
equity,INE403Y01018,2026-10-01,298,279.2,290.2,25514
equity,INE403Y01018,2026-10-05,304.85,287.55,302.3,27710
equity,INE403Y01018,2026-10-06,303.45,292.9,294.85,22993
equity,INE311M01018,2026-09-30,159.7,143.1,152.31,10595
equity,INE311M01018,2026-10-01,159,146.32,155.1,25371
equity,INE311M01018,2026-10-02,155.1,155.1,155.1,
equity,INE311M01018,2026-10-05,179,157.1,164.79,91009
equity,INE311M01018,2026-10-06,172.5,162.3,166.72,9492
equity,INE0Q1S01010,2026-09-30,1164.1,1126,1158,7875
equity,INE0Q1S01010,2026-10-01,1158.35,1100.1,1107.05,14125
equity,INE0Q1S01010,2026-10-05,1137.6,1103.3,1106.65,7625
equity,INE0Q1S01010,2026-10-06,1101,1051.35,1067.9,26500
equity,INE051B01021,2026-09-30,5.24,5.05,5.14,1066328
equity,INE051B01021,2026-10-01,5.16,5.07,5.12,839936
equity,INE051B01021,2026-10-05,5.7,5.12,5.21,741358
equity,INE051B01021,2026-10-06,5.24,5.15,5.19,869007
equity,INE050001010,2026-09-30,255.2,245.1,253.35,11802
equity,INE050001010,2026-10-01,253.35,240.7,243.55,20982
equity,INE050001010,2026-10-02,243.55,243.55,243.55,
equity,INE050001010,2026-10-05,269.9,243.65,253.1,117672
equity,INE050001010,2026-10-06,256.8,247.1,252.65,32471
equity,INE133D01023,2026-09-30,161.7,155,156,2473
equity,INE133D01023,2026-10-01,159.95,151.9,156.4,4973
equity,INE133D01023,2026-10-05,162.4,149.55,151.7,6489
equity,INE133D01023,2026-10-06,159.25,152.05,158.05,15650
equity,INE626Z01029,2026-09-30,9.39,9.11,9.21,302662
equity,INE626Z01029,2026-10-01,9.29,8.85,9.19,573580
equity,INE626Z01029,2026-10-05,10.5,8.99,9.34,3665570
equity,INE626Z01029,2026-10-06,9.99,9.11,9.22,825016
equity,INE320L01011,2026-09-30,991,950,955.65,621
equity,INE320L01011,2026-10-01,979.8,950,967.3,244
equity,INE320L01011,2026-10-05,996,960,972.1,562
equity,INE320L01011,2026-10-06,990.45,961.05,966.9,265
equity,INE871K01015,2026-09-30,76.02,72.4,75.96,18380
equity,INE871K01015,2026-10-01,79.64,72.55,77.44,40284
equity,INE871K01015,2026-10-05,78.85,74.5,76,21768
equity,INE871K01015,2026-10-06,79.8,72.2,74.91,110904
equity,INE915K01010,2026-09-30,553.9,533.1,535.05,438
equity,INE915K01010,2026-10-01,545,530,535.05,201
equity,INE915K01010,2026-10-05,545,510.05,545,730
equity,INE915K01010,2026-10-06,555,545,545,3
equity,INE734N01019,2026-09-30,35.99,34.25,34.64,120284
equity,INE734N01019,2026-10-01,34.64,33.76,34.11,105331
equity,INE734N01019,2026-10-05,34.5,33.51,33.99,74733
equity,INE734N01019,2026-10-06,34.59,33.93,34.24,69665
equity,INE607D01018,2026-09-30,408.25,396.05,398.55,23214
equity,INE607D01018,2026-10-01,410,390,398.55,18312
equity,INE607D01018,2026-10-02,398.55,398.55,398.55,
equity,INE607D01018,2026-10-05,428.8,402.5,417.1,86469
equity,INE607D01018,2026-10-06,422.4,410.85,413.55,16464
equity,INE099F01013,2026-09-30,295,282,287.59,18887
equity,INE099F01013,2026-10-01,301.95,284,292.6,20973
equity,INE099F01013,2026-10-05,298.85,282.2,290.8,9154
equity,INE099F01013,2026-10-06,299.8,286.1,286.85,6028
equity,INE694E01014,2026-09-30,253.4,246.45,249,5949
equity,INE694E01014,2026-10-01,253.41,241,245.55,12538
equity,INE694E01014,2026-10-02,245.55,245.55,245.55,
equity,INE694E01014,2026-10-05,260,246,252.24,26865
equity,INE694E01014,2026-10-06,257,245,250.9,9847
equity,INE291W01037,2026-09-30,138.98,132,132.8,145033
equity,INE291W01037,2026-10-01,138.2,131.81,136.51,605881
equity,INE291W01037,2026-10-05,141,136.52,139.1,233073
equity,INE291W01037,2026-10-06,145.25,140,142.62,209799
equity,INE467D01017,2026-09-30,374.2,333,339.2,25393
equity,INE467D01017,2026-10-01,340,323.95,335.8,9885
equity,INE467D01017,2026-10-05,349.9,336,345,5210
equity,INE467D01017,2026-10-06,356,342.2,347.7,1764
equity,INE266B01017,2026-09-30,255.2,245.1,250.4,14795
equity,INE266B01017,2026-10-01,250.4,237.9,244.2,9975
equity,INE266B01017,2026-10-05,258.7,246.05,247.75,26757
equity,INE266B01017,2026-10-06,247.75,230,238.9,13480
equity,INE719F01016,2026-09-30,559.1,545,557.15,122580
equity,INE719F01016,2026-10-01,559.5,551.5,554.6,2431
equity,INE719F01016,2026-10-05,563.9,525.05,558.95,20380
equity,INE719F01016,2026-10-06,559.7,552.5,552.65,4729
equity,INE0O8901016,2026-09-30,528.05,516.05,525.85,83250
equity,INE0O8901016,2026-10-01,529.25,510,514.85,80250
equity,INE0O8901016,2026-10-05,522.9,505,510.05,9750
equity,INE0O8901016,2026-10-06,525,516,520.15,16250
equity,INE501G01024,2026-09-30,24.13,22.92,23.02,62468
equity,INE501G01024,2026-10-01,23.55,22.2,22.38,115588
equity,INE501G01024,2026-10-05,22.74,22.01,22.14,32181
equity,INE501G01024,2026-10-06,23.15,22,22.99,46073
equity,INE0ADB01012,2026-09-30,255.65,251.2,252,6614
equity,INE0ADB01012,2026-10-01,256.2,250.35,253,21262
equity,INE0ADB01012,2026-10-05,258,248,254.25,15235
equity,INE0ADB01012,2026-10-06,258.1,252.2,256.5,7240
equity,INE562X01013,2026-09-30,132.96,123.5,132.96,57992
equity,INE562X01013,2026-10-01,138.4,127.16,134.25,65638
equity,INE562X01013,2026-10-05,135.9,127.55,127.77,46796
equity,INE562X01013,2026-10-06,132.69,126.23,131.63,27075
equity,INE116C01012,2026-09-30,731.95,711.3,714.5,896
equity,INE116C01012,2026-10-01,729.9,702.05,708.4,1845
equity,INE116C01012,2026-10-05,724,700.1,703.65,1443
equity,INE116C01012,2026-10-06,719.6,702.55,710.25,1592
equity,INE818B01023,2026-09-30,76.89,71.87,72.73,180671
equity,INE818B01023,2026-10-01,73.85,68.17,69.64,243098
equity,INE818B01023,2026-10-02,69.64,69.64,69.64,
equity,INE818B01023,2026-10-05,71.45,66.33,67.51,150318
equity,INE818B01023,2026-10-06,72,67.05,70.89,251121
equity,INE437D01010,2026-09-30,1420,1355,1389.8,763
equity,INE437D01010,2026-10-01,1382.9,1251,1300.35,2699
equity,INE437D01010,2026-10-05,1337.95,1211.05,1329,1509
equity,INE437D01010,2026-10-06,1334.4,1268,1297.45,681
equity,INE835B01035,2026-09-30,208,201,206.16,34867
equity,INE835B01035,2026-10-01,211,202.16,204.78,30948
equity,INE835B01035,2026-10-05,214.95,207,213.5,77012
equity,INE835B01035,2026-10-06,220,215.01,216.72,52216
equity,INE25E901019,2026-09-30,166.73,153.5,156.95,202294
equity,INE25E901019,2026-10-01,161.38,155.05,157.74,66367
equity,INE25E901019,2026-10-05,160,150.2,152.06,76219
equity,INE25E901019,2026-10-06,156.82,150.5,153.5,57336
equity,INE308A01027,2026-09-30,232.97,224.05,225.27,3942
equity,INE308A01027,2026-10-01,230,217.02,225.64,6510
equity,INE308A01027,2026-10-05,230.01,220.21,222.21,2606
equity,INE308A01027,2026-10-06,225,219.99,220.36,5593
equity,INE071E01023,2026-09-30,60,55.9,57.26,301755
equity,INE071E01023,2026-10-01,57,54.9,56.04,161635
equity,INE071E01023,2026-10-05,58.84,56,58.84,182707
equity,INE071E01023,2026-10-06,61.5,58.8,59.26,228479
equity,INE919M01026,2026-09-30,295.65,295.65,295.65,
equity,INE919M01026,2026-10-01,295.65,295.65,295.65,
equity,INE919M01026,2026-10-02,295.65,295.65,295.65,
equity,INE919M01026,2026-10-05,298.6,292.7,292.7,63092
equity,INE0TJ801010,2026-09-30,328.35,328.35,328.35,48000
equity,INE0TJ801010,2026-10-01,324.8,321.8,321.8,35200
equity,INE0TJ801010,2026-10-05,322,315.4,315.4,111200
equity,INE0TJ801010,2026-10-06,321.7,315,321.7,95200
equity,INE0OU201013,2026-09-30,85.31,77.3,82.25,216984
equity,INE0OU201013,2026-10-01,83,76.5,80.25,110038
equity,INE0OU201013,2026-10-02,80.25,80.25,80.25,
equity,INE0OU201013,2026-10-05,81.24,76.4,77.42,74037
equity,INE0OU201013,2026-10-06,80.65,75.9,78.87,121166
equity,INE0Q0M01015,2026-09-30,268.8,247.05,250.1,19600
equity,INE0Q0M01015,2026-10-01,254,241,247.05,19800
equity,INE0Q0M01015,2026-10-05,254.95,240.3,244.9,10800
equity,INE0Q0M01015,2026-10-06,249.75,238,241.75,13200
equity,INE175N01023,2026-09-30,39.27,39.2,39.23,445510
equity,INE175N01023,2026-10-01,38.48,38.45,38.45,93321
equity,INE175N01023,2026-10-05,37.69,37.69,37.69,66205
equity,INE175N01023,2026-10-06,37.1,37,37.1,244093
equity,INE1RQS01010,2026-09-30,506,435.45,441.45,379000
equity,INE1RQS01010,2026-10-01,453.8,421.5,432.15,249000
equity,INE1RQS01010,2026-10-05,449.9,421,427.35,58000
equity,INE1RQS01010,2026-10-06,435,417.55,418.95,83000
equity,INE289A01011,2026-09-30,133.19,129,130.13,13521
equity,INE289A01011,2026-10-01,131.95,126.01,127.74,16476
equity,INE289A01011,2026-10-02,127.74,127.74,127.74,
equity,INE289A01011,2026-10-05,130,126.1,127.08,10196
equity,INE289A01011,2026-10-06,129.67,126.25,127.66,12859
equity,INE412U01025,2026-09-30,40,38.8,39.79,23838
equity,INE412U01025,2026-10-01,39.93,36.8,38.78,63041
equity,INE412U01025,2026-10-05,39.2,37.11,37.57,42913
equity,INE412U01025,2026-10-06,38.21,36.5,37.22,43275
equity,INE673E01018,2026-09-30,340.95,328.9,330.15,33
equity,INE673E01018,2026-10-01,331.8,325,330.15,106
equity,INE673E01018,2026-10-05,344.85,333.45,340.45,102
equity,INE673E01018,2026-10-06,344.2,340.9,340.9,20
equity,INE931X01010,2026-09-30,228,228,228,2250
equity,INE931X01010,2026-10-01,228,228,228,
equity,INE931X01010,2026-10-02,228,228,228,
equity,INE931X01010,2026-10-05,228,228,228,
equity,INE102I01027,2026-09-30,113.37,108,108.53,187491
equity,INE102I01027,2026-10-01,107.77,103,106.38,188974
equity,INE102I01027,2026-10-05,109.48,103.11,105.51,165539
equity,INE102I01027,2026-10-06,107.09,102.92,103.82,217023
equity,INE879A01019,2026-09-30,45.4,43.22,43.73,26435
equity,INE879A01019,2026-10-01,44.23,42.8,43.16,37590
equity,INE879A01019,2026-10-05,44.6,42.72,43.09,38309
equity,INE879A01019,2026-10-06,44.19,42.6,43.53,35270
equity,INE318C01014,2026-09-30,304,304,304,
equity,INE318C01014,2026-10-01,304,304,304,
equity,INE318C01014,2026-10-02,304,304,304,
equity,INE318C01014,2026-10-05,328.95,302,306.5,335
equity,INE318C01014,2026-10-06,319.95,306.55,307.35,38
equity,INE728Z01015,2026-09-30,522,492.5,493.5,17609
equity,INE728Z01015,2026-10-01,492.45,468.85,474.3,3354
equity,INE728Z01015,2026-10-05,487.45,455.35,462.15,4795
equity,INE728Z01015,2026-10-06,473.95,459.9,461.55,1508
equity,INE365I01020,2026-09-30,1916.9,1863.1,1897.5,352
equity,INE365I01020,2026-10-01,1885,1854.9,1857.9,80
equity,INE365I01020,2026-10-05,1855.2,1815,1819,458
equity,INE365I01020,2026-10-06,1879,1820,1828.1,164
equity,INE1U6D01014,2026-09-30,336.85,325,332.55,331200
equity,INE1U6D01014,2026-10-01,327.9,315.95,315.95,182400
equity,INE1U6D01014,2026-10-05,331.7,307,331.7,201600
equity,INE1U6D01014,2026-10-06,337,320,321.95,177600
equity,INE310C01029,2026-09-30,390.95,377.4,381.3,3953
equity,INE310C01029,2026-10-01,384.45,372.5,380.8,1341
equity,INE310C01029,2026-10-05,425.05,395.5,400.65,46581
equity,INE310C01029,2026-10-06,406,397,401.45,13778
equity,INE440G01017,2026-09-30,1099.9,1076.1,1083.8,476
equity,INE440G01017,2026-10-01,1109.6,1061.3,1078,1489
equity,INE440G01017,2026-10-05,1100,1048.3,1063.2,1226
equity,INE440G01017,2026-10-06,1095,1076.3,1093,2665
equity,INE120D01012,2026-09-30,346,338.25,345.25,28964
equity,INE120D01012,2026-10-01,345.25,340,340.25,20052
equity,INE120D01012,2026-10-05,344.9,340.2,342,50579
equity,INE120D01012,2026-10-06,344.4,340,342.4,30000
equity,INE798F01010,2026-09-30,306.5,275.5,294.95,49
equity,INE798F01010,2026-10-01,303,277,287.5,182
equity,INE798F01010,2026-10-05,287.5,287.5,287.5,
equity,INE798F01010,2026-10-06,309.8,287.5,296.4,25
equity,INE0ZOM01013,2026-09-30,424,418,418,2000
equity,INE0ZOM01013,2026-10-01,427,415,425,4400
equity,INE0ZOM01013,2026-10-05,442,430,433.5,5600
equity,INE0ZOM01013,2026-10-06,433.5,430,431.75,800
equity,INE0JWS01017,2026-09-30,127.88,121.25,126.23,92323
equity,INE0JWS01017,2026-10-01,130,120.1,125.08,163055
equity,INE0JWS01017,2026-10-05,128.85,119.05,124.58,70647
equity,INE0JWS01017,2026-10-06,127.99,124,124.37,72968
equity,INE0A1101019,2026-09-30,340,322.9,335,162842
equity,INE0A1101019,2026-10-01,346.25,327.5,342.95,212341
equity,INE0A1101019,2026-10-05,344.7,324,343.15,128476
equity,INE0A1101019,2026-10-06,350,331.2,343.05,139887
equity,INE0TQE01026,2026-09-30,63.79,60.11,62.88,97164
equity,INE0TQE01026,2026-10-01,62.87,57.22,58.41,80507
equity,INE0TQE01026,2026-10-02,58.41,58.41,58.41,
equity,INE0TQE01026,2026-10-05,59.62,56,56.72,72527
equity,INE0TQE01026,2026-10-06,58.9,57.04,58.34,37743
equity,INE718F01018,2026-09-30,215.25,210,210.85,14378
equity,INE718F01018,2026-10-01,213.5,205,208.34,23138
equity,INE718F01018,2026-10-05,211.99,205.2,209.79,17931
equity,INE718F01018,2026-10-06,210.84,205.91,207.48,21357
equity,INE395F01023,2026-09-30,960,940,943.4,694
equity,INE395F01023,2026-10-01,969.9,935,941.75,956
equity,INE395F01023,2026-10-05,938,894.7,901.4,5738
equity,INE395F01023,2026-10-06,932.85,875,894.65,2122
equity,INE761G01016,2026-09-30,118.28,112,115.79,54925
equity,INE761G01016,2026-10-01,117.19,109,110.45,57092
equity,INE761G01016,2026-10-05,115,109,110.31,13885
equity,INE761G01016,2026-10-06,111.95,105,107.65,44417
equity,INE953E01022,2026-09-30,180.38,177,177.81,4570
equity,INE953E01022,2026-10-01,179.98,174,174.84,6272
equity,INE953E01022,2026-10-05,177.01,173,174.6,12774
equity,INE953E01022,2026-10-06,178.8,173,176.86,6800
equity,INE222F01029,2026-09-30,42,38.5,38.88,74347
equity,INE222F01029,2026-10-01,39.85,36.57,38.15,102484
equity,INE222F01029,2026-10-05,41.4,37.3,38.27,46362
equity,INE222F01029,2026-10-06,40.45,35.38,35.92,161184
equity,INE0NT601018,2026-09-30,599.5,580,582.45,9000
equity,INE0NT601018,2026-10-01,609.05,560,589.7,13375
equity,INE0NT601018,2026-10-05,608,570,574.65,4875
equity,INE0NT601018,2026-10-06,589.9,560.85,584,8375
equity,INE1KLZ01011,2026-09-30,298.95,272,295.1,156600
equity,INE1KLZ01011,2026-10-01,297.7,267.3,285.55,147600
equity,INE1KLZ01011,2026-10-05,295,280,283.15,39000
equity,INE1KLZ01011,2026-10-06,290,284,285.8,13200
equity,INE491D01017,2026-09-30,122.4,122.4,122.4,4
equity,INE491D01017,2026-10-01,120,120,120,16
equity,INE491D01017,2026-10-05,117.6,117.6,117.6,5
equity,INE491D01017,2026-10-06,116,115.25,116,1308
equity,INE416A01051,2026-09-30,17.39,16.26,16.26,476188
equity,INE416A01051,2026-10-01,16,15.45,15.46,669216
equity,INE416A01051,2026-10-05,16.23,14.69,15.58,1157106
equity,INE416A01051,2026-10-06,16.3,15.26,15.46,335127
equity,INE636A01039,2026-09-30,150.79,143.55,145.01,253411
equity,INE636A01039,2026-10-01,144.99,135,138.84,169840
equity,INE636A01039,2026-10-02,138.84,138.84,138.84,
equity,INE636A01039,2026-10-05,151,139.48,145.96,597094
equity,INE636A01039,2026-10-06,152.99,145.92,147.89,436261
equity,INE303A01010,2026-09-30,645.65,623.05,635.3,5230
equity,INE303A01010,2026-10-01,649,602.05,613.65,4422
equity,INE303A01010,2026-10-05,627.05,591.4,595.95,4076
equity,INE303A01010,2026-10-06,624,597,619.2,1605
equity,INE371F01024,2026-09-30,11.76,11.76,11.76,4618
equity,INE371F01024,2026-10-01,11.53,11.53,11.53,5214
equity,INE371F01024,2026-10-05,11.3,11.3,11.3,3774
equity,INE371F01024,2026-10-06,11.08,11.08,11.08,4936
equity,INE498D01012,2026-09-30,292.85,292.85,292.85,
equity,INE498D01012,2026-10-01,292.85,292.85,292.85,
equity,INE498D01012,2026-10-02,292.85,292.85,292.85,
equity,INE498D01012,2026-10-05,295.65,289.85,289.85,677
equity,INE0MIS01010,2026-09-30,162.9,154.98,156.01,21871
equity,INE0MIS01010,2026-10-01,160.92,151.13,154.34,49241
equity,INE0MIS01010,2026-10-05,160,151.8,157.88,75463
equity,INE0MIS01010,2026-10-06,161,155.11,159.71,68129
equity,INE802B01027,2026-09-30,90.78,88.12,88.63,16141
equity,INE802B01027,2026-10-01,89.7,85.47,86.54,25684
equity,INE802B01027,2026-10-05,88.65,85.55,87.53,17881
equity,INE802B01027,2026-10-06,88.6,87,88.25,4395
equity,INE984B01023,2026-09-30,190,177.5,185.85,31491
equity,INE984B01023,2026-10-01,188.8,177,180.25,28845
equity,INE984B01023,2026-10-05,182,173.5,175.25,20953
equity,INE984B01023,2026-10-06,180.1,175.3,178.1,6070
equity,INE13YH01017,2026-09-30,488.25,467.1,479.85,22000
equity,INE13YH01017,2026-10-01,471,467.5,467.5,4000
equity,INE13YH01017,2026-10-05,466.5,458,458,6000
equity,INE13YH01017,2026-10-06,467.25,446,446,6000
equity,INE555P01013,2026-09-30,187.15,187.15,187.15,10
equity,INE555P01013,2026-10-01,189.02,177,179.21,1302
equity,INE555P01013,2026-10-05,185,173.1,179.99,2295
equity,INE555P01013,2026-10-06,182.9,176,177.05,853
equity,INE597Z01014,2026-09-30,323.8,323.8,323.8,800
equity,INE597Z01014,2026-10-01,323.8,323.8,323.8,
equity,INE597Z01014,2026-10-02,323.8,323.8,323.8,
equity,INE597Z01014,2026-10-05,323.8,323.8,323.8,
equity,INE401Z01019,2026-09-30,133.85,124.35,127.1,1889
equity,INE401Z01019,2026-10-01,127.1,120.75,121.95,8789
equity,INE401Z01019,2026-10-05,128,115.9,128,21537
equity,INE401Z01019,2026-10-06,131.45,124.5,127.2,6166
equity,INE0PSK01027,2026-09-30,365,363.5,365,4200
equity,INE0PSK01027,2026-10-01,365,357.75,365,3600
equity,INE0PSK01027,2026-10-05,362.05,358.6,358.6,2400
equity,INE413G01022,2026-09-30,78,68,71.14,2013255
equity,INE413G01022,2026-10-01,70.75,67.83,68.89,188764
equity,INE413G01022,2026-10-05,70.19,67.02,67.86,175395
equity,INE413G01022,2026-10-06,69.44,67.51,69.18,110390
equity,INE286H01012,2026-09-30,36.77,35.5,36.77,1439494
equity,INE286H01012,2026-10-01,38.6,35.61,35.91,87413
equity,INE286H01012,2026-10-05,37.64,34.12,34.12,24650
equity,INE286H01012,2026-10-06,35.68,34.31,35.22,26497
equity,INE938C01019,2026-09-30,7874,7620,7632.5,38
equity,INE938C01019,2026-10-01,7839,7526,7819.5,11
equity,INE938C01019,2026-10-05,7996.5,7505,7855,17
equity,INE938C01019,2026-10-06,7991.5,7600,7733.5,114
equity,INE0QHG01026,2026-09-30,216.85,206.35,209.15,47500
equity,INE0QHG01026,2026-10-01,215,207.15,208.4,58000
equity,INE0QHG01026,2026-10-05,228,210,227.25,192500
equity,INE0R8C01018,2026-09-30,226.55,220.2,222.7,20100
equity,INE0R8C01018,2026-10-01,227,215.5,217.45,24000
equity,INE0R8C01018,2026-10-05,224.9,216.95,218,13800
equity,INE260R01016,2026-09-30,480.5,462,472.8,10075
equity,INE260R01016,2026-10-01,490,449.2,463.8,13159
equity,INE260R01016,2026-10-05,465,449.9,452.55,8343
equity,INE260R01016,2026-10-06,461,445,454.35,4773
equity,INE564J01026,2026-09-30,693,635,665.6,758
equity,INE564J01026,2026-10-01,704.9,660.05,673,868
equity,INE564J01026,2026-10-05,708.9,680,685,716
equity,INE564J01026,2026-10-06,700,672.1,674.6,210
equity,INE15XJ01010,2026-09-30,368.15,368.15,368.15,6800
equity,INE15XJ01010,2026-10-01,370.5,360.8,360.8,34800
equity,INE15XJ01010,2026-10-05,369.8,344.1,368.7,22800
equity,INE15XJ01010,2026-10-06,368,360,366.9,7200
equity,INE138A01028,2026-09-30,15.99,15,15.05,247368
equity,INE138A01028,2026-10-01,15.25,14.5,14.62,183619
equity,INE138A01028,2026-10-02,14.62,14.62,14.62,
equity,INE138A01028,2026-10-05,14.95,14.22,14.5,133469
equity,INE138A01028,2026-10-06,14.99,14.31,14.66,120155
equity,INE0WDX01010,2026-09-30,495.75,450,471.25,1800
equity,INE0WDX01010,2026-10-01,493.5,460.05,493.25,2000
equity,INE0WDX01010,2026-10-05,493.5,480.05,482.25,2400
equity,INE864K01010,2026-09-30,234.99,222,223.38,9220
equity,INE864K01010,2026-10-01,229.9,222,225.1,11672
equity,INE864K01010,2026-10-05,227.13,219.11,220.46,5596
equity,INE864K01010,2026-10-06,226.99,217.8,221.57,18132
equity,INE249D01019,2026-09-30,748,730,735,63
equity,INE249D01019,2026-10-01,736,702,710.9,1344
equity,INE249D01019,2026-10-05,732.8,701,704,158
equity,INE249D01019,2026-10-06,719.75,685.05,717.05,289
equity,INE0S7E01015,2026-09-30,404.4,392,393.6,4000
equity,INE0S7E01015,2026-10-01,419,402.85,412,47800
equity,INE0S7E01015,2026-10-05,438.55,413,432.25,30600
equity,INE037Z01029,2026-09-30,267.4,257.05,259.6,28177
equity,INE037Z01029,2026-10-01,260.4,250,253.45,66070
equity,INE037Z01029,2026-10-05,267,250.6,259.1,98075
equity,INE037Z01029,2026-10-06,261.9,256.75,260.65,18552
equity,INE885E01042,2026-09-30,303.3,290,303.3,42578
equity,INE885E01042,2026-10-01,310,288.15,288.15,32502
equity,INE885E01042,2026-10-05,294.45,281,282.9,18727
equity,INE885E01042,2026-10-06,289.9,275.55,283.4,18785
equity,INE783E01023,2026-09-30,598.8,578,580.4,4590
equity,INE783E01023,2026-10-01,593.45,566.1,572.05,5475
equity,INE783E01023,2026-10-05,587.9,566.1,569.4,1510
equity,INE783E01023,2026-10-06,595,568,575.1,8246
equity,INE110B01017,2026-09-30,156.39,151.1,153.15,15052
equity,INE110B01017,2026-10-01,154.74,147.56,150.93,18244
equity,INE110B01017,2026-10-02,150.93,150.93,150.93,
equity,INE110B01017,2026-10-05,158.5,150.01,151.31,22115
equity,INE110B01017,2026-10-06,154.02,138.53,143.72,110863
equity,INE966H01019,2026-09-30,7.37,7.17,7.21,587340
equity,INE966H01019,2026-10-01,7.33,7.05,7.2,764827
equity,INE966H01019,2026-10-05,7.33,7.1,7.15,557866
equity,INE966H01019,2026-10-06,7.3,7.08,7.22,630543
equity,INE03V001013,2026-09-30,536,489,512.75,465
equity,INE03V001013,2026-10-01,520,487.3,490,483
equity,INE03V001013,2026-10-05,514.5,471.15,488.2,231
equity,INE03V001013,2026-10-06,483.3,467.05,470.25,889
equity,INE0HSD01011,2026-09-30,510,487.25,504.6,13200
equity,INE0HSD01011,2026-10-01,504,460.05,494,10000
equity,INE0HSD01011,2026-10-05,494,481.05,494,3200
equity,INE0HSD01011,2026-10-06,492,482,489.95,5200
equity,INE745B01028,2026-09-30,50.4,48.7,48.76,107547
equity,INE745B01028,2026-10-01,49.89,48,49.22,125316
equity,INE745B01028,2026-10-05,50.5,47.5,48.03,137074
equity,INE745B01028,2026-10-06,48.99,48.01,48.73,130507
equity,INE569C01020,2026-09-30,46.6,44.5,44.9,43434
equity,INE569C01020,2026-10-01,46.09,43.95,44.12,109527
equity,INE569C01020,2026-10-05,45.7,42.3,43.61,123904
equity,INE569C01020,2026-10-06,44.69,42.5,44.14,49791
equity,INE834C01028,2026-09-30,35.8,35.76,35.76,200
equity,INE834C01028,2026-10-01,34,34,34,500
equity,INE834C01028,2026-10-05,34.9,34.01,34.01,500
equity,INE834C01028,2026-10-06,34.01,33.52,33.76,1100
equity,INE587G01015,2026-09-30,315,301,307.2,3614
equity,INE587G01015,2026-10-01,313.45,292.6,298.15,6532
equity,INE587G01015,2026-10-05,310,292.05,306.7,2943
equity,INE587G01015,2026-10-06,308.9,295,305.55,8502
equity,INE14LM01012,2026-09-30,216.9,212,212,26400
equity,INE14LM01012,2026-10-01,215,212,214,5400
equity,INE14LM01012,2026-10-05,223,214.95,219.65,8400
equity,INE14LM01012,2026-10-06,254,219,241.65,25800
equity,INE143A01010,2026-09-30,20.95,19.5,20.32,240885
equity,INE143A01010,2026-10-01,20.99,19.17,19.28,103836
equity,INE143A01010,2026-10-05,19.7,19,19.14,121806
equity,INE143A01010,2026-10-06,19.75,19.14,19.27,64273
equity,INE0XX801016,2026-09-30,287.9,273.25,280.7,20000
equity,INE0XX801016,2026-10-01,287.85,274,282.5,35000
equity,INE0XX801016,2026-10-05,283,275.3,279.45,18000
equity,INE0XX801016,2026-10-06,282.65,275.1,277.65,29000
equity,INE697V01011,2026-09-30,275,270,274,804
equity,INE697V01011,2026-10-01,274,260,260,110
equity,INE697V01011,2026-10-05,264,250.6,254.3,853
equity,INE697V01011,2026-10-06,277.55,260,265.7,1067
equity,INE348N01042,2026-09-30,49,46.82,47.72,19545
equity,INE348N01042,2026-10-01,49.5,46,46.76,42907
equity,INE348N01042,2026-10-05,49.7,46.81,48.29,19026
equity,INE575C01027,2026-09-30,81.09,78.4,80.01,28672
equity,INE575C01027,2026-10-01,80.82,79.9,80.03,43975
equity,INE575C01027,2026-10-05,82.3,80,80.06,34181
equity,INE575C01027,2026-10-06,81.8,80,80.02,19239
equity,INE783X01023,2026-09-30,359.8,335,335.9,4381
equity,INE783X01023,2026-10-01,344.45,325,328.35,1966
equity,INE783X01023,2026-10-05,335.35,320.15,326.35,3357
equity,INE783X01023,2026-10-06,340,317.85,338.5,3982
equity,INE266F01018,2026-09-30,90,87.73,88.26,53672
equity,INE266F01018,2026-10-01,88.97,85.72,87.03,46982
equity,INE266F01018,2026-10-05,88.45,86,86.88,44839
equity,INE266F01018,2026-10-06,89.89,86.1,88.19,76755
equity,INE317D01014,2026-09-30,214.2,197.5,199.3,13592
equity,INE317D01014,2026-10-01,203,194.5,194.6,6864
equity,INE317D01014,2026-10-05,199.35,189,189.35,7098
equity,INE317D01014,2026-10-06,198.7,190.95,192.1,8057
equity,INE577A01027,2026-09-30,127.75,125,126.44,28696
equity,INE577A01027,2026-10-01,126.4,121.9,124.53,36914
equity,INE577A01027,2026-10-02,124.53,124.53,124.53,
equity,INE577A01027,2026-10-05,126.7,123.23,124.03,15447
equity,INE577A01027,2026-10-06,127,124.18,124.82,16146
equity,INE439N01031,2026-09-30,7.28,6.85,7.28,53746
equity,INE439N01031,2026-10-01,7.64,6.92,7.02,83495
equity,INE439N01031,2026-10-05,7.2,6.71,6.79,24069
equity,INE439N01031,2026-10-06,7,6.7,6.8,28330
equity,INE788J01021,2026-09-30,423,400,403.45,45380
equity,INE788J01021,2026-10-01,403.45,373.55,394.05,99182
equity,INE788J01021,2026-10-05,401.95,374.2,375.3,46656
equity,INE788J01021,2026-10-06,389.8,360,386.25,78279
equity,INE809I01019,2026-09-30,52.3,49.84,50.62,23929
equity,INE809I01019,2026-10-01,50.75,48.1,48.78,42008
equity,INE809I01019,2026-10-05,49.3,48,48.23,19962
equity,INE809I01019,2026-10-06,50,47.5,49.12,35560
equity,INE607A01022,2026-09-30,28,26.4,26.64,448253
equity,INE607A01022,2026-10-01,26.96,24.67,25.41,449481
equity,INE607A01022,2026-10-05,26.9,25.55,26.08,414021
equity,INE607A01022,2026-10-06,27.3,26.17,26.97,433740
equity,INE229R01011,2026-09-30,424,416.5,424,21
equity,INE229R01011,2026-10-01,419,400,419,7
equity,INE229R01011,2026-10-05,419,419,419,5
equity,INE834D01018,2026-09-30,269.9,260,269.3,11153
equity,INE834D01018,2026-10-01,278.95,252.55,259.75,8675
equity,INE834D01018,2026-10-05,266,255,257.25,8014
equity,INE834D01018,2026-10-06,264.65,256,258.1,1865
equity,INE034D01049,2026-09-30,38.5,37.6,37.87,40263
equity,INE034D01049,2026-10-01,38.24,37.61,37.87,23708
equity,INE034D01049,2026-10-05,38.5,37.88,38.21,20109
equity,INE034D01049,2026-10-06,38.54,38.1,38.23,49444
equity,INE2B5L01011,2026-09-30,270,266,268.7,37000
equity,INE2B5L01011,2026-10-01,270,258.05,264.8,105000
equity,INE2B5L01011,2026-10-05,276,270.1,275.3,62000
equity,INE2B5L01011,2026-10-06,289.05,277,285.55,76000
equity,INE550C01020,2026-09-30,8.93,8.67,8.77,428412
equity,INE550C01020,2026-10-01,8.89,8.51,8.61,520756
equity,INE550C01020,2026-10-05,9,8.51,8.69,478430
equity,INE550C01020,2026-10-06,8.74,8.52,8.6,582959
equity,INE0TL001013,2026-09-30,432.5,410,422.05,31500
equity,INE0TL001013,2026-10-01,443.15,420,443,51750
equity,INE0TL001013,2026-10-05,453,444,452,13500
equity,INE0TL001013,2026-10-06,450,429.4,430.2,24000
equity,INE923A01015,2026-09-30,444.9,431,431.45,1394
equity,INE923A01015,2026-10-01,439.7,411,424.55,1793
equity,INE923A01015,2026-10-05,451,418.8,445.75,3970
equity,INE923A01015,2026-10-06,463,450,459.4,1855
equity,INE0KNW01016,2026-09-30,204.9,192,198.13,3274
equity,INE0KNW01016,2026-10-01,201,195.07,200.5,3523
equity,INE0KNW01016,2026-10-05,210,198,198.83,3725
equity,INE0KNW01016,2026-10-06,209.1,201.7,205,4087
equity,INE0U6201010,2026-09-30,236,220.25,222.5,36800
equity,INE0U6201010,2026-10-01,225,212,219.75,81600
equity,INE0U6201010,2026-10-05,225,217.1,219.35,11200
equity,INE0U6201010,2026-10-06,239,228,237.05,62400
equity,INE924D01017,2026-09-30,94.74,91.25,93.45,3646
equity,INE924D01017,2026-10-01,94.8,90,90.33,3064
equity,INE924D01017,2026-10-02,90.33,90.33,90.33,
equity,INE924D01017,2026-10-05,93.96,89.51,90.1,8379
equity,INE924D01017,2026-10-06,92.65,90.25,90.81,1290
equity,INE450E01029,2026-09-30,158.62,155.05,156.42,5663
equity,INE450E01029,2026-10-01,158.09,150.3,150.93,15465
equity,INE450E01029,2026-10-05,155.89,149.08,150.98,6500
equity,INE450E01029,2026-10-06,154.13,146,147.84,9695
equity,INE142A01012,2026-09-30,34.97,33.7,33.95,89147
equity,INE142A01012,2026-10-01,34.96,32.7,33.11,17403
equity,INE142A01012,2026-10-05,33.7,32.7,32.98,38253
equity,INE142A01012,2026-10-06,34.86,32,32.85,73055
equity,INE220Q01020,2026-09-30,74,68.75,72.31,123298
equity,INE220Q01020,2026-10-01,72.18,69.5,70.24,60635
equity,INE220Q01020,2026-10-05,70.76,69.2,69.7,42543
equity,INE220Q01020,2026-10-06,70.5,69,69.61,58814
equity,INE0P0001010,2026-09-30,237.35,225,227.3,23750
equity,INE0P0001010,2026-10-01,234,224,226.7,21750
equity,INE0P0001010,2026-10-05,227.5,223,223.45,6750
equity,INE1OOT01028,2026-09-30,197.65,197.65,197.65,32400
equity,INE1OOT01028,2026-10-01,207.45,191.05,203.45,102000
equity,INE1OOT01028,2026-10-05,211.95,200,201,45600
equity,INE1OOT01028,2026-10-06,196,190.95,191.5,56400
equity,INE872E01016,2026-09-30,720,680,711.25,4888
equity,INE872E01016,2026-10-01,709.1,678.15,690.65,4430
equity,INE872E01016,2026-10-05,700,658,693.4,2209
equity,INE872E01016,2026-10-06,700,673,688.25,7019
equity,INE155C01010,2026-09-30,894.4,870.05,872.25,6427
equity,INE155C01010,2026-10-01,885,851,856.7,11319
equity,INE155C01010,2026-10-05,868.4,831.6,836.45,2685
equity,INE155C01010,2026-10-06,847.95,823.3,839.1,2820
equity,INE566M01017,2026-09-30,88.1,80.01,84.6,77601
equity,INE566M01017,2026-10-01,88.89,84.98,85.95,233540
equity,INE566M01017,2026-10-02,85.95,85.95,85.95,
equity,INE566M01017,2026-10-05,88.87,80,83.05,143982
equity,INE566M01017,2026-10-06,83.8,80.02,80.94,41546
equity,INE1E1V01017,2026-09-30,262.9,260,262,661600
equity,INE1E1V01017,2026-10-01,265.1,262,262,8400
equity,INE1E1V01017,2026-10-05,262,262,262,400
equity,INE1E1V01017,2026-10-06,262,262,262,400
equity,INE145Y01023,2026-09-30,13.98,13.17,13.23,329055
equity,INE145Y01023,2026-10-01,13.28,12.66,12.86,335207
equity,INE145Y01023,2026-10-05,12.87,12.22,12.22,509610
equity,INE145Y01023,2026-10-06,12.38,11.83,12.09,372610
equity,INE265F01028,2026-09-30,96.99,95.05,95.59,12291
equity,INE265F01028,2026-10-01,97.89,92.55,93.36,21152
equity,INE265F01028,2026-10-02,93.36,93.36,93.36,
equity,INE265F01028,2026-10-05,94,91.1,91.69,20891
equity,INE265F01028,2026-10-06,94.3,91.6,92.24,4896
equity,INE882B01037,2026-09-30,21.8,19.62,20.77,401735
equity,INE882B01037,2026-10-01,20.88,19.75,20.03,262064
equity,INE882B01037,2026-10-05,20.68,19.5,19.85,271250
equity,INE882B01037,2026-10-06,20.25,19.6,19.72,350892
equity,INE083C01022,2026-09-30,207,199.23,200.29,39036
equity,INE083C01022,2026-10-01,204,191.06,193.62,37312
equity,INE083C01022,2026-10-05,203.45,195,197.79,39678
equity,INE083C01022,2026-10-06,205,200,202.4,54146
equity,INE0ZK601013,2026-09-30,104,97,98.17,132729
equity,INE0ZK601013,2026-10-01,102,93,94.25,165688
equity,INE0ZK601013,2026-10-05,95,92.33,93.68,293230
equity,INE0ZK601013,2026-10-06,94.29,92,92.86,44966
equity,INE14VP01014,2026-09-30,195,184.1,184.55,36000
equity,INE14VP01014,2026-10-01,184.05,179,183.65,47200
equity,INE14VP01014,2026-10-05,187.1,181.05,181.5,31200
equity,INE14VP01014,2026-10-06,184,180,181.95,171200
equity,INE589N01017,2026-09-30,73.44,70.56,70.56,314
equity,INE589N01017,2026-10-01,71.97,71.97,71.97,55
equity,INE589N01017,2026-10-05,73.4,70.54,70.54,1824
equity,INE589N01017,2026-10-06,70.89,69.13,70.1,1105
equity,INE0GYI01028,2026-09-30,615.9,600,609.4,17200
equity,INE0GYI01028,2026-10-01,613,580,610.5,14400
equity,INE0GYI01028,2026-10-05,620,585,603.4,11600
equity,INE0GYI01028,2026-10-06,633.55,600.05,633.55,14400
equity,INE942G01012,2026-09-30,45.73,44.5,44.74,624727
equity,INE942G01012,2026-10-01,44.95,42.51,42.51,306748
equity,INE942G01012,2026-10-05,42.99,41.2,41.58,120678
equity,INE942G01012,2026-10-06,43.65,41.52,42.6,206559
equity,INE0F3301020,2026-09-30,325,307.55,310.1,43000
equity,INE0F3301020,2026-10-01,318.95,307.6,311.5,25250
equity,INE0F3301020,2026-10-05,318.5,311.5,314.85,12250
equity,INE545L01039,2026-09-30,224.9,215.19,220.73,132906
equity,INE545L01039,2026-10-01,224.4,216.2,218.97,98616
equity,INE545L01039,2026-10-05,223.5,215.85,221.1,128353
equity,INE545L01039,2026-10-06,238,221.41,231.9,212132
equity,INE369I01014,2026-09-30,38.59,35,38.57,14299
equity,INE369I01014,2026-10-01,39.55,38,38.59,13193
equity,INE369I01014,2026-10-05,40.05,38.5,39.78,11636
equity,INE369I01014,2026-10-06,40.05,39,39.54,142150
equity,INE00S901012,2026-09-30,11.64,11.11,11.19,471707
equity,INE00S901012,2026-10-01,11.34,10.85,11.22,559126
equity,INE00S901012,2026-10-02,11.22,11.22,11.22,
equity,INE00S901012,2026-10-05,11.48,10.81,11,433053
equity,INE00S901012,2026-10-06,11.46,10.86,11.17,669539
equity,INE300A01016,2026-09-30,229.45,224,225.1,5914
equity,INE300A01016,2026-10-01,227.45,216.5,218.1,7974
equity,INE300A01016,2026-10-05,222.2,218,221.8,1922
equity,INE300A01016,2026-10-06,238.95,220,232.7,6743
equity,INE807K01035,2026-09-30,148.73,143.52,148.08,17383
equity,INE807K01035,2026-10-01,148.08,142.05,143.57,32819
equity,INE807K01035,2026-10-02,143.57,143.57,143.57,
equity,INE807K01035,2026-10-05,147.5,139.1,140.5,23644
equity,INE807K01035,2026-10-06,146,137.01,145.16,25808
equity,INE965W01036,2026-09-30,51.89,51.12,51.5,27684
equity,INE965W01036,2026-10-01,51.75,50.51,50.83,49440
equity,INE965W01036,2026-10-05,51.89,49.55,50.02,80304
equity,INE965W01036,2026-10-06,50.95,49.67,50.37,53077
equity,INE668D01028,2026-09-30,82.64,80.71,81.4,4484
equity,INE668D01028,2026-10-01,81.88,79.6,80.29,11952
equity,INE668D01028,2026-10-02,80.29,80.29,80.29,
equity,INE668D01028,2026-10-05,82.3,80.01,80.22,8934
equity,INE668D01028,2026-10-06,81.48,80.25,80.39,4046
equity,INE0A0S01028,2026-09-30,45.83,43.55,44.25,48186
equity,INE0A0S01028,2026-10-01,46.5,44.51,44.91,119958
equity,INE0A0S01028,2026-10-05,46.15,43.31,43.83,100749
equity,INE0A0S01028,2026-10-06,45.6,43.55,45.24,88715
equity,INE0OJ401014,2026-09-30,125.39,114.6,123.16,80400
equity,INE0OJ401014,2026-10-01,128,118,124.7,66000
equity,INE0OJ401014,2026-10-05,128.95,122.1,127,58800
equity,INE0OJ401014,2026-10-06,124,120.75,122.1,24000
equity,INE320I01017,2026-09-30,159,146.15,148.08,41533
equity,INE320I01017,2026-10-01,151.3,143,148.85,18240
equity,INE320I01017,2026-10-05,157.65,140.44,143.02,13100
equity,INE320I01017,2026-10-06,149.39,141.52,145.58,14504
equity,INE551B01012,2026-09-30,177.9,165.19,166.94,13109
equity,INE551B01012,2026-10-01,169.19,155.2,159.06,25228
equity,INE551B01012,2026-10-05,166,155.9,160.27,11218
equity,INE551B01012,2026-10-06,167.36,159.6,160.33,17571
equity,INE0NQ801033,2026-09-30,92.87,87.51,90.09,20350
equity,INE0NQ801033,2026-10-01,90.09,86.02,86.46,28240
equity,INE0NQ801033,2026-10-05,89.5,85.23,86.07,15497
equity,INE0NQ801033,2026-10-06,89.48,86.45,87.87,7595
equity,INE337M01021,2026-09-30,33.52,32.39,33.52,452135
equity,INE337M01021,2026-10-01,35.19,34,35.19,1541578
equity,INE337M01021,2026-10-05,36.94,35.42,36.94,957718
equity,INE337M01021,2026-10-06,38.78,37.09,38.78,552471
equity,INE050401020,2026-09-30,88.38,86.02,86.3,57220
equity,INE050401020,2026-10-01,86.9,78.31,79.73,424406
equity,INE050401020,2026-10-02,79.73,79.73,79.73,
equity,INE050401020,2026-10-05,81.22,78,78.97,183116
equity,INE050401020,2026-10-06,80.7,78.1,78.84,120244
equity,INE0SMW01011,2026-09-30,299.5,288.3,298,19200
equity,INE0SMW01011,2026-10-01,312,292,302.95,25200
equity,INE0SMW01011,2026-10-05,303.9,290.05,301.95,55200
equity,INE0SMW01011,2026-10-06,305.5,298.9,302.1,8400
equity,INE638A01035,2026-09-30,78.2,75.2,77.31,76015
equity,INE638A01035,2026-10-01,78,73.9,74.66,79656
equity,INE638A01035,2026-10-05,77.07,74.05,74.6,56846
equity,INE638A01035,2026-10-06,76.4,73.51,74.93,73914
equity,INE836F01026,2026-09-30,2.19,2.05,2.06,4887725
equity,INE836F01026,2026-10-01,2.16,2.05,2.15,2717434
equity,INE836F01026,2026-10-05,2.2,2.07,2.1,2049102
equity,INE836F01026,2026-10-06,2.14,2.1,2.12,892250
equity,INE555C01029,2026-09-30,14.5,13,13.76,694858
equity,INE555C01029,2026-10-01,13.94,12.8,13.34,296434
equity,INE555C01029,2026-10-05,13.3,12.45,12.7,216275
equity,INE555C01029,2026-10-06,14.7,12.6,13.19,118475
equity,INE01EE01011,2026-09-30,233.3,225.62,228.67,627
equity,INE01EE01011,2026-10-01,233.5,227.46,229.49,2533
equity,INE01EE01011,2026-10-05,237.73,225.3,234.94,5929
equity,INE01EE01011,2026-10-06,241.94,230.02,233.12,5089
equity,INE573K01025,2026-09-30,16.29,16,16.14,107116
equity,INE573K01025,2026-10-01,16.29,15.6,15.9,172107
equity,INE573K01025,2026-10-05,16.1,15.37,15.46,122974
equity,INE573K01025,2026-10-06,15.9,15.41,15.54,108221
equity,INE0APB01032,2026-09-30,16.19,15.61,15.89,235063
equity,INE0APB01032,2026-10-01,16.5,15.18,15.34,442161
equity,INE0APB01032,2026-10-05,15.99,15.43,15.79,178288
equity,INE0APB01032,2026-10-06,16.08,15.41,15.78,578303
equity,INE142E01022,2026-09-30,104.75,98.25,99.1,3378
equity,INE142E01022,2026-10-01,104,99,100.6,7829
equity,INE142E01022,2026-10-05,101,96.05,96.76,9176
equity,INE142E01022,2026-10-06,97.8,89,94.89,6540
equity,INE278B01020,2026-09-30,31.48,30.01,30.27,6718
equity,INE278B01020,2026-10-01,30.5,29.12,29.38,15982
equity,INE278B01020,2026-10-05,30.29,29.07,29.36,7460
equity,INE278B01020,2026-10-06,29.75,28.4,28.88,20075
equity,INE037B01020,2026-09-30,57.8,55,56.98,25684
equity,INE037B01020,2026-10-01,58.22,57.03,57.98,68518
equity,INE037B01020,2026-10-05,58.6,57,58.11,38922
equity,INE037B01020,2026-10-06,58.9,57.5,58.25,26778
equity,INE09EO01013,2026-09-30,504.05,485,493.2,10560
equity,INE09EO01013,2026-10-01,506.85,485,498.5,8753
equity,INE09EO01013,2026-10-05,505,492,493,4398
equity,INE09EO01013,2026-10-06,509.9,488,505.45,7452
equity,INE748C01038,2026-09-30,23.6,22.4,22.52,173804
equity,INE748C01038,2026-10-01,22.91,22.12,22.45,285733
equity,INE748C01038,2026-10-05,22.9,22.16,22.62,297520
equity,INE748C01038,2026-10-06,23.1,22.51,22.81,64288
equity,INE655I01032,2026-09-30,13.98,13.2,13.33,45842
equity,INE655I01032,2026-10-01,13.99,13.16,13.99,36060
equity,INE655I01032,2026-10-05,14.68,14.68,14.68,23923
equity,INE655I01032,2026-10-06,15.41,15.41,15.41,48627
equity,INE755Q01025,2026-09-30,18.45,17.52,17.66,15318
equity,INE755Q01025,2026-10-01,17.95,17.2,17.38,47525
equity,INE755Q01025,2026-10-05,18.18,17,17.31,28517
equity,INE755Q01025,2026-10-06,18.4,17.1,17.5,334322
equity,INE359U01028,2026-09-30,11.79,11.31,11.45,136799
equity,INE359U01028,2026-10-01,11.69,11,11.05,244904
equity,INE359U01028,2026-10-05,11.34,11.05,11.15,101261
equity,INE359U01028,2026-10-06,11.49,11.16,11.28,184522
equity,INE826C01016,2026-09-30,333.75,324.25,330,12761
equity,INE826C01016,2026-10-01,333.95,320,324.85,12118
equity,INE826C01016,2026-10-05,346.05,314.1,340.45,10139
equity,INE826C01016,2026-10-06,349.5,336.55,346.7,12346
equity,INE05J901018,2026-09-30,59.1,56.15,56.8,95296
equity,INE05J901018,2026-10-01,57.25,51.72,54.62,234071
equity,INE05J901018,2026-10-05,55.93,53,53.4,64015
equity,INE05J901018,2026-10-06,58,52.6,57.36,412022
equity,INE00ST01011,2026-09-30,194.9,183.8,192.35,34000
equity,INE00ST01011,2026-10-01,191,185.6,185.6,18000
equity,INE00ST01011,2026-10-05,190,184,190,7000
equity,INE00ST01011,2026-10-06,188.95,183.05,186.65,8000
equity,INE0GAO01018,2026-09-30,384.75,378.6,379.95,4200
equity,INE0GAO01018,2026-10-01,382.95,376,377.05,4800
equity,INE0GAO01018,2026-10-05,381.9,378,380.55,10600
equity,INE0GAO01018,2026-10-06,401.85,375,400,15800
equity,INE461B01014,2026-09-30,327.95,311,318.6,25861
equity,INE461B01014,2026-10-01,322.7,296.2,303.9,24042
equity,INE461B01014,2026-10-05,309.9,291.1,294.25,14475
equity,INE461B01014,2026-10-06,310.95,290.45,296.35,18005
equity,INE100D01014,2026-09-30,56.55,53.98,54.04,43225
equity,INE100D01014,2026-10-01,55.59,52.8,53.2,39222
equity,INE100D01014,2026-10-05,54.19,50.1,50.66,54043
equity,INE100D01014,2026-10-06,52.8,51,51.79,41522
equity,INE208H01016,2026-09-30,402,373.95,382.95,8993
equity,INE208H01016,2026-10-01,392,307.35,363.85,8421
equity,INE208H01016,2026-10-05,398.35,366,377.05,7015
equity,INE208H01016,2026-10-06,394.95,370,388.3,5970
equity,INE961D01019,2026-09-30,236,220.5,222.06,43999
equity,INE961D01019,2026-10-01,257.8,211.2,239.65,130454
equity,INE961D01019,2026-10-05,242.9,227.61,229.93,36657
equity,INE961D01019,2026-10-06,237.14,225,226.13,34102
equity,INE08PH01015,2026-09-30,204.5,192.7,196.49,2630
equity,INE08PH01015,2026-10-01,200.9,181.73,189.91,8222
equity,INE08PH01015,2026-10-05,198,192.14,195.98,2569
equity,INE08PH01015,2026-10-06,197.5,192.25,193.34,2483
equity,INE199C01026,2026-09-30,48.98,47.2,48.01,10655
equity,INE199C01026,2026-10-01,48.44,46.88,46.98,33487
equity,INE199C01026,2026-10-05,47.73,47,47.26,14687
equity,INE199C01026,2026-10-06,48.5,47.01,47.51,31122
equity,INE777G01012,2026-09-30,271,258,258.05,1566
equity,INE777G01012,2026-10-01,268,251.55,257.25,227
equity,INE777G01012,2026-10-05,264.8,249,250.95,1276
equity,INE777G01012,2026-10-06,260,250,258.8,1669
equity,INE354A01013,2026-09-30,944,911.2,914.6,2329
equity,INE354A01013,2026-10-01,944.8,910,915.25,3262
equity,INE354A01013,2026-10-02,915.25,915.25,915.25,
equity,INE354A01013,2026-10-05,934,897.25,900.4,1262
equity,INE354A01013,2026-10-06,920.85,893.05,905.55,1456
equity,INE926R01012,2026-09-30,105.95,102.95,102.95,1789
equity,INE926R01012,2026-10-01,103,102.85,102.85,1959
equity,INE926R01012,2026-10-05,105,102,102.8,6581
equity,INE926R01012,2026-10-06,103,101.3,101.8,3237
equity,INE377D01026,2026-09-30,4.24,3.95,4.18,7261099
equity,INE377D01026,2026-10-01,4.32,4.11,4.24,7122032
equity,INE377D01026,2026-10-05,4.35,4.03,4.17,5122676
equity,INE377D01026,2026-10-06,4.18,3.97,3.97,6842064
equity,INE537F01012,2026-09-30,348,333,336,2947
equity,INE537F01012,2026-10-01,340.05,315.1,324.45,6136
equity,INE537F01012,2026-10-05,328.8,324,325.05,3235
equity,INE537F01012,2026-10-06,334.95,315,317.5,8478
equity,INE0AE001013,2026-09-30,29.82,28.55,29.62,376950
equity,INE0AE001013,2026-10-01,29.68,27.93,28.39,507617
equity,INE0AE001013,2026-10-05,29.17,28.45,28.78,346485
equity,INE0AE001013,2026-10-06,29.47,27.36,28.77,351908
equity,INE12Z301012,2026-09-30,278.9,263,265.1,39600
equity,INE12Z301012,2026-10-01,271,255.5,258.95,38400
equity,INE12Z301012,2026-10-05,267,256,257.95,17400
equity,INE12Z301012,2026-10-06,262,252.5,258.65,21000
equity,INE0PUC01020,2026-09-30,107,92.95,101.85,329000
equity,INE0PUC01020,2026-10-01,102,95,96.85,75000
equity,INE0PUC01020,2026-10-05,105,94.1,97.7,86500
equity,INE0PMR01017,2026-09-30,428.75,420.05,427.45,13600
equity,INE0PMR01017,2026-10-01,424,415.05,415.5,8000
equity,INE0PMR01017,2026-10-05,441,416.05,431.4,13600
equity,INE103001017,2026-09-30,50.2,47.85,48.22,585399
equity,INE103001017,2026-10-01,48.9,46.62,47.09,610098
equity,INE103001017,2026-10-05,48,45,45.12,361049
equity,INE103001017,2026-10-06,45.5,43.22,44.33,661138
equity,INE757T01025,2026-09-30,15.58,14.26,15.18,17337
equity,INE757T01025,2026-10-01,15.57,14.32,15.34,33854
equity,INE757T01025,2026-10-05,15.95,14.87,15.01,9208
equity,INE757T01025,2026-10-06,15.9,15.02,15.2,27213
equity,INE788D01016,2026-09-30,307.9,300.1,306.35,24734
equity,INE788D01016,2026-10-01,319.5,307.85,317.55,51985
equity,INE788D01016,2026-10-05,332.35,301.7,314.1,65369
equity,INE788D01016,2026-10-06,312.9,298.55,302.8,26878
equity,INE855R01021,2026-09-30,36.01,35.2,35.41,62571
equity,INE855R01021,2026-10-01,36,35.15,35.89,87383
equity,INE855R01021,2026-10-05,35.98,34.7,34.92,108260
equity,INE855R01021,2026-10-06,35.49,34.42,34.82,86519
equity,INE0MM001019,2026-09-30,204,196.2,198,136000
equity,INE0MM001019,2026-10-01,199.9,189.95,190,44000
equity,INE0MM001019,2026-10-05,198,187,187,32000
equity,INE0QQJ01021,2026-09-30,319,315,315,14000
equity,INE0QQJ01021,2026-10-01,317,299.25,305,19000
equity,INE0QQJ01021,2026-10-05,300,289.75,294,27000
equity,INE0QQJ01021,2026-10-06,298,288,297.85,14000
equity,INE550F01049,2026-09-30,19.29,18.51,18.65,146563
equity,INE550F01049,2026-10-01,18.58,17.81,17.94,207228
equity,INE550F01049,2026-10-02,17.94,17.94,17.94,
equity,INE550F01049,2026-10-05,18.59,17.6,17.75,617372
equity,INE550F01049,2026-10-06,18.3,17.57,18,2456480
equity,INE1I1301016,2026-09-30,405.05,385.65,391,21600
equity,INE1I1301016,2026-10-01,387.9,371.45,371.45,30000
equity,INE1I1301016,2026-10-05,382.45,354.2,358.4,39000
equity,INE1I1301016,2026-10-06,376.3,350,376.3,30600
equity,INE184D01026,2026-09-30,59.1,58.9,58.99,4792
equity,INE184D01026,2026-10-01,59.2,59,59.2,1123
equity,INE184D01026,2026-10-05,59.3,59.1,59.29,16918
equity,INE184D01026,2026-10-06,59.4,59.3,59.4,1305
equity,INE019B01010,2026-09-30,433,400,416.5,23748
equity,INE019B01010,2026-10-01,417,401,415.15,4688
equity,INE019B01010,2026-10-05,420.5,404,411.3,2746
equity,INE019B01010,2026-10-06,424,407.5,411.4,8088
equity,INE228I01012,2026-09-30,394.95,379,389.15,10809
equity,INE228I01012,2026-10-01,387,369.7,371.25,9671
equity,INE228I01012,2026-10-05,380.3,363.1,366.2,7116
equity,INE228I01012,2026-10-06,370.5,366,369.95,4716
equity,INE320X01016,2026-09-30,1529,1500.4,1501.4,776
equity,INE320X01016,2026-10-01,1500,1450,1490,885
equity,INE320X01016,2026-10-05,1549.5,1490.6,1549.2,2311
equity,INE320X01016,2026-10-06,1596.9,1560,1587.8,782
equity,INE0OCC01013,2026-09-30,178,165.1,171.65,13800
equity,INE0OCC01013,2026-10-01,180,165.5,178.45,58200
equity,INE0OCC01013,2026-10-05,185,176.55,182.95,20400
equity,INE0S6S01017,2026-09-30,911.1,911.1,911.1,1125
equity,INE0S6S01017,2026-10-01,929.2,913,915,3750
equity,INE0S6S01017,2026-10-05,923.05,913.9,923.05,1875
equity,INE049I01012,2026-09-30,248.6,231,244.9,3816
equity,INE049I01012,2026-10-01,245.5,236.85,237.31,5098
equity,INE049I01012,2026-10-05,238.03,230,233.82,2513
equity,INE049I01012,2026-10-06,239.7,230,234.66,1700
equity,INE445D01013,2026-09-30,1293.3,1203.5,1219.5,10843
equity,INE445D01013,2026-10-01,1295.3,1211.1,1243.2,6776
equity,INE445D01013,2026-10-02,1243.2,1243.2,1243.2,
equity,INE445D01013,2026-10-05,1297,1212.6,1226,4135
equity,INE445D01013,2026-10-06,1268.4,1228,1238,5834
equity,INE035S01028,2026-09-30,144.86,136.15,137.42,35690
equity,INE035S01028,2026-10-01,143.68,136,136.45,36731
equity,INE035S01028,2026-10-05,141.95,136,136.27,26509
equity,INE035S01028,2026-10-06,141,132.15,133.71,35229
equity,INE809A01032,2026-09-30,122.41,119.5,120.09,14729
equity,INE809A01032,2026-10-01,128,118.02,120.05,41090
equity,INE809A01032,2026-10-05,123.43,118.75,119.07,9567
equity,INE809A01032,2026-10-06,123.34,117.52,117.99,73107
equity,INE432F01032,2026-09-30,17.86,16.82,16.97,41803
equity,INE432F01032,2026-10-01,17.19,16.7,16.89,26253
equity,INE432F01032,2026-10-05,17.7,16.88,16.91,10108
equity,INE432F01032,2026-10-06,17.5,16.88,17.01,13725
equity,INE044N01021,2026-09-30,290,282.4,290,356
equity,INE044N01021,2026-10-01,296,290,290,520
equity,INE044N01021,2026-10-05,290,275.5,275.5,886
equity,INE044N01021,2026-10-06,289.25,289.25,289.25,54
equity,INE15EH01014,2026-09-30,326.8,297.8,301.6,517501
equity,INE15EH01014,2026-10-01,298.9,280.25,290.45,271376
equity,INE15EH01014,2026-10-02,290.45,290.45,290.45,
equity,INE15EH01014,2026-10-05,315.9,287.05,291.2,508895
equity,INE15EH01014,2026-10-06,314,291.3,311.85,703960
equity,INE379J01029,2026-09-30,151.15,148.2,151.15,1381
equity,INE379J01029,2026-10-01,154.15,148.15,148.15,3299
equity,INE379J01029,2026-10-05,149,145.2,145.2,2029
equity,INE379J01029,2026-10-06,146.85,142.3,144.55,5172
equity,INE798K01010,2026-09-30,73.89,68.9,69.81,60590
equity,INE798K01010,2026-10-01,71.01,66.32,66.53,44496
equity,INE798K01010,2026-10-05,69.85,66.55,69.26,18547
equity,INE798K01010,2026-10-06,72.72,70.11,72.61,9501
equity,INE0V0L01028,2026-09-30,254.05,242.3,245.35,25800
equity,INE0V0L01028,2026-10-01,244.85,238,244.2,5400
equity,INE0V0L01028,2026-10-05,245.95,243.1,243.1,4200
equity,INE0V0L01028,2026-10-06,253.6,246,253,7800
equity,INE244A01016,2026-09-30,756,718.6,736.5,10095
equity,INE244A01016,2026-10-01,745.1,711,723.9,11453
equity,INE244A01016,2026-10-02,723.9,723.9,723.9,
equity,INE244A01016,2026-10-05,789.1,716,731.65,5451
equity,INE244A01016,2026-10-06,747,723.05,729.1,5581
equity,INE531R01010,2026-09-30,251,248,249,6000
equity,INE531R01010,2026-10-01,250.75,242,243.6,12800
equity,INE531R01010,2026-10-05,254.4,239,248.5,22400
equity,INE280H01015,2026-09-30,356.95,341,346.75,7745
equity,INE280H01015,2026-10-01,360,340.7,355.65,11323
equity,INE280H01015,2026-10-05,369.85,348.35,361.4,10662
equity,INE280H01015,2026-10-06,367.9,350,354.05,8186
equity,INE0Q1R01012,2026-09-30,610.5,582,590,10400
equity,INE0Q1R01012,2026-10-01,607,560.5,579,15600
equity,INE0Q1R01012,2026-10-05,585,575,575,7600
equity,INE0Q1R01012,2026-10-06,575,546.25,546.25,14400
equity,INE2KRP01017,2026-09-30,335.55,321,335.55,31200
equity,INE2KRP01017,2026-10-01,348,321.5,337.5,48000
equity,INE2KRP01017,2026-10-05,354.35,339,354.35,51600
equity,INE2KRP01017,2026-10-06,372.05,365.2,372.05,69600
equity,INE593W01028,2026-09-30,58.3,56.26,56.52,17513
equity,INE593W01028,2026-10-01,57.97,53.7,54.3,84536
equity,INE593W01028,2026-10-05,56.89,54.7,54.8,52696
equity,INE593W01028,2026-10-06,57,55.02,55.95,16468
equity,INE985A01022,2026-09-30,79.65,76.51,78.63,7388
equity,INE985A01022,2026-10-01,80.5,76.55,76.71,16873
equity,INE985A01022,2026-10-05,78.95,75.12,75.87,24830
equity,INE985A01022,2026-10-06,77.97,74.79,75.93,25792
equity,INE771A01026,2026-09-30,28.48,27.9,27.94,82196
equity,INE771A01026,2026-10-01,28.36,27.5,27.65,57360
equity,INE771A01026,2026-10-05,28.42,27.63,27.83,48425
equity,INE771A01026,2026-10-06,28.34,27.36,27.72,74096
equity,INE102A01024,2026-09-30,6.55,6.25,6.41,124451
equity,INE102A01024,2026-10-01,6.45,6.12,6.31,154005
equity,INE102A01024,2026-10-05,6.5,6.05,6.21,195354
equity,INE102A01024,2026-10-06,6.33,6.05,6.13,199838
equity,INE177C01022,2026-09-30,86.9,82.58,82.95,26225
equity,INE177C01022,2026-10-01,84,79.24,82.35,25936
equity,INE177C01022,2026-10-05,90.61,81.5,89.78,106409
equity,INE177C01022,2026-10-06,99.32,89.75,96.16,258904
equity,INE250B01029,2026-09-30,222,215,219.03,3507
equity,INE250B01029,2026-10-01,220.8,213,214.23,3116
equity,INE250B01029,2026-10-05,220,214,214.15,2875
equity,INE250B01029,2026-10-06,217.78,211,212.77,10361
equity,INE020J01029,2026-09-30,39.8,39.06,39.42,142762
equity,INE020J01029,2026-10-01,39.89,38.04,38.66,210753
equity,INE020J01029,2026-10-05,39.7,37.5,37.81,221939
equity,INE020J01029,2026-10-06,38.9,37.9,38.78,172434
equity,INE547B01028,2026-09-30,30.29,28.8,29.19,29401
equity,INE547B01028,2026-10-01,29.6,28.11,28.69,19992
equity,INE547B01028,2026-10-02,28.69,28.69,28.69,
equity,INE547B01028,2026-10-05,29.4,28,28.09,21393
equity,INE547B01028,2026-10-06,28.98,26.91,27.61,48860
equity,INE784W01015,2026-09-30,244.9,234.17,240.66,491051
equity,INE784W01015,2026-10-01,245.43,235.3,240.08,323589
equity,INE784W01015,2026-10-05,245,233,237.09,248015
equity,INE784W01015,2026-10-06,242.65,235.65,240.14,174673
equity,INE219M01021,2026-09-30,40.42,38.37,39,39888
equity,INE219M01021,2026-10-01,39,37.5,38.28,47517
equity,INE219M01021,2026-10-05,39.2,37.5,38.42,25533
equity,INE219M01021,2026-10-06,39.1,36.95,37.99,22973
equity,INE976E01023,2026-09-30,52.32,50.4,50.92,48116
equity,INE976E01023,2026-10-01,51.95,48.6,49.39,98285
equity,INE976E01023,2026-10-05,50.87,49.39,49.68,35389
equity,INE976E01023,2026-10-06,51.64,49.5,50.78,110532
equity,INE658D01029,2026-09-30,138,133.05,133.95,70062
equity,INE658D01029,2026-10-01,135.95,124,129.2,230731
equity,INE658D01029,2026-10-05,138,131.9,135.45,199025
equity,INE658D01029,2026-10-06,140.8,136.5,138.9,143826
equity,INE846D01012,2026-09-30,144.7,137.15,138.54,11305
equity,INE846D01012,2026-10-01,143,134.25,138.81,7956
equity,INE846D01012,2026-10-05,141.9,136,137.66,11752
equity,INE846D01012,2026-10-06,145.25,137.35,139.21,36834
equity,INE353A01023,2026-09-30,125.87,121.21,123.95,11631
equity,INE353A01023,2026-10-01,126.93,120.12,125.24,8923
equity,INE353A01023,2026-10-05,126.7,122.27,123.17,5077
equity,INE353A01023,2026-10-06,124.49,120.74,122.91,5903
equity,INE277E01026,2026-09-30,52,51.96,51.96,217
equity,INE277E01026,2026-10-01,51.71,50.93,50.94,88
equity,INE277E01026,2026-10-05,51.44,50.94,51,336
equity,INE277E01026,2026-10-06,52.02,51,52.02,242
equity,INE370D01013,2026-09-30,456.4,445.35,452.25,6490
equity,INE370D01013,2026-10-01,456.9,429.65,436.8,5487
equity,INE370D01013,2026-10-05,449.95,424,432.3,2059
equity,INE370D01013,2026-10-06,444.85,426.1,436.1,7004
equity,INE0LR101013,2026-09-30,818,739.95,816.35,10000
equity,INE0LR101013,2026-10-01,816.35,751,758.55,17600
equity,INE0LR101013,2026-10-05,769,745,758.2,7200
equity,INE0U9D01019,2026-09-30,184.9,180.75,184.75,9600
equity,INE0U9D01019,2026-10-01,184,175.15,176.1,12000
equity,INE0U9D01019,2026-10-05,183,177.55,178,12000
equity,INE0U9D01019,2026-10-06,178,175,175.05,6000
equity,INE341Z01025,2026-09-30,40.5,38.31,38.73,60231
equity,INE341Z01025,2026-10-01,39.39,36.15,36.81,99627
equity,INE341Z01025,2026-10-05,40.2,37,38.19,143432
equity,INE341Z01025,2026-10-06,39.95,37.21,39.27,128793
equity,INE510U01018,2026-09-30,257.95,252,252,19200
equity,INE510U01018,2026-10-01,265,248,255,23200
equity,INE510U01018,2026-10-05,265,255,255.95,24000
equity,INE510U01018,2026-10-06,261,255,256.1,13600
equity,INE05ST01028,2026-09-30,23.89,22.3,22.84,49077
equity,INE05ST01028,2026-10-01,23.3,22.51,22.75,32857
equity,INE05ST01028,2026-10-05,23.93,22.56,23.11,35623
equity,INE05ST01028,2026-10-06,23.88,22.56,22.78,45230
equity,INE324X01026,2026-09-30,3.56,3.45,3.49,1207657
equity,INE324X01026,2026-10-01,3.69,3.41,3.44,1535950
equity,INE324X01026,2026-10-02,3.44,3.44,3.44,
equity,INE324X01026,2026-10-05,3.5,3.41,3.46,1300127
equity,INE324X01026,2026-10-06,3.6,3.47,3.58,1020139
equity,INE015D01022,2026-09-30,62.7,59.11,59.99,43003
equity,INE015D01022,2026-10-01,60.75,58.22,59.56,30068
equity,INE015D01022,2026-10-05,60.68,57.4,57.99,44933
equity,INE015D01022,2026-10-06,59.79,57.57,59.05,50235
equity,INE296Q01012,2026-09-30,53.39,50.1,52.28,31574
equity,INE296Q01012,2026-10-01,54.89,52.8,54,44265
equity,INE296Q01012,2026-10-05,56,51.3,54.76,29652
equity,INE296Q01012,2026-10-06,53.9,52.03,53.48,24999
equity,INE0O4601016,2026-09-30,402.95,400,401.5,2340
equity,INE0O4601016,2026-10-01,400.05,390,400,8280
equity,INE0O4601016,2026-10-05,440,396,429.7,28620
equity,INE0O4601016,2026-10-06,467.5,435,458.05,24480
equity,INE792I01017,2026-09-30,332.5,314,332.5,29609
equity,INE792I01017,2026-10-01,332,315.9,318.9,33266
equity,INE792I01017,2026-10-05,324,303,308.3,55092
equity,INE792I01017,2026-10-06,322.95,300,314.35,39443
equity,INE0PQ001012,2026-09-30,150.1,145,147.6,144000
equity,INE0PQ001012,2026-10-01,149,145.25,148.7,5000
equity,INE0PQ001012,2026-10-05,145.4,143,143,4000
equity,INE875G01048,2026-09-30,2.65,2.6,2.61,635500
equity,INE875G01048,2026-10-01,2.63,2.51,2.54,935999
equity,INE875G01048,2026-10-05,2.67,2.58,2.59,942759
equity,INE875G01048,2026-10-06,2.7,2.56,2.57,997287
equity,INE0PT101017,2026-09-30,65.25,62.1,63,238000
equity,INE0PT101017,2026-10-01,60.05,59.85,59.85,14000
equity,INE0PT101017,2026-10-05,60,59.5,59.5,6000
equity,INE05CY01014,2026-09-30,44.75,41.61,41.77,22650
equity,INE05CY01014,2026-10-01,39.69,39.69,39.69,5685
equity,INE05CY01014,2026-10-05,37.71,37.71,37.71,23188
equity,INE05CY01014,2026-10-06,38.76,36.2,36.34,11703
equity,INE296G01013,2026-09-30,221.5,216.52,218.9,5699
equity,INE296G01013,2026-10-01,225.67,211.59,218.08,8616
equity,INE296G01013,2026-10-05,220.86,211.01,219.33,8382
equity,INE296G01013,2026-10-06,229.05,210.74,216.42,6595
equity,INE214A01019,2026-09-30,139.5,135.35,138.83,7837
equity,INE214A01019,2026-10-01,140,134,135.95,13536
equity,INE214A01019,2026-10-05,153,137.2,139.1,186480
equity,INE214A01019,2026-10-06,144.8,137,143.1,38204
equity,INE641C01019,2026-09-30,80.5,76,79.48,100996
equity,INE641C01019,2026-10-01,79.89,75.66,77.6,118018
equity,INE641C01019,2026-10-05,81.48,77.6,81.48,143167
equity,INE641C01019,2026-10-06,85.55,83.9,85.55,167194
equity,INE554H01021,2026-09-30,262,238.05,253.85,2073
equity,INE554H01021,2026-10-01,254,241.65,250.1,400
equity,INE554H01021,2026-10-05,247.6,238,245,421
equity,INE554H01021,2026-10-06,256.95,233.1,249.5,215
equity,INE147C01017,2026-09-30,69.85,65,65.27,3111
equity,INE147C01017,2026-10-01,67,65.27,65.69,1856
equity,INE147C01017,2026-10-05,67.49,65.2,67.49,476
equity,INE147C01017,2026-10-06,67.49,65.05,66.08,735
equity,INE823A01017,2026-09-30,66.5,65,65.35,4794
equity,INE823A01017,2026-10-01,65.44,63.25,63.77,6914
equity,INE823A01017,2026-10-05,66.87,63.01,63.44,12826
equity,INE823A01017,2026-10-06,65.76,63.5,64.64,1756
equity,INE0S2V01010,2026-09-30,126.14,123.1,123.85,8306
equity,INE0S2V01010,2026-10-01,124.5,118.96,121.76,23186
equity,INE0S2V01010,2026-10-05,124.08,121.25,122.18,11118
equity,INE0S2V01010,2026-10-06,124.5,119.44,121.6,10753
equity,INE916Y01027,2026-09-30,8.05,7.86,7.93,529863
equity,INE916Y01027,2026-10-01,8.07,7.71,7.86,199018
equity,INE916Y01027,2026-10-05,7.95,7.75,7.77,669504
equity,INE916Y01027,2026-10-06,7.95,7.5,7.9,395042
equity,INE385O01018,2026-09-30,273,260,263.45,21200
equity,INE385O01018,2026-10-01,263.45,242.5,253.35,30000
equity,INE385O01018,2026-10-05,269.95,254.4,258.6,29200
equity,INE629D01020,2026-09-30,110.43,107.27,108.61,7017
equity,INE629D01020,2026-10-01,109.5,104.41,105.1,22416
equity,INE629D01020,2026-10-05,106.79,102.1,102.93,19481
equity,INE629D01020,2026-10-06,105.93,104.41,105.09,14812
equity,INE902B01017,2026-09-30,309.4,295,298.15,12222
equity,INE902B01017,2026-10-01,304.4,291.5,294.1,2068
equity,INE902B01017,2026-10-05,298.7,280,294.55,5695
equity,INE902B01017,2026-10-06,299.85,281.5,286,4306
equity,INE666E01020,2026-09-30,40.39,38.71,39.33,9813
equity,INE666E01020,2026-10-01,40.98,38.65,39.33,10720
equity,INE666E01020,2026-10-05,39.99,39.01,39.8,11611
equity,INE666E01020,2026-10-06,40.2,39.45,39.67,6310
equity,INE585A01020,2026-09-30,639,621,622,293
equity,INE585A01020,2026-10-01,627.9,618,620.75,401
equity,INE585A01020,2026-10-05,622.2,605.25,606.7,686
equity,INE585A01020,2026-10-06,610,595,598.4,2605
equity,INE04VX01019,2026-09-30,360,354.4,357.15,6000
equity,INE04VX01019,2026-10-01,359,355,359,1000
equity,INE04VX01019,2026-10-05,358.7,358.5,358.65,2000
equity,INE927C01020,2026-09-30,15.53,14.86,14.96,99635
equity,INE927C01020,2026-10-01,15.26,14.4,14.79,52113
equity,INE927C01020,2026-10-05,15.49,14.46,15.2,69082
equity,INE927C01020,2026-10-06,15.54,14.9,15.12,30805
equity,INE0VDK01019,2026-09-30,326.05,295.05,326.05,8000
equity,INE0VDK01019,2026-10-01,342.35,326.05,342.35,2000
equity,INE0VDK01019,2026-10-05,359.45,359.45,359.45,3000
equity,INE0VDK01019,2026-10-06,377.4,360,377.4,12000
equity,INE557B01019,2026-09-30,229,220.46,221.01,30337
equity,INE557B01019,2026-10-01,221.01,214.02,216.78,16325
equity,INE557B01019,2026-10-02,216.78,216.78,216.78,
equity,INE557B01019,2026-10-05,219.94,211.01,212.42,20788
equity,INE557B01019,2026-10-06,219.5,211.71,218.57,14477
equity,INE650G01029,2026-09-30,73.39,70.17,72.28,17849
equity,INE650G01029,2026-10-01,72.89,70.3,71.21,14736
equity,INE650G01029,2026-10-05,71.2,70.03,70.55,6676
equity,INE650G01029,2026-10-06,70.98,70,70.19,14117
equity,INE767M01029,2026-09-30,34.98,33.52,34.39,47095
equity,INE767M01029,2026-10-01,34.29,33.01,33.64,46029
equity,INE767M01029,2026-10-05,34.5,31,33.31,74042
equity,INE767M01029,2026-10-06,33.98,32,33.53,36597
equity,INE874A01010,2026-09-30,1079.95,1050.1,1062.45,39796
equity,INE874A01010,2026-10-01,1118,1000,1044.8,633
equity,INE874A01010,2026-10-05,1087.8,1016.1,1032.75,203
equity,INE874A01010,2026-10-06,1076.95,982,1018.75,1757
index,^GSPC,2026-09-30,7722.8799,7651.54,7651.54,4276550000
index,^GSPC,2026-10-01,7684.75,7616.7798,7666.4502,5783800000
index,^GSPC,2026-10-02,7754.6699,7700.5098,7722.7202,5277430000
index,^GSPC,2026-10-05,7794.3501,7727.5898,7773.9502,5840900000
index,^NDX,2026-09-30,30630.4492,30408.5,30408.5,8300260000
index,^NDX,2026-10-01,30616.2402,30274.6504,30501.5605,7329610000
index,^NDX,2026-10-02,31017.5293,30737.0703,30807.9297,7954430000
index,^NDX,2026-10-05,31117.3594,30798.4199,31076.4395,7828480000
index,^RUT,2026-09-30,2822.22,2796.8601,2796.8601,4276550000
index,^RUT,2026-10-01,2820.77,2775.3601,2806.6299,5783800000
index,^RUT,2026-10-02,2852.5,2825.23,2832.8999,5277430000
index,^RUT,2026-10-05,2859.1299,2821.6299,2847.1399,5840900000
index,^DJI,2026-09-30,51473.9297,50906.0508,50906.0508,487860000
index,^DJI,2026-10-01,51179.7813,50546.5391,50926.5586,476440000
index,^DJI,2026-10-02,51382.8789,50950.6094,51176.9609,548950000
index,^DJI,2026-10-05,51404.8594,50862.8516,51267.8984,472440000
index,^NSEI,2026-09-30,22809.3496,22595.1992,22620.4492,379000
index,^NSEI,2026-10-01,22610.5996,22217.3008,22421.9492,463600
index,^NSEI,2026-10-05,22621.8008,22397.0996,22555.75,436700
index,^NSEI,2026-10-06,22776.0996,22561.5996,22776.0996,
index,^FTSE,2026-09-30,10725.2998,10599.2002,10606,964213900
index,^FTSE,2026-10-01,10606.4004,10390.7002,10428.2998,923176500
index,^FTSE,2026-10-02,10503.2002,10413.4004,10462,689426700
index,^FTSE,2026-10-05,10527.5,10451.7002,10497.9004,509199400
index,^FTSE,2026-10-06,10602.5703,10498.0303,10555.5303,
index,^GDAXI,2026-09-30,25584.5,25190.3301,25199.1895,61566500
index,^GDAXI,2026-10-01,25232.1797,24831.5996,24939.3496,61171700
index,^GDAXI,2026-10-02,25303.5996,24970.9102,25231.1992,56407400
index,^GDAXI,2026-10-05,25324.6992,25143.2598,25254.2109,43007200
index,^GDAXI,2026-10-06,25522.0898,25354.8398,25412.3301,
index,^FCHI,2026-09-30,8068.5098,7950.4902,7964.5098,74271700
index,^FCHI,2026-10-01,7935.8501,7820.98,7835.3101,77083200
index,^FCHI,2026-10-02,7927.8799,7836.27,7897.1899,71580700
index,^FCHI,2026-10-05,7866.7998,7796.5801,7834.1001,58908500
index,^FCHI,2026-10-06,7916.71,7850.3301,7880.4102,
index,^STOXX50E,2026-09-30,6359.6699,6268.73,6269.02,25922600
index,^STOXX50E,2026-10-01,6257.98,6169.5698,6175.4502,28090800
index,^STOXX50E,2026-10-02,6259.2998,6183.3999,6238.5,26189200
index,^STOXX50E,2026-10-05,6262.6499,6210.1201,6242.1401,20940900
index,^STOXX50E,2026-10-06,6310.7402,6252.6299,6282.23,
index,^N225,2026-09-30,66946.1406,66014.4766,66753.7188,203700000
index,^N225,2026-10-01,68995.2969,67081.6563,68956.7188,184600000
index,^N225,2026-10-02,68741.4922,68132.1563,68309.4609,179400000
index,^N225,2026-10-05,70072.1328,69050.2266,69946.8594,158400000
index,^N225,2026-10-06,70798.6172,69813.1563,70683.9766,
index,^HSI,2026-09-30,24637.6504,24332.6406,24613.2695,2808700000
index,^HSI,2026-10-02,24099.7305,23865.3301,23972.2891,1987400000
index,^HSI,2026-10-05,24040.3398,23835.6797,24040.3398,1172100000
index,^HSI,2026-10-06,24354.1094,24179.3809,24280.5605,
index,000001.SS,2026-09-30,3851.217,3833.0859,3842.1951,414600
index,000300.SS,2026-09-30,4368.6138,4341.8789,4357.6157,3410060712
index,^AXJO,2026-09-30,8808.4004,8696.7998,8789.2998,961400
index,^AXJO,2026-10-01,8789.2998,8613.2002,8614.4004,784300
index,^AXJO,2026-10-02,8682.0996,8614.4004,8682.0996,637300
index,^AXJO,2026-10-05,8735.5996,8678.2002,8686.4004,427900
index,^AXJO,2026-10-06,8753,8686.4004,8735.7002,
index,^KS11,2026-09-30,6965.6401,6818.3901,6838.04,286000
index,^KS11,2026-10-01,6971.3599,6765.0601,6971.3501,292300
index,^KS11,2026-10-02,7011.04,6927.8799,7003.7402,239000
index,^KS11,2026-10-06,7044.6699,6897.3799,6941.3901,257269
index,^TWII,2026-09-30,48379.7109,47767.4883,47940.1289,5111100
index,^TWII,2026-10-01,48353.4883,47893.4219,48353.4883,5202400
index,^TWII,2026-10-02,48491.6211,48205.8086,48475.7383,4714000
index,^TWII,2026-10-05,49770.6602,48574.9492,49712.0391,5839900
index,^TWII,2026-10-06,49968.9219,49479.6914,49822.5508,
index,^STI,2026-09-30,5733.52,5675.8799,5675.8799,389298900
index,^STI,2026-10-01,5700.5898,5652.8198,5667.6699,455317300
index,^STI,2026-10-02,5686.79,5624.7002,5634.8198,275109700
index,^STI,2026-10-05,5674.02,5632.0098,5664.3301,270749900
index,^STI,2026-10-06,5701.54,5644.3301,5701.54,
index,^BVSP,2026-09-30,187835,183880,186340,11768700
index,^BVSP,2026-10-01,187437,184768,187198,11848800
index,^BVSP,2026-10-02,192119,186144,192115,13208900
index,^BVSP,2026-10-05,209606,192138,206912,29060300
index,^MXX,2026-09-30,65185.4609,64145.5508,64214.3594,224111400
index,^MXX,2026-10-01,64219.6797,63294.9414,63828.6016,151895300
index,^MXX,2026-10-02,64723.0508,63219.8516,64531.6797,171203200
index,^MXX,2026-10-05,65117.6289,64162.0898,64975.0781,138670000
index,^GSPTSE,2026-09-30,35544.6992,35235.8984,35235.8984,231040800
index,^GSPTSE,2026-10-01,35260.8984,34938,35154.8008,239521400
index,^GSPTSE,2026-10-02,35521.5,35265.1992,35502.6992,245457000
index,^GSPTSE,2026-10-05,35601.5,35303.6992,35518.6016,282017200
index,^IBEX,2026-09-30,19718,19426.1992,19426.1992,
index,^IBEX,2026-10-01,19358.9004,19005.3008,19005.3008,
index,^IBEX,2026-10-02,19216.5996,18942.9004,19085.3008,
index,^IBEX,2026-10-05,19338,19013,19299.6992,
index,^IBEX,2026-10-06,19576.1992,19418.5996,19447.1992,107858866
index,FTSEMIB.MI,2026-09-30,52213,51289,51372,382302300
index,FTSEMIB.MI,2026-10-01,51209,50238,50238,305633900
index,FTSEMIB.MI,2026-10-02,50695,49972,50483,338834800
index,FTSEMIB.MI,2026-10-05,50843,50303,50818,251347700
index,FTSEMIB.MI,2026-10-06,51565.6484,51091.1484,51289.25,
index,^AEX,2026-09-30,1127.38,1114.9,1114.9,55558400
index,^AEX,2026-10-01,1111.51,1096.45,1102.63,64564600
index,^AEX,2026-10-02,1121.4399,1105.76,1116.71,57462300
index,^AEX,2026-10-05,1124.95,1118.58,1123.88,46951700
index,^AEX,2026-10-06,1135.75,1126.61,1132.36,
