AssetClass,Key,Date,High,Low,Close,Volume
commodity,CL=F,2026-09-21,97.22,91.3,91.7,242349
commodity,BZ=F,2026-09-21,100.26,95.08,95.52,30964
commodity,NG=F,2026-09-21,2.906,2.833,2.841,116957
commodity,RB=F,2026-09-21,3.2812,3.1553,3.1822,42918
commodity,HO=F,2026-09-21,4.9615,4.6253,4.6476,33496
commodity,HG=F,2026-09-21,6.841,6.7015,6.7795,33794
commodity,ALI=F,2026-09-21,3475,3440,3445,138
commodity,HRC=F,2026-09-21,1330,1293,1330,174
commodity,GC=F,2026-09-21,4422.1001,4360.2998,4390.2002,112240
commodity,SI=F,2026-09-21,67.555,66.2,66.745,31060
commodity,PL=F,2026-09-21,1836,1793.5,1807.9,14821
commodity,PA=F,2026-09-21,1342,1308,1322,3231
commodity,ZS=F,2026-09-21,1327,1303.5,1326,92847
commodity,ZL=F,2026-09-21,69.1,67.57,68.92,52336
commodity,ZM=F,2026-09-21,367.9,359.1,367.3,62344
commodity,ZW=F,2026-09-21,730,715.25,726.75,47302
commodity,ZC=F,2026-09-21,543.5,526.25,542,170188
commodity,KC=F,2026-09-21,283.5,274.25,277.2,11462
commodity,SB=F,2026-09-21,18.6,18.15,18.44,49641
commodity,CC=F,2026-09-21,5533,5242,5332,18249
commodity,CT=F,2026-09-21,87.8,86.33,83.53,24130
commodity,ZR=F,2026-09-21,16.075,15.625,15.89,347
commodity,DC=F,2026-09-21,15.85,15.53,15.73,496
crypto,BTC-USD,2026-09-19,81911.1406,80814.9375,81233.6797,20505634866
crypto,BTC-USD,2026-09-20,81455.2031,80098.7734,81142.6094,21259753701
crypto,BTC-USD,2026-09-21,86284.4141,80933.0703,85838.4063,50925125632
crypto,ETH-USD,2026-09-19,2659.7183,2602.7368,2631.9626,10007872025
crypto,ETH-USD,2026-09-20,2647.8735,2564.4326,2642.9976,10759191352
crypto,ETH-USD,2026-09-21,2762.2219,2644.7986,2759.6799,23902134272
crypto,USDT-USD,2026-09-19,0.99989,0.99949,0.99964,59790373738
crypto,USDT-USD,2026-09-20,1.0001,0.99946,0.99975,58834219902
crypto,USDT-USD,2026-09-21,1,0.99951,1,110706827264
crypto,BNB-USD,2026-09-19,772.6345,758.0988,762.0444,1537324950
crypto,BNB-USD,2026-09-20,775.296,747.2582,772.3481,1590467764
crypto,BNB-USD,2026-09-21,805.022,767.2478,797.99,2636521984
crypto,XRP-USD,2026-09-19,1.4506,1.3953,1.4104,3744375054
crypto,XRP-USD,2026-09-20,1.4149,1.3698,1.4099,2694534753
crypto,XRP-USD,2026-09-21,1.5041,1.4079,1.4863,5500662784
crypto,SOL-USD,2026-09-19,113.7384,110.1322,111.0149,2988170676
crypto,SOL-USD,2026-09-20,111.242,107.5323,111.1329,3209670387
crypto,SOL-USD,2026-09-21,118.8113,111.0329,117.5,6405054464
crypto,TRX-USD,2026-09-19,0.34049,0.33702,0.33973,386287378
crypto,TRX-USD,2026-09-20,0.34656,0.33904,0.34254,462637362
crypto,TRX-USD,2026-09-21,0.34551,0.34255,0.34466,450914656
crypto,HYPE32196-USD,2026-09-19,94.4371,91.0818,92.2313,994886001
crypto,HYPE32196-USD,2026-09-20,93.8503,89.9423,93.6619,854460550
crypto,HYPE32196-USD,2026-09-21,95.9531,92.5283,93.36,1248172160
crypto,DOGE-USD,2026-09-19,0.09099,0.086533,0.087722,1165656069
crypto,DOGE-USD,2026-09-20,0.087758,0.084541,0.087283,924305412
crypto,DOGE-USD,2026-09-21,0.097626,0.087282,0.09611,2313382144
crypto,XMR-USD,2026-09-19,590.2825,533.5353,546.7305,138133874
crypto,XMR-USD,2026-09-20,568.0992,518.3168,562.9758,130420949
crypto,XMR-USD,2026-09-21,630.4424,562.171,571.4884,231830880
crypto,LINK-USD,2026-09-19,12.6643,12.2239,12.4286,379675542
crypto,LINK-USD,2026-09-20,12.5821,11.9334,12.513,391392800
crypto,LINK-USD,2026-09-21,13.1518,12.493,12.983,640099264
crypto,LEO-USD,2026-09-19,8.9585,8.8671,8.8947,60985
crypto,LEO-USD,2026-09-20,8.9716,8.8838,8.9213,137647
crypto,LEO-USD,2026-09-21,8.9471,8.8969,8.9142,51339
crypto,ADA-USD,2026-09-19,0.23429,0.22131,0.22776,613967887
crypto,ADA-USD,2026-09-20,0.23229,0.21869,0.22797,484947040
crypto,ADA-USD,2026-09-21,0.24801,0.22746,0.2436,901895744
crypto,XLM-USD,2026-09-19,0.20289,0.19142,0.19623,293654471
crypto,XLM-USD,2026-09-20,0.19904,0.18888,0.19732,206942824
crypto,XLM-USD,2026-09-21,0.2126,0.19627,0.20812,399003520
crypto,DAI-USD,2026-09-19,1,0.99873,0.99966,37906077
crypto,DAI-USD,2026-09-20,1.0002,0.99759,0.99898,19936599
crypto,DAI-USD,2026-09-21,1.0002,0.99826,0.99941,51987436
crypto,LTC-USD,2026-09-19,59.0917,56.7626,58.3323,356399346
crypto,LTC-USD,2026-09-20,59.1384,56.6558,58.7368,294687344
crypto,LTC-USD,2026-09-21,63.5911,58.2051,61.914,573008960
crypto,HBAR-USD,2026-09-19,0.08228,0.078279,0.081429,100495065
crypto,HBAR-USD,2026-09-20,0.089659,0.079554,0.08652,227054984
crypto,HBAR-USD,2026-09-21,0.093021,0.085181,0.09243,201406160
crypto,AVAX-USD,2026-09-19,10.1175,8.1972,10.0862,953737691
crypto,AVAX-USD,2026-09-20,11.4126,9.4805,11.3371,1483182294
crypto,AVAX-USD,2026-09-21,11.7624,10.9268,11.081,1158475008
crypto,SUI20947-USD,2026-09-19,0.88348,0.80783,0.85819,977805202
crypto,SUI20947-USD,2026-09-20,0.91522,0.81062,0.89713,1062989038
crypto,SUI20947-USD,2026-09-21,1.0523,0.89703,1.0194,2142209152
crypto,SHIB-USD,2026-09-19,0.000006,0.000005,0.000006,92537220
crypto,SHIB-USD,2026-09-20,0.000006,0.000005,0.000005,74695767
crypto,SHIB-USD,2026-09-21,0.0000060511,0.0000054736,0.00000588,149333968
crypto,NEAR-USD,2026-09-19,3.8815,3.4509,3.5873,1222447222
crypto,NEAR-USD,2026-09-20,4.2761,3.4333,4.1641,2051226100
crypto,NEAR-USD,2026-09-21,4.4349,4.0193,4.0936,2003713024
crypto,USDE29470-USD,2026-09-19,1,0.99962,0.99978,23347958
crypto,USDE29470-USD,2026-09-20,1.0001,0.99961,0.99993,14070337
crypto,USDE29470-USD,2026-09-21,1.0001,0.99958,0.99997,56090532
crypto,POL28321-USD,2026-09-19,0.1078,0.10273,0.10465,136001929
crypto,POL28321-USD,2026-09-20,0.10966,0.1032,0.1092,132137300
crypto,POL28321-USD,2026-09-21,0.11409,0.10612,0.11192,237998336
crypto,UNI7083-USD,2026-09-19,9.3625,8.4674,8.6566,1182896623
crypto,UNI7083-USD,2026-09-20,8.9263,8.5525,8.7372,780070529
crypto,UNI7083-USD,2026-09-21,9.2083,8.549,8.9283,1205952128
currency,DX-Y.NYB,2026-09-21,100.416,100.179,100.375,
currency,EURUSD=X,2026-09-21,1.1498,1.1471,1.1473,
currency,JPY=X,2026-09-21,157.529,156.57,157.407,
currency,GBPUSD=X,2026-09-21,1.34,1.3368,1.3371,
currency,CHF=X,2026-09-21,0.8239,0.8206,0.82091,
currency,AUDUSD=X,2026-09-21,0.71418,0.71149,0.71266,
currency,CAD=X,2026-09-21,1.4028,1.3974,1.4024,
currency,INR=X,2026-09-21,95.92,95.71,95.805,
currency,KRW=X,2026-09-21,1387.48,1369.48,1374,
currency,SEK=X,2026-09-21,9.8434,9.8041,9.8328,
currency,MXN=X,2026-09-21,17.2356,17.177,17.2091,
currency,NZDUSD=X,2026-09-21,0.57392,0.57159,0.57228,
currency,NOK=X,2026-09-21,9.4438,9.3795,9.4408,
currency,TWD=X,2026-09-21,31.858,31.69,31.707,
currency,BRL=X,2026-09-21,5.1478,5.1004,5.1102,
currency,ZAR=X,2026-09-21,16.3375,16.1956,16.2344,
currency,PLN=X,2026-09-21,3.8035,3.7837,3.7881,
currency,DKK=X,2026-09-21,6.5193,6.5024,6.5171,
currency,IDR=X,2026-09-21,17833,17735,17808,
currency,TRY=X,2026-09-21,48.8404,48.4625,48.7992,
currency,THB=X,2026-09-21,33.34,33.2,33.23,
currency,ILS=X,2026-09-21,3.0335,3.0084,3.0109,
currency,HUF=X,2026-09-21,317.592,314.78,314.98,
currency,CZK=X,2026-09-21,21.2411,21.142,21.193,
currency,CLP=X,2026-09-21,956.7,945.88,946.51,
currency,PHP=X,2026-09-21,62.924,62.691,62.694,
currency,COP=X,2026-09-21,3199.99,3160,3193.1001,
equity,INE002A01018,2026-09-21,1249.1,1232.5,1247.4,10007218
equity,INE397D01024,2026-09-21,1854.8,1822,1830.2,9716580
equity,INE040A01034,2026-09-21,742.65,729.05,739.5,35482683
equity,INE090A01021,2026-09-21,1352,1340.4,1345,5705598
equity,INE062A01020,2026-09-21,997.5,989.1,996,3590054
equity,INE467B01029,2026-09-21,2145,2075.3,2128.7,2330811
equity,INE296A01032,2026-09-21,1037.7,1021.3,1021.3,4170558
equity,INE018A01030,2026-09-21,3908.7,3883,3904.8,947371
equity,INE0J1Y01017,2026-09-21,402.2,396.05,400,7381704
equity,INE030A01027,2026-09-21,1966.6,1939,1947,864547
equity,INE009A01021,2026-09-21,1044.5,1030.3,1038.5,6074358
equity,INE044A01036,2026-09-21,1891.5,1832.2,1868.9,2534364
equity,INE280A01028,2026-09-21,4880,4780,4875,665067
equity,INE237A01036,2026-09-21,420.6,414.55,414.8,8470861
equity,INE814H01029,2026-09-21,210.55,205.38,206.55,11494497
equity,INE585B01010,2026-09-21,12229,12129,12153,339171
equity,INE423A01024,2026-09-21,3015.8999,2973,2975,782730
equity,INE238A01034,2026-09-21,1254.3,1242,1250,3680283
equity,INE101A01026,2026-09-21,3088,3055.3,3055.3,1056850
equity,INE742F01042,2026-09-21,1796.8,1766.7,1787.1,2317822
equity,INE860A01027,2026-09-21,1284.9,1237.3,1281,2751906
equity,INE481G01011,2026-09-21,11146,10983,11100,152231
equity,INE917I01010,2026-09-21,11533,11450,11460,93033
equity,INE154A01025,2026-09-21,267.95,263.55,267,8662786
equity,INE066F01020,2026-09-21,4888.8999,4825,4826,784570
equity,INE019A01038,2026-09-21,1287,1268.6,1268.6,942361
equity,INE733E01010,2026-09-21,328.75,324.85,326.4,5098202
equity,INE918I01026,2026-09-21,1864,1849.2,1849.8,269959
equity,INE758T01015,2026-09-21,336.5,326.85,335.9,20274532
equity,INE263A01024,2026-09-21,399.15,393.1,398.5,9754868
equity,INE213A01029,2026-09-21,236,232.32,235.63,6114044
equity,INE239A01024,2026-09-21,1390,1360,1385,573071
equity,INE522F01014,2026-09-21,415.4,410.45,414.7,3442984
equity,INE267A01025,2026-09-21,595,585.9,591.8,4306457
equity,INE752E01010,2026-09-21,269.05,266.1,266.1,6934502
equity,INE192R01011,2026-09-21,3814.6001,3732,3800.3999,647006
equity,INE721A01047,2026-09-21,1019,1005.3,1011.8,2189525
equity,INE021A01026,2026-09-21,2463.8,2440.3,2440.3,268147
equity,INE361B01024,2026-09-21,9461.5,9375.5,9410.5,380343
equity,INE081A01020,2026-09-21,186.87,183.34,183.4,9933718
equity,INE038A01020,2026-09-21,993.5,976,981.2,3348127
equity,INE047A01021,2026-09-21,3217.3,3166,3166,187000
equity,INE364U01010,2026-09-21,1332,1300.1,1303.6,644395
equity,INE066A01021,2026-09-21,7569.5,7490,7512.5,251852
equity,INE494B01023,2026-09-21,4208.1001,4155,4155,183197
equity,INE242A01010,2026-09-21,137.71,136.34,136.53,8616145
equity,INE343H01029,2026-09-21,19370,18730,19265,215492
equity,INE646L01027,2026-09-21,5030.5,4925,4941,447018
equity,INE685A01028,2026-09-21,4986.5,4848.5,4970,361244
equity,INE0V6F01027,2026-09-21,2178,2136.2,2144,379622
equity,INE123W01016,2026-09-21,1774.4,1734.3,1756,707336
equity,INE075A01022,2026-09-21,165.5,163.34,164.55,9282035
equity,INE931S01010,2026-09-21,1432.4,1397.6,1397.6,1943661
equity,INE1CDF01017,2026-09-21,422,411.75,413.05,9228590
equity,INE775A01035,2026-09-21,163.88,160.5,162.91,7264642
equity,INE271C01023,2026-09-21,660.95,644,660.25,3148346
equity,INE1TAE01010,2026-09-21,445.45,437.2,444.5,4676841
equity,INE318A01026,2026-09-21,1598,1573.2,1573.2,240443
equity,INE669E01016,2026-09-21,14.14,13.82,13.84,298632816
equity,INE976I01016,2026-09-21,351,341.05,343.7,1938288
equity,INE758E01017,2026-09-21,231.75,229.55,229.97,5862734
equity,INE117A01022,2026-09-21,7330,7221,7271,161482
equity,INE669C01036,2026-09-21,1560.6,1525.1,1558.5,970714
equity,INE121A01024,2026-09-21,1806,1763.5,1764,922958
equity,INE849A01020,2026-09-21,2836.8999,2801,2815.5,592996
equity,INE257A01026,2026-09-21,438.3,430.2,433.4,5111793
equity,INE346A01027,2026-09-21,3287,3179.1001,3207.8,424027
equity,INE692A01016,2026-09-21,178.87,177.03,178.09,4110898
equity,INE003A01024,2026-09-21,3919,3851.5,3887,196942
equity,INE07Y701011,2026-09-21,32595,31805,31870,64069
equity,INE067A01029,2026-09-21,919.75,903,910,2999705
equity,INE298A01020,2026-09-21,5135,5050,5067,281295
equity,INE118H01025,2026-09-21,3258,3085.1001,3161,6738927
equity,INE323A01026,2026-09-21,48180,47460,47565,15873
equity,INE200M01039,2026-09-21,431.15,422,425,4940296
equity,INE029A01011,2026-09-21,315.95,310.85,312.75,3153498
equity,INE214T01019,2026-09-21,4317,4190.5,4280,271418
equity,INE160A01022,2026-09-21,118.58,116.64,118,8624424
equity,INE455K01017,2026-09-21,8429,8331,8369.5,211821
equity,INE437A01024,2026-09-21,8974.5,8826.5,8912,209388
equity,INE118A01012,2026-09-21,11434,11227,11409,54157
equity,INE028A01039,2026-09-21,234.51,232.52,233.64,4397710
equity,INE216A01030,2026-09-21,5030.5,4991.5,5023,166876
equity,INE670K01029,2026-09-21,1150.7,1127,1138,451750
equity,INE0HOQ01053,2026-09-21,192.23,189.2,190.59,15975276
equity,INE956O01016,2026-09-21,698.3,682.1,683.85,44904580
equity,INE749A01030,2026-09-21,1143.5,1127.1,1130.6,708371
equity,INE795G01014,2026-09-21,565.9,551.65,559.4,2831490
equity,INE562A01011,2026-09-21,849.55,838.4,841,363123
equity,INE245A01021,2026-09-21,369.6,365.65,367.15,2875538
equity,INE134E01011,2026-09-21,348.05,342.6,344.75,9174012
equity,INE414G01012,2026-09-21,2874.2,2814,2854.2,433892
equity,INE155A01022,2026-09-21,303.8,299.1,301.65,8488497
equity,INE640G01020,2026-09-21,560.95,551.5,552.6,780698
equity,INE129A01019,2026-09-21,174.38,172.61,172.61,3734893
equity,INE476A01022,2026-09-21,123.99,122.95,123.7,5171600
equity,INE010B01027,2026-09-21,1173.5,1152.1,1161,864429
equity,INE059A01026,2026-09-21,1405.2,1378.3,1386.1,895131
equity,INE324D01010,2026-09-21,1693.9,1649,1656.3,668976
equity,INE1NPP01017,2026-09-21,3264,3184,3214.7,205501
equity,INE674K01013,2026-09-21,405.45,400.95,403.4,1591907
equity,INE200A01026,2026-09-21,4458.2998,4366.1001,4366.1001,207424
equity,INE053F01010,2026-09-21,81.7,80.16,80.22,5213459
equity,INE854D01024,2026-09-21,1411,1379.5,1397,773709
equity,INE982J01020,2026-09-21,1829.3,1792,1810,5052267
equity,INE205A01025,2026-09-21,264.5,259,260.5,6600043
equity,INE158A01026,2026-09-21,5425,5308,5419,355000
equity,INE196A01026,2026-09-21,829.75,804.25,824.4,1672296
equity,INE127D01025,2026-09-21,2456.2,2412.3999,2440,503235
equity,INE881D01027,2026-09-21,11787,10900,10911,565241
equity,INE776C01039,2026-09-21,101.28,98.15,98.7,27536721
equity,INE281B01032,2026-09-21,1839.8,1812.7,1824.6,229204
equity,INE053A01029,2026-09-21,755,741,745,2983659
equity,INE079A01024,2026-09-21,395.95,389.1,390.75,1048624
equity,INE192A01025,2026-09-21,1015.5,997.2,1000.6,688026
equity,INE249Z01020,2026-09-21,2278,2222.1001,2232,639638
equity,INE947Q01028,2026-09-21,2023.5,1963.8,2017.5,2170267
equity,INE121J01017,2026-09-21,380.7,374.25,377.65,1695335
equity,INE208A01029,2026-09-21,163.19,160.87,161.75,7883370
equity,INE121E01018,2026-09-21,522.15,514.55,517,1672819
equity,INE008A01015,2026-09-21,84.73,82.2,83.06,9995146
equity,INE0VDM01015,2026-09-21,221.2,216,219.15,10943685
equity,INE326A01037,2026-09-21,2129,2080,2124.5,429137
equity,INE634S01028,2026-09-21,2452,2303,2437.8,1342757
equity,INE089A01031,2026-09-21,1211.9,1185,1198.3,1718834
equity,INE406A01037,2026-09-21,1738.9,1706.4,1713.4,902487
equity,INE027H01010,2026-09-21,1072.6,1050.6,1066.6,965254
equity,INE459N01021,2026-09-21,751.3,733.2,747.15,482247
equity,INE388Y01029,2026-09-21,337.55,323.95,336,4082160
equity,INE465A01025,2026-09-21,1981.8,1942.2,1968.9,685946
equity,INE102D01028,2026-09-21,891,866.1,867.5,975825
equity,INE262H01021,2026-09-21,5458,5380.5,5449,352582
equity,INE591G01025,2026-09-21,1819.4,1791,1814,1932416
equity,INE935N01020,2026-09-21,13415,13125,13350,219611
equity,INE070A01015,2026-09-21,22700,22355,22550,34945
equity,INE663F01032,2026-09-21,1305.3,1251.4,1296.4,1697517
equity,INE417T01026,2026-09-21,1804.4,1745,1793,814918
equity,INE171A01029,2026-09-21,335.35,328.8,332,4137418
equity,INE020B01018,2026-09-21,313.45,310.2,310.2,3372052
equity,INE745G01043,2026-09-21,3268,3155.5,3209,1267161
equity,INE114A01011,2026-09-21,179.8,175.1,177.3,7044243
equity,INE949L01017,2026-09-21,1046.8,1037.2,1038,704386
equity,INE274J01014,2026-09-21,482.3,475,478.35,830047
equity,INE498L01015,2026-09-21,311.25,306.3,307.8,2617760
equity,INE095A01012,2026-09-21,966,956,956,588104
equity,INE880J01026,2026-09-21,350.95,345.95,349.6,4303920
equity,INE848E01016,2026-09-21,76.69,75.54,75.8,10406252
equity,INE00H001014,2026-09-21,281.85,271.15,272.7,20354755
equity,INE094A01015,2026-09-21,359.85,355.5,357.6,1629936
equity,INE377N01017,2026-09-21,2553.6001,2495,2499,492008
equity,INE647A01010,2026-09-21,2563,2530.8999,2540,103302
equity,INE765G01017,2026-09-21,1514.5,1459.9,1509.1,1427947
equity,INE0ONG01011,2026-09-21,91.45,88.07,91.26,3954703
equity,INE343G01021,2026-09-21,1546.4,1512.1,1522,101028
equity,INE092T01019,2026-09-21,86.55,85.2,85.8,20239022
equity,INE584A01023,2026-09-21,80.85,79.8,79.8,8513163
equity,INE298J01013,2026-09-21,1158,1135.1,1146.7,654535
equity,INE372A01015,2026-09-21,19128,18548,18945,122426
equity,INE176B01034,2026-09-21,1113.4,1100.5,1103.1,647751
equity,INE405E01023,2026-09-21,1259.9,1220.7,1227.5,716308
equity,INE726G01019,2026-09-21,500,491.05,493,997211
equity,INE528G01035,2026-09-21,23.28,22.93,23.17,52755958
equity,INE211B01039,2026-09-21,1942,1899.9,1929,344969
equity,INE377Y01014,2026-09-21,85.47,83.84,83.98,2158279
equity,INE935A01035,2026-09-21,2473.6001,2424,2450,405696
equity,INE139A01034,2026-09-21,357.4,351.55,352.5,2961381
equity,INE914M01019,2026-09-21,770.5,753.2,756.75,610419
equity,INE811K01011,2026-09-21,1478,1442.2,1474,294871
equity,INE191B01025,2026-09-21,2797.6001,2666.2,2762.7,2544698
equity,INE061F01013,2026-09-21,906.5,887.2,893.5,916405
equity,INE093I01010,2026-09-21,1827.7,1754.3,1821,960192
equity,INE016A01026,2026-09-21,392.8,386.8,386.8,2097526
equity,INE399L01023,2026-09-21,659.05,629.15,638.4,3827345
equity,INE457A01014,2026-09-21,83.7,81.65,82.2,7904383
equity,INE084A01016,2026-09-21,139.61,138.2,138.63,2616892
equity,INE813H01021,2026-09-21,1269.8,1250,1262,121302
equity,INE376G01013,2026-09-21,396.15,387.6,395,3037626
equity,INE565A01014,2026-09-21,32.29,32,32.06,1390442
equity,INE976G01028,2026-09-21,409.9,401.1,402.4,2214016
equity,INE481Y01014,2026-09-21,349.1,345.1,346.2,205977
equity,INE0LEZ01016,2026-09-21,1628.2,1576,1593,2234418
equity,INE018E01016,2026-09-21,643.65,636.2,637,950045
equity,INE702C01027,2026-09-21,2229,2178.7,2181.1001,594021
equity,INE338I01027,2026-09-21,1009.8,993.2,995,277400
equity,INE040H01021,2026-09-21,43.63,43.11,43.34,26003443
equity,INE540L01014,2026-09-21,5411,5316.5,5364,94968
equity,INE303R01014,2026-09-21,588.95,579.1,581.5,4439649
equity,INE513A01022,2026-09-21,4203,4081.1001,4118.2002,46136
equity,INE220G01021,2026-09-21,754.35,739.5,751.45,1036372
equity,INE944F01028,2026-09-21,4539.8999,4376.1001,4480,421324
equity,INE484J01027,2026-09-21,1720.9,1696,1696.9,398829
equity,INE169A01031,2026-09-21,1990,1936.1,1940.8,87865
equity,INE756I01012,2026-09-21,699,677.75,680.95,980082
equity,INE463A01038,2026-09-21,463,448.1,450.6,860289
equity,INE358A01014,2026-09-21,27300,26815,26960,7355
equity,INE883A01011,2026-09-21,125780,124700,124855,2449
equity,INE473A01011,2026-09-21,6296,6206.5,6276.5,13582
equity,INE180A01020,2026-09-21,1591.8,1545.7,1569,534288
equity,INE202B01038,2026-09-21,2304.8,2216,2220.3999,206541
equity,INE0CZ201020,2026-09-21,947,914.5,917.45,363184
equity,INE974X01010,2026-09-21,2614.2,2569.1001,2588,95386
equity,INE774D01024,2026-09-21,355.65,348.2,354.7,1057055
equity,INE188A01015,2026-09-21,822.35,764.5,801.75,1321888
equity,INE660A01013,2026-09-21,4751.2998,4636.3999,4679.5,18298
equity,INE531E01026,2026-09-21,507,497.2,503.95,4883834
equity,INE159A01016,2026-09-21,2875.1001,2835.7,2862.8999,21828
equity,INE151A01013,2026-09-21,1789.6,1725,1732.7,110793
equity,INE09N301011,2026-09-21,4610,4512.2002,4560,147437
equity,INE571A01038,2026-09-21,2033.9,2000.8,2008.2,173299
equity,INE259A01022,2026-09-21,1903,1879.4,1892,720315
equity,INE01EA01019,2026-09-21,102.48,100.55,101.65,6538236
equity,INE073K01018,2026-09-21,817.2,793.2,795.25,2121116
equity,INE628A01036,2026-09-21,569.2,559.9,559.9,2691176
equity,INE068V01023,2026-09-21,3008,2916.2,2940.2,279128
equity,INE084101034,2026-09-21,1161.45,1065.25,1161.45,4392066
equity,INE878B01027,2026-09-21,4630,4586.5,4596,221739
equity,INE466L01038,2026-09-21,1085.9,1062.8,1072.7,573949
equity,INE356A01018,2026-09-21,2313.7,2257.1001,2296.2,206512
equity,INE171Z01026,2026-09-21,1182.9,1164.3,1175,841005
equity,INE0BS701011,2026-09-21,919.9,887.2,919.9,1174173
equity,INE208C01025,2026-09-21,1500.2,1416.4,1486,1793245
equity,INE415G01027,2026-09-21,214.28,209.35,209.71,6562323
equity,INE787D01026,2026-09-21,2259,2200.5,2216.8,180232
equity,INE206F01022,2026-09-21,565,551.15,559.4,155515
equity,INE195A01028,2026-09-21,3563.3,3488.8,3500,134302
equity,INE048G01026,2026-09-21,8594,8405,8486.5,99240
equity,INE819V01029,2026-09-21,3505,3338.8,3482.3,287297
equity,INE152A01029,2026-09-21,3597.8,3492.3,3578.2,142451
equity,INE031B01049,2026-09-21,3590,3521.2,3542.1001,135281
equity,INE347G01014,2026-09-21,289.65,286.6,287.5,1124206
equity,INE511C01022,2026-09-21,480.75,467.1,471,1639275
equity,INE930H01031,2026-09-21,1146.4,1107.5,1119.3,344897
equity,INE761H01022,2026-09-21,36300,35495,35950,15472
equity,INE006I01046,2026-09-21,1426.1,1400.9,1400.9,184200
equity,INE474Q01031,2026-09-21,1527,1467.6,1508.1,321886
equity,INE212H01026,2026-09-21,4023.8,3908.1001,3941,75488
equity,INE704P01025,2026-09-21,1392.5,1363.1,1385,784923
equity,INE823G01014,2026-09-21,5108,5001.5,5087,22433
equity,INE233A01035,2026-09-21,1115.9,1098.9,1101.7,32225
equity,INE913H01037,2026-09-21,2780,2702.7,2756.3999,90302
equity,INE226A01021,2026-09-21,1158.8,1125,1142.1,887002
equity,INE111A01025,2026-09-21,501.95,487.05,487.05,885349
equity,INE089C01029,2026-09-21,820,783.35,813.65,1264712
equity,INE335Y01020,2026-09-21,479.85,470,470.7,528264
equity,INE509F01029,2026-09-21,271.3,246.45,251.3,51831010
equity,INE410P01011,2026-09-21,1932.9,1896,1896.9,78926
equity,INE470Y01017,2026-09-21,188.79,184.47,186.56,2009703
equity,INE589A01014,2026-09-21,268.95,263.8,266.65,1193291
equity,INE603J01030,2026-09-21,2342.7,2315.7,2321.8,68758
equity,INE619A01035,2026-09-21,400.45,365.25,396.2,23162107
equity,INE010V01017,2026-09-21,3348.2,3294.2,3307,44214
equity,INE470A01017,2026-09-21,34890,33855,34725,4444
equity,INE463V01026,2026-09-21,2234.7,2190.1001,2211.2,160196
equity,INE0LP301011,2026-09-21,137.2,132.7,134.76,8286541
equity,INE168P01015,2026-09-21,2045,1997,2009.3,169313
equity,INE031A01017,2026-09-21,177,173,173.23,1093890
equity,INE302A01020,2026-09-21,437.3,430.7,434.5,1810338
equity,INE596F01018,2026-09-21,22810,22190,22300,15720
equity,INE548A01028,2026-09-21,216.99,209.1,214.31,3919366
equity,INE007A01025,2026-09-21,4650,4540,4605.6001,76809
equity,INE148O01028,2026-09-21,437.6,425.85,435,3248908
equity,INE049B01025,2026-09-21,2225,2090,2187.3,1771282
equity,INE019C01026,2026-09-21,692.8,672.1,676.45,2961942
equity,INE686F01025,2026-09-21,1260,1225,1227.8,102377
equity,INE036D01028,2026-09-21,336,322.65,326.15,1986921
equity,INE570L01029,2026-09-21,1631,1601,1608,368349
equity,INE379A01028,2026-09-21,160.25,155.24,155.86,2084859
equity,INE531F01023,2026-09-21,1739,1672,1687.1,171604
equity,INE042A01014,2026-09-21,2859.3,2797.2,2819.8,59112
equity,INE01NH01023,2026-09-21,1666.6,1560.1,1582.3,1741468
equity,INE00R701025,2026-09-21,1814.4,1757.1,1764.4,123783
equity,INE575P01011,2026-09-21,549.1,540.65,542.9,225057
equity,INE142M01025,2026-09-21,730.6,706.85,724.9,1034878
equity,INE093A01041,2026-09-21,524.5,512.1,515.25,151434
equity,INE967H01025,2026-09-21,818.95,785,788.85,451093
equity,INE672A01026,2026-09-21,700.95,678,680.5,591111
equity,INE146L01010,2026-09-21,2182.8999,2122.1001,2132.3999,328154
equity,INE260B01028,2026-09-21,2004,1972,1980,121765
equity,INE202E01016,2026-09-21,113.13,110.55,111,2970335
equity,INE797F01020,2026-09-21,503.6,485.7,487.05,2200207
equity,INE671A01010,2026-09-21,35430,34455,34685,2807
equity,INE0INX01018,2026-09-21,320.95,309.2,318.3,2864123
equity,INE600L01024,2026-09-21,1935,1896.9,1920.4,214308
equity,INE691A01018,2026-09-21,23.84,23.51,23.62,3228395
equity,INE115A01026,2026-09-21,574.15,543.65,568,3749732
equity,INE0NT901020,2026-09-21,4744,4610.5,4718,888237
equity,INE404A01024,2026-09-21,1068.9,1026.2,1034.3,174676
equity,INE103A01014,2026-09-21,170.37,165.5,167.03,4653785
equity,INE472A01039,2026-09-21,1580,1535.5,1565,624210
equity,INE572E01012,2026-09-21,1154.6,1120.2,1141.1,1155761
equity,INE115Q01022,2026-09-21,1797,1769.7,1782.8,158305
equity,INE00LO01017,2026-09-21,11442,10916,11006,16767
equity,INE810G01011,2026-09-21,1114.5,1071,1097.5,2877181
equity,INE622W01025,2026-09-21,464.45,437.5,458.1,6919009
equity,INE839M01018,2026-09-21,1245,1215.1,1235.2,267404
equity,INE506V01022,2026-09-21,1764.3,1718.5,1732.6,191378
equity,INE736A01011,2026-09-21,1394.4,1353.3,1361,838882
equity,INE794A01010,2026-09-21,23050,22505,22610,54186
equity,INE342J01019,2026-09-21,2394,2341,2362.6001,123925
equity,INE891D01026,2026-09-21,404.85,390.7,392.05,2361062
equity,INE382Z01011,2026-09-21,2418.8,2366.1001,2372.2,180334
equity,INE522D01027,2026-09-21,320,313.8,315.1,2669726
equity,INE149A01033,2026-09-21,1507.5,1460.2,1474.8,147817
equity,INE0DK501011,2026-09-21,216.7,207.68,214.66,4330760
equity,INE483A01010,2026-09-21,31.73,31.4,31.49,4219951
equity,INE0DYJ01015,2026-09-21,1727.4,1658,1713.3,1838433
equity,INE0CAZ01013,2026-09-21,174.25,166.54,173.4,6489690
equity,INE777K01022,2026-09-21,2456.2,2404.3,2411.7,119993
equity,INE530B01024,2026-09-21,611.9,596,608.1,1001538
equity,INE732I01021,2026-09-21,302,295.2,296.15,2858120
equity,INE039A01010,2026-09-21,75.5,73.71,74.25,48066936
equity,INE438A01022,2026-09-21,413.8,408.35,409.3,446863
equity,INE105A01035,2026-09-21,12875,12581,12729,3141
equity,INE180C01042,2026-09-21,273,267.1,268.85,1696131
equity,INE545U01014,2026-09-21,181.26,175.63,179,15271152
equity,INE371P01015,2026-09-21,7214.5,7090,7098,120913
equity,INE248A01017,2026-09-21,258,253.6,255.25,88140
equity,INE473B01035,2026-09-21,1157.4,1119,1130.7,39695
equity,INE00FF01025,2026-09-21,3509.8999,3399,3425.7,327627
equity,INE0IX101010,2026-09-21,4595,4476,4511.7998,382692
equity,INE002L01015,2026-09-21,64.75,63.2,63.35,2552770
equity,INE387A01021,2026-09-21,1236.3,1201,1207.4,88454
equity,INE317I01021,2026-09-21,949.9,935,939.05,70488
equity,INE179A01014,2026-09-21,7521,7410,7426,18595
equity,INE844O01030,2026-09-21,245.04,238.01,238.52,919345
equity,INE258G01013,2026-09-21,464.5,450.6,454.55,587566
equity,INE439A01020,2026-09-21,961.45,950,950.25,38500
equity,INE699H01024,2026-09-21,187.05,182.7,183.56,1572742
equity,INE0FS801015,2026-09-21,36.15,35.5,35.6,8870613
equity,INE918Z01012,2026-09-21,3674,3507.7,3650,1131072
equity,INE012A01025,2026-09-21,1272,1251,1256.3,66808
equity,INE220B01022,2026-09-21,1460.6,1435,1439.1,270284
equity,INE524A01029,2026-09-21,1330,1281.6,1290.3,216108
equity,INE367G01038,2026-09-21,355,339,352.65,4581441
equity,INE322A01010,2026-09-21,7119.5,6922,7048,67264
equity,INE03JT01014,2026-09-21,243.65,231.65,241.45,992938
equity,INE821I01022,2026-09-21,18.56,18.02,18.1,17302777
equity,INE953O01021,2026-09-21,4328,4173,4297,250668
equity,INE325A01013,2026-09-21,3161.8,3112.2,3136.8,15710
equity,INE491A01021,2026-09-21,237.74,233.1,234.94,846007
equity,INE095N01031,2026-09-21,84.07,82.91,83.15,4386703
equity,INE288B01029,2026-09-21,1602,1570.1,1586.3,177305
equity,INE880L01014,2026-09-21,343.2,339,341,33595
equity,INE741K01010,2026-09-21,1409.8,1378.7,1393,98303
equity,INE419M01035,2026-09-21,759.6,736.05,747.3,1983807
equity,INE451A01017,2026-09-21,17699,17452,17485,37594
equity,INE894V01022,2026-09-21,245.4,239.5,241.89,2979428
equity,INE980O01024,2026-09-21,1134.6,1057.8,1113.85,5723374
equity,INE00WC01027,2026-09-21,1617.9,1566.2,1600.2,133554
equity,INE791I01019,2026-09-21,630.15,605.8,608.75,204755
equity,INE1C6T01020,2026-09-21,354.8,330.1,340.6,11448479
equity,INE242C01024,2026-09-21,611.7,594,595.2,648055
equity,INE686A01026,2026-09-21,1274.8,1248.1,1256.5,95870
equity,INE670A01012,2026-09-21,3318,3266.7,3287,336930
equity,INE203G01027,2026-09-21,149.42,147.8,148.85,740058
equity,INE864I01014,2026-09-21,7155,6980,7015.5,48848
equity,INE0W2G01015,2026-09-21,46.7,45.7,45.95,22615132
equity,INE536A01023,2026-09-21,1993.8,1888.1,1966.8,78264
equity,INE178A01016,2026-09-21,1435.1,1370,1375.5,1280837
equity,INE0BWX01014,2026-09-21,1663.9,1629.2,1639.6,127672
equity,INE120A01034,2026-09-21,1229,1151.6,1178.9,3767733
equity,INE475E01026,2026-09-21,2818.8999,2749,2756.6001,91962
equity,INE883F01010,2026-09-21,470.25,460.3,466.05,141533
equity,INE330T01021,2026-09-21,2159.8,2100,2109.1001,49217
equity,INE182A01018,2026-09-21,4045,4000,4035.7,16758
equity,INE526E01018,2026-09-21,4622.8999,4482.8999,4508.7002,64275
equity,INE101D01020,2026-09-21,890.3,871,875.15,597035
equity,INE331A01037,2026-09-21,898,874.3,885.1,373061
equity,INE19RI01016,2026-09-21,524.55,510,514.1,421176
equity,INE616N01034,2026-09-21,2139,2075,2089.2,182791
equity,INE285A01027,2026-09-21,614.8,601.5,612.2,203148
equity,INE269B01029,2026-09-21,17833,17261,17313,3342
equity,INE192B01031,2026-09-21,218.2,214.28,215.87,2702207
equity,INE989C01038,2026-09-21,379,361,376.05,681368
equity,INE217B01036,2026-09-21,1205.9,1190.1,1200.5,96077
equity,INE427F01016,2026-09-21,865.6,854.6,860.05,34551
equity,INE017A01032,2026-09-21,1487.8,1434,1485,1170270
equity,INE324A01032,2026-09-21,295.8,289.4,293.05,1096972
equity,INE00IT01020,2026-09-21,287.77,274.22,287.77,5777865
equity,INE486A01021,2026-09-21,144.33,141.12,143.47,1377220
equity,INE292B01021,2026-09-21,765,748.3,749.85,898330
equity,INE15B701018,2026-09-21,196.1,191.46,193.7,18744636
equity,INE703B01027,2026-09-21,2861.1001,2756,2776.8999,38783
equity,INE790G01031,2026-09-21,1075,1017.6,1070.8,1476205
equity,INE172A01027,2026-09-21,197.2,193.15,193.5,2910985
equity,INE100A01010,2026-09-21,6150,6058.5,6086,19435
equity,INE235A01022,2026-09-21,1424.9,1395,1399.7,398902
equity,INE596I01020,2026-09-21,716.15,703.25,703.85,620900
equity,INE424H01027,2026-09-21,460.75,447.2,457.55,346139
equity,INE0AQ201015,2026-09-21,544.5,534.45,537.45,64441
equity,INE684F01012,2026-09-21,272.75,268.15,269.45,331530
equity,INE148I01020,2026-09-21,146.29,142.4,142.88,3543402
equity,INE152M01016,2026-09-21,572.2,553.25,555.65,298822
equity,INE673O01025,2026-09-21,1723.6,1684,1704.9,181669
equity,INE406M01024,2026-09-21,1330.9,1291,1295.3,60013
equity,INE230A01023,2026-09-21,317.45,306.1,309,307454
equity,INE02IJ01035,2026-09-21,2816,2750,2764.8999,249265
equity,INE462A01022,2026-09-21,3793.1001,3725,3775.1001,64891
equity,INE738I01010,2026-09-21,1962.8,1902.5,1951.2,118274
equity,INE385C01021,2026-09-21,511.4,501.1,503.25,221255
equity,INE131A01031,2026-09-21,561.85,553.2,557.9,632829
equity,INE769A01020,2026-09-21,502,481.05,499.8,805286
equity,INE0LXG01040,2026-09-21,37.25,36.4,37,32915914
equity,INE013P01021,2026-09-21,1643,1587,1599.2,319894
equity,INE03QK01018,2026-09-21,482.25,435.55,460.45,8798590
equity,INE05HV01027,2026-09-21,216.3,208.46,209.96,1509024
equity,INE203A01020,2026-09-21,6783,6624,6650,4522
equity,INE825A01020,2026-09-21,576.9,552.15,554.15,235586
equity,INE205C01021,2026-09-21,1728,1695.1,1706.2,72056
equity,INE501A01019,2026-09-21,1383.1,1338.6,1365.9,202462
equity,INE872J01023,2026-09-21,144,139.06,143.22,2842118
equity,INE0K9O01026,2026-09-21,320.1,301.7,320.1,11305222
equity,INE258A01024,2026-09-21,2155,2090.5,2097.8999,264454
equity,INE103V01028,2026-09-21,1256,1223,1228.5,18464
equity,INE552Z01027,2026-09-21,664,641.7,656.3,423120
equity,INE102B01014,2026-09-21,793,756.1,782.05,966736
equity,INE768C01028,2026-09-21,533.35,520,530.45,131531
equity,INE718I01012,2026-09-21,119.75,115.9,116.36,3863414
equity,INE842C01021,2026-09-21,693.4,678,679.6,165847
equity,INE085A01013,2026-09-21,420,413.25,417.2,498363
equity,INE03Q201024,2026-09-21,1446,1390.2,1400.4,255956
equity,INE373A01013,2026-09-21,3714.5,3555,3663.8,60650
equity,INE348B01021,2026-09-21,724.65,701,703.35,328751
equity,INE085J01014,2026-09-21,5019.5,4885,4930.5,61957
equity,INE168A01041,2026-09-21,146.85,143.43,145.95,2978836
equity,INE608A01012,2026-09-21,22.2,21.85,21.95,571381
equity,INE291A01017,2026-09-21,6770,6431.5,6454.5,33465
equity,INE386C01029,2026-09-21,1662.1,1622.6,1657.9,197687
equity,INE088F01024,2026-09-21,157.18,154.05,155.73,1949055
equity,INE943P01029,2026-09-21,504.7,487.2,490.3,235519
equity,INE251B01027,2026-09-21,1701,1657.7,1687.2,166893
equity,INE301O01023,2026-09-21,800,788,789.8,375549
equity,INE947N01017,2026-09-21,233.23,228.95,231.57,1065725
equity,INE177H01039,2026-09-21,239.6,232.6,236.8,1413064
equity,INE457L01029,2026-09-21,538.9,528.05,536.55,853299
equity,INE138Y01010,2026-09-21,917.85,892.2,896.7,586492
equity,INE548C01032,2026-09-21,382.4,370.5,380.6,1621062
equity,INE398R01022,2026-09-21,387.05,360.4,385.15,3622808
equity,INE092A01019,2026-09-21,698.5,668.6,694.7,3253162
equity,INE499A01024,2026-09-21,1008.9,981,984.2,29489
equity,INE685T01010,2026-09-21,54.32,52.51,52.74,2727392
equity,INE901L01018,2026-09-21,867.85,845,848.75,242136
equity,INE725A01030,2026-09-21,566.9,553.5,554.65,189000
equity,INE647U01026,2026-09-21,1365,1269.3,1340.5,217581
equity,INE885A01032,2026-09-21,801.8,791.1,794.3,308363
equity,INE686Y01026,2026-09-21,5199,5125,5149.5,15057
equity,INE04I401011,2026-09-21,538.1,526.95,536.8,2223576
equity,INE05XR01022,2026-09-21,32.85,32.19,32.27,3903649
equity,INE531A01024,2026-09-21,183.96,181.78,182.27,104622
equity,INE510A01028,2026-09-21,286.9,268.25,285.25,10639611
equity,INE228A01035,2026-09-21,542.6,505.2,533.9,3336342
equity,INE288A01013,2026-09-21,13771,13455,13609,4184
equity,INE818H01020,2026-09-21,433.45,418,430.8,404149
equity,INE128S01021,2026-09-21,536.95,518.7,524.95,764807
equity,INE043W01024,2026-09-21,1573.9,1543.3,1556.1,107149
equity,INE0J5401028,2026-09-21,476.5,465.55,473.6,510820
equity,INE055A01016,2026-09-21,1288.7,1233.2,1237.1,99442
equity,INE177A01018,2026-09-21,4237.2998,4149.6001,4206.3999,22846
equity,INE12UN01015,2026-09-21,274.8,248.4,272.75,13465306
equity,INE05C901015,2026-09-21,276.45,263,270.9,727077
equity,INE151G01028,2026-09-21,3400,3210,3265.1001,838692
equity,INE034A01011,2026-09-21,558.35,535.45,538.55,360504
equity,INE0QPI01025,2026-09-21,1165,1123.1,1144,99336
equity,INE299U01018,2026-09-21,226.69,225.05,225.05,1491613
equity,INE01TY01017,2026-09-21,153.59,149.8,152.97,830360
equity,INE704J01044,2026-09-21,34.53,33.81,33.87,14800747
equity,INE2J8701016,2026-09-21,3005,2861.2,2880,39736
equity,INE987B01026,2026-09-21,818.95,806.05,816.3,451347
equity,INE338H01029,2026-09-21,1592,1512.7,1579.4,561323
equity,INE995S01015,2026-09-21,82.03,79.59,80.48,957679
equity,INE750C01026,2026-09-21,339,321.2,338.1,3189102
equity,INE927D01051,2026-09-21,603.25,590.1,592.05,171182
equity,INE732A01036,2026-09-21,1827.3,1790.4,1797,17281
equity,INE421D01022,2026-09-21,1079.5,1055,1071,135661
equity,INE668A01016,2026-09-21,905,882.35,886.35,96755
equity,INE700A01033,2026-09-21,1091.85,1045,1049.25,304587
equity,INE961O01016,2026-09-21,1452.3,1435.1,1439.6,93792
equity,INE0LCL01028,2026-09-21,2563.8999,2441.1001,2485.8999,1046903
equity,INE951I01027,2026-09-21,328.45,322.1,324.95,255648
equity,INE00E101023,2026-09-21,576.9,555.3,558.95,114530
equity,INE536H01010,2026-09-21,398,381.5,395.15,393005
equity,INE119A01028,2026-09-21,678,661.1,663.65,554898
equity,INE290S01011,2026-09-21,2990.1001,2907.7,2918,162985
equity,INE133A01011,2026-09-21,3205,3129.3999,3159.5,10870
equity,INE663A01033,2026-09-21,878.8,851.1,865.6,259805
equity,INE065X01017,2026-09-21,606.4,594,595.95,193265
equity,INE933B01012,2026-09-21,909.4,848,908.95,443050
equity,INE0Z4F01028,2026-09-21,1706.8,1667.8,1695.4,53263
equity,INE825V01034,2026-09-21,551.1,533.8,536.7,168703
equity,INE371A01025,2026-09-21,837.95,811,812.8,994540
equity,INE212S01015,2026-09-21,764.35,745,760.9,355031
equity,INE418L01047,2026-09-21,372.7,366.2,367.25,444543
equity,INE999A01023,2026-09-21,823.1,801,802.6,109844
equity,INE930P01018,2026-09-21,1208.9,1150.1,1160.8,6030650
equity,INE545A01024,2026-09-21,248.9,240.9,248.5,1813114
equity,INE0Q9301021,2026-09-21,332.4,322.1,323.8,390809
equity,INE126A01031,2026-09-21,705,692.15,700.9,222482
equity,INE713T01028,2026-09-21,398.5,372.4,385.45,12586221
equity,INE00F201020,2026-09-21,3545,3387,3426.8,18107
equity,INE297H01019,2026-09-21,554.1,541,546.85,41459
equity,INE1CLE01013,2026-09-21,31.3,30.6,30.68,14393797
equity,INE109A01011,2026-09-21,286.9,278.2,280.55,2506605
equity,INE781S01027,2026-09-21,561,554,556.75,24379
equity,INE410B01037,2026-09-21,1240.1,1215.8,1222.1,62279
equity,INE671H01015,2026-09-21,1228.8,1205,1214,49708
equity,INE0NNS01018,2026-09-21,43.5,41.86,42.44,3530136
equity,INE482A01020,2026-09-21,3485,3375.5,3392.7,46913
equity,INE321T01012,2026-09-21,2115.3,2072,2083.1001,13031
equity,INE731H01025,2026-09-21,1268,1220.5,1230.4,604926
equity,INE869T01028,2026-09-21,1298.8,1205.4,1218.8,1799711
equity,INE694L01019,2026-09-21,31.25,30.7,30.78,5959497
equity,INE872H01027,2026-09-21,2116.8999,2062.2,2068.8,74594
equity,INE542F01020,2026-09-21,2750,2671,2713.3999,9627
equity,INE133E01013,2026-09-21,583,561.8,579.55,1306840
equity,INE12UR01024,2026-09-21,426,413.5,422.05,168108
equity,INE959A01019,2026-09-21,3545,3453.2,3525.6001,94831
equity,INE852O01025,2026-09-21,240.47,234.5,237.27,1262350
equity,INE532F01054,2026-09-21,142.95,135.79,139.52,12504087
equity,INE304W01038,2026-09-21,858,828.35,845.45,478364
equity,INE614B01018,2026-09-21,316,311.15,314.55,1337604
equity,INE066P01011,2026-09-21,78,75.52,77.5,11293611
equity,INE02ZQ01018,2026-09-21,2247.8999,2193.1001,2212.8999,20909
equity,INE824G01012,2026-09-21,11326,11141,11205,1081
equity,INE399G01023,2026-09-21,725,712.65,716.5,318768
equity,INE481N01025,2026-09-21,1273.9,1226.1,1257.7,492496
equity,INE676A01027,2026-09-21,842.5,805,831.35,1120154
equity,INE780C01023,2026-09-21,126.56,124.56,126.26,1592218
equity,INE665L01035,2026-09-21,879.9,854.8,872.55,233688
equity,INE00VM01036,2026-09-21,1979.9,1912,1923,125476
equity,INE118D01016,2026-09-21,331.55,324,330.55,116680
equity,INE551W01018,2026-09-21,65.25,64.1,64.79,4816181
equity,INE956G01038,2026-09-21,2155.7,2085.1001,2099.5,393829
equity,INE602A01031,2026-09-21,354.5,336,344.35,3337001
equity,INE00XB01019,2026-09-21,3188.8,3056.1001,3088,86428
equity,INE850D01014,2026-09-21,679.9,657.25,660.65,190635
equity,INE683A01023,2026-09-21,45.84,44.86,45.52,12134977
equity,INE255Z01027,2026-09-21,614,587,592.85,336266
equity,INE119201023,2026-09-21,287.5,282.5,284.7,324336
equity,INE064C01022,2026-09-21,23.29,22.96,23.02,2844566
equity,INE024L01027,2026-09-21,1610.5,1552.1,1580,272538
equity,INE136B01020,2026-09-21,1086.1,1055.1,1060.8,156528
equity,INE112L01020,2026-09-21,607.85,591,593.4,185451
equity,INE491J01022,2026-09-21,672,647.6,655.1,515955
equity,INE121R01077,2026-09-21,574.2,554.5,564.5,461059
equity,INE093R01011,2026-09-21,85.5,81.11,85.01,6822209
equity,INE01IU01018,2026-09-21,799.9,765.05,794.75,685236
equity,INE09XN01023,2026-09-21,830,779.7,821.45,825339
equity,INE191H01014,2026-09-21,1357.8,1322.6,1349.3,460503
equity,INE233B01017,2026-09-21,4849.7998,4794,4806.2002,5084
equity,INE615H01020,2026-09-21,857,838.2,841.05,378131
equity,INE807F01027,2026-09-21,252.7,247,251.65,1602344
equity,INE011K01018,2026-09-21,2149,1933.3,2129,4580597
equity,INE0SII01026,2026-09-21,1561,1466.1,1486.4,513453
equity,INE785M01021,2026-09-21,13.09,12.54,12.79,304134029
equity,INE540H01012,2026-09-21,10969,10721,10802,11529
equity,INE045601023,2026-09-21,1415,1342.9,1406.5,955531
equity,INE285K01026,2026-09-21,1057.25,1003.1,1012.25,260242
equity,INE094J01016,2026-09-21,928,890.05,924.8,129186
equity,INE625G01013,2026-09-21,841.9,772,784.7,2139760
equity,INE383A01012,2026-09-21,347.3,340,345,94362
equity,INE962Y01021,2026-09-21,110.58,108.39,108.85,1555449
equity,INE080I01025,2026-09-21,70.92,67.23,70.49,3129294
equity,INE903U01023,2026-09-21,785,752.4,761.9,201080
equity,INE351F01018,2026-09-21,17.49,16.05,16.48,587859403
equity,INE423Y01016,2026-09-21,92.64,91.09,91.28,481423
equity,INE1B6101010,2026-09-21,717.9,707.55,709.5,1291118
equity,INE010J01012,2026-09-21,524.35,512.05,516.85,1011267
equity,INE871C01038,2026-09-21,784.75,764.3,767,232387
equity,INE389H01022,2026-09-21,407.3,402,403.3,321934
equity,INE0BY001018,2026-09-21,631.75,614.05,627.25,278328
equity,INE002S01010,2026-09-21,1083.9,1070.5,1077.8,65214
equity,INE101I01011,2026-09-21,262.85,256,256.75,734601
equity,INE489L01022,2026-09-21,345.8,343,344.4,329452
equity,INE477A01020,2026-09-21,783,766.05,769.9,290056
equity,INE495B01038,2026-09-21,342.75,331.75,337.9,586343
equity,INE0UIZ01018,2026-09-21,636.85,620.75,629.95,672779
equity,INE022Q01020,2026-09-21,115.56,113.7,113.82,1812910
equity,INE573A01042,2026-09-21,352.5,344.05,346.9,404612
equity,INE940H01022,2026-09-21,1153.9,1130.4,1138.4,114831
equity,INE14LE01019,2026-09-21,81.52,80.6,80.89,411431
equity,INE520A01027,2026-09-21,437.95,431.6,436.4,914306
equity,INE075I01017,2026-09-21,714.4,695.1,701.35,67828
equity,INE050A01025,2026-09-21,1517.7,1475,1484.6,85944
equity,INE209L01016,2026-09-21,232.9,227.5,228.06,493430
equity,INE385F01024,2026-09-21,747.85,713.2,730.4,128659
equity,INE933S01016,2026-09-21,1656,1630,1631.4,49716
equity,INE320J01015,2026-09-21,208.34,202,203.23,426251
equity,INE716A01013,2026-09-21,741,720.05,723.65,316569
equity,INE216P01012,2026-09-21,1323.8,1285,1321.2,84855
equity,INE150B01039,2026-09-21,1916.2,1851.4,1867.9,38425
equity,INE717A01029,2026-09-21,4385,4274.2002,4348.2998,18761
equity,INE955D01029,2026-09-21,312.9,305.2,310.9,1093688
equity,INE260D01016,2026-09-21,1213.4,1188,1205.8,217191
equity,INE0CLI01024,2026-09-21,856.9,832.2,842.3,399753
equity,INE2KCE01013,2026-09-21,42.6,41.25,42.09,10076147
equity,INE0FOO01011,2026-09-21,125.88,121.65,122.49,5005139
equity,INE0KBH01020,2026-09-21,592,575.1,579.65,555419
equity,INE811A01038,2026-09-21,726,683,714.45,206889
equity,INE183A01024,2026-09-21,155.24,151.97,152.16,224529
equity,INE153T01027,2026-09-21,233.8,224.01,232.54,2011798
equity,INE0Q3J01015,2026-09-21,1466.3,1407.2,1416.5,145432
equity,INE939A01011,2026-09-21,1260.9,1217.4,1235.1,421704
equity,INE659A01023,2026-09-21,1274.9,1249.5,1257.9,126679
equity,INE205B01031,2026-09-21,424.1,412.6,413.45,170863
equity,INE0UOS01011,2026-09-21,4081,3975,3997.6001,4033
equity,INE001B01026,2026-09-21,397.25,386.15,393.15,258237
equity,INE306R01017,2026-09-21,668,642.7,659.1,221574
equity,INE123F01029,2026-09-21,60.68,59.64,59.79,750235
equity,INE149K01016,2026-09-21,186.52,182.46,183.15,365579
equity,INE0YD401026,2026-09-21,280,271,272.75,816718
equity,INE0JO301016,2026-09-21,1147.5,1112.9,1125.3,558832
equity,INE979A01025,2026-09-21,502.5,484.5,488.2,195004
equity,INE0V9Q01010,2026-09-21,217.9,210.2,214.42,613118
equity,INE02RE01045,2026-09-21,173.09,169.55,170.43,961798
equity,INE868B01028,2026-09-21,139.42,135.69,136.03,3358897
equity,INE199A01012,2026-09-21,5555,5479.5,5503.5,3243
equity,INE682M01020,2026-09-21,280.3,273.1,275.55,83129
equity,INE284A01012,2026-09-21,5650,5491,5561,6922
equity,INE726V01018,2026-09-21,771.45,753.1,756.5,139811
equity,INE508G01029,2026-09-21,181.9,178.21,180.23,3679418
equity,INE085001019,2026-09-21,695.4,667.6,672.35,210715
equity,INE271B01025,2026-09-21,734.7,698,706.95,261787
equity,INE594H01019,2026-09-21,575,551.1,571.45,350735
equity,INE0DRI01029,2026-09-21,1642.75,1564.55,1642.75,801393
equity,INE614G01033,2026-09-21,21.82,20.95,21,21400566
equity,INE294B01019,2026-09-21,6600,6260,6464,58379
equity,INE763I01026,2026-09-21,282.7,276.8,278.25,579858
equity,INE202Z01029,2026-09-21,465,451,460.35,114026
equity,INE299N01021,2026-09-21,817.25,807,813.9,85244
equity,INE953R01016,2026-09-21,614.95,600,601.55,197069
equity,INE213C01025,2026-09-21,605.85,595.05,599.3,59193
equity,INE483B01026,2026-09-21,454,433.2,436.15,270588
equity,INE227W01023,2026-09-21,861.9,831.3,834.9,305977
equity,INE03EI01018,2026-09-21,623,583.05,597.9,314471
equity,INE621H01010,2026-09-21,256,250,253.21,1257880
equity,INE665A01038,2026-09-21,306.7,291.2,302.2,1484157
equity,INE256A01028,2026-09-21,79,77.25,77.68,9517177
equity,INE113A01013,2026-09-21,598.85,582.75,589.9,600276
equity,INE0DD101019,2026-09-21,267.7,258.85,260.25,418713
equity,INE176A01028,2026-09-21,643.2,633.2,635.2,98799
equity,INE854B01010,2026-09-21,92.77,88.02,91.6,4272968
equity,INE372C01037,2026-09-21,485,466.05,473.7,384630
equity,INE131B01039,2026-09-21,302.4,292.05,293.55,309755
equity,INE386A01023,2026-09-21,406.8,397.05,397.75,43139
equity,INE201P01022,2026-09-21,874.95,819,824.85,156865
equity,INE063P01018,2026-09-21,74.46,72.2,72.43,1503921
equity,INE970X01018,2026-09-21,108.87,105.77,105.99,3924930
equity,INE716B01029,2026-09-21,665,653.95,660,194431
equity,INE912T01018,2026-09-21,1700,1625.1,1692.2,60653
equity,INE274F01020,2026-09-21,568.5,551.2,564.1,84362
equity,INE16W401027,2026-09-21,907.2,875.15,887.2,682991
equity,INE0KCE01017,2026-09-21,388.3,377.45,378.45,122274
equity,INE050E01027,2026-09-21,2217,2120.8999,2130.7,107775
equity,INE0M4D01010,2026-09-21,414.8,393.75,408.65,842098
equity,INE16NZ01023,2026-09-21,598,574.2,579.05,121518
equity,INE804L01022,2026-09-21,665.45,655,660.7,66888
equity,INE836A01035,2026-09-21,284.9,278,284.15,791424
equity,INE262A01018,2026-09-21,64.38,60,64.1,20990
equity,INE473D01015,2026-09-21,6097.5,5746.5,6062,19618
equity,INE069I01010,2026-09-21,59.26,53.88,58.89,5985106
equity,INE269A01021,2026-09-21,279.05,272.4,278.8,544521
equity,INE010601016,2026-09-21,1800,1740.9,1795.5,268431
equity,INE276A01018,2026-09-21,822.45,798.45,800.45,44283
equity,INE255A01020,2026-09-21,242.7,236,239.65,3816913
equity,INE221B01012,2026-09-21,12205,11933,12169,10449
equity,INE945H01021,2026-09-21,214.44,210,210.85,707901
equity,INE099Z01011,2026-09-21,427.4,413.45,418.55,1295356
equity,INE517F01014,2026-09-21,165.2,160.25,164.99,1724551
equity,INE0LRU01027,2026-09-21,871.2,811.2,846.45,2420466
equity,INE679V01027,2026-09-21,640.9,626.75,629.3,53731
equity,INE813A01018,2026-09-21,368.5,358.1,362.65,96705
equity,INE690A01028,2026-09-21,535.5,517.05,524.9,117081
equity,INE036B01030,2026-09-21,162.84,156.51,161.25,524434
equity,INE0CJD01029,2026-09-21,3038,2841.1001,2878.8999,185363
equity,INE460H01021,2026-09-21,196.42,192.76,193.5,130269
equity,INE640A01023,2026-09-21,1544.8,1518.4,1532.5,55845
equity,INE600K01018,2026-09-21,2254.3,2175.1001,2188.5,35803
equity,INE743M01012,2026-09-21,373.2,366.15,368,62663
equity,INE0U3I01011,2026-09-21,1703,1570,1698.4,608531
equity,INE884B01025,2026-09-21,487,470.35,480.5,174585
equity,INE0LMW01024,2026-09-21,325,314.6,321.95,424795
equity,INE429E01023,2026-09-21,1512.5,1480,1485.7,17267
equity,INE0LZF01039,2026-09-21,118.53,112.54,113.67,1540969
equity,INE619B01017,2026-09-21,497,487.85,494.1,382959
equity,INE04TZ01018,2026-09-21,2686.8999,2575,2593.8,34401
equity,INE739E01017,2026-09-21,5640,5520,5528,6394
equity,INE254N01026,2026-09-21,625,611.6,617.75,72898
equity,INE0CU601026,2026-09-21,93.89,92,92.43,645124
equity,INE668F01031,2026-09-21,197.4,194.4,194.67,307776
equity,INE284S01014,2026-09-21,2422.8,2305.7,2329.6001,203624
equity,INE317F01035,2026-09-21,1115.4,1075.6,1081.9,36766
equity,INE922K01024,2026-09-21,688,672.55,674.6,33541
equity,INE517B01013,2026-09-21,35.92,35.26,35.36,893060
equity,INE987S01020,2026-09-21,1067.05,1017,1032.15,279845
equity,INE789E01012,2026-09-21,432.85,422.1,422.9,228863
equity,INE0HV901016,2026-09-21,165.98,160.2,160.98,394229
equity,INE666D01022,2026-09-21,477.35,462,473.75,469661
equity,INE806T01020,2026-09-21,241.9,228.37,238.37,2643733
equity,INE211R01019,2026-09-21,2483,2378.5,2444.2,66185
equity,INE555B01013,2026-09-21,1878.8,1782.7,1839.7,160111
equity,INE900L01028,2026-09-21,161.5,158.1,160.76,542430
equity,INE058A01010,2026-09-21,3104.8999,3072.8,3077.3,10577
equity,INE855B01025,2026-09-21,215.95,207.32,212.18,3399674
equity,INE545H01011,2026-09-21,3094,3035,3043.3999,13134
equity,INE416D01022,2026-09-21,705,660,661.55,186811
equity,INE024001021,2026-09-21,524.8,500.65,515.5,931850
equity,INE503A01015,2026-09-21,220.54,216.47,218.77,550532
equity,INE916U01025,2026-09-21,668.3,639,643.5,160382
equity,INE510W01014,2026-09-21,173.2,170,172.34,1375416
equity,INE428V01029,2026-09-21,759.8,735.2,751.6,144405
equity,INE011E01029,2026-09-21,529.5,513.15,518.65,478789
equity,INE919H01018,2026-09-21,1261,1228.2,1238,117437
equity,INE495P01020,2026-09-21,229.02,219.1,225.68,1086317
equity,INE221J01015,2026-09-21,753.55,738.2,745.75,103522
equity,INE899I01028,2026-09-21,1171,1104.7,1156.05,1302847
equity,INE07T201019,2026-09-21,97.74,94.8,95.22,2385766
equity,INE483C01032,2026-09-21,495.2,484,493.4,340336
equity,INE07RO01027,2026-09-21,965.25,903.65,957.7,538805
equity,INE18JU01028,2026-09-21,706.9,671.9,690.45,727792
equity,INE340A01012,2026-09-21,840.3,820.35,825.05,56704
equity,INE278Y01022,2026-09-21,213.4,209,211.16,484658
equity,INE314T01033,2026-09-21,226.42,219.1,221.16,255643
equity,INE055S01018,2026-09-21,968.7,906,912.4,432427
equity,INE933K01021,2026-09-21,524.4,508.9,515.3,602599
equity,INE420C01059,2026-09-21,94.88,89.82,92.85,34251160
equity,INE0DUT01020,2026-09-21,1228.9,1179.8,1198.3,109529
equity,INE02YR01019,2026-09-21,197.78,188.81,191.28,3557184
equity,INE439E01022,2026-09-21,569,556.6,560.35,387867
equity,INE688A01022,2026-09-21,838,801,807.25,54661
equity,INE274Y01021,2026-09-21,569.2,555.6,562.6,39739
equity,INE0LXT01019,2026-09-21,118.73,116.02,116.41,274468
equity,INE921L01032,2026-09-21,584.5,565,568.1,138170
equity,INE305A01023,2026-09-21,142.31,139.54,140.06,7478679
equity,INE00GO01025,2026-09-21,147.5,141.54,145.9,4214622
equity,INE0RB801010,2026-09-21,1413,1380.1,1395.1,125365
equity,INE399C01030,2026-09-21,502,479.65,480.85,119711
equity,INE665J01013,2026-09-21,818,798.65,808.8,71017
equity,INE917M01012,2026-09-21,433.65,418.55,421.3,1171769
equity,INE0UH301010,2026-09-21,564,538.05,551.35,788403
equity,INE026A01025,2026-09-21,152.8,150.57,150.75,566471
equity,INE232I01014,2026-09-21,198.33,193,196.1,661924
equity,INE647O01011,2026-09-21,50.56,49.7,49.85,2352382
equity,INE386D01027,2026-09-21,1186,1111.9,1144.1,526873
equity,INE021O01019,2026-09-21,1090.7,1061.1,1065.1,10027
equity,INE0J5801029,2026-09-21,510.5,505,508.1,223216
equity,INE786A01032,2026-09-21,532.85,514.15,515.75,71926
equity,INE091G01026,2026-09-21,64.44,62.2,63.56,1218072
equity,INE027A01015,2026-09-21,110.69,108.5,108.74,1035395
equity,INE460C01014,2026-09-21,748.55,733.05,742.45,13488
equity,INE083A01026,2026-09-21,126.8,120.8,122.35,17854846
equity,INE128X01021,2026-09-21,476.25,458,466.25,373995
equity,INE04VU01023,2026-09-21,363.45,347.8,350.15,87851
equity,INE0AG901020,2026-09-21,382,370.45,379.95,225114
equity,INE947A01014,2026-09-21,357.6,345.4,352.85,201915
equity,INE0NAZ01010,2026-09-21,555.5,535.9,540.25,146404
equity,INE544R01021,2026-09-21,233.1,227.49,228.76,26178
equity,INE074A01025,2026-09-21,316.95,311.55,312.15,256433
equity,INE0QJW01029,2026-09-21,573.75,537.2,560.35,670596
equity,INE078V01014,2026-09-21,167.75,163.5,163.75,1112179
equity,INE285J01028,2026-09-21,436.55,418.2,420.55,408293
equity,INE256C01024,2026-09-21,241.2,234.45,238.75,471883
equity,INE546C01010,2026-09-21,599.85,587,591.2,106204
equity,INE542W01025,2026-09-21,324.7,283.9,321.4,18325693
equity,INE007N01010,2026-09-21,156.9,150.71,151.74,710264
equity,INE549A01026,2026-09-21,22.21,21.47,21.83,17293181
equity,INE570A01022,2026-09-21,446.05,430.1,432.25,202622
equity,INE045J01034,2026-09-21,58.34,55.43,55.75,14444022
equity,INE0ISX01025,2026-09-21,618,585.25,610.35,375724
equity,INE126M01010,2026-09-21,31.43,28.88,29.09,13436977
equity,INE01JE01028,2026-09-21,421,376.15,415.8,1825343
equity,INE955V01021,2026-09-21,435,421.1,427.6,130718
equity,INE993A01026,2026-09-21,879,853.5,859.75,780257
equity,INE599M01018,2026-09-21,693,663.35,682.7,143726
equity,INE602W01027,2026-09-21,350.05,340.1,341.9,295921
equity,INE485C01029,2026-09-21,209.01,200.54,202.91,2431309
equity,INE136S01016,2026-09-21,2499.7,2334,2359.8,392319
equity,INE908D01010,2026-09-21,474.7,460,470.95,474292
equity,INE858B01029,2026-09-21,858.8,772.85,852.85,592841
equity,INE887G01027,2026-09-21,731.65,687.4,694.7,707582
equity,INE162B01018,2026-09-21,5884,5750,5778,6682
equity,INE247D01039,2026-09-21,50.85,48.95,49.81,4890463
equity,INE454P01035,2026-09-21,415.7,407.35,414.2,230286
equity,INE395N01027,2026-09-21,133.85,131.51,132.85,415337
equity,INE239C01020,2026-09-21,3295,3161.2,3195.5,54413
equity,INE227J01012,2026-09-21,276.95,268,269.9,42859
equity,INE191A01027,2026-09-21,1096.65,975,1081.8,573549
equity,INE679A01013,2026-09-21,336,330.1,334.8,261155
equity,INE506W01020,2026-09-21,183,174.5,182.4,1006347
equity,INE802C01033,2026-09-21,375,360,361.75,395944
equity,INE09VQ01012,2026-09-21,1134.5,1088.3,1130.5,58521
equity,INE953L01027,2026-09-21,537.25,521.9,531.3,835023
equity,INE010A01011,2026-09-21,117.8,115.86,116.44,335784
equity,INE258B01022,2026-09-21,365.6,350.15,362.4,203702
equity,INE879I01012,2026-09-21,97.36,95,95.29,851636
equity,INE320B01020,2026-09-21,4805,4350,4739.2002,296060
equity,INE0I7C01011,2026-09-21,257,252,252.45,364836
equity,INE353K01014,2026-09-21,660.75,647,651.95,51090
equity,INE694D01016,2026-09-21,7650,7310.5,7415,16279
equity,INE759A01021,2026-09-21,1601.8,1571.7,1589.2,37730
equity,INE737H01014,2026-09-21,1949,1890.1,1901.1,53900
equity,INE483S01020,2026-09-21,16.28,15.82,16,6402972
equity,INE12F801023,2026-09-21,368.85,353.8,362.5,1819776
equity,INE323I01011,2026-09-21,216.3,212.27,214.94,166913
equity,INE0J1F01024,2026-09-21,816.4,772.45,811.9,204985
equity,INE279A01012,2026-09-21,1487.9,1434.1,1477.5,85373
equity,INE337A01034,2026-09-21,1736.4,1718.7,1731.4,19176
equity,INE13B501022,2026-09-21,434,404,431.6,308836
equity,INE419U01012,2026-09-21,322.85,316.6,317.8,569666
equity,INE942C01045,2026-09-21,431.5,405,413.7,495483
equity,INE348L01012,2026-09-21,293,285.2,292.15,130822
equity,INE0BV301023,2026-09-21,913.9,889.1,900.5,103519
equity,INE186A01019,2026-09-21,645,628,629.5,74364
equity,INE615P01015,2026-09-21,369.5,348.8,363.1,955604
equity,INE635Q01029,2026-09-21,1081.7,1054.4,1058.4,48310
equity,INE559A01017,2026-09-21,1258.4,1215,1222.3,19644
equity,INE025R01021,2026-09-21,344.8,335,339.05,339752
equity,INE348A01023,2026-09-21,541.85,519.25,532.25,391419
equity,INE071N01016,2026-09-21,1124.9,1095.1,1111,23879
equity,INE332A01027,2026-09-21,106.07,104.04,105.03,409652
equity,INE752H01013,2026-09-21,1666.3,1617.1,1627.6,29682
equity,INE207E01023,2026-09-21,562.45,547.55,550.1,121420
equity,INE306A01021,2026-09-21,20.38,19.15,20.18,19485794
equity,INE366I01010,2026-09-21,294.45,291,292.25,96495
equity,INE025B01025,2026-09-21,335.2,322.4,323.35,399675
equity,INE086A01029,2026-09-21,74.15,72.75,73.63,1039883
equity,INE255X01014,2026-09-21,735,700,729.85,155179
equity,INE541A01023,2026-09-21,1533.6,1441.6,1507.2,894431
equity,INE490G01020,2026-09-21,245.99,240.6,241.35,321012
equity,INE350C01017,2026-09-21,610.9,582.95,590.75,188741
equity,INE087H01022,2026-09-21,23.15,22.51,22.98,9697832
equity,INE035D01020,2026-09-21,734.55,706.75,724.7,275324
equity,INE111Q01021,2026-09-21,355,346,353.85,89692
equity,INE597I01028,2026-09-21,969.9,944,957.75,72546
equity,INE949H01023,2026-09-21,126.41,122.21,123.22,1182512
equity,INE0FHS01024,2026-09-21,763.35,720.55,726.3,326239
equity,INE0E7301029,2026-09-21,148.29,145.3,146.66,144051
equity,INE218I01013,2026-09-21,235.9,228.6,231.1,694974
equity,INE00WV01027,2026-09-21,233.19,226.6,229.9,489891
equity,INE616Z01012,2026-09-21,4050.8,3933.7,3945.8,11108
equity,INE841L01016,2026-09-21,702.15,672.55,681.1,284817
equity,INE782A01015,2026-09-21,1709.9,1675.6,1685.7,13525
equity,INE301A01014,2026-09-21,1120,969.95,1084.95,6712338
equity,INE0B9K01025,2026-09-21,316.5,305,316.1,43684
equity,INE850M01015,2026-09-21,324.55,310.5,319.15,1666629
equity,INE516A01017,2026-09-21,663.95,654.2,656.15,40593
equity,INE696F01016,2026-09-21,229.32,221.05,222.92,164455
equity,INE039C01032,2026-09-21,130.5,126.05,129.24,1916078
equity,INE291D01011,2026-09-21,4045,3822.6001,4006.8,64856
equity,INE417C01014,2026-09-21,4063.8,3942.8,4027.1001,4122
equity,INE576O01020,2026-09-21,180.4,177.25,177.62,400018
equity,INE631A01022,2026-09-21,712,689,691.3,48594
equity,INE459A01010,2026-09-21,3340,3280,3305.3999,438
equity,INE415A01038,2026-09-21,824,744,819.35,1015912
equity,INE270I01022,2026-09-21,729.9,710.9,716.5,64952
equity,INE263M01029,2026-09-21,359.8,348.45,354.45,25052
equity,INE519A01011,2026-09-21,6799.5,6544.5,6643,18684
equity,INE621L01012,2026-09-21,117.99,113.51,114.43,1594208
equity,INE127I01024,2026-09-21,529.9,513.7,523.9,603046
equity,INE725G01011,2026-09-21,4601.7998,4518.7998,4545.7002,27497
equity,INE335A01020,2026-09-21,212.23,210,211.18,273968
equity,INE195J01029,2026-09-21,141.25,135.57,140.47,1464046
equity,INE236E01022,2026-09-21,382,368.3,373.45,450746
equity,INE645S01024,2026-09-21,176.75,171.23,172.68,761410
equity,INE1KZI01025,2026-09-21,540.8,521.5,526.85,1206038
equity,INE024F01011,2026-09-21,4109.2002,3948,3976.7,19753
equity,INE287B01021,2026-09-21,724.45,710.2,714.9,21479
equity,INE877F01012,2026-09-21,158.38,155.8,156.28,1151478
equity,INE501X01029,2026-09-21,192.5,185.55,187.11,1101931
equity,INE497B01018,2026-09-21,1764.6,1692,1698.8,26750
equity,INE435G01025,2026-09-21,986.6,962.25,975.6,16809
equity,INE224A01026,2026-09-21,200.5,195.5,198.58,705324
equity,INE943D01017,2026-09-21,2676.8,2595.3999,2617.2,8887
equity,INE618R01015,2026-09-21,632.2,619,623.25,156987
equity,INE365B01017,2026-09-21,779.9,762.3,773.85,71980
equity,INE105J01010,2026-09-21,2828.8,2746.1001,2760.2,5208
equity,INE742B01025,2026-09-21,446.7,433.3,435.65,56909
equity,INE054A01027,2026-09-21,304.5,294.1,295.9,238038
equity,INE805D01034,2026-09-21,294.95,286.2,290,96896
equity,INE870H01013,2026-09-21,27.32,26.56,26.79,2783445
equity,INE878A01011,2026-09-21,688.9,658,688.9,340873
equity,INE00M201021,2026-09-21,176.34,172.21,173.27,972340
equity,INE01QM01018,2026-09-21,671,616.6,662,1925129
equity,INE0OJW01016,2026-09-21,1384.1,1310.1,1359.7,270345
equity,INE349A01021,2026-09-21,538,522.5,528.5,1157056
equity,INE277A01016,2026-09-21,3629,3558.2,3572.3999,4769
equity,INE976A01021,2026-09-21,777,755,760.25,192861
equity,INE0OXY01013,2026-09-21,1495,1396.25,1410.6,69840
equity,INE0OC301013,2026-09-21,135.4,130.4,131.17,407901
equity,INE715A01015,2026-09-21,2247,2130,2174.8999,153183
equity,INE498B01024,2026-09-21,406.55,393.15,394.95,51648
equity,INE835D01023,2026-09-21,1262.8,1230.1,1241.2,34369
equity,INE998I01010,2026-09-21,202.22,195.5,201.37,126373
equity,INE896L01010,2026-09-21,241.08,234,235.45,38098
equity,INE17IR01028,2026-09-21,281.8,273.8,275.95,401148
equity,INE935B01025,2026-09-21,210.4,205.7,206.05,984883
equity,INE0JUS01029,2026-09-21,476.8,446,467.9,776655
equity,INE688D01026,2026-09-21,164.61,157.47,160.26,141725
equity,INE06ST01018,2026-09-21,195.75,186.36,188.34,33260
equity,INE005B01027,2026-09-21,150.28,144,145.01,952266
equity,INE907A01026,2026-09-21,976.8,935.4,944.45,60394
equity,INE450D01021,2026-09-21,1154,1122.9,1134.4,44508
equity,INE613A01020,2026-09-21,205.75,201.73,202.15,422822
equity,INE02ID01020,2026-09-21,657.9,641.55,646.15,166495
equity,INE111B01023,2026-09-21,905,883.45,892.05,281652
equity,INE766P01016,2026-09-21,401.6,386.6,399.3,79972
equity,INE539A01019,2026-09-21,427.9,420,421.55,45084
equity,INE758C01029,2026-09-21,589.3,575.85,580.2,41107
equity,INE421C01016,2026-09-21,4901,4513.5,4592,21008
equity,INE225D01027,2026-09-21,599,590.05,597.8,46973
equity,INE399K01017,2026-09-21,7.41,7.1,7.11,24044976
equity,INE244O01017,2026-09-21,859,820.05,854.85,121769
equity,INE767A01016,2026-09-21,440.85,427.7,435.5,114136
equity,INE0GK401011,2026-09-21,1770,1707.7,1761.2,46562
equity,INE358U01012,2026-09-21,1324.4,1138.9,1287.8,401249
equity,INE250A01039,2026-09-21,3769.1001,3655,3722.2,7613
equity,INE094I01018,2026-09-21,432.8,414,426.4,78892
equity,INE295D01020,2026-09-21,151.39,143.16,143.9,523366
equity,INE0ILV01024,2026-09-21,524.9,484.05,510.15,907446
equity,INE325D01025,2026-09-21,24.76,23.9,23.99,832166
equity,INE925R01014,2026-09-21,235.49,229.8,232.14,664959
equity,INE332H01014,2026-09-21,3416.8,3250,3313.5,13972
equity,INE270A01029,2026-09-21,7.2,6.99,7.13,12305596
equity,INE056I01025,2026-09-21,297,278.65,293.2,7460060
equity,INE351A01035,2026-09-21,554.85,521.55,540.65,72661
equity,INE349Y01013,2026-09-21,766.05,731.6,766.05,454606
equity,INE0JPD01013,2026-09-21,487.5,475,479.9,51399
equity,INE834M01019,2026-09-21,28.4,26.34,27.08,1763256
equity,INE0XAD01024,2026-09-21,1003,975.1,988.3,11386
equity,INE455I01029,2026-09-21,714.85,694.9,710.65,62802
equity,INE142Z01019,2026-09-21,169.6,165.89,168.01,137603
equity,INE193E01025,2026-09-21,328,322.35,326,95027
equity,INE132H01018,2026-09-21,701.9,682.2,687.05,79040
equity,INE461C01038,2026-09-21,292.85,288.15,289.9,76796
equity,INE989A01032,2026-09-21,440.8,425.1,436.65,171389
equity,INE12NJ01018,2026-09-21,161.63,148.4,155.13,59833915
equity,INE753U01022,2026-09-21,1159.7,1105,1124.4,54047
equity,INE278H01035,2026-09-21,607.1,589.3,591.45,87770
equity,INE0EK901012,2026-09-21,133.82,129.5,129.97,219430
equity,INE633B01018,2026-09-21,1113,1090.1,1107.7,41946
equity,INE822C01015,2026-09-21,3969,3802.6001,3881.1001,4846
equity,INE01EO01010,2026-09-21,3191.5,3065,3191.5,8355
equity,INE932X01026,2026-09-21,228.63,222.01,227.11,2975929
equity,INE576I01022,2026-09-21,488,477.25,479.5,46135
equity,INE884A01027,2026-09-21,211.35,207.12,208.01,183735
equity,INE0MWH01014,2026-09-21,425.05,412,415.05,279871
equity,INE063E01061,2026-09-21,478,464.5,472.85,436490
equity,INE415I01015,2026-09-21,557.4,530.05,537.5,558634
equity,INE578A01017,2026-09-21,147.01,141.41,141.67,176823
equity,INE764D01017,2026-09-21,4324.1001,4192.2002,4290.7002,11400
equity,INE0S3G01027,2026-09-21,157.7,154.12,154.86,311826
equity,INE365D01021,2026-09-21,414.35,355.55,405.55,1011498
equity,INE0AJG01018,2026-09-21,122.09,119.5,120.02,166831
equity,INE391J01032,2026-09-21,91,87.3,88.92,1807365
equity,INE189B01011,2026-09-21,2135,2071.8999,2096.1001,29094
equity,INE229H01012,2026-09-21,629.75,607.25,610.8,140230
equity,INE0FFK01017,2026-09-21,1841.8,1770,1789.6,67676
equity,INE050H01012,2026-09-21,1366.5,1294,1345.6,59658
equity,INE294Z01018,2026-09-21,1655,1629,1632.1,12383
equity,INE863B01029,2026-09-21,676.95,666.05,675.15,165042
equity,INE495A01022,2026-09-21,393.15,377.6,384.1,204296
equity,INE978A01027,2026-09-21,429.9,416.05,421.5,544761
equity,INE710A01016,2026-09-21,208.7,206.12,206.76,77120
equity,INE150G01020,2026-09-21,1247.9,1128,1192.4,328369
equity,INE1SY401010,2026-09-21,604.6,582.2,585.45,383796
equity,INE050M01012,2026-09-21,417.05,402,410.8,146996
equity,INE634I01029,2026-09-21,126.99,121.76,121.93,1476166
equity,INE046W01019,2026-09-21,195,187.3,188.75,130793
equity,INE0LLY01014,2026-09-21,204.8,199.43,203.89,651755
equity,INE950I01011,2026-09-21,186.99,181.52,182.62,74685
equity,INE185Q01025,2026-09-21,115,110.56,113.36,15597333
equity,INE812G01025,2026-09-21,474.4,445,466.5,2234101
equity,INE488V01015,2026-09-21,839.6,805.55,820.15,54262
equity,INE976R01033,2026-09-21,277.15,267.65,271.15,2842048
equity,INE870D01012,2026-09-21,67.66,66.54,66.83,479142
equity,INE816B01035,2026-09-21,103,92.91,102.2,13909256
equity,INE414D01027,2026-09-21,248.45,242.4,245.75,144638
equity,INE08U801020,2026-09-21,170,151.75,160.26,3518283
equity,INE066O01014,2026-09-21,529.4,509.95,511.95,74597
equity,INE0JA001018,2026-09-21,2347.8999,2211.1001,2231.2,488921
equity,INE03CC01015,2026-09-21,2145,2001,2111.3999,19744
equity,INE818A01017,2026-09-21,1158.3,1092.1,1100.8,612491
equity,INE643A01035,2026-09-21,118,115,115.37,197576
equity,INE124E01038,2026-09-21,324,314.8,317.45,53864
equity,INE0L9R01028,2026-09-21,259.7,254,257.05,47564
equity,INE0I0M01023,2026-09-21,241.4,228.56,230.12,178939
equity,INE116A01032,2026-09-21,628.65,605,608.7,140490
equity,INE11XY01018,2026-09-21,483.65,473.3,475.95,112991
equity,INE139R01012,2026-09-21,187.9,182.73,184.67,213462
equity,INE837H01020,2026-09-21,297.8,287,294.05,395562
equity,INE549H01021,2026-09-21,505.5,495.05,496.1,76777
equity,INE482D01024,2026-09-21,1139,1058.3,1064.9,202364
equity,INE442H01029,2026-09-21,115.79,111.96,112.66,910465
equity,INE707A01012,2026-09-21,2895,2700,2853.2,171023
equity,INE855C01023,2026-09-21,73.84,71.16,72.03,1266424
equity,INE266Y01019,2026-09-21,1487.8,1418,1422.6,17753
equity,INE899L01030,2026-09-21,209.5,196,198.29,24543
equity,INE760L01018,2026-09-21,633.7,585.6,633.7,817339
equity,INE681B01017,2026-09-21,371.7,359.8,365.95,219559
equity,INE206N01018,2026-09-21,147.4,140.88,143.93,159643
equity,INE266D01021,2026-09-21,88.2,84.01,85.34,1292053
equity,INE040D01038,2026-09-21,760,729.4,751.25,87870
equity,INE162A01010,2026-09-21,192.89,186,189.36,313414
equity,INE0BYP01024,2026-09-21,281.7,275.1,276.2,196422
equity,INE683C01011,2026-09-21,1007.95,990,998.25,38649
equity,INE922A01025,2026-09-21,131.2,127.05,128.1,849603
equity,INE401H01017,2026-09-21,490.45,485,486,12670
equity,INE450U01017,2026-09-21,475.05,463.35,469.2,187504
equity,INE310A01015,2026-09-21,1914.7,1832.1,1888.6,37771
equity,INE24OJ01011,2026-09-21,1313.5,1259.4,1280,63580
equity,INE052A01021,2026-09-21,303.05,294,295.85,17092
equity,INE926X01010,2026-09-21,445.95,440.35,442.65,50346
equity,INE883N01014,2026-09-21,284.7,267.85,272.4,1706560
equity,INE172N01012,2026-09-21,53.64,52.5,52.87,507838
equity,INE689W01016,2026-09-21,272.35,265.2,266.1,116219
equity,INE342G01023,2026-09-21,219,214.26,215.26,98518
equity,INE445C01015,2026-09-21,1228.9,1185,1195.1,65058
equity,INE02PY01013,2026-09-21,267,255.76,261.14,101036
equity,INE915B01019,2026-09-21,386,371,379.4,762788
equity,INE624Z01016,2026-09-21,765,735,753.25,535832
equity,INE202H01019,2026-09-21,1796,1725,1779.7,168299
equity,INE01FR01028,2026-09-21,403.05,385.55,394.75,1044725
equity,INE506A01018,2026-09-21,1009.9,988.3,994.7,36397
equity,INE164A01016,2026-09-21,167.41,165.7,166.01,54022
equity,INE227C01017,2026-09-21,630,612,612.85,33645
equity,INE411H01032,2026-09-21,246.21,239.35,243.08,94887
equity,INE0V7W01012,2026-09-21,535,518.85,528.35,49204
equity,INE039O01029,2026-09-21,596.9,541,575.9,14684581
equity,INE347A01017,2026-09-21,1032.1,1005.1,1010.1,35115
equity,INE305C01029,2026-09-21,491.95,470.2,475.15,175393
equity,INE903D01011,2026-09-21,374.4,360,361.7,38716
equity,INE182D01020,2026-09-21,426.8,408,417.65,78220
equity,INE034S01021,2026-09-21,594,550.5,574.4,70686
equity,INE197D01010,2026-09-21,767,726.7,741.5,43706
equity,INE023A01030,2026-09-21,5585,5487,5527,1399
equity,INE045A01017,2026-09-21,1587.9,1564.7,1576.4,13795
equity,INE885H01029,2026-09-21,209.77,199.1,206.87,380293
equity,INE982B01027,2026-09-21,268.7,257.5,267.9,124948
equity,INE495C01010,2026-09-21,592.4,569.5,578.8,27954
equity,INE0NLT01010,2026-09-21,323.85,315.3,317.25,213407
equity,INE060A01024,2026-09-21,128,125.42,126.82,139117
equity,INE713R01022,2026-09-21,496.65,480.05,490.9,252005
equity,INE163A01018,2026-09-21,198.44,192.5,194.57,1373559
equity,INE615I01010,2026-09-21,836.9,819.75,830.8,51319
equity,INE0Q3R01026,2026-09-21,1274.7,1250,1251.8,1759
equity,INE00M901018,2026-09-21,1718,1680.5,1709.4,32288
equity,INE426A01027,2026-09-21,105.39,102.21,103.54,427143
equity,INE886D01026,2026-09-21,181.02,178,178.43,82310
equity,INE0N2P01017,2026-09-21,771.95,723,748.05,223888
equity,INE231F01020,2026-09-21,1748.9,1702.8,1710,16201
equity,INE579C01029,2026-09-21,629,597.3,616.05,276255
equity,INE0HR601026,2026-09-21,262,254.05,259.9,70963
equity,INE614A01028,2026-09-21,333.05,325.05,326.15,47191
equity,INE0S4R01014,2026-09-21,177.8,173.5,176.49,124288
equity,INE529A01010,2026-09-21,446.15,437.3,439.1,101671
equity,INE393P01035,2026-09-21,1107.7,1068,1099.3,14344
equity,INE00IN01015,2026-09-21,839.8,812.1,815.1,54074
equity,INE425Y01011,2026-09-21,850,833.45,843.4,13946
equity,INE475B01022,2026-09-21,235,226.04,229.15,555365
equity,INE552D01024,2026-09-21,93.2,87.62,88.96,3635567
equity,INE382M01027,2026-09-21,720,687.1,716.15,13146
equity,INE385W01011,2026-09-21,171.9,168.5,170.5,131392
equity,INE079J01017,2026-09-21,53.88,52.11,52.51,406583
equity,INE08KJ01020,2026-09-21,134.19,131.4,132.17,335463
equity,INE00GK01023,2026-09-21,1128.75,1065,1107.05,138250
equity,INE244B01030,2026-09-21,25.99,25.46,25.75,2618475
equity,INE920A01037,2026-09-21,714.7,664,684,72539
equity,INE198501012,2026-09-21,237.4,222.15,224,312956
equity,INE212I01016,2026-09-21,993,970.3,973.1,37851
equity,INE488A01050,2026-09-21,191,170,181.17,1444196
equity,INE703H01016,2026-09-21,179.09,174.5,175.73,198714
equity,INE845D01014,2026-09-21,1018.6,991.7,1008.2,63820
equity,INE126J01016,2026-09-21,557,534.2,539.5,468130
equity,INE876N01018,2026-09-21,126,122.4,125.07,1146986
equity,INE092B01025,2026-09-21,1276.5,1227.2,1238.6,45736
equity,INE717W01049,2026-09-21,277.95,265.2,267.65,534706
equity,INE1AG301022,2026-09-21,128.3,119.26,126.59,1430370
equity,INE735W01017,2026-09-21,14.24,13.93,14,4746656
equity,INE464A01036,2026-09-21,2220,2181,2187,18106
equity,INE725E01024,2026-09-21,3859.3,3801.5,3820.8,4696
equity,INE484C01030,2026-09-21,1389.7,1355,1357,9774
equity,INE602G01020,2026-09-21,119.5,116,116.12,383610
equity,INE00Y201027,2026-09-21,240,233.1,238.8,45167
equity,INE488B01017,2026-09-21,9966,9771,9798,1033
equity,INE449A01011,2026-09-21,1707,1672,1694,2043
equity,INE02A801020,2026-09-21,446.85,438.2,441,31023
equity,INE456Z01021,2026-09-21,339.4,318.05,336.6,757836
equity,INE637C01025,2026-09-21,750.6,730.25,732.9,65660
equity,INE451D01029,2026-09-21,458.15,446.1,452.75,172848
equity,INE187D01029,2026-09-21,485.8,462.2,467.3,382592
equity,INE276G01015,2026-09-21,519,480.25,483.5,345467
equity,INE076B01028,2026-09-21,536.8,524.05,530,18552
equity,INE750A01020,2026-09-21,147.54,142.75,144.06,1833650
equity,INE209A01019,2026-09-21,714.4,653,707.95,220799
equity,INE771F01041,2026-09-21,35.94,32.5,32.87,1545886
equity,INE792Z01011,2026-09-21,409.95,402.5,404.55,83629
equity,INE800H01010,2026-09-21,118.3,113.12,114,573183
equity,INE0OAF01028,2026-09-21,419.15,406.05,409,96858
equity,INE777F01014,2026-09-21,168,159.78,161.61,1175635
equity,INE498Q01014,2026-09-21,178,172.5,176.33,1599235
equity,INE351Y01019,2026-09-21,2089.8,2033.9,2074.6001,10479
equity,INE343B01030,2026-09-21,71.5,69.76,70.62,159860
equity,INE345A01011,2026-09-21,181.5,176.01,176.63,319216
equity,INE751B01018,2026-09-21,1755.3,1723.2,1730.7,4685
equity,INE836B01017,2026-09-21,222,217.22,221.12,97493
equity,INE07K301024,2026-09-21,185.57,178.56,180.01,1280485
equity,INE858F01012,2026-09-21,90.42,85.98,89.47,989237
equity,INE873D01024,2026-09-21,259,247.1,257.59,208896
equity,INE757A01017,2026-09-21,883.95,865,866.45,33052
equity,INE874I01013,2026-09-21,324.85,313.4,317,18240
equity,INE0RYC01010,2026-09-21,231.51,230.51,231.5,440410
equity,INE988S01028,2026-09-21,108,105.41,106.19,160120
equity,INE934S01014,2026-09-21,572.85,560.7,564.85,309236
equity,INE600Y01019,2026-09-21,467.1,456.1,457.7,260984
equity,INE0H5O01029,2026-09-21,1140,1085.6,1129.4,132476
equity,INE0ALI01010,2026-09-21,2075,2002.3,2005.5,41422
equity,INE384A01010,2026-09-21,1612.2,1565,1570.8,4422
equity,INE155D01018,2026-09-21,1747.6,1622,1732,8611
equity,INE893J01029,2026-09-21,667,643,644.85,68804
equity,INE0MB501011,2026-09-21,623.7,598.1,618,273375
equity,INE032A01023,2026-09-21,111.3,109.3,110.02,324885
equity,INE398A01010,2026-09-21,1659.9,1632,1640.3,42692
equity,INE0IQ001011,2026-09-21,232.5,218.43,229.17,339186
equity,INE922B01023,2026-09-21,379.15,367.8,376.15,53943
equity,INE036A01016,2026-09-21,49,49,49,67603
equity,INE0MLS01022,2026-09-21,247.9,225.87,241.57,1887825
equity,INE0QRL01017,2026-09-21,124,119.34,123.44,135746
equity,INE298G01035,2026-09-21,120,115,118.25,412869
equity,INE461D01028,2026-09-21,469.2,449.2,469.2,192390
equity,INE128A01029,2026-09-21,338.85,320,321.85,218147
equity,INE007B01023,2026-09-21,82.74,80.61,81.94,191462
equity,INE121N01019,2026-09-21,2210,2121,2141.8,14218
equity,INE246B01019,2026-09-21,572.65,556.3,564.2,43600
equity,INE0H9F01037,2026-09-21,516.5,507.55,510.85,25492
equity,INE17QZ01016,2026-09-21,186.74,182,182.66,756687
equity,INE932A01024,2026-09-21,174,169.95,171.07,240599
equity,INE355A01028,2026-09-21,602,572.6,589.45,391433
equity,INE18UN01038,2026-09-21,168.33,141.5,162.71,18146677
equity,INE029L01018,2026-09-21,5017.5,4910,4954,632
equity,INE411B01019,2026-09-21,1645.3,1560,1593.2,33871
equity,INE732S01012,2026-09-21,1227,1136.05,1158.45,115377
equity,INE603A01013,2026-09-21,122.7,117.36,120.09,884307
equity,INE03NU01014,2026-09-21,57.15,56.1,56.4,66152
equity,INE612J01015,2026-09-21,365.8,348.7,362.15,174095
equity,INE175A01038,2026-09-21,31.56,29.81,30.96,4549822
equity,INE07O001026,2026-09-21,5.83,5.77,5.79,4895490
equity,INE04AK01028,2026-09-21,49.97,49.15,49.2,9905984
equity,INE05CZ01011,2026-09-21,338,296.9,334.55,20650744
equity,INE109C01017,2026-09-21,1979.5,1935.4,1966,13289
equity,INE903A01025,2026-09-21,190.76,169.68,187.56,4432715
equity,INE074B01023,2026-09-21,62.22,60.67,61.03,845879
equity,INE059B01024,2026-09-21,258.5,249,250.7,82236
equity,INE818W01011,2026-09-21,40.2,38.52,39.36,283970
equity,INE625X01026,2026-09-21,160.9,142.52,160.7,1166674
equity,INE0OV601013,2026-09-21,372,363.1,364.3,119216
equity,INE0KQN01018,2026-09-21,173.99,169,172.11,100841
equity,INE586V01016,2026-09-21,493.45,481.45,482.6,19535
equity,INE077F01035,2026-09-21,454.8,442.05,453.45,695358
equity,INE559R01029,2026-09-21,508.95,492.25,502.1,61438
equity,INE451L01014,2026-09-21,1175,1084.9,1123.3,5700
equity,INE075D01018,2026-09-21,961,941,947,23836
equity,INE1B3L01017,2026-09-21,212.85,207.12,207.9,215276
equity,INE985S01024,2026-09-21,1235,1211.2,1217,7485
equity,INE805C01028,2026-09-21,162.56,157.9,159.42,158936
equity,INE500L01026,2026-09-21,136.91,134.01,136.26,373278
equity,INE586B01026,2026-09-21,336.95,327.5,328.8,50247
equity,INE045B01015,2026-09-21,1019.45,982,986.35,192418
equity,INE0U4101014,2026-09-21,124.53,121.5,121.89,111691
equity,INE149O01018,2026-09-21,1413,1350,1371.1,286554
equity,INE634A01018,2026-09-21,1939.9,1910,1920.6,2380
equity,INE667G01023,2026-09-21,148,138.78,146.62,765678
equity,INE782E01017,2026-09-21,2236.3999,2158.5,2188.8,3227
equity,INE243D01012,2026-09-21,543.9,530.05,532.35,30707
equity,INE323C01030,2026-09-21,369.6,361.95,362.95,11855
equity,INE068L01024,2026-09-21,243.33,238.6,241.08,115259
equity,INE08NE01025,2026-09-21,115.88,111.8,112.34,93532
equity,INE0KKN01029,2026-09-21,18.6,18.6,18.6,556175
equity,INE900B01029,2026-09-21,691.8,655.2,676.1,165822
equity,INE004A01022,2026-09-21,588.35,491.5,588.35,7996314
equity,INE05TO01019,2026-09-21,204.9,194,201.03,511901
equity,INE806C01018,2026-09-21,260,252.45,256.69,44680
equity,INE752G01015,2026-09-21,34.2,32.8,33.28,384149
equity,INE229C01021,2026-09-21,154.86,151.79,152.7,33847
equity,INE0OWZ01020,2026-09-21,916,817.15,882.2,4254269
equity,INE052I01032,2026-09-21,99.51,96.54,98.75,581240
equity,INE06ZD01017,2026-09-21,263.4,249.63,258.69,1318969
equity,INE338D01028,2026-09-21,200.79,194.15,197.71,3601741
equity,INE495S01016,2026-09-21,287.95,282.1,283.15,67643
equity,INE838B01021,2026-09-21,1173.7,1094.5,1109.1,39610
equity,INE304A01026,2026-09-21,137,133.4,136.03,55661
equity,INE08ZM01014,2026-09-21,167.95,157.1,165.45,456355
equity,INE111F01024,2026-09-21,718.65,699.95,705.25,16567
equity,INE312C01025,2026-09-21,20.5,19.62,19.85,6029044
equity,INE059D01020,2026-09-21,164.78,161.21,161.59,118158
equity,INE275B01026,2026-09-21,247.95,242.75,243.75,70715
equity,INE742C01031,2026-09-21,597.9,572.95,576.5,248501
equity,INE096B01018,2026-09-21,687.95,681.5,683.95,8584
equity,INE572J01011,2026-09-21,231.99,226.1,228.63,92860
equity,INE14UN01029,2026-09-21,87.63,84.9,85.45,473456
equity,INE1EEM01017,2026-09-21,444,434.35,439.55,317773
equity,INE155Z01011,2026-09-21,2175,1817.7,1955.3,221525
equity,INE156A01020,2026-09-21,109.26,91.09,106.55,13822935
equity,INE338A01024,2026-09-21,160,155.5,156.75,237889
equity,INE0KL801015,2026-09-21,164.99,159.02,162.02,408177
equity,INE108V01019,2026-09-21,282.6,270.15,271.35,353912
equity,INE418H01029,2026-09-21,11.23,10.8,10.98,5674569
equity,INE982F01036,2026-09-21,10.03,9.94,9.97,885696
equity,INE1B3501014,2026-09-21,895.2,895.2,895.2,11500
equity,INE1SRC01010,2026-09-21,1266,1221.05,1253.15,76000
equity,INE704B01017,2026-09-21,1788.9,1707.7,1716.7,32520
equity,INE170I01016,2026-09-21,384.95,376,377.8,7901
equity,INE0PB301013,2026-09-21,38.9,36.84,38.23,473523
equity,INE015C01016,2026-09-21,1035,1007.05,1029.35,23597
equity,INE264T01014,2026-09-21,196.18,192.3,195.02,134305
equity,INE193B01039,2026-09-21,289.8,279.95,288.35,59080
equity,INE985W01018,2026-09-21,1168.1,1125.5,1139.4,14256
equity,INE0G5901015,2026-09-21,182.54,178.24,179.67,339166
equity,INE08LI01020,2026-09-21,557.7,536,554.65,108712
equity,INE276C01014,2026-09-21,307,293.05,298.85,44457
equity,INE192H01020,2026-09-21,83.84,79.45,82.43,1190032
equity,INE598D01035,2026-09-21,74.8,68.21,72.9,1874697
equity,INE425B01027,2026-09-21,10.46,9.53,9.67,17102834
equity,INE071D01033,2026-09-21,330,301.05,304.95,93264
equity,INE070I01018,2026-09-21,608.95,592,598.95,31293
equity,INE782X01033,2026-09-21,73,71.67,71.8,416214
equity,INE887E01022,2026-09-21,2799.8999,2706.2,2731.6001,3252
equity,INE144Z01023,2026-09-21,356.85,305.05,341.3,5943251
equity,INE0PX301025,2026-09-21,137.38,123.4,126.03,29247327
equity,INE0JR601024,2026-09-21,105.4,103.11,103.69,338002
equity,INE542Z01028,2026-09-21,584.3,575,577.95,30688
equity,INE184O01015,2026-09-21,455,441.1,444.05,107625
equity,INE661I01014,2026-09-21,268.4,257.36,268.4,89055
equity,INE362A01016,2026-09-21,62.24,57.1,62.24,821802
equity,INE878K01010,2026-09-21,448.2,440,444.5,9316
equity,INE209B01025,2026-09-21,131.39,128.1,128.43,446934
equity,INE0BJS01011,2026-09-21,315,304,306.7,70857
equity,INE0XNF01022,2026-09-21,49.58,48.5,48.68,1672278
equity,INE959C01023,2026-09-21,562,514.15,548.85,72796
equity,INE204A01010,2026-09-21,594.35,543.35,576.75,250011
equity,INE070D01027,2026-09-21,98,93.88,95.02,438368
equity,INE560A01023,2026-09-21,269.4,252,255.8,512474
equity,INE632C01026,2026-09-21,356.95,340.25,354.45,48745
equity,INE877V01027,2026-09-21,360,335.1,349.1,289082
equity,INE560K01014,2026-09-21,27.13,26.1,26.73,591952
equity,INE898S01029,2026-09-21,222.01,217.99,218.9,162802
equity,INE07OG01012,2026-09-21,740,724.05,732.2,30458
equity,INE103C01036,2026-09-21,82.36,80.51,81.53,355859
equity,INE0CT101020,2026-09-21,64.41,61.85,62.18,755720
equity,INE793A01012,2026-09-21,1125,1115.2,1119.9,7474
equity,INE127T01021,2026-09-21,234.9,216.81,232.32,1006990
equity,INE153A01019,2026-09-21,23.97,23.59,23.65,446564
equity,INE0LRY01011,2026-09-21,541.1,527.65,536,590777
equity,INE00Q601028,2026-09-21,457.5,407,430.5,979709
equity,INE0JVO01026,2026-09-21,178.88,174.65,176.77,325038
equity,INE803D01021,2026-09-21,475.5,458.35,463.85,42128
equity,INE597J01018,2026-09-21,140.95,136.35,138.32,112394
equity,INE0LOJ01019,2026-09-21,215.78,210.01,211.68,182568
equity,INE363A01022,2026-09-21,396.95,370.05,375.1,4133
equity,INE1RDG01013,2026-09-21,520,494.45,511.05,124155
equity,INE274C01019,2026-09-21,8888.5,8615,8640.5,5926
equity,INE0FRK01020,2026-09-21,18.6,17.7,17.94,44194528
equity,INE349W01017,2026-09-21,743.35,713.05,732.55,90364
equity,INE428Q01011,2026-09-21,147.84,145.01,146.94,178777
equity,INE065D01027,2026-09-21,126.89,121.44,122.36,554242
equity,INE618L01018,2026-09-21,322.5,312,314.1,30462
equity,INE722H01024,2026-09-21,162.85,152.1,161.55,1369947
equity,INE250K01012,2026-09-21,436.05,424,425.7,38767
equity,INE851I01011,2026-09-21,202.89,190.03,198.48,166785
equity,INE048B01035,2026-09-21,231.88,226,226.81,50279
equity,INE0D6701023,2026-09-21,136.9,134.02,134.43,270227
equity,INE344S01016,2026-09-21,154,151.01,152.45,116567
equity,INE01R501028,2026-09-21,56.99,55.9,56.16,653079
equity,INE519C01017,2026-09-21,1410,1380,1388.5,2750
equity,INE910C01018,2026-09-21,1091.9,1045,1073.3,29530
equity,INE613C01026,2026-09-21,25.8,24.81,25,738192
equity,INE08N601015,2026-09-21,257.5,249,255.05,100586
equity,INE727B01026,2026-09-21,295.5,272.4,279.09,639081
equity,INE106T01025,2026-09-21,76.27,74.35,74.96,474659
equity,INE480C01038,2026-09-21,68.69,67.15,68.11,202446
equity,INE712K01011,2026-09-21,522.65,508,513.25,32596
equity,INE05AN01011,2026-09-21,180,170.3,176.57,133778
equity,INE937A01023,2026-09-21,171.49,167.01,167.99,61419
equity,INE737D01021,2026-09-21,464,437.25,456.3,76458
equity,INE313L01016,2026-09-21,201.7,180.85,197.88,1078964
equity,INE0J5601015,2026-09-21,1045.5,1010.3,1037.6,55862
equity,INE0HLU01028,2026-09-21,217.44,208.4,209.57,2664277
equity,INE124G01033,2026-09-21,64,58.36,61.59,6078214
equity,INE419D01026,2026-09-21,294.3,291.2,293.25,19164
equity,INE840Y01029,2026-09-21,61.34,59.22,60.03,2880019
equity,INE325C01035,2026-09-21,279,271,275.25,81750
equity,INE0FMZ01045,2026-09-21,391,381.1,387,99500
equity,INE859A01011,2026-09-21,77.81,76.5,76.88,203792
equity,INE201A01024,2026-09-21,89.1,84.1,86.71,5278521
equity,INE022I01019,2026-09-21,52.14,50.67,51.26,3127035
equity,INE221H01019,2026-09-21,1.16,1.13,1.13,26356401
equity,INE048C01025,2026-09-21,132.4,125,128.32,91880
equity,INE133Y01011,2026-09-21,200.4,192.15,197.9,24139
equity,INE784R01023,2026-09-21,92.5,87.8,91.18,1951163
equity,INE630A01024,2026-09-21,253.25,246.12,247.61,43315
equity,INE435C01024,2026-09-21,115,111.75,114.06,49717
equity,INE098F01031,2026-09-21,497,490,496.05,20929
equity,INE1WFC01025,2026-09-21,94.55,91,91.54,4927004
equity,INE147A01011,2026-09-21,67.79,66.31,66.74,415696
equity,INE1D0W01018,2026-09-21,446.95,431.1,437.65,746751
equity,INE278M01019,2026-09-21,89.49,87.82,88.58,222333
equity,INE0U4701011,2026-09-21,84.87,82.62,83.56,103678
equity,INE503B01021,2026-09-21,11.71,11.19,11.22,4542687
equity,INE0QVH01025,2026-09-21,300,279.4,293.6,163000
equity,INE199P01028,2026-09-21,639,618.55,635.1,2124554
equity,INE301D01026,2026-09-21,490,458.1,462.3,28552
equity,INE795B01031,2026-09-21,105.5,105.5,105.5,1506
equity,INE711A01022,2026-09-21,205.8,200.7,201.18,281568
equity,INE390G01014,2026-09-21,120,117.9,118.42,107219
equity,INE1VXE01018,2026-09-21,45.09,45.09,45.09,1786378
equity,INE0VN801010,2026-09-21,777.45,755.8,759.65,30100
equity,INE201K01015,2026-09-21,889.9,876.4,883.15,10828
equity,INE547E01014,2026-09-21,1086,1055.1,1077.2,861
equity,INE488D01021,2026-09-21,93,84.41,90.04,583544
equity,INE1B3O01011,2026-09-21,432,385.25,430.1,3745440
equity,INE384C01016,2026-09-21,1149.9,1102.55,1125.8,15947
equity,INE449C01025,2026-09-21,26.8,25.81,26.42,75516
equity,INE0O6601022,2026-09-21,261.74,237.5,256.93,5129120
equity,INE0V0W01025,2026-09-21,186.99,182,183.21,127464
equity,INE500A01029,2026-09-21,45.65,44.7,45.47,879647
equity,INE161A01038,2026-09-21,91.57,89.77,90.56,129190
equity,INE411D01023,2026-09-21,231.8,228,229.05,72043
equity,INE848A01014,2026-09-21,936,906.05,930.1,95496
equity,INE0GV601021,2026-09-21,208.92,205.01,206.39,25494
equity,INE277B01014,2026-09-21,1088,1053,1064.8,5762
equity,INE715B01021,2026-09-21,96.18,93,95,247392
equity,INE1YPB01014,2026-09-21,14.26,13.62,13.81,1690058
equity,INE417B01040,2026-09-21,1041.9,1001.3,1032.9,27894
equity,INE583D01011,2026-09-21,85.27,81.88,82.29,192175
equity,INE073G01016,2026-09-21,669,649.5,651.9,19717
equity,INE350H01032,2026-09-21,52.9,49.3,51.56,333000
equity,INE947J01015,2026-09-21,26.94,26.12,26.42,335491
equity,INE188B01013,2026-09-21,433.3,421.6,424.25,61316
equity,INE485A01015,2026-09-21,574,559.05,571.9,30416
equity,INE354C01027,2026-09-21,368.2,348,361.4,595911
equity,INE415D01024,2026-09-21,216,211,212.36,65528
equity,INE0D0K01022,2026-09-21,31.3,29.32,31.12,9429401
equity,INE199G01027,2026-09-21,62.65,61.8,62.53,143003
equity,INE438K01021,2026-09-21,79.83,77.52,79.14,385894
equity,INE395U01014,2026-09-21,726.7,707.1,713.9,2165
equity,INE571B01036,2026-09-21,112.8,109,109.85,237132
equity,INE0RE001014,2026-09-21,1052,1003.3,1042.4,29299
equity,INE217L01019,2026-09-21,71.93,70.25,71.76,249267
equity,INE0PA801013,2026-09-21,131.51,121.2,129.52,741104
equity,INE0KGZ01021,2026-09-21,273.95,265.5,269.15,29471
equity,INE158B01016,2026-09-21,2299,2240,2288,11832
equity,INE830Q01018,2026-09-21,138.89,128.9,135.19,1171795
equity,INE486R01017,2026-09-21,170.9,162.36,165.32,209098
equity,INE369A01029,2026-09-21,969.6,948.1,953.5,5505
equity,INE0TY101024,2026-09-21,144.9,133.46,140.82,697795
equity,INE124Y01028,2026-09-21,81,79.6,80.19,25989
equity,INE951D01028,2026-09-21,458,442,449,87157
equity,INE435A01051,2026-09-21,76.5,71.68,72.69,713908
equity,INE831A01028,2026-09-21,34.53,32.62,34.31,976325
equity,INE288301026,2026-09-21,729.9,708,711.45,82400
equity,INE646H01017,2026-09-21,287.95,274.35,282,21782
equity,INE0PT501018,2026-09-21,216.37,210.5,211.08,29543
equity,INE056801025,2026-09-21,225,200.88,221.33,653589
equity,INE142Q01026,2026-09-21,135.59,132.6,134.46,193406
equity,INE680A01011,2026-09-21,29.74,29.25,29.44,255637
equity,INE822G01016,2026-09-21,930,896.9,902.25,18744
equity,INE966A01022,2026-09-21,68.4,66.51,66.79,86318
equity,INE316L01019,2026-09-21,173.22,168.46,170.47,102819
equity,INE405C01035,2026-09-21,607.95,593.6,601.55,12962
equity,INE458B01036,2026-09-21,458.9,424.4,432.85,337107
equity,INE497S01012,2026-09-21,246.5,241.01,242.47,58564
equity,INE563J01010,2026-09-21,728,712.1,719.45,22784
equity,INE1SJO01012,2026-09-21,308.4,285.01,304.03,1449014
equity,INE533D01032,2026-09-21,21.23,20.41,20.49,24855
equity,INE570D01018,2026-09-21,906,864.9,876.05,33667
equity,INE835G01018,2026-09-21,800,775,787.9,5376
equity,INE535D01037,2026-09-21,64.9,62.5,62.75,680320
equity,INE0NG701011,2026-09-21,343.37,311.67,341.43,2349427
equity,INE828A01016,2026-09-21,1069,1030.3,1044.35,4951
equity,INE963C01033,2026-09-21,444,420,427.9,37779
equity,INE01GN01025,2026-09-21,66.72,63.15,64.81,1328423
equity,INE073V01015,2026-09-21,315.4,298.4,304.1,1469714
equity,INE184H01027,2026-09-21,101.7,99.55,100.06,82556
equity,INE148A01019,2026-09-21,132.49,125.44,130.35,1264954
equity,INE950M01013,2026-09-21,537.9,521.55,534.65,113839
equity,INE197A01024,2026-09-21,9.3,9.02,9.08,2712203
equity,INE484I01029,2026-09-21,118.38,115.72,117.42,86106
equity,INE658G01014,2026-09-21,85.69,80.4,82.26,886703
equity,INE02L001032,2026-09-21,121.19,118.45,119.11,25850
equity,INE346W01013,2026-09-21,357.65,343.05,351.65,160070
equity,INE0XBS01012,2026-09-21,593.85,550.1,556.35,148000
equity,INE520Y01019,2026-09-21,695.6,682.45,693.7,11131
equity,INE255D01024,2026-09-21,173.91,167.2,169.52,80260
equity,INE02NC01014,2026-09-21,136.49,134.3,134.82,108299
equity,INE701A01023,2026-09-21,3410,3331,3339.1001,459
equity,INE07U701015,2026-09-21,275.2,269.1,271.75,37451
equity,INE895B01021,2026-09-21,140.6,135.66,137.22,129985
equity,INE0JYY01029,2026-09-21,45,40.77,42.56,2523325
equity,INE794B01026,2026-09-21,97.49,93,93.55,100725
equity,INE046A01015,2026-09-21,711,697.9,705.35,46189
equity,INE869Y01028,2026-09-21,59,56.19,57.8,1803580
equity,INE866K01023,2026-09-21,274.15,254.6,255.1,273231
equity,INE800A01015,2026-09-21,413.9,389.05,389.05,332162
equity,INE062D01024,2026-09-21,753.25,721.35,738.25,65933
equity,INE082A01010,2026-09-21,286.53,275.89,282.98,1273097
equity,INE672B01032,2026-09-21,106.41,103.16,105.71,274319
equity,INE577L01016,2026-09-21,668.9,652.55,662.75,14231
equity,INE295F01017,2026-09-21,592,572.05,574.35,28059
equity,INE00EV01017,2026-09-21,365,357.15,358.85,54304
equity,INE083B01024,2026-09-21,128.4,122.5,123.92,89760
equity,INE390H01020,2026-09-21,43.25,40.05,42.48,3044269
equity,INE232A01011,2026-09-21,68.99,66.61,67.08,54062
equity,INE660C01027,2026-09-21,22,21.7,21.85,95806
equity,INE677D01037,2026-09-21,90.7,87.16,87.68,142481
equity,INE0WO601020,2026-09-21,197.98,194.02,194.9,48994
equity,INE041A01016,2026-09-21,163.8,154.5,162.29,666472
equity,INE866R01028,2026-09-21,555.8,518.4,549.8,34526
equity,INE524B01027,2026-09-21,912,888.85,909.3,4655
equity,INE0PPK01015,2026-09-21,238.69,233.99,235.04,81509
equity,INE557A01011,2026-09-21,1428.3,1370,1388.8,5565
equity,INE999K01014,2026-09-21,9.23,8.95,9.04,1967532
equity,INE0WKY01013,2026-09-21,521,500.05,502.65,40000
equity,INE411U01027,2026-09-21,344.9,331.65,335.6,154070
equity,INE412G01024,2026-09-21,33.42,32.77,33.32,381682
equity,INE107A01015,2026-09-21,149.5,144.99,145.48,107767
equity,INE137I01015,2026-09-21,2020.5,1985,1992.7,1408
equity,INE786F01031,2026-09-21,261.15,253.1,256.05,131313
equity,INE694A01020,2026-09-21,4.34,4.11,4.13,3203657
equity,INE127B01011,2026-09-21,548,529,540.05,1441
equity,INE0R6Z01013,2026-09-21,425.2,418.3,421,33287
equity,INE01BK01022,2026-09-21,370,362.35,364.55,84142
equity,INE0H9P01028,2026-09-21,143.1,133.7,142.09,3954422
equity,INE414A01015,2026-09-21,62.78,60.6,61.43,38859
equity,INE147P01019,2026-09-21,994.4,972.3,974.75,1529
equity,INE796G01012,2026-09-21,1134.9,1101,1111.8,1383
equity,INE290A01027,2026-09-21,282.75,268,279.9,24459
equity,INE0ECP01024,2026-09-21,25.5,23.64,23.95,5464569
equity,INE611A01016,2026-09-21,235,214.3,231.4,334017
equity,INE964H01014,2026-09-21,5.25,5.05,5.09,8173787
equity,INE00ZE01026,2026-09-21,201.94,201,201.03,1897
equity,INE511Y01018,2026-09-21,484,460,477.7,78037
equity,INE284H01025,2026-09-21,138.99,136.25,137.32,129171
equity,INE559D01011,2026-09-21,370,356.2,367.05,2355
equity,INE02WG01024,2026-09-21,76.58,74.27,76.58,430400
equity,INE189I01024,2026-09-21,108.89,107,107.57,38639
equity,INE477B01010,2026-09-21,291.8,282.55,283.45,6158
equity,INE0TO701015,2026-09-21,409.9,398.35,404.3,32416
equity,INE734I01027,2026-09-21,73.7,70.2,71.05,17519
equity,INE336H01023,2026-09-21,25.9,24.33,24.59,1304113
equity,INE309M01020,2026-09-21,81.9,78.15,79.3,302709
equity,INE740D01017,2026-09-21,643.9,612.4,627.15,12067
equity,INE643K01018,2026-09-21,230.2,222.6,229.3,892
equity,INE00YJ01010,2026-09-21,484.7,461.2,474.85,123709
equity,INE583V01021,2026-09-21,74.5,68.81,74.1,287578
equity,INE0GGO01015,2026-09-21,421,414,417.1,3900
equity,INE778B01029,2026-09-21,89.35,86.9,87.17,24442
equity,INE00U401027,2026-09-21,83.49,80.32,81.11,388179
equity,INE457F01013,2026-09-21,558.9,544.25,546.65,35869
equity,INE754A01055,2026-09-21,20.45,19.52,19.61,6353746
equity,INE032B01021,2026-09-21,302.9,289.8,298.7,107501
equity,INE528A01020,2026-09-21,1587.1,1556.1,1571.4,63
equity,INE032Z01020,2026-09-21,89.9,83.35,84.93,6448
equity,INE368U01029,2026-09-21,46.55,42.01,46.05,681850
equity,INE019J01013,2026-09-21,303.7,293.65,297,1668
equity,INE275D01022,2026-09-21,180,169.05,170.54,2465
equity,INE663B01015,2026-09-21,606.9,593,598.95,24493
equity,INE840M01016,2026-09-21,224.5,218.25,222.84,70147
equity,INE0GMR01016,2026-09-21,286.7,260.1,286.7,713054
equity,INE00QT01015,2026-09-21,609.2,589,598.1,14075
equity,INE0CG401037,2026-09-21,28.27,26.47,28.25,329305
equity,INE540G01014,2026-09-21,1629,1604.2,1619.4,18461
equity,INE025A01027,2026-09-21,316.6,300.05,301.8,4178
equity,INE535F01024,2026-09-21,55.59,51,55.23,578023
equity,INE00CE01017,2026-09-21,816.05,814,816,489
equity,INE0QN801017,2026-09-21,662,625.6,652.2,23952
equity,INE760F01028,2026-09-21,132.87,124.68,132.87,118165
equity,INE00OQ01016,2026-09-21,284,270.35,281.25,59080
equity,INE0MHO01029,2026-09-21,84.18,82.03,83.44,100047
equity,INE917H01012,2026-09-21,627.7,519.8,627.7,292484
equity,INE170V01027,2026-09-21,4.95,4.81,4.86,3750594
equity,INE219Y01026,2026-09-21,23.2,22.29,23.08,263850
equity,INE049A01027,2026-09-21,65.17,62.1,62.76,754907
equity,INE319Y01024,2026-09-21,71.06,71.06,71.06,120064
equity,INE565V01010,2026-09-21,442.1,412.2,422.95,125042
equity,INE658T01017,2026-09-21,856,811.5,822.55,1198
equity,INE388A01029,2026-09-21,130,124.13,125.9,82286
equity,INE287C01037,2026-09-21,33.37,33.25,33.37,178165
equity,INE865T01018,2026-09-21,102.01,96.35,98.18,190713
equity,INE492A01029,2026-09-21,411,373,402,13352
equity,INE0KNT01012,2026-09-21,222.9,212.35,214.51,394003
equity,INE258Y01016,2026-09-21,185,176.01,177.2,5975
equity,INE366A01041,2026-09-21,41.4,40.35,40.93,1227282
equity,INE0JM501013,2026-09-21,150.85,144.1,150.81,157824
equity,INE420B01036,2026-09-21,83.27,80.31,81.61,323910
equity,INE750M01017,2026-09-21,161.9,158,159.84,804
equity,INE409B01013,2026-09-21,578,556.05,572.6,6196
equity,INE748A01024,2026-09-21,421.66,421.66,421.66,661
equity,INE107F01022,2026-09-21,231.95,220.25,227.55,165372
equity,INE0DNW01011,2026-09-21,644,635,639.75,2822
equity,INE442P01014,2026-09-21,655,644,648.2,11834
equity,INE075B01020,2026-09-21,95,87.6,94.31,136642
equity,INE01EG01016,2026-09-21,295.3,275.85,283.6,68500
equity,INE843S01025,2026-09-21,222.96,193,216.41,2686641
equity,INE730A01022,2026-09-21,55.88,51.9,54.84,87385
equity,INE0CJF01024,2026-09-21,97.71,94.75,95.59,244766
equity,INE0CG601016,2026-09-21,157.9,148.4,152,64212
equity,INE0P8B01020,2026-09-21,117.9,110.6,112.25,368076
equity,INE076C01018,2026-09-21,891.6,868,870,3810
equity,INE06XZ01023,2026-09-21,153.85,148.45,150.58,200645
equity,INE895W01019,2026-09-21,521.5,519,520,9886
equity,INE134B01017,2026-09-21,123.18,117.91,118.43,77327
equity,INE709A01018,2026-09-21,243,231.85,238.14,2499
equity,INE155G01029,2026-09-21,72.49,71.17,71.57,42775
equity,INE283A01014,2026-09-21,700,665.05,689.85,4262
equity,INE453D01025,2026-09-21,98.75,97.54,98.68,17802
equity,INE13VU01016,2026-09-21,619.05,619.05,619.05,4800
equity,INE0I3401014,2026-09-21,117.23,112.35,113.31,65811
equity,INE0JUI01012,2026-09-21,67.5,65.3,66.36,289033
equity,INE217A01012,2026-09-21,281.8,258.05,272.6,115028
equity,INE356B01024,2026-09-21,75.6,75.4,75.6,12532
equity,INE16SF01016,2026-09-21,300.7,295.05,296.85,11436
equity,INE0PK601023,2026-09-21,157.9,151.75,154.2,28547
equity,INE283H01019,2026-09-21,311.4,303.05,308.5,29047
equity,INE389K01018,2026-09-21,2366.3999,2295,2366.3999,173
equity,INE0MEG01014,2026-09-21,742.95,701.1,732.6,39938
equity,INE550H01011,2026-09-21,85.77,80,80.95,76681
equity,INE239D01028,2026-09-21,80,77.71,79.11,44681
equity,INE489G01022,2026-09-21,96.98,92.1,93.66,192258
equity,INE090501011,2026-09-21,131.9,127.5,129.28,177565
equity,INE760A01029,2026-09-21,78.99,76,76.25,19586
equity,INE606N01019,2026-09-21,82.5,78.05,81.83,941399
equity,INE060901027,2026-09-21,225.37,217.1,218.6,31041
equity,INE392A01021,2026-09-21,98,95,95.42,198835
equity,INE888C01040,2026-09-21,2.88,2.75,2.88,2101602
equity,INE334A01023,2026-09-21,220,210.31,218.8,20699
equity,INE732C01016,2026-09-21,178,174.62,175.68,20336
equity,INE0PEQ01016,2026-09-21,176,167.05,171.75,50351
equity,INE235C01036,2026-09-21,10.03,9.52,10.03,2044872
equity,INE583C01021,2026-09-21,576.4,555.25,567.2,73820
equity,INE583B01015,2026-09-21,1060,1021,1048.3,405
equity,INE397H01017,2026-09-21,349.5,332.05,336.15,23872
equity,INE0BX301013,2026-09-21,130.84,128,128.4,67958
equity,INE0PKD01011,2026-09-21,274.8,261.5,267.25,77033
equity,INE443P01038,2026-09-21,10.57,10.57,10.57,8
equity,INE144J01027,2026-09-21,227.88,207.41,220.12,561790
equity,INE236G01019,2026-09-21,407,395,396,39019
equity,INE1ABX01018,2026-09-21,428,405.05,419.85,84800
equity,INE880Y01017,2026-09-21,707,687.2,692.05,30301
equity,INE863T01013,2026-09-21,287.45,276.35,282.25,10338
equity,INE345H01024,2026-09-21,20.48,19.82,20.02,62696
equity,INE347W01011,2026-09-21,507.6,487.2,488.8,46046
equity,INE668G01021,2026-09-21,789.9,765.15,781.9,62
equity,INE01A001028,2026-09-21,138.95,134.7,135.11,100336
equity,INE720A01015,2026-09-21,138,135.42,136.05,40964
equity,INE916G01016,2026-09-21,380,360.3,376.15,1834
equity,INE306L01010,2026-09-21,156.38,150.72,151.79,109269
equity,INE195N01013,2026-09-21,53.23,52.31,52.9,95345
equity,INE289B01019,2026-09-21,140,138,139.28,41626
equity,INE1B0W01010,2026-09-21,111.56,106.5,107.83,184028
equity,INE084K01015,2026-09-21,188.1,186.16,188.1,34325
equity,INE1E4401010,2026-09-21,720.9,696,713,10000
equity,INE900C01027,2026-09-21,456.9,445.4,450.4,13831
equity,INE955I01044,2026-09-21,710,678.7,678.9,14548
equity,INE0L0L01012,2026-09-21,353.4,346,346.6,17300
equity,INE296H01011,2026-09-21,257,245.05,255,34634
equity,INE164B01030,2026-09-21,13.89,13.61,13.69,1386412
equity,INE0R4L01018,2026-09-21,283.95,275.1,276.05,71325
equity,INE505A01010,2026-09-21,287,276.3,285.4,37984
equity,INE772T01024,2026-09-21,101.19,97.5,99.38,49218
equity,INE0R8B01010,2026-09-21,207,202,203.41,30352
equity,INE03YM01018,2026-09-21,227,216.36,225.8,80483
equity,INE28GN01010,2026-09-21,129.15,125.7,126.64,169507
equity,INE00YB01025,2026-09-21,12.13,11.8,12.13,531388
equity,INE0UZO01024,2026-09-21,234.5,221,227.6,233600
equity,INE849C01026,2026-09-21,82.26,79.26,80.16,21535
equity,INE865C01022,2026-09-21,123.45,120.15,120.77,17830
equity,INE0O9T01021,2026-09-21,218.61,214.3,214.81,11941
equity,INE2L0V01019,2026-09-21,313,302.2,308.95,40000
equity,INE215I01027,2026-09-21,106.19,103.16,105.12,30746
equity,INE893I01013,2026-09-21,32.81,30,32.18,1379202
equity,INE652V01016,2026-09-21,176.99,169.08,171.4,122957
equity,INE824Q01011,2026-09-21,111.75,104.05,108.29,24243
equity,INE830C01026,2026-09-21,115.97,111.6,114.6,26368
equity,INE878I01022,2026-09-21,323.5,323.5,323.5,424
equity,INE0LEG01024,2026-09-21,75.56,70,72.52,3432660
equity,INE694N01015,2026-09-21,169,165.94,167.08,22561
equity,INE980Y01015,2026-09-21,197.68,187,189.49,259791
equity,INE06WU01026,2026-09-21,127.85,124.5,125.32,76654
equity,INE335K01011,2026-09-21,30.99,29.82,30.15,441914
equity,INE785A01026,2026-09-21,235.7,224.12,235.12,23470
equity,INE655A01013,2026-09-21,112.64,110.96,111.04,11730
equity,INE360C01024,2026-09-21,7.24,6.91,7.02,79892
equity,INE538A01037,2026-09-21,58.6,56.4,57,123439
equity,INE546V01010,2026-09-21,262.1,257.15,261,1466
equity,INE0ATZ01017,2026-09-21,178,170.3,176.65,66171
equity,INE0TGX01019,2026-09-21,275,260.3,261.5,5030
equity,INE052T01021,2026-09-21,19.71,18.41,18.54,985182
equity,INE692G01013,2026-09-21,62.95,61.1,61.31,61650
equity,INE06HJ01020,2026-09-21,110,107.62,109.6,42617
equity,INE138C01024,2026-09-21,188,176.05,180.03,47044
equity,INE501Y01019,2026-09-21,653.2,611.3,653.2,11427
equity,INE974B01016,2026-09-21,1179.9,1160,1168.4,711
equity,INE204E01012,2026-09-21,414.8,407,408.55,46529
equity,INE0O3901029,2026-09-21,30.93,26.32,26.68,730196
equity,INE518E01015,2026-09-21,136.52,130.55,133.65,101668
equity,INE247M01014,2026-09-21,147.25,142,144,24061
equity,INE295A01018,2026-09-21,424.8,412,420.8,7536
equity,INE0N7W01012,2026-09-21,166.77,163.03,165.24,38216
equity,INE645H01027,2026-09-21,39.16,38,38.34,13352
equity,INE0HF201011,2026-09-21,148.48,145.25,147.23,50235
equity,INE967C01018,2026-09-21,237.65,229.5,236.44,97551
equity,INE0NN701020,2026-09-21,24.8,23.9,24.29,94816
equity,INE038F01029,2026-09-21,112,107.26,107.64,33099
equity,INE869I01013,2026-09-21,55.69,54.15,55.06,62970
equity,INE230R01035,2026-09-21,4.45,4.21,4.38,4243681
equity,INE350Z01018,2026-09-21,587.2,545,578.5,7626
equity,INE298I01015,2026-09-21,472,461.05,462.8,6187
equity,INE037A01022,2026-09-21,92,90.71,91.82,793
equity,INE939X01013,2026-09-21,139.06,133,136.73,464372
equity,INE529I01021,2026-09-21,82.9,77.56,80.74,352233
equity,INE0D6I01023,2026-09-21,253.8,249.3,252.15,29265
equity,INE622H01018,2026-09-21,144.98,136.78,143.36,313924
equity,INE626A01014,2026-09-21,53.53,52.75,53.22,27366
equity,INE429I01024,2026-09-21,13.97,13.51,13.55,167235
equity,INE1IJQ01026,2026-09-21,306,295,295.6,34800
equity,INE389C01015,2026-09-21,982,951.1,967.8,2310
equity,INE333I01044,2026-09-21,11.85,11.12,11.85,15852
equity,INE231G01010,2026-09-21,231.95,223.62,229.98,2934
equity,INE170E01023,2026-09-21,69.95,67.15,67.68,78084
equity,INE229A01017,2026-09-21,295,282.25,290.05,43217
equity,INE729D01010,2026-09-21,201.02,191.8,201.02,46481
equity,INE19QK01022,2026-09-21,353,349.6,349.6,91000
equity,INE403Y01018,2026-09-21,309,298,304.5,19663
equity,INE051B01021,2026-09-21,5.35,5.11,5.16,1936392
equity,INE050001010,2026-09-21,272.8,263.5,270.35,14307
equity,INE626Z01029,2026-09-21,9.19,9.05,9.15,432254
equity,INE320L01011,2026-09-21,1013.2,975.3,981.65,483
equity,INE871K01015,2026-09-21,83.5,78.25,82.67,21661
equity,INE915K01010,2026-09-21,560,521.1,545,512
equity,INE734N01019,2026-09-21,35.77,35,35.21,61455
equity,INE607D01018,2026-09-21,395.8,388.5,392.55,6089
equity,INE099F01013,2026-09-21,289.4,276.02,278.7,9794
equity,INE694E01014,2026-09-21,259.8,238.7,254.8,23278
equity,INE291W01037,2026-09-21,136.97,129.01,130.6,545418
equity,INE719F01016,2026-09-21,475.9,470,472.55,356
equity,INE501G01024,2026-09-21,24.3,23.11,24.04,70538
equity,INE0ADB01012,2026-09-21,255.5,252.45,253.3,8382
equity,INE562X01013,2026-09-21,156.05,146,150.82,46819
equity,INE818B01023,2026-09-21,71.5,69.25,71.17,103537
equity,INE835B01035,2026-09-21,199.49,188.1,195.66,16050
equity,INE25E901019,2026-09-21,172.39,169.01,170.5,68711
equity,INE308A01027,2026-09-21,229.3,221.9,223.41,5331
equity,INE071E01023,2026-09-21,58.28,54.53,55.8,351249
equity,INE0TJ801010,2026-09-21,347.8,344.95,347.8,20800
equity,INE0OU201013,2026-09-21,70.74,68.6,69.6,84258
equity,INE1RQS01010,2026-09-21,407,387.15,400.8,75000
equity,INE289A01011,2026-09-21,136.99,130.15,131.7,35091
equity,INE412U01025,2026-09-21,40.8,38.47,39.61,77799
equity,INE102I01027,2026-09-21,99,95.52,96.94,77436
equity,INE879A01019,2026-09-21,45.36,42.22,43.24,77571
equity,INE728Z01015,2026-09-21,545,510,521,13205
equity,INE365I01020,2026-09-21,1998.4,1920,1945,6083
equity,INE1U6D01014,2026-09-21,298,279.15,282.2,91200
equity,INE310C01029,2026-09-21,382.95,374.05,379.25,4347
equity,INE120D01012,2026-09-21,331.95,322,325.2,2565
equity,INE0ZOM01013,2026-09-21,398,383.1,390,4400
equity,INE0JWS01017,2026-09-21,129.3,118.05,127.08,126186
equity,INE0A1101019,2026-09-21,281.9,271.65,272.55,45619
equity,INE0TQE01026,2026-09-21,58.88,57.6,57.76,23320
equity,INE718F01018,2026-09-21,222.15,218,220.46,15570
equity,INE1KLZ01011,2026-09-21,270,262.75,263.85,27600
equity,INE416A01051,2026-09-21,18.87,18.05,18.87,1116565
equity,INE636A01039,2026-09-21,128.2,123.53,125.45,110224
equity,INE303A01010,2026-09-21,640,621,627.9,2572
equity,INE0MIS01010,2026-09-21,159.45,153.01,157.67,24917
equity,INE802B01027,2026-09-21,93.7,90.26,91.57,152127
equity,INE13YH01017,2026-09-21,503,490.1,494.35,4000
equity,INE413G01022,2026-09-21,66.19,64.87,65.03,121925
equity,INE286H01012,2026-09-21,31.59,29.5,31.59,38525
equity,INE15XJ01010,2026-09-21,360.45,355,360.45,6000
equity,INE138A01028,2026-09-21,17.25,15.15,16.19,273095
equity,INE0WDX01010,2026-09-21,495,478,488.95,2400
equity,INE864K01010,2026-09-21,248.65,235.91,245.37,21086
equity,INE037Z01029,2026-09-21,281,272,279.6,113308
equity,INE885E01042,2026-09-21,271,252.95,253.9,121484
equity,INE110B01017,2026-09-21,163.9,155,155.72,27074
equity,INE966H01019,2026-09-21,7.46,7.25,7.31,770808
equity,INE03V001013,2026-09-21,612.3,580,599.15,6059
equity,INE0HSD01011,2026-09-21,515,470,507.85,28000
equity,INE745B01028,2026-09-21,50.66,49.2,49.55,179886
equity,INE569C01020,2026-09-21,48.98,45.52,47.53,233655
equity,INE587G01015,2026-09-21,350,330.7,332.9,3244
equity,INE14LM01012,2026-09-21,207.8,205.6,207.2,3000
equity,INE143A01010,2026-09-21,20.19,19.12,19.75,142638
equity,INE0XX801016,2026-09-21,252,246.35,246.35,56000
equity,INE697V01011,2026-09-21,287.9,271.1,279.6,869
equity,INE575C01027,2026-09-21,77.18,74.55,75.35,31548
equity,INE783X01023,2026-09-21,377.4,356.15,359.3,1644
equity,INE266F01018,2026-09-21,97.4,94,94.72,237859
equity,INE577A01027,2026-09-21,129,125.04,128.53,22362
equity,INE788J01021,2026-09-21,407.7,383.35,398.95,224744
equity,INE809I01019,2026-09-21,51.25,47,51.25,84166
equity,INE607A01022,2026-09-21,22.7,21.26,22.31,104017
equity,INE034D01049,2026-09-21,38.64,38.1,38.3,60413
equity,INE2B5L01011,2026-09-21,303.65,288.8,288.8,59000
equity,INE550C01020,2026-09-21,9.35,9,9.06,565619
equity,INE0TL001013,2026-09-21,402.3,402.3,402.3,28500
equity,INE923A01015,2026-09-21,459,435,443,524
equity,INE0KNW01016,2026-09-21,207.9,198,202.63,9916
equity,INE0U6201010,2026-09-21,207,197,200,8800
equity,INE924D01017,2026-09-21,96,93.62,95.39,4410
equity,INE450E01029,2026-09-21,168.4,162.01,163.31,34664
equity,INE142A01012,2026-09-21,35.13,33.82,34.76,44442
equity,INE220Q01020,2026-09-21,74.33,72.12,72.73,35798
equity,INE1OOT01028,2026-09-21,176.5,176.4,176.4,16800
equity,INE155C01010,2026-09-21,844.9,833,841.75,1552
equity,INE1E1V01017,2026-09-21,262,255,260.5,2000
equity,INE265F01028,2026-09-21,101.9,99.6,100.03,9030
equity,INE083C01022,2026-09-21,190,181.06,185.67,22944
equity,INE0ZK601013,2026-09-21,113,106.88,108.19,714274
equity,INE14VP01014,2026-09-21,200,196,198.95,17600
equity,INE942G01012,2026-09-21,46.54,46.54,46.54,32416
equity,INE545L01039,2026-09-21,229.02,219.69,226.68,129481
equity,INE369I01014,2026-09-21,42.58,40.96,42.08,58238
equity,INE00S901012,2026-09-21,12.62,12.07,12.12,1440599
equity,INE807K01035,2026-09-21,136.8,133.05,134.28,24738
equity,INE965W01036,2026-09-21,52.8,49.95,50.47,204056
equity,INE668D01028,2026-09-21,84.41,82.1,82.61,19132
equity,INE0A0S01028,2026-09-21,47.9,45.88,46.76,88827
equity,INE0NQ801033,2026-09-21,91.16,88.02,88.79,13837
equity,INE337M01021,2026-09-21,35.23,33,34.08,2524843
equity,INE050401020,2026-09-21,90.99,88.01,89.38,63326
equity,INE0SMW01011,2026-09-21,303,298,299.35,4800
equity,INE836F01026,2026-09-21,2.58,2.44,2.45,3772636
equity,INE01EE01011,2026-09-21,236.55,226.2,235.61,3687
equity,INE573K01025,2026-09-21,17.26,16.17,16.28,382402
equity,INE0APB01032,2026-09-21,15.99,15.64,15.78,287061
equity,INE278B01020,2026-09-21,32.75,31,32.14,17745
equity,INE09EO01013,2026-09-21,540,509.2,528.65,11770
equity,INE748C01038,2026-09-21,26.25,25,25.62,374020
equity,INE826C01016,2026-09-21,354,344,344.2,3426
equity,INE05J901018,2026-09-21,66.87,64.52,65.55,157829
equity,INE461B01014,2026-09-21,310.35,292.75,299.4,14235
equity,INE100D01014,2026-09-21,59.6,56.01,57.32,20228
equity,INE208H01016,2026-09-21,406.05,383.5,398.6,7567
equity,INE961D01019,2026-09-21,229.68,220.6,222.44,13261
equity,INE08PH01015,2026-09-21,214.9,205,208.01,2489
equity,INE199C01026,2026-09-21,48.81,47.1,47.9,7324
equity,INE537F01012,2026-09-21,370,345.1,349.75,3899
equity,INE0AE001013,2026-09-21,35.4,33.78,33.96,319837
equity,INE12Z301012,2026-09-21,292,267.1,283.4,61800
equity,INE103001017,2026-09-21,54.8,51.55,52.69,1874052
equity,INE855R01021,2026-09-21,35.69,35.06,35.24,359805
equity,INE0QQJ01021,2026-09-21,328,322,328,19000
equity,INE1I1301016,2026-09-21,415,395,411.25,30000
equity,INE228I01012,2026-09-21,388.8,356.55,381.75,12889
equity,INE320X01016,2026-09-21,1554,1481.5,1487.6,2181
equity,INE049I01012,2026-09-21,256.3,245,255.75,386
equity,INE809A01032,2026-09-21,122.83,118.66,120.98,10559
equity,INE15EH01014,2026-09-21,239.39,228,231.88,383630
equity,INE798K01010,2026-09-21,84.5,80.8,81.29,3282
equity,INE0V0L01028,2026-09-21,252,251.8,252,2400
equity,INE244A01016,2026-09-21,820.95,774,813.4,4096
equity,INE280H01015,2026-09-21,378.5,363.45,370.95,4122
equity,INE2KRP01017,2026-09-21,339.95,324.25,325,16800
equity,INE593W01028,2026-09-21,61.44,59.76,59.83,25947
equity,INE985A01022,2026-09-21,85.47,81.93,83.71,45303
equity,INE771A01026,2026-09-21,30.48,29,29.16,85455
equity,INE102A01024,2026-09-21,6.95,6.6,6.73,155327
equity,INE250B01029,2026-09-21,225,215.29,216.69,6663
equity,INE020J01029,2026-09-21,40.8,39.33,39.56,140580
equity,INE547B01028,2026-09-21,30.79,28.95,30.01,35773
equity,INE784W01015,2026-09-21,233.9,220.29,224.96,172762
equity,INE976E01023,2026-09-21,55.9,53,53.15,52098
equity,INE846D01012,2026-09-21,140,133.2,138.3,17089
equity,INE353A01023,2026-09-21,126,122.1,124.64,3793
equity,INE370D01013,2026-09-21,465.35,451.2,464.15,5142
equity,INE0U9D01019,2026-09-21,188.8,178,187.3,223200
equity,INE05ST01028,2026-09-21,25.5,22.02,23.22,609815
equity,INE324X01026,2026-09-21,3.83,3.68,3.69,1468908
equity,INE015D01022,2026-09-21,65.33,63,63.27,27252
equity,INE296Q01012,2026-09-21,57.21,57.21,57.21,19171
equity,INE792I01017,2026-09-21,366.6,351,355.35,76339
equity,INE875G01048,2026-09-21,2.84,2.74,2.79,839999
equity,INE296G01013,2026-09-21,233.99,228.03,228.87,8660
equity,INE214A01019,2026-09-21,140.4,135,139.97,39147
equity,INE641C01019,2026-09-21,76.3,71.89,75.91,359357
equity,INE823A01017,2026-09-21,64.5,63.11,63.23,2075
equity,INE0S2V01010,2026-09-21,132.3,127,128.65,27611
equity,INE916Y01027,2026-09-21,8.85,8.4,8.72,264836
equity,INE629D01020,2026-09-21,113.55,110.61,113.07,17308
equity,INE902B01017,2026-09-21,330,317.95,322.5,1044
equity,INE666E01020,2026-09-21,43.65,42.1,42.68,8165
equity,INE927C01020,2026-09-21,17.25,16.15,16.31,291927
equity,INE557B01019,2026-09-21,223.59,219,220.75,11622
index,^GSPC,2026-09-21,7756.5601,7691.1899,7751.9702,1362686000
index,^NDX,2026-09-21,30402.6992,29933.2188,30381.2383,805872444
index,^RUT,2026-09-21,2882.6919,2860.3965,2878.657,
index,^DJI,2026-09-21,52030.8594,51747.6797,51992.5508,186066617
index,^NSEI,2026-09-21,23466.8008,23314.8008,23414.3008,
index,^FTSE,2026-09-21,10774.6602,10656.7002,10739.0098,
index,^GDAXI,2026-09-21,25617.9902,25434.1602,25575.0098,
index,^FCHI,2026-09-21,8154.2402,8102.0898,8138.9399,
index,^STOXX50E,2026-09-21,6325.1099,6243.4399,6318.2002,
index,^HSI,2026-09-21,25042.7109,24736.9199,25042.7109,
index,000001.SS,2026-09-21,3950.9395,3918.1282,3949.9067,2990847444
index,000300.SS,2026-09-21,4540.5542,4512.1504,4539.5654,1456285016
index,^TWII,2026-09-21,47750.9805,47207.3008,47718.8398,
index,^STI,2026-09-21,5680.79,5647.71,5675.23,
index,^BVSP,2026-09-21,186897.625,185246.8125,186467.0469,
index,^MXX,2026-09-21,63741.5508,63059.3203,63402.6992,53370341
index,^GSPTSE,2026-09-21,35965.2813,35744.5898,35858.4492,73175405
index,^IBEX,2026-09-21,19771.9004,19599.8008,19724.4004,107858866
index,FTSEMIB.MI,2026-09-21,52407.4609,51787.9102,52371.5391,
index,^AEX,2026-09-21,1106.48,1099.4,1102.35,
