AssetClass,Key,Date,High,Low,Close,Volume
equity,INE233B01017,2023-10-05,6715.0786,6628.8563,6650.1401,3825
equity,INE233B01017,2023-10-06,6715.0301,6583.7701,6649.104,6348
equity,INE233B01017,2023-10-09,6639.3752,6528.4118,6586.4858,28025
equity,INE233B01017,2023-10-10,6666.585,6540.4118,6629.5479,66313
equity,INE233B01017,2023-10-11,6713.0048,6544.2143,6605.2021,8155
equity,INE233B01017,2023-10-12,6799.9684,6577.844,6657.4492,125295
equity,INE233B01017,2023-10-13,6666.6839,6618.4864,6657.4492,4599
equity,INE233B01017,2023-10-16,6660.7586,6538.2891,6605.3018,8628
equity,INE233B01017,2023-10-17,6665.6964,6575.9677,6627.5728,10223
equity,INE233B01017,2023-10-18,6705.2029,6574.9311,6669.2026,11302
equity,INE233B01017,2023-10-19,6692.857,6526.486,6627.5728,13667
equity,INE233B01017,2023-10-20,6691.3752,6569.0046,6624.8564,11818
equity,INE233B01017,2023-10-23,6619.2767,6469.1529,6552.6099,9551
equity,INE233B01017,2023-10-25,6602.4369,6404.9547,6470.2881,10093
equity,INE233B01017,2023-10-26,6496.8566,6301.2513,6370.0415,13447
equity,INE233B01017,2023-10-27,6415.7695,6264.3614,6297.6948,65131
equity,INE233B01017,2023-10-30,6356.9546,6223.9175,6319.1768,30886
equity,INE233B01017,2023-10-31,6566.8813,6317.0533,6498.3872,26319
equity,INE233B01017,2023-11-01,6518.3375,6309.152,6326.2383,9625
equity,INE233B01017,2023-11-02,6379.1769,6306.1891,6356.2139,5779
equity,INE233B01017,2023-11-03,6524.4614,6341.5968,6487.0293,7565
equity,INE233B01017,2023-11-06,6542.7821,6419.7696,6462.0908,6476
equity,INE233B01017,2023-11-07,6597.9431,6419.7699,6569.2021,6033
equity,INE233B01017,2023-11-08,6705.2022,6558.1402,6657.8936,11380
equity,INE233B01017,2023-11-09,6692.8073,6570.0413,6617.103,27428
equity,INE233B01017,2023-11-10,6744.7088,6567.1283,6723.1284,29853
equity,INE233B01017,2023-11-13,6707.9185,6649.5975,6667.1284,2561
equity,INE233B01017,2023-11-15,6765.4007,6641.8447,6732.2153,10044
equity,INE233B01017,2023-11-16,6814.8324,6722.8815,6775.3262,8263
equity,INE233B01017,2023-11-17,6824.4127,6737.0543,6774.8813,6866
equity,INE233B01017,2023-11-20,6863.2275,6646.4368,6689.9429,12091
equity,INE233B01017,2023-11-21,6746.8818,6629.153,6681.3999,7361
equity,INE233B01017,2023-11-22,6686.2392,6577.7947,6600.165,4403
equity,INE233B01017,2023-11-23,6671.6226,6581.8939,6605.4004,3523
equity,INE233B01017,2023-11-24,6874.0424,6603.9675,6848.0176,25536
equity,INE233B01017,2023-11-28,7061.7464,6834.6842,6854.3877,29230
equity,INE233B01017,2023-11-29,6979.771,6869.1534,6904.3633,7678
equity,INE233B01017,2023-11-30,7022.2404,6845.4499,7012.2158,31451
equity,INE233B01017,2023-12-01,7110.0926,6940.4626,6973.6475,10164
equity,INE233B01017,2023-12-04,7111.1298,7012.4133,7059.0801,7518
equity,INE233B01017,2023-12-05,7188.6109,7035.0303,7134.9316,11912
equity,INE233B01017,2023-12-06,7209.8953,7101.105,7161.5493,14883
equity,INE233B01017,2023-12-07,7266.0927,7146.1913,7207.3271,8714
equity,INE233B01017,2023-12-08,7322.4877,7175.5738,7292.9072,16550
equity,INE233B01017,2023-12-11,7550.1923,7326.0931,7416.7603,26066
equity,INE233B01017,2023-12-12,7506.1923,7344.2658,7410.7354,8594
equity,INE233B01017,2023-12-13,7449.8461,7265.9934,7301.9937,7024
equity,INE233B01017,2023-12-14,7451.8218,7190.5369,7225.2529,13558
equity,INE233B01017,2023-12-15,7299.8708,7202.9323,7276.167,5655
equity,INE233B01017,2023-12-18,7537.7478,7233.5987,7433.4512,17720
equity,INE233B01017,2023-12-19,7526.9332,7332.414,7462.0439,10778
equity,INE233B01017,2023-12-20,7517.0567,7121.3521,7215.6733,13965
equity,INE233B01017,2023-12-21,7356.8584,7099.4257,7110.438,23035
equity,INE233B01017,2023-12-22,7337.4017,7140.8579,7251.8213,8831
equity,INE233B01017,2023-12-26,7327.4259,7140.7587,7151.771,6756
equity,INE233B01017,2023-12-27,7394.3402,7140.7593,7157.0557,11244
equity,INE233B01017,2023-12-28,7234.241,7121.0062,7190.1914,3549
equity,INE233B01017,2023-12-29,7349.155,7151.6728,7271.5747,13226
equity,INE233B01017,2024-01-01,7322.9327,7214.8334,7245.3027,5155
equity,INE233B01017,2024-01-02,7304.5619,7209.9441,7261.105,3977
equity,INE233B01017,2024-01-03,7363.97,7223.7227,7319.7231,9889
equity,INE233B01017,2024-01-04,7386.6858,7261.5003,7304.6611,4814
equity,INE233B01017,2024-01-05,7349.1552,7234.587,7325.0068,5910
equity,INE233B01017,2024-01-08,7358.0441,7306.4882,7325.7476,3721
equity,INE233B01017,2024-01-09,7407.4262,7264.216,7275.1294,4649
equity,INE233B01017,2024-01-10,7308.6609,7200.0186,7216.3149,3275
equity,INE233B01017,2024-01-11,7274.8335,7204.9568,7245.6484,4069
equity,INE233B01017,2024-01-12,7307.5746,7211.673,7240.562,2802
equity,INE233B01017,2024-01-15,7277.0067,7142.7345,7177.5986,5768
equity,INE233B01017,2024-01-16,7226.5865,6968.0673,7013.4995,8039
equity,INE233B01017,2024-01-17,7013.4994,6867.277,6925.3511,8249
equity,INE233B01017,2024-01-18,6953.1043,6797.8445,6849.2026,4522
equity,INE233B01017,2024-01-19,6919.0303,6768.9557,6803.4253,5834
equity,INE233B01017,2024-01-23,7089.2534,6804.9562,6842.438,8994
equity,INE233B01017,2024-01-24,6885.9931,6729.1534,6790.1904,14868
equity,INE233B01017,2024-01-25,6800.7091,6508.6588,6536.7578,19337
equity,INE233B01017,2024-01-29,6607.4245,6450.9798,6480.4614,10475
equity,INE233B01017,2024-01-30,6464.3622,6320.5101,6381.0532,18212
equity,INE233B01017,2024-01-31,6462.9798,6345.6955,6428.8564,12629
equity,INE233B01017,2024-02-01,6516.5602,6389.844,6432.6094,12358
equity,INE233B01017,2024-02-02,6466.2385,6291.374,6320.7568,8155
equity,INE233B01017,2024-02-05,6400.0163,6246.9295,6260.9048,9556
equity,INE233B01017,2024-02-06,6300.4613,6009.8924,6056.6084,131032
equity,INE233B01017,2024-02-07,6257.7944,6056.6085,6067.1274,35390
equity,INE233B01017,2024-02-08,6165.6459,6045.4971,6067.769,12550
equity,INE233B01017,2024-02-09,6121.9423,5967.4232,5979.7197,25624
equity,INE233B01017,2024-02-12,6090.7323,5980.3616,6049.1519,11938
equity,INE233B01017,2024-02-13,6079.0278,5961.9905,5984.1636,11429
equity,INE233B01017,2024-02-14,6024.7069,5937.7931,5974.3364,5894
equity,INE233B01017,2024-02-15,6145.8434,5999.1271,6017.1519,37633
equity,INE233B01017,2024-02-16,6306.189,6068.5095,6262.2383,19257
equity,INE233B01017,2024-02-19,6365.6956,6212.3619,6226.7817,27511
equity,INE233B01017,2024-02-20,6291.1275,6182.7322,6262.5347,10006
equity,INE233B01017,2024-02-21,6291.3739,6126.6821,6153.25,10407
equity,INE233B01017,2024-02-22,6201.5465,6085.003,6153.8921,5844
equity,INE233B01017,2024-02-23,6191.0782,6128.4112,6168.4604,7296
equity,INE233B01017,2024-02-26,6202.4361,6074.0899,6103.8677,29512
equity,INE233B01017,2024-02-27,6158.9789,6064.213,6098.8799,7199
equity,INE233B01017,2024-02-28,6156.905,6000.0156,6024.5093,10660
equity,INE233B01017,2024-02-29,6024.0151,5943.8669,5960.2129,10913
equity,INE233B01017,2024-03-01,6053.7442,5789.6449,5818.583,33350
equity,INE233B01017,2024-03-04,6026.5836,5869.892,5896.4106,13979
equity,INE233B01017,2024-03-05,6023.7195,5856.8546,5869.4473,8688
equity,INE233B01017,2024-03-06,5885.4476,5793.6447,5816.7065,10785
equity,INE233B01017,2024-03-07,5856.2624,5789.7436,5829.9409,7191
equity,INE233B01017,2024-03-11,5905.2004,5694.4837,5710.1382,16081
equity,INE233B01017,2024-03-12,5795.5704,5636.2119,5709.5454,10688
equity,INE233B01017,2024-03-13,5753.1018,5590.1875,5625.9409,13534
equity,INE233B01017,2024-03-14,5727.4221,5586.8787,5613.9404,11787
equity,INE233B01017,2024-03-15,5674.0395,5597.6442,5629.4961,25354
equity,INE233B01017,2024-03-18,5644.4589,5512.2118,5521.8906,32523
equity,INE233B01017,2024-03-19,5568.4095,5418.8783,5433.0513,191318
equity,INE233B01017,2024-03-20,5586.2363,5433.1003,5547.6685,89757
equity,INE233B01017,2024-03-21,5677.0521,5530.8789,5567.7183,69250
equity,INE233B01017,2024-03-22,5827.1759,5610.879,5740.4102,47473
equity,INE233B01017,2024-03-26,5904.2135,5677.0524,5879.1763,34461
equity,INE233B01017,2024-03-27,5981.4967,5753.101,5951.2251,55318
equity,INE233B01017,2024-03-28,6118.534,5973.9903,6107.6206,36913
equity,INE233B01017,2024-04-01,6171.868,6050.4354,6064.9541,37598
equity,INE233B01017,2024-04-02,6121.399,5980.2629,6007.4727,11231
equity,INE233B01017,2024-04-03,6054.485,5945.6947,6031.522,28595
equity,INE233B01017,2024-04-04,6071.0283,5955.5713,5985.4971,16076
equity,INE233B01017,2024-04-05,6041.6451,5962.4845,6000.707,40120
equity,INE233B01017,2024-04-08,6063.1269,5884.4599,5937.9414,55306
equity,INE233B01017,2024-04-09,5967.6208,5846.929,5865.7437,64251
equity,INE233B01017,2024-04-10,5974.1385,5802.484,5824.2124,21474
equity,INE233B01017,2024-04-12,5967.6205,5827.2247,5941.9414,20205
equity,INE233B01017,2024-04-15,5960.5095,5833.2007,5928.8057,25898
equity,INE233B01017,2024-04-16,6024.7067,5847.9653,6015.0278,42070
equity,INE233B01017,2024-04-18,6074.09,5973.3982,6038.2383,24362
equity,INE233B01017,2024-04-19,6242.6334,5987.5218,6219.4731,60449
equity,INE233B01017,2024-04-22,6413.0539,6210.3865,6246.7817,26984
equity,INE233B01017,2024-04-23,6290.3866,6119.522,6176.4111,22534
equity,INE233B01017,2024-04-24,6254.5843,6115.4235,6183.9668,12249
equity,INE233B01017,2024-04-25,6319.029,6187.6706,6227.2261,18267
equity,INE233B01017,2024-04-26,6284.411,6163.966,6240.7563,17972
equity,INE233B01017,2024-04-29,6252.0163,6155.0779,6194.2881,17043
equity,INE233B01017,2024-04-30,6249.8433,6144.2132,6233.3984,35085
equity,INE233B01017,2024-05-02,6305.2015,6133.3492,6164.0654,29741
equity,INE233B01017,2024-05-03,6814.339,6167.7198,6737.3018,360224
equity,INE233B01017,2024-05-06,7264.2658,6653.4,7207.8213,398286
equity,INE233B01017,2024-05-07,7160.4626,7001.0545,7109.1045,64103
equity,INE233B01017,2024-05-08,7230.6357,7003.4254,7163.623,44253
equity,INE233B01017,2024-05-09,7194.4383,6911.7707,7005.2031,38869
equity,INE233B01017,2024-05-10,7031.7219,6827.9189,6899.9189,21589
equity,INE233B01017,2024-05-13,6982.7343,6721.1041,6928.2651,25866
equity,INE233B01017,2024-05-14,7090.3888,6938.2404,7018.3887,40659
equity,INE233B01017,2024-05-15,7096.2659,6985.0556,7037.7964,21077
equity,INE233B01017,2024-05-16,7180.2655,7044.8577,7086.6851,9947
equity,INE233B01017,2024-05-17,7160.5126,7087.426,7127.7222,20431
equity,INE233B01017,2024-05-21,7242.4878,6942.2893,7198.8828,26664
equity,INE233B01017,2024-05-22,7215.4258,7091.376,7118.3389,5908
equity,INE233B01017,2024-05-23,7185.2036,7032.2157,7164.8086,11919
equity,INE233B01017,2024-05-24,7393.1546,7071.6723,7293.7471,95378
equity,INE233B01017,2024-05-27,7360.8586,7159.5739,7205.8457,12674
equity,INE233B01017,2024-05-28,7205.8456,7061.7466,7107.7715,10316
equity,INE233B01017,2024-05-29,7335.3277,6972.8576,7264.6113,26715
equity,INE233B01017,2024-05-30,7259.1788,7161.7466,7238.6357,16886
equity,INE233B01017,2024-05-31,7358.0435,7063.9687,7114.6353,46079
equity,INE233B01017,2024-06-03,7258.29,7091.376,7145.8452,7243
equity,INE233B01017,2024-06-04,7207.92,6599.1284,6817.104,62117
equity,INE233B01017,2024-06-05,7087.278,6746.7336,7017.0063,12660
equity,INE233B01017,2024-06-06,7209.895,6970.4374,7175.8208,7691
equity,INE233B01017,2024-06-07,7308.6609,7114.8333,7295.6733,5267
equity,INE233B01017,2024-06-10,7777.7981,7311.1794,7589.6494,125982
equity,INE233B01017,2024-06-11,7837.0577,7559.3781,7707.6255,32217
equity,INE233B01017,2024-06-12,7774.7855,7653.5998,7710.1924,11312
equity,INE233B01017,2024-06-13,8078.8355,7713.6001,7995.5762,41138
equity,INE233B01017,2024-06-14,8035.5273,7807.4278,7840.5635,17246
equity,INE233B01017,2024-06-18,7958.1931,7803.9213,7901.9463,12352
equity,INE233B01017,2024-06-19,7901.9465,7725.699,7781.5508,8790
equity,INE233B01017,2024-06-20,7876.6129,7582.242,7627.625,12665
equity,INE233B01017,2024-06-21,7876.6124,7576.4636,7632.8589,20003
equity,INE233B01017,2024-06-24,7702.7363,7568.1188,7605.6001,5684
equity,INE233B01017,2024-06-25,7672.4148,7550.6369,7567.9209,3489
equity,INE233B01017,2024-06-26,7791.3782,7546.9331,7687.0815,9402
equity,INE233B01017,2024-06-27,7841.9953,7619.7725,7739.7236,9594
equity,INE233B01017,2024-06-28,7913.9952,7740.2665,7873.0571,18430
equity,INE233B01017,2024-07-01,8214.3422,7864.9586,8037.6997,35905
equity,INE233B01017,2024-07-02,8164.4165,8026.7864,8116.7129,9747
equity,INE233B01017,2024-07-03,8148.1688,7991.7733,8092.3662,8000
equity,INE233B01017,2024-07-04,8137.3048,7975.3291,8090.5889,7997
equity,INE233B01017,2024-07-05,8156.6134,8066.8355,8125.4038,8863
equity,INE233B01017,2024-07-08,8370.3922,8095.0337,8296.9102,20964
equity,INE233B01017,2024-07-09,8370.3436,8177.7997,8279.5283,16262
equity,INE233B01017,2024-07-10,8335.3787,8205.5019,8288.1689,9124
equity,INE233B01017,2024-07-11,8552.8118,8218.1437,8505.0088,53858
equity,INE233B01017,2024-07-12,8518.6294,8365.2951,8388.9189,30963
equity,INE233B01017,2024-07-15,8528.5341,8221.4197,8444.3389,9946
equity,INE233B01017,2024-07-16,8894.9831,8414.6241,8850.6074,76112
equity,INE233B01017,2024-07-18,8835.5006,8255.0978,8356.6768,32000
equity,INE233B01017,2024-07-19,8449.2426,7933.1751,8130.0435,54104
equity,INE233B01017,2024-07-22,8112.3624,7683.6103,7756.7119,52277
equity,INE233B01017,2024-07-23,7815.3022,7465.6936,7771.5703,28105
equity,INE233B01017,2024-07-24,8008.4558,7780.7818,7829.1201,14411
equity,INE233B01017,2024-07-25,7866.7103,7676.6273,7695.1006,177270
equity,INE233B01017,2024-07-26,7983.1477,7695.1006,7820.0068,13012
equity,INE233B01017,2024-07-29,7924.2602,7579.7034,7616.1055,34960
equity,INE233B01017,2024-07-30,7803.4156,7623.0395,7772.3623,16027
equity,INE233B01017,2024-07-31,8211.5146,7742.0022,8098.1479,64985
equity,INE233B01017,2024-08-01,8217.6069,8068.8781,8141.3359,15119
equity,INE233B01017,2024-08-02,8109.5894,8019.3518,8038.0234,6365
equity,INE233B01017,2024-08-05,8002.2155,7752.8983,7871.7622,13330
equity,INE233B01017,2024-08-06,8170.9029,7835.657,8032.8228,33420
equity,INE233B01017,2024-08-07,8167.9314,8007.3166,8063.2817,13097
equity,INE233B01017,2024-08-08,8137.225,7921.5365,7957.5918,4090
equity,INE233B01017,2024-08-09,8080.5171,7823.7215,7851.8525,5084
equity,INE233B01017,2024-08-12,8132.272,7800.6913,8094.7803,10534
equity,INE233B01017,2024-08-13,8122.3671,7888.7005,7905.3911,4255
equity,INE233B01017,2024-08-14,8015.3399,7736.059,7765.4282,4791
equity,INE233B01017,2024-08-16,8072.791,7797.4723,7975.6196,9391
equity,INE233B01017,2024-08-19,8018.2621,7810.3494,7859.6777,6604
equity,INE233B01017,2024-08-20,7948.0331,7828.2279,7903.1123,6981
equity,INE233B01017,2024-08-21,7973.7871,7871.8613,7952.8867,7236
equity,INE233B01017,2024-08-22,8146.8335,7944.0713,8077.0996,11702
equity,INE233B01017,2024-08-23,8117.4635,7961.1577,8019.5991,3576
equity,INE233B01017,2024-08-26,8117.4145,7934.166,8034.7544,5354
equity,INE233B01017,2024-08-27,8309.578,7983.9404,8204.4326,18399
equity,INE233B01017,2024-08-28,8270.947,8103.0517,8197.251,17806
equity,INE233B01017,2024-08-29,8238.2101,8044.1151,8055.9521,5154
equity,INE233B01017,2024-08-30,8122.3178,7842.0957,7965.3184,7653
equity,INE233B01017,2024-09-02,8215.4768,7882.757,7966.457,13330
equity,INE233B01017,2024-09-03,8275.8993,7985.0788,8216.418,19248
equity,INE233B01017,2024-09-04,8362.076,8102.5565,8143.7129,15671
equity,INE233B01017,2024-09-05,8241.2307,7981.2653,8006.7715,11365
equity,INE233B01017,2024-09-06,8157.0356,8003.5031,8100.2783,6231
equity,INE233B01017,2024-09-09,8140.7412,7959.276,8051.4448,7087
equity,INE233B01017,2024-09-10,8140.7411,8011.4766,8100.4268,4404
equity,INE233B01017,2024-09-11,8157.9768,8057.5364,8085.8164,3977
equity,INE233B01017,2024-09-12,8265.9943,8065.5106,8104.9336,5722
equity,INE233B01017,2024-09-13,8165.7521,8025.2948,8102.0117,6279
equity,INE233B01017,2024-09-16,8171.8935,8038.1716,8152.7271,3960
equity,INE233B01017,2024-09-17,9398.8665,8114.2942,9166.042,1356521
equity,INE233B01017,2024-09-18,9023.7521,8378.4694,8492.9756,213920
equity,INE233B01017,2024-09-19,8508.6743,8097.6527,8171.249,101586
equity,INE233B01017,2024-09-20,8246.1838,8050.3553,8178.9766,68629
equity,INE233B01017,2024-09-23,8205.0764,8092.6509,8157.3818,19472
equity,INE233B01017,2024-09-24,8242.1718,8081.2596,8118.9985,15117
equity,INE233B01017,2024-09-25,8131.7278,7979.2351,8015.8354,14845
equity,INE233B01017,2024-09-26,8171.8442,7981.1667,8123.2588,27759
equity,INE233B01017,2024-09-27,8159.5122,8004.4938,8023.4131,12991
equity,INE233B01017,2024-09-30,8161.9881,8008.4555,8127.0225,13090
equity,INE233B01017,2024-10-01,8709.2571,8188.9306,8559.0928,427997
equity,INE233B01017,2024-10-03,8677.511,8320.5227,8485.248,59234
equity,INE233B01017,2024-10-04,8715.6965,8171.8941,8229.9893,81450
equity,INE233B01017,2024-10-07,8657.2545,8172.8841,8557.8047,92065
equity,INE233B01017,2024-10-08,8666.1687,8403.7269,8512.8838,29242
equity,INE233B01017,2024-10-09,8776.1178,8479.5027,8563.1533,24880
equity,INE233B01017,2024-10-10,8619.615,8405.6599,8458.2568,10696
equity,INE233B01017,2024-10-11,8493.8165,8341.2745,8392.9805,8183
equity,INE233B01017,2024-10-14,8576.9227,8339.2936,8432.9482,11652
equity,INE233B01017,2024-10-15,8519.5212,8411.6025,8431.2148,6592
equity,INE233B01017,2024-10-16,8514.37,8395.7538,8412.4941,8635
equity,INE233B01017,2024-10-17,8949.4115,8123.3568,8232.5137,111737
equity,INE233B01017,2024-10-18,8444.1415,8161.9887,8364.9492,13507
equity,INE233B01017,2024-10-21,8406.7988,8123.3576,8173.1812,8318
equity,INE233B01017,2024-10-22,8214.0898,7835.2116,7901.0322,15974
equity,INE233B01017,2024-10-23,8012.4179,7771.4215,7949.3706,25929
equity,INE233B01017,2024-10-24,8012.6651,7726.1536,7744.6768,12880
equity,INE233B01017,2024-10-25,7864.8284,7440.4346,7646.4653,20727
equity,INE233B01017,2024-10-28,7679.8962,7507.7912,7567.1738,12470
equity,INE233B01017,2024-10-29,7671.3775,7523.9367,7632.1025,4151
equity,INE233B01017,2024-10-30,7849.9706,7605.755,7764.2896,12164
equity,INE233B01017,2024-10-31,8218.4488,7675.6863,8065.6592,14752
equity,INE233B01017,2024-11-01,8225.3823,7925.2016,7996.8662,1743
equity,INE233B01017,2024-11-04,8105.9241,7827.2875,7908.8579,7297
equity,INE233B01017,2024-11-05,7925.598,7757.8512,7823.9692,7884
equity,INE233B01017,2024-11-06,7934.1657,7688.5629,7844.5225,12512
equity,INE233B01017,2024-11-07,7983.1476,7862.5004,7877.3091,5888
equity,INE233B01017,2024-11-08,8023.3138,7731.1067,7826.0986,6617
equity,INE233B01017,2024-11-11,7961.3556,7767.5576,7852.1494,8457
equity,INE233B01017,2024-11-12,7852.2483,7467.6247,7606.5469,10854
equity,INE233B01017,2024-11-13,7606.5472,7271.6979,7370.2559,7484
equity,INE233B01017,2024-11-14,7636.7582,7265.6055,7585.1021,27604
equity,INE233B01017,2024-11-18,7622.1482,7218.6053,7313.2012,22894
equity,INE233B01017,2024-11-19,7483.4738,7270.5093,7307.8027,13270
equity,INE233B01017,2024-11-21,7300.2249,7042.6864,7260.3066,14902
equity,INE233B01017,2024-11-22,7438.7015,7154.171,7429.4897,11781
equity,INE233B01017,2024-11-25,7616.2048,7379.4182,7440.2861,7379
equity,INE233B01017,2024-11-26,7595.651,7379.4673,7421.6143,5846
equity,INE233B01017,2024-11-27,7523.0454,7354.7535,7373.9702,6533
equity,INE233B01017,2024-11-28,7452.0243,7374.5151,7426.5181,1860
equity,INE233B01017,2024-11-29,7518.0427,7389.3726,7434.4912,7698
equity,INE233B01017,2024-12-02,7498.3317,7311.121,7398.9316,7620
equity,INE233B01017,2024-12-03,7478.5211,7320.0852,7385.6587,9499
equity,INE233B01017,2024-12-04,7468.6158,7370.0085,7457.0762,4272
equity,INE233B01017,2024-12-05,7668.4554,7381.5477,7416.0679,20692
equity,INE233B01017,2024-12-06,7701.2421,7413.3932,7615.6104,14697
equity,INE233B01017,2024-12-09,7755.8697,7577.5738,7705.4517,7782
equity,INE233B01017,2024-12-10,7781.6238,7577.6732,7597.4341,10454
equity,INE233B01017,2024-12-11,7745.9648,7612.2429,7689.3062,5212
equity,INE233B01017,2024-12-12,7826.1979,7643.9399,7754.4336,6105
equity,INE233B01017,2024-12-13,7803.4652,7607.835,7755.2266,6161
equity,INE233B01017,2024-12-16,7830.1598,7691.5346,7716.1992,5380
equity,INE233B01017,2024-12-17,7772.9566,7622.148,7644.6826,5059
equity,INE233B01017,2024-12-18,7682.7692,7542.9552,7588.0244,20865
equity,INE233B01017,2024-12-19,7575.8901,7405.7661,7442.9609,4091
equity,INE233B01017,2024-12-20,7521.5097,7053.5822,7129.1597,5845
equity,INE233B01017,2024-12-23,7275.115,6938.73,6964.6328,6633
equity,INE233B01017,2024-12-24,7032.7319,6913.9173,7000.3413,3403
equity,INE233B01017,2024-12-26,7651.8643,7032.7814,7330.6348,202091
equity,INE233B01017,2024-12-27,7368.2249,6913.9173,6960.0264,51575
equity,INE233B01017,2024-12-30,6890.1445,6540.1397,6585.4072,56260
equity,INE233B01017,2024-12-31,6963.4439,6402.8025,6901.4863,65473
equity,INE233B01017,2025-01-01,6963.3943,6763.5046,6915.4028,15694
equity,INE233B01017,2025-01-02,6961.4628,6785.148,6819.1729,8485
equity,INE233B01017,2025-01-03,6945.9116,6735.6217,6764.4463,17422
equity,INE233B01017,2025-01-06,6800.9969,6619.9771,6720.417,17335
equity,INE233B01017,2025-01-07,6775.2428,6649.792,6677.3784,6279
equity,INE233B01017,2025-01-08,6679.6072,6551.0856,6592.7373,8649
equity,INE233B01017,2025-01-09,6623.5429,6443.9097,6528.0557,8442
equity,INE233B01017,2025-01-10,6517.3573,6253.5787,6290.5752,17309
equity,INE233B01017,2025-01-13,6261.1566,6107.6734,6193.4043,30008
equity,INE233B01017,2025-01-14,6219.7023,6055.4722,6165.6689,21830
equity,INE233B01017,2025-01-15,6267.9907,6061.3655,6099.3525,17985
equity,INE233B01017,2025-01-16,6398.8402,6100.0955,6342.5781,14606
equity,INE233B01017,2025-01-17,6512.1074,6342.0328,6379.1284,15760
equity,INE233B01017,2025-01-20,6682.8266,6349.8586,6559.8516,15280
equity,INE233B01017,2025-01-21,6586.0514,6414.2433,6475.4585,6803
equity,INE233B01017,2025-01-22,6627.4057,6405.5264,6546.5781,15416
equity,INE233B01017,2025-01-23,6576.2452,6430.6369,6509.4834,10606
equity,INE233B01017,2025-01-24,6588.8742,6360.2096,6440.7896,6822
equity,INE233B01017,2025-01-27,6686.0946,6185.0336,6530.9277,17157
equity,INE233B01017,2025-01-28,6463.2252,6230.45,6289.3867,9943
equity,INE233B01017,2025-01-29,6409.7357,6289.386,6351.6411,4899
equity,INE233B01017,2025-01-30,6652.4163,6318.6069,6399.979,16254
equity,INE233B01017,2025-01-31,6579.4146,6359.2194,6517.7046,6764
equity,INE233B01017,2025-02-01,6586.0018,6424.6935,6511.8105,3340
equity,INE233B01017,2025-02-03,6627.4057,6338.0217,6368.0347,17134
equity,INE233B01017,2025-02-04,6448.3673,6275.8163,6323.2134,4196
equity,INE233B01017,2025-02-05,6481.1535,6332.1277,6418.8491,6861
equity,INE233B01017,2025-02-06,6635.5778,6392.0059,6472.9321,19327
equity,INE233B01017,2025-02-07,6827.7408,6396.3639,6739.9795,40332
equity,INE233B01017,2025-02-10,6780.1952,6468.3259,6545.3398,8424
equity,INE233B01017,2025-02-11,6702.9339,6210.6392,6302.8081,12348
equity,INE233B01017,2025-02-12,6407.7058,6002.6273,6110.1494,24917
equity,INE233B01017,2025-02-13,6222.1788,5944.3843,6004.46,12677
equity,INE233B01017,2025-02-14,6034.5224,5807.2445,5872.5703,14515
equity,INE233B01017,2025-02-17,5963.9963,5754.2017,5932.4976,9885
equity,INE233B01017,2025-02-18,5984.6491,5794.6154,5938.4902,6581
equity,INE233B01017,2025-02-19,6076.5212,5914.6184,6059.6821,7890
equity,INE233B01017,2025-02-20,6364.2708,6027.4898,6278.7876,7284
equity,INE233B01017,2025-02-21,6442.8699,6219.1581,6302.3628,6741
equity,INE233B01017,2025-02-24,6302.3125,6145.2637,6240.8008,3461
equity,INE233B01017,2025-02-25,6253.7769,6091.7755,6114.2109,3282
equity,INE233B01017,2025-02-27,6122.2831,5969.9394,6033.3335,5261
equity,INE233B01017,2025-02-28,6055.1258,5855.682,5940.5708,8965
equity,INE233B01017,2025-03-03,5963.3527,5787.0872,5891.5884,9272
equity,INE233B01017,2025-03-04,5962.4116,5786.6912,5824.5791,8006
equity,INE233B01017,2025-03-05,5958.5485,5785.6014,5943.542,6484
equity,INE233B01017,2025-03-06,6010.7992,5894.0155,5938.0942,20211
equity,INE233B01017,2025-03-07,5982.8169,5872.8678,5908.23,6176
equity,INE233B01017,2025-03-10,5923.3848,5695.5623,5715.6206,8775
equity,INE233B01017,2025-03-11,5695.5624,5559.2157,5665.0542,11352
equity,INE233B01017,2025-03-12,5695.5624,5531.7284,5595.2217,8004
equity,INE233B01017,2025-03-13,5670.7989,5565.7033,5646.3823,11303
equity,INE233B01017,2025-03-17,5771.1399,5628.6521,5676.3462,13940
equity,INE233B01017,2025-03-19,5872.323,5663.6176,5821.1123,35505
equity,INE233B01017,2025-03-20,5907.487,5795.6062,5841.9629,8812
equity,INE233B01017,2025-03-21,5897.6306,5826.3122,5841.814,16686
equity,INE233B01017,2025-03-24,6135.755,5829.3834,5948.9902,31224
equity,INE233B01017,2025-03-25,6606.852,5943.096,6454.5576,563136
equity,INE233B01017,2025-03-26,6444.6032,6221.6342,6290.0801,46558
equity,INE233B01017,2025-03-27,6319.5979,6111.8336,6142.144,35110
equity,INE233B01017,2025-03-28,6268.0898,6018.6241,6078.4028,20559
equity,INE233B01017,2025-04-01,6240.3056,6022.5862,6156.209,17448
equity,INE233B01017,2025-04-02,6214.6014,6078.1062,6164.9263,5421
equity,INE233B01017,2025-04-03,6184.8854,6060.9204,6093.4595,7400
equity,INE233B01017,2025-04-04,6172.256,5834.0883,5894.4609,15662
equity,INE233B01017,2025-04-07,5918.4319,5314.207,5862.5161,10914
equity,INE233B01017,2025-04-08,6119.4609,5729.2897,6014.2661,21341
equity,INE233B01017,2025-04-09,6072.9062,5919.9182,6021.2495,5512
equity,INE233B01017,2025-04-11,6290.8724,6021.2493,6252.3408,11842
equity,INE233B01017,2025-04-15,6417.1651,6212.1249,6277.5,17307
equity,INE233B01017,2025-04-16,6386.9535,6270.0707,6307.7109,6743
equity,INE233B01017,2025-04-17,6415.6796,6265.1186,6294.3394,8986
equity,INE233B01017,2025-04-21,6441.9285,6299.2919,6418.1558,10117
equity,INE233B01017,2025-04-22,6449.3579,6392.4022,6430.0425,7137
equity,INE233B01017,2025-04-23,6615.7671,6449.8529,6493.9316,15881
equity,INE233B01017,2025-04-24,6577.1361,6424.0988,6472.1396,7326
equity,INE233B01017,2025-04-25,6472.1396,6258.6798,6340.894,8411
equity,INE233B01017,2025-04-28,6453.3193,6255.2128,6429.0513,4590
equity,INE233B01017,2025-04-29,6467.1875,6251.2514,6332.4751,15546
equity,INE233B01017,2025-04-30,6383.9823,6118.5196,6144.2734,12489
equity,INE233B01017,2025-05-02,6239.3648,6063.5453,6148.2358,5976
equity,INE233B01017,2025-05-05,6479.0733,6144.2733,6415.6792,14004
equity,INE233B01017,2025-05-06,6684.6092,6415.6796,6565.25,34741
equity,INE233B01017,2025-05-07,6655.3883,6393.8877,6593.48,12946
equity,INE233B01017,2025-05-08,6750.4795,6538.0103,6638.5493,14992
equity,INE233B01017,2025-05-09,6686.59,6445.8905,6619.729,10134
equity,INE233B01017,2025-05-12,6873.8008,6605.8618,6640.0352,9380
equity,INE233B01017,2025-05-13,6911.9361,6659.3503,6848.542,12945
equity,INE233B01017,2025-05-14,6927.7846,6714.3249,6832.1982,10073
equity,INE233B01017,2025-05-15,6918.3748,6785.6434,6834.6748,7669
equity,INE233B01017,2025-05-16,6921.8417,6823.2837,6881.7251,4286
equity,INE233B01017,2025-05-19,7031.7906,6805.9492,6846.561,15301
equity,INE233B01017,2025-05-20,7024.3617,6800.5013,6860.9238,9278
equity,INE233B01017,2025-05-21,6923.3274,6783.1671,6797.5298,5078
equity,INE233B01017,2025-05-22,6997.6171,6805.4538,6916.8887,13706
equity,INE233B01017,2025-05-23,7003.0654,6880.2394,6938.1855,5802
equity,INE233B01017,2025-05-26,7156.5978,6927.2895,7118.9575,15074
equity,INE233B01017,2025-05-27,7004.0556,6701.4479,6748.0029,61724
equity,INE233B01017,2025-05-28,6801.9871,6650.4356,6692.5332,20461
equity,INE233B01017,2025-05-29,6721.7537,6550.3916,6597.4419,15816
equity,INE233B01017,2025-05-30,6665.7884,6527.6091,6559.3062,9672
equity,INE233B01017,2025-06-02,6585.0603,6445.3952,6457.7769,9542
equity,INE233B01017,2025-06-03,6499.3795,6319.5978,6336.9321,10749
equity,INE233B01017,2025-06-04,6339.4082,6244.8123,6321.5786,12278
equity,INE233B01017,2025-06-05,6507.7992,6349.314,6461.2441,14833
equity,INE233B01017,2025-06-06,6527.6095,6422.1178,6439.4521,4210
equity,INE233B01017,2025-06-09,6515.723,6412.2123,6438.4614,6452
equity,INE233B01017,2025-06-10,6547.9154,6441.4331,6494.9219,7248
equity,INE233B01017,2025-06-11,6537.0194,6440.4425,6485.5117,5693
equity,INE233B01017,2025-06-12,6485.512,6315.6356,6335.4463,9020
equity,INE233B01017,2025-06-13,6358.2286,6210.6392,6236.3931,7152
equity,INE233B01017,2025-06-16,6286.91,6202.7147,6227.478,4569
equity,INE233B01017,2025-06-17,6268.0899,6215.5917,6240.355,3746
equity,INE233B01017,2025-06-18,6302.2634,6151.2072,6170.0273,6118
equity,INE233B01017,2025-06-19,6200.2385,6083.3557,6103.6616,5493
equity,INE233B01017,2025-06-20,6205.6864,6069.4882,6165.5698,4891
equity,INE233B01017,2025-06-23,6161.1124,6072.955,6136.3491,6845
equity,INE233B01017,2025-06-24,6346.3419,6136.349,6196.7715,13084
equity,INE233B01017,2025-06-25,6299.787,6196.2764,6231.9355,4972
equity,INE233B01017,2025-06-26,6300.2828,6200.7342,6266.1094,4797
equity,INE233B01017,2025-06-27,6383.9825,6220.5446,6304.2446,7710
equity,INE233B01017,2025-06-30,6398.8404,6193.3049,6329.0078,10856
equity,INE233B01017,2025-07-01,6878.2581,6349.3137,6781.6812,692495
equity,INE233B01017,2025-07-02,7012.9706,6686.0949,6844.5801,231938
equity,INE233B01017,2025-07-03,6873.8006,6745.5266,6778.7095,35671
equity,INE233B01017,2025-07-04,6833.1888,6597.9374,6634.0918,17894
equity,INE233B01017,2025-07-07,6677.6755,6570.2027,6626.6631,9881
equity,INE233B01017,2025-07-08,6655.3884,6517.7044,6550.8872,6913
equity,INE233B01017,2025-07-09,6620.7195,6522.6568,6571.1929,7513
equity,INE233B01017,2025-07-10,6734.631,6570.6979,6652.9121,20657
equity,INE233B01017,2025-07-11,6652.9121,6547.9156,6580.1079,6344
equity,INE233B01017,2025-07-14,6785.1484,6549.8969,6759.3945,15798
equity,INE233B01017,2025-07-15,6859.438,6717.2965,6846.561,22718
equity,INE233B01017,2025-07-16,6862.4093,6756.4223,6847.5513,14412
equity,INE233B01017,2025-07-17,6870.8295,6760.3851,6825.7603,17929
equity,INE233B01017,2025-07-18,6853.4947,6737.1071,6791.5864,8462
equity,INE233B01017,2025-07-21,6785.6435,6688.076,6717.792,4914
equity,INE233B01017,2025-07-22,6795.0532,6644.4922,6675.1987,6131
equity,INE233B01017,2025-07-23,6833.6836,6675.1984,6810.9014,21138
equity,INE233B01017,2025-07-24,6874.2963,6791.0916,6837.1514,11705
equity,INE233B01017,2025-07-25,6795.0534,6646.9688,6690.5522,4646
equity,INE233B01017,2025-07-28,6629.6345,6459.7581,6489.4741,9825
equity,INE233B01017,2025-07-29,6525.6285,6388.935,6411.7173,8153
equity,INE233B01017,2025-07-30,6388.9348,6082.365,6107.6235,62625
equity,INE233B01017,2025-07-31,6107.1283,5907.536,5937.252,27024
equity,INE233B01017,2025-08-01,5970.9304,5814.4263,5832.2559,21133
equity,INE233B01017,2025-08-04,5982.3215,5715.373,5743.1079,27151
equity,INE233B01017,2025-08-05,5792.139,5708.9343,5739.1455,33277
equity,INE233B01017,2025-08-06,5819.7262,5736.1609,5758.5444,50200
equity,INE233B01017,2025-08-07,5805.3015,5695.3734,5777.9438,18125
equity,INE233B01017,2025-08-08,5835.6437,5749.0939,5774.4619,82097
equity,INE233B01017,2025-08-11,5864.4934,5774.4618,5842.1099,9000
equity,INE233B01017,2025-08-12,5940.5976,5813.7574,5907.271,14594
equity,INE233B01017,2025-08-13,5919.2086,5829.1769,5844.5967,5064
equity,INE233B01017,2025-08-14,5889.3641,5805.3014,5825.6953,11132
equity,INE233B01017,2025-08-18,5879.9133,5788.3894,5800.8247,64606
equity,INE233B01017,2025-08-19,5906.7735,5785.9022,5818.7314,19168
equity,INE233B01017,2025-08-20,5873.944,5791.871,5809.7778,12283
equity,INE233B01017,2025-08-21,5854.0476,5796.3478,5821.7158,9891
equity,INE233B01017,2025-08-22,5843.1048,5763.5188,5784.4102,6733
equity,INE233B01017,2025-08-25,5939.1053,5748.0989,5865.4883,14615
equity,INE233B01017,2025-08-26,5864.4936,5643.6425,5666.5234,19752
equity,INE233B01017,2025-08-28,5670.5025,5538.1908,5551.1235,20068
equity,INE233B01017,2025-08-29,5637.6735,5446.6671,5578.4814,33645
equity,INE233B01017,2025-09-01,5796.8452,5591.9113,5771.9746,10804
equity,INE233B01017,2025-09-02,5781.4254,5707.3109,5725.2178,5234
equity,INE233B01017,2025-09-03,5782.4204,5705.8189,5724.2231,4007
equity,INE233B01017,2025-09-04,5784.4101,5636.6785,5656.0776,8264
equity,INE233B01017,2025-09-05,5707.3111,5620.7613,5675.9741,5934
equity,INE233B01017,2025-09-08,5751.0835,5671.4975,5697.8604,3683
equity,INE233B01017,2025-09-09,5731.6844,5687.4147,5707.8086,4364
equity,INE233B01017,2025-09-10,5756.555,5693.3836,5702.8345,4174
equity,INE233B01017,2025-09-11,5794.3583,5689.9017,5714.2749,8183
equity,INE233B01017,2025-09-12,5771.9749,5656.0778,5671.4976,8013
equity,INE233B01017,2025-09-15,5720.2436,5662.5438,5671.9946,4057
equity,INE233B01017,2025-09-16,5761.0317,5667.0208,5702.8345,11155
equity,INE233B01017,2025-09-17,5760.0369,5667.0208,5717.7568,14903
equity,INE233B01017,2025-09-18,5866.9805,5726.7102,5830.6694,28716
equity,INE233B01017,2025-09-19,5886.8769,5709.3007,5732.1816,17804
equity,INE233B01017,2025-09-22,5816.2446,5729.1974,5753.0732,12488
equity,INE233B01017,2025-09-23,6018.6911,5690.3989,5725.2178,33575
equity,INE233B01017,2025-09-24,5766.0057,5704.824,5745.6118,5830
equity,INE233B01017,2025-09-25,5774.9591,5706.3162,5765.5083,6574
equity,INE233B01017,2025-09-26,5767.9954,5571.02,5644.1396,6800
equity,INE233B01017,2025-09-29,5720.2437,5491.4339,5549.1338,21967
equity,INE233B01017,2025-09-30,6137.0753,5622.2533,5673.4868,1067298
equity,INE233B01017,2025-10-01,5751.0833,5625.7354,5683.9326,37981
equity,INE233B01017,2025-10-03,5684.43,5576.9889,5655.5801,19861
equity,INE233B01017,2025-10-06,5695.3733,5560.5745,5643.145,27353
equity,INE233B01017,2025-10-07,5643.1449,5577.9839,5597.8804,13182
equity,INE233B01017,2025-10-08,5604.3465,5521.2786,5537.1958,15267
equity,INE233B01017,2025-10-09,5537.1961,5437.7136,5470.0454,24627
equity,INE233B01017,2025-10-10,5512.3255,5443.6826,5473.5273,18791
equity,INE233B01017,2025-10-13,5525.7557,5416.8224,5505.3618,17807
equity,INE233B01017,2025-10-14,5571.02,5421.7963,5439.7031,15915
equity,INE233B01017,2025-10-15,5511.3305,5427.7652,5469.5479,7310
equity,INE233B01017,2025-10-16,5570.025,5461.589,5548.6362,15230
equity,INE233B01017,2025-10-17,5561.0716,5483.9727,5542.1699,8953
equity,INE233B01017,2025-10-20,5566.5433,5482.4806,5517.7969,10924
equity,INE233B01017,2025-10-21,5562.5639,5501.8796,5549.1338,2588
equity,INE233B01017,2025-10-23,5617.2793,5520.2839,5539.1855,10227
equity,INE233B01017,2025-10-24,5596.8856,5483.973,5536.6987,10522
equity,INE233B01017,2025-10-27,5564.5535,5495.9106,5537.1958,6004
equity,INE233B01017,2025-10-28,5557.5897,5481.4856,5508.8433,6301
equity,INE233B01017,2025-10-29,6610.612,5769.9849,6537.9897,3495838
equity,INE233B01017,2025-10-30,6999.5885,6301.7188,6659.3584,3477567
equity,INE233B01017,2025-10-31,6725.0168,6448.4555,6537.9897,679060
equity,INE233B01017,2025-11-03,6500.1866,6250.4855,6337.5327,220766
equity,INE233B01017,2025-11-04,6506.1557,6270.3822,6343.0044,173408
equity,INE233B01017,2025-11-06,6401.2017,6219.1487,6298.2373,75777
equity,INE233B01017,2025-11-07,6285.3043,6090.816,6189.3037,105093
equity,INE233B01017,2025-11-10,6243.5216,6068.4324,6102.7539,36251
equity,INE233B01017,2025-11-11,6272.3716,6006.7533,6048.0386,73197
equity,INE233B01017,2025-11-12,6167.9151,6030.1318,6146.5264,47059
equity,INE233B01017,2025-11-13,6202.7339,5992.8258,6013.2197,24649
equity,INE233B01017,2025-11-14,6019.6863,5949.5511,5963.9761,27628
equity,INE233B01017,2025-11-17,6076.8884,5954.0275,6012.7222,32524
equity,INE233B01017,2025-11-18,6045.0542,5933.6338,5953.5303,32938
equity,INE233B01017,2025-11-19,6023.1678,5894.338,5906.2759,23542
equity,INE233B01017,2025-11-20,6055.0023,5845.5916,5874.939,40273
equity,INE233B01017,2025-11-21,5874.939,5754.0678,5775.4565,46978
equity,INE233B01017,2025-11-24,5823.2082,5670.5026,5700.8447,25590
equity,INE233B01017,2025-11-25,5749.5914,5667.5183,5684.9277,15348
equity,INE233B01017,2025-11-26,5741.1351,5685.4249,5720.7412,11056
equity,INE233B01017,2025-11-27,5749.0936,5693.3834,5720.2437,22946
equity,INE233B01017,2025-11-28,5776.9489,5663.5388,5689.4043,16211
equity,INE233B01017,2025-12-01,5706.3164,5600.8649,5614.7925,22926
equity,INE233B01017,2025-12-02,5685.9223,5600.8647,5625.7354,11238
equity,INE233B01017,2025-12-03,5666.0256,5586.9371,5600.3672,8581
equity,INE233B01017,2025-12-04,5622.751,5551.1236,5563.0615,10062
equity,INE233B01017,2025-12-05,5577.4863,5521.2787,5535.7036,9490
equity,INE233B01017,2025-12-08,5568.0356,5362.1068,5433.2368,39926
equity,INE233B01017,2025-12-09,5438.7082,5363.1015,5392.9463,16094
equity,INE233B01017,2025-12-10,5468.5529,5329.7748,5361.1118,33282
equity,INE233B01017,2025-12-11,5403.392,5324.3034,5363.1016,30152
equity,INE233B01017,2025-12-12,5425.2784,5346.6872,5365.5889,18854
equity,INE233B01017,2025-12-15,5411.8479,5333.2567,5399.4126,30212
equity,INE233B01017,2025-12-16,5403.3922,5342.7079,5355.6406,14400
equity,INE233B01017,2025-12-17,5355.6403,5284.0129,5307.8887,10976
equity,INE233B01017,2025-12-18,5307.8891,5215.3703,5252.6763,30912
equity,INE233B01017,2025-12-19,5421.7965,5256.6555,5380.5112,17548
equity,INE233B01017,2025-12-22,5421.2987,5352.6558,5404.3867,9118
equity,INE233B01017,2025-12-23,5461.5895,5351.6613,5448.6567,9069
equity,INE233B01017,2025-12-24,5466.5635,5393.4439,5411.8481,7377
equity,INE233B01017,2025-12-26,5470.5427,5382.0033,5414.8325,13880
equity,INE233B01017,2025-12-29,5461.5894,5358.625,5431.7446,11582
equity,INE233B01017,2025-12-30,5546.1492,5384.9875,5513.8174,34226
equity,INE233B01017,2025-12-31,5546.6467,5461.5891,5492.4287,9434
equity,INE233B01017,2026-01-01,6008.2459,5582.9582,5646.627,649756
equity,INE233B01017,2026-01-02,5658.5647,5515.3099,5564.5537,42785
equity,INE233B01017,2026-01-05,5676.4716,5506.3565,5654.5854,28684
equity,INE233B01017,2026-01-06,5654.5854,5509.341,5529.7349,18527
equity,INE233B01017,2026-01-07,5529.2376,5422.2939,5438.7085,58409
equity,INE233B01017,2026-01-08,5480.491,5342.7077,5365.0913,15426
equity,INE233B01017,2026-01-09,5386.9773,5290.4793,5359.6196,15092
equity,INE233B01017,2026-01-12,5371.0603,5272.5727,5338.7285,11663
equity,INE233B01017,2026-01-13,5466.5632,5328.7799,5377.5264,91086
equity,INE233B01017,2026-01-14,5415.8272,5358.6247,5405.8789,10733
equity,INE233B01017,2026-01-16,5419.8066,5346.687,5371.5576,20471
equity,INE233B01017,2026-01-19,5376.0343,5313.8577,5343.2051,8230
equity,INE233B01017,2026-01-20,5357.6303,5277.5468,5317.3398,19602
equity,INE233B01017,2026-01-21,5312.3656,5163.6393,5247.2046,63777
equity,INE233B01017,2026-01-22,5334.7489,5272.5723,5299.4326,13355
equity,INE233B01017,2026-01-23,5316.842,5252.6758,5271.0801,15655
equity,INE233B01017,2026-01-27,5550.1287,5184.0331,5331.7646,17311
equity,INE233B01017,2026-01-28,5500.3874,5332.2619,5476.0142,23316
equity,INE233B01017,2026-01-29,5501.3825,5356.1381,5383.9932,13111
equity,INE233B01017,2026-01-30,5490.4394,5305.4019,5463.5791,24247
equity,INE233B01017,2026-02-02,5503.372,5411.8481,5470.0454,12455
equity,INE233B01017,2026-02-03,5688.907,5502.3773,5651.6011,33387
equity,INE233B01017,2026-02-04,5729.1971,5572.0147,5676.9688,20430
equity,INE233B01017,2026-02-05,5871.4571,5582.4605,5853.5503,50074
equity,INE233B01017,2026-02-06,5853.5503,5707.311,5815.2495,18202
equity,INE233B01017,2026-02-09,5839.6226,5718.7514,5793.3633,14020
equity,INE233B01017,2026-02-10,5898.3173,5793.3632,5809.7778,9806
equity,INE233B01017,2026-02-11,5831.6643,5734.6688,5805.7988,7171
equity,INE233B01017,2026-02-12,5820.2235,5739.1453,5803.3115,6703
equity,INE233B01017,2026-02-13,5790.8761,5685.4247,5781.4253,11484
equity,INE233B01017,2026-02-16,5826.6902,5684.4302,5804.3066,9158
equity,INE233B01017,2026-02-17,5819.7261,5725.2178,5740.1401,4612
equity,INE233B01017,2026-02-18,5799.8297,5691.3938,5790.3789,7698
equity,INE233B01017,2026-02-19,5827.6851,5581.9633,5638.1709,6213
equity,INE233B01017,2026-02-20,5660.0567,5581.963,5618.7715,4611
equity,INE233B01017,2026-02-23,5651.1035,5561.5693,5582.958,4929
equity,INE233B01017,2026-02-24,5595.8908,5484.9678,5521.7764,9401
equity,INE233B01017,2026-02-25,5600.8649,5500.3875,5592.9063,8775
equity,INE233B01017,2026-02-26,5638.6682,5540.1805,5582.958,5002
equity,INE233B01017,2026-02-27,5699.85,5573.0098,5653.0933,10866
equity,INE233B01017,2026-03-02,5570.5224,5272.5723,5508.8433,10915
equity,INE233B01017,2026-03-04,5511.3307,5327.2881,5438.7085,13089
equity,INE233B01017,2026-03-05,5466.066,5382.9981,5424.7808,5107
equity,INE233B01017,2026-03-06,5451.6409,5349.1739,5376.0342,4931
equity,INE233B01017,2026-03-09,5331.7648,5190.9971,5272.5728,10868
equity,INE233B01017,2026-03-10,5362.1066,5272.5723,5319.3291,6169
equity,INE233B01017,2026-03-11,5470.0455,5277.5468,5370.563,10650
equity,INE233B01017,2026-03-12,5370.5626,5228.8,5276.0542,5898
equity,INE233B01017,2026-03-13,5248.6969,5168.116,5192.4893,8102
equity,INE233B01017,2026-03-16,5190.0021,5002.975,5084.0532,13894
equity,INE233B01017,2026-03-17,5187.5149,5071.6178,5121.8564,7987
equity,INE233B01017,2026-03-18,5232.7796,5122.8514,5218.8521,6626
equity,INE233B01017,2026-03-19,5195.4738,5034.8095,5046.25,10740
equity,INE233B01017,2026-03-20,5132.7995,5048.7367,5075.0996,5459
equity,INE233B01017,2026-03-23,5068.6332,4874.6423,4906.9741,19579
equity,INE233B01017,2026-03-24,5073.6074,4805.9995,4938.8086,29010
equity,INE233B01017,2026-03-25,5107.9289,4951.7413,5030.3325,15683
equity,INE233B01017,2026-03-27,5000.9854,4791.5747,4816.4453,21183
equity,INE233B01017,2026-03-30,4836.3415,4658.7653,4722.4341,36166
equity,INE233B01017,2026-04-01,4947.7623,4660.2578,4861.5107,24161
equity,INE233B01017,2026-04-02,4893.246,4740.3412,4867.9771,12405
equity,INE233B01017,2026-04-06,4924.3836,4750.2893,4873.9458,27662
equity,INE233B01017,2026-04-07,4909.7594,4769.1909,4883.6953,27699
equity,INE233B01017,2026-04-08,5093.5043,4955.3232,5009.939,17181
equity,INE233B01017,2026-04-09,5091.9122,4940.4005,5018.9917,16537
equity,INE233B01017,2026-04-10,5158.1677,5029.4374,5143.8423,15951
equity,INE233B01017,2026-04-13,5171.2,4974.1251,5029.2383,17806
equity,INE233B01017,2026-04-15,5160.1575,5074.6026,5142.9473,9757
equity,INE233B01017,2026-04-16,5257.3521,5129.8153,5212.4854,18233
equity,INE233B01017,2026-04-17,5382.0032,5228.9993,5363.1016,16241
equity,INE233B01017,2026-04-20,5521.2787,5319.3292,5474.4224,13616
equity,INE233B01017,2026-04-21,5550.8251,5373.0497,5440.6978,8174
equity,INE233B01017,2026-04-22,5471.5376,5349.1741,5449.9497,20112
equity,INE233B01017,2026-04-23,5464.4741,5291.4742,5323.209,14838
equity,INE233B01017,2026-04-24,5356.7351,5262.6245,5320.8218,7462
equity,INE233B01017,2026-04-27,5470.0454,5323.3087,5393.5435,6990
equity,INE233B01017,2026-04-28,5491.4343,5355.1432,5379.019,7248
equity,INE233B01017,2026-04-29,5451.6412,5357.2324,5446.9653,9257
equity,INE233B01017,2026-04-30,5451.6408,5385.1867,5437.415,6426
equity,INE233B01017,2026-05-04,5685.9223,5404.3869,5536.2012,29195
equity,INE233B01017,2026-05-05,5575.994,5440.6978,5512.3252,12466
equity,INE233B01017,2026-05-06,5633.6941,5495.4134,5617.7769,6782
equity,INE233B01017,2026-05-07,5723.2284,5580.9685,5633.1968,15881
equity,INE233B01017,2026-05-08,5745.6118,5612.8027,5652.5957,12577
equity,INE233B01017,2026-05-11,5471.5373,5178.5614,5231.2871,85358
equity,INE233B01017,2026-05-12,5233.277,5099.4731,5140.7583,10868
equity,INE233B01017,2026-05-13,5140.2608,5024.8611,5075.5972,14946
equity,INE233B01017,2026-05-14,5091.5144,4974.1251,4991.0371,19366
equity,INE233B01017,2026-05-15,5093.5042,4979.0994,5044.7578,13888
equity,INE233B01017,2026-05-18,5003.9697,4851.264,4874.145,14371
equity,INE233B01017,2026-05-19,4942.7879,4862.2071,4885.5854,9103
equity,INE233B01017,2026-05-20,4864.1968,4805.0047,4814.4556,10496
equity,INE233B01017,2026-05-21,4894.5389,4815.9477,4847.2847,7241
equity,INE233B01017,2026-05-22,4861.7098,4810.4764,4826.3936,7878
equity,INE233B01017,2026-05-25,4934.3319,4839.8235,4860.7148,8935
equity,INE233B01017,2026-05-26,4888.5701,4837.834,4846.29,7245
equity,INE233B01017,2026-05-27,4877.1296,4725.4188,4748.2998,14397
equity,INE233B01017,2026-05-29,4823.9066,4707.0146,4716.9629,16927
equity,INE233B01017,2026-06-01,4784.909,4683.3377,4696.0713,8345
equity,INE233B01017,2026-06-02,4743.3254,4675.6773,4705.9199,8644
equity,INE233B01017,2026-06-03,4707.0143,4660.7549,4667.6191,8683
equity,INE233B01017,2026-06-04,4718.1568,4650.807,4695.1763,10512
equity,INE233B01017,2026-06-05,4746.5095,4661.9494,4675.7773,8815
equity,INE233B01017,2026-06-08,4663.7396,4604.5475,4623.3496,52043
equity,INE233B01017,2026-06-09,4704.5275,4627.0307,4666.7241,5514
equity,INE233B01017,2026-06-10,4844.5988,4665.829,4731.9849,24519
equity,INE233B01017,2026-06-11,4726.3143,4642.2515,4685.7256,9062
equity,INE233B01017,2026-06-12,4752.1797,4701.1454,4733.9746,23564
equity,INE233B01017,2026-06-15,4923.8862,4834.8494,4879.0195,19142
equity,INE233B01017,2026-06-16,4888.9678,4770.1858,4809.3818,12475
equity,INE233B01017,2026-06-17,4854.7462,4802.2196,4816.8433,9977
equity,INE233B01017,2026-06-18,4904.4875,4805.005,4845.1958,7990
equity,INE233B01017,2026-06-19,4974.1252,4805.0049,4943.0864,24139
equity,INE233B01017,2026-06-22,5029.9348,4943.6833,4967.5591,19110
equity,INE233B01017,2026-06-23,5012.9231,4916.3255,4958.9043,18374
equity,INE233B01017,2026-06-24,4992.9272,4900.6076,4972.832,5402
equity,INE233B01017,2026-06-25,5053.2138,4926.6719,4956.5166,13006
equity,INE233B01017,2026-06-29,4986.6597,4825.3985,4848.8765,6643
equity,INE233B01017,2026-06-30,4909.4614,4806.0992,4839.6245,20905
equity,INE233B01017,2026-07-01,4962.1873,4834.9493,4868.4746,6159
equity,INE233B01017,2026-07-02,4912.2468,4858.7254,4873.1504,5584
equity,INE233B01017,2026-07-03,4953.7313,4819.4299,4826.7915,12637
equity,INE233B01017,2026-07-06,4981.0886,4815.152,4946.8667,12382
equity,INE233B01017,2026-07-07,5009.1432,4854.9453,4873.1504,9676
equity,INE233B01017,2026-07-08,4861.6102,4735.367,4764.6147,6871
equity,INE233B01017,2026-07-09,4867.5793,4768.1964,4821.7178,3857
equity,INE233B01017,2026-07-10,4916.9226,4830.2733,4892.9473,6110
equity,INE233B01017,2026-07-13,5023.8665,4829.8756,4920.0068,5542
equity,INE233B01017,2026-07-14,4930.3529,4859.7203,4878.2241,4015
equity,INE233B01017,2026-07-15,4938.1121,4874.6424,4894.1411,5702
equity,INE233B01017,2026-07-16,4923.8866,4854.7462,4883.4966,4712
equity,INE233B01017,2026-07-17,4924.3837,4825.8961,4900.9058,4171
equity,INE233B01017,2026-07-20,4918.2156,4844.7977,4857.7305,5258
equity,INE233B01017,2026-07-21,4857.7305,4818.9323,4844.5986,4078
equity,INE233B01017,2026-07-22,4844.6983,4776.3541,4786.7998,6269
equity,INE233B01017,2026-07-23,4784.2128,4725.4186,4740.7388,6742
equity,INE233B01017,2026-07-24,4949.2544,4691.6943,4886.083,35686
equity,INE233B01017,2026-07-27,5102.6568,4897.4241,5087.7344,37705
equity,INE233B01017,2026-07-28,5249.6915,5073.6075,5077.0894,28302
equity,INE233B01017,2026-07-29,5098.6771,5020.4838,5043.3647,8120
equity,INE233B01017,2026-07-30,5069.6284,4992.0321,4999.8911,7629
equity,INE233B01017,2026-07-31,5158.1676,4967.1612,5133.5952,39069
equity,INE233B01017,2026-08-03,5715.2699,5298.4382,5398.9155,601176
equity,INE233B01017,2026-08-04,5415.3299,5316.3449,5336.7388,67817
equity,INE233B01017,2026-08-05,5372.0548,5183.0381,5266.106,32935
equity,INE233B01017,2026-08-06,5253.671,5035.3069,5086.043,38960
equity,INE233B01017,2026-08-07,5117.3801,4987.5554,5063.1621,28915
equity,INE233B01017,2026-08-10,5195.4736,5021.3792,5163.6392,21029
equity,INE233B01017,2026-08-11,5183.0384,5054.706,5066.1465,9794
equity,INE233B01017,2026-08-12,5118.8719,5040.7781,5066.6436,8071
equity,INE233B01017,2026-08-13,5118.3748,5038.7888,5074.6025,6246
equity,INE233B01017,2026-08-14,5252.6762,5043.7629,5114.3955,22745
equity,INE233B01017,2026-08-17,5121.8564,5058.685,5098.478,4543
equity,INE233B01017,2026-08-18,5098.4782,5043.7628,5059.1826,6205
equity,INE233B01017,2026-08-19,5095.9911,5023.8663,5040.7783,5868
equity,INE233B01017,2026-08-20,5103.4523,4994.0215,5050.7266,5551
equity,INE233B01017,2026-08-21,5073.6073,5034.8092,5056.6953,4049
equity,INE233B01017,2026-08-24,5098.9755,5013.918,5027.3481,4920
equity,INE233B01017,2026-08-25,5052.716,4954.2284,4968.6533,7372
equity,INE233B01017,2026-08-26,5003.9698,4967.1613,4981.0889,1989
equity,INE233B01017,2026-08-27,5023.8664,4943.2856,4979.5967,16935
equity,INE233B01017,2026-08-28,5006.4567,4949.2542,4963.6792,3660
equity,INE233B01017,2026-08-31,4993.5243,4885.0884,4898.5186,9084
equity,INE233B01017,2026-09-01,5132.7995,4877.1295,5078.5815,29783
equity,INE233B01017,2026-09-02,5107.3322,4965.1718,4991.5347,23531
equity,INE233B01017,2026-09-03,5023.4685,4955.323,5002.7759,4042
equity,INE233B01017,2026-09-04,5022.7719,4942.3902,4965.8682,5838
equity,INE233B01017,2026-09-07,4970.7428,4927.3684,4962.9829,4441
equity,INE233B01017,2026-09-08,4970.1459,4895.534,4961.3916,6858
equity,INE233B01017,2026-09-09,4949.8514,4894.5391,4902.8955,5343
equity,INE233B01017,2026-09-10,4900.3087,4842.808,4857.3325,5407
equity,INE233B01017,2026-09-11,4833.0589,4787.297,4805.8999,3737
equity,INE233B01017,2026-09-15,4889.3999,4791,4843.5,7941
equity,INE233B01017,2026-09-16,4868.8999,4740.8999,4850.5,10147
equity,INE233B01017,2026-09-17,4863.6001,4799.8999,4811.2998,7139
equity,INE233B01017,2026-09-18,4851,4770,4821,10165
equity,INE233B01017,2026-09-21,4849.7998,4794,4806.2002,5084
equity,INE233B01017,2026-09-22,4844.8999,4780,4786.6001,7423
equity,INE233B01017,2026-09-23,4835,4780,4799.5,4902
equity,INE233B01017,2026-09-24,4839,4740,4793,4436
equity,INE233B01017,2026-09-25,4804.5,4712,4746.5,7306
equity,INE233B01017,2026-09-28,4795,4705,4749.6001,6178
equity,INE233B01017,2026-09-29,4751.8999,4523,4576,88233
equity,INE233B01017,2026-09-30,4654.2002,4539.2998,4629,14406
equity,INE233B01017,2026-10-01,4793.7998,4460,4496.7998,51320
equity,INE233B01017,2026-10-05,4549.7998,4458.1001,4514.3999,6452
equity,INE233B01017,2026-10-06,4575,4483.6001,4562.7998,6431
equity,INE233B01017,2026-10-07,4620.7998,4519.2998,4555.2002,18776
equity,INE233B01017,2026-10-08,4600.3999,4545,4557,6512
equity,INE24OJ01011,2026-01-09,178.7378,161.7208,161.7208,1486795
equity,INE24OJ01011,2026-01-12,161.7208,153.6402,153.6402,121995
equity,INE24OJ01011,2026-01-13,151.8589,145.9677,145.9677,963835
equity,INE24OJ01011,2026-01-14,153.2621,138.6733,152.665,1019345
equity,INE24OJ01011,2026-01-16,160.2978,146.8136,152.456,341665
equity,INE24OJ01011,2026-01-19,151.0529,144.8332,144.8332,154380
equity,INE24OJ01011,2026-01-20,142.3056,137.5985,137.5985,254535
equity,INE24OJ01011,2026-01-21,135.3396,130.7221,130.7221,91310
equity,INE24OJ01011,2026-01-22,137.2502,131.558,134.9514,198985
equity,INE24OJ01011,2026-01-23,138.325,129.5777,132.7024,65945
equity,INE24OJ01011,2026-01-27,135.5386,126.5823,130.0852,291545
equity,INE24OJ01011,2026-01-28,148.0774,127.5973,145.5597,433045
equity,INE24OJ01011,2026-01-29,149.4806,137.3199,142.0966,317325
equity,INE24OJ01011,2026-01-30,153.2521,136.8124,149.5004,297265
equity,INE24OJ01011,2026-02-02,149.0526,139.3201,146.8633,166600
equity,INE24OJ01011,2026-02-03,163.532,147.2912,157.2626,1207870
equity,INE24OJ01011,2026-02-04,160.6162,156.5958,159.5614,109830
equity,INE24OJ01011,2026-02-05,165.791,157.2327,165.0446,206075
equity,INE24OJ01011,2026-02-06,167.1841,157.6308,161.9099,226160
equity,INE24OJ01011,2026-02-09,171.5628,163.2633,168.9057,331705
equity,INE24OJ01011,2026-02-10,176.6778,162.5468,167.1344,198320
equity,INE24OJ01011,2026-02-11,179.3249,158.6359,171.105,674760
equity,INE24OJ01011,2026-02-12,192.6598,175.4737,184.2708,1363205
equity,INE24OJ01011,2026-02-13,187.4453,166.388,169.7516,568160
equity,INE24OJ01011,2026-02-16,176.5385,165.4128,169.463,348330
equity,INE24OJ01011,2026-02-17,173.0655,164.0196,166.7861,272045
equity,INE24OJ01011,2026-02-18,176.031,167.1842,173.8815,130440
equity,INE24OJ01011,2026-02-19,203.8851,170.289,201.1584,1990650
equity,INE24OJ01011,2026-02-20,208.3732,194.6302,204.3926,435585
equity,INE24OJ01011,2026-02-23,204.1936,196.1329,198.0834,135825
equity,INE24OJ01011,2026-02-24,200.2826,185.6242,188.7688,133660
equity,INE24OJ01011,2026-02-25,207.786,189.4853,204.92,471785
equity,INE24OJ01011,2026-02-26,209.02,196.1329,200.0139,135930
equity,INE24OJ01011,2026-02-27,198.6108,190.172,192.8688,123115
equity,INE24OJ01011,2026-03-02,194.5506,180.1409,182.3103,201800
equity,INE24OJ01011,2026-03-04,184.9574,176.9366,183.0567,103465
equity,INE24OJ01011,2026-03-05,193.4559,183.1064,192.4906,187085
equity,INE24OJ01011,2026-03-06,202.3923,188.0822,199.387,881760
equity,INE24OJ01011,2026-03-09,199.0288,187.097,190.7591,163675
equity,INE24OJ01011,2026-03-10,200.3822,193.6749,197.3072,91900
equity,INE24OJ01011,2026-03-11,207.985,186.1914,189.9331,197945
equity,INE24OJ01011,2026-03-12,193.9436,187.087,192.1822,242535
equity,INE24OJ01011,2026-03-13,194.1127,177.1356,186.5596,187430
equity,INE24OJ01011,2026-03-16,189.0773,178.1307,182.579,156035
equity,INE24OJ01011,2026-03-17,191.7642,182.5094,189.1569,96620
equity,INE24OJ01011,2026-03-18,195.0482,189.0674,190.0725,96485
equity,INE24OJ01011,2026-03-19,188.6594,179.3448,180.7579,193570
equity,INE24OJ01011,2026-03-20,191.8438,181.3252,188.2115,123915
equity,INE24OJ01011,2026-03-23,189.0176,179.3647,182.4198,773680
equity,INE24OJ01011,2026-03-24,207.3581,187.4453,201.7355,411825
equity,INE24OJ01011,2026-03-25,204.3926,195.8443,197.4067,139285
equity,INE24OJ01011,2026-03-27,200.2229,187.1368,190.3312,139555
equity,INE24OJ01011,2026-03-30,200.004,185.7038,190.9482,255490
equity,INE24OJ01011,2026-04-01,204.5617,192.4409,200.5712,177960
equity,INE24OJ01011,2026-04-02,206.7113,191.0278,202.3824,209255
equity,INE24OJ01011,2026-04-06,217.7375,198.3322,215.5183,599235
equity,INE24OJ01011,2026-04-07,228.4552,212.3239,214.5231,451420
equity,INE24OJ01011,2026-04-08,226.853,214.5232,221.1409,323465
equity,INE24OJ01011,2026-04-09,227.6889,217.618,220.912,187080
equity,INE24OJ01011,2026-04-10,224.6935,209.1792,213.319,378475
equity,INE24OJ01011,2026-04-13,226.853,204.8006,219.2202,1249745
equity,INE24OJ01011,2026-04-15,225.7782,215.4188,217.837,365440
equity,INE24OJ01011,2026-04-16,232.0277,216.2447,222.4743,785455
equity,INE24OJ01011,2026-04-17,226.2957,217.1404,220.1358,312590
equity,INE24OJ01011,2026-04-20,247.5918,221.1309,235.9386,1947700
equity,INE24OJ01011,2026-04-21,242.5663,226.9027,237.2821,682020
equity,INE24OJ01011,2026-04-22,240.5362,232.9831,234.7644,165020
equity,INE24OJ01011,2026-04-23,235.4809,226.2161,229.1518,247805
equity,INE24OJ01011,2026-04-24,233.8588,213.6176,218.7923,309695
equity,INE24OJ01011,2026-04-27,228.8831,215.5083,224.6637,350575
equity,INE24OJ01011,2026-04-28,228.8831,223.9471,225.9573,127890
equity,INE24OJ01011,2026-04-29,228.8831,214.9511,217.4588,326145
equity,INE24OJ01011,2026-04-30,225.0816,214.1649,220.3348,149190
equity,INE24OJ01011,2026-05-04,224.5044,209.0598,217.1404,264280
equity,INE24OJ01011,2026-05-05,225.8976,215.7074,222.0365,140750
equity,INE24OJ01011,2026-05-06,228.485,214.1948,218.0758,446395
equity,INE24OJ01011,2026-05-07,228.8831,214.9511,226.8729,918040
equity,INE24OJ01011,2026-05-08,230.0374,218.3544,222.3151,482195
equity,INE24OJ01011,2026-05-11,223.9074,215.9462,218.1355,185540
equity,INE24OJ01011,2026-05-12,223.4297,214.9511,218.9117,145715
equity,INE24OJ01011,2026-05-13,223.9073,216.0258,219.2103,226385
equity,INE24OJ01011,2026-05-14,223.9273,206.9899,218.9714,380430
equity,INE24OJ01011,2026-05-15,236.8442,212.9608,229.7389,616335
equity,INE24OJ01011,2026-05-18,236.1675,219.4491,231.4505,350365
equity,INE24OJ01011,2026-05-19,242.4568,220.0462,224.0865,1616920
equity,INE24OJ01011,2026-05-20,228.3855,215.2496,217.7375,392400
equity,INE24OJ01011,2026-05-21,222.0962,207.9851,210.5724,339325
equity,INE24OJ01011,2026-05-22,215.7472,200.1234,210.5525,678425
equity,INE24OJ01011,2026-05-25,214.9511,206.9899,210.453,199910
equity,INE24OJ01011,2026-05-26,228.8831,209.4181,226.4151,744280
equity,INE24OJ01011,2026-05-27,235.451,223.9073,230.9928,340385
equity,INE24OJ01011,2026-05-29,235.6501,227.8879,231.8287,274330
equity,INE24OJ01011,2026-06-01,231.8287,223.9073,225.3005,80380
equity,INE24OJ01011,2026-06-02,230.0175,224.3253,228.1467,96105
equity,INE24OJ01011,2026-06-03,238.6355,227.1117,230.5151,233455
equity,INE24OJ01011,2026-06-04,236.0083,226.8928,230.7539,83875
equity,INE24OJ01011,2026-06-05,233.0428,223.1311,225.8379,128180
equity,INE24OJ01011,2026-06-08,226.8729,211.2093,213.0006,207310
equity,INE24OJ01011,2026-06-09,221.2603,213.319,216.2845,116135
equity,INE24OJ01011,2026-06-10,222.9122,215.2695,216.0258,78105
equity,INE24OJ01011,2026-06-11,216.4637,204.0045,204.6613,94420
equity,INE24OJ01011,2026-06-12,210.652,201.3574,203.069,134955
equity,INE24OJ01011,2026-06-15,218.3345,195.3069,198.2127,354825
equity,INE24OJ01011,2026-06-16,204.2035,197.2574,202.0142,242195
equity,INE24OJ01011,2026-06-17,212.702,199.2676,208.4428,732500
equity,INE24OJ01011,2026-06-18,209.6569,202.5715,208.5423,182010
equity,INE24OJ01011,2026-06-19,217.7375,202.452,211.2491,184465
equity,INE24OJ01011,2026-06-22,214.2345,206.1938,209.2986,169545
equity,INE24OJ01011,2026-06-23,209.7763,202.0142,204.92,174170
equity,INE24OJ01011,2026-06-24,207.94,202.4,203.1,81995
equity,INE24OJ01011,2026-06-25,208.18,202.6,206.38,235895
equity,INE24OJ01011,2026-06-29,208.38,202.4,203.12,110980
equity,INE24OJ01011,2026-06-30,205.86,199,203.94,79745
equity,INE24OJ01011,2026-07-01,204.56,201.16,201.74,248360
equity,INE24OJ01011,2026-07-02,204.82,200,200.46,97770
equity,INE24OJ01011,2026-07-03,203.18,195.02,196.38,145175
equity,INE24OJ01011,2026-07-06,210.4,194.4,208.6,1493410
equity,INE24OJ01011,2026-07-07,207.1,199.42,200.14,94625
equity,INE24OJ01011,2026-07-08,214,198,211.42,529425
equity,INE24OJ01011,2026-07-09,246,211.06,240.06,3274525
equity,INE24OJ01011,2026-07-10,253,238,250.1,2168065
equity,INE24OJ01011,2026-07-13,273,251.2,259.68,3467695
equity,INE24OJ01011,2026-07-14,260,250.26,254.52,265470
equity,INE24OJ01011,2026-07-15,263.78,251.06,253.72,1645470
equity,INE24OJ01011,2026-07-16,254.6,247,248.62,141745
equity,INE24OJ01011,2026-07-17,248.64,242.54,246.68,158175
equity,INE24OJ01011,2026-07-20,252.78,242.46,245.26,102085
equity,INE24OJ01011,2026-07-21,251.56,244.64,247.08,90205
equity,INE24OJ01011,2026-07-22,248.86,240.4,242.4,143100
equity,INE24OJ01011,2026-07-23,254.4,236.16,249,387510
equity,INE24OJ01011,2026-07-24,251.6,241,247.24,319710
equity,INE24OJ01011,2026-07-27,251.6,241,243.86,173395
equity,INE24OJ01011,2026-07-28,254.8,235.12,238.5,248275
equity,INE24OJ01011,2026-07-29,251.4,238.94,246.04,202390
equity,INE24OJ01011,2026-07-30,247,240.62,242.44,129235
equity,INE24OJ01011,2026-07-31,255.1,241.62,248.44,256415
equity,INE24OJ01011,2026-08-03,272,249.82,268.72,1112170
equity,INE24OJ01011,2026-08-04,276,261.48,267.56,821520
equity,INE24OJ01011,2026-08-05,273.02,259,269.56,950775
equity,INE24OJ01011,2026-08-06,273.74,238.44,267.04,2427255
equity,INE24OJ01011,2026-08-07,274,259,267.24,584895
equity,INE24OJ01011,2026-08-10,267.24,250.2,254.64,325495
equity,INE24OJ01011,2026-08-11,258.74,248.22,254,254705
equity,INE24OJ01011,2026-08-12,255.18,246.86,248.56,186755
equity,INE24OJ01011,2026-08-13,265.66,246.8,253.68,482875
equity,INE24OJ01011,2026-08-14,257.58,249,249.72,200115
equity,INE24OJ01011,2026-08-17,250.44,246.1,248.84,139510
equity,INE24OJ01011,2026-08-18,255.32,246.4,254.02,250530
equity,INE24OJ01011,2026-08-19,256.58,250.62,254.6,175025
equity,INE24OJ01011,2026-08-20,256.28,250.9,252.62,155925
equity,INE24OJ01011,2026-08-21,253.58,250.62,251.28,91385
equity,INE24OJ01011,2026-08-24,253.34,244.1,249.98,403475
equity,INE24OJ01011,2026-08-25,252.9,240,248.26,474245
equity,INE24OJ01011,2026-08-26,260.24,245.36,252.58,474850
equity,INE24OJ01011,2026-08-27,251.8,245.02,248.42,169355
equity,INE24OJ01011,2026-08-28,253.64,248.02,248.74,90535
equity,INE24OJ01011,2026-08-31,255.16,246,250.8,90830
equity,INE24OJ01011,2026-09-01,256,249.16,254.48,156775
equity,INE24OJ01011,2026-09-02,259.6,246.82,252.36,646425
equity,INE24OJ01011,2026-09-03,259.4,252.26,257.76,112085
equity,INE24OJ01011,2026-09-04,261,256.5,259.64,1756845
equity,INE24OJ01011,2026-09-07,264,251,254.28,596030
equity,INE24OJ01011,2026-09-08,264,244.34,260.22,699440
equity,INE24OJ01011,2026-09-09,262.98,258.8,260.54,181720
equity,INE24OJ01011,2026-09-10,272,252.84,254.44,597605
equity,INE24OJ01011,2026-09-11,254.8,248,250.5,193970
equity,INE24OJ01011,2026-09-15,266.8,254.96,256.6,478740
equity,INE24OJ01011,2026-09-16,261.88,250.54,254.2,215660
equity,INE24OJ01011,2026-09-17,255.2,247.64,248.98,91185
equity,INE24OJ01011,2026-09-18,254,239.7,250.76,618905
equity,INE24OJ01011,2026-09-21,262.7,251.88,256,317900
equity,INE24OJ01011,2026-09-22,268.8,257,262.16,554600
equity,INE24OJ01011,2026-09-23,266.56,256.12,258.46,137000
equity,INE24OJ01011,2026-09-24,260.1,251,254.52,971975
equity,INE24OJ01011,2026-09-25,257.06,251.86,255.22,257045
equity,INE24OJ01011,2026-09-28,256.26,250,251.34,345610
equity,INE24OJ01011,2026-09-29,255.82,245.9,248.84,250170
equity,INE24OJ01011,2026-09-30,251.58,244.22,246.2,423570
equity,INE24OJ01011,2026-10-01,251.28,243.8,249.84,259785
equity,INE24OJ01011,2026-10-05,256.8,247.24,253.18,403925
equity,INE24OJ01011,2026-10-06,264.2,255.4,260.3,630775
equity,INE24OJ01011,2026-10-07,265.2,255.12,260.4,557935
equity,INE24OJ01011,2026-10-08,260.3,234.1,250.2,399108
equity,INE893J01029,2023-10-05,444.5001,439.6864,440.4478,64662
equity,INE893J01029,2023-10-06,442.0441,436.1744,437.2305,86400
equity,INE893J01029,2023-10-09,445.9491,429.8136,434.8237,111230
equity,INE893J01029,2023-10-10,439.1215,435.6832,436.5919,45522
equity,INE893J01029,2023-10-11,442.6827,435.192,436.6411,61702
equity,INE893J01029,2023-10-12,439.6128,433.522,435.0202,61970
equity,INE893J01029,2023-10-13,437.3533,429.789,430.3048,93460
equity,INE893J01029,2023-10-16,432.7116,424.5578,425.1227,130362
equity,INE893J01029,2023-10-17,438.1392,424.8526,436.6656,88406
equity,INE893J01029,2023-10-18,442.5599,427.3331,429.3224,122722
equity,INE893J01029,2023-10-19,432.1959,425.3929,427.0875,90836
equity,INE893J01029,2023-10-20,446.2192,426.2279,437.3041,230076
equity,INE893J01029,2023-10-23,437.1077,425.8595,427.4558,79702
equity,INE893J01029,2023-10-25,433.7185,417.5093,421.5125,105974
equity,INE893J01029,2023-10-26,438.5321,414.9551,430.5749,120572
equity,INE893J01029,2023-10-27,454.3484,430.5749,452.0398,142724
equity,INE893J01029,2023-10-30,458.4743,437.3042,445.3351,156882
equity,INE893J01029,2023-10-31,454.9869,433.9641,437.4515,138412
equity,INE893J01029,2023-11-01,439.6128,430.2802,436.1744,136764
equity,INE893J01029,2023-11-02,446.8333,435.5851,445.9491,90374
equity,INE893J01029,2023-11-03,451.4013,439.9566,441.7003,223580
equity,INE893J01029,2023-11-06,454.1765,445.065,450.0996,111090
equity,INE893J01029,2023-11-07,456.7797,437.9672,443.444,451132
equity,INE893J01029,2023-11-08,441.5775,431.2626,432.0239,180414
equity,INE893J01029,2023-11-09,438.5322,429.8873,431.4591,74764
equity,INE893J01029,2023-11-10,436.2727,430.796,434.5781,31380
equity,INE893J01029,2023-11-13,436.9112,430.3784,432.687,43602
equity,INE893J01029,2023-11-15,436.0025,430.2802,431.4099,49172
equity,INE893J01029,2023-11-16,433.2518,424.5824,429.5434,90952
equity,INE893J01029,2023-11-17,432.687,428.2417,429.1995,79182
equity,INE893J01029,2023-11-20,431.0907,426.8664,428.7329,99372
equity,INE893J01029,2023-11-21,429.9118,424.7789,425.6385,49514
equity,INE893J01029,2023-11-22,429.789,424.386,427.0138,63804
equity,INE893J01029,2023-11-23,433.8168,424.5333,425.7613,63104
equity,INE893J01029,2023-11-24,449.4365,424.6315,430.0346,630028
equity,INE893J01029,2023-11-28,434.4307,419.9898,422.8633,253796
equity,INE893J01029,2023-11-29,426.9401,419.9652,421.4142,114890
equity,INE893J01029,2023-11-30,431.2625,421.4142,427.3085,103012
equity,INE893J01029,2023-12-01,430.7713,422.9123,423.6737,107674
equity,INE893J01029,2023-12-04,434.0132,424.0666,433.1782,129986
equity,INE893J01029,2023-12-05,435.1676,429.789,430.3785,49650
equity,INE893J01029,2023-12-06,435.978,424.3123,425.0736,115514
equity,INE893J01029,2023-12-07,430.3784,422.4212,423.2317,113178
equity,INE893J01029,2023-12-08,430.182,423.8211,426.4489,52198
equity,INE893J01029,2023-12-11,429.1995,423.9684,427.6032,66244
equity,INE893J01029,2023-12-12,433.6202,425.3928,431.1397,118282
equity,INE893J01029,2023-12-13,432.1713,426.3998,429.9118,169484
equity,INE893J01029,2023-12-14,431.8766,425.3683,427.0629,95296
equity,INE893J01029,2023-12-15,434.2097,423.4036,425.0982,152632
equity,INE893J01029,2023-12-18,432.5397,423.4036,430.2802,134706
equity,INE893J01029,2023-12-19,440.1039,427.0629,433.1782,153686
equity,INE893J01029,2023-12-20,435.3394,424.1403,428.34,124876
equity,INE893J01029,2023-12-21,429.5189,422.4457,424.9754,228146
equity,INE893J01029,2023-12-22,436.1007,424.9754,429.0522,132512
equity,INE893J01029,2023-12-26,432.908,427.0874,428.1189,74186
equity,INE893J01029,2023-12-27,435.3394,428.1189,430.5258,146130
equity,INE893J01029,2023-12-28,444.0334,433.6939,439.3672,252234
equity,INE893J01029,2023-12-29,452.3345,434.9956,450.7136,357652
equity,INE893J01029,2024-01-01,460.5128,451.0083,453.6607,241220
equity,INE893J01029,2024-01-02,460.4637,444.4755,454.8396,169770
equity,INE893J01029,2024-01-03,461.5688,448.2331,456.7061,108590
equity,INE893J01029,2024-01-04,459.2357,446.4894,447.1525,68502
equity,INE893J01029,2024-01-05,448.3068,437.6234,439.3426,202942
equity,INE893J01029,2024-01-08,441.5038,424.8772,430.2802,190152
equity,INE893J01029,2024-01-09,440.2758,430.2802,434.8728,110380
equity,INE893J01029,2024-01-10,439.3672,432.8835,436.8375,84056
equity,INE893J01029,2024-01-11,438.5076,430.2802,431.7783,105586
equity,INE893J01029,2024-01-12,434.8974,428.8066,429.7399,82758
equity,INE893J01029,2024-01-15,438.1391,430.5994,433.2273,62736
equity,INE893J01029,2024-01-16,435.364,429.5925,432.466,43372
equity,INE893J01029,2024-01-17,434.5536,427.8243,430.9188,67414
equity,INE893J01029,2024-01-18,431.7537,423.6983,425.9577,111230
equity,INE893J01029,2024-01-19,431.8275,424.3369,427.5296,64844
equity,INE893J01029,2024-01-23,425.8349,415.0534,416.1094,98820
equity,INE893J01029,2024-01-24,422.7405,413.5798,421.4633,59530
equity,INE893J01029,2024-01-25,424.828,413.5798,415.8884,74216
equity,INE893J01029,2024-01-29,417.8531,411.6396,412.843,89754
equity,INE893J01029,2024-01-30,415.1516,408.6679,409.5521,63028
equity,INE893J01029,2024-01-31,419.5232,405.2542,415.8393,105466
equity,INE893J01029,2024-02-01,433.2273,413.8745,431.3853,114602
equity,INE893J01029,2024-02-02,431.3853,424.3859,428.3645,100050
equity,INE893J01029,2024-02-05,431.7047,420.4565,427.0875,93486
equity,INE893J01029,2024-02-06,428.7575,423.4773,427.4068,117090
equity,INE893J01029,2024-02-07,432.1467,427.3331,430.9433,79038
equity,INE893J01029,2024-02-08,432.5888,421.4634,430.624,218064
equity,INE893J01029,2024-02-09,434.5535,422.9124,430.4767,213494
equity,INE893J01029,2024-02-12,431.2626,419.9652,428.4382,131654
equity,INE893J01029,2024-02-13,434.1851,421.7089,433.3501,112500
equity,INE893J01029,2024-02-14,441.5775,427.333,440.3004,118084
equity,INE893J01029,2024-02-15,445.5561,430.5012,441.381,68446
equity,INE893J01029,2024-02-16,442.0687,432.245,434.0132,51462
equity,INE893J01029,2024-02-19,444.5246,432.2449,441.1109,126044
equity,INE893J01029,2024-02-20,442.5598,426.3507,428.5119,66840
equity,INE893J01029,2024-02-21,436.4446,427.3331,430.8942,47356
equity,INE893J01029,2024-02-22,436.4691,428.3154,432.2449,91042
equity,INE893J01029,2024-02-23,436.6656,426.8419,431.631,195500
equity,INE893J01029,2024-02-26,429.789,422.9124,423.8211,78252
equity,INE893J01029,2024-02-27,427.7752,418.9829,420.2109,37746
equity,INE893J01029,2024-02-28,426.6208,418.5162,424.4596,104902
equity,INE893J01029,2024-02-29,423.6982,414.071,415.0288,99392
equity,INE893J01029,2024-03-01,419.0566,412.6465,414.5376,321712
equity,INE893J01029,2024-03-04,418.4917,412.5729,416.9936,79588
equity,INE893J01029,2024-03-05,418.1724,409.1837,415.3727,121998
equity,INE893J01029,2024-03-06,423.3544,402.0614,407.1452,116730
equity,INE893J01029,2024-03-07,419.1794,406.605,412.7448,205060
equity,INE893J01029,2024-03-11,429.2733,412.6465,421.316,156540
equity,INE893J01029,2024-03-12,426.6208,408.9135,412.4255,241504
equity,INE893J01029,2024-03-13,413.457,393.4411,395.0866,138480
equity,INE893J01029,2024-03-14,402.7737,378.2634,381.2597,909328
equity,INE893J01029,2024-03-15,386.5399,373.548,376.1267,232528
equity,INE893J01029,2024-03-18,402.7737,364.9523,397.0268,248140
equity,INE893J01029,2024-03-19,398.746,384.5261,389.7573,67496
equity,INE893J01029,2024-03-20,398.353,380.3756,391.3781,110102
equity,INE893J01029,2024-03-21,402.1597,392.5324,399.5072,168216
equity,INE893J01029,2024-03-22,399.3353,391.0343,393.4411,55884
equity,INE893J01029,2024-03-26,395.4796,376.0531,390.5186,178550
equity,INE893J01029,2024-03-27,402.2825,383.1753,394.2762,194442
equity,INE893J01029,2024-03-28,394.6691,382.1438,384.4033,531694
equity,INE893J01029,2024-04-01,387.4486,379.9335,384.084,220404
equity,INE893J01029,2024-04-02,406.2611,383.1262,400.3669,205896
equity,INE893J01029,2024-04-03,411.8361,398.8687,410.6818,153138
equity,INE893J01029,2024-04-04,420.4319,410.1415,419.3513,115674
equity,INE893J01029,2024-04-05,423.2808,417.3128,422.2984,72810
equity,INE893J01029,2024-04-08,433.1045,419.7197,430.8942,156238
equity,INE893J01029,2024-04-09,434.7009,419.9652,424.8771,144388
equity,INE893J01029,2024-04-10,429.1259,412.5729,416.2568,199652
equity,INE893J01029,2024-04-12,422.8542,413.5735,418.7924,61718
equity,INE893J01029,2024-04-15,421.8204,399.7877,413.1796,151732
equity,INE893J01029,2024-04-16,417.6108,406.7298,408.4284,60920
equity,INE893J01029,2024-04-18,418.6201,402.2494,416.9707,74894
equity,INE893J01029,2024-04-19,421.4019,408.4284,420.8603,66562
equity,INE893J01029,2024-04-22,435.7784,416.8476,429.6733,186914
equity,INE893J01029,2024-04-23,430.338,421.008,422.4358,39368
equity,INE893J01029,2024-04-24,426.3745,417.0199,418.1277,35246
equity,INE893J01029,2024-04-25,419.654,411.1117,413.3519,35994
equity,INE893J01029,2024-04-26,422.4604,411.4564,417.5861,63696
equity,INE893J01029,2024-04-29,424.3806,416.7246,423.2974,54034
equity,INE893J01029,2024-04-30,425.3653,421.008,423.9129,39682
equity,INE893J01029,2024-05-02,423.2728,414.7305,416.9953,37150
equity,INE893J01029,2024-05-03,416.9953,409.6347,412.9088,35250
equity,INE893J01029,2024-05-06,414.7552,400.3047,402.9634,41136
equity,INE893J01029,2024-05-07,404.9328,393.8795,395.4797,44482
equity,INE893J01029,2024-05-08,404.7112,394.3226,401.4863,41690
equity,INE893J01029,2024-05-09,402.6926,388.9561,390.7285,46360
equity,INE893J01029,2024-05-10,393.8303,385.2388,392.4271,64136
equity,INE893J01029,2024-05-13,393.3872,386.4943,390.1623,201852
equity,INE893J01029,2024-05-14,403.7265,390.4331,392.3532,95686
equity,INE893J01029,2024-05-15,398.8522,390.3838,391.8855,74564
equity,INE893J01029,2024-05-16,398.0645,391.8855,395.4305,41156
equity,INE893J01029,2024-05-17,397.3999,390.9255,392.501,41514
equity,INE893J01029,2024-05-21,394.3719,387.5529,390.5562,56682
equity,INE893J01029,2024-05-22,395.5535,389.0299,390.8515,35170
equity,INE893J01029,2024-05-23,395.5043,390.4577,391.5409,46544
equity,INE893J01029,2024-05-24,399.7877,389.1037,396.9321,55730
equity,INE893J01029,2024-05-27,398.5322,389.9407,390.95,64634
equity,INE893J01029,2024-05-28,391.7132,381.3738,383.9833,81854
equity,INE893J01029,2024-05-29,391.7132,381.5708,384.3279,68764
equity,INE893J01029,2024-05-30,386.4697,378.1243,378.8629,69422
equity,INE893J01029,2024-05-31,384.0079,371.8469,372.6839,90830
equity,INE893J01029,2024-06-03,388.956,364.8801,365.8402,168218
equity,INE893J01029,2024-06-04,371.3299,351.8329,363.6493,127498
equity,INE893J01029,2024-06-05,367.785,356.8302,362.8123,366864
equity,INE893J01029,2024-06-06,373.9394,360.7936,364.6832,123842
equity,INE893J01029,2024-06-07,382.777,364.8309,380.6599,96706
equity,INE893J01029,2024-06-10,393.8795,378.8875,392.9933,119788
equity,INE893J01029,2024-06-11,396.1443,389.7438,391.7132,43504
equity,INE893J01029,2024-06-12,395.2581,391.4178,393.9287,101792
equity,INE893J01029,2024-06-13,405.9175,396.0212,404.5881,112108
equity,INE893J01029,2024-06-14,405.6959,394.8642,396.0212,61080
equity,INE893J01029,2024-06-18,399.6154,389.3253,393.2395,82602
equity,INE893J01029,2024-06-19,394.8888,389.2022,389.9407,43648
equity,INE893J01029,2024-06-20,394.3718,384.0325,387.0851,67766
equity,INE893J01029,2024-06-21,396.8336,387.8482,394.7903,64510
equity,INE893J01029,2024-06-24,403.1357,381.5708,383.5156,116410
equity,INE893J01029,2024-06-25,393.3872,385.9281,390.1131,53220
equity,INE893J01029,2024-06-26,402.7172,388.4144,394.1749,139526
equity,INE893J01029,2024-06-27,400.0585,390.2115,392.821,49220
equity,INE893J01029,2024-06-28,398.7784,389.9407,394.7657,44716
equity,INE893J01029,2024-07-01,401.2648,392.7963,397.2767,82576
equity,INE893J01029,2024-07-02,403.308,394.8888,400.1815,69392
equity,INE893J01029,2024-07-03,402.8895,394.8642,396.1443,50322
equity,INE893J01029,2024-07-04,401.7571,396.5628,398.6553,73270
equity,INE893J01029,2024-07-05,398.8769,390.4331,391.9347,84600
equity,INE893J01029,2024-07-08,395.4551,385.9773,388.5622,72462
equity,INE893J01029,2024-07-09,400.8955,382.5801,396.6613,319588
equity,INE893J01029,2024-07-10,397.966,387.9713,389.6699,78282
equity,INE893J01029,2024-07-11,394.6426,387.9959,392.4025,58164
equity,INE893J01029,2024-07-12,401.7571,388.956,389.4238,57290
equity,INE893J01029,2024-07-15,393.7318,387.9713,392.3778,85330
equity,INE893J01029,2024-07-16,404.1942,392.0824,396.5136,101466
equity,INE893J01029,2024-07-18,396.5135,392.4517,395.6273,99118
equity,INE893J01029,2024-07-19,396.3412,383.9586,384.9187,76364
equity,INE893J01029,2024-07-22,387.0112,382.137,384.8449,198854
equity,INE893J01029,2024-07-23,388.5867,384.3525,387.0112,87838
equity,INE893J01029,2024-07-24,390.5069,385.7065,388.1436,43280
equity,INE893J01029,2024-07-25,387.7252,383.1955,387.4051,135046
equity,INE893J01029,2024-07-26,398.2122,391.4178,392.6241,144596
equity,INE893J01029,2024-07-29,396.3413,390.0146,395.0612,91034
equity,INE893J01029,2024-07-30,402.7418,393.3871,401.5355,195730
equity,INE893J01029,2024-07-31,414.0658,399.4677,411.2841,204062
equity,INE893J01029,2024-08-01,414.2874,398.803,405.9667,233190
equity,INE893J01029,2024-08-02,408.3792,388.956,392.3532,348240
equity,INE893J01029,2024-08-05,388.7098,378.6167,381.6938,181910
equity,INE893J01029,2024-08-06,386.3712,380.8322,381.6692,89854
equity,INE893J01029,2024-08-07,386.4696,381.62,383.2448,40932
equity,INE893J01029,2024-08-08,385.9773,380.0937,383.9094,86766
equity,INE893J01029,2024-08-09,386.6419,381.5461,382.3339,50852
equity,INE893J01029,2024-08-12,383.7617,379.8475,381.8908,88756
equity,INE893J01029,2024-08-13,385.3126,381.5708,382.2601,61956
equity,INE893J01029,2024-08-14,383.8356,379.9952,381.5708,58218
equity,INE893J01029,2024-08-16,388.9068,380.1183,386.7158,98098
equity,INE893J01029,2024-08-19,388.4637,381.0784,382.0139,115702
equity,INE893J01029,2024-08-20,384.2787,381.5708,382.0139,80650
equity,INE893J01029,2024-08-21,384.0079,381.5462,382.2601,88948
equity,INE893J01029,2024-08-22,386.1988,380.1429,381.6692,126600
equity,INE893J01029,2024-08-23,386.1742,380.1922,382.7278,47282
equity,INE893J01029,2024-08-26,392.4271,383.8848,385.805,80592
equity,INE893J01029,2024-08-27,389.8668,378.6167,380.9307,338932
equity,INE893J01029,2024-08-28,385.6819,378.9859,382.3831,127584
equity,INE893J01029,2024-08-29,383.5894,379.6014,380.3645,42894
equity,INE893J01029,2024-08-30,386.9866,379.626,385.0911,51608
equity,INE893J01029,2024-09-02,387.9467,379.5768,381.9647,87666
equity,INE893J01029,2024-09-03,391.6886,381.5954,389.793,77640
equity,INE893J01029,2024-09-04,403.3818,386.642,401.5602,202608
equity,INE893J01029,2024-09-05,405.2035,395.3812,399.6154,60092
equity,INE893J01029,2024-09-06,402.5695,388.7098,390.8762,72782
equity,INE893J01029,2024-09-09,392.8948,386.5189,388.8083,44660
equity,INE893J01029,2024-09-10,396.5628,389.6453,393.6087,47008
equity,INE893J01029,2024-09-11,395.0119,383.6387,387.6267,101812
equity,INE893J01029,2024-09-12,394.5442,387.6267,391.1224,32918
equity,INE893J01029,2024-09-13,399.7877,390.7038,398.7291,80638
equity,INE893J01029,2024-09-16,401.7571,386.8636,388.8083,129258
equity,INE893J01029,2024-09-17,400.1324,388.9806,393.8303,342626
equity,INE893J01029,2024-09-18,394.8888,384.0325,385.6327,121166
equity,INE893J01029,2024-09-19,388.9603,379.9387,381.9846,120660
equity,INE893J01029,2024-09-20,384.8439,379.5937,381.0726,76394
equity,INE893J01029,2024-09-23,384.0058,378.6077,379.2979,78232
equity,INE893J01029,2024-09-24,384.4988,375.1569,375.9703,100198
equity,INE893J01029,2024-09-25,377.5232,372.692,375.1569,387802
equity,INE893J01029,2024-09-26,380.0867,374.6885,376.0196,40838
equity,INE893J01029,2024-09-27,376.8577,372.199,372.9385,205266
equity,INE893J01029,2024-09-30,375.6745,370.2764,372.618,76788
equity,INE893J01029,2024-10-01,379.5937,371.4595,377.6711,219548
equity,INE893J01029,2024-10-03,379.0021,370.7201,377.9669,98462
equity,INE893J01029,2024-10-04,379.1993,367.2692,369.1425,172940
equity,INE893J01029,2024-10-07,372.0758,358.3956,360.3429,190778
equity,INE893J01029,2024-10-08,365.1494,356.9659,359.3569,66648
equity,INE893J01029,2024-10-09,367.2692,358.4202,360.8112,76542
equity,INE893J01029,2024-10-10,368.7481,361.8957,366.7023,47196
equity,INE893J01029,2024-10-11,367.2692,360.3675,363.9169,65854
equity,INE893J01029,2024-10-14,369.6355,360.3675,363.1035,105186
equity,INE893J01029,2024-10-15,364.8043,359.4062,360.7372,56236
equity,INE893J01029,2024-10-16,363.3254,359.209,360.3429,43944
equity,INE893J01029,2024-10-17,364.9768,358.8885,362.438,56584
equity,INE893J01029,2024-10-18,362.2162,357.6561,358.5189,33902
equity,INE893J01029,2024-10-21,361.3535,356.4237,357.6808,167456
equity,INE893J01029,2024-10-22,358.9132,343.1379,346.3176,149418
equity,INE893J01029,2024-10-23,349.941,343.1379,345.5288,71558
equity,INE893J01029,2024-10-24,350.9762,343.6062,347.5747,71046
equity,INE893J01029,2024-10-25,350.015,334.2397,338.011,145682
equity,INE893J01029,2024-10-28,339.1448,330.1233,332.0459,137998
equity,INE893J01029,2024-10-29,335.2256,330.7888,332.5388,47268
equity,INE893J01029,2024-10-30,345.0605,332.5142,342.6942,60524
equity,INE893J01029,2024-10-31,345.0605,338.6764,342.8174,46890
equity,INE893J01029,2024-11-01,384.0305,361.4028,374.5406,363138
equity,INE893J01029,2024-11-04,374.5406,363.843,366.086,203530
equity,INE893J01029,2024-11-05,368.5263,359.1104,361.0084,74568
equity,INE893J01029,2024-11-06,367.2692,362.019,365.3219,88558
equity,INE893J01029,2024-11-07,369.7094,354.9447,363.4732,120994
equity,INE893J01029,2024-11-08,362.8324,342.6203,346.0711,478394
equity,INE893J01029,2024-11-11,351.3706,340.1553,342.6202,115476
equity,INE893J01029,2024-11-12,347.7472,339.194,342.8914,63942
equity,INE893J01029,2024-11-13,341.6097,331.7747,333.229,77532
equity,INE893J01029,2024-11-14,335.2502,323.8871,326.7217,189770
equity,INE893J01029,2024-11-18,334.1903,326.3027,329.8028,91974
equity,INE893J01029,2024-11-19,331.8487,328.2253,329.581,45334
equity,INE893J01029,2024-11-21,331.1338,324.8976,325.9822,48710
equity,INE893J01029,2024-11-22,328.9155,324.38,325.4646,179516
equity,INE893J01029,2024-11-25,333.5495,326.4259,332.7607,77664
equity,INE893J01029,2024-11-26,341.1413,328.7183,338.9969,51398
equity,INE893J01029,2024-11-27,342.0534,336.8278,338.2821,37196
equity,INE893J01029,2024-11-28,342.4477,337.2468,338.9969,31204
equity,INE893J01029,2024-11-29,340.9195,337.2221,339.4652,24946
equity,INE893J01029,2024-12-02,340.8209,336.6552,337.37,33228
equity,INE893J01029,2024-12-03,344.7894,336.3348,338.9969,42508
equity,INE893J01029,2024-12-04,349.2262,336.4827,344.3703,126714
equity,INE893J01029,2024-12-05,347.8458,341.6343,343.8034,62630
equity,INE893J01029,2024-12-06,345.0851,340.9195,342.1026,61050
equity,INE893J01029,2024-12-09,345.0359,340.6484,342.571,86838
equity,INE893J01029,2024-12-10,382.0586,343.6309,375.0829,954340
equity,INE893J01029,2024-12-11,378.8296,354.5011,355.7828,364168
equity,INE893J01029,2024-12-12,358.2231,344.0992,345.3563,81896
equity,INE893J01029,2024-12-13,346.5148,331.898,337.444,88392
equity,INE893J01029,2024-12-16,343.6802,331.9966,333.3276,95920
equity,INE893J01029,2024-12-17,336.2855,329.8028,330.6902,132240
equity,INE893J01029,2024-12-18,333.2044,329.3098,330.1972,58094
equity,INE893J01029,2024-12-19,330.7888,327.0914,328.669,135936
equity,INE893J01029,2024-12-20,340.6484,324.3801,326.1301,248608
equity,INE893J01029,2024-12-23,339.6624,322.9751,324.0843,66398
equity,INE893J01029,2024-12-24,358.6913,322.9011,340.5004,94008
equity,INE893J01029,2024-12-26,341.3632,331.2818,334.141,80710
equity,INE893J01029,2024-12-27,336.4334,330.7888,334.9791,60404
equity,INE893J01029,2024-12-30,334.7079,326.8449,330.2958,58912
equity,INE893J01029,2024-12-31,333.2537,326.5492,327.9048,40904
equity,INE893J01029,2025-01-01,332.736,326.8449,328.102,36408
equity,INE893J01029,2025-01-02,329.7535,324.9716,326.5492,65208
equity,INE893J01029,2025-01-03,331.0106,326.5492,327.6337,61704
equity,INE893J01029,2025-01-06,328.8908,320.4362,321.2743,54522
equity,INE893J01029,2025-01-07,324.4294,314.274,315.0381,187190
equity,INE893J01029,2025-01-08,316.4924,307.1258,308.8759,97704
equity,INE893J01029,2025-01-09,310.5273,304.6362,305.7208,65660
equity,INE893J01029,2025-01-10,306.9286,299.0163,300.5198,153620
equity,INE893J01029,2025-01-13,300.7171,283.5121,285.7798,170842
equity,INE893J01029,2025-01-14,290.2905,281.9838,284.3994,121736
equity,INE893J01029,2025-01-15,288.4912,280.5049,281.2937,254164
equity,INE893J01029,2025-01-16,283.9558,276.5611,278.8288,152556
equity,INE893J01029,2025-01-17,289.3785,278.6316,280.9486,145290
equity,INE893J01029,2025-01-20,285.1636,279.519,280.5789,93604
equity,INE893J01029,2025-01-21,283.2163,276.0681,277.3745,92498
equity,INE893J01029,2025-01-22,280.85,270.1524,274.0962,562316
equity,INE893J01029,2025-01-23,274.885,270.6454,271.1383,117600
equity,INE893J01029,2025-01-24,273.5539,264.7296,267.2438,94276
equity,INE893J01029,2025-01-27,266.1839,251.2466,256.0532,300386
equity,INE893J01029,2025-01-28,271.1137,241.88,247.919,264296
equity,INE893J01029,2025-01-29,257.8279,242.9893,256.6694,271482
equity,INE893J01029,2025-01-30,273.1102,256.9159,263.1767,189104
equity,INE893J01029,2025-01-31,272.6173,260.5393,272.0504,63536
equity,INE893J01029,2025-02-01,282.6987,267.86,281.2197,76422
equity,INE893J01029,2025-02-03,281.2198,269.0678,272.7405,58282
equity,INE893J01029,2025-02-04,280.7514,273.6032,279.8148,31468
equity,INE893J01029,2025-02-05,283.7586,276.6597,281.9839,47554
equity,INE893J01029,2025-02-06,284.6952,277.547,280.8746,35938
equity,INE893J01029,2025-02-07,281.4663,267.1452,272.149,65002
equity,INE893J01029,2025-02-10,285.4101,269.6594,279.5436,105480
equity,INE893J01029,2025-02-11,278.533,269.0925,277.3499,87800
equity,INE893J01029,2025-02-12,278.5083,268.279,274.9589,91466
equity,INE893J01029,2025-02-13,283.6847,273.7018,277.6703,46564
equity,INE893J01029,2025-02-14,277.9908,267.8354,272.2968,72844
equity,INE893J01029,2025-02-17,271.1137,256.349,260.49,107070
equity,INE893J01029,2025-02-18,271.6066,251.715,259.1096,131136
equity,INE893J01029,2025-02-19,267.5889,255.1165,258.1976,85704
equity,INE893J01029,2025-02-20,262.2647,257.4089,260.7611,32946
equity,INE893J01029,2025-02-21,265.2226,252.7749,253.6622,107242
equity,INE893J01029,2025-02-24,255.856,245.9964,247.8204,95082
equity,INE893J01029,2025-02-25,247.7218,243.5315,244.1724,117170
equity,INE893J01029,2025-02-27,245.7992,236.1861,237.1967,119916
equity,INE893J01029,2025-02-28,235.8657,226.3019,234.017,156266
equity,INE893J01029,2025-03-03,236.6298,214.5937,219.5974,257950
equity,INE893J01029,2025-03-04,221.8158,208.3082,220.5341,264014
equity,INE893J01029,2025-03-05,227.1646,217.4037,223.9849,164104
equity,INE893J01029,2025-03-06,235.1016,221.6433,234.4854,185990
equity,INE893J01029,2025-03-07,238.651,230.4922,237.7144,110546
equity,INE893J01029,2025-03-10,238.1827,224.9216,227.2632,162162
equity,INE893J01029,2025-03-11,231.5275,219.203,227.3865,263422
equity,INE893J01029,2025-03-12,228.8901,219.8932,221.4707,161628
equity,INE893J01029,2025-03-13,222.8264,216.4916,218.291,197458
equity,INE893J01029,2025-03-17,219.0058,209.5899,210.9949,186088
equity,INE893J01029,2025-03-19,219.3756,213.4598,216.886,303556
equity,INE893J01029,2025-03-20,224.0589,217.8227,219.277,233780
equity,INE893J01029,2025-03-21,224.2314,217.8966,218.2664,549592
equity,INE893J01029,2025-03-24,222.925,215.6782,216.7874,815982
equity,INE893J01029,2025-03-25,222.3581,210.4034,211.8083,260268
equity,INE893J01029,2025-03-26,214.569,207.1004,207.7166,244292
equity,INE893J01029,2025-03-27,213.9528,206.6567,208.9984,286982
equity,INE893J01029,2025-03-28,215.3824,207.0511,207.6673,238060
equity,INE893J01029,2025-04-01,226.3759,207.692,223.0236,276126
equity,INE893J01029,2025-04-02,230.6648,217.9213,228.8161,143824
equity,INE893J01029,2025-04-03,241.0173,225.2913,238.0348,205062
equity,INE893J01029,2025-04-04,238.3799,225.7596,233.8198,190108
equity,INE893J01029,2025-04-07,233.7212,202.1213,230.369,241646
equity,INE893J01029,2025-04-08,235.6439,225.6118,232.4888,89066
equity,INE893J01029,2025-04-09,231.6014,223.8617,225.3652,42066
equity,INE893J01029,2025-04-11,238.6017,226.3266,235.6192,96742
equity,INE893J01029,2025-04-15,253.3418,233.5487,250.5072,158854
equity,INE893J01029,2025-04-16,257.9265,246.5633,249.1022,171344
equity,INE893J01029,2025-04-17,258.3949,247.2535,252.1833,130910
equity,INE893J01029,2025-04-21,258.8878,249.2501,257.3103,129008
equity,INE893J01029,2025-04-22,259.3315,252.2573,253.5636,136100
equity,INE893J01029,2025-04-23,258.0744,251.4192,252.9228,61070
equity,INE893J01029,2025-04-24,259.8245,250.0881,253.1693,90316
equity,INE893J01029,2025-04-25,258.7892,242.8167,250.5318,131156
equity,INE893J01029,2025-04-28,251.4685,244.2956,247.9437,121022
equity,INE893J01029,2025-04-29,261.2787,247.6972,254.2045,100670
equity,INE893J01029,2025-04-30,255.8067,248.9543,249.7184,62100
equity,INE893J01029,2025-05-02,252.7128,245.5362,252.7128,54890
equity,INE893J01029,2025-05-05,254.8905,246.9715,251.8961,57980
equity,INE893J01029,2025-05-06,253.6779,248.3821,251.0547,139546
equity,INE893J01029,2025-05-07,255.8556,245.9817,253.7521,114066
equity,INE893J01029,2025-05-08,261.0277,253.9254,255.2369,100256
equity,INE893J01029,2025-05-09,261.77,249.9411,256.6722,88736
equity,INE893J01029,2025-05-12,268.6001,257.959,264.6901,133278
equity,INE893J01029,2025-05-13,269.7384,261.671,267.3628,107646
equity,INE893J01029,2025-05-14,274.6383,266.7936,273.6484,91986
equity,INE893J01029,2025-05-15,280.132,269.5405,276.3953,96068
equity,INE893J01029,2025-05-16,282.1118,274.663,280.9734,74150
equity,INE893J01029,2025-05-19,285.8732,273.203,279.5876,163238
equity,INE893J01029,2025-05-20,308.3432,286.5662,293.421,660276
equity,INE893J01029,2025-05-21,304.3095,286.0712,300.0531,197832
equity,INE893J01029,2025-05-22,312.5501,300.6717,305.3983,509678
equity,INE893J01029,2025-05-23,323.6861,308.0957,315.6187,927416
equity,INE893J01029,2025-05-26,319.207,312.0799,313.7627,133530
equity,INE893J01029,2025-05-27,321.7064,310.7436,315.0496,120720
equity,INE893J01029,2025-05-28,324.1068,314.6783,316.8808,219936
equity,INE893J01029,2025-05-29,331.5556,320.2711,329.1057,407798
equity,INE893J01029,2025-05-30,333.2136,328.1653,331.0854,130796
equity,INE893J01029,2025-06-02,331.6051,323.1912,324.4533,106092
equity,INE893J01029,2025-06-03,329.6501,319.7267,328.6849,343192
equity,INE893J01029,2025-06-04,337.9897,329.5759,332.8177,255858
equity,INE893J01029,2025-06-05,336.5544,329.4273,332.2237,80798
equity,INE893J01029,2025-06-06,352.0458,330.4667,344.6713,402388
equity,INE893J01029,2025-06-09,350.3135,339.0291,346.0076,317706
equity,INE893J01029,2025-06-10,349.3731,340.786,343.1617,207162
equity,INE893J01029,2025-06-11,348.9277,337.1483,344.597,131698
equity,INE893J01029,2025-06-12,349.3979,340.0189,347.1212,150382
equity,INE893J01029,2025-06-13,353.8028,335.812,351.6003,188108
equity,INE893J01029,2025-06-16,355.6835,344.9435,351.4271,97248
equity,INE893J01029,2025-06-17,353.877,348.8782,350.4373,67014
equity,INE893J01029,2025-06-18,351.1302,343.9784,346.7995,69524
equity,INE893J01029,2025-06-19,346.7748,330.343,332.7187,130048
equity,INE893J01029,2025-06-20,338.4846,331.3576,336.5049,104406
equity,INE893J01029,2025-06-23,339.5487,327.7693,336.7771,111000
equity,INE893J01029,2025-06-24,343.9784,337.1483,342.3699,82294
equity,INE893J01029,2025-06-25,350.2888,342.2461,347.3934,192036
equity,INE893J01029,2025-06-26,349.4226,337.569,340.885,55064
equity,INE893J01029,2025-06-27,343.8299,336.1832,337.6927,39536
equity,INE893J01029,2025-06-30,348.4328,337.6927,346.948,112744
equity,INE893J01029,2025-07-01,350.2145,342.8648,344.6218,75174
equity,INE893J01029,2025-07-02,351.4024,339.5487,347.7894,87662
equity,INE893J01029,2025-07-03,350.4125,342.4936,344.5723,85644
equity,INE893J01029,2025-07-04,351.4024,342.4936,348.6555,113326
equity,INE893J01029,2025-07-07,357.787,345.6364,348.804,108658
equity,INE893J01029,2025-07-08,350.8085,341.5037,348.3833,75306
equity,INE893J01029,2025-07-09,350.4125,346.0324,348.3338,77264
equity,INE893J01029,2025-07-10,358.4552,345.7601,350.4125,182216
equity,INE893J01029,2025-07-11,363.2808,347.2449,353.1594,267696
equity,INE893J01029,2025-07-14,353.1594,346.453,348.9525,56754
equity,INE893J01029,2025-07-15,352.3675,346.7005,350.7343,32660
equity,INE893J01029,2025-07-16,357.2426,347.1707,349.8681,84812
equity,INE893J01029,2025-07-17,353.3574,347.6161,349.5216,68176
equity,INE893J01029,2025-07-18,351.9716,346.4531,348.0121,38476
equity,INE893J01029,2025-07-21,358.8264,346.453,356.1537,176388
equity,INE893J01029,2025-07-22,371.1997,354.5452,369.319,309730
equity,INE893J01029,2025-07-23,373.8228,364.2706,367.0918,103508
equity,INE893J01029,2025-07-24,376.149,363.9489,364.815,136902
equity,INE893J01029,2025-07-25,370.7048,357.9355,366.7701,105012
equity,INE893J01029,2025-07-28,398.0003,363.9737,376.5945,1219540
equity,INE893J01029,2025-07-29,403.3209,377.6338,396.7135,703218
equity,INE893J01029,2025-07-30,441.9256,409.3838,418.7875,1852962
equity,INE893J01029,2025-07-31,419.1835,406.0925,410.6953,223876
equity,INE893J01029,2025-08-01,417.3769,399.1882,401.8361,142540
equity,INE893J01029,2025-08-04,405.845,395.2534,398.223,130764
equity,INE893J01029,2025-08-05,404.6076,390.997,392.3086,164976
equity,INE893J01029,2025-08-06,406.8596,383.5977,388.0274,239382
equity,INE893J01029,2025-08-07,400.4007,380.1332,393.3727,180286
equity,INE893J01029,2025-08-08,396.5898,386.1962,390.3289,98494
equity,INE893J01029,2025-08-11,394.6595,387.3593,393.0757,85760
equity,INE893J01029,2025-08-12,405.845,392.4818,399.7573,199032
equity,INE893J01029,2025-08-13,403.0486,391.0712,395.2039,111076
equity,INE893J01029,2025-08-14,396.4165,388.3491,393.1252,82984
equity,INE893J01029,2025-08-18,401.1184,386.0477,387.0623,88856
equity,INE893J01029,2025-08-19,400.8957,382.2367,396.9362,127788
equity,INE893J01029,2025-08-20,397.8518,391.8137,393.7934,41108
equity,INE893J01029,2025-08-21,408.3197,385.1321,399.7573,220962
equity,INE893J01029,2025-08-22,399.98,389.5617,392.1848,80508
equity,INE893J01029,2025-08-25,403.3208,390.997,396.1195,351334
equity,INE893J01029,2025-08-26,398.421,386.5426,390.4773,58932
equity,INE893J01029,2025-08-28,407.3298,390.2299,395.3029,123470
equity,INE893J01029,2025-08-29,398.1983,383.8205,388.2254,62548
equity,INE893J01029,2025-09-01,405.845,386.0477,402.3805,188384
equity,INE893J01029,2025-09-02,420.693,403.1229,407.4536,256250
equity,INE893J01029,2025-09-03,420.693,405.4491,415.7684,123182
equity,INE893J01029,2025-09-04,419.9506,407.8247,409.6807,108518
equity,INE893J01029,2025-09-05,430.8391,406.9339,410.2004,447202
equity,INE893J01029,2025-09-08,425.4691,393.5459,402.5785,327156
equity,INE893J01029,2025-09-09,408.6166,398.9159,403.8653,86104
equity,INE893J01029,2025-09-10,416.9067,400.9699,407.998,99062
equity,INE893J01029,2025-09-11,412.0811,400.8957,406.8843,52926
equity,INE893J01029,2025-09-12,419.4062,403.4941,408.2207,99532
equity,INE893J01029,2025-09-15,410.7944,400.4008,402.4547,64228
equity,INE893J01029,2025-09-16,405.4243,396.6887,400.6977,103156
equity,INE893J01029,2025-09-17,413.269,400.6977,409.8539,90402
equity,INE893J01029,2025-09-18,414.2588,406.5874,411.9821,46000
equity,INE893J01029,2025-09-19,412.9225,405.1273,409.161,51878
equity,INE893J01029,2025-09-22,412.4276,399.4109,402.2815,89298
equity,INE893J01029,2025-09-23,411.7084,396.0548,397.5184,167656
equity,INE893J01029,2025-09-24,397.4192,386.4294,389.2326,169010
equity,INE893J01029,2025-09-25,391.1924,374.224,378.1188,102220
equity,INE893J01029,2025-09-26,381.7407,359.7115,365.0947,274886
equity,INE893J01029,2025-09-29,374.1992,365.0948,367.5755,62542
equity,INE893J01029,2025-09-30,372.0905,360.3317,361.9938,72144
equity,INE893J01029,2025-10-01,376.0846,361.6961,374.1992,97750
equity,INE893J01029,2025-10-03,375.8365,365.1692,372.1649,86592
equity,INE893J01029,2025-10-06,376.0846,367.1538,373.1325,130330
equity,INE893J01029,2025-10-07,379.5576,369.709,377.4738,64994
equity,INE893J01029,2025-10-08,378.4909,374.1,374.8194,70538
equity,INE893J01029,2025-10-09,377.0769,367.9973,369.8578,61118
equity,INE893J01029,2025-10-10,372.9092,367.5755,370.2051,66398
equity,INE893J01029,2025-10-13,371.0982,364.6978,367.9476,76992
equity,INE893J01029,2025-10-14,369.0144,359.7115,360.4309,64248
equity,INE893J01029,2025-10-15,382.0384,360.4309,373.3309,286712
equity,INE893J01029,2025-10-16,387,370.8502,383.6013,94360
equity,INE893J01029,2025-10-17,383.7254,377.3002,378.3421,55580
equity,INE893J01029,2025-10-20,380.9469,373.058,375.1171,57294
equity,INE893J01029,2025-10-21,386.9752,377.1265,381.3686,22632
equity,INE893J01029,2025-10-23,384.5192,374.5961,375.3899,41844
equity,INE893J01029,2025-10-24,378.1932,365.1692,368.2701,57646
equity,INE893J01029,2025-10-27,376.804,368.2701,374.9434,88204
equity,INE893J01029,2025-10-28,402.3807,371.5447,391.2668,373720
equity,INE893J01029,2025-10-29,404.3653,352.7653,363.6807,518328
equity,INE893J01029,2025-10-30,362.1923,344.43,354.8492,322088
equity,INE893J01029,2025-10-31,356.7346,337.9303,345.2238,380600
equity,INE893J01029,2025-11-03,355.9159,340.8825,343.6113,132846
equity,INE893J01029,2025-11-04,349.3419,340.5103,347.5309,73206
equity,INE893J01029,2025-11-06,354.5019,342.3461,345.6952,84616
equity,INE893J01029,2025-11-07,349.4163,341.9988,345.7448,43566
equity,INE893J01029,2025-11-10,355.2461,338.3521,339.9398,125882
equity,INE893J01029,2025-11-11,345.9432,326.4692,330.7361,159934
equity,INE893J01029,2025-11-12,339.8653,330.9345,336.7148,48024
equity,INE893J01029,2025-11-13,337.9551,328.0072,328.6771,57848
equity,INE893J01029,2025-11-14,331.2075,323.9388,326.3452,65752
equity,INE893J01029,2025-11-17,328.0569,319.3245,324.2117,107340
equity,INE893J01029,2025-11-18,340.8825,324.0132,338.6002,129990
equity,INE893J01029,2025-11-19,337.3846,327.4615,328.0569,65836
equity,INE893J01029,2025-11-20,330.6865,309.724,312.2048,176924
equity,INE893J01029,2025-11-21,317.9353,308.3844,313.0978,109442
equity,INE893J01029,2025-11-24,314.9336,306.1269,307.6402,125812
equity,INE893J01029,2025-11-25,309.6,302.6538,303.9438,143348
equity,INE893J01029,2025-11-26,311.4606,303.9438,307.2433,131292
equity,INE893J01029,2025-11-27,308.8557,299.6769,301.1157,86012
equity,INE893J01029,2025-11-28,306.6231,297.8908,302.6042,147406
equity,INE893J01029,2025-12-01,312.7754,301.3142,310.7411,150816
equity,INE893J01029,2025-12-02,312.3784,300.7932,307.2184,91204
equity,INE893J01029,2025-12-03,313.1227,300.1731,302.7779,92150
equity,INE893J01029,2025-12-04,306.2262,297.2457,299.0319,85418
equity,INE893J01029,2025-12-05,299.3296,287.7692,289.2081,117630
equity,INE893J01029,2025-12-08,292.2594,278.6896,284.048,121436
equity,INE893J01029,2025-12-09,294.7153,276.3825,292.8548,158204
equity,INE893J01029,2025-12-10,295.3107,285.4621,287.149,63378
equity,INE893J01029,2025-12-11,291.6144,283.3286,286.7521,71492
equity,INE893J01029,2025-12-12,291.1678,281.4432,283.9984,95772
equity,INE893J01029,2025-12-15,290.7461,282.8325,287.7196,80058
equity,INE893J01029,2025-12-16,289.1832,282.8573,284.1473,56444
equity,INE893J01029,2025-12-17,285.2884,280.1036,282.4355,47722
equity,INE893J01029,2025-12-18,285.0899,277.6476,279.4834,265588
equity,INE893J01029,2025-12-19,290.374,278.764,287.0002,61168
equity,INE893J01029,2025-12-22,292.7307,287.0001,292.0857,220390
equity,INE893J01029,2025-12-23,297.6675,292.1602,295.7821,219788
equity,INE893J01029,2025-12-24,302.6538,297.2457,301.4382,79048
equity,INE893J01029,2025-12-26,305.3578,297.6923,300.2475,64494
equity,INE893J01029,2025-12-29,302.629,297.1713,299.9994,67962
equity,INE893J01029,2025-12-30,302.753,296.2038,301.9096,44350
equity,INE893J01029,2025-12-31,305.4075,300.5948,304.2415,42236
equity,INE893J01029,2026-01-01,306.5486,297.6427,300.7436,118210
equity,INE893J01029,2026-01-02,308.6077,298.1388,305.2586,71784
equity,INE893J01029,2026-01-05,307.5409,298.7342,299.925,82160
equity,INE893J01029,2026-01-06,306.1269,299.925,301.984,296610
equity,INE893J01029,2026-01-07,303.4476,299.5032,301.339,159646
equity,INE893J01029,2026-01-08,302.1577,294.4921,301.0413,83024
equity,INE893J01029,2026-01-09,303.5717,290.25,291.0934,110372
equity,INE893J01029,2026-01-12,293.3509,282.8076,287.3226,99650
equity,INE893J01029,2026-01-13,291.8873,285.7102,287.2979,48414
equity,INE893J01029,2026-01-14,292.9788,285.4372,291.1678,79606
equity,INE893J01029,2026-01-16,298.8831,284.8915,287.0002,48992
equity,INE893J01029,2026-01-19,285.9334,275.1173,278.2183,78612
equity,INE893J01029,2026-01-20,282.7829,275.3654,279.409,81722
equity,INE893J01029,2026-01-21,278.3175,267.923,270.255,135610
equity,INE893J01029,2026-01-22,280.823,267.7742,275.5142,61192
equity,INE893J01029,2026-01-23,277.6229,269.9077,273.4055,53750
equity,INE893J01029,2026-01-27,273.4055,263.3832,265.8392,60646
equity,INE893J01029,2026-01-28,277.35,262.9615,271.4954,49930
equity,INE893J01029,2026-01-29,274.9436,265.4423,267.7742,50668
equity,INE893J01029,2026-01-30,277.7717,264.1523,271.6442,33744
equity,INE893J01029,2026-02-02,270.9,261.4482,268.8409,55324
equity,INE893J01029,2026-02-03,280.2028,260.059,277.1515,264260
equity,INE893J01029,2026-02-04,281.0463,274.4723,276.4569,72930
equity,INE893J01029,2026-02-05,277.8957,267.923,270.7015,76944
equity,INE893J01029,2026-02-06,272.1156,265.2438,268.2207,50090
equity,INE893J01029,2026-02-09,273.4056,264.9461,270.6519,103828
equity,INE893J01029,2026-02-10,307.0696,270.6519,295.1619,764438
equity,INE893J01029,2026-02-11,297.593,287.7692,291.8128,149854
equity,INE893J01029,2026-02-12,292.8052,282.113,285.1644,114966
equity,INE893J01029,2026-02-13,285.1644,270.9744,275.8367,85340
equity,INE893J01029,2026-02-16,278.2431,267.9479,272.0163,98324
equity,INE893J01029,2026-02-17,275.3406,267.8486,271.024,57098
equity,INE893J01029,2026-02-18,276.1344,269.213,273.6288,54566
equity,INE893J01029,2026-02-19,286.6281,273.6784,276.4321,159624
equity,INE893J01029,2026-02-20,284.7923,266.7075,280.9471,153444
equity,INE893J01029,2026-02-23,291.54,278.119,286.4544,78996
equity,INE893J01029,2026-02-24,285.6357,275.5638,279.5579,67292
equity,INE893J01029,2026-02-25,280.0788,270.1309,279.4834,68216
equity,INE893J01029,2026-02-26,285.2884,277.8957,284.0232,33818
equity,INE893J01029,2026-02-27,288.6375,279.4338,286.3055,76894
equity,INE893J01029,2026-03-02,280.3269,272.8846,279.285,85314
equity,INE893J01029,2026-03-04,276.8538,270.7263,274.4226,270022
equity,INE893J01029,2026-03-05,282.8076,272.0163,280.7486,214946
equity,INE893J01029,2026-03-06,287.5956,279.2353,283.8248,91550
equity,INE893J01029,2026-03-09,282.4355,266.0377,267.3773,170612
equity,INE893J01029,2026-03-10,275.0677,265.6408,266.2361,295560
equity,INE893J01029,2026-03-11,268.32,259.4884,261.1505,86274
equity,INE893J01029,2026-03-12,259.6125,250.5825,255.7673,105014
equity,INE893J01029,2026-03-13,255.1223,244.1573,245.869,196296
equity,INE893J01029,2026-03-16,251.4259,235.6731,246.5388,366506
equity,INE893J01029,2026-03-17,247.0598,235.6731,244.3806,135112
equity,INE893J01029,2026-03-18,261.2498,241.8998,259.4884,109112
equity,INE893J01029,2026-03-19,262.8374,255.023,257.8511,76404
equity,INE893J01029,2026-03-20,261.5227,253.0384,254.1052,66184
equity,INE893J01029,2026-03-23,252.6167,235.6731,237.0375,221638
equity,INE893J01029,2026-03-24,246.9109,233.2419,234.5071,192474
equity,INE893J01029,2026-03-25,244.579,233.1923,242.1479,167764
equity,INE893J01029,2026-03-27,245.1,237.1119,239.5182,242766
equity,INE893J01029,2026-03-30,237.1119,230.6619,234.7055,220726
equity,INE893J01029,2026-04-01,251.3763,234.7055,247.804,91576
equity,INE893J01029,2026-04-02,260.183,238.4267,259.3644,105332
equity,INE893J01029,2026-04-06,282.3115,256.5115,281.1207,282038
equity,INE893J01029,2026-04-07,284.3457,272.1404,275.3158,78018
equity,INE893J01029,2026-04-08,289.2577,271.6442,275.1421,137218
equity,INE893J01029,2026-04-09,279.3098,268.1463,270.9496,88258
equity,INE893J01029,2026-04-10,280.2773,273.7777,278.6896,40098
equity,INE893J01029,2026-04-13,269.6596,251.1531,264.0283,611724
equity,INE893J01029,2026-04-15,270.4038,263.9538,268.6673,288416
equity,INE893J01029,2026-04-16,276.3081,273.5296,274.6211,203428
equity,INE893J01029,2026-04-17,278.3423,271.0736,275.1669,132508
equity,INE893J01029,2026-04-20,278.8385,270.6767,274.0258,264632
equity,INE893J01029,2026-04-21,281.0463,272.959,277.4988,113310
equity,INE893J01029,2026-04-22,303.4476,276.2088,298.5357,279820
equity,INE893J01029,2026-04-23,302.1577,290.9446,297.9651,148030
equity,INE893J01029,2026-04-24,298.9608,289.0792,290.9211,173538
equity,INE893J01029,2026-04-27,292.2154,284.5989,286.6648,114928
equity,INE893J01029,2026-04-28,288.9797,282.533,283.8522,86998
equity,INE893J01029,2026-04-29,288.457,280.3675,281.3383,287156
equity,INE893J01029,2026-04-30,287.7102,278.7745,283.1304,56100
equity,INE893J01029,2026-05-04,285.8186,273.8462,277.4055,289100
equity,INE893J01029,2026-05-05,281.7365,274.5929,278.6003,124520
equity,INE893J01029,2026-05-06,284.2505,277.5798,278.7994,482112
equity,INE893J01029,2026-05-07,302.3708,279.8199,297.2682,770932
equity,INE893J01029,2026-05-08,301.3752,291.7674,293.684,257390
equity,INE893J01029,2026-05-11,308.6183,286.2417,290.9709,1355928
equity,INE893J01029,2026-05-12,303.6651,283.7526,290.9211,951128
equity,INE893J01029,2026-05-13,335.5251,289.6019,330.5469,3181036
equity,INE893J01029,2026-05-14,351.5546,324.847,348.8166,1329362
equity,INE893J01029,2026-05-15,357.4785,336.6202,350.0612,866030
equity,INE893J01029,2026-05-18,353.4463,334.5543,344.2865,682042
equity,INE893J01029,2026-05-19,351.9528,338.1385,339.408,563818
equity,INE893J01029,2026-05-20,346.1284,331.8661,334.4547,620708
equity,INE893J01029,2026-05-21,344.9835,334.5792,341.5486,157658
equity,INE893J01029,2026-05-22,345.4315,333.9072,338.1883,130968
equity,INE893J01029,2026-05-25,357.7772,339.0097,350.3349,355794
equity,INE893J01029,2026-05-26,356.3336,346.2031,349.0655,141098
equity,INE893J01029,2026-05-27,352.2017,340.4783,341.8224,126194
equity,INE893J01029,2026-05-29,353.9441,340.2791,349.7625,320362
equity,INE893J01029,2026-06-01,360.7641,341.3246,343.49,325202
equity,INE893J01029,2026-06-02,355.1886,339.7813,351.9777,257986
equity,INE893J01029,2026-06-03,360.6148,348.9162,351.679,223168
equity,INE893J01029,2026-06-04,357.4288,348.269,351.3306,352602
equity,INE893J01029,2026-06-05,359.8929,349.5135,352.9485,146866
equity,INE893J01029,2026-06-08,352.9484,338.7857,342.0464,164070
equity,INE893J01029,2026-06-09,347.1738,339.9307,345.3319,105690
equity,INE893J01029,2026-06-10,347.9703,325.3199,327.6596,361182
equity,INE893J01029,2026-06-11,338.5119,321.5863,334.5792,234952
equity,INE893J01029,2026-06-12,339.7564,328.5806,336.5704,168496
equity,INE893J01029,2026-06-15,354.5415,343.1167,346.3773,197900
equity,INE893J01029,2026-06-16,348.717,341.4988,345.4066,60706
equity,INE893J01029,2026-06-17,351.9777,341.7975,346.4769,98616
equity,INE893J01029,2026-06-18,348.9162,336.5207,341.2997,222934
equity,INE893J01029,2026-06-19,352.4258,338.6613,347.5223,100130
equity,INE893J01029,2026-06-22,355.1637,341.9966,344.1621,169222
equity,INE893J01029,2026-06-23,348.8415,338.5119,345.78,126060
equity,INE893J01029,2026-06-24,353.3467,340.528,349.1651,92948
equity,INE893J01029,2026-06-25,351.7786,341.0507,343.2411,62156
equity,INE893J01029,2026-06-29,367.7335,341.001,352.3262,669190
equity,INE893J01029,2026-06-30,369.3762,353.3965,358.1008,497708
equity,INE893J01029,2026-07-01,364.3981,352.3013,355.1886,242086
equity,INE893J01029,2026-07-02,360.9135,352.6996,354.6659,80080
equity,INE893J01029,2026-07-03,357.5532,346.0289,350.8825,150896
equity,INE893J01029,2026-07-06,351.9528,336.9438,339.5573,172300
equity,INE893J01029,2026-07-07,348.5179,335.9233,346.0289,105296
equity,INE893J01029,2026-07-08,346.9,325.8426,330.4225,134262
equity,INE893J01029,2026-07-09,343.1167,333.5338,338.8106,90634
equity,INE893J01029,2026-07-10,340.7023,329.6011,333.2351,141444
equity,INE893J01029,2026-07-13,339.7316,330.3976,337.1678,60364
equity,INE893J01029,2026-07-14,346.4769,332.0404,334.9028,207398
equity,INE893J01029,2026-07-15,344.859,334.0565,341.5237,79650
equity,INE893J01029,2026-07-16,351.455,339.5573,346.4271,61324
equity,INE893J01029,2026-07-17,348.045,341.4739,346.2778,41488
equity,INE893J01029,2026-07-20,353.4463,343.49,349.414,66958
equity,INE893J01029,2026-07-21,351.5048,346.2529,347.7463,39192
equity,INE893J01029,2026-07-22,358.7977,344.4359,350.9572,118212
equity,INE893J01029,2026-07-23,366.3894,345.9791,355.313,274926
equity,INE893J01029,2026-07-24,366.3894,352.0773,362.1331,186596
equity,INE893J01029,2026-07-27,370.8448,338.7608,344.6599,1645484
equity,INE893J01029,2026-07-28,349.4638,319.2715,327.2116,691558
equity,INE893J01029,2026-07-29,332.0155,323.8513,326.6142,170488
equity,INE893J01029,2026-07-30,348.0201,321.0885,336.6949,442270
equity,INE893J01029,2026-07-31,346.228,333.5338,334.629,175942
equity,INE893J01029,2026-08-03,338.4124,333.036,336.0726,90822
equity,INE893J01029,2026-08-04,349.9118,338.5119,340.9512,181998
equity,INE893J01029,2026-08-05,346.9498,338.487,341.2748,147940
equity,INE893J01029,2026-08-06,347.4725,338.0639,340.2543,149458
equity,INE893J01029,2026-08-07,343.49,338.5617,341.1752,66450
equity,INE893J01029,2026-08-10,342.594,337.3421,339.3084,72438
equity,INE893J01029,2026-08-11,346.9747,334.0316,337.9394,80126
equity,INE893J01029,2026-08-12,343.0669,336.0229,341.225,63008
equity,INE893J01029,2026-08-13,346.4271,338.5368,345.6804,72458
equity,INE893J01029,2026-08-14,347.4725,341.001,345.6804,71052
equity,INE893J01029,2026-08-17,345.2573,336.7696,338.5866,103336
equity,INE893J01029,2026-08-18,341.225,335.8486,337.8399,60642
equity,INE893J01029,2026-08-19,345.4813,330.7958,333.4591,205694
equity,INE893J01029,2026-08-20,341.001,334.0814,339.7067,38066
equity,INE893J01029,2026-08-21,358.4244,336.5207,352.9236,686208
equity,INE893J01029,2026-08-24,364.3981,352.9485,356.5576,237500
equity,INE893J01029,2026-08-25,358.3995,350.8079,351.8533,124684
equity,INE893J01029,2026-08-26,366.3894,348.4681,353.9938,618272
equity,INE893J01029,2026-08-27,358.9222,347.4725,349.5634,209136
equity,INE893J01029,2026-08-28,350.2602,342.4944,344.0874,150610
equity,INE893J01029,2026-08-31,355.7113,342.4944,353.0729,189794
equity,INE893J01029,2026-09-01,355.8109,342.7433,348.4433,134816
equity,INE893J01029,2026-09-02,348.4433,344.6101,345.7551,82884
equity,INE893J01029,2026-09-03,350.9323,346.5018,348.269,48732
equity,INE893J01029,2026-09-04,353.4712,348.4682,351.7786,72978
equity,INE893J01029,2026-09-07,352.1022,345.9791,347.2734,63618
equity,INE893J01029,2026-09-08,352.9236,345.4813,347.2485,60742
equity,INE893J01029,2026-09-09,348.4433,341.0757,343.5896,127736
equity,INE893J01029,2026-09-10,344.8839,341.001,341.225,29724
equity,INE893J01029,2026-09-11,342.5,331.425,338.225,90144
equity,INE893J01029,2026-09-15,338.725,325.125,326.05,106372
equity,INE893J01029,2026-09-16,335,316.5,330.725,80290
equity,INE893J01029,2026-09-17,334.75,329.75,330.925,46038
equity,INE893J01029,2026-09-18,333.025,327.75,329.15,84884
equity,INE893J01029,2026-09-21,333.5,321.5,322.425,137608
equity,INE893J01029,2026-09-22,325.625,319,319.975,50230
equity,INE893J01029,2026-09-23,342.9,320.75,339.975,157186
equity,INE893J01029,2026-09-24,343,334.05,336.475,82200
equity,INE893J01029,2026-09-25,342.475,330.525,334.925,50966
equity,INE893J01029,2026-09-28,335.65,322.575,324.7,83880
equity,INE893J01029,2026-09-29,326.525,318.5,321.475,105296
equity,INE893J01029,2026-09-30,334.125,321.5,330.3,78368
equity,INE893J01029,2026-10-01,332.6,324.4,329.425,189888
equity,INE893J01029,2026-10-05,342,332.725,340.35,162082
equity,INE893J01029,2026-10-06,347,335.125,339,181006
equity,INE893J01029,2026-10-07,345.05,327.475,333.6,248538
equity,INE893J01029,2026-10-08,335.9,322.5,326.05,147900
equity,INE0PX301025,2026-09-01,135.464,118.1401,124.6527,56082352
equity,INE0PX301025,2026-09-02,132.029,127.0751,128.3756,17596762
equity,INE0PX301025,2026-09-03,134.6202,129.0606,129.1202,10064287
equity,INE0PX301025,2026-09-04,132.6843,119.2322,121.8332,8338807
equity,INE0PX301025,2026-09-07,122.2006,111.1907,113.0869,9718981
equity,INE0PX301025,2026-09-08,114.8838,106.0481,109.4236,6417199
equity,INE0PX301025,2026-09-09,117.0977,108.54,112.7692,5424457
equity,INE0PX301025,2026-09-10,113.3748,108.5102,110.3866,2803163
equity,INE0PX301025,2026-09-11,116.651,107.716,115.1717,4483291
equity,INE0PX301025,2026-09-15,116.651,109.5129,110.4858,1875473
equity,INE0PX301025,2026-09-16,113.6726,107.7557,112.6004,1867585
equity,INE0PX301025,2026-09-17,118.1401,111.4389,117.1275,2932070
equity,INE0PX301025,2026-09-18,134.372,121.6645,123.5309,92941309
equity,INE0PX301025,2026-09-21,136.3873,122.5083,125.1193,29247327
equity,INE0PX301025,2026-09-22,132.039,123.7294,129.3783,13853831
equity,INE0PX301025,2026-09-23,131.7031,126.5247,129.2785,4900366
equity,INE0PX301025,2026-09-24,135.2251,127.7819,130.7053,11545591
equity,INE0PX301025,2026-09-25,131.6931,124.8286,126.6844,4253205
equity,INE0PX301025,2026-09-28,127.2132,117.7346,118.9418,2746192
equity,INE0PX301025,2026-09-29,119.4307,114.5916,115.0506,2023181
equity,INE0PX301025,2026-09-30,117.525,112.0574,113.0052,2306221
equity,INE0PX301025,2026-10-01,114.1427,108.2659,110.0419,1680019
equity,INE0PX301025,2026-10-05,113.1649,108.6051,109.2337,1317759
equity,INE0PX301025,2026-10-06,116.2379,109.2736,113.2547,1344512
equity,INE0PX301025,2026-10-07,116.5872,113.6438,114.4619,1464352
equity,INE0PX301025,2026-10-08,117.0461,109.7625,110.89,2087847
equity,INE877V01027,2024-12-06,448.3066,414.3092,416.6056,6747269
equity,INE877V01027,2024-12-09,426.2906,409.3668,410.0657,1538114
equity,INE877V01027,2024-12-10,416.1064,401.479,404.7739,1161752
equity,INE877V01027,2024-12-11,422.5963,401.7785,417.1048,1617064
equity,INE877V01027,2024-12-12,417.7039,405.373,409.9159,625887
equity,INE877V01027,2024-12-13,414.0096,406.1717,410.7147,650097
equity,INE877V01027,2024-12-16,445.3112,414.5588,418.0034,2373444
equity,INE877V01027,2024-12-17,425.3421,408.3683,410.6648,500940
equity,INE877V01027,2024-12-18,413.2608,397.7348,406.4213,690351
equity,INE877V01027,2024-12-19,411.2139,398.4337,407.3699,357534
equity,INE877V01027,2024-12-20,415.1578,409.1671,411.5135,663187
equity,INE877V01027,2024-12-23,421.2983,398.234,403.8753,441242
equity,INE877V01027,2024-12-24,403.5758,391.5444,396.936,431304
equity,INE877V01027,2024-12-26,397.6849,389.5974,391.145,249327
equity,INE877V01027,2024-12-27,398.4836,380.9108,383.5068,288368
equity,INE877V01027,2024-12-30,383.4569,368.48,374.2711,267378
equity,INE877V01027,2024-12-31,378.1151,353.3035,375.0698,618283
equity,INE877V01027,2025-01-01,382.9576,369.4286,379.513,236740
equity,INE877V01027,2025-01-02,382.2587,372.9232,379.3632,176255
equity,INE877V01027,2025-01-03,382.9077,371.725,377.6658,215225
equity,INE877V01027,2025-01-06,395.7878,368.2304,385.9031,808360
equity,INE877V01027,2025-01-07,388.7986,378.4646,384.3555,313603
equity,INE877V01027,2025-01-08,387.4008,367.5814,370.9762,140525
equity,INE877V01027,2025-01-09,373.2227,359.444,362.8387,112652
equity,INE877V01027,2025-01-10,364.4363,347.2129,349.2598,128287
equity,INE877V01027,2025-01-13,345.0163,329.4903,332.1362,176970
equity,INE877V01027,2025-01-14,358.2958,328.0925,354.8012,177052
equity,INE877V01027,2025-01-15,366.4332,347.8619,356.7482,177951
equity,INE877V01027,2025-01-16,367.831,358.2459,360.3426,112385
equity,INE877V01027,2025-01-17,359.444,353.603,356.6483,127166
equity,INE877V01027,2025-01-20,356.6483,348.461,349.9587,40651
equity,INE877V01027,2025-01-21,356.1491,332.8352,335.8805,89652
equity,INE877V01027,2025-01-22,341.1723,326.0456,332.3359,137882
equity,INE877V01027,2025-01-23,336.0802,326.4451,328.4919,57459
equity,INE877V01027,2025-01-24,332.4358,316.0611,319.7055,90477
equity,INE877V01027,2025-01-27,319.5557,294.5444,299.8861,107720
equity,INE877V01027,2025-01-28,309.022,288.0544,306.0266,143161
equity,INE877V01027,2025-01-29,309.9706,301.4337,303.7801,63927
equity,INE877V01027,2025-01-30,317.6087,302.7817,307.3746,80820
equity,INE877V01027,2025-01-31,311.4682,302.5819,309.0719,85991
equity,INE877V01027,2025-02-01,314.6633,306.6257,311.1188,53600
equity,INE877V01027,2025-02-03,315.6118,302.6818,311.1188,90535
equity,INE877V01027,2025-02-04,323.4996,309.2217,317.0096,86424
equity,INE877V01027,2025-02-05,366.4332,317.7585,344.6669,153727
equity,INE877V01027,2025-02-06,365.4348,347.0132,353.8527,304881
equity,INE877V01027,2025-02-07,353.8028,342.5202,346.6139,57264
equity,INE877V01027,2025-02-10,343.1193,324.8475,330.5887,109591
equity,INE877V01027,2025-02-11,329.2407,311.7179,321.0035,66987
equity,INE877V01027,2025-02-12,321.0035,308.1234,311.618,221175
equity,INE877V01027,2025-02-13,317.1095,308.5228,309.7209,39591
equity,INE877V01027,2025-02-14,313.7148,296.092,299.986,132344
equity,INE877V01027,2025-02-17,301.3339,280.566,286.5568,145545
equity,INE877V01027,2025-02-18,292.198,278.5691,284.2603,110197
equity,INE877V01027,2025-02-19,292.4976,282.5629,286.8064,56412
equity,INE877V01027,2025-02-20,299.5367,283.8609,297.6396,74583
equity,INE877V01027,2025-02-21,304.9783,293.5459,300.2356,60580
equity,INE877V01027,2025-02-24,302.8815,290.301,292.847,28072
equity,INE877V01027,2025-02-25,294.145,280.1167,287.8048,38442
equity,INE877V01027,2025-02-27,287.8048,276.5722,278.4193,50081
equity,INE877V01027,2025-02-28,279.5176,259.6484,262.494,73926
equity,INE877V01027,2025-03-03,267.1867,250.6623,263.3427,97624
equity,INE877V01027,2025-03-04,276.5722,230.6433,269.5331,563569
equity,INE877V01027,2025-03-05,278.7688,260.4472,276.5722,105651
equity,INE877V01027,2025-03-06,280.4163,267.1368,275.2742,139234
equity,INE877V01027,2025-03-07,283.162,274.5753,279.1183,39131
equity,INE877V01027,2025-03-10,284.8594,262.5439,270.0323,62405
equity,INE877V01027,2025-03-11,270.0822,254.8059,262.0946,266840
equity,INE877V01027,2025-03-12,264.9402,255.5547,259.4487,198470
equity,INE877V01027,2025-03-13,283.9608,255.8542,277.6705,262275
equity,INE877V01027,2025-03-17,289.5521,277.8702,283.162,183058
equity,INE877V01027,2025-03-19,293.4461,287.6551,290.5506,72588
equity,INE877V01027,2025-03-20,294.8939,281.1152,288.0544,120056
equity,INE877V01027,2025-03-21,296.9906,285.1589,288.8532,76837
equity,INE877V01027,2025-03-24,293.9953,283.5614,284.8594,64889
equity,INE877V01027,2025-03-25,288.5537,272.3787,277.5208,115641
equity,INE877V01027,2025-03-26,278.5691,263.3427,265.04,103972
equity,INE877V01027,2025-03-27,269.8825,259.6483,260.5969,211444
equity,INE877V01027,2025-03-28,267.0869,255.0555,258.7997,111667
equity,INE877V01027,2025-04-01,269.583,258.7997,266.5377,65092
equity,INE877V01027,2025-04-02,280.0169,262.9932,269.8326,63437
equity,INE877V01027,2025-04-03,287.5552,269.8326,285.0092,89304
equity,INE877V01027,2025-04-04,287.1558,274.7251,280.7158,87832
equity,INE877V01027,2025-04-07,269.583,258.6499,266.987,88888
equity,INE877V01027,2025-04-08,277.321,267.3864,274.775,80434
equity,INE877V01027,2025-04-09,277.5706,266.6375,276.722,42814
equity,INE877V01027,2025-04-11,284.6597,272.8779,274.8249,49319
equity,INE877V01027,2025-04-15,288.2542,276.8717,285.9078,82245
equity,INE877V01027,2025-04-16,306.1764,283.6612,303.181,144806
equity,INE877V01027,2025-04-17,309.2217,291.7487,298.0889,106534
equity,INE877V01027,2025-04-21,317.409,293.5459,311.0688,98188
equity,INE877V01027,2025-04-22,318.5572,309.4214,311.9175,64505
equity,INE877V01027,2025-04-23,317.6087,305.5773,311.3185,55343
equity,INE877V01027,2025-04-24,315.512,308.9221,311.0688,66832
equity,INE877V01027,2025-04-25,313.9644,302.4322,312.6165,99774
equity,INE877V01027,2025-04-28,312.5665,304.7786,307.5742,52574
equity,INE877V01027,2025-04-29,313.2654,303.5305,306.8254,36714
equity,INE877V01027,2025-04-30,309.3215,297.2901,298.7379,23783
equity,INE877V01027,2025-05-02,302.7317,293.5459,297.1404,31703
equity,INE877V01027,2025-05-05,302.532,291.3993,297.7395,40440
equity,INE877V01027,2025-05-06,300.0359,289.5521,290.6005,55813
equity,INE877V01027,2025-05-07,296.5413,285.1589,292.6972,39779
equity,INE877V01027,2025-05-08,296.9906,282.7127,285.5084,20238
equity,INE877V01027,2025-05-09,284.5598,275.4739,282.7626,33595
equity,INE877V01027,2025-05-12,302.4821,289.003,300.8347,69516
equity,INE877V01027,2025-05-13,303.3807,297.6396,302.6818,32936
equity,INE877V01027,2025-05-14,305.2279,299.986,303.4306,33920
equity,INE877V01027,2025-05-15,308.2732,301.5336,303.0812,31125
equity,INE877V01027,2025-05-16,305.5274,300.8846,303.181,32984
equity,INE877V01027,2025-05-19,316.1111,303.181,314.5135,126630
equity,INE877V01027,2025-05-20,317.1095,306.5758,315.3622,88888
equity,INE877V01027,2025-05-21,324.4482,311.0688,322.7009,103769
equity,INE877V01027,2025-05-22,328.4919,318.707,323.6993,76807
equity,INE877V01027,2025-05-23,328.6416,317.0096,327.144,57415
equity,INE877V01027,2025-05-26,336.4296,322.5011,334.7821,99734
equity,INE877V01027,2025-05-27,334.7821,324.8475,326.4451,43408
equity,INE877V01027,2025-05-28,338.4765,327.9927,336.7292,82070
equity,INE877V01027,2025-05-29,336.9288,325.846,327.0941,65633
equity,INE877V01027,2025-05-30,333.6339,313.1157,320.6041,36471
equity,INE877V01027,2025-06-02,334.1831,318.2577,328.442,40233
equity,INE877V01027,2025-06-03,337.478,324.9973,335.8305,82939
equity,INE877V01027,2025-06-04,337.4281,328.5418,330.988,40702
equity,INE877V01027,2025-06-05,334.4826,325.5464,332.1862,36453
equity,INE877V01027,2025-06-06,335.4811,330.0395,333.584,24930
equity,INE877V01027,2025-06-09,338.4764,330.988,334.8321,54024
equity,INE877V01027,2025-06-10,346.0647,331.9865,336.7791,187880
equity,INE877V01027,2025-06-11,337.478,330.6885,332.2361,63567
equity,INE877V01027,2025-06-12,335.4811,324.4482,326.9443,43305
equity,INE877V01027,2025-06-13,332.4857,317.5588,327.0441,76175
equity,INE877V01027,2025-06-16,328.9911,318.7569,327.144,38530
equity,INE877V01027,2025-06-17,328.8413,317.2093,322.6509,64095
equity,INE877V01027,2025-06-18,326.5449,318.1079,323.2001,184518
equity,INE877V01027,2025-06-19,329.5403,319.4059,326.4451,86192
equity,INE877V01027,2025-06-20,338.1769,321.3529,333.2346,63614
equity,INE877V01027,2025-06-23,333.1846,327.4934,330.8882,40147
equity,INE877V01027,2025-06-24,335.9304,322.601,326.9942,36275
equity,INE877V01027,2025-06-25,351.9556,329.091,349.4095,175380
equity,INE877V01027,2025-06-26,350.4579,331.4873,334.0833,169198
equity,INE877V01027,2025-06-27,337.9273,329.9896,331.0379,49337
equity,INE877V01027,2025-06-30,334.0832,322.601,324.6978,81259
equity,INE877V01027,2025-07-01,334.5325,324.6978,328.392,71076
equity,INE877V01027,2025-07-02,328.5418,320.7538,321.6025,409463
equity,INE877V01027,2025-07-03,327.4435,320.5042,321.5526,31350
equity,INE877V01027,2025-07-04,324.9474,318.2577,323.2001,50616
equity,INE877V01027,2025-07-07,326.4451,319.5557,322.5012,25231
equity,INE877V01027,2025-07-08,324.4482,318.6072,319.7055,21468
equity,INE877V01027,2025-07-09,323.0004,318.5073,319.4559,16947
equity,INE877V01027,2025-07-10,322.0019,318.5073,319.9052,17735
equity,INE877V01027,2025-07-11,321.0534,315.512,316.6602,19121
equity,INE877V01027,2025-07-14,319.9052,310.6694,312.4667,37610
equity,INE877V01027,2025-07-15,319.6056,311.7678,317.6087,27017
equity,INE877V01027,2025-07-16,327.9926,315.6118,323.9489,46939
equity,INE877V01027,2025-07-17,324.1486,319.5058,322.9505,19965
equity,INE877V01027,2025-07-18,324.4482,317.6586,319.3061,24038
equity,INE877V01027,2025-07-21,319.7554,314.5634,315.2624,17386
equity,INE877V01027,2025-07-22,317.0596,312.5166,313.1157,20653
equity,INE877V01027,2025-07-23,316.2608,300.0359,305.9268,62479
equity,INE877V01027,2025-07-24,309.3715,303.5305,306.1265,22545
equity,INE877V01027,2025-07-25,307.9237,302.8316,306.1764,23713
equity,INE877V01027,2025-07-28,309.4713,299.5367,304.3293,36295
equity,INE877V01027,2025-07-29,307.5243,297.5398,306.0765,21311
equity,INE877V01027,2025-07-30,310.5197,301.5336,306.8753,22539
equity,INE877V01027,2025-07-31,306.0266,296.5413,300.4852,21587
equity,INE877V01027,2025-08-01,304.1795,299.5367,300.4353,10116
equity,INE877V01027,2025-08-04,304.2793,294.0951,295.5428,22672
equity,INE877V01027,2025-08-05,299.1872,293.5459,295.2932,14379
equity,INE877V01027,2025-08-06,298.5382,285.9078,289.8017,24204
equity,INE877V01027,2025-08-07,294.9937,285.3087,290.0014,23552
equity,INE877V01027,2025-08-08,304.5289,287.7549,297.7894,36084
equity,INE877V01027,2025-08-11,309.022,288.7034,296.4415,73182
equity,INE877V01027,2025-08-12,305.7271,296.4414,299.3869,26084
equity,INE877V01027,2025-08-13,303.83,296.7909,300.8846,22488
equity,INE877V01027,2025-08-14,303.5305,296.8408,301.8331,20072
equity,INE877V01027,2025-08-18,317.6087,313.5151,313.6648,99769
equity,INE877V01027,2025-08-19,319.5058,310.5197,318.3076,51133
equity,INE877V01027,2025-08-20,319.4559,313.5151,313.8645,18752
equity,INE877V01027,2025-08-21,320.5042,314.0642,317.3591,33050
equity,INE877V01027,2025-08-22,317.7086,313.5151,313.7647,11678
equity,INE877V01027,2025-08-25,323.7492,309.5711,310.9191,30645
equity,INE877V01027,2025-08-26,312.916,302.1327,303.5305,13095
equity,INE877V01027,2025-08-28,306.9752,299.5866,303.0313,13294
equity,INE877V01027,2025-08-29,304.0796,296.3916,297.8393,13584
equity,INE877V01027,2025-09-01,306.6756,295.5428,299.1872,21429
equity,INE877V01027,2025-09-02,305.8269,295.5928,301.3339,28731
equity,INE877V01027,2025-09-03,312.5166,301.5336,302.6818,39089
equity,INE877V01027,2025-09-04,313.515,300.8347,302.2325,15412
equity,INE877V01027,2025-09-05,303.9798,299.5866,300.3354,10442
equity,INE877V01027,2025-09-08,304.3293,299.5367,303.5804,20582
equity,INE877V01027,2025-09-09,309.4214,301.5336,304.2294,67293
equity,INE877V01027,2025-09-10,308.4729,302.532,306.476,27341
equity,INE877V01027,2025-09-11,314.5135,306.476,312.2171,143027
equity,INE877V01027,2025-09-12,311.7179,304.2294,309.8208,82342
equity,INE877V01027,2025-09-15,323.4996,304.529,323.0503,134152
equity,INE877V01027,2025-09-16,332.4857,324.548,327.3936,75697
equity,INE877V01027,2025-09-17,330.7883,320.7538,323.3997,35580
equity,INE877V01027,2025-09-18,324.4981,315.4121,318.4574,41535
equity,INE877V01027,2025-09-19,321.0035,312.8161,314.5634,204579
equity,INE877V01027,2025-09-22,321.5027,313.515,319.8053,26761
equity,INE877V01027,2025-09-23,321.5027,314.0642,316.8599,27976
equity,INE877V01027,2025-09-24,317.7585,307.5243,309.6211,30329
equity,INE877V01027,2025-09-25,314.5135,306.9252,309.9206,28801
equity,INE877V01027,2025-09-26,310.0704,294.5444,297.5398,80872
equity,INE877V01027,2025-09-29,307.4744,296.5413,297.9891,47128
equity,INE877V01027,2025-09-30,301.1342,296.1419,297.8892,34177
equity,INE877V01027,2025-10-01,301.1841,293.5459,297.0405,72412
equity,INE877V01027,2025-10-03,302.9314,296.5912,298.7379,16658
equity,INE877V01027,2025-10-06,315.4121,300.3854,301.284,70144
equity,INE877V01027,2025-10-07,301.8331,294.145,295.1934,35511
equity,INE877V01027,2025-10-08,299.3869,291.599,295.5928,24334
equity,INE877V01027,2025-10-09,297.7894,291.6489,293.3962,31703
equity,INE877V01027,2025-10-10,295.4929,290.0513,291.1996,28583
equity,INE877V01027,2025-10-13,290.3509,283.7611,285.1589,55391
equity,INE877V01027,2025-10-14,291.9984,284.6597,290.8002,39173
equity,INE877V01027,2025-10-15,298.2387,291.1496,294.6942,39545
equity,INE877V01027,2025-10-16,302.8316,292.5974,299.6864,60656
equity,INE877V01027,2025-10-17,301.284,295.7426,300.0858,32068
equity,INE877V01027,2025-10-20,301.0343,297.4898,300.8846,28457
equity,INE877V01027,2025-10-21,311.4682,302.3324,309.8208,43446
equity,INE877V01027,2025-10-23,311.7178,303.3807,310.32,37760
equity,INE877V01027,2025-10-24,312.2171,306.0766,309.8208,40535
equity,INE877V01027,2025-10-27,325.197,312.7163,323.9988,168468
equity,INE877V01027,2025-10-28,325.3967,318.8568,322.3514,46658
equity,INE877V01027,2025-10-29,325.3468,315.7117,322.5012,38346
equity,INE877V01027,2025-10-30,323.5495,319.5058,321.303,16030
equity,INE877V01027,2025-10-31,321.0035,315.512,317.459,13536
equity,INE877V01027,2025-11-03,320.4044,314.5135,316.2608,17746
equity,INE877V01027,2025-11-04,327.1939,311.5681,323.5495,60559
equity,INE877V01027,2025-11-06,325.3967,314.5135,324.2984,54298
equity,INE877V01027,2025-11-07,322.1517,314.5135,319.1563,27153
equity,INE877V01027,2025-11-10,328.4919,316.0112,322.5511,51467
equity,INE877V01027,2025-11-11,315.2624,308.5727,313.3653,68082
equity,INE877V01027,2025-11-12,313.1656,307.4245,308.8223,25302
equity,INE877V01027,2025-11-13,316.3107,304.1296,309.6211,36789
equity,INE877V01027,2025-11-14,310.5197,304.9783,309.6211,18776
equity,INE877V01027,2025-11-17,314.4137,300.5351,301.4337,53176
equity,INE877V01027,2025-11-18,308.5228,300.7348,301.9829,18359
equity,INE877V01027,2025-11-19,307.9237,299.5866,305.5773,25223
equity,INE877V01027,2025-11-20,306.8254,299.5367,300.7848,19107
equity,INE877V01027,2025-11-21,305.4775,297.5398,299.0874,14208
equity,INE877V01027,2025-11-24,304.6288,293.5459,294.2948,17609
equity,INE877V01027,2025-11-25,296.9906,286.6067,290.8002,18609
equity,INE877V01027,2025-11-26,294.9438,290.5506,292.5475,18096
equity,INE877V01027,2025-11-27,295.7426,289.5521,289.9016,30875
equity,INE877V01027,2025-11-28,298.4883,285.5583,292.248,32991
equity,INE877V01027,2025-12-01,299.4368,290.3009,292.6972,32890
equity,INE877V01027,2025-12-02,292.3478,275.6736,281.8141,40813
equity,INE877V01027,2025-12-03,282.5629,277.7204,279.3679,18704
equity,INE877V01027,2025-12-04,280.8655,276.6721,279.7673,9701
equity,INE877V01027,2025-12-05,286.1074,279.5676,280.3164,9010
equity,INE877V01027,2025-12-08,280.2166,270.7312,272.3288,13747
equity,INE877V01027,2025-12-09,279.5676,267.5861,278.1198,25393
equity,INE877V01027,2025-12-10,283.162,278.1198,280.7657,11530
equity,INE877V01027,2025-12-11,282.4631,277.5707,279.0184,6122
equity,INE877V01027,2025-12-12,283.9108,278.9685,281.9638,8691
equity,INE877V01027,2025-12-15,287.2057,281.5645,284.3601,17943
equity,INE877V01027,2025-12-16,288.1543,281.5645,285.2088,7107
equity,INE877V01027,2025-12-17,284.1605,277.5707,280.2166,10374
equity,INE877V01027,2025-12-18,280.6159,270.3319,272.7281,16588
equity,INE877V01027,2025-12-19,278.1697,270.5815,272.5285,15087
equity,INE877V01027,2025-12-22,277.5208,272.0292,275.0745,19231
equity,INE877V01027,2025-12-23,278.0699,273.5768,274.8249,12188
equity,INE877V01027,2025-12-24,278.02,270.9309,271.1805,20444
equity,INE877V01027,2025-12-26,274.126,269.9824,270.5316,13555
equity,INE877V01027,2025-12-29,270.5316,263.6422,265.1898,27646
equity,INE877V01027,2025-12-30,269.0339,263.6921,266.338,8207
equity,INE877V01027,2025-12-31,270.5316,266.6376,269.2336,8298
equity,INE877V01027,2026-01-01,273.6767,269.0339,272.7281,8381
equity,INE877V01027,2026-01-02,276.672,271.1306,276.2227,12007
equity,INE877V01027,2026-01-05,277.0215,273.0776,274.9747,18753
equity,INE877V01027,2026-01-06,274.4754,268.5846,270.3818,10667
equity,INE877V01027,2026-01-07,281.215,267.8357,277.3709,18862
equity,INE877V01027,2026-01-08,279.5176,265.5892,268.3349,12204
equity,INE877V01027,2026-01-09,276.672,262.7436,274.4754,31274
equity,INE877V01027,2026-01-12,280.3663,266.9371,275.6237,58603
equity,INE877V01027,2026-01-13,279.5676,264.5907,266.8372,24971
equity,INE877V01027,2026-01-14,269.583,264.1913,265.4893,8514
equity,INE877V01027,2026-01-16,268.5846,264.5907,265.1898,15903
equity,INE877V01027,2026-01-19,263.5923,258.7497,259.7482,25687
equity,INE877V01027,2026-01-20,261.4955,253.6077,257.0524,27614
equity,INE877V01027,2026-01-21,272.5285,251.1116,267.636,46326
equity,INE877V01027,2026-01-22,273.3771,259.5985,262.2444,15013
equity,INE877V01027,2026-01-23,266.2382,258.6,261.2958,34823
equity,INE877V01027,2026-01-27,261.8949,257.4018,259.3987,18523
equity,INE877V01027,2026-01-28,264.5907,254.6561,262.8933,17774
equity,INE877V01027,2026-01-29,261.9448,258.8995,259.8481,10404
equity,INE877V01027,2026-01-30,271.2804,257.6015,265.5393,19782
equity,INE877V01027,2026-02-02,271.53,264.5907,269.8326,42185
equity,INE877V01027,2026-02-03,286.4569,270.5815,285.0092,31911
equity,INE877V01027,2026-02-04,286.4569,280.6659,284.9592,19146
equity,INE877V01027,2026-02-05,287.5552,279.8671,285.5583,10802
equity,INE877V01027,2026-02-06,290.2011,283.4116,287.9047,23831
equity,INE877V01027,2026-02-09,292.3977,284.46,286.9561,15100
equity,INE877V01027,2026-02-10,293.496,283.4615,284.6597,16003
equity,INE877V01027,2026-02-11,291.0498,283.5614,284.5598,12812
equity,INE877V01027,2026-02-12,286.7564,283.5614,284.6097,19267
equity,INE877V01027,2026-02-13,287.2057,279.5676,284.7096,31024
equity,INE877V01027,2026-02-16,285.9577,280.6159,284.3601,13478
equity,INE877V01027,2026-02-17,286.1074,279.6175,281.3648,8034
equity,INE877V01027,2026-02-18,285.4585,272.5784,276.0231,11616
equity,INE877V01027,2026-02-19,283.5115,270.9309,279.9669,17671
equity,INE877V01027,2026-02-20,281.2649,274.5753,280.7657,16608
equity,INE877V01027,2026-02-23,285.8079,278.8686,284.6097,24927
equity,INE877V01027,2026-02-24,284.1605,275.0246,281.8141,19959
equity,INE877V01027,2026-02-25,287.5552,274.6751,280.566,23131
equity,INE877V01027,2026-02-26,282.0138,269.583,273.4271,22242
equity,INE877V01027,2026-02-27,273.9762,267.5861,271.0308,9912
equity,INE877V01027,2026-03-02,268.5845,239.6293,266.338,16055
equity,INE877V01027,2026-03-04,275.5737,255.6545,269.2835,20718
equity,INE877V01027,2026-03-05,271.53,262.2443,263.4425,11689
equity,INE877V01027,2026-03-06,265.5393,256.7029,257.8512,14291
equity,INE877V01027,2026-03-09,264.5907,249.6139,260.1476,18905
equity,INE877V01027,2026-03-10,264.6906,256.3036,257.8512,11758
equity,INE877V01027,2026-03-11,261.8949,257.1023,259.1491,5617
equity,INE877V01027,2026-03-12,261.4456,254.706,256.8527,11069
equity,INE877V01027,2026-03-13,264.5907,254.706,259.4487,19367
equity,INE877V01027,2026-03-16,259.4487,249.0647,250.7122,14141
equity,INE877V01027,2026-03-17,258.5002,246.6685,255.9042,23022
equity,INE877V01027,2026-03-18,266.0385,250.6623,263.4425,25130
equity,INE877V01027,2026-03-19,263.4425,247.0179,253.0086,53991
equity,INE877V01027,2026-03-20,261.5954,252.6592,259.898,23057
equity,INE877V01027,2026-03-23,261.7451,250.6123,258.3504,26557
equity,INE877V01027,2026-03-24,259.5985,252.9088,255.8542,26848
equity,INE877V01027,2026-03-25,258.4003,246.7184,247.8666,86527
equity,INE877V01027,2026-03-27,250.812,232.3406,235.1862,138432
equity,INE877V01027,2026-03-30,232.6401,223.7539,227.5979,59556
equity,INE877V01027,2026-04-01,249.6139,230.6333,244.8912,20205
equity,INE877V01027,2026-04-02,247.1277,236.9535,244.6016,12812
equity,INE877V01027,2026-04-06,251.1815,240.0287,249.8735,25148
equity,INE877V01027,2026-04-07,258.5301,248.915,253.0985,68370
equity,INE877V01027,2026-04-08,262.5938,256.6131,261.5754,35340
equity,INE877V01027,2026-04-09,266.0385,257.6115,263.0331,28177
equity,INE877V01027,2026-04-10,291.6489,261.3457,274.725,49141
equity,INE877V01027,2026-04-13,279.1582,264.5907,275.4839,22522
equity,INE877V01027,2026-04-15,282.3333,276.3226,279.5975,27060
equity,INE877V01027,2026-04-16,283.5514,279.2381,281.4547,19482
equity,INE877V01027,2026-04-17,283.5614,279.7872,282.1336,14429
equity,INE877V01027,2026-04-20,287.5552,277.8303,280.6758,20771
equity,INE877V01027,2026-04-21,284.0606,279.8871,281.7242,12283
equity,INE877V01027,2026-04-22,284.5199,279.8471,284.0606,9295
equity,INE877V01027,2026-04-23,284.5598,278.5691,280.2365,15335
equity,INE877V01027,2026-04-24,283.5614,278.9685,282.0437,21956
equity,INE877V01027,2026-04-27,286.0575,279.7772,285.2188,12360
equity,INE877V01027,2026-04-28,285.2188,279.5676,282.8325,10788
equity,INE877V01027,2026-04-29,285.5583,279.5676,280.3364,6137
equity,INE877V01027,2026-04-30,284.5598,277.5707,283.5115,23415
equity,INE877V01027,2026-05-04,289.3025,279.5676,284.0107,28558
equity,INE877V01027,2026-05-05,289.2526,281.5645,282.7127,8363
equity,INE877V01027,2026-05-06,285.5583,279.5676,280.0668,17769
equity,INE877V01027,2026-05-07,288.5537,279.5676,286.7065,19520
equity,INE877V01027,2026-05-08,298.5382,285.0092,291.7986,24773
equity,INE877V01027,2026-05-11,311.5181,288.7534,306.6257,119776
equity,INE877V01027,2026-05-12,306.5259,289.8017,291.4492,145301
equity,INE877V01027,2026-05-13,316.0112,287.056,306.1265,116436
equity,INE877V01027,2026-05-14,312.5166,301.1342,303.5804,23264
equity,INE877V01027,2026-05-15,306.5259,298.5382,305.2778,13234
equity,INE877V01027,2026-05-18,303.7801,296.092,299.0874,20221
equity,INE877V01027,2026-05-19,307.5243,297.5897,299.0374,17673
equity,INE877V01027,2026-05-20,307.9237,295.9422,304.5789,56538
equity,INE877V01027,2026-05-21,324.4482,304.5789,319.6057,173542
equity,INE877V01027,2026-05-22,321.8022,290.6504,312.7163,142949
equity,INE877V01027,2026-05-25,312.4168,297.4399,298.039,49012
equity,INE877V01027,2026-05-26,305.5274,294.5444,295.0436,15687
equity,INE877V01027,2026-05-27,298.039,286.6067,289.1527,38621
equity,INE877V01027,2026-05-29,291.6489,283.5614,285.3586,16806
equity,INE877V01027,2026-06-01,288.6036,279.5676,281.265,18663
equity,INE877V01027,2026-06-02,300.5351,277.7204,289.8017,23206
equity,INE877V01027,2026-06-03,293.3962,286.3571,290.8002,14982
equity,INE877V01027,2026-06-04,293.8455,270.8311,278.5691,26778
equity,INE877V01027,2026-06-05,283.5614,273.0776,274.775,64411
equity,INE877V01027,2026-06-08,281.5146,274.6252,275.2742,12201
equity,INE877V01027,2026-06-09,280.4163,267.7359,269.2336,35239
equity,INE877V01027,2026-06-10,277.5707,264.1414,270.3818,51943
equity,INE877V01027,2026-06-11,275.5238,265.1399,267.636,11860
equity,INE877V01027,2026-06-12,273.5269,262.0946,267.636,22198
equity,INE877V01027,2026-06-15,273.7765,264.7904,267.8357,23714
equity,INE877V01027,2026-06-16,280.0668,268.5346,269.6329,49211
equity,INE877V01027,2026-06-17,276.5722,261.5954,265.1399,32792
equity,INE877V01027,2026-06-18,269.583,256.8527,259.249,103732
equity,INE877V01027,2026-06-19,269.5331,254.6062,267.9355,99651
equity,INE877V01027,2026-06-22,279.5676,269.6329,278.2196,40665
equity,INE877V01027,2026-06-23,281.5145,272.5784,275.374,34239
equity,INE877V01027,2026-06-24,278.9685,270.7812,271.4801,28144
equity,INE877V01027,2026-06-25,274.3756,270.232,271.2304,13541
equity,INE877V01027,2026-06-29,274.4255,268.4348,272.8779,14776
equity,INE877V01027,2026-06-30,273.5269,271.0807,272.5285,8564
equity,INE877V01027,2026-07-01,274.4754,266.1883,267.3864,17899
equity,INE877V01027,2026-07-02,279.5676,267.5861,268.8342,41659
equity,INE877V01027,2026-07-03,274.0261,269.1337,273.1275,55671
equity,INE877V01027,2026-07-06,281.0652,264.5907,270.1321,56877
equity,INE877V01027,2026-07-07,273.4271,263.1929,268.934,40758
equity,INE877V01027,2026-07-08,268.7842,261.3956,262.1944,22700
equity,INE877V01027,2026-07-09,269.5331,260.5969,262.9932,17942
equity,INE877V01027,2026-07-10,268.5845,260.6967,263.8918,37116
equity,INE877V01027,2026-07-13,271.3802,259.5485,260.547,72304
equity,INE877V01027,2026-07-14,264.6407,256.6031,259.5486,28706
equity,INE877V01027,2026-07-15,263.8419,258.6998,260.9963,13979
equity,INE877V01027,2026-07-16,264.7904,258.1507,259.4986,23299
equity,INE877V01027,2026-07-17,260.9963,256.6031,258.6,13294
equity,INE877V01027,2026-07-20,259.5984,255.7045,257.7014,14894
equity,INE877V01027,2026-07-21,264.8902,256.6031,260.5969,99101
equity,INE877V01027,2026-07-22,263.2927,254.2068,259.1991,24456
equity,INE877V01027,2026-07-23,267.0869,252.6093,259.249,333546
equity,INE877V01027,2026-07-24,263.2928,240.0287,252.5593,144138
equity,INE877V01027,2026-07-27,257.5017,248.1162,249.2145,39484
equity,INE877V01027,2026-07-28,252.2099,247.617,248.4657,10898
equity,INE877V01027,2026-07-29,251.1615,246.3689,248.4657,13584
equity,INE877V01027,2026-07-30,252.4595,245.67,246.7184,25705
equity,INE877V01027,2026-07-31,252.6093,247.9165,251.7606,58393
equity,INE877V01027,2026-08-03,259.0992,250.7621,251.7107,27179
equity,INE877V01027,2026-08-04,254.6062,249.6139,250.7122,39895
equity,INE877V01027,2026-08-05,259.4986,250.6123,251.9103,21712
equity,INE877V01027,2026-08-06,254.4564,248.8151,250.3627,32676
equity,INE877V01027,2026-08-07,253.458,246.6185,249.1646,20821
equity,INE877V01027,2026-08-10,281.4147,249.6139,265.09,820979
equity,INE877V01027,2026-08-11,277.2711,257.1023,257.8512,394091
equity,INE877V01027,2026-08-12,271.5799,259.4487,269.9325,203580
equity,INE877V01027,2026-08-13,311.5182,271.5799,303.9798,3887175
equity,INE877V01027,2026-08-14,307.5243,296.1419,304.4291,287250
equity,INE877V01027,2026-08-17,321.5027,302.5819,307.9736,315695
equity,INE877V01027,2026-08-18,322.9505,309.022,317.8084,239783
equity,INE877V01027,2026-08-19,322.1018,305.7271,308.0236,79209
equity,INE877V01027,2026-08-20,312.5166,295.3931,304.6787,142607
equity,INE877V01027,2026-08-21,328.4919,304.529,325.2968,182302
equity,INE877V01027,2026-08-24,332.4857,318.4574,322.601,107206
equity,INE877V01027,2026-08-25,323.6993,312.6164,317.3591,73144
equity,INE877V01027,2026-08-26,339.9741,317.2593,338.2268,304363
equity,INE877V01027,2026-08-27,339.4749,331.8367,334.882,91126
equity,INE877V01027,2026-08-28,342.4703,330.9381,339.6746,140946
equity,INE877V01027,2026-08-31,348.4111,334.9319,338.0271,138365
equity,INE877V01027,2026-09-01,343.4188,333.7837,340.2737,143730
equity,INE877V01027,2026-09-02,344.0179,335.8305,339.8244,117448
equity,INE877V01027,2026-09-03,343.2191,336.4795,339.0755,67378
equity,INE877V01027,2026-09-04,340.1738,330.4888,331.9366,38299
equity,INE877V01027,2026-09-07,344.4672,328.442,338.3766,102949
equity,INE877V01027,2026-09-08,344.4672,334.5325,339.5747,74971
equity,INE877V01027,2026-09-09,348.461,333.0848,335.1316,117233
equity,INE877V01027,2026-09-10,337.8274,325.147,327.3437,44852
equity,INE877V01027,2026-09-11,329.5902,317.6087,323.25,50564
equity,INE877V01027,2026-09-15,328.85,317.7,323.05,70378
equity,INE877V01027,2026-09-16,334,300,326.8,98905
equity,INE877V01027,2026-09-17,330.7,323.4,328.95,96967
equity,INE877V01027,2026-09-18,338,327.55,335.1,117799
equity,INE877V01027,2026-09-21,360,335.1,349.1,289082
equity,INE877V01027,2026-09-22,358.05,341,353.4,177064
equity,INE877V01027,2026-09-23,359,346,355.35,72845
equity,INE877V01027,2026-09-24,357.95,348,356,61147
equity,INE877V01027,2026-09-25,355.95,340,343.3,37699
equity,INE877V01027,2026-09-28,349.8,335,347.05,65448
equity,INE877V01027,2026-09-29,359.4,340,355.05,88441
equity,INE877V01027,2026-09-30,357.6,350.1,355.4,121095
equity,INE877V01027,2026-10-01,355.4,336.3,350.15,93480
equity,INE877V01027,2026-10-05,354,330.5,331.85,69134
equity,INE877V01027,2026-10-06,334.7,325.15,332,57477
equity,INE877V01027,2026-10-07,334.2,320,321.7,42345
equity,INE877V01027,2026-10-08,324.05,307,309.4,63897
equity,INE793A01012,2023-10-05,1397.2251,1351.9258,1367.7074,43976
equity,INE793A01012,2023-10-06,1440.0501,1350.7807,1428.7798,94263
equity,INE793A01012,2023-10-09,1459.6138,1385.6124,1453.0643,116549
equity,INE793A01012,2023-10-10,1471.0543,1420.4867,1426.8236,50168
equity,INE793A01012,2023-10-11,1463.0161,1428.1419,1433.2029,43135
equity,INE793A01012,2023-10-12,1474.1164,1423.6337,1456.5941,46975
equity,INE793A01012,2023-10-13,1488.5338,1425.8878,1435.9673,51081
equity,INE793A01012,2023-10-16,1471.4794,1446.3019,1454.3401,40136
equity,INE793A01012,2023-10-17,1466.2059,1429.8432,1436.818,29515
equity,INE793A01012,2023-10-18,1454.9355,1428.9925,1433.0328,25500
equity,INE793A01012,2023-10-19,1433.2456,1272.5265,1287.5393,234214
equity,INE793A01012,2023-10-20,1316.5444,1278.0552,1281.1173,83545
equity,INE793A01012,2023-10-23,1292.09,1203.5859,1210.4757,53443
equity,INE793A01012,2023-10-25,1229.1036,1167.861,1182.1935,100560
equity,INE793A01012,2023-10-26,1190.8271,1136.772,1183.8523,41990
equity,INE793A01012,2023-10-27,1237.6097,1198.9928,1217.1105,27592
equity,INE793A01012,2023-10-30,1222.2563,1178.0682,1179.8544,26941
equity,INE793A01012,2023-10-31,1199.333,1164.5438,1168.5416,26404
equity,INE793A01012,2023-11-01,1185.5536,1150.3391,1154.1667,15367
equity,INE793A01012,2023-11-02,1178.0682,1156.8034,1174.2831,9355
equity,INE793A01012,2023-11-03,1209.5401,1175.5591,1200.8641,19017
equity,INE793A01012,2023-11-06,1217.1104,1179.812,1183.0868,22749
equity,INE793A01012,2023-11-07,1189.934,1169.5624,1179.0465,17703
equity,INE793A01012,2023-11-08,1199.2904,1178.9188,1183.6821,21943
equity,INE793A01012,2023-11-09,1195.0375,1172.1992,1174.9636,10120
equity,INE793A01012,2023-11-10,1199.2904,1172.7946,1187.4247,11603
equity,INE793A01012,2023-11-13,1189.8915,1163.6082,1165.8623,20434
equity,INE793A01012,2023-11-15,1179.8119,1161.0989,1163.1403,24035
equity,INE793A01012,2023-11-16,1214.3884,1152.5505,1189.4662,40376
equity,INE793A01012,2023-11-17,1199.418,1182.3211,1192.7408,16175
equity,INE793A01012,2023-11-20,1207.8388,1191.7202,1198.78,22317
equity,INE793A01012,2023-11-21,1215.4942,1190.8271,1192.8685,14470
equity,INE793A01012,2023-11-22,1196.6961,1171.7738,1175.3463,16362
equity,INE793A01012,2023-11-23,1194.995,1162.8002,1168.6267,19402
equity,INE793A01012,2023-11-24,1178.8336,1168.6265,1170.6254,6978
equity,INE793A01012,2023-11-28,1180.1522,1170.4129,1176.3671,11125
equity,INE793A01012,2023-11-29,1191.5501,1168.6267,1174.7935,16018
equity,INE793A01012,2023-11-30,1180.6199,1169.0944,1173.0072,11826
equity,INE793A01012,2023-12-01,1182.3211,1169.5623,1173.0072,19717
equity,INE793A01012,2023-12-04,1206.1377,1174.6658,1182.4912,39491
equity,INE793A01012,2023-12-05,1197.6318,1183.2994,1188.3179,18501
equity,INE793A01012,2023-12-06,1197.6319,1179.4292,1191.4651,19284
equity,INE793A01012,2023-12-07,1201.034,1180.6198,1182.8739,29757
equity,INE793A01012,2023-12-08,1195.0801,1167.4359,1182.7891,36614
equity,INE793A01012,2023-12-11,1194.7399,1169.5624,1170.8809,25088
equity,INE793A01012,2023-12-12,1184.3201,1147.0217,1151.4873,55342
equity,INE793A01012,2023-12-13,1155.9528,1114.2739,1116.5704,75752
equity,INE793A01012,2023-12-14,1140.6421,1114.3164,1128.6913,47787
equity,INE793A01012,2023-12-15,1184.8729,1131.2431,1160.1632,80783
equity,INE793A01012,2023-12-18,1196.1006,1160.2057,1189.6361,51156
equity,INE793A01012,2023-12-19,1207.2435,1183.2143,1188.5305,34991
equity,INE793A01012,2023-12-20,1199.7158,1148.3826,1166.2876,38366
equity,INE793A01012,2023-12-21,1170.3279,1139.7491,1165.8197,21544
equity,INE793A01012,2023-12-22,1185.7235,1168.0312,1180.3647,21601
equity,INE793A01012,2023-12-26,1197.6317,1178.9187,1192.1879,23908
equity,INE793A01012,2023-12-27,1249.3053,1192.1457,1213.2828,105548
equity,INE793A01012,2023-12-28,1228.2106,1209.9655,1216.6426,26381
equity,INE793A01012,2023-12-29,1222.7668,1198.0996,1204.1388,17563
equity,INE793A01012,2024-01-01,1224.7656,1188.2753,1210.6033,36080
equity,INE793A01012,2024-01-02,1230.8049,1201.8848,1206.6056,37188
equity,INE793A01012,2024-01-03,1223.1496,1203.586,1218.9817,25359
equity,INE793A01012,2024-01-04,1231.6554,1201.502,1206.0526,24598
equity,INE793A01012,2024-01-05,1246.1155,1218.2586,1242.7131,76993
equity,INE793A01012,2024-01-08,1295.4498,1256.7054,1280.0116,104607
equity,INE793A01012,2024-01-09,1321.6053,1292.8979,1307.9958,82638
equity,INE793A01012,2024-01-10,1326.7939,1288.73,1310.25,43480
equity,INE793A01012,2024-01-11,1335.3848,1310.2499,1327.7721,47838
equity,INE793A01012,2024-01-12,1526.8102,1340.063,1488.0658,627738
equity,INE793A01012,2024-01-15,1705.4344,1552.3281,1654.5266,681108
equity,INE793A01012,2024-01-16,1658.3119,1557.4319,1595.1981,202029
equity,INE793A01012,2024-01-17,1590.3496,1526.8105,1562.833,52104
equity,INE793A01012,2024-01-18,1632.2837,1489.3844,1612.2522,95957
equity,INE793A01012,2024-01-19,1612.2522,1523.0253,1542.8015,93560
equity,INE793A01012,2024-01-23,1571.7643,1491.9363,1509.8413,41052
equity,INE793A01012,2024-01-24,1565.0869,1509.8411,1562.0673,56789
equity,INE793A01012,2024-01-25,1586.3517,1537.06,1568.9146,50024
equity,INE793A01012,2024-01-29,1599.5256,1560.7231,1571.8033,34588
equity,INE793A01012,2024-01-30,1586.8501,1534.9409,1541.8391,31370
equity,INE793A01012,2024-01-31,1577.9686,1535.0703,1573.1399,27956
equity,INE793A01012,2024-02-01,1598.965,1547.8319,1571.1565,22713
equity,INE793A01012,2024-02-02,1598.6633,1545.3315,1554.601,31920
equity,INE793A01012,2024-02-05,1573.4415,1520.2821,1527.827,26478
equity,INE793A01012,2024-02-06,1608.1051,1535.4582,1566.2847,52486
equity,INE793A01012,2024-02-07,1593.4895,1556.4115,1578.3564,21169
equity,INE793A01012,2024-02-08,1658.5484,1575.4249,1622.3759,109157
equity,INE793A01012,2024-02-09,1642.6394,1542.3996,1574.5626,58756
equity,INE793A01012,2024-02-12,1650.3137,1554.7733,1595.4297,69200
equity,INE793A01012,2024-02-13,1608.1483,1553.8248,1601.8536,43253
equity,INE793A01012,2024-02-14,1702.9988,1569.3458,1700.8431,215448
equity,INE793A01012,2024-02-15,1834.4098,1709.9402,1773.7056,329271
equity,INE793A01012,2024-02-16,1815.095,1696.23,1715.3726,76942
equity,INE793A01012,2024-02-19,1752.1487,1696.1438,1726.9702,57272
equity,INE793A01012,2024-02-20,1748.3978,1671.1808,1678.079,36557
equity,INE793A01012,2024-02-21,1697.5232,1624.9625,1635.1375,43879
equity,INE793A01012,2024-02-22,1681.7006,1599.5255,1674.6299,42288
equity,INE793A01012,2024-02-23,1746.1128,1682.7354,1713.7343,52298
equity,INE793A01012,2024-02-26,1722.314,1639.2335,1646.994,32282
equity,INE793A01012,2024-02-27,1668.5078,1601.2501,1612.3735,35000
equity,INE793A01012,2024-02-28,1644.4502,1573.6572,1587.583,36219
equity,INE793A01012,2024-02-29,1591.5495,1558.3087,1579.0465,20764
equity,INE793A01012,2024-03-01,1606.122,1569.3027,1581.6333,19326
equity,INE793A01012,2024-03-04,1629.5758,1579.3481,1594.2224,21721
equity,INE793A01012,2024-03-05,1602.1123,1565.8966,1576.9338,14937
equity,INE793A01012,2024-03-06,1574.8645,1521.9206,1559.3003,31822
equity,INE793A01012,2024-03-07,1571.8463,1547.53,1558.4379,9371
equity,INE793A01012,2024-03-11,1558.5672,1491.7407,1504.0713,19663
equity,INE793A01012,2024-03-12,1528.9481,1465.9156,1470.27,20976
equity,INE793A01012,2024-03-13,1499.7601,1366.2362,1396.8903,55822
equity,INE793A01012,2024-03-14,1480.5311,1379.6446,1469.7958,33857
equity,INE793A01012,2024-03-15,1481.3935,1418.4473,1438.5814,23975
equity,INE793A01012,2024-03-18,1465.8294,1416.1622,1448.627,9472
equity,INE793A01012,2024-03-19,1454.5335,1383.9129,1410.6866,19838
equity,INE793A01012,2024-03-20,1473.6331,1391.5873,1457.0774,22050
equity,INE793A01012,2024-03-21,1523.214,1454.6197,1502.4331,21475
equity,INE793A01012,2024-03-22,1502.4761,1465.8724,1493.7671,12105
equity,INE793A01012,2024-03-26,1550.3757,1437.4173,1445.0485,24147
equity,INE793A01012,2024-03-27,1491.827,1450.8688,1485.5754,22264
equity,INE793A01012,2024-03-28,1530.1983,1427.0699,1448.8424,19914
equity,INE793A01012,2024-04-01,1528.8187,1450.4807,1521.3169,22104
equity,INE793A01012,2024-04-02,1576.5888,1502.1312,1564.6031,25982
equity,INE793A01012,2024-04-03,1617.0298,1552.1434,1593.4464,35553
equity,INE793A01012,2024-04-04,1663.5927,1595.3434,1645.6141,58580
equity,INE793A01012,2024-04-05,1650.6154,1612.0716,1633.9303,23845
equity,INE793A01012,2024-04-08,1662.7735,1603.8369,1613.4513,24899
equity,INE793A01012,2024-04-09,1631.4298,1594.7399,1597.4561,12020
equity,INE793A01012,2024-04-10,1616.7712,1573.6573,1593.3173,15283
equity,INE793A01012,2024-04-12,1633.6719,1588.3161,1602.4143,17709
equity,INE793A01012,2024-04-15,1579.6931,1517.3935,1544.4259,28843
equity,INE793A01012,2024-04-16,1562.8356,1522.7828,1540.8906,10533
equity,INE793A01012,2024-04-18,1600.3877,1544.3396,1563.5685,26829
equity,INE793A01012,2024-04-19,1568.3111,1500.5791,1535.6307,48590
equity,INE793A01012,2024-04-22,1543.0031,1491.7407,1509.1156,32320
equity,INE793A01012,2024-04-23,1536.579,1504.3298,1526.3179,14241
equity,INE793A01012,2024-04-24,1538.4762,1496.0522,1503.7695,25257
equity,INE793A01012,2024-04-25,1516.7038,1477.0821,1484.9288,13813
equity,INE793A01012,2024-04-26,1492.1719,1466.7347,1475.4437,15282
equity,INE793A01012,2024-04-29,1485.1013,1434.9166,1442.6771,29109
equity,INE793A01012,2024-04-30,1469.0629,1443.4965,1455.5684,13323
equity,INE793A01012,2024-05-02,1461.3024,1443.4533,1450.4377,11809
equity,INE793A01012,2024-05-03,1457.2495,1415.8602,1430.3033,19590
equity,INE793A01012,2024-05-06,1437.4603,1380.7656,1385.8529,27791
equity,INE793A01012,2024-05-07,1454.6197,1382.0591,1409.8676,36023
equity,INE793A01012,2024-05-08,1451.1706,1396.9764,1446.4712,20252
equity,INE793A01012,2024-05-09,1449.3167,1389.1297,1394.3033,14185
equity,INE793A01012,2024-05-10,1448.6267,1394.3032,1441.2974,14571
equity,INE793A01012,2024-05-13,1475.3575,1427.1131,1436.1239,21811
equity,INE793A01012,2024-05-14,1469.1492,1436.5551,1458.8019,9460
equity,INE793A01012,2024-05-15,1470.1407,1448.5837,1456.6461,8101
equity,INE793A01012,2024-05-16,1473.4606,1450.3515,1457.9827,8530
equity,INE793A01012,2024-05-17,1465.8723,1439.9608,1443.7549,7061
equity,INE793A01012,2024-05-21,1425.6904,1394.3035,1408.2723,35577
equity,INE793A01012,2024-05-22,1443.4532,1408.0998,1433.8387,13719
equity,INE793A01012,2024-05-23,1456.3873,1407.9704,1419.0076,14465
equity,INE793A01012,2024-05-24,1431.3813,1406.3753,1408.4016,13217
equity,INE793A01012,2024-05-27,1421.1202,1396.8902,1401.5896,12214
equity,INE793A01012,2024-05-28,1408.6172,1388.2674,1396.9333,7798
equity,INE793A01012,2024-05-29,1405.513,1388.3968,1403.1417,5353
equity,INE793A01012,2024-05-30,1408.7465,1384.4303,1388.095,7094
equity,INE793A01012,2024-05-31,1399.6493,1379.6877,1389.3883,10728
equity,INE793A01012,2024-06-03,1420.4734,1372.7464,1380.0326,16028
equity,INE793A01012,2024-06-04,1385.5944,1263.2372,1343.9033,28933
equity,INE793A01012,2024-06-05,1398.6147,1316.7415,1383.8267,13637
equity,INE793A01012,2024-06-06,1411.5491,1384.7753,1396.5454,9954
equity,INE793A01012,2024-06-07,1457.2497,1388.2674,1446.2556,25773
equity,INE793A01012,2024-06-10,1465.0102,1431.8987,1442.9359,9732
equity,INE793A01012,2024-06-11,1464.967,1435.6927,1447.5059,11607
equity,INE793A01012,2024-06-12,1457.2497,1423.3191,1449.1443,11850
equity,INE793A01012,2024-06-13,1547.6165,1439.1419,1526.2319,53561
equity,INE793A01012,2024-06-14,1569.3027,1528.1721,1538.2177,35628
equity,INE793A01012,2024-06-18,1560.723,1493.4222,1527.8702,23341
equity,INE793A01012,2024-06-19,1536.4929,1486.9981,1492.3011,15758
equity,INE793A01012,2024-06-20,1549.5134,1485.1875,1514.9791,19028
equity,INE793A01012,2024-06-21,1542.6153,1501.4846,1520.7134,21733
equity,INE793A01012,2024-06-24,1538.9074,1496.354,1512.5217,8919
equity,INE793A01012,2024-06-25,1523.0416,1492.6031,1495.4055,8178
equity,INE793A01012,2024-06-26,1495.4055,1466.7348,1469.1923,9040
equity,INE793A01012,2024-06-27,1487.3862,1440.8663,1454.0592,15662
equity,INE793A01012,2024-06-28,1514.3757,1444.3156,1491.396,18722
equity,INE793A01012,2024-07-01,1507.2186,1481.7383,1491.0078,13376
equity,INE793A01012,2024-07-02,1516.7035,1477.1681,1489.3694,15741
equity,INE793A01012,2024-07-03,1508.9863,1489.3694,1500.8378,12342
equity,INE793A01012,2024-07-04,1512.9959,1482.2988,1504.5455,13749
equity,INE793A01012,2024-07-05,1626.4286,1511.5732,1597.4561,173992
equity,INE793A01012,2024-07-08,1621.1256,1565.0344,1596.8955,25184
equity,INE793A01012,2024-07-09,1611.5974,1519.3336,1549.5565,24604
equity,INE793A01012,2024-07-10,1558.4809,1496.9143,1521.5323,17412
equity,INE793A01012,2024-07-11,1534.984,1513.6426,1526.663,10679
equity,INE793A01012,2024-07-12,1707.3103,1532.6559,1659.0659,298318
equity,INE793A01012,2024-07-15,1699.7654,1636.6035,1645.8298,61102
equity,INE793A01012,2024-07-16,1686.5294,1639.2765,1662.2562,44494
equity,INE793A01012,2024-07-18,1662.2563,1605.8633,1613.1064,23742
equity,INE793A01012,2024-07-19,1624.6178,1552.1002,1569.7338,27404
equity,INE793A01012,2024-07-22,1586.5051,1509.8485,1559.6882,16581
equity,INE793A01012,2024-07-23,1593.3603,1508.9864,1578.7015,24739
equity,INE793A01012,2024-07-24,1638.2848,1556.2392,1619.6166,18617
equity,INE793A01012,2024-07-25,1651.0034,1583.1854,1631.3004,13438
equity,INE793A01012,2024-07-26,1672.8191,1588.3159,1646.5197,20768
equity,INE793A01012,2024-07-29,1629.662,1561.1541,1573.0536,43884
equity,INE793A01012,2024-07-30,1586.3758,1566.3279,1575.7698,13377
equity,INE793A01012,2024-07-31,1590.9027,1557.7913,1562.7063,11300
equity,INE793A01012,2024-08-01,1570.3805,1543.4775,1547.444,12327
equity,INE793A01012,2024-08-02,1596.4212,1532.3109,1558.3948,22674
equity,INE793A01012,2024-08-05,1517.3937,1483.1181,1507.0895,28053
equity,INE793A01012,2024-08-06,1537.7002,1461.561,1465.3119,19421
equity,INE793A01012,2024-08-07,1564.474,1477.6426,1520.8859,189710
equity,INE793A01012,2024-08-08,1541.7527,1517.5658,1517.9969,10243
equity,INE793A01012,2024-08-09,1536.1911,1516.7899,1520.1096,5796
equity,INE793A01012,2024-08-12,1538.9936,1517.5659,1520.2821,6395
equity,INE793A01012,2024-08-13,1531.8368,1517.6092,1518.1697,4092
equity,INE793A01012,2024-08-14,1531.3624,1424.828,1451.5155,25671
equity,INE793A01012,2024-08-16,1525.6284,1458.4999,1487.3,16365
equity,INE793A01012,2024-08-19,1508.9863,1482.9886,1486.912,8158
equity,INE793A01012,2024-08-20,1521.9206,1500.881,1516.1002,9185
equity,INE793A01012,2024-08-21,1528.8188,1510.8403,1525.7146,8884
equity,INE793A01012,2024-08-22,1567.5781,1517.8247,1535.9757,16370
equity,INE793A01012,2024-08-23,1548.0904,1530.5431,1535.0701,7755
equity,INE793A01012,2024-08-26,1561.7577,1534.8547,1542.0547,17534
equity,INE793A01012,2024-08-27,1561.456,1536.5793,1540.5458,9344
equity,INE793A01012,2024-08-28,1586.9792,1501.2257,1548.9528,30292
equity,INE793A01012,2024-08-29,1548.608,1517.6092,1525.4128,9506
equity,INE793A01012,2024-08-30,1532.4402,1509.8486,1514.7635,12080
equity,INE793A01012,2024-09-02,1528.1721,1508.6846,1518.8164,9353
equity,INE793A01012,2024-09-03,1525.3696,1500.3204,1509.6331,11318
equity,INE793A01012,2024-09-04,1531.1467,1494.3275,1508.5983,11125
equity,INE793A01012,2024-09-05,1539.166,1509.4606,1518.7301,15848
equity,INE793A01012,2024-09-06,1588.3161,1509.8488,1544.5123,28149
equity,INE793A01012,2024-09-09,1551.2379,1508.9863,1522.0929,11357
equity,INE793A01012,2024-09-10,1548.1768,1521.0582,1541.451,8366
equity,INE793A01012,2024-09-11,1582.0646,1529.6812,1533.4752,17748
equity,INE793A01012,2024-09-12,1577.1063,1534.8547,1572.2776,19941
equity,INE793A01012,2024-09-13,1619.3578,1554.1696,1581.2882,31393
equity,INE793A01012,2024-09-16,1600.6466,1556.4117,1565.25,20199
equity,INE793A01012,2024-09-17,1573.0536,1523.2571,1533.2163,12569
equity,INE793A01012,2024-09-18,1560.5936,1534.8547,1550.6344,10403
equity,INE793A01012,2024-09-19,1570.1649,1493.1204,1510.366,19607
equity,INE793A01012,2024-09-20,1542.6153,1517.523,1535.2859,11827
equity,INE793A01012,2024-09-23,1614.1842,1551.9709,1598.7926,58211
equity,INE793A01012,2024-09-24,1616.7711,1586.6346,1599.9999,17157
equity,INE793A01012,2024-09-25,1606.4239,1574.6058,1588.6178,18975
equity,INE793A01012,2024-09-26,1638.3279,1582.2799,1600.6033,23586
equity,INE793A01012,2024-09-27,1629.7053,1581.0728,1593.7052,51770
equity,INE793A01012,2024-09-30,1633.7579,1596.2058,1614.443,55686
equity,INE793A01012,2024-10-01,1640.4405,1613.3219,1625.7388,41727
equity,INE793A01012,2024-10-03,1638.2419,1603.0178,1613.1064,38287
equity,INE793A01012,2024-10-04,1611.4763,1542.8372,1566.5833,47294
equity,INE793A01012,2024-10-07,1563.6756,1409.8764,1427.4988,54131
equity,INE793A01012,2024-10-08,1495.2568,1427.4549,1475.652,32926
equity,INE793A01012,2024-10-09,1513.7603,1487.503,1496.8429,10693
equity,INE793A01012,2024-10-10,1625.6623,1533.145,1564.733,99439
equity,INE793A01012,2024-10-11,1571.9142,1544.4673,1557.6841,9603
equity,INE793A01012,2024-10-14,1581.6064,1535.1716,1541.4275,11149
equity,INE793A01012,2024-10-15,1568.2135,1534.9513,1557.0232,12854
equity,INE793A01012,2024-10-16,1564.6891,1504.6848,1540.3701,20011
equity,INE793A01012,2024-10-17,1594.8233,1497.9003,1504.7731,37921
equity,INE793A01012,2024-10-18,1504.0681,1479.3968,1488.6486,8910
equity,INE793A01012,2024-10-21,1491.9087,1437.1032,1453.3158,18414
equity,INE793A01012,2024-10-22,1453.8443,1400.9772,1402.9597,18733
equity,INE793A01012,2024-10-23,1438.8212,1385.1171,1414.8549,19910
equity,INE793A01012,2024-10-24,1423.8424,1396.6159,1404.3257,6910
equity,INE793A01012,2024-10-25,1415.0751,1365.7766,1370.7108,11005
equity,INE793A01012,2024-10-28,1396.5717,1343.7046,1377.6718,21467
equity,INE793A01012,2024-10-29,1383.8396,1341.5459,1368.8606,12708
equity,INE793A01012,2024-10-30,1420.3618,1365.7325,1405.1625,9907
equity,INE793A01012,2024-10-31,1416.3968,1387.9808,1408.3787,43247
equity,INE793A01012,2024-11-01,1440.4074,1414.1941,1434.7682,4425
equity,INE793A01012,2024-11-04,1430.1422,1409.7884,1419.9653,7876
equity,INE793A01012,2024-11-05,1437.2354,1413.5333,1430.2305,6848
equity,INE793A01012,2024-11-06,1439.7465,1401.8584,1429.5255,15191
equity,INE793A01012,2024-11-07,1444.9451,1420.8025,1431.3318,5960
equity,INE793A01012,2024-11-08,1444.0199,1410.8018,1417.4983,4570
equity,INE793A01012,2024-11-11,1424.8997,1382.4739,1391.99,13738
equity,INE793A01012,2024-11-12,1404.8981,1352.736,1358.5955,10412
equity,INE793A01012,2024-11-13,1375.4248,1299.6487,1310.8829,15566
equity,INE793A01012,2024-11-14,1332.1619,1292.3354,1304.8473,10545
equity,INE793A01012,2024-11-18,1337.9774,1284.6698,1314.6719,12449
equity,INE793A01012,2024-11-19,1345.8195,1299.8251,1306.874,12637
equity,INE793A01012,2024-11-21,1315.4647,1271.2326,1283.7004,11547
equity,INE793A01012,2024-11-22,1292.5117,1278.59,1284.3173,9814
equity,INE793A01012,2024-11-25,1304.0102,1275.2418,1283.7445,13229
equity,INE793A01012,2024-11-26,1316.39,1285.4628,1311.4558,27531
equity,INE793A01012,2024-11-27,1365.7326,1317.2711,1348.2424,88922
equity,INE793A01012,2024-11-28,1386.8795,1349.4761,1366.4816,20163
equity,INE793A01012,2024-11-29,1386.7913,1349.7403,1374.4557,10276
equity,INE793A01012,2024-12-02,1403.6207,1365.7327,1398.4221,6551
equity,INE793A01012,2024-12-03,1423.0052,1392.1661,1417.6744,7028
equity,INE793A01012,2024-12-04,1426.5297,1390.1395,1401.594,10512
equity,INE793A01012,2024-12-05,1415.4716,1338.9465,1354.4983,27333
equity,INE793A01012,2024-12-06,1400.9774,1360.446,1385.9984,12183
equity,INE793A01012,2024-12-09,1400.9772,1370.1381,1377.8479,9322
equity,INE793A01012,2024-12-10,1391.1088,1365.5564,1379.3458,8545
equity,INE793A01012,2024-12-11,1409.7884,1373.3101,1403.3562,10516
equity,INE793A01012,2024-12-12,1415.8683,1394.4571,1396.5718,8268
equity,INE793A01012,2024-12-13,1399.1709,1363.9703,1390.536,6229
equity,INE793A01012,2024-12-16,1409.7884,1370.6667,1385.073,9288
equity,INE793A01012,2024-12-17,1406.264,1372.9137,1397.3647,11746
equity,INE793A01012,2024-12-18,1408.9073,1370.6228,1375.557,7557
equity,INE793A01012,2024-12-19,1374.4555,1330.3996,1351.5905,9091
equity,INE793A01012,2024-12-20,1367.0984,1321.6767,1327.2278,9322
equity,INE793A01012,2024-12-23,1343.4844,1305.8166,1320.1788,12741
equity,INE793A01012,2024-12-24,1334.7172,1307.6228,1321.4563,4577
equity,INE793A01012,2024-12-26,1330.4438,1312.9977,1315.553,4419
equity,INE793A01012,2024-12-27,1338.9908,1307.5789,1319.9146,155327
equity,INE793A01012,2024-12-30,1329.8271,1290.8376,1294.318,11486
equity,INE793A01012,2024-12-31,1308.8563,1277.6208,1296.8732,9561
equity,INE793A01012,2025-01-01,1336.6115,1279.9557,1321.4563,8098
equity,INE793A01012,2025-01-02,1370.1381,1321.4564,1354.4983,87158
equity,INE793A01012,2025-01-03,1386.3507,1356.0403,1373.927,13945
equity,INE793A01012,2025-01-06,1392.5626,1327.8445,1335.4662,13036
equity,INE793A01012,2025-01-07,1394.7653,1334.2766,1377.6276,9576
equity,INE793A01012,2025-01-08,1377.6277,1349.8725,1355.4675,4491
equity,INE793A01012,2025-01-09,1387.3641,1335.29,1344.3214,3097
equity,INE793A01012,2025-01-10,1341.0612,1305.8606,1321.4563,46842
equity,INE793A01012,2025-01-13,1318.9453,1277.6209,1284.097,10957
equity,INE793A01012,2025-01-14,1303.2173,1268.8096,1274.5369,14849
equity,INE793A01012,2025-01-15,1289.2957,1259.2496,1269.2502,14187
equity,INE793A01012,2025-01-16,1336.5677,1277.6209,1322.1173,20574
equity,INE793A01012,2025-01-17,1344.6299,1323.7473,1331.2368,5534
equity,INE793A01012,2025-01-20,1348.1103,1326.0823,1328.5935,5642
equity,INE793A01012,2025-01-21,1348.0662,1304.0544,1315.5089,6733
equity,INE793A01012,2025-01-22,1365.6446,1297.0055,1333.1754,13276
equity,INE793A01012,2025-01-23,1387.6282,1312.8654,1322.2933,98156
equity,INE793A01012,2025-01-24,1377.2311,1316.6102,1321.5885,95518
equity,INE793A01012,2025-01-27,1344.0131,1304.9796,1324.0117,44756
equity,INE793A01012,2025-01-28,1339.2991,1282.7314,1305.288,45278
equity,INE793A01012,2025-01-29,1351.6346,1299.6928,1336.964,62264
equity,INE793A01012,2025-01-30,1357.5558,1309.3565,1335.1417,37661
equity,INE793A01012,2025-01-31,1331.406,1304.7551,1315.4154,21141
equity,INE793A01012,2025-02-01,1331.4517,1285.7123,1305.8942,22232
equity,INE793A01012,2025-02-03,1307.4886,1263.0249,1271.4985,19567
equity,INE793A01012,2025-02-04,1299.2882,1275.5985,1281.3843,10463
equity,INE793A01012,2025-02-05,1307.4429,1282.0676,1302.8872,7938
equity,INE793A01012,2025-02-06,1307.9443,1289.3114,1294.4138,3822
equity,INE793A01012,2025-02-07,1309.3109,1268.9929,1278.7421,9341
equity,INE793A01012,2025-02-10,1286.8969,1248.2644,1253.8224,12170
equity,INE793A01012,2025-02-11,1258.8337,1230.9528,1242.5698,8426
equity,INE793A01012,2025-02-12,1238.9252,1197.3316,1211.7277,14152
equity,INE793A01012,2025-02-13,1252.8201,1207.3541,1227.3538,9132
equity,INE793A01012,2025-02-14,1231.5449,1202.7073,1206.4885,11928
equity,INE793A01012,2025-02-17,1210.9077,1172.6397,1184.3024,18415
equity,INE793A01012,2025-02-18,1198.1516,1168.0839,1176.4209,10920
equity,INE793A01012,2025-02-19,1217.8778,1176.4208,1208.6753,19700
equity,INE793A01012,2025-02-20,1243.663,1200.0194,1236.8295,9381
equity,INE793A01012,2025-02-21,1242.9343,1210.9987,1224.6204,7890
equity,INE793A01012,2025-02-24,1226.0781,1195.4181,1216.9667,4655
equity,INE793A01012,2025-02-25,1220.429,1200.7484,1208.0831,5504
equity,INE793A01012,2025-02-27,1219.9279,1189.268,1194.4614,8013
equity,INE793A01012,2025-02-28,1187.2181,1158.9727,1170.8175,15166
equity,INE793A01012,2025-03-03,1188.6756,1130.0437,1144.713,12072
equity,INE793A01012,2025-03-04,1179.0177,1130.3172,1157.1959,8385
equity,INE793A01012,2025-03-05,1207.2631,1157.1503,1197.4227,11274
equity,INE793A01012,2025-03-06,1220.9301,1184.9856,1205.7595,11288
equity,INE793A01012,2025-03-07,1221.7956,1189.9513,1200.9761,16063
equity,INE793A01012,2025-03-10,1215.8278,1189.0402,1199.0627,8438
equity,INE793A01012,2025-03-11,1198.7438,1175.6464,1180.521,7710
equity,INE793A01012,2025-03-12,1194.9169,1161.7514,1165.077,6190
equity,INE793A01012,2025-03-13,1176.2843,1161.706,1163.0271,4505
equity,INE793A01012,2025-03-17,1170.8173,1147.8566,1150.7266,11418
equity,INE793A01012,2025-03-19,1187.8557,1152.5945,1182.6622,11671
equity,INE793A01012,2025-03-20,1207.263,1179.3365,1198.926,20952
equity,INE793A01012,2025-03-21,1211.8187,1199.1994,1204.6663,13993
equity,INE793A01012,2025-03-24,1215.8734,1193.596,1199.6095,18949
equity,INE793A01012,2025-03-25,1219.0623,1189.0402,1192.457,93075
equity,INE793A01012,2025-03-26,1210.361,1175.3731,1182.89,17785
equity,INE793A01012,2025-03-27,1199.655,1168.4028,1171.5918,16347
equity,INE793A01012,2025-03-28,1182.2978,1154.5079,1156.6947,17864
equity,INE793A01012,2025-04-01,1180.84,1156.6947,1163.4827,8847
equity,INE793A01012,2025-04-02,1205.4408,1160.0659,1198.7894,84152
equity,INE793A01012,2025-04-03,1204.6207,1168.0839,1196.7849,6782
equity,INE793A01012,2025-04-04,1196.7393,1159.7926,1177.6053,9019
equity,INE793A01012,2025-04-07,1148.4489,1110.2265,1126.9459,16586
equity,INE793A01012,2025-04-08,1159.8836,1131.2737,1155.6467,5502
equity,INE793A01012,2025-04-09,1148.7221,1136.2395,1142.7997,3133
equity,INE793A01012,2025-04-11,1172.8219,1138.0619,1155.9203,11535
equity,INE793A01012,2025-04-15,1191.7737,1162.6171,1186.5802,6545
equity,INE793A01012,2025-04-16,1219.4723,1187.3089,1208.9941,11883
equity,INE793A01012,2025-04-17,1220.9301,1198.1516,1208.3563,6436
equity,INE793A01012,2025-04-21,1238.9709,1203.1629,1223.8458,13801
equity,INE793A01012,2025-04-22,1246.4422,1222.8436,1226.5792,17627
equity,INE793A01012,2025-04-23,1252.8201,1225.4858,1246.7155,13671
equity,INE793A01012,2025-04-24,1271.043,1250.0867,1260.0182,14987
equity,INE793A01012,2025-04-25,1311.2243,1221.0212,1233.4127,59168
equity,INE793A01012,2025-04-28,1250.1778,1206.2608,1234.2328,12247
equity,INE793A01012,2025-04-29,1257.3759,1238.2419,1248.4467,12949
equity,INE793A01012,2025-04-30,1256.2825,1216.3744,1222.479,5745
equity,INE793A01012,2025-05-02,1234.5974,1202.7074,1206.6254,7154
equity,INE793A01012,2025-05-05,1242.0687,1201.5229,1223.2992,14774
equity,INE793A01012,2025-05-06,1234.3239,1185.3956,1190.2247,10252
equity,INE793A01012,2025-05-07,1198.1517,1170.8174,1193.5959,7969
equity,INE793A01012,2025-05-08,1212.7299,1176.5576,1188.3113,5750
equity,INE793A01012,2025-05-09,1204.5296,1145.2143,1186.2157,5412
equity,INE793A01012,2025-05-12,1244.6199,1206.352,1238.2419,14907
equity,INE793A01012,2025-05-13,1257.3758,1231.4083,1248.72,9898
equity,INE793A01012,2025-05-14,1275.5986,1251.8179,1268.9473,8095
equity,INE793A01012,2025-05-15,1277.4209,1257.3758,1272.1362,7979
equity,INE793A01012,2025-05-16,1284.7102,1239.8821,1258.8337,17196
equity,INE793A01012,2025-05-19,1299.2885,1266.7607,1279.0612,16079
equity,INE793A01012,2025-05-20,1305.6664,1250.2689,1253.9135,22465
equity,INE793A01012,2025-05-21,1281.43,1253.7312,1259.2892,6852
equity,INE793A01012,2025-05-22,1271.7719,1253.7313,1260.0182,5861
equity,INE793A01012,2025-05-23,1278.3322,1261.0205,1272.5009,8691
equity,INE793A01012,2025-05-26,1276.0542,1266.5783,1271.9541,7023
equity,INE793A01012,2025-05-27,1276.0543,1257.5581,1273.5942,4887
equity,INE793A01012,2025-05-28,1276.5099,1265.7584,1273.412,5909
equity,INE793A01012,2025-05-29,1286.7146,1252.9113,1264.2095,75130
equity,INE793A01012,2025-05-30,1284.5281,1263.5718,1272.3187,8929
equity,INE793A01012,2025-06-02,1280.1544,1262.2049,1273.6853,4011
equity,INE793A01012,2025-06-03,1290.177,1267.4895,1286.3502,7560
equity,INE793A01012,2025-06-04,1303.0242,1278.6967,1284.5281,8531
equity,INE793A01012,2025-06-05,1293.7304,1266.4872,1270.6785,11046
equity,INE793A01012,2025-06-06,1290.1769,1262.8427,1276.4187,7403
equity,INE793A01012,2025-06-09,1328.4449,1269.3118,1323.1603,30414
equity,INE793A01012,2025-06-10,1336.6452,1321.1558,1325.4381,12110
equity,INE793A01012,2025-06-11,1337.4653,1302.0218,1308.6732,14877
equity,INE793A01012,2025-06-12,1338.3764,1299.2883,1310.222,24277
equity,INE793A01012,2025-06-13,1302.3863,1277.6032,1282.3412,13672
equity,INE793A01012,2025-06-16,1291.9994,1271.8631,1289.0837,8499
equity,INE793A01012,2025-06-17,1309.9487,1279.3344,1281.9767,8279
equity,INE793A01012,2025-06-18,1302.9329,1276.6919,1286.6234,4398
equity,INE793A01012,2025-06-19,1302.9329,1248.72,1255.2802,14894
equity,INE793A01012,2025-06-20,1275.5987,1239.1531,1250.6334,6082
equity,INE793A01012,2025-06-23,1275.1432,1242.7976,1270.3141,5628
equity,INE793A01012,2025-06-24,1290.268,1258.378,1275.6897,6033
equity,INE793A01012,2025-06-25,1298.1038,1266.6694,1289.3568,6380
equity,INE793A01012,2025-06-26,1302.8418,1276.5098,1285.6212,4695
equity,INE793A01012,2025-06-27,1304.7552,1285.6212,1295.1882,6709
equity,INE793A01012,2025-06-30,1304.6643,1281.1568,1290.7238,9216
equity,INE793A01012,2025-07-01,1307.8532,1280.4278,1294.186,7038
equity,INE793A01012,2025-07-02,1312.0444,1285.5302,1290.5415,8558
equity,INE793A01012,2025-07-03,1298.9239,1286.6234,1293.5481,3776
equity,INE793A01012,2025-07-04,1315.5979,1289.3569,1308.3087,5740
equity,INE793A01012,2025-07-07,1324.8004,1293.8216,1305.0287,6373
equity,INE793A01012,2025-07-08,1325.7115,1296.555,1306.0309,6844
equity,INE793A01012,2025-07-09,1322.978,1291.0881,1293.0925,7918
equity,INE793A01012,2025-07-10,1304.7552,1284.8012,1288.9924,4434
equity,INE793A01012,2025-07-11,1296.9195,1262.8427,1270.0408,10939
equity,INE793A01012,2025-07-14,1275.5986,1257.2847,1263.2982,6370
equity,INE793A01012,2025-07-15,1283.8901,1257.9225,1273.9586,6676
equity,INE793A01012,2025-07-16,1290.0858,1268.5828,1284.9834,6550
equity,INE793A01012,2025-07-17,1295.5527,1277.4209,1289.1747,4228
equity,INE793A01012,2025-07-18,1300.1085,1276.5099,1278.6967,7957
equity,INE793A01012,2025-07-21,1291.0881,1275.5987,1286.7146,4717
equity,INE793A01012,2025-07-22,1299.6528,1276.5098,1288.8102,5582
equity,INE793A01012,2025-07-23,1295.4617,1278.6056,1288.3547,3171
equity,INE793A01012,2025-07-24,1299.6529,1275.6898,1287.7169,5579
equity,INE793A01012,2025-07-25,1294.0949,1261.9316,1274.8698,9764
equity,INE793A01012,2025-07-28,1278.3321,1240.0641,1244.2554,10371
equity,INE793A01012,2025-07-29,1266.1228,1238.6975,1250.7245,5938
equity,INE793A01012,2025-07-30,1290.9059,1247.5354,1282.6144,8686
equity,INE793A01012,2025-07-31,1277.1476,1234.5973,1262.5693,7091
equity,INE793A01012,2025-08-01,1316.6001,1264.2094,1271.863,23039
equity,INE793A01012,2025-08-04,1288.2637,1265.6673,1276.8744,5045
equity,INE793A01012,2025-08-05,1298.3772,1261.0203,1264.6649,6527
equity,INE793A01012,2025-08-06,1276.7832,1258.3781,1269.5852,5131
equity,INE793A01012,2025-08-07,1274.6876,1248.3556,1258.8337,8235
equity,INE793A01012,2025-08-08,1275.5987,1254.2779,1270.1318,4061
equity,INE793A01012,2025-08-11,1282.8879,1257.467,1262.2961,7130
equity,INE793A01012,2025-08-12,1274.1409,1259.1981,1263.1161,4430
equity,INE793A01012,2025-08-13,1278.5143,1254.0047,1268.7651,3992
equity,INE793A01012,2025-08-14,1276.9653,1262.8426,1272.5918,6044
equity,INE793A01012,2025-08-18,1286.3503,1261.9316,1268.583,6997
equity,INE793A01012,2025-08-19,1298.3772,1268.5829,1279.881,82213
equity,INE793A01012,2025-08-20,1293.8216,1280.8834,1288.9014,5764
equity,INE793A01012,2025-08-21,1303.9352,1291.9992,1297.8306,4953
equity,INE793A01012,2025-08-22,1303.9351,1281.4299,1284.4366,4635
equity,INE793A01012,2025-08-25,1330.2672,1282.9789,1305.2108,16719
equity,INE793A01012,2025-08-26,1316.3267,1277.5121,1286.8058,6313
equity,INE793A01012,2025-08-28,1288.1725,1267.6718,1274.5054,5942
equity,INE793A01012,2025-08-29,1285.8035,1266.5785,1274.141,109451
equity,INE793A01012,2025-09-01,1306.5775,1274.5054,1282.3412,9219
equity,INE793A01012,2025-09-02,1302.933,1274.7787,1281.4301,10808
equity,INE793A01012,2025-09-03,1296.4639,1273.7764,1277.6031,6418
equity,INE793A01012,2025-09-04,1302.0218,1278.3321,1280.1544,6005
equity,INE793A01012,2025-09-05,1292.8193,1266.6694,1276.4187,11568
equity,INE793A01012,2025-09-08,1293.8216,1248.1734,1275.9633,17488
equity,INE793A01012,2025-09-09,1291.9081,1276.8743,1279.5166,5115
equity,INE793A01012,2025-09-10,1298.3772,1280.2454,1284.4366,8943
equity,INE793A01012,2025-09-11,1302.0219,1285.6213,1292.7283,9340
equity,INE793A01012,2025-09-12,1299.5617,1284.8923,1289.9948,3950
equity,INE793A01012,2025-09-15,1302.9329,1283.1612,1286.4413,11543
equity,INE793A01012,2025-09-16,1348.3079,1297.5572,1328.0804,41345
equity,INE793A01012,2025-09-17,1344.7545,1317.5113,1322.4315,11887
equity,INE793A01012,2025-09-18,1343.9343,1319.3335,1333.0917,9408
equity,INE793A01012,2025-09-19,1383.1134,1333.9117,1358.057,51360
equity,INE793A01012,2025-09-22,1389.4914,1349.4923,1365.4373,56921
equity,INE793A01012,2025-09-23,1381.0178,1352.1347,1362.1572,24322
equity,INE793A01012,2025-09-24,1365.8017,1351.2234,1356.0525,13319
equity,INE793A01012,2025-09-25,1369.1729,1353.6835,1355.4147,9951
equity,INE793A01012,2025-09-26,1363.8883,1315.6889,1323.3425,26094
equity,INE793A01012,2025-09-29,1347.5789,1325.8026,1328.9916,11812
equity,INE793A01012,2025-09-30,1343.4787,1330.2672,1340.4719,7164
equity,INE793A01012,2025-10-01,1357.328,1342.2031,1353.6835,13108
equity,INE793A01012,2025-10-03,1375.7332,1357.6926,1366.7129,37221
equity,INE793A01012,2025-10-06,1389.4915,1363.0684,1366.1663,40906
equity,INE793A01012,2025-10-07,1378.011,1362.1572,1366.3484,21775
equity,INE793A01012,2025-10-08,1374.0931,1359.7882,1363.3417,17826
equity,INE793A01012,2025-10-09,1374.9131,1362.1571,1366.0751,21450
equity,INE793A01012,2025-10-10,1374.8221,1363.9795,1366.8951,31039
equity,INE793A01012,2025-10-13,1368.5352,1335.7341,1363.1594,19813
equity,INE793A01012,2025-10-14,1368.444,1360.7904,1365.5283,20411
equity,INE793A01012,2025-10-15,1370.2664,1360.426,1366.1663,20050
equity,INE793A01012,2025-10-16,1375.2778,1364.0707,1367.9886,20431
equity,INE793A01012,2025-10-17,1375.8243,1363.2505,1366.4395,20993
equity,INE793A01012,2025-10-20,1374.4575,1363.5238,1366.6217,42025
equity,INE793A01012,2025-10-21,1391.3138,1359.4238,1366.5308,44395
equity,INE793A01012,2025-10-23,1384.9357,1363.0683,1366.2573,117660
equity,INE793A01012,2025-10-24,1355.4921,1322.6345,1338.2676,65420
equity,INE793A01012,2025-10-27,1337.6123,1296.2361,1298.9508,43601
equity,INE793A01012,2025-10-28,1307.7502,1291.8363,1294.9255,14175
equity,INE793A01012,2025-10-29,1312.4307,1291.8362,1307.2821,8397
equity,INE793A01012,2025-10-30,1309.4353,1291.8363,1298.7635,10141
equity,INE793A01012,2025-10-31,1307.6566,1290.9938,1300.1677,15782
equity,INE793A01012,2025-11-03,1305.0356,1294.6447,1302.3208,8059
equity,INE793A01012,2025-11-04,1308.8735,1295.5807,1297.921,8214
equity,INE793A01012,2025-11-06,1296.5169,1259.0724,1264.6891,18375
equity,INE793A01012,2025-11-07,1262.8168,1243.252,1245.9668,16444
equity,INE793A01012,2025-11-10,1253.4557,1238.3843,1251.0219,7861
equity,INE793A01012,2025-11-11,1250.6474,1239.3204,1244.001,7303
equity,INE793A01012,2025-11-12,1263.7529,1239.4139,1256.0768,10195
equity,INE793A01012,2025-11-13,1257.9491,1245.0307,1252.3324,9722
equity,INE793A01012,2025-11-14,1261.2254,1245.0306,1258.1362,6182
equity,INE793A01012,2025-11-17,1266.5612,1251.7706,1262.5359,6408
equity,INE793A01012,2025-11-18,1267.4973,1248.1198,1252.2386,7048
equity,INE793A01012,2025-11-19,1253.4557,1240.8182,1251.7706,5300
equity,INE793A01012,2025-11-20,1256.1705,1233.7974,1240.2566,13409
equity,INE793A01012,2025-11-21,1240.2565,1233.7973,1236.1376,5600
equity,INE793A01012,2025-11-24,1239.1331,1193.5445,1200.2844,18319
equity,INE793A01012,2025-11-25,1221.4406,1198.2249,1214.5133,101324
equity,INE793A01012,2025-11-26,1225.0914,1197.2888,1201.7822,94371
equity,INE793A01012,2025-11-27,1216.9474,1202.7185,1210.2074,9361
equity,INE793A01012,2025-11-28,1216.5728,1206.65,1213.0156,5357
equity,INE793A01012,2025-12-01,1216.9473,1200.1908,1203.9353,8723
equity,INE793A01012,2025-12-02,1235.6695,1201.7823,1233.6101,17211
equity,INE793A01012,2025-12-03,1245.0306,1226.3084,1232.4867,6196
equity,INE793A01012,2025-12-04,1244.9371,1223.5001,1240.7246,5449
equity,INE793A01012,2025-12-05,1240.7246,1226.3084,1235.5759,4464
equity,INE793A01012,2025-12-08,1235.5759,1205.2458,1208.9902,16620
equity,INE793A01012,2025-12-09,1235.6695,1188.9575,1220.3173,13296
equity,INE793A01012,2025-12-10,1224.4361,1198.2249,1203.6544,15329
equity,INE793A01012,2025-12-11,1225.0913,1198.2249,1219.2875,5178
equity,INE793A01012,2025-12-12,1230.8954,1209.5519,1226.1212,5916
equity,INE793A01012,2025-12-15,1232.5803,1216.0112,1219.4747,43785
equity,INE793A01012,2025-12-16,1231.7379,1213.2964,1227.8998,7897
equity,INE793A01012,2025-12-17,1233.2357,1225.3723,1226.4956,4628
equity,INE793A01012,2025-12-18,1230.9889,1217.5088,1228.1805,6555
equity,INE793A01012,2025-12-19,1233.1421,1215.7303,1230.8954,8266
equity,INE793A01012,2025-12-22,1247.8389,1233.61,1245.1241,63045
equity,INE793A01012,2025-12-23,1256.264,1210.7689,1217.4153,162551
equity,INE793A01012,2025-12-24,1224.4361,1213.2028,1216.0111,19770
equity,INE793A01012,2025-12-26,1229.8657,1207.6798,1220.4109,19383
equity,INE793A01012,2025-12-29,1232.8611,1216.8536,1226.7764,9297
equity,INE793A01012,2025-12-30,1238.4778,1224.4361,1231.5505,85303
equity,INE793A01012,2025-12-31,1235.6695,1218.3514,1224.9978,10621
equity,INE793A01012,2026-01-01,1236.8866,1219.7556,1225.6532,16328
equity,INE793A01012,2026-01-02,1234.6398,1219.7556,1225.5594,15831
equity,INE793A01012,2026-01-05,1232.8612,1218.0706,1228.087,6903
equity,INE793A01012,2026-01-06,1231.1761,1220.8789,1225.5594,7193
equity,INE793A01012,2026-01-07,1253.4557,1226.5893,1243.1584,12335
equity,INE793A01012,2026-01-08,1252.894,1233.0484,1242.0352,14089
equity,INE793A01012,2026-01-09,1248.5879,1224.4362,1228.9296,6559
equity,INE793A01012,2026-01-12,1235.1079,1198.225,1222.564,11426
equity,INE793A01012,2026-01-13,1238.2906,1216.9472,1226.7764,6471
equity,INE793A01012,2026-01-14,1263.7529,1220.5981,1256.264,18215
equity,INE793A01012,2026-01-16,1283.8793,1252.4259,1265.8123,22581
equity,INE793A01012,2026-01-19,1289.028,1256.264,1262.0679,18884
equity,INE793A01012,2026-01-20,1263.7529,1232.8611,1248.5879,20069
equity,INE793A01012,2026-01-21,1259.0723,1216.9472,1255.047,15948
equity,INE793A01012,2026-01-22,1264.689,1236.6056,1251.3962,7170
equity,INE793A01012,2026-01-23,1261.7871,1230.0529,1233.9845,6248
equity,INE793A01012,2026-01-27,1238.7587,1221.6278,1224.9042,7117
equity,INE793A01012,2026-01-28,1249.7112,1226.1212,1245.2178,10585
equity,INE793A01012,2026-01-29,1263.6594,1228.6487,1235.9504,12211
equity,INE793A01012,2026-01-30,1216.011,1186.2426,1206.9308,37724
equity,INE793A01012,2026-02-02,1253.4557,1223.5,1232.2059,24201
equity,INE793A01012,2026-02-03,1273.114,1233.7037,1270.6802,50010
equity,INE793A01012,2026-02-04,1310.4649,1273.3012,1289.496,62960
equity,INE793A01012,2026-02-05,1294.1765,1273.114,1278.0754,83054
equity,INE793A01012,2026-02-06,1265.9754,1219.704,1233.4498,44301
equity,INE793A01012,2026-02-09,1226.9641,1162.5909,1172.9486,80558
equity,INE793A01012,2026-02-10,1209.0557,1167.1404,1193.5674,27156
equity,INE793A01012,2026-02-11,1199.0851,1173.239,1177.1111,15615
equity,INE793A01012,2026-02-12,1179.7247,1163.5589,1169.9478,22006
equity,INE793A01012,2026-02-13,1168.2054,1144.2953,1153.4915,23917
equity,INE793A01012,2026-02-16,1151.7491,1130.6462,1135.3895,16384
equity,INE793A01012,2026-02-17,1166.3661,1132.5822,1160.9452,12360
equity,INE793A01012,2026-02-18,1166.6565,1148.1673,1158.2347,9432
equity,INE793A01012,2026-02-19,1165.4949,1144.1985,1151.9426,9932
equity,INE793A01012,2026-02-20,1152.5234,1137.4224,1145.1665,9001
equity,INE793A01012,2026-02-23,1155.8147,1123.1925,1129.0974,13669
equity,INE793A01012,2026-02-24,1151.3618,1108.3818,1127.5486,15709
equity,INE793A01012,2026-02-25,1159.6868,1132.8727,1152.9106,16162
equity,INE793A01012,2026-02-26,1180.0151,1146.1345,1175.5623,14052
equity,INE793A01012,2026-02-27,1175.1751,1156.7828,1158.4283,5689
equity,INE793A01012,2026-03-02,1142.7465,1103.5417,1128.6134,20599
equity,INE793A01012,2026-03-04,1146.1345,1109.5433,1140.2296,15229
equity,INE793A01012,2026-03-05,1170.335,1139.4552,1157.2667,12601
equity,INE793A01012,2026-03-06,1200.3436,1148.0705,1179.6279,14783
equity,INE793A01012,2026-03-09,1170.335,1140.9072,1148.2642,11156
equity,INE793A01012,2026-03-10,1168.9797,1148.0706,1163.1716,10771
equity,INE793A01012,2026-03-11,1192.6962,1160.4612,1187.4689,22263
equity,INE793A01012,2026-03-12,1190.6633,1147.3929,1161.9132,10136
equity,INE793A01012,2026-03-13,1171.2063,1132.5823,1137.0352,12061
equity,INE793A01012,2026-03-16,1143.0369,1104.6065,1127.0646,12843
equity,INE793A01012,2026-03-17,1162.5908,1119.0299,1143.424,18352
equity,INE793A01012,2026-03-18,1166.4629,1134.7119,1158.9124,9192
equity,INE793A01012,2026-03-19,1156.7827,1142.1657,1152.5234,5999
equity,INE793A01012,2026-03-20,1161.6228,1137.7128,1144.0049,7432
equity,INE793A01012,2026-03-23,1129.0974,1093.8615,1101.8961,18033
equity,INE793A01012,2026-03-24,1125.7094,1098.7016,1101.5089,13954
equity,INE793A01012,2026-03-25,1121.1596,1101.5089,1105.7682,9439
equity,INE793A01012,2026-03-27,1105.6712,1061.9168,1067.6282,24878
equity,INE793A01012,2026-03-30,1070.2418,980.0225,991.8323,42936
equity,INE793A01012,2026-04-01,1093.087,1019.324,1079.3412,19009
equity,INE793A01012,2026-04-02,1125.8062,1045.5573,1110.2211,18926
equity,INE793A01012,2026-04-06,1125.8062,1077.5988,1092.2159,19024
equity,INE793A01012,2026-04-07,1103.4449,1084.7621,1087.2789,17141
equity,INE793A01012,2026-04-08,1127.6454,1095.7975,1102.8641,15022
equity,INE793A01012,2026-04-09,1119.3204,1090.8606,1100.1536,8493
equity,INE793A01012,2026-04-10,1118.062,1096.088,1103.3481,12721
equity,INE793A01012,2026-04-13,1107.9946,1080.9868,1091.635,10904
equity,INE793A01012,2026-04-15,1126.6773,1088.1501,1124.0636,25314
equity,INE793A01012,2026-04-16,1146.0377,1106.4457,1128.0326,15868
equity,INE793A01012,2026-04-17,1170.335,1127.7422,1161.3324,16811
equity,INE793A01012,2026-04-20,1176.0464,1142.2625,1157.9443,8204
equity,INE793A01012,2026-04-21,1180.9832,1150.2001,1165.5917,12712
equity,INE793A01012,2026-04-22,1175.2718,1155.4274,1171.6902,7716
equity,INE793A01012,2026-04-23,1172.5614,1159.8803,1164.3333,7033
equity,INE793A01012,2026-04-24,1171.6902,1114.1899,1123.1925,13774
equity,INE793A01012,2026-04-27,1150.0065,1125.0316,1143.908,10023
equity,INE793A01012,2026-04-28,1180.0151,1143.3272,1157.5571,6863
equity,INE793A01012,2026-04-29,1180.9832,1155.8147,1163.2684,10978
equity,INE793A01012,2026-04-30,1141.2944,1119.0299,1121.5468,21833
equity,INE793A01012,2026-05-04,1129.6782,1108.3818,1113.0283,10388
equity,INE793A01012,2026-05-05,1129.6781,1108.7689,1114.1898,11106
equity,INE793A01012,2026-05-06,1134.5183,1114.1899,1122.9021,5683
equity,INE793A01012,2026-05-07,1131.6142,1120.7725,1126.5806,7747
equity,INE793A01012,2026-05-08,1140.3264,1126.5806,1134.9055,11725
equity,INE793A01012,2026-05-11,1142.2625,1118.062,1122.3213,5686
equity,INE793A01012,2026-05-12,1128.7101,1084.1813,1093.3774,12504
equity,INE793A01012,2026-05-13,1108.285,1083.5038,1089.7959,5940
equity,INE793A01012,2026-05-14,1104.9937,1082.2453,1096.572,6361
equity,INE793A01012,2026-05-15,1103.6385,1077.4052,1086.6981,8334
equity,INE793A01012,2026-05-18,1091.9254,1058.0448,1069.0802,10423
equity,INE793A01012,2026-05-19,1086.6981,1068.693,1084.3749,3312
equity,INE793A01012,2026-05-20,1093.087,1065.8857,1071.0162,3568
equity,INE793A01012,2026-05-21,1089.0214,1072.6618,1084.7621,6682
equity,INE793A01012,2026-05-22,1093.8615,1077.502,1086.3109,3788
equity,INE793A01012,2026-05-25,1112.0602,1093.4742,1105.9617,4418
equity,INE793A01012,2026-05-26,1111.1891,1086.3109,1095.0231,8032
equity,INE793A01012,2026-05-27,1107.4137,1084.1813,1093.9583,7683
equity,INE793A01012,2026-05-29,1122.9989,1094.636,1105.7682,9650
equity,INE793A01012,2026-06-01,1118.8364,1096.7655,1104.0256,5353
equity,INE793A01012,2026-06-02,1123.87,1084.1812,1119.1267,7706
equity,INE793A01012,2026-06-03,1127.7421,1075.4691,1107.1233,9530
equity,INE793A01012,2026-06-04,1119.5139,1096.475,1109.3497,5792
equity,INE793A01012,2026-06-05,1116.7067,1081.2772,1084.5685,7040
equity,INE793A01012,2026-06-08,1089.9894,1064.8209,1072.8555,5581
equity,INE793A01012,2026-06-09,1089.0214,1065.7889,1082.342,6423
equity,INE793A01012,2026-06-10,1101.4121,1061.5296,1084.2781,5903
equity,INE793A01012,2026-06-11,1112.0603,1068.0155,1073.7267,2786
equity,INE793A01012,2026-06-12,1088.5373,1069.661,1081.6644,4516
equity,INE793A01012,2026-06-15,1094.8295,1078.4699,1080.2124,6929
equity,INE793A01012,2026-06-16,1098.2175,1069.7578,1078.2764,9013
equity,INE793A01012,2026-06-17,1096.6688,1070.145,1088.1501,6933
equity,INE793A01012,2026-06-18,1120.966,1083.2132,1105.0905,9749
equity,INE793A01012,2026-06-19,1103.5417,1081.374,1091.635,6718
equity,INE793A01012,2026-06-22,1103.5417,1084.5686,1086.4078,7246
equity,INE793A01012,2026-06-23,1108.3818,1068.693,1074.5011,7999
equity,INE793A01012,2026-06-24,1080.2125,1064.0465,1069.2738,7661
equity,INE793A01012,2026-06-25,1079.1476,1064.8209,1067.5314,5274
equity,INE793A01012,2026-06-29,1076.4371,1062.2073,1065.2081,4364
equity,INE793A01012,2026-06-30,1071.7906,1061.1424,1062.9817,4531
equity,INE793A01012,2026-07-01,1089.0214,1062.8849,1065.7889,4479
equity,INE793A01012,2026-07-02,1079.3412,1064.8209,1071.2098,5002
equity,INE793A01012,2026-07-03,1095.3135,1068.8865,1089.9894,9145
equity,INE793A01012,2026-07-06,1094.7327,1069.661,1073.5331,6473
equity,INE793A01012,2026-07-07,1087.0854,1059.9809,1073.2427,7480
equity,INE793A01012,2026-07-08,1076.4371,1058.2383,1060.2712,7397
equity,INE793A01012,2026-07-09,1074.3075,1051.1718,1058.3352,6226
equity,INE793A01012,2026-07-10,1088.8278,1055.1407,1073.4363,7602
equity,INE793A01012,2026-07-13,1101.5088,1056.3022,1094.7327,12151
equity,INE793A01012,2026-07-14,1098.6047,1064.8209,1073.3395,7533
equity,INE793A01012,2026-07-15,1084.1813,1065.8857,1075.8563,4723
equity,INE793A01012,2026-07-16,1093.8614,1074.5978,1090.3766,5466
equity,INE793A01012,2026-07-17,1117.094,1084.1813,1113.9963,14860
equity,INE793A01012,2026-07-20,1131.0335,1090.9574,1121.8373,11235
equity,INE793A01012,2026-07-21,1125.1285,1105.0904,1111.7698,5477
equity,INE793A01012,2026-07-22,1117.7715,1086.6013,1092.0222,8151
equity,INE793A01012,2026-07-23,1113.2219,1085.0526,1109.1563,4777
equity,INE793A01012,2026-07-24,1126.6774,1098.7016,1121.8373,7198
equity,INE793A01012,2026-07-27,1142.2625,1113.2219,1123.2893,21267
equity,INE793A01012,2026-07-28,1141.2944,1115.7387,1122.8053,11993
equity,INE793A01012,2026-07-29,1137.4223,1113.2219,1127.5486,6856
equity,INE793A01012,2026-07-30,1127.7421,1103.6384,1105.9617,9490
equity,INE793A01012,2026-07-31,1122.902,1096.3783,1106.0585,6364
equity,INE793A01012,2026-08-03,1122.9021,1099.1856,1105.381,4889
equity,INE793A01012,2026-08-04,1117.2874,1096.2815,1102.5736,8009
equity,INE793A01012,2026-08-05,1116.0291,1099.2823,1101.7024,3437
equity,INE793A01012,2026-08-06,1110.705,1096.7655,1100.8312,5880
equity,INE793A01012,2026-08-07,1115.0611,1097.7335,1107.0265,4003
equity,INE793A01012,2026-08-10,1122.902,1093.8615,1107.0265,8289
equity,INE793A01012,2026-08-11,1118.0619,1105.2841,1109.9305,5032
equity,INE793A01012,2026-08-12,1112.9314,1103.5417,1105.7682,3732
equity,INE793A01012,2026-08-13,1112.2538,1094.9262,1097.6367,4591
equity,INE793A01012,2026-08-14,1111.189,1094.4423,1103.2512,3790
equity,INE793A01012,2026-08-17,1122.2245,1094.9263,1098.024,3732
equity,INE793A01012,2026-08-18,1103.5417,1089.9894,1094.636,4118
equity,INE793A01012,2026-08-19,1099.6696,1091.0542,1098.3143,3446
equity,INE793A01012,2026-08-20,1105.4777,1094.9262,1103.0576,3221
equity,INE793A01012,2026-08-21,1112.2538,1094.9263,1102.1864,5543
equity,INE793A01012,2026-08-24,1113.2218,1092.3127,1100.7344,5405
equity,INE793A01012,2026-08-25,1106.1553,1093.8615,1098.5081,2637
equity,INE793A01012,2026-08-26,1105.4778,1092.8935,1095.604,3279
equity,INE793A01012,2026-08-27,1108.4785,1092.0222,1098.6047,4730
equity,INE793A01012,2026-08-28,1107.4137,1083.9877,1097.8303,7211
equity,INE793A01012,2026-08-31,1105.4777,1086.1173,1091.8286,4779
equity,INE793A01012,2026-09-01,1109.5434,1085.1494,1096.088,7470
equity,INE793A01012,2026-09-02,1107.2202,1089.6022,1098.7983,4566
equity,INE793A01012,2026-09-03,1105.4777,1089.0214,1093.4742,4291
equity,INE793A01012,2026-09-04,1102.7672,1089.6989,1094.8295,2359
equity,INE793A01012,2026-09-07,1099.476,1084.1813,1091.0542,5455
equity,INE793A01012,2026-09-08,1096.7655,1085.1493,1088.4406,4962
equity,INE793A01012,2026-09-09,1095.2167,1079.3412,1084.0845,4845
equity,INE793A01012,2026-09-10,1092.6999,1074.5011,1082.342,5259
equity,INE793A01012,2026-09-11,1085.0525,1075.5659,1082.6324,5762
equity,INE793A01012,2026-09-15,1089.9894,1072.5651,1076.6307,5132
equity,INE793A01012,2026-09-16,1082.6325,1070.7258,1080.406,5452
equity,INE793A01012,2026-09-17,1089.6989,1079.438,1086.1173,4835
equity,INE793A01012,2026-09-18,1095.7975,1081.2772,1087.0853,3559
equity,INE793A01012,2026-09-21,1089.0213,1079.5347,1084.0845,7474
equity,INE793A01012,2026-09-22,1089.0213,1079.8251,1083.0197,4271
equity,INE793A01012,2026-09-23,1089.0214,1078.47,1088.6342,4790
equity,INE793A01012,2026-09-24,1088.6341,1079.3412,1085.0525,5200
equity,INE793A01012,2026-09-25,1094.7327,1073.1458,1074.5011,10220
equity,INE793A01012,2026-09-28,1086.0205,1053.3014,1064.7241,12881
equity,INE793A01012,2026-09-29,1073.2426,1050.3006,1060.368,9213
equity,INE793A01012,2026-09-30,1076.3403,1050.4942,1055.4312,8286
equity,INE793A01012,2026-10-01,1105.3809,1054.6567,1059.2063,41701
equity,INE793A01012,2026-10-05,1093.8614,1061.336,1069.9514,45159
equity,INE793A01012,2026-10-06,1089.0214,1055.1407,1062.4009,64134
equity,INE793A01012,2026-10-07,1073.0491,1061.9169,1064.9177,50002
equity,INE793A01012,2026-10-08,1074.4043,1055.1407,1059.4,44431
equity,INE127B01011,2023-10-05,362.7522,354.4187,360.9874,5251
equity,INE127B01011,2023-10-06,365.2032,356.4285,359.3697,5292
equity,INE127B01011,2023-10-09,357.3599,347.5558,348.7323,7827
equity,INE127B01011,2023-10-10,359.5168,349.2715,352.9481,5855
equity,INE127B01011,2023-10-11,369.4189,358.0952,364.2718,7366
equity,INE127B01011,2023-10-12,368.4385,358.5854,362.1149,4655
equity,INE127B01011,2023-10-13,366.9679,359.3207,363.8306,5326
equity,INE127B01011,2023-10-16,388.2429,365.7424,384.8114,38662
equity,INE127B01011,2023-10-17,398.047,379.4682,382.3114,28614
equity,INE127B01011,2023-10-18,386.0859,371.3798,379.9094,11011
equity,INE127B01011,2023-10-19,403.7824,372.5563,395.9881,28691
equity,INE127B01011,2023-10-20,400.9882,382.5074,387.8997,9808
equity,INE127B01011,2023-10-23,395.1057,350.8402,360.1541,21348
equity,INE127B01011,2023-10-25,370.7425,355.6932,367.164,7820
equity,INE127B01011,2023-10-26,387.7526,345.4479,372.9975,15850
equity,INE127B01011,2023-10-27,390.2037,368.8307,380.2525,14151
equity,INE127B01011,2023-10-30,389.1743,362.7522,368.0954,14764
equity,INE127B01011,2023-10-31,386.6742,368.0954,377.1642,5777
equity,INE127B01011,2023-11-01,385.0565,372.5563,377.0662,4917
equity,INE127B01011,2023-11-02,389.1742,377.0662,378.0466,4447
equity,INE127B01011,2023-11-03,390.6938,377.1642,385.9879,10724
equity,INE127B01011,2023-11-06,404.9099,382.8016,384.6644,16644
equity,INE127B01011,2023-11-07,404.9098,383.831,399.6156,47129
equity,INE127B01011,2023-11-08,411.6746,374.8602,378.8799,57471
equity,INE127B01011,2023-11-09,416.6258,382.3604,401.1353,106216
equity,INE127B01011,2023-11-10,405.7922,393.6841,402.8019,28264
equity,INE127B01011,2023-11-13,402.5078,387.2624,396.8214,27174
equity,INE127B01011,2023-11-15,409.8119,394.7626,405.6942,70859
equity,INE127B01011,2023-11-16,486.8232,405.9883,486.8232,1212925
equity,INE127B01011,2023-11-17,508.6374,461.7737,466.6758,701546
equity,INE127B01011,2023-11-20,477.4603,460.7443,465.2051,69475
equity,INE127B01011,2023-11-21,485.7938,456.9206,461.4796,112389
equity,INE127B01011,2023-11-22,461.4796,446.6754,449.4695,32893
equity,INE127B01011,2023-11-23,463.1953,449.5185,459.8129,41563
equity,INE127B01011,2023-11-24,482.4604,460.9894,474.6171,89964
equity,INE127B01011,2023-11-28,480.4015,466.3816,474.47,26711
equity,INE127B01011,2023-11-29,478.4407,464.7149,467.4601,13627
equity,INE127B01011,2023-11-30,471.5778,455.8912,464.862,14531
equity,INE127B01011,2023-12-01,469.617,455.8913,460.4012,18599
equity,INE127B01011,2023-12-04,482.3623,460.6952,478.9309,81899
equity,INE127B01011,2023-12-05,491.186,471.5778,481.3329,73525
equity,INE127B01011,2023-12-06,486.6761,469.666,473.3916,24686
equity,INE127B01011,2023-12-07,495.0587,471.4798,482.9016,39694
equity,INE127B01011,2023-12-08,490.2056,471.7739,478.3917,33955
equity,INE127B01011,2023-12-11,482.3623,460.7933,463.7345,28533
equity,INE127B01011,2023-12-12,472.019,454.9108,457.9991,12139
equity,INE127B01011,2023-12-13,471.3327,451.9696,460.9894,18404
equity,INE127B01011,2023-12-14,468.6366,455.9402,458.5873,16929
equity,INE127B01011,2023-12-15,463.7345,454.1265,461.5776,6205
equity,INE127B01011,2023-12-18,465.6953,450.3519,452.5578,16060
equity,INE127B01011,2023-12-19,481.1368,452.95,467.9993,28928
equity,INE127B01011,2023-12-20,473.5876,441.1851,447.6068,19736
equity,INE127B01011,2023-12-21,468.0483,443.1459,453.3912,19708
equity,INE127B01011,2023-12-22,457.803,446.0871,450.45,8609
equity,INE127B01011,2023-12-26,462.7541,437.2144,444.9106,33234
equity,INE127B01011,2023-12-27,460.4992,442.3126,446.8224,17035
equity,INE127B01011,2023-12-28,454.4206,444.1263,446.7244,12276
equity,INE127B01011,2023-12-29,455.254,441.9204,449.4205,12161
equity,INE127B01011,2024-01-01,476.9701,450.2049,468.0974,42978
equity,INE127B01011,2024-01-02,476.4798,460.7933,462.8031,19580
equity,INE127B01011,2024-01-03,481.3329,460.9894,471.0876,17082
equity,INE127B01011,2024-01-04,478.4407,464.7149,470.8425,16331
equity,INE127B01011,2024-01-05,478.3426,463.6365,473.0484,33311
equity,INE127B01011,2024-01-08,484.3232,469.617,478.8329,33835
equity,INE127B01011,2024-01-09,482.3623,464.0777,476.5289,28097
equity,INE127B01011,2024-01-10,488.2448,468.1954,480.7936,10855
equity,INE127B01011,2024-01-11,490.1075,473.8818,487.5095,47708
equity,INE127B01011,2024-01-12,487.2644,476.4799,482.2643,10122
equity,INE127B01011,2024-01-15,502.902,469.2739,482.6075,32109
equity,INE127B01011,2024-01-16,499.8627,471.5778,477.5093,50723
equity,INE127B01011,2024-01-17,492.1665,458.8325,469.8131,30882
equity,INE127B01011,2024-01-18,478.4407,464.7149,471.9209,22966
equity,INE127B01011,2024-01-19,483.8329,467.6071,471.1366,15223
equity,INE127B01011,2024-01-23,473.6367,449.4205,453.4402,19642
equity,INE127B01011,2024-01-24,459.8129,449.0284,453.2932,8108
equity,INE127B01011,2024-01-25,476.0387,451.2343,470.4503,24600
equity,INE127B01011,2024-01-29,474.519,461.8227,472.6563,8669
equity,INE127B01011,2024-01-30,475.4995,464.1267,474.6171,15994
equity,INE127B01011,2024-01-31,483.1466,464.96,468.6366,16761
equity,INE127B01011,2024-02-01,479.4211,464.7149,473.1465,11072
equity,INE127B01011,2024-02-02,478.4407,467.6072,473.0974,13862
equity,INE127B01011,2024-02-05,473.0975,456.1363,458.6854,12151
equity,INE127B01011,2024-02-06,464.7149,452.901,454.9598,8580
equity,INE127B01011,2024-02-07,460.7933,442.3616,444.7145,18227
equity,INE127B01011,2024-02-08,459.2737,439.6655,447.7538,24375
equity,INE127B01011,2024-02-09,450.9402,411.7727,416.5767,38816
equity,INE127B01011,2024-02-12,422.9004,404.1745,408.5864,32647
equity,INE127B01011,2024-02-13,438.4889,390.7919,427.2632,81923
equity,INE127B01011,2024-02-14,448.3911,421.6258,423.3906,50089
equity,INE127B01011,2024-02-15,444.1263,416.0375,436.5771,23704
equity,INE127B01011,2024-02-16,449.6166,432.0182,435.7928,25804
equity,INE127B01011,2024-02-19,463.2443,431.4299,434.7634,31199
equity,INE127B01011,2024-02-20,443.1459,424.6161,428.6358,16400
equity,INE127B01011,2024-02-21,498.294,431.0378,474.9112,243130
equity,INE127B01011,2024-02-22,488.2448,462.9992,474.3229,107428
equity,INE127B01011,2024-02-23,485.3526,468.2934,479.274,41026
equity,INE127B01011,2024-02-26,526.824,480.2054,496.6273,338787
equity,INE127B01011,2024-02-27,500.696,481.9702,484.2741,35771
equity,INE127B01011,2024-02-28,486.5291,463.5875,466.8228,43366
equity,INE127B01011,2024-02-29,488.686,465.6954,468.5385,36354
equity,INE127B01011,2024-03-01,547.8539,470.1563,535.8438,812537
equity,INE127B01011,2024-03-04,557.2658,526.4808,529.4711,247120
equity,INE127B01011,2024-03-05,548.0499,526.2358,532.0202,151585
equity,INE127B01011,2024-03-06,533.0496,493.6861,498.8332,131890
equity,INE127B01011,2024-03-07,526.2847,498.245,514.863,110387
equity,INE127B01011,2024-03-11,519.4219,485.6467,492.1174,52939
equity,INE127B01011,2024-03-12,509.1276,468.1954,483.5879,59297
equity,INE127B01011,2024-03-13,486.284,431.3809,443.44,70470
equity,INE127B01011,2024-03-14,475.4995,432.6065,465.2542,58600
equity,INE127B01011,2024-03-15,474.9112,450.548,465.4502,46866
equity,INE127B01011,2024-03-18,548.0498,464.7149,541.4811,317237
equity,INE127B01011,2024-03-19,552.9519,518.8827,529.7652,183768
equity,INE127B01011,2024-03-20,534.128,498.6862,506.2844,72595
equity,INE127B01011,2024-03-21,598.0509,511.0884,583.0996,467476
equity,INE127B01011,2024-03-22,672.5622,588.2468,651.3362,1674787
equity,INE127B01011,2024-03-26,752.9558,619.963,725.5533,638823
equity,INE127B01011,2024-03-27,783.7408,679.9642,734.181,551000
equity,INE127B01011,2024-03-28,767.8091,718.6904,754.3774,144220
equity,INE127B01011,2024-04-01,806.6334,757.8089,790.1135,128116
equity,INE127B01011,2024-04-02,825.9965,768.0542,814.5256,117060
equity,INE127B01011,2024-04-03,879.4289,803.9372,869.0856,130003
equity,INE127B01011,2024-04-04,913.4492,863.7423,901.0959,131839
equity,INE127B01011,2024-04-05,907.9588,845.1145,853.546,128376
equity,INE127B01011,2024-04-08,891.9782,856.8305,868.8405,41627
equity,INE127B01011,2024-04-09,887.8114,825.8494,843.1537,79823
equity,INE127B01011,2024-04-10,862.7619,815.1139,834.0848,40457
equity,INE127B01011,2024-04-12,881.3898,834.0849,859.4285,53861
equity,INE127B01011,2024-04-15,901.243,795.3586,858.2029,112630
equity,INE127B01011,2024-04-16,943.9889,852.9577,943.9889,78538
equity,INE127B01011,2024-04-18,1038.3535,925.5572,1038.3535,107896
equity,INE127B01011,2024-04-19,1142.179,1010.0195,1140.6593,346706
equity,INE127B01011,2024-04-22,1197.6703,1175.9542,1197.6703,32673
equity,INE127B01011,2024-04-23,1255.3675,1137.8163,1137.8163,190780
equity,INE127B01011,2024-04-24,1107.2765,1080.9525,1080.9525,13648
equity,INE127B01011,2024-04-25,1134.973,1026.9316,1134.973,71313
equity,INE127B01011,2024-04-26,1175.9052,1089.2369,1102.4233,29969
equity,INE127B01011,2024-04-29,1136.2966,1058.8442,1082.472,30131
equity,INE127B01011,2024-04-30,1112.7667,1039.2359,1046.0988,18996
equity,INE127B01011,2024-05-02,1098.4037,1053.9421,1094.6292,31714
equity,INE127B01011,2024-05-03,1107.8648,1053.9421,1072.8641,23767
equity,INE127B01011,2024-05-06,1102.9626,1049.04,1067.4227,14824
equity,INE127B01011,2024-05-07,1083.3544,1014.0883,1020.559,28058
equity,INE127B01011,2024-05-08,1019.5297,979.4308,997.9116,18839
equity,INE127B01011,2024-05-09,1007.8627,948.0086,952.5185,13973
equity,INE127B01011,2024-05-10,999.9705,921.5866,959.0873,25528
equity,INE127B01011,2024-05-13,987.2742,941.1948,965.1169,9135
equity,INE127B01011,2024-05-14,1013.353,960.803,1013.353,12118
equity,INE127B01011,2024-05-15,1063.9913,1039.2359,1060.7069,16926
equity,INE127B01011,2024-05-16,1112.7667,1063.8442,1108.502,17613
equity,INE127B01011,2024-05-17,1154.9244,1113.7471,1135.4633,17487
equity,INE127B01011,2024-05-21,1166.6895,1098.0607,1112.5217,16447
equity,INE127B01011,2024-05-22,1135.3162,1088.2565,1100.6096,12036
equity,INE127B01011,2024-05-23,1125.5121,1088.2565,1098.5017,6466
equity,INE127B01011,2024-05-24,1122.4238,1058.8442,1070.364,8937
equity,INE127B01011,2024-05-27,1078.4523,1016.8825,1029.6278,16562
equity,INE127B01011,2024-05-28,1048.991,996.0978,1008.6472,14256
equity,INE127B01011,2024-05-29,1034.3339,975.5092,991.784,10318
equity,INE127B01011,2024-05-30,1018.9414,970.6071,976.8818,8444
equity,INE127B01011,2024-05-31,994.137,936.3908,948.0087,16343
equity,INE127B01011,2024-06-03,995.3625,950.9989,956.1951,19664
equity,INE127B01011,2024-06-04,977.47,908.4001,908.9393,25545
equity,INE127B01011,2024-06-05,921.5375,863.4972,872.517,18182
equity,INE127B01011,2024-06-06,916.0963,886.2918,916.0963,3303
equity,INE127B01011,2024-06-07,961.8814,949.0871,961.8814,9725
equity,INE127B01011,2024-06-10,1009.9706,962.8128,1009.9706,14338
equity,INE127B01011,2024-06-11,1051.9812,998.0586,1011.8824,9652
equity,INE127B01011,2024-06-12,1020.1179,980.4113,989.333,9127
equity,INE127B01011,2024-06-13,1018.5492,981.3916,993.3036,7340
equity,INE127B01011,2024-06-14,1020.6081,960.803,994.5292,9714
equity,INE127B01011,2024-06-18,990.2154,944.8223,963.8914,48856
equity,INE127B01011,2024-06-19,975.5092,941.2928,950.1165,13322
equity,INE127B01011,2024-06-20,969.6267,932.4201,955.95,8258
equity,INE127B01011,2024-06-21,965.5089,936.93,957.7147,8528
equity,INE127B01011,2024-06-24,964.5286,917.6649,942.4693,12777
equity,INE127B01011,2024-06-25,948.4498,931.4397,933.8417,9410
equity,INE127B01011,2024-06-26,975.5092,933.8417,941.5379,15470
equity,INE127B01011,2024-06-27,958.8422,936.2927,942.3223,7029
equity,INE127B01011,2024-06-28,958.8422,936.2928,954.5284,28170
equity,INE127B01011,2024-07-01,1002.2254,968.6463,1002.2254,23662
equity,INE127B01011,2024-07-02,1043.1575,990.6075,1001.8332,23364
equity,INE127B01011,2024-07-03,1027.471,980.4113,988.8428,10827
equity,INE127B01011,2024-07-04,1027.471,990.2154,1004.8725,10670
equity,INE127B01011,2024-07-05,1018.1571,980.4112,986.3917,5817
equity,INE127B01011,2024-07-08,1002.7646,971.5875,978.4014,14165
equity,INE127B01011,2024-07-09,999.0391,971.3425,984.7741,9921
equity,INE127B01011,2024-07-10,999.0391,950.9989,965.8031,14000
equity,INE127B01011,2024-07-11,980.4113,933.3515,955.7539,8496
equity,INE127B01011,2024-07-12,975.5092,950.9989,951.6852,3898
equity,INE127B01011,2024-07-15,968.5483,927.4691,939.332,8515
equity,INE127B01011,2024-07-16,939.332,919.6258,922.2729,6303
equity,INE127B01011,2024-07-18,948.0576,912.4687,936.4398,9966
equity,INE127B01011,2024-07-19,941.1948,897.1253,915.361,6228
equity,INE127B01011,2024-07-22,929.4299,882.3701,889.9193,6740
equity,INE127B01011,2024-07-23,926.4887,852.9578,909.9688,6417
equity,INE127B01011,2024-07-24,936.1947,877.4681,900.9489,5313
equity,INE127B01011,2024-07-25,924.92,893.1546,907.4196,3696
equity,INE127B01011,2024-07-26,927.469,901.9783,915.7041,6716
equity,INE127B01011,2024-07-29,961.3912,925.4592,957.2736,15624
equity,INE127B01011,2024-07-30,990.2154,955.901,957.9598,14097
equity,INE127B01011,2024-07-31,1005.8039,940.2144,990.1173,14897
equity,INE127B01011,2024-08-01,1004.8725,953.0578,956.6363,13348
equity,INE127B01011,2024-08-02,973.3522,935.7535,945.2635,8473
equity,INE127B01011,2024-08-05,944.087,898.0077,911.0471,13197
equity,INE127B01011,2024-08-06,937.2242,892.1743,899.7234,9895
equity,INE127B01011,2024-08-07,923.3513,883.3505,903.9391,7032
equity,INE127B01011,2024-08-08,928.8416,896.0959,908.1059,8708
equity,INE127B01011,2024-08-09,936.9791,902.6157,908.9393,5733
equity,INE127B01011,2024-08-12,954.2832,882.3701,946.587,21450
equity,INE127B01011,2024-08-13,993.1076,908.8412,925.018,16874
equity,INE127B01011,2024-08-14,949.6753,906.9294,919.1845,5723
equity,INE127B01011,2024-08-16,945.7047,912.1747,918.0081,5861
equity,INE127B01011,2024-08-19,929.3808,906.0961,911.2432,9437
equity,INE127B01011,2024-08-20,940.8517,911.7825,921.6846,6269
equity,INE127B01011,2024-08-21,967.7639,967.7639,967.7639,8308
equity,INE127B01011,2024-08-22,1016.1472,991.1958,998.7939,34355
equity,INE127B01011,2024-08-23,1024.4317,992.1762,1001.8332,11574
equity,INE127B01011,2024-08-26,1019.5296,970.7051,992.8134,15169
equity,INE127B01011,2024-08-27,1018.059,988.3035,1008.8431,15659
equity,INE127B01011,2024-08-28,1044.138,1000.0195,1022.569,22450
equity,INE127B01011,2024-08-29,1035.1672,992.7154,1007.0294,19881
equity,INE127B01011,2024-08-30,1014.7256,975.8033,1004.8235,8859
equity,INE127B01011,2024-09-02,1019.1375,954.5775,957.9108,17959
equity,INE127B01011,2024-09-03,970.6071,910.704,913.3021,21471
equity,INE127B01011,2024-09-04,921.5866,867.9091,874.4288,15948
equity,INE127B01011,2024-09-05,909.8217,852.9578,895.2626,9457
equity,INE127B01011,2024-09-06,908.6451,854.4774,866.1933,14250
equity,INE127B01011,2024-09-09,887.2722,852.9578,867.811,4453
equity,INE127B01011,2024-09-10,894.6253,833.3496,844.4772,7527
equity,INE127B01011,2024-09-11,871.5855,845.0654,860.5069,5314
equity,INE127B01011,2024-09-12,882.3702,850.0166,855.1638,4649
equity,INE127B01011,2024-09-13,882.3701,838.2516,865.8502,7269
equity,INE127B01011,2024-09-16,882.3701,852.9578,866.4874,5337
equity,INE127B01011,2024-09-17,880.3113,857.8598,863.7423,2973
equity,INE127B01011,2024-09-18,878.8897,848.0557,850.5558,2956
equity,INE127B01011,2024-09-19,877.5748,843.1108,863.2271,3569
equity,INE127B01011,2024-09-20,869.7353,848.2878,851.6405,2929
equity,INE127B01011,2024-09-23,887.485,841.3851,884.7239,7310
equity,INE127B01011,2024-09-24,885.5128,850.26,867.2701,4028
equity,INE127B01011,2024-09-25,880.4344,861.8958,866.6291,4965
equity,INE127B01011,2024-09-26,871.7075,838.1802,845.3787,5044
equity,INE127B01011,2024-09-27,866.777,845.3788,856.9654,2217
equity,INE127B01011,2024-09-30,882.5545,852.6266,865.2486,3378
equity,INE127B01011,2024-10-01,906.2208,862.8326,886.8934,5901
equity,INE127B01011,2024-10-03,892.4155,855.4369,862.5861,6086
equity,INE127B01011,2024-10-04,878.6102,851.4926,861.2549,1987
equity,INE127B01011,2024-10-07,862.8327,833.5949,842.4698,5695
equity,INE127B01011,2024-10-08,847.9427,819.4938,843.6038,2479
equity,INE127B01011,2024-10-09,885.7593,843.1107,860.4659,7152
equity,INE127B01011,2024-10-10,876.638,857.9022,862.9313,2685
equity,INE127B01011,2024-10-11,871.6582,844.0969,854.4016,5312
equity,INE127B01011,2024-10-14,866.6784,828.3193,832.7075,7856
equity,INE127B01011,2024-10-15,852.9717,819.4445,821.9097,4941
equity,INE127B01011,2024-10-16,843.9489,788.8756,797.1094,10007
equity,INE127B01011,2024-10-17,818.1626,801.6948,804.3573,8422
equity,INE127B01011,2024-10-18,826.3472,785.9173,812.8376,3474
equity,INE127B01011,2024-10-21,825.3118,789.8617,791.1929,3275
equity,INE127B01011,2024-10-22,807.6113,752.39,763.0399,5409
equity,INE127B01011,2024-10-23,789.8124,724.9273,768.2169,15394
equity,INE127B01011,2024-10-24,803.6177,737.5987,744.452,9694
equity,INE127B01011,2024-10-25,757.3205,709.0019,722.2649,5377
equity,INE127B01011,2024-10-28,748.3471,700.1763,734.7883,3884
equity,INE127B01011,2024-10-29,737.5986,701.1131,721.7225,2460
equity,INE127B01011,2024-10-30,757.7643,702.7896,757.222,3293
equity,INE127B01011,2024-10-31,788.8756,734.6404,786.5583,6296
equity,INE127B01011,2024-11-01,798.7365,764.2232,779.8035,2527
equity,INE127B01011,2024-11-04,782.4659,759.2927,782.4659,4573
equity,INE127B01011,2024-11-05,821.5646,745.0437,821.3181,10191
equity,INE127B01011,2024-11-06,860.8605,793.313,856.0779,7238
equity,INE127B01011,2024-11-07,898.8744,856.0779,882.7518,12802
equity,INE127B01011,2024-11-08,900.107,839.2156,878.265,4577
equity,INE127B01011,2024-11-11,857.9022,834.3838,841.2865,4308
equity,INE127B01011,2024-11-12,846.3649,801.2511,809.0905,3719
equity,INE127B01011,2024-11-13,812.4432,774.0842,774.4293,6134
equity,INE127B01011,2024-11-14,804.6531,759.2927,764.8642,2137
equity,INE127B01011,2024-11-18,764.2232,727.7377,737.3029,7224
equity,INE127B01011,2024-11-19,759.2927,724.7794,742.184,1379
equity,INE127B01011,2024-11-21,760.2789,716.8907,744.1563,2708
equity,INE127B01011,2024-11-22,774.0841,729.6113,770.6821,3144
equity,INE127B01011,2024-11-25,792.82,745.4874,768.5621,2847
equity,INE127B01011,2024-11-26,806.0336,774.0841,790.2067,2803
equity,INE127B01011,2024-11-27,807.6113,783.945,787.0513,1882
equity,INE127B01011,2024-11-28,813.528,779.0639,801.9413,1291
equity,INE127B01011,2024-11-29,823.3889,779.0146,813.873,4055
equity,INE127B01011,2024-12-02,833.2498,791.8339,832.5103,2849
equity,INE127B01011,2024-12-03,850.9995,823.5368,840.4483,2691
equity,INE127B01011,2024-12-04,868.7492,834.2359,859.6771,2228
equity,INE127B01011,2024-12-05,892.4154,842.1246,873.2359,3875
equity,INE127B01011,2024-12-06,885.5128,859.7758,873.3839,1660
equity,INE127B01011,2024-12-09,872.6936,843.16,847.9426,3763
equity,INE127B01011,2024-12-10,851.8377,829.7985,846.0198,2925
equity,INE127B01011,2024-12-11,872.6935,850.0134,854.6973,3203
equity,INE127B01011,2024-12-12,872.3977,838.3282,863.9173,1049
equity,INE127B01011,2024-12-13,862.8326,840.1524,850.2599,1254
equity,INE127B01011,2024-12-16,864.8048,842.1247,862.241,4266
equity,INE127B01011,2024-12-17,872.4471,841.1386,849.1753,3554
equity,INE127B01011,2024-12-18,856.4231,833.2991,847.1537,1819
equity,INE127B01011,2024-12-19,847.0551,804.801,838.4761,2638
equity,INE127B01011,2024-12-20,838.0817,808.4989,816.7327,2659
equity,INE127B01011,2024-12-23,843.1108,816.4862,842.4698,2941
equity,INE127B01011,2024-12-24,824.375,820.4306,821.4167,1148
equity,INE127B01011,2024-12-26,821.4167,788.8756,797.5039,1998
equity,INE127B01011,2024-12-27,808.4989,789.8617,796.0248,1802
equity,INE127B01011,2024-12-30,816.289,779.0146,785.5228,7655
equity,INE127B01011,2024-12-31,795.7783,772.112,790.1082,563
equity,INE127B01011,2025-01-01,805.8857,776.3028,783.1562,2059
equity,INE127B01011,2025-01-02,821.9097,788.8756,809.0412,5163
equity,INE127B01011,2025-01-03,849.4711,812.5419,836.2081,4890
equity,INE127B01011,2025-01-06,870.7214,815.5001,821.4167,4545
equity,INE127B01011,2025-01-07,856.8175,821.5152,832.954,4294
equity,INE127B01011,2025-01-08,848.0413,824.375,832.0665,3762
equity,INE127B01011,2025-01-09,841.0893,813.5279,818.7542,2866
equity,INE127B01011,2025-01-10,819.3952,779.0146,779.9514,3078
equity,INE127B01011,2025-01-13,804.6531,740.9514,744.8958,9352
equity,INE127B01011,2025-01-14,768.1676,732.6682,767.1322,833
equity,INE127B01011,2025-01-15,793.8061,752.4394,764.7656,2119
equity,INE127B01011,2025-01-16,777.9299,758.3066,766.0474,2268
equity,INE127B01011,2025-01-17,781.9729,759.2928,778.5216,1916
equity,INE127B01011,2025-01-20,784.9312,764.4697,780.3458,1593
equity,INE127B01011,2025-01-21,804.6531,764.2232,771.5203,3513
equity,INE127B01011,2025-01-22,780.0007,759.2927,764.8148,1392
equity,INE127B01011,2025-01-23,771.0765,734.6896,750.1713,3843
equity,INE127B01011,2025-01-24,767.1815,749.4318,754.5595,1239
equity,INE127B01011,2025-01-27,754.3623,716.8414,722.6593,5590
equity,INE127B01011,2025-01-28,729.7099,689.1814,705.2054,1665
equity,INE127B01011,2025-01-29,723.7933,690.2168,693.964,3537
equity,INE127B01011,2025-01-30,694.2105,662.6555,684.3003,3442
equity,INE127B01011,2025-01-31,711.9602,683.3635,685.2864,4535
equity,INE127B01011,2025-02-01,702.0992,684.3495,694.1119,1051
equity,INE127B01011,2025-02-03,701.1132,668.8186,687.4558,1527
equity,INE127B01011,2025-02-04,709.0019,665.6138,700.1271,1816
equity,INE127B01011,2025-02-05,714.9184,696.2812,705.452,1209
equity,INE127B01011,2025-02-06,714.8692,683.8072,696.0841,1596
equity,INE127B01011,2025-02-07,705.0575,696.2813,702.2472,541
equity,INE127B01011,2025-02-10,709.0019,685.4343,693.2244,1049
equity,INE127B01011,2025-02-11,700.127,677.4468,692.4355,2154
equity,INE127B01011,2025-02-12,692.2384,658.2181,675.3762,7472
equity,INE127B01011,2025-02-13,694.2105,660.7819,690.2661,1406
equity,INE127B01011,2025-02-14,696.1827,655.7528,655.7528,4905
equity,INE127B01011,2025-02-17,675.2775,622.9652,654.5695,6397
equity,INE127B01011,2025-02-18,654.7667,621.8805,634.0587,6691
equity,INE127B01011,2025-02-19,635.0448,602.5037,613.5972,2602
equity,INE127B01011,2025-02-20,644.2648,616.309,644.2648,3734
equity,INE127B01011,2025-02-21,676.4608,647.8641,676.4115,3296
equity,INE127B01011,2025-02-24,679.8136,660.6833,677.1018,1540
equity,INE127B01011,2025-02-25,685.3356,662.902,664.3811,507
equity,INE127B01011,2025-02-27,664.6277,631.199,635.7351,3151
equity,INE127B01011,2025-02-28,628.5859,603.9828,611.9702,5480
equity,INE127B01011,2025-03-03,642.5391,581.4013,630.8046,7754
equity,INE127B01011,2025-03-04,631.1004,599.2989,611.28,5322
equity,INE127B01011,2025-03-05,623.4089,592.6428,607.4342,3651
equity,INE127B01011,2025-03-06,619.2674,583.8666,597.6719,7274
equity,INE127B01011,2025-03-07,617.2952,581.7958,601.4191,4661
equity,INE127B01011,2025-03-10,607.4342,582.2888,583.6693,4463
equity,INE127B01011,2025-03-11,606.4481,564.194,569.4203,10480
equity,INE127B01011,2025-03-12,581.7958,542.5492,556.7983,5001
equity,INE127B01011,2025-03-13,561.0877,534.4632,537.1749,9055
equity,INE127B01011,2025-03-17,563.0599,511.8323,530.5188,9435
equity,INE127B01011,2025-03-19,549.2053,522.6301,539.7388,15855
equity,INE127B01011,2025-03-20,552.2129,530.5188,547.3317,12723
equity,INE127B01011,2025-03-21,574.6959,542.3027,557.9323,17733
equity,INE127B01011,2025-03-24,583.7679,556.9461,566.462,18533
equity,INE127B01011,2025-03-25,580.7604,538.1611,565.7224,15350
equity,INE127B01011,2025-03-26,576.8653,537.4708,567.0043,26907
equity,INE127B01011,2025-03-27,595.3545,543.4366,590.9171,31761
equity,INE127B01011,2025-03-28,620.4507,592.1497,599.1017,15916
equity,INE127B01011,2025-04-01,615.323,582.7818,600.1371,17312
equity,INE127B01011,2025-04-02,619.0208,577.8514,614.0411,2151
equity,INE127B01011,2025-04-03,612.3647,593.6289,598.0663,7744
equity,INE127B01011,2025-04-04,595.601,573.6604,587.022,3319
equity,INE127B01011,2025-04-07,576.7667,557.6857,568.089,5628
equity,INE127B01011,2025-04-08,590.6706,542.845,587.2686,4104
equity,INE127B01011,2025-04-09,595.601,567.3494,577.9006,2109
equity,INE127B01011,2025-04-11,606.7932,580.8096,606.7932,7453
equity,INE127B01011,2025-04-15,637.1156,606.7932,622.6201,3793
equity,INE127B01011,2025-04-16,653.7313,602.8488,635.9816,5187
equity,INE127B01011,2025-04-17,643.3773,622.2749,640.7642,1869
equity,INE127B01011,2025-04-21,640.7149,622.8172,633.3685,1481
equity,INE127B01011,2025-04-22,633.3685,616.309,621.2395,4579
equity,INE127B01011,2025-04-23,628.1421,602.8488,621.1902,859
equity,INE127B01011,2025-04-24,621.1902,602.7502,606.6946,1981
equity,INE127B01011,2025-04-25,605.462,576.3722,576.7667,5340
equity,INE127B01011,2025-04-28,586.7262,576.8652,586.6769,453
equity,INE127B01011,2025-04-29,597.524,571.9348,578.3444,822
equity,INE127B01011,2025-04-30,586.7262,564.046,566.314,1670
equity,INE127B01011,2025-05-02,566.3141,552.2129,561.0878,3414
equity,INE127B01011,2025-05-05,585.6415,569.1737,578.2951,1217
equity,INE127B01011,2025-05-06,586.7262,553.2483,561.3835,2502
equity,INE127B01011,2025-05-07,572.9209,554.1851,566.955,394
equity,INE127B01011,2025-05-08,583.768,554.1851,556.4531,1292
equity,INE127B01011,2025-05-09,579.8235,552.2129,571.3431,1253
equity,INE127B01011,2025-05-12,596.5871,562.3696,594.6149,3137
equity,INE127B01011,2025-05-13,590.9664,572.9209,579.084,3516
equity,INE127B01011,2025-05-14,593.4316,555.2697,580.9082,2944
equity,INE127B01011,2025-05-15,596.3899,583.7679,592.2483,3810
equity,INE127B01011,2025-05-16,606.4481,592.2483,603.1447,2853
equity,INE127B01011,2025-05-19,603.5391,583.0777,595.9955,5301
equity,INE127B01011,2025-05-20,595.6011,581.7958,585.0499,3396
equity,INE127B01011,2025-05-21,589.6352,572.1813,576.2242,1794
equity,INE127B01011,2025-05-22,584.754,566.0182,582.7325,1435
equity,INE127B01011,2025-05-23,588.5998,576.8652,581.9929,5364
equity,INE127B01011,2025-05-26,594.6149,571.9348,589.4379,1313
equity,INE127B01011,2025-05-27,618.8729,576.8653,614.0411,3768
equity,INE127B01011,2025-05-28,643.8211,602.5037,607.1877,4516
equity,INE127B01011,2025-05-29,622.2256,598.5593,611.1813,3492
equity,INE127B01011,2025-05-30,631.0512,591.6567,615.4709,9807
equity,INE127B01011,2025-06-02,645.8919,608.9133,628.2901,7325
equity,INE127B01011,2025-06-03,639.9752,617.443,636.1295,2629
equity,INE127B01011,2025-06-04,641.9475,621.2395,641.0107,7468
equity,INE127B01011,2025-06-05,673.0094,624.3457,667.6845,8366
equity,INE127B01011,2025-06-06,701.0638,650.8223,700.6201,11086
equity,INE127B01011,2025-06-09,734.6403,709.9387,721.7225,7060
equity,INE127B01011,2025-06-10,757.7643,734.6403,750.1713,8546
equity,INE127B01011,2025-06-11,783.9451,754.3623,775.9578,6083
equity,INE127B01011,2025-06-12,785.9173,744.7971,746.9172,3931
equity,INE127B01011,2025-06-13,778.916,723.3496,776.9438,4466
equity,INE127B01011,2025-06-16,783.452,749.4318,759.7858,3100
equity,INE127B01011,2025-06-17,776.9932,747.4596,751.2068,2429
equity,INE127B01011,2025-06-18,754.3622,713.9324,753.3268,4397
equity,INE127B01011,2025-06-19,754.3623,718.8629,727.9349,4273
equity,INE127B01011,2025-06-20,734.6404,717.8768,718.3698,1299
equity,INE127B01011,2025-06-23,734.098,700.1271,703.8742,2260
equity,INE127B01011,2025-06-24,733.6543,675.4747,710.9248,3716
equity,INE127B01011,2025-06-25,738.8806,709.988,711.4672,1364
equity,INE127B01011,2025-06-26,732.6682,711.5658,730.6467,733
equity,INE127B01011,2025-06-27,764.2232,710.9741,732.4709,3211
equity,INE127B01011,2025-06-30,760.2788,739.5708,747.6568,1235
equity,INE127B01011,2025-07-01,752.3901,724.7794,727.3433,601
equity,INE127B01011,2025-07-02,749.3825,715.9045,727.7377,2573
equity,INE127B01011,2025-07-03,753.3762,735.1334,736.0209,1850
equity,INE127B01011,2025-07-04,741.543,716.0032,721.5253,1319
equity,INE127B01011,2025-07-07,739.4722,712.4532,716.6934,1519
equity,INE127B01011,2025-07-08,729.6113,709.1005,712.6998,4338
equity,INE127B01011,2025-07-09,722.8073,681.5885,709.8401,2665
equity,INE127B01011,2025-07-10,718.1726,695.1966,703.1346,666
equity,INE127B01011,2025-07-11,704.9096,681.3913,685.6315,1447
equity,INE127B01011,2025-07-14,699.634,661.9652,687.3571,1184
equity,INE127B01011,2025-07-15,719.8489,669.5581,678.4822,3167
equity,INE127B01011,2025-07-16,697.1688,677.4469,684.3003,1512
equity,INE127B01011,2025-07-17,690.2662,668.5721,672.2206,2057
equity,INE127B01011,2025-07-18,695.098,662.6555,668.9665,1834
equity,INE127B01011,2025-07-21,695.098,651.0689,656.2952,4792
equity,INE127B01011,2025-07-22,677.9399,642.9336,664.9235,3209
equity,INE127B01011,2025-07-23,696.1827,645.9905,678.9753,5404
equity,INE127B01011,2025-07-24,693.2244,678.6795,688.639,1343
equity,INE127B01011,2025-07-25,687.8008,666.5998,681.4898,2994
equity,INE127B01011,2025-07-28,700.1271,676.4608,687.3571,1694
equity,INE127B01011,2025-07-29,688.2939,668.5721,685.1384,437
equity,INE127B01011,2025-07-30,709.988,680.4052,704.959,5798
equity,INE127B01011,2025-07-31,699.3382,675.6719,690.8085,782
equity,INE127B01011,2025-08-01,718.8629,690.2661,697.3167,2052
equity,INE127B01011,2025-08-04,717.8768,671.6289,710.5797,3369
equity,INE127B01011,2025-08-05,717.8275,682.4266,696.6757,1937
equity,INE127B01011,2025-08-06,699.634,682.3774,690.1675,2026
equity,INE127B01011,2025-08-07,695.1966,670.5443,680.2573,1310
equity,INE127B01011,2025-08-08,679.2712,652.7945,668.1283,1629
equity,INE127B01011,2025-08-11,680.1094,641.1093,649.9842,2663
equity,INE127B01011,2025-08-12,660.6833,626.2192,645.8918,3134
equity,INE127B01011,2025-08-13,645.8919,613.5973,624.0992,8149
equity,INE127B01011,2025-08-14,639.8767,617.5909,620.0562,1242
equity,INE127B01011,2025-08-18,650.773,620.0069,623.2117,3374
equity,INE127B01011,2025-08-19,654.3723,613.3508,653.5341,4128
equity,INE127B01011,2025-08-20,684.3003,636.031,659.5986,1445
equity,INE127B01011,2025-08-21,668.572,644.1169,662.6555,467
equity,INE127B01011,2025-08-22,660.6833,632.0866,638.2004,2466
equity,INE127B01011,2025-08-25,652.7945,621.2395,632.5796,1098
equity,INE127B01011,2025-08-26,645.8919,615.4709,625.1346,612
equity,INE127B01011,2025-08-28,639.9753,617.2951,632.0372,141
equity,INE127B01011,2025-08-29,640.9614,616.3091,622.4229,2348
equity,INE127B01011,2025-09-01,640.9121,607.6807,633.3192,1617
equity,INE127B01011,2025-09-02,650.8223,631.1004,648.0613,1705
equity,INE127B01011,2025-09-03,665.6137,644.9058,659.4999,962
equity,INE127B01011,2025-09-04,665.6138,633.615,636.2281,1621
equity,INE127B01011,2025-09-05,667.586,623.7541,665.7617,1925
equity,INE127B01011,2025-09-08,680.4052,653.7806,665.4658,4535
equity,INE127B01011,2025-09-09,665.6137,632.1851,659.6971,2355
equity,INE127B01011,2025-09-10,675.4747,650.8223,664.0853,2356
equity,INE127B01011,2025-09-11,684.3495,640.9614,673.0095,3011
equity,INE127B01011,2025-09-12,680.3559,650.8224,666.8957,700
equity,INE127B01011,2025-09-15,690.2661,660.6833,673.256,3681
equity,INE127B01011,2025-09-16,706.0436,657.5277,692.4355,8053
equity,INE127B01011,2025-09-17,709.988,685.3357,704.0222,1867
equity,INE127B01011,2025-09-18,724.7795,685.3357,714.031,3791
equity,INE127B01011,2025-09-19,738.6562,709.9599,734.0389,2024
equity,INE127B01011,2025-09-22,758.9124,707.1797,739.5995,3310
equity,INE127B01011,2025-09-23,775.1968,742.6777,770.4307,5779
equity,INE127B01011,2025-09-24,779.5657,749.6779,760.6004,2307
equity,INE127B01011,2025-09-25,762.5863,730.1168,741.0889,1133
equity,INE127B01011,2025-09-26,754.6427,725.8471,746.3019,2658
equity,INE127B01011,2025-09-29,754.6427,729.8189,738.0107,2421
equity,INE127B01011,2025-09-30,748.4864,722.8683,731.8048,1275
equity,INE127B01011,2025-10-01,746.4012,731.8048,744.0677,1063
equity,INE127B01011,2025-10-03,757.4229,734.7837,752.5078,1817
equity,INE127B01011,2025-10-06,779.4665,735.0815,745.6565,3568
equity,INE127B01011,2025-10-07,779.4665,745.8054,774.4521,5946
equity,INE127B01011,2025-10-08,804.191,771.5229,773.9556,3160
equity,INE127B01011,2025-10-09,812.2339,771.5229,808.3613,8987
equity,INE127B01011,2025-10-10,848.7744,808.262,848.7744,12700
equity,INE127B01011,2025-10-13,891.1238,865.8532,869.8746,12618
equity,INE127B01011,2025-10-14,888.6911,848.973,863.6687,5927
equity,INE127B01011,2025-10-15,853.9378,820.5249,837.1072,3742
equity,INE127B01011,2025-10-16,853.9378,834.8731,843.9586,3986
equity,INE127B01011,2025-10-17,873.7472,826.1352,830.107,6877
equity,INE127B01011,2025-10-20,830.107,814.2198,818.0426,1688
equity,INE127B01011,2025-10-21,839.0435,779.6651,816.5035,1454
equity,INE127B01011,2025-10-23,834.476,815.2127,819.0355,2300
equity,INE127B01011,2025-10-24,819.1845,784.4313,795.3041,3899
equity,INE127B01011,2025-10-27,825.1422,766.5581,792.4244,4528
equity,INE127B01011,2025-10-28,799.5737,770.1327,774.5513,897
equity,INE127B01011,2025-10-29,813.2268,774.5514,804.4392,9076
equity,INE127B01011,2025-10-30,818.1915,786.4171,802.1057,1863
equity,INE127B01011,2025-10-31,802.1057,783.5375,792.4244,2095
equity,INE127B01011,2025-11-03,801.3114,755.8342,768.5936,3122
equity,INE127B01011,2025-11-04,789.396,745.9047,759.5082,1888
equity,INE127B01011,2025-11-06,769.537,744.7132,747.5431,1570
equity,INE127B01011,2025-11-07,754.6427,722.9676,730.5637,2829
equity,INE127B01011,2025-11-10,750.6709,714.9247,729.7693,1111
equity,INE127B01011,2025-11-11,748.685,715.5204,726.7408,1351
equity,INE127B01011,2025-11-12,763.0332,724.8542,741.784,2592
equity,INE127B01011,2025-11-13,768.395,720.8824,730.0175,1594
equity,INE127B01011,2025-11-14,749.6779,726.3932,731.4076,622
equity,INE127B01011,2025-11-17,762.0898,731.4076,746.2523,1570
equity,INE127B01011,2025-11-18,774.3528,728.8756,754.6427,1015
equity,INE127B01011,2025-11-19,759.6074,734.8333,740.1456,1135
equity,INE127B01011,2025-11-20,749.5787,731.4076,742.7273,284
equity,INE127B01011,2025-11-21,759.6074,714.9246,735.9752,3162
equity,INE127B01011,2025-11-24,744.7132,699.1864,703.5057,3455
equity,INE127B01011,2025-11-25,709.9103,675.7031,704.5483,989
equity,INE127B01011,2025-11-26,732.7978,696.0586,700.6758,1337
equity,INE127B01011,2025-11-27,724.3577,703.0092,711.3004,1349
equity,INE127B01011,2025-11-28,730.7623,690.1009,699.9312,364
equity,INE127B01011,2025-12-01,719.8894,695.8103,698.3423,3577
equity,INE127B01011,2025-12-02,728.826,686.2284,686.9235,877
equity,INE127B01011,2025-12-03,714.875,670.4405,685.2851,2192
equity,INE127B01011,2025-12-04,693.9734,668.2559,672.8235,619
equity,INE127B01011,2025-12-05,690.1009,657.3335,664.1352,1790
equity,INE127B01011,2025-12-08,665.2771,633.5027,642.5385,1856
equity,INE127B01011,2025-12-09,669.2489,623.4739,668.4546,1813
equity,INE127B01011,2025-12-10,700.0304,650.3828,664.6317,1478
equity,INE127B01011,2025-12-11,695.016,664.2841,670.3908,2841
equity,INE127B01011,2025-12-12,693.5762,661.3053,685.1361,1664
equity,INE127B01011,2025-12-15,679.1784,650.8793,674.2137,2123
equity,INE127B01011,2025-12-16,674.164,646.411,653.6099,440
equity,INE127B01011,2025-12-17,668.256,631.5168,660.3124,804
equity,INE127B01011,2025-12-18,660.3123,634.4956,648.3473,1017
equity,INE127B01011,2025-12-19,658.2768,640.4534,650.3829,1168
equity,INE127B01011,2025-12-22,682.902,635.4886,677.6393,4759
equity,INE127B01011,2025-12-23,680.1714,650.8793,674.6605,2224
equity,INE127B01011,2025-12-24,695.0657,650.3829,685.1858,4041
equity,INE127B01011,2025-12-26,715.9176,677.1925,689.0087,3817
equity,INE127B01011,2025-12-29,704.9951,670.2418,685.1361,3056
equity,INE127B01011,2025-12-30,704.9952,668.256,677.0436,2496
equity,INE127B01011,2025-12-31,704.0022,679.1785,683.8453,3208
equity,INE127B01011,2026-01-01,718.0028,688.1646,711.9458,8107
equity,INE127B01011,2026-01-02,747.5431,708.123,747.4438,4475
equity,INE127B01011,2026-01-05,779.4665,756.2314,760.1039,5206
equity,INE127B01011,2026-01-06,772.6648,744.7132,747.2949,2205
equity,INE127B01011,2026-01-07,754.6427,717.2581,753.1036,1473
equity,INE127B01011,2026-01-08,761.5437,729.3225,734.3369,1099
equity,INE127B01011,2026-01-09,731.8048,716.0666,722.0243,1256
equity,INE127B01011,2026-01-12,755.4867,709.4634,744.1671,4277
equity,INE127B01011,2026-01-13,774.4521,735.7766,759.2599,3298
equity,INE127B01011,2026-01-14,771.4236,734.7837,738.259,1043
equity,INE127B01011,2026-01-16,760.5508,719.8894,740.3939,448
equity,INE127B01011,2026-01-19,755.6357,705.1938,713.3856,2339
equity,INE127B01011,2026-01-20,730.8119,677.7386,689.8527,3734
equity,INE127B01011,2026-01-21,689.108,655.3973,668.4546,6474
equity,INE127B01011,2026-01-22,701.8673,668.4546,676.2988,1560
equity,INE127B01011,2026-01-23,700.0304,645.4181,651.1276,1570
equity,INE127B01011,2026-01-27,675.2066,631.5664,651.8723,3141
equity,INE127B01011,2026-01-28,666.8658,650.4821,661.2061,1010
equity,INE127B01011,2026-01-29,685.1361,643.4322,657.83,2810
equity,INE127B01011,2026-01-30,665.1778,647.5033,650.2836,1048
equity,INE127B01011,2026-02-02,673.2207,630.5238,660.2627,366
equity,INE127B01011,2026-02-03,693.0797,660.2627,680.4196,2963
equity,INE127B01011,2026-02-04,685.1361,670.2418,672.8235,1556
equity,INE127B01011,2026-02-05,685.1362,663.2912,678.1359,565
equity,INE127B01011,2026-02-06,675.2066,646.3118,648.9927,1325
equity,INE127B01011,2026-02-09,660.3124,645.4181,652.3688,827
equity,INE127B01011,2026-02-10,670.2419,645.4181,664.1352,6544
equity,INE127B01011,2026-02-11,668.256,641.4463,650.8297,2886
equity,INE127B01011,2026-02-12,652.1205,645.4181,650.2339,1393
equity,INE127B01011,2026-02-13,655.1986,620.7929,645.6663,1929
equity,INE127B01011,2026-02-16,645.4181,622.7292,627.7932,1369
equity,INE127B01011,2026-02-17,645.0209,631.5168,637.8717,665
equity,INE127B01011,2026-02-18,669.7454,625.5591,669.5964,4630
equity,INE127B01011,2026-02-19,695.0657,649.3899,674.1641,3738
equity,INE127B01011,2026-02-20,679.0792,641.9924,670.6887,1298
equity,INE127B01011,2026-02-23,689.1576,637.1766,639.51,3210
equity,INE127B01011,2026-02-24,644.2266,620.5943,625.5095,3243
equity,INE127B01011,2026-02-25,635.29,620.5943,625.5591,1695
equity,INE127B01011,2026-02-26,655.3476,606.693,633.6019,6078
equity,INE127B01011,2026-02-27,645.4181,617.6155,638.0703,1846
equity,INE127B01011,2026-03-02,635.4886,610.6648,616.4736,3350
equity,INE127B01011,2026-03-04,619.6014,600.7353,607.2391,7037
equity,INE127B01011,2026-03-05,620.5943,604.7071,606.2958,800
equity,INE127B01011,2026-03-06,624.5661,596.267,615.3813,501
equity,INE127B01011,2026-03-09,620.5943,584.8481,598.8984,3899
equity,INE127B01011,2026-03-10,614.6366,590.8058,604.0616,6620
equity,INE127B01011,2026-03-11,620.5943,600.7353,610.6152,4075
equity,INE127B01011,2026-03-12,613.0479,595.7705,610.6152,1172
equity,INE127B01011,2026-03-13,609.1257,585.841,601.8772,901
equity,INE127B01011,2026-03-16,601.8772,577.4009,597.2103,2108
equity,INE127B01011,2026-03-17,605.7001,585.841,586.1389,946
equity,INE127B01011,2026-03-18,613.6437,595.7706,612.2535,2374
equity,INE127B01011,2026-03-19,605.7001,598.2529,600.1892,1964
equity,INE127B01011,2026-03-20,611.1613,594.7776,599.0969,546
equity,INE127B01011,2026-03-23,600.7353,569.1595,575.2661,5274
equity,INE127B01011,2026-03-24,595.7705,565.1877,583.3586,1591
equity,INE127B01011,2026-03-25,606.6434,565.982,575.1172,3401
equity,INE127B01011,2026-03-27,592.6924,546.4209,564.3933,7336
equity,INE127B01011,2026-03-30,564.7905,541.1583,544.435,5446
equity,INE127B01011,2026-04-01,570.9468,517.5757,563.8969,396
equity,INE127B01011,2026-04-02,569.9538,546.123,557.1447,2140
equity,INE127B01011,2026-04-06,563.9961,548.655,563.6486,826
equity,INE127B01011,2026-04-07,575.1172,551.2367,556.4,1764
equity,INE127B01011,2026-04-08,583.7559,567.968,577.4506,1432
equity,INE127B01011,2026-04-09,598.7494,561.0173,585.2949,1096
equity,INE127B01011,2026-04-10,613.6437,582.4154,609.6719,3466
equity,INE127B01011,2026-04-13,625.5591,601.2318,614.6863,1073
equity,INE127B01011,2026-04-15,635.9851,615.6296,615.8778,1703
equity,INE127B01011,2026-04-16,639.3611,615.6295,633.6019,3874
equity,INE127B01011,2026-04-17,645.2691,615.6296,622.0837,3079
equity,INE127B01011,2026-04-20,628.538,615.6296,620.1971,225
equity,INE127B01011,2026-04-21,635.4886,620.644,627.4954,956
equity,INE127B01011,2026-04-22,630.6231,615.6296,626.0059,1152
equity,INE127B01011,2026-04-23,629.1337,596.7635,621.5377,1832
equity,INE127B01011,2026-04-24,624.6158,597.9054,619.6014,1169
equity,INE127B01011,2026-04-27,645.4181,601.0332,611.757,2143
equity,INE127B01011,2026-04-28,625.5591,610.6648,617.2183,740
equity,INE127B01011,2026-04-29,625.5591,597.9551,605.7001,1632
equity,INE127B01011,2026-04-30,615.4806,605.7001,613.1968,294
equity,INE127B01011,2026-05-04,620.5943,595.7706,598.6998,2030
equity,INE127B01011,2026-05-05,609.6719,585.841,592.3448,1346
equity,INE127B01011,2026-05-06,615.1331,581.8693,611.1613,2031
equity,INE127B01011,2026-05-07,613.6436,602.324,610.4662,955
equity,INE127B01011,2026-05-08,609.6719,591.898,609.6719,573
equity,INE127B01011,2026-05-11,613.6436,593.8343,610.6648,1225
equity,INE127B01011,2026-05-12,610.6648,586.834,597.9054,2508
equity,INE127B01011,2026-05-13,597.9054,583.8552,595.572,893
equity,INE127B01011,2026-05-14,596.7635,582.8622,591.0044,1681
equity,INE127B01011,2026-05-15,595.7706,562.2088,583.2594,1079
equity,INE127B01011,2026-05-18,575.9115,557.1447,565.982,2138
equity,INE127B01011,2026-05-19,580.777,551.0877,569.4573,413
equity,INE127B01011,2026-05-20,575.9115,563.9961,573.6277,507
equity,INE127B01011,2026-05-21,587.2808,565.982,582.1175,2956
equity,INE127B01011,2026-05-22,595.7209,579.2379,595.7209,689
equity,INE127B01011,2026-05-25,595.7706,576.408,581.6707,1223
equity,INE127B01011,2026-05-26,590.5576,563.0032,577.9967,1714
equity,INE127B01011,2026-05-27,594.0329,571.4929,587.4794,2016
equity,INE127B01011,2026-05-29,585.8411,571.9397,576.1598,762
equity,INE127B01011,2026-06-01,586.834,557.0454,575.8619,1119
equity,INE127B01011,2026-06-02,574.8689,560.0243,571.9397,3011
equity,INE127B01011,2026-06-03,574.7696,555.407,566.6274,1408
equity,INE127B01011,2026-06-04,580.8763,557.0454,572.3369,1688
equity,INE127B01011,2026-06-05,573.9256,547.3145,558.237,2650
equity,INE127B01011,2026-06-08,586.1389,556.0525,585.2453,4402
equity,INE127B01011,2026-06-09,594.7776,576.408,576.9045,3061
equity,INE127B01011,2026-06-10,587.3305,576.408,576.4576,1853
equity,INE127B01011,2026-06-11,585.841,570.9468,574.0249,12331
equity,INE127B01011,2026-06-12,583.8551,565.982,569.6063,2117
equity,INE127B01011,2026-06-15,586.834,565.982,569.4573,4143
equity,INE127B01011,2026-06-16,579.8833,564.8898,567.8687,2919
equity,INE127B01011,2026-06-17,579.8833,568.9609,574.6703,1541
equity,INE127B01011,2026-06-18,590.8058,571.9397,572.039,7023
equity,INE127B01011,2026-06-19,583.8551,569.9538,570.2517,979
equity,INE127B01011,2026-06-22,583.8552,556.0525,566.0317,2295
equity,INE127B01011,2026-06-23,581.8693,566.975,577.8975,10121
equity,INE127B01011,2026-06-24,606.7923,575.9115,606.7923,5626
equity,INE127B01011,2026-06-25,637.127,607.6859,637.127,4124
equity,INE127B01011,2026-06-29,668.9511,630.7225,657.2343,5205
equity,INE127B01011,2026-06-30,667.263,640.4534,651.0779,6218
equity,INE127B01011,2026-07-01,683.5971,623.5732,673.2704,8891
equity,INE127B01011,2026-07-02,706.9314,675.2066,703.8036,5929
equity,INE127B01011,2026-07-03,707.2789,685.1361,703.1085,3199
equity,INE127B01011,2026-07-06,714.9247,685.1362,687.6185,1808
equity,INE127B01011,2026-07-07,687.6185,653.3617,661.3549,789
equity,INE127B01011,2026-07-08,680.1714,655.3476,657.9293,1094
equity,INE127B01011,2026-07-09,670.2419,633.5027,648.9431,933
equity,INE127B01011,2026-07-10,653.3617,625.5591,645.3188,2030
equity,INE127B01011,2026-07-13,654.3547,629.0344,636.3326,853
equity,INE127B01011,2026-07-14,640.9498,626.552,626.8499,4352
equity,INE127B01011,2026-07-15,635.4389,615.6792,622.5802,1254
equity,INE127B01011,2026-07-16,632.4601,606.9909,627.545,714
equity,INE127B01011,2026-07-17,632.2118,611.2109,621.9348,847
equity,INE127B01011,2026-07-20,630.4742,610.7145,623.5236,811
equity,INE127B01011,2026-07-21,628.4386,594.7776,597.6572,2653
equity,INE127B01011,2026-07-22,605.7,586.1389,589.9618,731
equity,INE127B01011,2026-07-23,594.7776,575.9115,587.1815,1467
equity,INE127B01011,2026-07-24,592.5931,577.0038,583.9048,1295
equity,INE127B01011,2026-07-27,592.7917,571.9398,573.7271,2317
equity,INE127B01011,2026-07-28,580.8763,570.9468,573.2305,1037
equity,INE127B01011,2026-07-29,579.8834,551.0878,558.5349,3496
equity,INE127B01011,2026-07-30,575.9115,554.1162,569.6559,12910
equity,INE127B01011,2026-07-31,582.8126,562.606,567.7693,3235
equity,INE127B01011,2026-08-03,579.8833,556.1022,570.4999,2956
equity,INE127B01011,2026-08-04,575.8123,558.088,561.2655,1782
equity,INE127B01011,2026-08-05,589.3164,556.1022,564.9395,5567
equity,INE127B01011,2026-08-06,576.9045,556.0525,562.7549,3773
equity,INE127B01011,2026-08-07,566.9749,551.0877,556.4993,2399
equity,INE127B01011,2026-08-10,566.8757,546.4209,559.7761,2330
equity,INE127B01011,2026-08-11,559.7761,536.2432,543.9882,3718
equity,INE127B01011,2026-08-12,547.1159,528.2499,546.123,5143
equity,INE127B01011,2026-08-13,565.982,532.2217,548.3571,1774
equity,INE127B01011,2026-08-14,563.0032,538.1794,546.123,1315
equity,INE127B01011,2026-08-17,549.1019,536.9879,540.4632,1655
equity,INE127B01011,2026-08-18,545.1301,519.3133,530.7819,4798
equity,INE127B01011,2026-08-19,550.0452,526.7604,527.1577,1102
equity,INE127B01011,2026-08-20,541.1582,529.2428,531.9734,2478
equity,INE127B01011,2026-08-21,556.0525,524.2781,542.4491,3835
equity,INE127B01011,2026-08-24,551.0877,536.1935,545.0308,3704
equity,INE127B01011,2026-08-25,558.0384,536.1935,544.5343,5689
equity,INE127B01011,2026-08-26,550.0948,537.0375,537.1865,964
equity,INE127B01011,2026-08-27,556.0525,537.0375,547.2152,2209
equity,INE127B01011,2026-08-28,574.5711,545.5769,574.2731,9840
equity,INE127B01011,2026-08-31,586.3375,548.2082,559.6271,2758
equity,INE127B01011,2026-09-01,570.9468,556.0525,565.2373,1078
equity,INE127B01011,2026-09-02,570.5496,556.1022,565.1877,1031
equity,INE127B01011,2026-09-03,585.841,547.4138,571.4929,6391
equity,INE127B01011,2026-09-04,573.9257,562.0102,563.1522,1037
equity,INE127B01011,2026-09-07,587.8269,562.0102,563.301,6670
equity,INE127B01011,2026-09-08,577.8974,561.0172,565.982,2353
equity,INE127B01011,2026-09-09,582.7629,558.0384,578.3443,2753
equity,INE127B01011,2026-09-10,587.7277,558.0384,575.3654,1409
equity,INE127B01011,2026-09-11,575.3654,561.0173,563.45,1520
equity,INE127B01011,2026-09-15,572,545,551.8,1883
equity,INE127B01011,2026-09-16,579,526,527.5,4707
equity,INE127B01011,2026-09-17,546,527.5,540.7,1284
equity,INE127B01011,2026-09-18,541,530,540,1332
equity,INE127B01011,2026-09-21,548,529,540.05,1441
equity,INE127B01011,2026-09-22,546,531.05,534.25,901
equity,INE127B01011,2026-09-23,560.95,540,560.95,2423
equity,INE127B01011,2026-09-24,588.95,570,588.95,6416
equity,INE127B01011,2026-09-25,618.35,588.95,618.35,3554
equity,INE127B01011,2026-09-28,649.25,620,648.85,10509
equity,INE127B01011,2026-09-29,680.9,616.45,625.5,5172
equity,INE127B01011,2026-09-30,645,615,621.8,4081
equity,INE127B01011,2026-10-01,627.5,595,601.75,2558
equity,INE127B01011,2026-10-05,613.45,580.3,584.6,2734
equity,INE127B01011,2026-10-06,613.8,555.4,568.9,10320
equity,INE127B01011,2026-10-07,581.3,560,565,2607
equity,INE127B01011,2026-10-08,581.3,561,562.05,3009
equity,INE0LEX01011,2023-10-06,273.4292,249.5703,263.646,33000
equity,INE0LEX01011,2023-10-09,259.5531,252.066,253.5634,10000
equity,INE0LEX01011,2023-10-11,253.5634,253.5634,253.5634,1000
equity,INE0LEX01011,2023-10-12,267.3396,254.5617,259.5531,5000
equity,INE0LEX01011,2023-10-13,258.5548,248.572,252.8147,4000
equity,INE0LEX01011,2023-10-16,255.56,249.5703,255.56,2000
equity,INE0LEX01011,2023-10-18,255.5599,253.5634,253.5634,3000
equity,INE0LEX01011,2023-10-19,262.3483,254.5617,254.5617,3000
equity,INE0LEX01011,2023-10-20,265.4429,235.6442,249.5703,7000
equity,INE0LEX01011,2023-10-23,274.5273,259.5531,274.5273,510000
equity,INE0LEX01011,2023-10-25,301.98,301.98,301.98,39000
equity,INE0LEX01011,2023-10-26,332.178,332.178,332.178,57000
equity,INE0LEX01011,2023-10-27,348.7495,348.7495,348.7495,39000
equity,INE0LEX01011,2023-10-30,366.1695,366.1695,366.1695,8000
equity,INE0LEX01011,2023-10-31,384.438,364.3726,384.438,491000
equity,INE0LEX01011,2023-11-01,403.6549,403.6549,403.6549,48000
equity,INE0LEX01011,2023-11-02,423.8202,423.8202,423.8202,6000
equity,INE0LEX01011,2023-11-03,444.9838,444.9838,444.9838,15000
equity,INE0LEX01011,2023-11-06,467.1955,467.1955,467.1955,5000
equity,INE0LEX01011,2023-11-07,490.5553,454.4176,476.5794,823500
equity,INE0LEX01011,2023-11-08,494.0992,467.1956,491.903,64000
equity,INE0LEX01011,2023-11-09,516.4607,497.0941,516.4607,104500
equity,INE0LEX01011,2023-11-10,540.669,520.6535,536.9255,78500
equity,INE0LEX01011,2023-11-13,534.0804,511.3695,511.3695,40000
equity,INE0LEX01011,2023-11-15,536.9255,485.8135,536.9255,192500
equity,INE0LEX01011,2023-11-16,563.7293,537.0752,544.0632,259000
equity,INE0LEX01011,2023-11-17,565.0271,543.0649,554.595,111500
equity,INE0LEX01011,2023-11-20,572.0151,544.0632,553.2973,41000
equity,INE0LEX01011,2023-11-21,580.9496,560.0356,580.9496,139000
equity,INE0LEX01011,2023-11-22,609.9498,590.9824,609.9498,29500
equity,INE0LEX01011,2023-11-23,640.4472,596.9721,608.9016,154000
equity,INE0LEX01011,2023-11-24,603.96,582.9961,589.0357,46500
equity,INE0LEX01011,2023-11-28,612.8947,596.0736,603.3112,11000
equity,INE0LEX01011,2023-11-29,598.9686,593.9772,597.4712,9000
equity,INE0LEX01011,2023-11-30,600.9652,576.0081,578.3541,46000
equity,INE0LEX01011,2023-12-01,607.2544,573.0633,607.2544,34500
equity,INE0LEX01011,2023-12-04,612.8946,576.9066,576.9066,81500
equity,INE0LEX01011,2023-12-05,588.9359,556.0425,585.6416,22000
equity,INE0LEX01011,2023-12-06,593.9773,579.0031,592.4799,38500
equity,INE0LEX01011,2023-12-07,603.9601,574.0117,575.9583,17500
equity,INE0LEX01011,2023-12-08,587.9875,560.1854,568.2715,12500
equity,INE0LEX01011,2023-12-11,590.6829,548.5055,565.2267,11000
equity,INE0LEX01011,2023-12-12,565.2268,544.5124,546.1595,27500
equity,INE0LEX01011,2023-12-13,563.929,525.9943,543.4642,15500
equity,INE0LEX01011,2023-12-14,570.6174,539.5709,566.8738,21000
equity,INE0LEX01011,2023-12-15,591.9807,569.0202,578.9531,9500
equity,INE0LEX01011,2023-12-18,591.9307,560.0357,571.6656,61500
equity,INE0LEX01011,2023-12-19,593.4781,573.0133,590.9824,64500
equity,INE0LEX01011,2023-12-20,599.9669,561.4333,561.4333,169000
equity,INE0LEX01011,2023-12-21,589.485,559.0374,588.4368,43500
equity,INE0LEX01011,2023-12-22,617.8362,590.9824,616.0392,96000
equity,INE0LEX01011,2023-12-26,646.8362,635.8552,646.8362,23000
equity,INE0LEX01011,2023-12-27,678.8311,645.8878,674.7881,96500
equity,INE0LEX01011,2023-12-28,703.7882,655.8707,684.6212,65500
equity,INE0LEX01011,2023-12-29,708.7796,650.43,654.3234,134500
equity,INE0LEX01011,2024-01-01,687.0171,646.7864,687.0171,118000
equity,INE0LEX01011,2024-01-02,721.3579,698.7968,720.709,127000
equity,INE0LEX01011,2024-01-03,756.6971,729.7435,756.6971,113000
equity,INE0LEX01011,2024-01-04,794.5319,782.6524,794.5319,24000
equity,INE0LEX01011,2024-01-05,834.2136,772.0206,831.2188,107000
equity,INE0LEX01011,2024-01-08,856.5252,804.6145,838.8057,128000
equity,INE0LEX01011,2024-01-09,880.7335,844.6456,877.0897,127000
equity,INE0LEX01011,2024-01-10,920.9143,882.5304,920.9143,105000
equity,INE0LEX01011,2024-01-11,966.935,932.694,945.2723,78500
equity,INE0LEX01011,2024-01-12,973.324,903.4444,949.6149,45500
equity,INE0LEX01011,2024-01-16,1046.8973,1008.2639,1036.2657,62000
equity,INE0LEX01011,2024-01-17,1075.8474,1009.2621,1064.1676,29000
equity,INE0LEX01011,2024-01-18,1069.1591,1010.9593,1053.1366,121500
equity,INE0LEX01011,2024-01-19,1095.1144,1000.4774,1036.715,108000
equity,INE0LEX01011,2024-01-23,1129.0559,1022.1899,1022.1899,96000
equity,INE0LEX01011,2024-01-24,1013.9541,971.0779,988.6476,163500
equity,INE0LEX01011,2024-01-25,1016.2501,939.2327,939.2327,101000
equity,INE0LEX01011,2024-01-29,980.312,906.7886,919.0175,85000
equity,INE0LEX01011,2024-01-30,945.3722,896.4564,934.3412,41000
equity,INE0LEX01011,2024-01-31,966.3361,903.4444,938.3842,76500
equity,INE0LEX01011,2024-02-01,960.8455,935.6389,947.1191,17500
equity,INE0LEX01011,2024-02-02,963.0917,928.4014,943.3756,15500
equity,INE0LEX01011,2024-02-05,990.5444,976.818,990.5444,39000
equity,INE0LEX01011,2024-02-06,1040.0592,979.3138,1039.1108,36500
equity,INE0LEX01011,2024-02-07,1071.0558,1010.4601,1018.6959,22000
equity,INE0LEX01011,2024-02-08,1038.1125,983.4566,1010.2604,12000
equity,INE0LEX01011,2024-02-09,1038.2124,978.3155,1021.2416,18500
equity,INE0LEX01011,2024-02-12,1003.3224,941.379,951.6613,23500
equity,INE0LEX01011,2024-02-13,988.2484,912.9281,956.2535,14000
equity,INE0LEX01011,2024-02-14,979.3137,943.3756,961.3447,15500
equity,INE0LEX01011,2024-02-15,988.2983,949.7647,959.0986,6500
equity,INE0LEX01011,2024-02-16,986.3017,961.3945,961.3945,8000
equity,INE0LEX01011,2024-02-19,985.3034,929.3997,944.1743,12000
equity,INE0LEX01011,2024-02-20,958.2999,923.0107,948.5168,11500
equity,INE0LEX01011,2024-02-21,970.3292,899.4513,961.0452,18000
equity,INE0LEX01011,2024-02-22,956.3532,929.3997,943.3257,13500
equity,INE0LEX01011,2024-02-23,987.3,949.3653,957.2018,14500
equity,INE0LEX01011,2024-02-26,998.2811,931.5959,966.3361,11000
equity,INE0LEX01011,2024-02-27,957.3515,936.8868,949.3653,11500
equity,INE0LEX01011,2024-02-28,964.2897,928.4014,931.5959,19000
equity,INE0LEX01011,2024-02-29,944.3739,871.2498,906.4891,41000
equity,INE0LEX01011,2024-03-01,918.3188,883.4787,885.6251,8500
equity,INE0LEX01011,2024-03-04,903.4444,823.5819,838.5062,28500
equity,INE0LEX01011,2024-03-05,848.5389,754.6506,765.1824,72000
equity,INE0LEX01011,2024-03-06,756.3976,688.6642,716.7658,89500
equity,INE0LEX01011,2024-03-07,752.6041,735.7332,752.6041,21500
equity,INE0LEX01011,2024-03-11,790.1893,714.9689,714.9689,40500
equity,INE0LEX01011,2024-03-12,699.795,679.2305,686.2184,50500
equity,INE0LEX01011,2024-03-13,710.7262,651.9274,651.9274,46000
equity,INE0LEX01011,2024-03-14,684.5214,619.3336,684.5214,66500
equity,INE0LEX01011,2024-03-18,741.2736,705.9844,741.2736,13500
equity,INE0LEX01011,2024-03-19,778.3099,733.7366,771.9208,17000
equity,INE0LEX01011,2024-03-20,810.5044,779.8073,810.3047,22000
equity,INE0LEX01011,2024-03-21,850.785,831.1189,850.785,15500
equity,INE0LEX01011,2024-03-22,893.3118,886.4736,893.3118,14000
equity,INE0LEX01011,2024-03-26,897.4547,849.5871,886.4736,16000
equity,INE0LEX01011,2024-03-27,905.4409,866.508,872.9469,13500
equity,INE0LEX01011,2024-03-28,880.4839,829.6215,847.2411,20500
equity,INE0LEX01011,2024-04-01,889.5683,858.5217,872.7473,14500
equity,INE0LEX01011,2024-04-02,883.4788,858.5717,864.5613,8000
equity,INE0LEX01011,2024-04-03,893.4615,848.5389,856.7747,8500
equity,INE0LEX01011,2024-04-04,872.298,835.8108,854.1792,5000
equity,INE0LEX01011,2024-04-05,868.5046,856.5252,860.4185,3500
equity,INE0LEX01011,2024-04-09,854.5286,817.3925,820.5371,9500
equity,INE0LEX01011,2024-04-10,816.8435,779.5077,784.4991,16000
equity,INE0LEX01011,2024-04-12,778.7092,763.6851,764.6833,6000
equity,INE0LEX01011,2024-04-15,791.7867,726.4491,740.9741,22000
equity,INE0LEX01011,2024-04-16,766.6799,738.6282,738.6781,14500
equity,INE0LEX01011,2024-04-18,775.5646,763.6351,775.5646,8000
equity,INE0LEX01011,2024-04-19,813.5491,743.8192,810.105,24000
equity,INE0LEX01011,2024-04-22,820.5871,795.63,803.6163,9500
equity,INE0LEX01011,2024-04-23,842.4993,805.7626,816.544,14500
equity,INE0LEX01011,2024-04-24,837.5079,798.6249,815.3461,8000
equity,INE0LEX01011,2024-04-25,856.0759,819.5887,850.7351,8500
equity,INE0LEX01011,2024-04-26,888.4701,844.0466,885.1259,13500
equity,INE0LEX01011,2024-04-29,929.3497,898.4529,929.3497,18000
equity,INE0LEX01011,2024-04-30,971.1777,898.453,944.2741,23500
equity,INE0LEX01011,2024-05-02,969.6803,919.4169,943.3756,11250
equity,INE0LEX01011,2024-05-03,955.355,918.4186,930.1983,14500
equity,INE0LEX01011,2024-05-06,958.0503,918.4186,946.0211,15250
equity,INE0LEX01011,2024-05-07,948.367,899.4512,911.5804,17500
equity,INE0LEX01011,2024-05-08,943.3756,891.465,914.9246,6000
equity,INE0LEX01011,2024-05-09,908.336,869.2033,876.9899,5500
equity,INE0LEX01011,2024-05-10,908.4358,851.6336,882.78,13000
equity,INE0LEX01011,2024-05-13,872.4977,848.5389,859.8694,3250
equity,INE0LEX01011,2024-05-14,902.8455,880.7834,902.8455,8000
equity,INE0LEX01011,2024-05-15,947.9677,936.3876,947.9677,10750
equity,INE0LEX01011,2024-05-16,995.3361,950.3636,995.3361,24250
equity,INE0LEX01011,2024-05-17,1041.7562,1009.5117,1023.5376,21250
equity,INE0LEX01011,2024-05-21,1076.746,1076.746,1076.746,5250
equity,INE0LEX01011,2024-05-22,1130.5533,1130.5533,1130.5533,9750
equity,INE0LEX01011,2024-05-23,1187.056,1158.006,1181.4156,134750
equity,INE0LEX01011,2024-05-24,1177.9716,1122.3674,1122.3674,14500
equity,INE0LEX01011,2024-05-27,1121.0696,1066.2639,1073.3517,59750
equity,INE0LEX01011,2024-05-28,1127.0094,1019.6942,1127.0094,45250
equity,INE0LEX01011,2024-05-29,1183.3124,1128.0576,1177.5723,50000
equity,INE0LEX01011,2024-05-30,1236.4211,1163.9957,1193.3452,57000
equity,INE0LEX01011,2024-05-31,1252.9926,1133.698,1252.9926,41250
equity,INE0LEX01011,2024-06-03,1315.6346,1314.7362,1315.6346,21500
equity,INE0LEX01011,2024-06-04,1381.3714,1249.8479,1249.8479,96750
equity,INE0LEX01011,2024-06-05,1312.3403,1187.3556,1312.3403,40250
equity,INE0LEX01011,2024-06-06,1377.9275,1347.6795,1371.8878,38750
equity,INE0LEX01011,2024-06-07,1440.4696,1353.7689,1440.4696,42750
equity,INE0LEX01011,2024-06-10,1512.4458,1512.4458,1512.4458,6250
equity,INE0LEX01011,2024-06-11,1588.0656,1588.0656,1588.0656,1250
equity,INE0LEX01011,2024-06-12,1667.429,1632.0898,1667.429,67750
equity,INE0LEX01011,2024-06-13,1750.7854,1689.5907,1750.7854,48750
equity,INE0LEX01011,2024-06-14,1770.751,1666.1811,1702.5684,20500
equity,INE0LEX01011,2024-06-18,1697.0778,1617.4649,1638.1792,53750
equity,INE0LEX01011,2024-06-19,1716.9936,1672.1708,1696.8783,17250
equity,INE0LEX01011,2024-06-20,1753.6802,1693.3841,1704.3652,8000
equity,INE0LEX01011,2024-06-21,1730.9694,1642.1723,1719.7887,12500
equity,INE0LEX01011,2024-06-24,1725.7284,1634.0863,1651.1069,17000
equity,INE0LEX01011,2024-06-25,1687.095,1575.8367,1584.2721,19250
equity,INE0LEX01011,2024-06-26,1614.2205,1561.3616,1573.7902,13500
equity,INE0LEX01011,2024-06-27,1597.1499,1535.3563,1569.1481,9000
equity,INE0LEX01011,2024-06-28,1582.2755,1508.4027,1528.8175,5750
equity,INE0LEX01011,2024-07-01,1605.236,1502.413,1605.236,20000
equity,INE0LEX01011,2024-07-02,1685.4978,1527.6696,1685.4978,30500
equity,INE0LEX01011,2024-07-03,1769.7527,1717.243,1769.7527,31000
equity,INE0LEX01011,2024-07-04,1858.2004,1770.4514,1811.9301,22750
equity,INE0LEX01011,2024-07-05,1786.9232,1721.3361,1739.6046,34500
equity,INE0LEX01011,2024-07-08,1826.5548,1659.1431,1786.5737,26500
equity,INE0LEX01011,2024-07-09,1856.3536,1750.935,1754.2294,12500
equity,INE0LEX01011,2024-07-10,1789.319,1666.5304,1712.3516,17750
equity,INE0LEX01011,2024-07-11,1742.0005,1695.3808,1705.5632,3250
equity,INE0LEX01011,2024-07-12,1746.992,1620.3101,1733.4652,61000
equity,INE0LEX01011,2024-07-15,1704.4151,1646.8144,1668.3772,27250
equity,INE0LEX01011,2024-07-16,1672.1208,1584.9708,1616.5166,55000
equity,INE0LEX01011,2024-07-18,1677.1122,1565.3047,1573.3409,18500
equity,INE0LEX01011,2024-07-19,1573.341,1497.4217,1512.1963,21250
equity,INE0LEX01011,2024-07-22,1587.766,1522.3286,1587.766,11500
equity,INE0LEX01011,2024-07-23,1606.2342,1508.4027,1568.2996,19500
equity,INE0LEX01011,2024-07-24,1646.7146,1535.3563,1639.1276,13000
equity,INE0LEX01011,2024-07-25,1671.1225,1597.2497,1623.804,5250
equity,INE0LEX01011,2024-07-26,1647.1138,1597.2497,1613.4718,7500
equity,INE0LEX01011,2024-07-29,1633.1877,1555.3718,1561.8606,13750
equity,INE0LEX01011,2024-07-30,1562.3098,1533.3597,1542.2444,8750
equity,INE0LEX01011,2024-07-31,1565.2049,1465.4766,1509.401,17750
equity,INE0LEX01011,2024-08-01,1527.37,1478.4543,1494.0774,9250
equity,INE0LEX01011,2024-08-02,1537.3529,1447.6574,1508.0034,10250
equity,INE0LEX01011,2024-08-05,1484.4439,1432.6331,1432.6331,23000
equity,INE0LEX01011,2024-08-06,1489.3854,1402.6847,1409.1237,16750
equity,INE0LEX01011,2024-08-07,1442.5162,1402.5849,1404.3319,7000
equity,INE0LEX01011,2024-08-08,1425.5453,1347.6794,1396.2957,15000
equity,INE0LEX01011,2024-08-09,1425.8948,1347.6795,1368.0444,13500
equity,INE0LEX01011,2024-08-12,1372.6364,1346.6811,1357.6622,3750
equity,INE0LEX01011,2024-08-13,1377.6279,1347.6795,1360.6571,9500
equity,INE0LEX01011,2024-08-14,1496.7229,1349.6761,1483.8451,20250
equity,INE0LEX01011,2024-08-16,1540.3477,1453.5472,1467.573,5000
equity,INE0LEX01011,2024-08-19,1432.5334,1369.7415,1379.9739,23750
equity,INE0LEX01011,2024-08-20,1422.5505,1351.6726,1410.7708,19000
equity,INE0LEX01011,2024-08-21,1430.5367,1385.6141,1430.5367,7500
equity,INE0LEX01011,2024-08-22,1487.339,1437.5248,1472.4646,13250
equity,INE0LEX01011,2024-08-23,1494.4268,1367.6451,1476.308,12000
equity,INE0LEX01011,2024-08-26,1466.4749,1407.5763,1428.9396,8000
equity,INE0LEX01011,2024-08-27,1440.5195,1407.7759,1407.7759,3250
equity,INE0LEX01011,2024-08-28,1418.5573,1388.6089,1390.6055,3750
equity,INE0LEX01011,2024-08-29,1377.6279,1322.7224,1350.6743,5500
equity,INE0LEX01011,2024-08-30,1401.5866,1352.6708,1382.6193,4250
equity,INE0LEX01011,2024-09-02,1417.5591,1387.6107,1396.9446,14000
equity,INE0LEX01011,2024-09-03,1380.6228,1327.7139,1339.0944,5750
equity,INE0LEX01011,2024-09-04,1405.5797,1315.7344,1327.3644,8500
equity,INE0LEX01011,2024-09-05,1366.6468,1340.7415,1364.8499,4750
equity,INE0LEX01011,2024-09-06,1364.8998,1312.7396,1320.3765,8500
equity,INE0LEX01011,2024-09-09,1332.6055,1298.7637,1303.1062,5500
equity,INE0LEX01011,2024-09-10,1336.6983,1288.8806,1306.5503,6500
equity,INE0LEX01011,2024-09-11,1337.6967,1297.7654,1316.7328,4750
equity,INE0LEX01011,2024-09-12,1342.688,1313.7378,1328.5623,2000
equity,INE0LEX01011,2024-09-13,1414.5642,1298.7636,1390.6055,11000
equity,INE0LEX01011,2024-09-16,1362.4283,1306.8388,1312.0564,6653
equity,INE0LEX01011,2024-09-17,1359.5025,1296.1111,1316.5913,7421
equity,INE0LEX01011,2024-09-18,1402.4137,1276.606,1337.2668,25846
equity,INE0LEX01011,2024-09-19,1323.5645,1254.224,1279.483,15610
equity,INE0LEX01011,2024-09-20,1311.7152,1275.8747,1279.288,5118
equity,INE0LEX01011,2024-09-23,1306.8389,1269.828,1300.7435,8188
equity,INE0LEX01011,2024-09-24,1403.1938,1303.9131,1375.7405,37873
equity,INE0LEX01011,2024-09-25,1366.6468,1283.7895,1337.6467,22500
equity,INE0LEX01011,2024-09-26,1370.0907,1311.1423,1328.8618,9750
equity,INE0LEX01011,2024-09-27,1417.4093,1343.6863,1360.0082,19750
equity,INE0LEX01011,2024-09-30,1397.3939,1303.7551,1310.743,8000
equity,INE0LEX01011,2024-10-01,1366.6468,1317.731,1323.5211,7000
equity,INE0LEX01011,2024-10-03,1334.2026,1259.8307,1276.3523,12000
equity,INE0LEX01011,2024-10-04,1332.7052,1257.8841,1266.7687,9500
equity,INE0LEX01011,2024-10-07,1272.8084,1148.0732,1201.8805,32250
equity,INE0LEX01011,2024-10-08,1297.5658,1237.9185,1268.5157,12250
equity,INE0LEX01011,2024-10-09,1356.6639,1297.7653,1342.0391,13750
equity,INE0LEX01011,2024-10-10,1367.5951,1247.8514,1313.7379,14750
equity,INE0LEX01011,2024-10-11,1337.6966,1239.8651,1274.8049,11500
equity,INE0LEX01011,2024-10-14,1287.7826,1254.8393,1259.8307,7750
equity,INE0LEX01011,2024-10-15,1252.8429,1217.903,1231.1302,6750
equity,INE0LEX01011,2024-10-16,1248.8496,1182.9631,1188.254,10750
equity,INE0LEX01011,2024-10-17,1242.8599,1152.815,1200.5327,9000
equity,INE0LEX01011,2024-10-18,1302.3576,1176.1748,1280.7448,16500
equity,INE0LEX01011,2024-10-21,1317.731,1203.9269,1220.6981,7250
equity,INE0LEX01011,2024-10-22,1232.8272,1162.9974,1176.4742,10500
equity,INE0LEX01011,2024-10-23,1246.853,1177.9717,1237.7188,8000
equity,INE0LEX01011,2024-10-24,1277.7997,1197.9373,1236.5707,8250
equity,INE0LEX01011,2024-10-25,1257.8341,1138.0404,1207.7703,15000
equity,INE0LEX01011,2024-10-28,1217.803,1177.9716,1184.2108,7250
equity,INE0LEX01011,2024-10-29,1286.4848,1178.97,1224.4916,9250
equity,INE0LEX01011,2024-10-30,1293.7723,1262.8256,1278.7981,7750
equity,INE0LEX01011,2024-10-31,1322.7224,1278.798,1312.8394,10125
equity,INE0LEX01011,2024-11-01,1337.6467,1297.7654,1331.1578,2500
equity,INE0LEX01011,2024-11-04,1365.5987,1282.7913,1318.1803,5375
equity,INE0LEX01011,2024-11-05,1333.1544,1261.3281,1303.8051,43375
equity,INE0LEX01011,2024-11-06,1420.5539,1287.7826,1410.9705,30625
equity,INE0LEX01011,2024-11-07,1477.456,1341.6897,1373.3352,23625
equity,INE0LEX01011,2024-11-08,1411.5694,1373.3352,1396.9446,8875
equity,INE0LEX01011,2024-11-11,1415.5626,1350.7243,1399.4403,9500
equity,INE0LEX01011,2024-11-12,1421.4524,1297.7654,1339.793,11250
equity,INE0LEX01011,2024-11-13,1377.6279,1289.7792,1298.2146,18125
equity,INE0LEX01011,2024-11-14,1334.7018,1247.8513,1265.9202,18875
equity,INE0LEX01011,2024-11-18,1302.7568,1187.9545,1293.8721,55125
equity,INE0LEX01011,2024-11-19,1544.3408,1317.731,1473.4128,115750
equity,INE0LEX01011,2024-11-21,1523.377,1438.5231,1514.0431,29500
equity,INE0LEX01011,2024-11-22,1567.3012,1497.4215,1527.5696,28500
equity,INE0LEX01011,2024-11-25,1605.236,1449.5041,1502.6626,19875
equity,INE0LEX01011,2024-11-26,1583.2738,1482.4474,1554.2737,33500
equity,INE0LEX01011,2024-11-27,1575.2874,1500.4163,1524.425,8625
equity,INE0LEX01011,2024-11-28,1564.3065,1497.4217,1522.3287,14500
equity,INE0LEX01011,2024-11-29,1511.2978,1437.5248,1449.005,44500
equity,INE0LEX01011,2024-12-02,1462.4818,1419.5557,1457.5902,27625
equity,INE0LEX01011,2024-12-03,1467.4232,1430.5368,1447.7072,10625
equity,INE0LEX01011,2024-12-04,1631.1913,1448.5059,1530.9639,41625
equity,INE0LEX01011,2024-12-05,1771.7991,1559.315,1748.5891,123125
equity,INE0LEX01011,2024-12-06,1886.7512,1697.0778,1785.7252,61625
equity,INE0LEX01011,2024-12-09,1995.5639,1752.9816,1982.8358,94250
equity,INE0LEX01011,2024-12-10,2057.4574,1867.3348,1927.0819,36500
equity,INE0LEX01011,2024-12-11,2013.533,1890.1455,1983.1354,30500
equity,INE0LEX01011,2024-12-12,1981.5879,1896.7341,1918.5964,20875
equity,INE0LEX01011,2024-12-13,1993.2677,1826.8543,1965.2161,26625
equity,INE0LEX01011,2024-12-16,2112.3626,1949.6428,2062.3486,47375
equity,INE0LEX01011,2024-12-17,2131.3301,1968.6102,2103.5278,32500
equity,INE0LEX01011,2024-12-18,2106.373,2012.5346,2024.8135,17250
equity,INE0LEX01011,2024-12-19,2063.447,1936.6653,1993.3677,15625
equity,INE0LEX01011,2024-12-20,2013.5329,1896.734,1918.9458,17375
equity,INE0LEX01011,2024-12-23,1950.6413,1796.906,1922.7394,18250
equity,INE0LEX01011,2024-12-24,1953.636,1876.8682,1925.5844,7625
equity,INE0LEX01011,2024-12-26,1936.6652,1857.801,1864.8888,8375
equity,INE0LEX01011,2024-12-27,1885.703,1756.9747,1768.1554,24000
equity,INE0LEX01011,2024-12-30,1840.8303,1648.3616,1675.4152,19875
equity,INE0LEX01011,2024-12-31,1759.1708,1677.1122,1739.0056,11000
equity,INE0LEX01011,2025-01-01,1794.8594,1662.2378,1743.1984,13750
equity,INE0LEX01011,2025-01-02,1830.3483,1756.9746,1830.3483,15500
equity,INE0LEX01011,2025-01-03,1917.6479,1831.8457,1878.715,8875
equity,INE0LEX01011,2025-01-06,1936.6652,1784.9265,1807.0385,11375
equity,INE0LEX01011,2025-01-07,1895.7856,1766.9574,1875.2209,13375
equity,INE0LEX01011,2025-01-08,1968.9596,1801.8973,1968.9596,23375
equity,INE0LEX01011,2025-01-09,2056.4589,1887.7495,1939.111,30125
equity,INE0LEX01011,2025-01-10,1929.6772,1854.8062,1877.9164,14125
equity,INE0LEX01011,2025-01-13,1896.734,1784.0281,1784.0281,11750
equity,INE0LEX01011,2025-01-14,1820.8647,1722.1347,1796.7562,21375
equity,INE0LEX01011,2025-01-15,1881.66,1796.7561,1873.8235,15375
equity,INE0LEX01011,2025-01-16,1961.6224,1796.906,1815.6238,28125
equity,INE0LEX01011,2025-01-17,1849.8148,1759.9695,1829.3,12625
equity,INE0LEX01011,2025-01-20,1897.7323,1811.8801,1869.0817,9625
equity,INE0LEX01011,2025-01-21,1962.5208,1901.8252,1917.2986,22125
equity,INE0LEX01011,2025-01-22,1936.6652,1821.4636,1837.8854,9375
equity,INE0LEX01011,2025-01-23,1837.8854,1754.2794,1787.7218,16750
equity,INE0LEX01011,2025-01-24,1796.9058,1698.3755,1704.3652,19000
equity,INE0LEX01011,2025-01-27,1698.076,1619.1619,1619.1619,5875
equity,INE0LEX01011,2025-01-29,1698.0262,1608.2808,1680.756,11625
equity,INE0LEX01011,2025-01-30,1722.0349,1649.1604,1662.1381,8875
equity,INE0LEX01011,2025-01-31,1712.052,1674.1173,1689.9401,3375
equity,INE0LEX01011,2025-02-01,1732.0176,1605.4355,1632.1895,10250
equity,INE0LEX01011,2025-02-03,1604.2377,1550.5801,1572.2927,14375
equity,INE0LEX01011,2025-02-04,1616.217,1497.4215,1587.1171,17625
equity,INE0LEX01011,2025-02-05,1642.1723,1532.3614,1569.9467,10875
equity,INE0LEX01011,2025-02-06,1590.2618,1509.401,1542.9432,9750
equity,INE0LEX01011,2025-02-07,1586.1687,1522.4784,1553.2255,7375
equity,INE0LEX01011,2025-02-10,1547.3356,1475.5592,1475.5592,8250
equity,INE0LEX01011,2025-02-11,1442.516,1401.7861,1401.7861,29125
equity,INE0LEX01011,2025-02-12,1471.4663,1331.707,1407.8759,46500
equity,INE0LEX01011,2025-02-13,1478.2547,1363.1528,1462.6814,30875
equity,INE0LEX01011,2025-02-14,1462.6813,1389.5573,1431.3853,25125
equity,INE0LEX01011,2025-02-17,1437.5248,1359.8086,1379.1753,21250
equity,INE0LEX01011,2025-02-18,1367.6452,1310.244,1320.2268,11125
equity,INE0LEX01011,2025-02-19,1356.664,1254.2404,1333.1544,25500
equity,INE0LEX01011,2025-02-20,1399.7897,1332.7052,1399.7897,6000
equity,INE0LEX01011,2025-02-21,1469.7693,1397.6933,1469.7693,6125
equity,INE0LEX01011,2025-02-24,1542.2943,1397.5935,1418.5574,6000
equity,INE0LEX01011,2025-02-25,1418.5574,1347.6295,1371.6382,11750
equity,INE0LEX01011,2025-02-27,1417.5591,1303.0563,1303.2059,18375
equity,INE0LEX01011,2025-02-28,1296.7671,1238.0681,1270.4125,23375
equity,INE0LEX01011,2025-03-03,1272.8084,1206.9219,1206.9219,9250
equity,INE0LEX01011,2025-03-04,1264.8722,1146.5759,1210.4159,36500
equity,INE0LEX01011,2025-03-05,1245.8548,1175.9752,1197.1387,12500
equity,INE0LEX01011,2025-03-06,1256.9857,1188.1542,1256.9857,19125
equity,INE0LEX01011,2025-03-07,1319.8274,1286.8841,1319.8274,9500
equity,INE0LEX01011,2025-03-10,1385.5144,1253.8411,1253.8411,27750
equity,INE0LEX01011,2025-03-11,1216.9046,1191.1489,1191.1489,16125
equity,INE0LEX01011,2025-03-12,1221.8961,1131.6016,1133.5981,62375
equity,INE0LEX01011,2025-03-13,1180.7669,1076.9457,1096.0128,36125
equity,INE0LEX01011,2025-03-17,1115.5791,1041.2072,1041.2072,19500
equity,INE0LEX01011,2025-03-19,1134.0474,1063.1694,1134.0474,17625
equity,INE0LEX01011,2025-03-20,1190.7497,1122.068,1150.9681,43625
equity,INE0LEX01011,2025-03-21,1159.0043,1118.0748,1132.4999,34000
equity,INE0LEX01011,2025-03-24,1189.1025,1125.0628,1188.6034,27875
equity,INE0LEX01011,2025-03-25,1248.001,1129.2056,1135.5946,57250
equity,INE0LEX01011,2025-03-26,1191.9477,1078.8424,1179.7687,87750
equity,INE0LEX01011,2025-03-27,1203.8272,1141.1351,1159.6033,27375
equity,INE0LEX01011,2025-03-28,1209.8169,1144.0301,1202.2798,24625
equity,INE0LEX01011,2025-04-01,1261.7274,1187.9545,1261.1783,10000
equity,INE0LEX01011,2025-04-02,1324.2199,1247.8514,1322.9221,16000
equity,INE0LEX01011,2025-04-03,1389.0581,1278.9976,1389.0581,15125
equity,INE0LEX01011,2025-04-04,1422.5504,1319.6277,1328.5623,19125
equity,INE0LEX01011,2025-04-07,1262.8256,1262.1268,1262.1268,3250
equity,INE0LEX01011,2025-04-08,1321.7241,1281.7929,1319.6776,10375
equity,INE0LEX01011,2025-04-09,1351.6227,1277.7999,1326.4661,5625
equity,INE0LEX01011,2025-04-11,1391.7536,1297.7654,1387.9601,14375
equity,INE0LEX01011,2025-04-15,1457.3406,1388.6089,1457.3406,6875
equity,INE0LEX01011,2025-04-16,1530.1652,1488.487,1528.8674,42000
equity,INE0LEX01011,2025-04-17,1528.8675,1492.4303,1509.8502,14000
equity,INE0LEX01011,2025-04-21,1585.3203,1502.413,1550.9294,30250
equity,INE0LEX01011,2025-04-22,1616.2171,1519.3838,1536.5542,20250
equity,INE0LEX01011,2025-04-23,1566.3029,1469.4696,1501.4646,18000
equity,INE0LEX01011,2025-04-24,1531.3632,1473.8123,1500.9656,11000
equity,INE0LEX01011,2025-04-25,1503.4113,1425.9447,1425.9447,16625
equity,INE0LEX01011,2025-04-28,1441.4679,1362.6537,1406.8276,13375
equity,INE0LEX01011,2025-04-29,1415.5626,1355.7157,1390.356,20250
equity,INE0LEX01011,2025-04-30,1375.6314,1320.8757,1320.8757,20250
equity,INE0LEX01011,2025-05-02,1302.7568,1254.8393,1287.8325,16750
equity,INE0LEX01011,2025-05-05,1337.2474,1287.7826,1337.2474,25125
equity,INE0LEX01011,2025-05-06,1404.0823,1289.0804,1304.354,50875
equity,INE0LEX01011,2025-05-07,1361.6554,1267.817,1351.6726,10000
equity,INE0LEX01011,2025-05-08,1392.6021,1289.7792,1320.3265,17875
equity,INE0LEX01011,2025-05-09,1386.3129,1332.7052,1386.3129,46250
equity,INE0LEX01011,2025-05-12,1455.5936,1447.5076,1455.5936,35250
equity,INE0LEX01011,2025-05-13,1497.4216,1407.5763,1468.4215,20250
equity,INE0LEX01011,2025-05-14,1541.795,1450.0032,1541.795,32125
equity,INE0LEX01011,2025-05-15,1605.236,1497.4216,1512.5955,24125
equity,INE0LEX01011,2025-05-16,1588.2152,1459.1376,1587.5165,62375
equity,INE0LEX01011,2025-05-19,1655.0502,1533.9587,1565.9536,39375
equity,INE0LEX01011,2025-05-20,1604.1877,1554.3236,1596.451,17125
equity,INE0LEX01011,2025-05-21,1630.193,1568.7488,1619.8608,30750
equity,INE0LEX01011,2025-05-22,1627.1981,1567.3012,1620.859,14375
equity,INE0LEX01011,2025-05-23,1682.1036,1572.2927,1629.6938,63000
equity,INE0LEX01011,2025-05-26,1662.1381,1602.2412,1641.2241,21125
equity,INE0LEX01011,2025-05-27,1631.6903,1598.8469,1613.7712,16875
equity,INE0LEX01011,2025-05-28,1603.2394,1557.3185,1575.8367,18000
equity,INE0LEX01011,2025-05-29,1606.2343,1530.365,1556.0208,19375
equity,INE0LEX01011,2025-05-30,1616.217,1530.3649,1600.1946,38000
equity,INE0LEX01011,2025-06-02,1635.1845,1559.3151,1615.7679,34500
equity,INE0LEX01011,2025-06-03,1682.0037,1615.7678,1671.1224,25125
equity,INE0LEX01011,2025-06-04,1726.028,1662.1381,1692.3361,71000
equity,INE0LEX01011,2025-06-05,1722.0349,1689.0916,1698.8248,14625
equity,INE0LEX01011,2025-06-06,1727.0263,1687.095,1700.6716,16500
equity,INE0LEX01011,2025-06-09,1697.0778,1632.2893,1664.983,14750
equity,INE0LEX01011,2025-06-10,1662.1381,1570.2962,1618.2637,58250
equity,INE0LEX01011,2025-06-11,1660.0915,1537.4029,1601.0931,52125
equity,INE0LEX01011,2025-06-12,1597.2497,1522.3786,1580.6283,38500
equity,INE0LEX01011,2025-06-13,1612.2239,1498.5697,1592.5579,34750
equity,INE0LEX01011,2025-06-16,1601.2428,1542.3442,1584.222,26250
equity,INE0LEX01011,2025-06-17,1597.2498,1543.3426,1556.42,10125
equity,INE0LEX01011,2025-06-18,1561.0621,1520.3821,1541.9449,18875
equity,INE0LEX01011,2025-06-19,1534.9071,1469.6195,1498.3699,13875
equity,INE0LEX01011,2025-06-20,1522.3786,1458.6882,1493.4285,19250
equity,INE0LEX01011,2025-06-23,1486.4405,1416.5609,1428.7898,16000
equity,INE0LEX01011,2025-06-24,1477.4061,1437.5248,1455.4939,28125
equity,INE0LEX01011,2025-06-25,1458.7382,1397.5934,1411.17,14250
equity,INE0LEX01011,2025-06-26,1427.4919,1377.6278,1411.9187,32625
equity,INE0LEX01011,2025-06-27,1463.3439,1402.5127,1416.347,48500
equity,INE0LEX01011,2025-06-30,1433.3778,1409.6047,1427.035,7000
equity,INE0LEX01011,2025-07-01,1458.3497,1423.589,1453.655,9750
equity,INE0LEX01011,2025-07-02,1478.327,1420.3925,1439.321,14000
equity,INE0LEX01011,2025-07-03,1423.3892,1330.5443,1352.2197,62875
equity,INE0LEX01011,2025-07-04,1358.4627,1298.5305,1311.366,39500
equity,INE0LEX01011,2025-07-07,1328.2469,1288.7415,1306.072,20500
equity,INE0LEX01011,2025-07-08,1308.5192,1283.4476,1295.7836,30375
equity,INE0LEX01011,2025-07-09,1323.5022,1291.5384,1300.8778,35125
equity,INE0LEX01011,2025-07-10,1312.6145,1283.5474,1302.2262,16750
equity,INE0LEX01011,2025-07-11,1303.375,1283.6473,1299.3795,13125
equity,INE0LEX01011,2025-07-14,1297.5316,1251.6336,1288.342,11750
equity,INE0LEX01011,2025-07-15,1315.0619,1258.5758,1277.4044,16750
equity,INE0LEX01011,2025-07-16,1403.4118,1278.5531,1400.4152,44750
equity,INE0LEX01011,2025-07-17,1407.9067,1351.5206,1366.7034,10500
equity,INE0LEX01011,2025-07-18,1366.7034,1320.3059,1326.0494,7125
equity,INE0LEX01011,2025-07-21,1341.4819,1293.5362,1300.3784,18125
equity,INE0LEX01011,2025-07-22,1358.4627,1313.5135,1345.9768,13250
equity,INE0LEX01011,2025-07-23,1357.314,1313.6134,1324.3014,6250
equity,INE0LEX01011,2025-07-24,1343.4796,1195.9964,1243.5426,78875
equity,INE0LEX01011,2025-07-25,1344.4784,1228.6096,1304.8234,65500
equity,INE0LEX01011,2025-07-28,1327.4477,1263.3703,1284.8959,8125
equity,INE0LEX01011,2025-07-29,1296.333,1258.5757,1274.8573,4875
equity,INE0LEX01011,2025-07-30,1292.3376,1244.5915,1274.3579,21750
equity,INE0LEX01011,2025-07-31,1308.5191,1251.5836,1259.6245,26250
equity,INE0LEX01011,2025-08-01,1278.5531,1223.6153,1240.2465,17875
equity,INE0LEX01011,2025-08-04,1262.3714,1220.6186,1239.5471,10750
equity,INE0LEX01011,2025-08-05,1277.4543,1230.6073,1250.2351,19500
equity,INE0LEX01011,2025-08-06,1250.2351,1203.6378,1221.5675,10500
equity,INE0LEX01011,2025-08-07,1218.0216,1174.6707,1200.1418,34875
equity,INE0LEX01011,2025-08-08,1217.622,1178.6661,1190.4028,11750
equity,INE0LEX01011,2025-08-11,1207.134,1180.6639,1197.0454,8000
equity,INE0LEX01011,2025-08-12,1234.6028,1170.7251,1226.7117,8625
equity,INE0LEX01011,2025-08-13,1239.5972,1213.6266,1228.8093,8125
equity,INE0LEX01011,2025-08-14,1238.5983,1213.6265,1230.9569,5250
equity,INE0LEX01011,2025-08-18,1270.0627,1230.957,1266.0673,5000
equity,INE0LEX01011,2025-08-19,1265.5678,1224.714,1230.158,4375
equity,INE0LEX01011,2025-08-20,1287.5429,1218.6209,1259.1251,24625
equity,INE0LEX01011,2025-08-21,1263.57,1189.6537,1209.2815,21000
equity,INE0LEX01011,2025-08-22,1224.6141,1183.6605,1192.3506,13125
equity,INE0LEX01011,2025-08-25,1218.5709,1180.6638,1202.3392,12250
equity,INE0LEX01011,2025-08-26,1216.6232,1170.6752,1196.3961,12250
equity,INE0LEX01011,2025-08-28,1202.639,1178.6661,1196.9954,5625
equity,INE0LEX01011,2025-08-29,1222.6164,1183.7604,1214.9252,6750
equity,INE0LEX01011,2025-09-01,1223.6152,1188.7547,1206.6844,9250
equity,INE0LEX01011,2025-09-02,1198.6435,1186.6571,1192.2507,7250
equity,INE0LEX01011,2025-09-03,1223.6153,1190.6526,1212.428,10000
equity,INE0LEX01011,2025-09-04,1213.6266,1186.6571,1194.4484,7500
equity,INE0LEX01011,2025-09-05,1212.6277,1168.6774,1193.9489,20250
equity,INE0LEX01011,2025-09-08,1207.6334,1178.6662,1193.2496,7375
equity,INE0LEX01011,2025-09-09,1197.6447,1168.7773,1180.2145,6625
equity,INE0LEX01011,2025-09-10,1218.4212,1178.6662,1199.093,10000
equity,INE0LEX01011,2025-09-11,1210.6299,1181.6627,1192.3506,12750
equity,INE0LEX01011,2025-09-12,1202.2894,1172.8228,1180.0646,6500
equity,INE0LEX01011,2025-09-15,1179.0656,1161.6853,1172.6729,14375
equity,INE0LEX01011,2025-09-16,1254.5802,1154.993,1231.4065,25125
equity,INE0LEX01011,2025-09-17,1230.6074,1192.6504,1198.4438,10625
equity,INE0LEX01011,2025-09-18,1253.5814,1203.7878,1227.6608,12375
equity,INE0LEX01011,2025-09-19,1223.5154,1022.5928,1203.5879,14000
equity,INE0LEX01011,2025-09-22,1216.6232,1168.6774,1190.1031,15500
equity,INE0LEX01011,2025-09-23,1231.6563,1181.6628,1206.5347,12875
equity,INE0LEX01011,2025-09-24,1220.0692,1174.6706,1187.2563,10375
equity,INE0LEX01011,2025-09-25,1207.5833,1145.7534,1184.1099,17000
equity,INE0LEX01011,2025-09-26,1177.6673,1098.7566,1111.0427,41000
equity,INE0LEX01011,2025-09-29,1123.6285,1084.7724,1108.7953,17375
equity,INE0LEX01011,2025-09-30,1117.6851,1050.8108,1074.6838,32125
equity,INE0LEX01011,2025-10-01,1097.3082,1048.8131,1072.3864,20625
equity,INE0LEX01011,2025-10-03,1081.7758,1044.8176,1073.6849,15250
equity,INE0LEX01011,2025-10-06,1061.0992,1023.8413,1035.6281,28500
equity,INE0LEX01011,2025-10-07,1033.9799,993.8752,1001.9661,40750
equity,INE0LEX01011,2025-10-08,1038.8244,955.6685,1026.1388,22000
equity,INE0LEX01011,2025-10-09,1030.4338,998.8696,1023.5916,12625
equity,INE0LEX01011,2025-10-10,1093.7622,1000.9672,1060.1003,17250
equity,INE0LEX01011,2025-10-13,1083.7735,1018.847,1026.5883,15000
equity,INE0LEX01011,2025-10-14,1028.8357,998.9195,1006.2112,14875
equity,INE0LEX01011,2025-10-15,1022.2931,978.8922,997.1715,18625
equity,INE0LEX01011,2025-10-16,1004.8628,983.9864,994.5245,6500
equity,INE0LEX01011,2025-10-17,998.8696,958.9148,966.4562,17625
equity,INE0LEX01011,2025-10-20,966.4563,910.2699,949.7751,22625
equity,INE0LEX01011,2025-10-21,1028.8357,949.7751,1008.1091,11250
equity,INE0LEX01011,2025-10-23,1087.6191,1003.8639,1070.2388,15875
equity,INE0LEX01011,2025-10-24,1078.7792,1038.8244,1051.3602,14125
equity,INE0LEX01011,2025-10-27,1058.8018,1021.8436,1040.4725,7875
equity,INE0LEX01011,2025-10-28,1033.83,1002.016,1020.3453,11625
equity,INE0LEX01011,2025-10-29,1037.7755,1015.8504,1016.2,2875
equity,INE0LEX01011,2025-10-30,1034.8289,1012.8538,1019.3964,9125
equity,INE0LEX01011,2025-10-31,1055.8051,1015.8503,1048.863,6000
equity,INE0LEX01011,2025-11-03,1153.6944,1040.922,1135.7147,29750
equity,INE0LEX01011,2025-11-04,1193.4993,1123.7283,1175.8193,12500
equity,INE0LEX01011,2025-11-06,1163.6831,1122.9292,1132.2188,13625
equity,INE0LEX01011,2025-11-07,1161.6853,1046.8153,1101.054,23875
equity,INE0LEX01011,2025-11-10,1126.7249,1077.7803,1116.2867,6875
equity,INE0LEX01011,2025-11-11,1181.6628,1123.7283,1172.5231,19625
equity,INE0LEX01011,2025-11-12,1173.1723,1134.7659,1155.8918,11000
equity,INE0LEX01011,2025-11-13,1207.4336,1156.1915,1197.3949,19250
equity,INE0LEX01011,2025-11-14,1208.6322,1148.6002,1155.792,22375
equity,INE0LEX01011,2025-11-17,1217.6221,1130.7204,1143.3062,35875
equity,INE0LEX01011,2025-11-18,1123.7283,1068.7904,1078.4296,18875
equity,INE0LEX01011,2025-11-19,1099.7554,1069.8892,1073.8846,6000
equity,INE0LEX01011,2025-11-20,1093.7622,1013.8527,1019.8958,23625
equity,INE0LEX01011,2025-11-21,1020.8947,978.8922,989.1805,23125
equity,INE0LEX01011,2025-11-24,1016.6495,956.967,964.1089,8750
equity,INE0LEX01011,2025-11-25,988.8809,904.1768,936.64,21375
equity,INE0LEX01011,2025-11-26,973.8979,940.0362,962.5607,14500
equity,INE0LEX01011,2025-11-27,971.4007,952.9216,968.2043,9250
equity,INE0LEX01011,2025-11-28,968.9035,941.5344,962.311,11750
equity,INE0LEX01011,2025-12-01,1092.6635,967.4052,1072.2865,42500
equity,INE0LEX01011,2025-12-02,1096.7589,1014.9015,1024.4407,8875
equity,INE0LEX01011,2025-12-03,1039.8233,989.8798,1003.015,7625
equity,INE0LEX01011,2025-12-04,1018.7971,981.8888,1005.8617,5250
equity,INE0LEX01011,2025-12-05,1018.797,994.924,1000.1182,4250
equity,INE0LEX01011,2025-12-08,1008.8583,963.9092,965.9069,9625
equity,INE0LEX01011,2025-12-09,997.8707,958.9148,987.6323,10750
equity,INE0LEX01011,2025-12-10,1016.15,990.1794,998.1703,7625
equity,INE0LEX01011,2025-12-11,1020.595,992.8764,1002.915,9625
equity,INE0LEX01011,2025-12-12,1017.8481,969.1033,993.8752,4500
equity,INE0LEX01011,2025-12-15,980.9898,969.2032,972.6493,4375
equity,INE0LEX01011,2025-12-16,997.8707,967.0056,987.7822,4625
equity,INE0LEX01011,2025-12-17,996.822,968.9535,970.6016,3625
equity,INE0LEX01011,2025-12-18,973.8979,923.9544,937.7887,11750
equity,INE0LEX01011,2025-12-19,958.9148,937.7887,948.9761,4125
equity,INE0LEX01011,2025-12-22,973.8979,945.9295,961.3121,6250
equity,INE0LEX01011,2025-12-23,958.9148,929.9476,948.7263,5375
equity,INE0LEX01011,2025-12-24,958.8149,918.8601,924.6036,15375
equity,INE0LEX01011,2025-12-26,929.4482,887.0461,899.3322,6875
equity,INE0LEX01011,2025-12-29,913.9657,849.0391,854.3331,31750
equity,INE0LEX01011,2025-12-30,859.4773,819.0731,822.4692,25500
equity,INE0LEX01011,2025-12-31,855.0324,815.6769,840.2491,14625
equity,INE0LEX01011,2026-01-01,843.0459,815.0776,825.0663,7875
equity,INE0LEX01011,2026-01-02,844.0448,814.0787,837.9517,11500
equity,INE0LEX01011,2026-01-05,839.0504,804.09,825.9653,19500
equity,INE0LEX01011,2026-01-06,827.0141,814.1786,822.4692,7000
equity,INE0LEX01011,2026-01-07,839.0006,810.1831,824.7667,18000
equity,INE0LEX01011,2026-01-08,819.0731,791.1047,808.2853,27000
equity,INE0LEX01011,2026-01-09,802.9913,755.1954,761.3384,22500
equity,INE0LEX01011,2026-01-12,746.1556,698.2099,726.8774,39500
equity,INE0LEX01011,2026-01-13,736.1669,684.2257,705.4517,11375
equity,INE0LEX01011,2026-01-14,750.1511,707.1997,739.1136,9500
equity,INE0LEX01011,2026-01-16,777.9696,741.361,757.9922,16750
equity,INE0LEX01011,2026-01-19,763.1364,734.2191,737.7651,8625
equity,INE0LEX01011,2026-01-20,740.1624,734.269,734.7684,16500
equity,INE0LEX01011,2026-01-21,749.2021,714.1918,745.3565,19625
equity,INE0LEX01011,2026-01-22,784.1126,742.26,784.1126,9750
equity,INE0LEX01011,2026-01-23,808.7848,779.1183,798.3965,11625
equity,INE0LEX01011,2026-01-27,819.0731,724.1805,801.8426,6875
equity,INE0LEX01011,2026-01-28,879.0052,819.123,867.5182,13375
equity,INE0LEX01011,2026-01-29,898.0836,874.0109,887.9951,12750
equity,INE0LEX01011,2026-01-30,918.4606,869.5659,909.7704,10375
equity,INE0LEX01011,2026-02-02,903.9271,879.0053,891.7408,15125
equity,INE0LEX01011,2026-02-03,923.9544,888.994,906.4742,4125
equity,INE0LEX01011,2026-02-04,913.9657,886.9962,902.9781,7500
equity,INE0LEX01011,2026-02-05,916.9623,884.9985,888.5444,6000
equity,INE0LEX01011,2026-02-06,953.9205,884.0495,930.4969,33625
equity,INE0LEX01011,2026-02-09,953.9205,933.9431,940.3359,21375
equity,INE0LEX01011,2026-02-10,978.8922,938.9374,965.5573,14625
equity,INE0LEX01011,2026-02-11,993.8753,954.32,985.6346,73250
equity,INE0LEX01011,2026-02-12,992.8764,963.9092,984.1363,18375
equity,INE0LEX01011,2026-02-13,1033.83,973.9478,989.7799,75375
equity,INE0LEX01011,2026-02-16,1018.847,983.8865,1002.066,8125
equity,INE0LEX01011,2026-02-17,1028.8357,1000.8673,1026.3385,13250
equity,INE0LEX01011,2026-02-18,1044.8176,1013.8027,1026.4884,15250
equity,INE0LEX01011,2026-02-19,1043.8188,1014.8515,1015.8005,3375
equity,INE0LEX01011,2026-02-20,1024.8402,988.8809,1023.8914,20000
equity,INE0LEX01011,2026-02-23,1033.83,1020.8447,1032.6813,4625
equity,INE0LEX01011,2026-02-24,1028.8357,978.8922,998.6199,42125
equity,INE0LEX01011,2026-02-25,1021.8436,993.8752,1015.4508,17750
equity,INE0LEX01011,2026-02-26,1028.8357,1003.9139,1021.5939,19625
equity,INE0LEX01011,2026-02-27,1023.8414,993.8753,1007.7096,12500
equity,INE0LEX01011,2026-03-02,1007.7096,960.9125,997.3713,10375
equity,INE0LEX01011,2026-03-04,999.8685,961.6617,989.8298,34125
equity,INE0LEX01011,2026-03-05,1020.7948,974.0477,1010.5065,16875
equity,INE0LEX01011,2026-03-06,1023.8413,990.8786,1018.847,14750
equity,INE0LEX01011,2026-03-09,1013.8526,969.9024,997.4711,17625
equity,INE0LEX01011,2026-03-10,1028.8357,1002.9649,1010.6563,11625
equity,INE0LEX01011,2026-03-11,1007.8594,994.8741,1006.5609,8625
equity,INE0LEX01011,2026-03-12,1008.8583,982.1385,1003.864,4500
equity,INE0LEX01011,2026-03-13,1003.814,969.9523,993.7254,18125
equity,INE0LEX01011,2026-03-16,1003.3146,977.3939,987.2827,12125
equity,INE0LEX01011,2026-03-17,1001.6165,979.4915,980.4904,3000
equity,INE0LEX01011,2026-03-18,998.8696,970.9512,996.9218,16000
equity,INE0LEX01011,2026-03-19,992.8265,966.9058,977.3939,6500
equity,INE0LEX01011,2026-03-20,988.8809,967.9046,975.1464,12750
equity,INE0LEX01011,2026-03-23,988.8809,956.9171,961.2122,24875
equity,INE0LEX01011,2026-03-24,968.9035,849.0891,927.0009,42250
equity,INE0LEX01011,2026-03-25,933.9431,854.0335,869.3661,58875
equity,INE0LEX01011,2026-03-27,850.038,785.1115,807.0866,50625
equity,INE0LEX01011,2026-03-30,804.09,754.1465,768.5303,19125
equity,INE0LEX01011,2026-04-01,844.9938,801.5929,837.0028,7000
equity,INE0LEX01011,2026-04-02,898.9826,799.0957,896.2357,5875
equity,INE0LEX01011,2026-04-06,926.951,882.0019,909.2211,7250
equity,INE0LEX01011,2026-04-07,924.9533,883.9996,894.9373,12500
equity,INE0LEX01011,2026-04-08,936.9397,898.9826,931.0963,16500
equity,INE0LEX01011,2026-04-09,924.9532,883.9996,888.6443,9250
equity,INE0LEX01011,2026-04-10,908.9214,883.0007,896.9849,7375
equity,INE0LEX01011,2026-04-13,895.986,864.0222,870.1153,8500
equity,INE0LEX01011,2026-04-15,893.4888,847.0414,859.7271,25875
equity,INE0LEX01011,2026-04-16,874.0109,834.0561,842.7962,10250
equity,INE0LEX01011,2026-04-17,880.0041,845.0437,870.8644,17250
equity,INE0LEX01011,2026-04-20,879.0053,844.0448,844.2946,8125
equity,INE0LEX01011,2026-04-21,908.8715,844.0448,886.8964,20875
equity,INE0LEX01011,2026-04-22,902.9282,882.4514,891.8407,5625
equity,INE0LEX01011,2026-04-23,889.9928,852.2355,860.3264,6750
equity,INE0LEX01011,2026-04-24,869.0165,839.0505,853.4342,5000
equity,INE0LEX01011,2026-04-27,886.9962,849.0392,866.0699,8375
equity,INE0LEX01011,2026-04-28,862.5239,852.0358,852.0358,4000
equity,INE0LEX01011,2026-04-29,849.189,835.055,842.8461,11875
equity,INE0LEX01011,2026-04-30,849.0392,839.0505,847.7906,1875
equity,INE0LEX01011,2026-05-04,843.1958,819.0731,835.5544,6875
equity,INE0LEX01011,2026-05-05,845.9427,809.0844,812.4305,7875
equity,INE0LEX01011,2026-05-06,829.0618,812.4306,821.6202,4750
equity,INE0LEX01011,2026-05-07,824.0674,809.0345,814.0288,5625
equity,INE0LEX01011,2026-05-08,850.038,806.3375,819.0731,11875
equity,INE0LEX01011,2026-05-11,888.994,797.0979,880.9531,21625
equity,INE0LEX01011,2026-05-12,869.1664,840.0494,855.0823,7250
equity,INE0LEX01011,2026-05-13,859.0279,831.0595,834.4057,3250
equity,INE0LEX01011,2026-05-14,849.0391,825.1162,831.2094,5000
equity,INE0LEX01011,2026-05-15,826.0652,805.1888,820.9709,4500
equity,INE0LEX01011,2026-05-18,829.0617,798.0968,823.3182,11000
equity,INE0LEX01011,2026-05-19,814.0787,804.09,810.0833,5125
equity,INE0LEX01011,2026-05-20,817.0753,804.09,814.0787,3375
equity,INE0LEX01011,2026-05-21,819.073,809.0843,809.7836,750
equity,INE0LEX01011,2026-05-22,807.9856,787.1591,799.645,20375
equity,INE0LEX01011,2026-05-25,808.0855,792.1036,795.4498,11500
equity,INE0LEX01011,2026-05-26,789.107,764.2351,769.9286,17500
equity,INE0LEX01011,2026-05-27,827.064,755.1454,823.8177,12750
equity,INE0LEX01011,2026-05-29,838.9506,797.0979,822.9687,12000
equity,INE0LEX01011,2026-06-01,893.9883,839.0505,842.6964,37500
equity,INE0LEX01011,2026-06-02,849.0392,804.0901,813.2797,14750
equity,INE0LEX01011,2026-06-03,816.9755,792.1036,799.745,11500
equity,INE0LEX01011,2026-06-04,807.7359,785.1115,799.5951,9625
equity,INE0LEX01011,2026-06-05,802.0923,779.1183,784.662,12250
equity,INE0LEX01011,2026-06-08,779.1183,744.1579,753.8469,10375
equity,INE0LEX01011,2026-06-09,759.2908,729.1748,733.7197,10000
equity,INE0LEX01011,2026-06-10,764.1353,729.1748,730.2236,9375
equity,INE0LEX01011,2026-06-11,725.1793,712.0942,713.043,8750
equity,INE0LEX01011,2026-06-12,788.6075,719.1861,768.9797,17625
equity,INE0LEX01011,2026-06-15,848.0403,775.1228,801.6428,64000
equity,INE0LEX01011,2026-06-16,868.0177,823.0685,862.9734,43250
equity,INE0LEX01011,2026-06-17,947.9272,877.0075,935.741,87250
equity,INE0LEX01011,2026-06-18,978.8922,940.9351,956.2678,33000
equity,INE0LEX01011,2026-06-19,966.9058,900.3311,953.0215,29875
equity,INE0LEX01011,2026-06-22,968.4041,937.0895,945.4301,11000
equity,INE0LEX01011,2026-06-23,958.8649,930.9465,938.8875,15250
equity,INE0LEX01011,2026-06-24,957.866,908.9714,917.8613,10000
equity,INE0LEX01011,2026-06-25,930.9465,914.0156,920.2086,6750
equity,INE0LEX01011,2026-06-29,929.3982,860.5261,876.4581,32875
equity,INE0LEX01011,2026-06-30,902.9781,872.0631,889.6932,8250
equity,INE0LEX01011,2026-07-01,902.9781,879.0052,890.5921,8375
equity,INE0LEX01011,2026-07-02,906.8737,879.6545,902.6285,9000
equity,INE0LEX01011,2026-07-03,909.4708,879.0053,886.8464,15750
equity,INE0LEX01011,2026-07-06,903.977,861.0256,882.3514,11625
equity,INE0LEX01011,2026-07-07,901.9793,849.0392,854.6828,9250
equity,INE0LEX01011,2026-07-08,854.0335,833.0573,835.6543,5625
equity,INE0LEX01011,2026-07-09,862.9734,827.3138,837.6021,15875
equity,INE0LEX01011,2026-07-10,857.0301,834.0561,851.1368,8625
equity,INE0LEX01011,2026-07-13,954.9193,839.1503,927.5503,34375
equity,INE0LEX01011,2026-07-14,962.9103,928.9487,931.8455,52625
equity,INE0LEX01011,2026-07-15,952.9216,909.9702,922.9056,18750
equity,INE0LEX01011,2026-07-16,940.9352,917.0122,923.405,19750
equity,INE0LEX01011,2026-07-17,937.9385,887.995,918.5105,41125
equity,INE0LEX01011,2026-07-20,928.9487,912.9668,926.8511,11125
equity,INE0LEX01011,2026-07-21,773.9574,749.1938,756.8934,18000
equity,INE0LEX01011,2026-07-22,755.8114,724.1805,737.4987,14850
equity,INE0LEX01011,2026-07-23,758.3085,735.8339,743.2422,10500
equity,INE0LEX01011,2026-07-24,749.1522,740.8283,743.9913,9600
equity,INE0LEX01011,2026-07-27,814.9111,755.8114,765.5504,361500
equity,INE0LEX01011,2026-07-28,796.0991,764.9676,785.3196,30300
equity,INE0LEX01011,2026-07-29,804.9224,774.1239,778.6188,54000
equity,INE0LEX01011,2026-07-30,806.5872,774.1239,782.8224,56850
equity,INE0LEX01011,2026-07-31,918.96,830.0606,843.5453,45000
equity,INE0LEX01011,2026-08-03,859.0278,828.0629,830.6599,17400
equity,INE0LEX01011,2026-08-04,827.1639,789.107,803.4907,32850
equity,INE0LEX01011,2026-08-05,814.0787,799.7949,808.7348,12900
equity,INE0LEX01011,2026-08-06,819.073,804.1399,815.2274,15900
equity,INE0LEX01011,2026-08-07,824.0674,790.1058,811.132,30750
equity,INE0LEX01011,2026-08-10,821.0708,794.1014,806.5373,20700
equity,INE0LEX01011,2026-08-11,814.0787,796.099,800.3442,6750
equity,INE0LEX01011,2026-08-12,805.0889,779.1183,786.41,25200
equity,INE0LEX01011,2026-08-13,794.0514,764.1353,784.4123,33750
equity,INE0LEX01011,2026-08-14,797.0979,772.1262,787.1093,18150
equity,INE0LEX01011,2026-08-17,799.0957,774.2738,784.9617,9000
equity,INE0LEX01011,2026-08-18,814.0787,781.116,813.1298,22800
equity,INE0LEX01011,2026-08-19,849.0391,819.0731,838.7009,39750
equity,INE0LEX01011,2026-08-20,846.0426,837.0527,839.0005,32100
equity,INE0LEX01011,2026-08-21,857.3298,815.1275,852.0857,44850
equity,INE0LEX01011,2026-08-24,897.8339,835.5544,891.8407,55650
equity,INE0LEX01011,2026-08-25,928.8489,887.3958,919.3096,57600
equity,INE0LEX01011,2026-08-26,953.8705,928.9487,940.3858,42750
equity,INE0LEX01011,2026-08-27,945.8297,917.1621,923.455,21000
equity,INE0LEX01011,2026-08-28,926.951,910.9691,918.9101,19200
equity,INE0LEX01011,2026-08-31,928.9487,905.7749,927.1008,16650
equity,INE0LEX01011,2026-09-01,948.5765,909.9702,914.8147,16350
equity,INE0LEX01011,2026-09-02,929.9476,909.0213,915.8636,5100
equity,INE0LEX01011,2026-09-03,934.942,905.9747,926.8511,14550
equity,INE0LEX01011,2026-09-04,929.8977,915.9634,919.2597,20100
equity,INE0LEX01011,2026-09-07,933.9431,917.9612,922.0066,19950
equity,INE0LEX01011,2026-09-08,933.6934,879.0053,886.8464,37650
equity,INE0LEX01011,2026-09-09,913.9657,886.7465,897.6342,16800
equity,INE0LEX01011,2026-09-10,925.9521,893.9883,904.3265,17550
equity,INE0LEX01011,2026-09-11,912.9668,896.9849,903.4276,13950
equity,INE0LEX01011,2026-09-15,908.9713,883.9996,897.9838,22950
equity,INE0LEX01011,2026-09-16,898.9826,849.0392,863.5727,24900
equity,INE0LEX01011,2026-09-17,863.5727,824.6168,848.1401,19350
equity,INE0LEX01011,2026-09-18,873.012,834.1061,847.7906,15150
equity,INE0LEX01011,2026-09-21,854.0335,829.711,840.1492,30600
equity,INE0LEX01011,2026-09-22,858.029,833.0572,840.7485,24000
equity,INE0LEX01011,2026-09-23,887.9951,823.1185,862.0744,17700
equity,INE0LEX01011,2026-09-24,869.0165,839.0504,850.1879,15150
equity,INE0LEX01011,2026-09-25,886.9962,859.0278,860.3264,26250
equity,INE0LEX01011,2026-09-28,868.9666,805.0889,816.5259,27600
equity,INE0LEX01011,2026-09-29,828.7621,789.107,805.0889,19650
equity,INE0LEX01011,2026-09-30,826.5147,809.1843,809.1843,5700
equity,INE0LEX01011,2026-10-01,836.0539,781.166,793.6519,10650
equity,INE0LEX01011,2026-10-05,919.01,800.0945,888.5944,90300
equity,INE0LEX01011,2026-10-06,928.9487,898.9826,925.5526,58800
equity,INE0LEX01011,2026-10-07,942.9329,888.9939,914.4651,85950
equity,INE0LEX01011,2026-10-08,928.749,866.02,883.65,61950
equity,INE0JUI01012,2026-06-12,50.4365,47.8878,50.4365,11379734
equity,INE0JUI01012,2026-06-15,52.9553,52.9553,52.9553,691949
equity,INE0JUI01012,2026-06-16,55.1954,50.317,53.921,9169014
equity,INE0JUI01012,2026-06-17,53.6622,51.3723,51.7506,1470704
equity,INE0JUI01012,2026-06-18,51.7706,49.1721,50.7053,1656556
equity,INE0JUI01012,2026-06-19,52.7661,50.2772,52.3679,1306148
equity,INE0JUI01012,2026-06-22,53.7617,51.2728,52.7661,972340
equity,INE0JUI01012,2026-06-23,53.4631,51.4221,51.9298,942353
equity,INE0JUI01012,2026-06-24,54.5184,50.4464,54.5184,1275507
equity,INE0JUI01012,2026-06-25,57.2363,57.2363,57.2363,321307
equity,INE0JUI01012,2026-06-29,67.6004,58.7397,65.2707,8748631
equity,INE0JUI01012,2026-06-30,66.6048,61.1291,63.1302,3794018
equity,INE0JUI01012,2026-07-01,64.7132,58.3514,59.7353,2716984
equity,INE0JUI01012,2026-07-02,71.6823,59.0085,71.6823,11354569
equity,INE0JUI01012,2026-07-03,76.5607,69.9998,73.0662,8283484
equity,INE0JUI01012,2026-07-06,74.4401,68.8449,70.6867,2410149
equity,INE0JUI01012,2026-07-07,71.2343,67.7,68.0783,1255265
equity,INE0JUI01012,2026-07-08,71.3339,63.8669,65.4002,2555337
equity,INE0JUI01012,2026-07-09,69.6911,65.5495,68.148,1655678
equity,INE0JUI01012,2026-07-10,77.4069,68.8548,71.4334,7073038
equity,INE0JUI01012,2026-07-13,77.6558,71.2343,75.824,4756376
equity,INE0JUI01012,2026-07-14,77.9047,74.6691,75.7343,2991167
equity,INE0JUI01012,2026-07-15,77.1481,72.7277,74.6392,2147027
equity,INE0JUI01012,2026-07-16,75.2664,70.9157,72.8671,1387687
equity,INE0JUI01012,2026-07-17,73.6735,69.2332,69.2332,712503
equity,INE0JUI01012,2026-07-20,72.1801,65.8183,71.075,920699
equity,INE0JUI01012,2026-07-21,71.6724,68.6955,69.1236,309427
equity,INE0JUI01012,2026-07-22,69.054,66.6048,67.5208,408642
equity,INE0JUI01012,2026-07-23,67.7,64.1457,64.1457,755719
equity,INE0JUI01012,2026-07-24,65.5993,60.9399,65.2209,1294879
equity,INE0JUI01012,2026-07-27,65.1811,62.722,63.8968,345574
equity,INE0JUI01012,2026-07-28,64.5838,61.6767,62.3337,305850
equity,INE0JUI01012,2026-07-29,62.9709,60.93,61.7862,254298
equity,INE0JUI01012,2026-07-30,63.2198,59.8049,62.5129,429038
equity,INE0JUI01012,2026-07-31,64.4643,60.93,63.9068,302061
equity,INE0JUI01012,2026-08-03,66.6944,63.7176,66.0572,373945
equity,INE0JUI01012,2026-08-04,67.7,65.2707,66.5152,472479
equity,INE0JUI01012,2026-08-05,67.4511,64.7132,66.2663,182340
equity,INE0JUI01012,2026-08-06,66.6048,64.2154,64.8725,171999
equity,INE0JUI01012,2026-08-07,65.0019,63.7176,63.8669,129510
equity,INE0JUI01012,2026-08-10,64.7032,61.5472,63.7873,312379
equity,INE0JUI01012,2026-08-11,66.7044,62.2342,63.5583,458678
equity,INE0JUI01012,2026-08-12,66.7044,62.722,65.6192,500920
equity,INE0JUI01012,2026-08-13,64.9621,63.0307,64.1557,271960
equity,INE0JUI01012,2026-08-14,64.7132,63.0008,63.6977,111505
equity,INE0JUI01012,2026-08-17,64.9621,61.9753,62.9709,273962
equity,INE0JUI01012,2026-08-18,66.117,62.7419,66.117,468436
equity,INE0JUI01012,2026-08-19,69.4223,66.6944,68.6657,832383
equity,INE0JUI01012,2026-08-20,71.7321,66.9732,69.8006,479308
equity,INE0JUI01012,2026-08-21,71.5827,67.7,69.9002,336961
equity,INE0JUI01012,2026-08-24,71.3836,68.9146,70.169,321512
equity,INE0JUI01012,2026-08-25,70.6768,67.8095,69.502,170310
equity,INE0JUI01012,2026-08-26,69.6911,67.7398,68.0385,88988
equity,INE0JUI01012,2026-08-27,69.94,67.3017,68.8548,123134
equity,INE0JUI01012,2026-08-28,69.6911,67.8991,68.0683,107913
equity,INE0JUI01012,2026-08-31,69.1933,66.5053,67.1026,171956
equity,INE0JUI01012,2026-09-01,67.6004,65.659,65.8979,103313
equity,INE0JUI01012,2026-09-02,66.2066,64.5141,65.8482,107199
equity,INE0JUI01012,2026-09-03,67.4013,63.7176,66.1269,286912
equity,INE0JUI01012,2026-09-04,67.4511,64.9621,66.9334,102191
equity,INE0JUI01012,2026-09-07,66.9234,64.7132,65.43,135136
equity,INE0JUI01012,2026-09-08,66.4555,63.2198,63.9267,969542
equity,INE0JUI01012,2026-09-09,67.1225,62.2242,67.1225,226751
equity,INE0JUI01012,2026-09-10,70.4776,66.2066,67.8692,1057255
equity,INE0JUI01012,2026-09-11,69.6911,66.4555,67.69,310047
equity,INE0JUI01012,2026-09-15,69,64.31,64.54,140022
equity,INE0JUI01012,2026-09-16,65.27,63,63.96,872829
equity,INE0JUI01012,2026-09-17,65.7,63.5,64.29,246881
equity,INE0JUI01012,2026-09-18,67,63.5,66.26,200000
equity,INE0JUI01012,2026-09-21,67.5,65.3,66.36,289033
equity,INE0JUI01012,2026-09-22,67,64.55,65.07,203283
equity,INE0JUI01012,2026-09-23,67,64.69,65.68,129098
equity,INE0JUI01012,2026-09-24,66.7,64.7,64.8,93318
equity,INE0JUI01012,2026-09-25,65.81,64,65.1,93536
equity,INE0JUI01012,2026-09-28,65.6,63.75,64.35,109521
equity,INE0JUI01012,2026-09-29,65.58,64,65.34,75687
equity,INE0JUI01012,2026-09-30,68.6,64.55,68.6,981540
equity,INE0JUI01012,2026-10-01,71.7,67.25,68.8,577085
equity,INE0JUI01012,2026-10-05,70.49,68.61,69.77,185999
equity,INE0JUI01012,2026-10-06,73.25,68.8,71.13,1499472
equity,INE0JUI01012,2026-10-07,72.8,69.12,71.97,467670
equity,INE0JUI01012,2026-10-08,72.8,68.38,68.59,301712
equity,INE356B01024,2025-10-06,142.7829,125.9261,139.5773,401671
equity,INE356B01024,2025-10-07,148.7946,140.6159,145.0098,157425
equity,INE356B01024,2025-10-08,147.1968,138.4389,144.161,98840
equity,INE356B01024,2025-10-09,150.9816,144.8001,144.87,149816
equity,INE356B01024,2025-10-10,149.7832,142.8028,148.3052,85772
equity,INE356B01024,2025-10-13,151.1713,147.5363,148.8245,246731
equity,INE356B01024,2025-10-14,150.7918,146.8173,148.2953,152413
equity,INE356B01024,2025-10-15,153.9774,146.0484,151.4908,138277
equity,INE356B01024,2025-10-16,162.266,151.4909,159.8393,160971
equity,INE356B01024,2025-10-17,164.7725,157.6224,162.1461,88676
equity,INE356B01024,2025-10-20,168.767,162.955,164.7226,119185
equity,INE356B01024,2025-10-21,169.7656,165.9409,168.4375,15474
equity,INE356B01024,2025-10-23,170.7642,166.7698,166.9795,89725
equity,INE356B01024,2025-10-24,169.7656,156.1844,157.6324,154386
equity,INE356B01024,2025-10-27,166.9795,156.3142,161.3672,71690
equity,INE356B01024,2025-10-28,164.7625,159.7794,161.5969,54904
equity,INE356B01024,2025-10-29,166.7398,160.778,162.4158,44025
equity,INE356B01024,2025-10-30,168.767,161.0776,164.0635,117175
equity,INE356B01024,2025-10-31,166.7698,163.1747,164.5828,80851
equity,INE356B01024,2025-11-03,167.2591,157.7822,160.1189,68340
equity,INE356B01024,2025-11-04,176.0769,162.276,166.3403,1728805
equity,INE356B01024,2025-11-06,167.6485,161.2773,162.5955,113075
equity,INE356B01024,2025-11-07,165.3817,155.5053,163.1847,431805
equity,INE356B01024,2025-11-10,165.0621,162.5756,163.7839,115586
equity,INE356B01024,2025-11-11,164.2732,159.7794,160.089,23927
equity,INE356B01024,2025-11-12,162.1661,154.3569,158.9106,44326
equity,INE356B01024,2025-11-13,160.4685,154.986,157.0831,168787
equity,INE356B01024,2025-11-14,155.1358,149.194,151.8204,98745
equity,INE356B01024,2025-11-17,153.8676,150.2925,151.6806,82339
equity,INE356B01024,2025-11-18,154.7464,147.2966,153.8476,76387
equity,INE356B01024,2025-11-19,155.8548,150.7918,151.0814,62979
equity,INE356B01024,2025-11-20,156.1145,150.7918,152.7191,77558
equity,INE356B01024,2025-11-21,165.2718,154.0573,161.8965,123894
equity,INE356B01024,2025-11-24,177.6547,163.5242,165.9709,563917
equity,INE356B01024,2025-11-25,171.1537,158.2515,160.1189,119400
equity,INE356B01024,2025-11-26,169.7656,159.5897,167.0593,95486
equity,INE356B01024,2025-11-27,169.4161,160.778,165.2319,71807
equity,INE356B01024,2025-11-28,167.2691,160.8779,162.9251,81374
equity,INE356B01024,2025-12-01,163.0149,159.7794,160.828,61094
equity,INE356B01024,2025-12-02,163.2746,155.8948,158.631,79003
equity,INE356B01024,2025-12-03,160.6782,155.1957,157.7422,76059
equity,INE356B01024,2025-12-04,158.8207,154.7963,157.5125,81105
equity,INE356B01024,2025-12-05,158.7708,156.3342,157.5525,59147
equity,INE356B01024,2025-12-08,163.7639,154.287,158.4013,67101
equity,INE356B01024,2025-12-09,166.7698,156.0346,163.3545,67010
equity,INE356B01024,2025-12-10,165.4416,160.3985,163.2246,74775
equity,INE356B01024,2025-12-11,163.7739,156.8834,162.1362,71078
equity,INE356B01024,2025-12-12,162.975,157.892,159.9392,60541
equity,INE356B01024,2025-12-15,173.7601,160.1689,165.6912,183452
equity,INE356B01024,2025-12-16,165.2918,158.8008,160.5184,109617
equity,INE356B01024,2025-12-17,164.9722,157.2829,158.9505,61337
equity,INE356B01024,2025-12-18,160.5783,152.9089,154.9461,78825
equity,INE356B01024,2025-12-19,158.4612,153.0886,155.6351,62156
equity,INE356B01024,2025-12-22,157.4826,153.3383,155.9247,77212
equity,INE356B01024,2025-12-23,158.0618,154.7863,155.6551,63889
equity,INE356B01024,2025-12-24,155.4853,153.4482,154.0573,61074
equity,INE356B01024,2025-12-26,155.2257,150.9816,151.9802,74009
equity,INE356B01024,2025-12-29,158.621,142.6331,149.1041,128342
equity,INE356B01024,2025-12-30,166.7698,133.276,137.4602,17292705
equity,INE356B01024,2025-12-31,149.3338,133.6155,137.1507,5580025
equity,INE356B01024,2026-01-01,146.0484,137.7998,141.4347,685112
equity,INE356B01024,2026-01-02,146.7973,139.0081,141.6245,312906
equity,INE356B01024,2026-01-05,144.7901,132.8066,135.3631,306955
equity,INE356B01024,2026-01-06,143.382,108.2905,109.7185,5539940
equity,INE356B01024,2026-01-07,114.6817,100.8607,108.4203,3922341
equity,INE356B01024,2026-01-08,118.2268,110.3976,111.9754,2999364
equity,INE356B01024,2026-01-09,116.8387,105.2048,108.6101,802457
equity,INE356B01024,2026-01-12,110.6872,103.9565,107.8811,535359
equity,INE356B01024,2026-01-13,109.1393,104.1063,105.8139,263534
equity,INE356B01024,2026-01-14,106.3432,101.3401,103.4572,194716
equity,INE356B01024,2026-01-16,106.8025,101.8594,102.7082,227173
equity,INE356B01024,2026-01-19,106.1534,99.1731,99.8821,297106
equity,INE356B01024,2026-01-20,101.4,95.7079,96.6965,231363
equity,INE356B01024,2026-01-21,96.5667,91.1841,93.9703,292066
equity,INE356B01024,2026-01-22,94.8291,86.4007,91.5536,432144
equity,INE356B01024,2026-01-23,92.0629,80.1394,81.837,453292
equity,INE356B01024,2026-01-27,88.8274,77.8925,83.2551,732180
equity,INE356B01024,2026-01-28,84.6831,81.9868,82.8157,161345
equity,INE356B01024,2026-01-29,88.1683,80.7885,86.92,296820
equity,INE356B01024,2026-01-30,90.3752,84.0639,86.0911,173200
equity,INE356B01024,2026-02-02,86.2709,81.8869,84.2437,113575
equity,INE356B01024,2026-02-03,86.5805,82.556,84.1838,126411
equity,INE356B01024,2026-02-04,88.8773,84.3835,87.3594,79583
equity,INE356B01024,2026-02-05,92.6022,81.138,83.0054,259897
equity,INE356B01024,2026-02-06,83.6046,79.6001,82.1765,107684
equity,INE356B01024,2026-02-09,84.2836,80.389,83.8942,88965
equity,INE356B01024,2026-02-10,86.88,81.2878,86.0112,417559
equity,INE356B01024,2026-02-11,89.5264,84.2237,85.8714,79534
equity,INE356B01024,2026-02-12,86.7702,84.0939,85.0725,70600
equity,INE356B01024,2026-02-13,86.2809,81.9868,84.2237,86171
equity,INE356B01024,2026-02-16,83.8842,80.0395,80.9682,85715
equity,INE356B01024,2026-02-17,83.3849,79.7898,81.0481,87395
equity,INE356B01024,2026-02-18,82.7657,80.2991,81.7172,75187
equity,INE356B01024,2026-02-19,82.1865,77.513,78.232,100603
equity,INE356B01024,2026-02-20,80.369,74.2974,78.2919,105191
equity,INE356B01024,2026-02-23,80.5588,76.9338,77.9524,88965
equity,INE356B01024,2026-02-24,77.1335,70.4527,76.1848,88252
equity,INE356B01024,2026-02-25,78.7912,74.1976,75.7654,70429
equity,INE356B01024,2026-02-26,76.3945,74.3773,75.5856,65561
equity,INE356B01024,2026-02-27,76.5943,72.6996,75.356,68886
equity,INE356B01024,2026-03-02,75.346,70.4128,73.0491,90227
equity,INE356B01024,2026-03-04,73.0491,69.1545,69.9434,91114
equity,INE356B01024,2026-03-05,71.9007,66.9775,71.2816,135752
equity,INE356B01024,2026-03-06,73.898,69.1545,70.9121,72354
equity,INE356B01024,2026-03-09,70.0533,67.4269,68.4555,81132
equity,INE356B01024,2026-03-10,70.9021,67.2072,69.9235,70688
equity,INE356B01024,2026-03-11,70.7523,69.0247,69.4741,101990
equity,INE356B01024,2026-03-12,69.3942,67.0275,67.5368,63889
equity,INE356B01024,2026-03-13,68.3856,62.1742,63.6022,196123
equity,INE356B01024,2026-03-16,64.7506,61.2854,63.013,126316
equity,INE356B01024,2026-03-17,64.0715,61.7448,63.7819,70973
equity,INE356B01024,2026-03-18,64.9104,62.0144,63.722,96123
equity,INE356B01024,2026-03-19,63.7021,60.9159,62.3439,55797
equity,INE356B01024,2026-03-20,63.4424,58.9187,59.9572,69361
equity,INE356B01024,2026-03-23,60.4166,57.1711,59.4479,75591
equity,INE356B01024,2026-03-24,62.7833,59.2682,60.5564,65481
equity,INE356B01024,2026-03-25,63.8818,61.2754,62.3939,131147
equity,INE356B01024,2026-03-27,62.3639,56.1625,56.9114,124341
equity,INE356B01024,2026-03-30,59.8673,51.8185,52.5774,75823
equity,INE356B01024,2026-04-01,57.8302,55.9228,57.7203,44413
equity,INE356B01024,2026-04-02,63.1029,55.4235,62.8033,67630
equity,INE356B01024,2026-04-06,67.1573,60.2368,61.4052,112852
equity,INE356B01024,2026-04-07,64.4111,60.9159,62.9631,89903
equity,INE356B01024,2026-04-08,69.2544,64.431,68.5554,75842
equity,INE356B01024,2026-04-09,71.9806,69.9035,71.5812,84463
equity,INE356B01024,2026-04-10,74.8966,68.0061,74.4073,66751
equity,INE356B01024,2026-04-13,76.8839,70.6924,71.9507,221724
equity,INE356B01024,2026-04-15,75.4858,69.9934,70.6325,293052
equity,INE356B01024,2026-04-16,71.1618,68.9049,69.4641,84665
equity,INE356B01024,2026-04-17,72.9293,69.504,72.9293,49936
equity,INE356B01024,2026-04-20,75.3959,70.9021,71.3815,33870
equity,INE356B01024,2026-04-21,73.3987,71.7409,72.9093,6318
equity,INE356B01024,2026-04-22,72.9093,70.9021,72.6996,15025
equity,INE356B01024,2026-04-23,75.9452,69.5739,74.3374,24585
equity,INE356B01024,2026-04-24,74.8966,71.9007,71.9007,13810
equity,INE356B01024,2026-04-27,74.2675,72.0206,73.2489,35047
equity,INE356B01024,2026-04-28,76.8938,71.9107,76.4245,90925
equity,INE356B01024,2026-04-29,79.7499,73.1191,74.1976,75448
equity,INE356B01024,2026-04-30,71.8808,70.4927,70.4927,175274
equity,INE356B01024,2026-05-04,71.1618,66.9775,67.7864,75012
equity,INE356B01024,2026-05-05,70.952,67.7964,68.8849,18588
equity,INE356B01024,2026-05-06,72.3202,67.9562,68.9947,255765
equity,INE356B01024,2026-05-07,69.6538,68.056,68.6452,57644
equity,INE356B01024,2026-05-08,70.293,65.909,67.8064,62445
equity,INE356B01024,2026-05-11,69.3443,64.9603,68.5953,78360
equity,INE356B01024,2026-05-12,68.805,66.0588,67.0774,56001
equity,INE356B01024,2026-05-13,70.4228,65.909,67.0275,54396
equity,INE356B01024,2026-05-14,69.6339,66.2585,67.0374,60785
equity,INE356B01024,2026-05-15,70.3629,65.7592,66.628,65566
equity,INE356B01024,2026-05-18,69.9035,63.3026,68.5653,61890
equity,INE356B01024,2026-05-19,69.1545,66.1587,66.8377,60344
equity,INE356B01024,2026-05-20,67.9162,63.9118,67.1773,68670
equity,INE356B01024,2026-05-21,68.076,65.919,66.9076,82694
equity,INE356B01024,2026-05-22,66.3584,64.2014,65.949,79710
equity,INE356B01024,2026-05-25,67.8863,63.712,65.7093,61524
equity,INE356B01024,2026-05-26,68.3057,62.4338,64.2213,69618
equity,INE356B01024,2026-05-27,66.4183,64.2014,66.0688,61233
equity,INE356B01024,2026-05-29,67.327,64.4111,67.0275,57877
equity,INE356B01024,2026-06-01,69.9035,63.6821,64.0715,51320
equity,INE356B01024,2026-06-02,65.909,63.5223,64.6507,54247
equity,INE356B01024,2026-06-03,67.7065,64.3212,66.608,55496
equity,INE356B01024,2026-06-04,67.0974,64.2114,65.5894,50300
equity,INE356B01024,2026-06-05,67.4569,64.1614,66.2485,55019
equity,INE356B01024,2026-06-08,68.9049,63.4125,65.4297,59171
equity,INE356B01024,2026-06-09,68.6053,64.0216,65.0202,61140
equity,INE356B01024,2026-06-10,67.8563,62.9331,65.919,81431
equity,INE356B01024,2026-06-11,66.0488,62.9331,63.3625,60968
equity,INE356B01024,2026-06-12,66.5282,63.3625,66.5282,7730
equity,INE356B01024,2026-06-15,69.8536,66.7578,67.3969,59925
equity,INE356B01024,2026-06-16,68.2058,66.4083,67.5467,56582
equity,INE356B01024,2026-06-17,67.9063,65.909,66.608,64002
equity,INE356B01024,2026-06-18,69.9035,64.9104,66.9076,1065
equity,INE356B01024,2026-06-19,67.1074,64.9104,66.5581,18619
equity,INE356B01024,2026-06-22,66.9076,65.2299,66.8877,8467
equity,INE356B01024,2026-06-23,67.9062,63.5722,65.3897,13290
equity,INE356B01024,2026-06-24,65.8091,63.6621,64.2912,16012
equity,INE356B01024,2026-06-25,64.7107,62.1642,62.8932,11096
equity,INE356B01024,2026-06-29,66.0288,62.4138,62.9531,10261
equity,INE356B01024,2026-06-30,65.7992,60.7262,63.8718,9174
equity,INE356B01024,2026-07-01,65.4097,61.9145,64.3911,6338
equity,INE356B01024,2026-07-02,66.8877,62.9131,64.9304,5867
equity,INE356B01024,2026-07-03,66.0089,63.4624,64.9004,1654
equity,INE356B01024,2026-07-06,67.8563,62.9131,65.3997,4270
equity,INE356B01024,2026-07-07,65.889,63.9118,64.9104,2648
equity,INE356B01024,2026-07-08,64.9104,62.0843,63.4125,3956
equity,INE356B01024,2026-07-09,64.4011,61.8147,63.9018,3471
equity,INE356B01024,2026-07-10,65.5495,62.1142,64.8804,1649
equity,INE356B01024,2026-07-13,66.9076,62.9231,63.8119,5816
equity,INE356B01024,2026-07-14,64.1215,61.9145,62.5037,4239
equity,INE356B01024,2026-07-15,63.8918,61.5151,62.6335,2588
equity,INE356B01024,2026-07-16,63.9118,61.8646,62.0743,3198
equity,INE356B01024,2026-07-17,65.1101,61.4152,63.762,7772
equity,INE356B01024,2026-07-20,64.8105,60.9159,62.4638,9312
equity,INE356B01024,2026-07-21,63.5023,60.0371,60.9858,4067
equity,INE356B01024,2026-07-22,62.4038,59.9173,60.4765,7712
equity,INE356B01024,2026-07-23,61.6049,59.9173,59.9173,5964
equity,INE356B01024,2026-07-24,61.5151,59.9173,59.9872,4205
equity,INE356B01024,2026-07-27,61.3952,59.9173,59.9173,5438
equity,INE356B01024,2026-07-28,61.2155,56.9214,57.3708,5218
equity,INE356B01024,2026-07-29,60.2368,57.7403,58.5392,5637
equity,INE356B01024,2026-07-30,60.7162,58.9187,60.0171,2012
equity,INE356B01024,2026-07-31,62.9131,58.1198,61.1656,6169
equity,INE356B01024,2026-08-03,62.9131,59.9173,60.137,4406
equity,INE356B01024,2026-08-04,62.4138,59.0185,61.7048,2402
equity,INE356B01024,2026-08-05,61.4052,58.9187,59.6676,14012
equity,INE356B01024,2026-08-06,60.3866,58.1297,59.4679,4267
equity,INE356B01024,2026-08-07,60.7162,58.9187,60.4166,7676
equity,INE356B01024,2026-08-10,59.8673,57.4207,59.0185,5916
equity,INE356B01024,2026-08-11,60.4166,57.92,59.8673,121151
equity,INE356B01024,2026-08-12,59.8274,58.4193,59.358,3607
equity,INE356B01024,2026-08-13,59.3181,57.92,58.1198,7622
equity,INE356B01024,2026-08-14,59.9173,56.6318,59.6277,6072
equity,INE356B01024,2026-08-17,61.1156,57.95,59.1683,5974
equity,INE356B01024,2026-08-18,59.8074,57.92,58.0199,8991
equity,INE356B01024,2026-08-19,59.0784,56.9414,57.95,2623
equity,INE356B01024,2026-08-20,59.0085,56.9214,57.7702,7717
equity,INE356B01024,2026-08-21,58.3195,55.9328,56.9514,2629
equity,INE356B01024,2026-08-24,58.7189,55.1339,56.9014,16281
equity,INE356B01024,2026-08-25,57.92,55.9228,56.7117,2998
equity,INE356B01024,2026-08-26,58.6191,56.4221,57.92,2531
equity,INE356B01024,2026-08-27,57.9101,56.522,57.7403,2040
equity,INE356B01024,2026-08-28,58.7089,56.6718,57.0412,3832
equity,INE356B01024,2026-08-31,58.699,57.0712,57.8202,9344
equity,INE356B01024,2026-09-01,57.92,57.5206,57.6404,14714
equity,INE356B01024,2026-09-02,57.92,55.3236,56.7417,1376
equity,INE356B01024,2026-09-03,59.418,55.9228,57.2909,6188
equity,INE356B01024,2026-09-04,60.147,55.9228,60.147,72839
equity,INE356B01024,2026-09-07,63.1528,62.314,63.1528,10694
equity,INE356B01024,2026-09-08,66.3085,66.3085,66.3085,18393
equity,INE356B01024,2026-09-09,69.6239,69.6239,69.6239,14471
equity,INE356B01024,2026-09-10,71.012,71.012,71.012,21780
equity,INE356B01024,2026-09-11,72.43,72.43,72.43,27101
equity,INE356B01024,2026-09-15,72.53,70.99,70.99,14593
equity,INE356B01024,2026-09-16,71.5,69.58,71.25,10456
equity,INE356B01024,2026-09-17,72.67,72.05,72.67,7076
equity,INE356B01024,2026-09-18,74.12,74.12,74.12,3449
equity,INE356B01024,2026-09-21,75.6,75.4,75.6,12532
equity,INE356B01024,2026-09-22,76.3,74.9,76.3,15671
equity,INE356B01024,2026-09-23,77.79,77,77.5,2857
equity,INE356B01024,2026-09-24,79.05,78,79.05,10602
equity,INE356B01024,2026-09-25,79.95,77.5,77.5,5305
equity,INE356B01024,2026-09-28,79.05,77,77,7026
equity,INE356B01024,2026-09-29,75.5,75.46,75.46,24858
equity,INE356B01024,2026-09-30,75.9,75.01,75.46,3567
equity,INE356B01024,2026-10-01,75,73.96,73.96,5731
equity,INE356B01024,2026-10-05,73.96,72.5,73.5,8692
equity,INE356B01024,2026-10-06,73.1,73,73.05,2595
equity,INE356B01024,2026-10-07,73.05,71.59,72.69,11387
equity,INE356B01024,2026-10-08,73,73,73,10485
equity,INE835B01035,2023-10-05,172.2524,164.2463,170.7239,118752
equity,INE835B01035,2023-10-06,174.4358,172.0097,173.8778,133954
equity,INE835B01035,2023-10-09,173.6352,160.1219,166.2599,184492
equity,INE835B01035,2023-10-10,172.7376,167.1818,169.705,84662
equity,INE835B01035,2023-10-11,173.9506,168.0552,169.341,77612
equity,INE835B01035,2023-10-12,172.2281,162.8149,165.3865,145520
equity,INE835B01035,2023-10-13,168.1523,163.106,164.222,88518
equity,INE835B01035,2023-10-16,168.031,158.181,162.9362,193348
equity,INE835B01035,2023-10-17,169.8263,161.7474,165.1924,95468
equity,INE835B01035,2023-10-18,168.3706,163.5184,164.4404,68250
equity,INE835B01035,2023-10-19,166.4297,160.6071,163.8581,65438
equity,INE835B01035,2023-10-20,166.6723,161.3107,162.4509,90358
equity,INE835B01035,2023-10-23,161.5775,145.7352,147.7246,414328
equity,INE835B01035,2023-10-25,160.4858,139.5729,142.557,387660
equity,INE835B01035,2023-10-26,147.6275,138.9179,140.3008,469152
equity,INE835B01035,2023-10-27,146.9482,139.0149,140.3735,413560
equity,INE835B01035,2023-10-30,153.5715,141.2712,149.1075,837374
equity,INE835B01035,2023-10-31,152.4797,133.9444,135.9338,1138010
equity,INE835B01035,2023-11-01,138.1658,129.5532,130.9118,656748
equity,INE835B01035,2023-11-02,134.1627,126.4235,128.8981,376016
equity,INE835B01035,2023-11-03,130.9118,120.2613,127.5395,1481140
equity,INE835B01035,2023-11-06,130.4508,126.3508,128.1703,462950
equity,INE835B01035,2023-11-07,131.1787,126.1566,129.262,613552
equity,INE835B01035,2023-11-08,136.7102,131.0088,135.5699,742396
equity,INE835B01035,2023-11-09,137.8747,128.8011,130.742,574236
equity,INE835B01035,2023-11-10,131.6154,128.0975,128.5585,263962
equity,INE835B01035,2023-11-13,132.7071,128.146,129.165,269414
equity,INE835B01035,2023-11-15,131.4455,127.3454,127.6851,268760
equity,INE835B01035,2023-11-16,128.8253,126.3993,126.9815,368448
equity,INE835B01035,2023-11-17,127.8307,125.1862,126.1324,346726
equity,INE835B01035,2023-11-20,127.491,125.1862,125.7442,211050
equity,INE835B01035,2023-11-21,128.5827,123.2453,127.3939,489890
equity,INE835B01035,2023-11-22,128.8011,125.2833,126.2537,215594
equity,INE835B01035,2023-11-23,128.6555,125.5987,127.2969,243784
equity,INE835B01035,2023-11-24,127.9277,123.9004,126.5691,347750
equity,INE835B01035,2023-11-28,128.3159,126.2537,127.8549,147898
equity,INE835B01035,2023-11-29,127.9034,125.6714,126.3993,190562
equity,INE835B01035,2023-11-30,127.2484,123.9732,124.6282,232862
equity,INE835B01035,2023-12-01,125.1377,123.2453,123.4394,260800
equity,INE835B01035,2023-12-04,127.2969,120.3826,121.1347,554512
equity,INE835B01035,2023-12-05,121.5956,115.9671,117.8594,746238
equity,INE835B01035,2023-12-06,126.3993,118.8784,125.3803,977678
equity,INE835B01035,2023-12-07,144.5949,125.0649,142.6298,2858884
equity,INE835B01035,2023-12-08,147.021,137.8019,139.9854,1090842
equity,INE835B01035,2023-12-11,142.6541,135.861,140.228,410502
equity,INE835B01035,2023-12-12,142.7026,133.7261,137.3895,386736
equity,INE835B01035,2023-12-13,138.1416,133.4835,134.9391,286478
equity,INE835B01035,2023-12-14,141.6836,134.9391,140.9801,511554
equity,INE835B01035,2023-12-15,142.8481,138.2871,139.3303,292130
equity,INE835B01035,2023-12-18,141.6836,137.9717,140.5434,288330
equity,INE835B01035,2023-12-19,143.5274,137.7048,138.2628,211888
equity,INE835B01035,2023-12-20,137.8019,128.5828,130.2568,362150
equity,INE835B01035,2023-12-21,134.7935,127.03,132.4402,196826
equity,INE835B01035,2023-12-22,136.5889,128.1946,130.742,370522
equity,INE835B01035,2023-12-26,135.2787,130.5721,131.1787,243056
equity,INE835B01035,2023-12-27,135.4728,129.6987,131.4698,275268
equity,INE835B01035,2023-12-28,134.648,130.5479,133.3379,361530
equity,INE835B01035,2023-12-29,136.3462,132.2461,134.187,235756
equity,INE835B01035,2024-01-01,136.7101,134.284,135.2787,181686
equity,INE835B01035,2024-01-02,138.7723,133.9201,137.6806,305102
equity,INE835B01035,2024-01-03,138.7723,134.5024,135.206,278320
equity,INE835B01035,2024-01-04,136.8072,133.5562,134.1142,189216
equity,INE835B01035,2024-01-05,135.7397,133.7261,134.5024,188756
equity,INE835B01035,2024-01-08,136.322,131.955,132.974,307646
equity,INE835B01035,2024-01-09,135.1089,131.9793,132.4402,306376
equity,INE835B01035,2024-01-10,133.2893,131.1059,132.3917,189254
equity,INE835B01035,2024-01-11,138.2871,132.0278,135.9581,464704
equity,INE835B01035,2024-01-12,137.3167,132.5858,134.5752,359902
equity,INE835B01035,2024-01-15,138.1415,132.5373,133.629,356948
equity,INE835B01035,2024-01-16,136.8314,132.2946,133.071,289444
equity,INE835B01035,2024-01-17,133.071,130.3053,131.5911,187380
equity,INE835B01035,2024-01-18,132.5858,126.7147,129.6987,214978
equity,INE835B01035,2024-01-19,133.071,130.0384,131.7124,152424
equity,INE835B01035,2024-01-23,131.9308,127.5881,128.4857,200008
equity,INE835B01035,2024-01-24,131.9793,129.0922,131.0574,130768
equity,INE835B01035,2024-01-25,133.1438,130.0626,132.1248,189896
equity,INE835B01035,2024-01-29,133.2894,129.0437,130.7905,241142
equity,INE835B01035,2024-01-30,132.4402,129.5532,131.7366,199930
equity,INE835B01035,2024-01-31,132.4402,130.2082,131.2514,199298
equity,INE835B01035,2024-02-01,132.8527,129.9414,130.742,141346
equity,INE835B01035,2024-02-02,136.7587,131.0331,134.4053,459624
equity,INE835B01035,2024-02-05,137.4137,131.494,132.3189,350884
equity,INE835B01035,2024-02-06,133.0468,128.607,130.9603,229118
equity,INE835B01035,2024-02-07,132.9255,129.4804,130.4751,235436
equity,INE835B01035,2024-02-08,131.8337,128.3402,128.9709,235240
equity,INE835B01035,2024-02-09,131.0088,109.4409,114.0262,986958
equity,INE835B01035,2024-02-12,116.1612,107.7669,108.7373,627782
equity,INE835B01035,2024-02-13,111.4545,104.8556,107.5971,309992
equity,INE835B01035,2024-02-14,117.7866,107.2332,114.1718,657104
equity,INE835B01035,2024-02-15,114.754,110.193,111.6729,295936
equity,INE835B01035,2024-02-16,114.7055,112.2309,113.5652,269640
equity,INE835B01035,2024-02-19,116.2825,112.9587,113.6138,312602
equity,INE835B01035,2024-02-20,114.5842,111.8427,112.2794,266160
equity,INE835B01035,2024-02-21,112.8859,109.3924,109.635,275042
equity,INE835B01035,2024-02-22,110.8238,107.6213,109.5622,181378
equity,INE835B01035,2024-02-23,110.3628,106.7965,107.6456,425372
equity,INE835B01035,2024-02-26,108.7616,105.5592,106.1171,335204
equity,INE835B01035,2024-02-27,106.2384,104.9041,105.268,311586
equity,INE835B01035,2024-02-28,106.2142,101.92,102.5508,308370
equity,INE835B01035,2024-02-29,108.8586,102.381,106.5781,806490
equity,INE835B01035,2024-03-01,108.7131,104.6372,105.1467,320414
equity,INE835B01035,2024-03-04,106.5296,102.381,102.7934,320588
equity,INE835B01035,2024-03-05,103.4727,99.9549,100.5129,368842
equity,INE835B01035,2024-03-06,101.0224,97.2862,97.7714,332366
equity,INE835B01035,2024-03-07,98.9602,95.9276,96.6554,438412
equity,INE835B01035,2024-03-11,98.6691,93.1618,93.647,505246
equity,INE835B01035,2024-03-12,96.3643,91.779,92.5068,407498
equity,INE835B01035,2024-03-13,94.8358,88.7949,90.3961,741796
equity,INE835B01035,2024-03-14,94.4719,90.6872,92.992,426538
equity,INE835B01035,2024-03-15,93.4287,90.3718,92.6038,212882
equity,INE835B01035,2024-03-18,93.6713,90.9298,91.1239,165804
equity,INE835B01035,2024-03-19,92.8464,90.2991,90.9541,296160
equity,INE835B01035,2024-03-20,92.5311,89.7653,89.9837,235986
equity,INE835B01035,2024-03-21,93.1133,89.9109,90.202,389922
equity,INE835B01035,2024-03-22,92.992,90.663,91.1724,574102
equity,INE835B01035,2024-03-26,93.1618,87.4848,88.625,463968
equity,INE835B01035,2024-03-27,90.4446,87.6789,88.2126,662212
equity,INE835B01035,2024-03-28,90.6872,87.3392,88.1884,576338
equity,INE835B01035,2024-04-01,105.826,88.8677,105.826,3201300
equity,INE835B01035,2024-04-02,112.522,105.2923,107.0148,2696232
equity,INE835B01035,2024-04-03,116.5493,104.8071,114.5114,1897810
equity,INE835B01035,2024-04-04,116.0884,110.8723,111.6001,792328
equity,INE835B01035,2024-04-05,120.1885,111.1149,116.6706,1019124
equity,INE835B01035,2024-04-08,120.237,115.4819,117.3742,558542
equity,INE835B01035,2024-04-09,120.5524,108.2036,109.1255,733750
equity,INE835B01035,2024-04-10,113.541,110.0959,111.3818,297372
equity,INE835B01035,2024-04-12,115.4934,109.6931,111.2349,406288
equity,INE835B01035,2024-04-15,109.0567,105.7282,106.9764,294162
equity,INE835B01035,2024-04-16,110.721,106.8051,108.8854,197170
equity,INE835B01035,2024-04-18,112.2384,105.2877,106.4869,332852
equity,INE835B01035,2024-04-19,107.0988,102.9627,105.6793,173066
equity,INE835B01035,2024-04-22,108.6651,106.2422,107.7106,232744
equity,INE835B01035,2024-04-23,110.6965,107.2212,108.1267,297494
equity,INE835B01035,2024-04-24,113.3886,108.6651,109.6931,634192
equity,INE835B01035,2024-04-25,110.8433,107.833,108.5428,182416
equity,INE835B01035,2024-04-26,110.7699,107.8575,108.1267,245478
equity,INE835B01035,2024-04-29,112.2873,107.0498,108.0288,549310
equity,INE835B01035,2024-04-30,108.812,106.4625,107.2456,288058
equity,INE835B01035,2024-05-02,104.6759,100.3439,101.9592,700520
equity,INE835B01035,2024-05-03,105.7038,102.0816,105.043,342484
equity,INE835B01035,2024-05-06,106.4625,103.7703,104.7493,201700
equity,INE835B01035,2024-05-07,104.7493,100.8334,101.4942,210114
equity,INE835B01035,2024-05-08,102.6935,99.8055,100.1971,155164
equity,INE835B01035,2024-05-09,101.7634,98.435,98.7042,242492
equity,INE835B01035,2024-05-10,102.1795,98.7042,99.7321,181712
equity,INE835B01035,2024-05-13,100.8089,96.9176,98.3126,207870
equity,INE835B01035,2024-05-14,107.6128,98.386,104.3822,561088
equity,INE835B01035,2024-05-15,106.438,102.8403,105.1653,165534
equity,INE835B01035,2024-05-16,106.6093,103.7458,105.2143,172136
equity,INE835B01035,2024-05-17,107.6372,104.529,106.6093,322734
equity,INE835B01035,2024-05-21,120.3148,110.9657,117.6961,1134138
equity,INE835B01035,2024-05-22,132.0135,122.3707,129.3458,2685214
equity,INE835B01035,2024-05-23,132.0135,125.4544,127.6815,1126762
equity,INE835B01035,2024-05-24,129.9821,125.2831,126.1886,534190
equity,INE835B01035,2024-05-27,127.1186,120.9022,121.3672,519914
equity,INE835B01035,2024-05-28,121.8567,117.2311,117.745,346520
equity,INE835B01035,2024-05-29,118.9198,115.0774,116.6926,212030
equity,INE835B01035,2024-05-30,117.5737,113.5355,114.6368,175870
equity,INE835B01035,2024-05-31,124.3041,114.0739,121.6364,648704
equity,INE835B01035,2024-06-03,129.2234,120.0946,120.7554,370094
equity,INE835B01035,2024-06-04,119.7764,104.2598,112.532,893372
equity,INE835B01035,2024-06-05,116.3745,111.2594,115.2732,268106
equity,INE835B01035,2024-06-06,120.2904,115.5424,118.4793,269588
equity,INE835B01035,2024-06-07,126.5068,117.5003,125.1118,606390
equity,INE835B01035,2024-06-10,129.5905,122.3707,127.1137,397760
equity,INE835B01035,2024-06-11,131.4163,127.706,129.9234,584772
equity,INE835B01035,2024-06-12,131.4114,124.9209,127.3928,381340
equity,INE835B01035,2024-06-13,132.8407,127.0207,130.266,537454
equity,INE835B01035,2024-06-14,132.9092,129.9576,130.1926,265792
equity,INE835B01035,2024-06-18,134.5833,127.3879,127.9703,243080
equity,INE835B01035,2024-06-19,129.5073,121.984,124.5782,446528
equity,INE835B01035,2024-06-20,130.7065,124.8132,128.8025,324286
equity,INE835B01035,2024-06-21,132.8798,128.3521,129.1157,291502
equity,INE835B01035,2024-06-24,133.7267,127.2655,130.7114,499720
equity,INE835B01035,2024-06-25,133.1931,129.7618,130.4716,250048
equity,INE835B01035,2024-06-26,131.245,128.2151,128.5822,159986
equity,INE835B01035,2024-06-27,129.7129,125.3075,125.5768,216234
equity,INE835B01035,2024-06-28,127.9752,125.1901,125.5719,135972
equity,INE835B01035,2024-07-01,127.9018,125.3075,126.6536,208760
equity,INE835B01035,2024-07-02,130.5695,126.8494,127.9997,283602
equity,INE835B01035,2024-07-03,129.3213,126.776,127.4123,178644
equity,INE835B01035,2024-07-04,129.15,125.8215,126.2865,246218
equity,INE835B01035,2024-07-05,132.1114,126.3355,129.8108,474602
equity,INE835B01035,2024-07-08,141.1178,128.636,138.0096,1612650
equity,INE835B01035,2024-07-09,143.9324,137.0551,138.1075,706234
equity,INE835B01035,2024-07-10,139.1844,129.7374,132.3316,501118
equity,INE835B01035,2024-07-11,133.5308,130.9366,131.4016,166340
equity,INE835B01035,2024-07-12,137.0551,130.6429,131.475,222632
equity,INE835B01035,2024-07-15,137.3978,129.8597,135.1706,411018
equity,INE835B01035,2024-07-16,135.8314,131.6953,132.7966,194026
equity,INE835B01035,2024-07-18,134.4853,127.755,128.685,218570
equity,INE835B01035,2024-07-19,129.5416,124.1817,125.6257,206806
equity,INE835B01035,2024-07-22,127.0697,123.423,123.7412,161260
equity,INE835B01035,2024-07-23,126.2865,119.9722,125.1607,239688
equity,INE835B01035,2024-07-24,127.2655,123.1294,123.6433,211338
equity,INE835B01035,2024-07-25,125.9928,123.3741,124.3531,138180
equity,INE835B01035,2024-07-26,132.1358,124.3286,130.1779,485414
equity,INE835B01035,2024-07-29,131.01,125.0628,125.5278,461272
equity,INE835B01035,2024-07-30,126.2865,122.542,124.1083,522166
equity,INE835B01035,2024-07-31,127.1431,123.4965,124.6712,305070
equity,INE835B01035,2024-08-01,127.0697,123.3496,123.7901,180578
equity,INE835B01035,2024-08-02,124.5978,120.8777,122.493,220516
equity,INE835B01035,2024-08-05,120.0211,110.8433,112.532,759582
equity,INE835B01035,2024-08-06,117.0842,112.6299,112.9481,211076
equity,INE835B01035,2024-08-07,116.3255,112.3607,113.7558,131442
equity,INE835B01035,2024-08-08,115.0284,107.2701,107.833,695134
equity,INE835B01035,2024-08-09,111.3083,106.9519,107.6127,295938
equity,INE835B01035,2024-08-12,107.5638,102.9382,104.8961,529754
equity,INE835B01035,2024-08-13,107.5638,104.9206,105.9485,162242
equity,INE835B01035,2024-08-14,107.4904,102.3019,102.9382,180866
equity,INE835B01035,2024-08-16,106.7562,103.4522,105.1409,120738
equity,INE835B01035,2024-08-19,107.1967,105.3122,106.2912,180952
equity,INE835B01035,2024-08-20,108.4449,106.7317,107.5393,163494
equity,INE835B01035,2024-08-21,110.1336,107.2946,107.7351,185896
equity,INE835B01035,2024-08-22,110.672,108.4938,110.3294,223546
equity,INE835B01035,2024-08-23,110.6965,108.1757,109.0812,130666
equity,INE835B01035,2024-08-26,110.6965,109.0812,109.9378,142854
equity,INE835B01035,2024-08-27,113.046,109.9378,112.3852,260240
equity,INE835B01035,2024-08-28,120.2903,115.2242,116.4479,1075212
equity,INE835B01035,2024-08-29,118.6016,113.0705,116.35,366230
equity,INE835B01035,2024-08-30,116.9863,114.0739,114.906,137674
equity,INE835B01035,2024-09-02,116.9814,112.581,112.8649,194764
equity,INE835B01035,2024-09-03,116.3843,112.1943,115.2927,209080
equity,INE835B01035,2024-09-04,122.3707,113.3544,120.1533,482402
equity,INE835B01035,2024-09-05,121.6756,115.8361,116.8444,238488
equity,INE835B01035,2024-09-06,117.8234,113.56,113.8341,199626
equity,INE835B01035,2024-09-09,115.6403,111.602,114.583,115280
equity,INE835B01035,2024-09-10,118.4548,113.8879,114.6858,178566
equity,INE835B01035,2024-09-11,115.8361,112.1845,113.5746,210912
equity,INE835B01035,2024-09-12,116.3745,113.3446,115.1312,101758
equity,INE835B01035,2024-09-13,116.7808,114.0592,114.6662,131046
equity,INE835B01035,2024-09-16,120.4127,114.1522,117.6863,276452
equity,INE835B01035,2024-09-17,118.3324,115.0333,115.9486,101900
equity,INE835B01035,2024-09-18,116.4969,113.3642,114.1131,98614
equity,INE835B01035,2024-09-19,116.4423,110.799,111.5032,152106
equity,INE835B01035,2024-09-20,113.7585,110.9024,111.5179,86396
equity,INE835B01035,2024-09-23,114.9847,109.4349,114.2707,260550
equity,INE835B01035,2024-09-24,114.4381,112.1187,113.4335,79944
equity,INE835B01035,2024-09-25,113.3843,108.8784,109.7008,141132
equity,INE835B01035,2024-09-26,112.5324,109.4694,111.3603,85960
equity,INE835B01035,2024-09-27,116.5014,109.5679,114.9207,318812
equity,INE835B01035,2024-09-30,123.11,115.7234,116.2306,221546
equity,INE835B01035,2024-10-01,117.2007,115.7234,116.1272,110790
equity,INE835B01035,2024-10-03,115.2309,112.3748,113.0987,168644
equity,INE835B01035,2024-10-04,115.487,111.2963,113.1085,97096
equity,INE835B01035,2024-10-07,113.3843,106.8594,107.5833,120174
equity,INE835B01035,2024-10-08,113.0149,104.3972,112.3994,115098
equity,INE835B01035,2024-10-09,117.3976,112.2763,113.2858,142670
equity,INE835B01035,2024-10-10,116.1173,112.4289,114.315,97826
equity,INE835B01035,2024-10-11,114.246,112.2861,113.4729,36202
equity,INE835B01035,2024-10-14,114.6892,111.7789,112.8721,65320
equity,INE835B01035,2024-10-15,113.857,111.0452,111.6115,40950
equity,INE835B01035,2024-10-16,111.9808,109.3216,109.947,87888
equity,INE835B01035,2024-10-17,110.794,108.6372,110.272,45542
equity,INE835B01035,2024-10-18,111.0403,107.8936,108.7947,63152
equity,INE835B01035,2024-10-21,109.4448,106.3719,107.2829,72078
equity,INE835B01035,2024-10-22,110.3065,103.4124,104.2249,112452
equity,INE835B01035,2024-10-23,106.2045,100.4824,104.2397,68606
equity,INE835B01035,2024-10-24,105.1605,102.4669,104.5598,38762
equity,INE835B01035,2024-10-25,107.3026,98.8819,99.8077,99708
equity,INE835B01035,2024-10-28,101.935,97.8035,100.9846,74068
equity,INE835B01035,2024-10-29,102.9199,100.3198,101.3638,44720
equity,INE835B01035,2024-10-30,105.0916,98.9804,104.284,80936
equity,INE835B01035,2024-10-31,105.3821,101.3687,103.9491,68120
equity,INE835B01035,2024-11-01,111.5869,106.1996,109.0557,118014
equity,INE835B01035,2024-11-04,111.2914,105.8746,107.1549,60540
equity,INE835B01035,2024-11-05,107.4504,105.3821,106.5246,37940
equity,INE835B01035,2024-11-06,110.4346,106.7757,109.1591,80464
equity,INE835B01035,2024-11-07,110.799,106.2439,108.1792,83298
equity,INE835B01035,2024-11-08,112.7687,108.3368,108.9769,136740
equity,INE835B01035,2024-11-11,110.6709,106.367,108.1201,43700
equity,INE835B01035,2024-11-12,108.5584,103.6783,104.3726,66704
equity,INE835B01035,2024-11-13,104.3726,99.6501,100.438,80168
equity,INE835B01035,2024-11-14,103.2006,100.827,101.8021,36594
equity,INE835B01035,2024-11-18,102.0582,97.8035,99.069,58024
equity,INE835B01035,2024-11-19,103.2646,99.069,101.2752,55592
equity,INE835B01035,2024-11-21,103.24,99.0986,100.3297,39746
equity,INE835B01035,2024-11-22,101.9498,99.5024,101.1767,44016
equity,INE835B01035,2024-11-25,103.0135,100.9452,102.2305,67082
equity,INE835B01035,2024-11-26,104.1461,101.4771,103.4321,41266
equity,INE835B01035,2024-11-27,107.2386,104.1756,104.6385,48574
equity,INE835B01035,2024-11-28,106.7806,103.4124,103.9146,43700
equity,INE835B01035,2024-11-29,104.9488,102.4767,103.0578,52722
equity,INE835B01035,2024-12-02,105.8696,103.0627,104.5499,55996
equity,INE835B01035,2024-12-03,107.5981,104.1559,107.1303,77190
equity,INE835B01035,2024-12-04,108.2875,106.6132,107.3667,50156
equity,INE835B01035,2024-12-05,108.2875,103.9541,104.4416,154088
equity,INE835B01035,2024-12-06,106.6625,102.4767,106.1011,171706
equity,INE835B01035,2024-12-09,110.5478,106.4163,107.2829,141620
equity,INE835B01035,2024-12-10,108.8587,105.2393,106.106,68674
equity,INE835B01035,2024-12-11,113.8275,106.4655,108.3466,431622
equity,INE835B01035,2024-12-12,109.2478,105.8746,106.9875,130552
equity,INE835B01035,2024-12-13,109.2773,104.4465,107.8,178658
equity,INE835B01035,2024-12-16,109.105,104.9882,105.7514,103864
equity,INE835B01035,2024-12-17,107.1007,101.546,103.176,125156
equity,INE835B01035,2024-12-18,103.5798,101.6888,102.265,58662
equity,INE835B01035,2024-12-19,102.2551,100.5316,101.7725,72440
equity,INE835B01035,2024-12-20,104.8897,100.9502,101.8661,96020
equity,INE835B01035,2024-12-23,102.526,100.0195,100.3001,57460
equity,INE835B01035,2024-12-24,102.4226,98.7342,99.0986,86604
equity,INE835B01035,2024-12-26,101.4426,98.488,99.0149,83460
equity,INE835B01035,2024-12-27,99.9653,97.6114,98.4535,87996
equity,INE835B01035,2024-12-30,99.335,97.4538,97.8182,81602
equity,INE835B01035,2024-12-31,97.9709,96.469,96.8777,75022
equity,INE835B01035,2025-01-01,103.112,97.3701,102.3388,99170
equity,INE835B01035,2025-01-02,103.3139,100.4774,102.5703,67890
equity,INE835B01035,2025-01-03,104.8946,101.9301,103.4665,80510
equity,INE835B01035,2025-01-06,104.6927,97.0599,97.6114,126524
equity,INE835B01035,2025-01-07,100.1229,97.3061,97.5425,128554
equity,INE835B01035,2025-01-08,100.1229,93.1204,93.8049,133546
equity,INE835B01035,2025-01-09,95.9765,93.2435,93.7704,68162
equity,INE835B01035,2025-01-10,94.9325,90.5154,91.0177,115588
equity,INE835B01035,2025-01-13,92.0616,87.4081,89.3237,190662
equity,INE835B01035,2025-01-14,95.0409,87.6297,93.5439,78162
equity,INE835B01035,2025-01-15,94.2875,91.7268,92.9776,60288
equity,INE835B01035,2025-01-16,94.2924,91.5938,92.1453,55818
equity,INE835B01035,2025-01-17,93.6621,91.1014,91.9188,61406
equity,INE835B01035,2025-01-20,94.8439,91.3131,94.4253,87020
equity,INE835B01035,2025-01-21,95.1295,91.7415,93.6571,127930
equity,INE835B01035,2025-01-22,93.5537,90.0279,91.9828,56790
equity,INE835B01035,2025-01-23,94.9867,90.6138,92.948,73494
equity,INE835B01035,2025-01-24,94.5484,90.5646,92.1749,77674
equity,INE835B01035,2025-01-27,93.5143,86.177,86.5906,125312
equity,INE835B01035,2025-01-28,88.3831,80.6715,83.897,149210
equity,INE835B01035,2025-01-29,89.624,84.7489,85.852,142406
equity,INE835B01035,2025-01-30,90.8502,84.872,86.172,108696
equity,INE835B01035,2025-01-31,88.6392,85.6796,86.4035,87530
equity,INE835B01035,2025-02-01,90.0032,84.2023,85.4137,78688
equity,INE835B01035,2025-02-03,85.6944,82.2818,84.1235,56802
equity,INE835B01035,2025-02-04,86.1474,84.1136,84.5962,40610
equity,INE835B01035,2025-02-05,87.2997,83.4095,84.7883,118070
equity,INE835B01035,2025-02-06,86.0785,83.7394,84.5027,88260
equity,INE835B01035,2025-02-07,84.9459,79.3862,82.1094,181416
equity,INE835B01035,2025-02-10,83.6655,76.8945,78.165,166646
equity,INE835B01035,2025-02-11,79.7753,75.7963,76.0278,117366
equity,INE835B01035,2025-02-12,77.7316,69.9265,71.5614,374970
equity,INE835B01035,2025-02-13,69.6852,65.79,67.6957,374456
equity,INE835B01035,2025-02-14,68.9367,63.2145,65.918,349750
equity,INE835B01035,2025-02-17,66.5729,60.0777,61.1906,308542
equity,INE835B01035,2025-02-18,63.377,60.5307,62.4414,206172
equity,INE835B01035,2025-02-19,65.7407,61.3285,64.2043,147720
equity,INE835B01035,2025-02-20,66.4794,63.1554,65.9919,189144
equity,INE835B01035,2025-02-21,71.1526,65.8934,67.8237,287402
equity,INE835B01035,2025-02-24,66.9718,62.663,63.1653,252662
equity,INE835B01035,2025-02-25,64.7312,61.8307,63.244,170084
equity,INE835B01035,2025-02-27,65.0365,60.575,62.0671,193786
equity,INE835B01035,2025-02-28,62.2395,58.8613,59.8856,200664
equity,INE835B01035,2025-03-03,61.5501,55.7196,57.5219,198430
equity,INE835B01035,2025-03-04,60.7523,56.1381,57.5958,153800
equity,INE835B01035,2025-03-05,60.9641,56.7291,58.7038,377996
equity,INE835B01035,2025-03-06,61.752,59.0928,61.0182,270016
equity,INE835B01035,2025-03-07,62.9831,60.0777,61.0773,325252
equity,INE835B01035,2025-03-10,62.0474,57.123,57.581,187852
equity,INE835B01035,2025-03-11,58.2162,55.6457,57.8223,184964
equity,INE835B01035,2025-03-12,59.5901,56.9113,57.4037,129840
equity,INE835B01035,2025-03-13,58.7924,56.1381,56.3942,230936
equity,INE835B01035,2025-03-17,57.0738,54.1438,54.4983,310806
equity,INE835B01035,2025-03-19,59.7083,56.3844,58.8761,274144
equity,INE835B01035,2025-03-20,62.4955,59.0928,59.3439,340454
equity,INE835B01035,2025-03-21,62.072,59.3439,61.6288,249932
equity,INE835B01035,2025-03-24,63.4509,61.0625,61.7914,234974
equity,INE835B01035,2025-03-25,64.7312,60.3288,64.032,450308
equity,INE835B01035,2025-03-26,74.3584,64.5096,67.3953,4105090
equity,INE835B01035,2025-03-27,73.3735,65.0513,71.2314,1147844
equity,INE835B01035,2025-03-28,74.58,69.434,73.2357,839938
equity,INE835B01035,2025-04-01,80.1692,71.4333,78.6574,883762
equity,INE835B01035,2025-04-02,80.8586,77.8055,79.3764,1303080
equity,INE835B01035,2025-04-03,80.7552,76.5744,80.1988,320122
equity,INE835B01035,2025-04-04,80.2677,72.9303,74.9001,369468
equity,INE835B01035,2025-04-07,70.8572,65.0021,69.8674,317884
equity,INE835B01035,2025-04-08,75.1069,70.5469,73.2357,160978
equity,INE835B01035,2025-04-09,74.7967,70.6651,71.3792,79314
equity,INE835B01035,2025-04-11,75.7865,72.3887,74.0531,93910
equity,INE835B01035,2025-04-15,76.5498,74.6539,76.2001,110080
equity,INE835B01035,2025-04-16,80.0067,74.4323,75.5304,206820
equity,INE835B01035,2025-04-17,76.2789,73.866,74.3436,118176
equity,INE835B01035,2025-04-21,77.8055,73.4769,76.5892,183126
equity,INE835B01035,2025-04-22,77.4509,75.3433,75.555,79876
equity,INE835B01035,2025-04-23,77.4362,73.7379,75.4319,126636
equity,INE835B01035,2025-04-24,80.7601,74.8509,76.9191,136190
equity,INE835B01035,2025-04-25,77.2884,71.0591,72.2065,196170
equity,INE835B01035,2025-04-28,72.8023,70.9606,71.1822,106786
equity,INE835B01035,2025-04-29,72.95,70.6651,71.1822,83130
equity,INE835B01035,2025-04-30,71.4727,69.6113,70.0742,54582
equity,INE835B01035,2025-05-02,71.0689,69.045,69.5226,53998
equity,INE835B01035,2025-05-05,71.4038,67.7302,70.3697,88594
equity,INE835B01035,2025-05-06,72.0144,66.6763,67.3855,84802
equity,INE835B01035,2025-05-07,68.4442,65.7998,67.218,65810
equity,INE835B01035,2025-05-08,68.5181,65.0365,65.3615,81910
equity,INE835B01035,2025-05-09,65.0464,62.4414,63.6725,174896
equity,INE835B01035,2025-05-12,72.6349,66.5926,70.2909,119126
equity,INE835B01035,2025-05-13,71.1625,68.1291,69.828,75384
equity,INE835B01035,2025-05-14,72.3887,69.7984,71.7977,110152
equity,INE835B01035,2025-05-15,72.6349,71.3939,72.172,70830
equity,INE835B01035,2025-05-16,73.3735,71.8273,72.6053,56668
equity,INE835B01035,2025-05-19,75.5403,72.6349,73.6247,107472
equity,INE835B01035,2025-05-20,74.8952,72.3887,72.9254,109940
equity,INE835B01035,2025-05-21,73.3686,71.9011,72.5364,52572
equity,INE835B01035,2025-05-22,73.2701,68.848,72.1474,137138
equity,INE835B01035,2025-05-23,72.7875,71.5072,72.0636,76784
equity,INE835B01035,2025-05-26,72.9254,71.3004,71.5269,59172
equity,INE835B01035,2025-05-27,73.3686,70.2318,72.2311,79154
equity,INE835B01035,2025-05-28,73.8413,71.4038,71.7633,92930
equity,INE835B01035,2025-05-29,72.8811,69.6704,69.9609,167988
equity,INE835B01035,2025-05-30,68.9416,65.9869,66.9964,238004
equity,INE835B01035,2025-06-02,69.434,65.8885,68.2916,101968
equity,INE835B01035,2025-06-03,68.3999,66.4794,67.1737,81592
equity,INE835B01035,2025-06-04,68.0552,66.1938,66.376,99942
equity,INE835B01035,2025-06-05,67.7105,66.5779,66.7305,74974
equity,INE835B01035,2025-06-06,68.9416,66.829,68.6116,131160
equity,INE835B01035,2025-06-09,72.8811,68.4442,71.2659,287052
equity,INE835B01035,2025-06-10,83.6163,70.7094,81.4545,1944482
equity,INE835B01035,2025-06-11,82.0355,78.3964,79.0464,335068
equity,INE835B01035,2025-06-12,81.2526,77.0668,78.3964,262852
equity,INE835B01035,2025-06-13,80.7306,75.3433,79.2828,267634
equity,INE835B01035,2025-06-16,80.509,76.7566,78.7707,170432
equity,INE835B01035,2025-06-17,81.2526,76.9437,77.254,189202
equity,INE835B01035,2025-06-18,77.8055,75.3433,75.8357,67608
equity,INE835B01035,2025-06-19,76.8009,73.1519,73.4277,103954
equity,INE835B01035,2025-06-20,75.7323,72.8811,74.4421,93834
equity,INE835B01035,2025-06-23,75.0971,73.0042,73.9005,53078
equity,INE835B01035,2025-06-24,76.3233,73.8709,74.2452,114054
equity,INE835B01035,2025-06-25,85.3103,75.2645,80.9325,3117978
equity,INE835B01035,2025-06-26,83.567,80.7601,82.1094,311038
equity,INE835B01035,2025-06-27,82.2375,79.5881,80.1052,129710
equity,INE835B01035,2025-06-30,81.6613,78.9873,79.9673,160802
equity,INE835B01035,2025-07-01,81.3117,78.8642,79.4207,100016
equity,INE835B01035,2025-07-02,80.6075,77.8547,78.8839,90602
equity,INE835B01035,2025-07-03,79.3025,77.5593,77.904,78372
equity,INE835B01035,2025-07-04,81.0654,77.904,80.381,110118
equity,INE835B01035,2025-07-07,83.4685,79.7851,81.0999,218538
equity,INE835B01035,2025-07-08,81.5037,78.7904,79.5586,109300
equity,INE835B01035,2025-07-09,80.0658,78.1847,78.7707,76612
equity,INE835B01035,2025-07-10,80.0264,77.4509,77.7759,72610
equity,INE835B01035,2025-07-11,78.7411,76.2789,77.7464,69080
equity,INE835B01035,2025-07-14,78.5343,75.9933,77.579,56594
equity,INE835B01035,2025-07-15,81.2575,77.3229,78.7411,153168
equity,INE835B01035,2025-07-16,78.8298,76.2691,78.0616,199240
equity,INE835B01035,2025-07-17,78.6771,76.8206,76.988,79064
equity,INE835B01035,2025-07-18,77.9926,75.8357,76.9683,77866
equity,INE835B01035,2025-07-21,79.1843,76.407,78.2881,94938
equity,INE835B01035,2025-07-22,79.1351,76.9191,77.4066,56946
equity,INE835B01035,2025-07-23,79.0317,76.4316,76.993,57880
equity,INE835B01035,2025-07-24,77.6331,75.4713,75.816,72256
equity,INE835B01035,2025-07-25,77.3131,73.866,74.4569,74778
equity,INE835B01035,2025-07-28,80.2578,71.8962,74.777,403276
equity,INE835B01035,2025-07-29,75.7372,73.866,75.2694,80928
equity,INE835B01035,2025-07-30,76.8206,75.0232,75.5846,134216
equity,INE835B01035,2025-07-31,75.5304,72.1917,73.4868,111998
equity,INE835B01035,2025-08-01,75.2005,72.1424,72.3788,50416
equity,INE835B01035,2025-08-04,72.9599,70.9163,71.847,68290
equity,INE835B01035,2025-08-05,73.8167,71.4038,71.586,76076
equity,INE835B01035,2025-08-06,72.8122,67.9813,68.6067,117448
equity,INE835B01035,2025-08-07,70.6651,66.4843,68.1044,110104
equity,INE835B01035,2025-08-08,69.8033,65.2237,65.8934,116372
equity,INE835B01035,2025-08-11,67.2377,65.2975,66.3858,58370
equity,INE835B01035,2025-08-12,68.5033,66.3563,67.7252,53186
equity,INE835B01035,2025-08-13,72.5659,67.4643,71.3595,137792
equity,INE835B01035,2025-08-14,77.1062,71.65,75.8111,266070
equity,INE835B01035,2025-08-18,78.7411,75.0478,76.9142,195830
equity,INE835B01035,2025-08-19,77.8055,75.7471,77.0521,80608
equity,INE835B01035,2025-08-20,80.0215,77.0521,77.7464,180852
equity,INE835B01035,2025-08-21,78.7904,77.318,77.9385,77102
equity,INE835B01035,2025-08-22,79.2828,77.5593,78.0714,136470
equity,INE835B01035,2025-08-25,80.834,76.3577,77.5346,490026
equity,INE835B01035,2025-08-26,86.9649,77.6479,78.4703,1298004
equity,INE835B01035,2025-08-28,80.2184,78.3029,79.8737,122646
equity,INE835B01035,2025-08-29,80.2184,78.7904,79.1843,133290
equity,INE835B01035,2025-09-01,82.6117,79.0366,81.3511,124730
equity,INE835B01035,2025-09-02,83.7148,81.7056,82.5772,174270
equity,INE835B01035,2025-09-03,84.6997,82.7299,84.2023,230730
equity,INE835B01035,2025-09-04,85.8766,82.5477,83.7788,135352
equity,INE835B01035,2025-09-05,85.2857,80.8783,82.4541,378722
equity,INE835B01035,2025-09-08,83.3208,79.8836,80.4203,112378
equity,INE835B01035,2025-09-09,81.3461,78.7904,79.1154,59536
equity,INE835B01035,2025-09-10,80.4548,78.2487,78.5688,94468
equity,INE835B01035,2025-09-11,81.3511,78.7461,79.2631,85070
equity,INE835B01035,2025-09-12,80.2677,78.2979,78.7313,71440
equity,INE835B01035,2025-09-15,84.2072,78.7904,83.5572,206132
equity,INE835B01035,2025-09-16,84.8375,82.0503,82.5772,129060
equity,INE835B01035,2025-09-17,83.8871,81.4545,81.8927,85866
equity,INE835B01035,2025-09-18,83.503,80.8685,81.6761,51578
equity,INE835B01035,2025-09-19,82.4837,78.4851,79.7654,138296
equity,INE835B01035,2025-09-22,92.0862,80.6272,85.9898,1925456
equity,INE835B01035,2025-09-23,86.5941,83.7116,84.8854,270786
equity,INE835B01035,2025-09-24,85.4005,82.8151,83.558,96686
equity,INE835B01035,2025-09-25,85.1429,82.2208,82.7854,98746
equity,INE835B01035,2025-09-26,90.4275,81.7255,85.133,849886
equity,INE835B01035,2025-09-29,90.6355,85.3955,89.432,538176
equity,INE835B01035,2025-09-30,91.1308,87.9908,89.744,290088
equity,INE835B01035,2025-10-01,91.0813,84.7516,87.0993,244248
equity,INE835B01035,2025-10-03,90.8832,86.183,90.1353,231480
equity,INE835B01035,2025-10-06,94.1025,89.0556,93.3249,390234
equity,INE835B01035,2025-10-07,98.1885,94.251,95.6626,801196
equity,INE835B01035,2025-10-08,103.7306,95.2465,101.2245,1030294
equity,INE835B01035,2025-10-09,103.0174,97.8715,101.3137,367916
equity,INE835B01035,2025-10-10,103.7603,100.541,103.3938,305516
equity,INE835B01035,2025-10-13,105.7365,101.3533,103.3889,284104
equity,INE835B01035,2025-10-14,103.3889,97.2029,99.2533,276166
equity,INE835B01035,2025-10-15,101.4771,98.56,100.3925,115832
equity,INE835B01035,2025-10-16,109.456,100.3925,104.5726,807020
equity,INE835B01035,2025-10-17,104.5726,100.2984,101.1899,230844
equity,INE835B01035,2025-10-20,102.0269,97.817,98.1241,193978
equity,INE835B01035,2025-10-21,101.0264,98.1291,99.808,38218
equity,INE835B01035,2025-10-23,102.4726,97.1237,98.03,152416
equity,INE835B01035,2025-10-24,98.0944,95.3407,96.0984,117858
equity,INE835B01035,2025-10-27,101.0363,95.093,99.912,119190
equity,INE835B01035,2025-10-28,104.5033,98.0746,100.333,246310
equity,INE835B01035,2025-10-29,101.6851,99.0552,100.1646,166326
equity,INE835B01035,2025-10-30,101.3929,99.1048,99.3326,76124
equity,INE835B01035,2025-10-31,101.0363,95.2763,98.8324,88236
equity,INE835B01035,2025-11-03,103.5127,99.0552,100.2786,222570
equity,INE835B01035,2025-11-04,103.0174,96.1331,96.8067,208474
equity,INE835B01035,2025-11-06,98.2529,94.1025,94.7018,105868
equity,INE835B01035,2025-11-07,96.5392,91.0367,92.4383,127726
equity,INE835B01035,2025-11-10,94.5977,91.7994,92.6315,84964
equity,INE835B01035,2025-11-11,93.8994,88.0849,88.7139,115924
equity,INE835B01035,2025-11-12,92.2749,87.4212,90.8584,111866
equity,INE835B01035,2025-11-13,92.6959,86.7229,87.4905,164572
equity,INE835B01035,2025-11-14,90.3879,83.7512,89.7787,475530
equity,INE835B01035,2025-11-17,91.1308,88.0056,90.6058,111544
equity,INE835B01035,2025-11-18,90.9674,88.4117,88.9665,91252
equity,INE835B01035,2025-11-19,89.4221,84.1969,85.1281,174058
equity,INE835B01035,2025-11-20,86.604,83.7017,84.2465,78000
equity,INE835B01035,2025-11-21,87.1141,82.2158,82.5031,57492
equity,INE835B01035,2025-11-24,84.3851,79.789,80.7201,79728
equity,INE835B01035,2025-11-25,82.2158,79.477,80.2496,56026
equity,INE835B01035,2025-11-26,83.2064,80.4081,80.9281,51460
equity,INE835B01035,2025-11-27,86.188,81.4284,84.7021,151034
equity,INE835B01035,2025-11-28,86.1632,79.2442,82.3397,99660
equity,INE835B01035,2025-12-01,83.1915,81.2253,82.3694,46742
equity,INE835B01035,2025-12-02,81.8989,79.8435,80.5567,39936
equity,INE835B01035,2025-12-03,82.2109,80.0416,81.0519,32294
equity,INE835B01035,2025-12-04,82.7111,78.9817,81.6958,131054
equity,INE835B01035,2025-12-05,81.7156,75.9506,77.1739,152842
equity,INE835B01035,2025-12-08,78.843,75.7772,76.6588,134326
equity,INE835B01035,2025-12-09,79.0461,74.5886,78.1249,59020
equity,INE835B01035,2025-12-10,80.5071,76.9461,79.4076,73368
equity,INE835B01035,2025-12-11,79.6751,77.3671,78.7241,42106
equity,INE835B01035,2025-12-12,81.5225,78.9024,79.3482,32014
equity,INE835B01035,2025-12-15,84.7417,79.2442,82.7012,136496
equity,INE835B01035,2025-12-16,83.3203,80.9776,81.2748,36604
equity,INE835B01035,2025-12-17,81.785,78.8727,79.3631,54888
equity,INE835B01035,2025-12-18,79.368,77.0105,78.1992,75616
equity,INE835B01035,2025-12-19,80.1357,76.3765,79.2293,58574
equity,INE835B01035,2025-12-22,80.3338,76.1735,77.5058,99890
equity,INE835B01035,2025-12-23,79.3482,77.0154,78.2338,59150
equity,INE835B01035,2025-12-24,79.5958,77.3126,77.9267,30212
equity,INE835B01035,2025-12-26,78.9718,75.7772,76.2973,120202
equity,INE835B01035,2025-12-29,77.5751,74.7867,75.074,162704
equity,INE835B01035,2025-12-30,74.7867,73.1077,73.5039,62836
equity,INE835B01035,2025-12-31,75.7574,73.2068,73.8952,69888
equity,INE835B01035,2026-01-01,75.2869,73.5485,74.5391,38300
equity,INE835B01035,2026-01-02,76.1636,73.5832,74.8758,42248
equity,INE835B01035,2026-01-05,75.4058,71.8893,72.6322,99628
equity,INE835B01035,2026-01-06,74.4846,71.5278,72.9492,81302
equity,INE835B01035,2026-01-07,73.6723,71.3198,73.0928,50528
equity,INE835B01035,2026-01-08,73.499,70.8047,71.4683,62260
equity,INE835B01035,2026-01-09,73.5485,69.2,69.7002,79362
equity,INE835B01035,2026-01-12,70.3292,67.3625,68.3332,85222
equity,INE835B01035,2026-01-13,69.1306,67.5061,68.1549,29550
equity,INE835B01035,2026-01-14,69.4328,67.3576,67.6399,55278
equity,INE835B01035,2026-01-16,71.0474,66.9762,69.6804,65472
equity,INE835B01035,2026-01-19,69.7299,67.7983,68.9424,49584
equity,INE835B01035,2026-01-20,69.3486,67.1693,68.0807,64616
equity,INE835B01035,2026-01-21,68.8384,65.8717,66.2432,71288
equity,INE835B01035,2026-01-22,67.8974,65.53,66.6592,50336
equity,INE835B01035,2026-01-23,67.6002,63.009,64.2373,64584
equity,INE835B01035,2026-01-27,65.005,62.4593,63.539,50066
equity,INE835B01035,2026-01-28,65.6835,63.9501,65.3319,54748
equity,INE835B01035,2026-01-29,66.3175,63.1477,64.6385,67584
equity,INE835B01035,2026-01-30,64.7871,63.1972,63.638,75658
equity,INE835B01035,2026-02-02,66.8474,61.6718,63.8262,81830
equity,INE835B01035,2026-02-03,67.4318,65.5795,66.5948,54826
equity,INE835B01035,2026-02-04,67.5507,64.9802,66.991,69508
equity,INE835B01035,2026-02-05,68.3382,65.4854,66.2679,35856
equity,INE835B01035,2026-02-06,67.1842,64.4949,65.7529,38842
equity,INE835B01035,2026-02-09,69.091,65.6835,68.888,48706
equity,INE835B01035,2026-02-10,71.5674,69.1356,70.983,75488
equity,INE835B01035,2026-02-11,72.0577,68.5957,70.6313,66568
equity,INE835B01035,2026-02-12,81.7949,68.462,71.9983,1096282
equity,INE835B01035,2026-02-13,71.7655,68.5759,69.5318,144664
equity,INE835B01035,2026-02-16,69.6111,67.1149,68.2837,108694
equity,INE835B01035,2026-02-17,69.4773,67.4071,67.6646,61796
equity,INE835B01035,2026-02-18,68.8434,67.3625,68.2292,49064
equity,INE835B01035,2026-02-19,68.5165,67.6052,67.6844,50942
equity,INE835B01035,2026-02-20,67.9915,65.9213,66.4462,42562
equity,INE835B01035,2026-02-23,68.1005,65.1288,65.6389,63400
equity,INE835B01035,2026-02-24,66.3521,64.1977,65.3418,45864
equity,INE835B01035,2026-02-25,66.9613,63.0734,63.5935,65308
equity,INE835B01035,2026-02-26,66.9118,64.6335,65.8371,108698
equity,INE835B01035,2026-02-27,66.6146,64.6385,66.0649,39216
equity,INE835B01035,2026-03-02,65.8717,61.8006,63.9501,64722
equity,INE835B01035,2026-03-04,63.9847,60.4237,61.1072,96564
equity,INE835B01035,2026-03-05,62.6475,59.8244,60.6119,59048
equity,INE835B01035,2026-03-06,62.0185,59.4331,59.557,44574
equity,INE835B01035,2026-03-09,59.9086,57.0063,57.7641,68384
equity,INE835B01035,2026-03-10,66.8623,58.185,64.3215,189724
equity,INE835B01035,2026-03-11,68.3432,63.8956,64.7673,95606
equity,INE835B01035,2026-03-12,65.1734,62.0284,63.4746,136120
equity,INE835B01035,2026-03-13,65.3715,62.5138,63.0883,62394
equity,INE835B01035,2026-03-16,62.9545,59.7749,61.1517,64910
equity,INE835B01035,2026-03-17,62.702,59.6065,60.29,50556
equity,INE835B01035,2026-03-18,61.5777,59.6808,60.5475,61788
equity,INE835B01035,2026-03-19,61.5381,59.4628,60.3444,40832
equity,INE835B01035,2026-03-20,61.86,59.4827,61.0279,88580
equity,INE835B01035,2026-03-23,60.914,56.6844,57.249,102238
equity,INE835B01035,2026-03-24,59.8195,56.6348,57.3034,125436
equity,INE835B01035,2026-03-25,62.2413,57.1598,57.878,109866
equity,INE835B01035,2026-03-27,58.502,52.846,53.7176,168872
equity,INE835B01035,2026-03-30,54.5299,50.0724,50.7807,316132
equity,INE835B01035,2026-04-01,56.9568,52.3061,55.9266,113484
equity,INE835B01035,2026-04-02,58.4426,53.6929,57.8086,69622
equity,INE835B01035,2026-04-06,59.8095,55.674,57.5313,102086
equity,INE835B01035,2026-04-07,58.5664,56.5358,57.3233,44752
equity,INE835B01035,2026-04-08,61.9095,58.7794,61.5182,64444
equity,INE835B01035,2026-04-09,62.4939,60.4782,61.6718,79210
equity,INE835B01035,2026-04-10,63.1081,61.335,62.4197,45946
equity,INE835B01035,2026-04-13,62.0333,57.452,59.973,95800
equity,INE835B01035,2026-04-15,62.7812,60.8694,62.1175,51592
equity,INE835B01035,2026-04-16,69.7596,63.3458,67.9222,274722
equity,INE835B01035,2026-04-17,71.3198,67.1,69.7398,165118
equity,INE835B01035,2026-04-20,71.2653,66.7038,67.0059,100338
equity,INE835B01035,2026-04-21,68.5908,66.9118,67.838,46614
equity,INE835B01035,2026-04-22,68.8434,65.9064,67.1149,61792
equity,INE835B01035,2026-04-23,68.3085,65.4309,65.6637,54686
equity,INE835B01035,2026-04-24,66.8573,62.6524,63.8312,55508
equity,INE835B01035,2026-04-27,65.8717,63.8312,64.5196,34536
equity,INE835B01035,2026-04-28,66.8623,63.643,63.9402,29990
equity,INE835B01035,2026-04-29,65.3368,63.6975,63.9302,35158
equity,INE835B01035,2026-04-30,66.7632,62.8505,63.0784,46198
equity,INE835B01035,2026-05-04,65.3765,62.8555,64.7871,67410
equity,INE835B01035,2026-05-05,64.7574,62.9744,63.1725,76350
equity,INE835B01035,2026-05-06,64.7524,62.7515,63.7272,40738
equity,INE835B01035,2026-05-07,66.2977,63.96,65.2774,67356
equity,INE835B01035,2026-05-08,65.3517,63.4003,64.475,39578
equity,INE835B01035,2026-05-11,65.8222,62.8555,64.4899,72576
equity,INE835B01035,2026-05-12,65.8222,63.3953,63.742,73444
equity,INE835B01035,2026-05-13,67.7488,61.7857,66.6543,247928
equity,INE835B01035,2026-05-14,73.3009,67.9568,69.2842,464922
equity,INE835B01035,2026-05-15,67.9766,61.2657,61.7312,539380
equity,INE835B01035,2026-05-18,61.9046,58.4475,60.3742,142706
equity,INE835B01035,2026-05-19,61.7956,58.9626,60.6565,46946
equity,INE835B01035,2026-05-20,61.7758,58.9923,59.8046,84676
equity,INE835B01035,2026-05-21,61.4093,59.4678,59.968,45202
equity,INE835B01035,2026-05-22,60.7902,59.5966,60.1018,33132
equity,INE835B01035,2026-05-25,61.4142,59.136,59.4381,111136
equity,INE835B01035,2026-05-26,61.4142,59.1855,59.6412,71804
equity,INE835B01035,2026-05-27,60.919,59.4331,59.7848,43930
equity,INE835B01035,2026-05-29,60.8793,59.6857,60.0374,70946
equity,INE835B01035,2026-06-01,60.4237,57.6254,58.4178,103696
equity,INE835B01035,2026-06-02,58.9131,57.1549,58.6407,46030
equity,INE835B01035,2026-06-03,60.4237,58.6902,58.8933,54374
equity,INE835B01035,2026-06-04,60.3692,58.4525,59.032,65172
equity,INE835B01035,2026-06-05,59.7204,58.1949,58.4624,63518
equity,INE835B01035,2026-06-08,59.8937,57.0063,57.2093,68776
equity,INE835B01035,2026-06-09,59.6808,57.6551,59.235,91986
equity,INE835B01035,2026-06-10,64.8316,59.0419,62.6277,366504
equity,INE835B01035,2026-06-11,62.1473,60.7258,61.3845,63136
equity,INE835B01035,2026-06-12,64.0887,61.4142,62.7812,178462
equity,INE835B01035,2026-06-15,64.3809,61.7411,62.5237,137250
equity,INE835B01035,2026-06-16,64.7821,62.6029,63.5588,80416
equity,INE835B01035,2026-06-17,64.3908,62.3998,64.3166,101422
equity,INE835B01035,2026-06-18,66.5453,64.3166,65.8767,117602
equity,INE835B01035,2026-06-19,67.7983,64.693,66.7434,104672
equity,INE835B01035,2026-06-22,67.5557,66.2283,66.58,64672
equity,INE835B01035,2026-06-23,67.2932,64.792,65.946,51436
equity,INE835B01035,2026-06-24,68.7939,64.8812,68.3481,126006
equity,INE835B01035,2026-06-25,68.3976,65.4706,65.9213,83098
equity,INE835B01035,2026-06-29,67.6993,64.267,66.4611,90542
equity,INE835B01035,2026-06-30,67.3576,65.5003,66.9663,98636
equity,INE835B01035,2026-07-01,68.1946,65.9213,66.4512,97612
equity,INE835B01035,2026-07-02,66.8623,64.9901,65.951,70540
equity,INE835B01035,2026-07-03,67.3576,65.3765,66.6988,43902
equity,INE835B01035,2026-07-06,66.8573,63.3458,64.3562,134950
equity,INE835B01035,2026-07-07,65.6241,63.4696,63.7519,39144
equity,INE835B01035,2026-07-08,64.7673,62.0086,62.588,73260
equity,INE835B01035,2026-07-09,64.3265,62.4048,62.7812,37186
equity,INE835B01035,2026-07-10,64.3314,62.9248,63.4994,22684
equity,INE835B01035,2026-07-13,64.6434,62.0531,62.8852,52510
equity,INE835B01035,2026-07-14,63.4399,61.4142,61.9194,27548
equity,INE835B01035,2026-07-15,63.2913,61.5628,62.4444,27428
equity,INE835B01035,2026-07-16,63.638,62.1572,62.5138,22938
equity,INE835B01035,2026-07-17,62.6722,61.5975,61.8303,25236
equity,INE835B01035,2026-07-20,62.3404,60.6119,62.0531,41648
equity,INE835B01035,2026-07-21,65.3765,61.8699,64.376,80450
equity,INE835B01035,2026-07-22,66.6146,63.3953,65.9312,92572
equity,INE835B01035,2026-07-23,69.3387,64.0045,66.4116,266482
equity,INE835B01035,2026-07-24,67.7141,64.5592,66.7038,43884
equity,INE835B01035,2026-07-27,74.2914,68.1252,70.5224,632318
equity,INE835B01035,2026-07-28,70.6264,66.367,66.7385,124906
equity,INE835B01035,2026-07-29,73.4346,66.6691,71.2058,493688
equity,INE835B01035,2026-07-30,79.1946,70.2202,75.7723,921746
equity,INE835B01035,2026-07-31,78.2536,74.4648,75.6584,255732
equity,INE835B01035,2026-08-03,76.5202,72.8006,73.8902,410790
equity,INE835B01035,2026-08-04,75.8763,73.39,75.0145,151324
equity,INE835B01035,2026-08-05,83.7017,75.7822,82.4139,1283108
equity,INE835B01035,2026-08-06,98.8967,79.789,98.3618,7155670
equity,INE835B01035,2026-08-07,101.2344,93.2853,94.8008,2476638
equity,INE835B01035,2026-08-10,100.967,90.591,95.1376,1151142
equity,INE835B01035,2026-08-11,93.6072,90.3829,90.5117,192266
equity,INE835B01035,2026-08-12,94.5977,85.9898,89.4716,276016
equity,INE835B01035,2026-08-13,93.8548,86.4257,93.3199,176716
equity,INE835B01035,2026-08-14,93.6072,91.1308,91.8935,77930
equity,INE835B01035,2026-08-17,91.6162,87.3023,88.9516,90330
equity,INE835B01035,2026-08-18,88.6495,84.6922,84.9399,99538
equity,INE835B01035,2026-08-19,89.1844,85.2568,89.1844,82176
equity,INE835B01035,2026-08-20,93.6419,91.0318,93.6419,92260
equity,INE835B01035,2026-08-21,95.9845,89.2735,94.1025,140338
equity,INE835B01035,2026-08-24,97.3713,94.152,95.8954,262604
equity,INE835B01035,2026-08-25,97.3812,92.6166,94.8652,96414
equity,INE835B01035,2026-08-26,98.56,94.5977,98.3024,191110
equity,INE835B01035,2026-08-27,99.5753,95.093,95.5932,125938
equity,INE835B01035,2026-08-28,98.1637,94.5977,96.1182,95928
equity,INE835B01035,2026-08-31,97.5694,95.093,97.0642,61128
equity,INE835B01035,2026-09-01,97.9656,92.2204,95.4694,90766
equity,INE835B01035,2026-09-02,100.2389,92.6166,100.234,271868
equity,INE835B01035,2026-09-03,105.0481,101.5316,102.6757,202962
equity,INE835B01035,2026-09-04,106.4844,99.3276,103.4929,55838
equity,INE835B01035,2026-09-07,108.6636,103.4929,108.5546,263190
equity,INE835B01035,2026-09-08,112.4277,105.4938,108.1039,173938
equity,INE835B01035,2026-09-09,111.14,104.008,105.2511,70606
equity,INE835B01035,2026-09-10,107.8711,103.0174,104.845,46850
equity,INE835B01035,2026-09-11,108.5,100.675,103.695,92148
equity,INE835B01035,2026-09-15,106.5,98.515,98.515,57454
equity,INE835B01035,2026-09-16,96.04,93.59,93.59,37662
equity,INE835B01035,2026-09-17,98.265,90,97.075,65026
equity,INE835B01035,2026-09-18,98.42,94.255,96.375,85094
equity,INE835B01035,2026-09-21,99.745,94.05,97.83,32100
equity,INE835B01035,2026-09-22,99.475,95.55,97.22,46244
equity,INE835B01035,2026-09-23,100.515,95.8,99.94,98956
equity,INE835B01035,2026-09-24,102.5,97.6,99.6,64988
equity,INE835B01035,2026-09-25,104.44,97.5,100.04,47652
equity,INE835B01035,2026-09-28,102.5,96.5,98.645,44770
equity,INE835B01035,2026-09-29,103.575,98.825,100.745,69964
equity,INE835B01035,2026-09-30,104,100.5,103.08,69734
equity,INE835B01035,2026-10-01,105.5,101.08,102.39,61896
equity,INE835B01035,2026-10-05,107.475,103.5,106.75,154024
equity,INE835B01035,2026-10-06,110,107.505,108.36,104432
equity,INE835B01035,2026-10-07,111,107.5,110.495,128614
equity,INE835B01035,2026-10-08,112.495,104.975,104.975,85060
commodity,CL=F,2026-10-09,92.17,90.01,91.39,197192
commodity,BZ=F,2026-10-09,105.07,102.39,104.07,25649
commodity,NG=F,2026-10-09,3.247,3.112,3.196,181383
commodity,RB=F,2026-10-09,3.1646,3.1149,3.1307,45819
commodity,HO=F,2026-10-09,4.8871,4.6396,4.672,50565
commodity,HG=F,2026-10-09,6.7185,6.5115,6.709,40683
commodity,ALI=F,2026-10-09,3214.5,3151,3192,162
commodity,HRC=F,2026-10-09,1318,1314,1318,125
commodity,GC=F,2026-10-09,4233.7002,4156.1001,4220.2002,127366
commodity,SI=F,2026-10-09,61.46,59.45,61.015,34452
commodity,PL=F,2026-10-09,1710,1646,1696.1,17272
commodity,PA=F,2026-10-09,1168.5,1129.5,1150,5019
commodity,ZS=F,2026-10-09,1299.25,1269.75,1292.25,270888
commodity,ZL=F,2026-10-09,68.48,67.4,68.03,67696
commodity,ZM=F,2026-10-09,366.4,352.6,365.4,126626
commodity,ZW=F,2026-10-09,687.5,661.5,670.75,102348
commodity,ZC=F,2026-10-09,504.75,470.25,480.5,531873
commodity,KC=F,2026-10-09,291.8,284.25,285.15,14830
commodity,SB=F,2026-10-09,20.44,20.09,20.27,50291
commodity,CC=F,2026-10-09,5710,5563,5671,13240
commodity,CT=F,2026-10-09,81.07,80.01,81.02,17132
commodity,ZR=F,2026-10-09,17.005,16.755,16.97,568
commodity,DC=F,2026-10-09,16.21,15.88,16.08,488
crypto,BTC-USD,2026-10-09,83259.6328,81602.4063,82270.9297,24830498816
crypto,ETH-USD,2026-10-09,2507.03,2469.6887,2475.9399,10037462016
crypto,USDT-USD,2026-10-09,0.99955,0.99896,0.99912,61514596352
crypto,BNB-USD,2026-10-09,744.2823,733.4199,737.47,1372102144
crypto,XRP-USD,2026-10-09,1.4044,1.3778,1.3852,2120987264
crypto,SOL-USD,2026-10-09,111.5122,108.5142,108.58,2916372480
crypto,TRX-USD,2026-10-09,0.33295,0.33165,0.33211,398860448
crypto,HYPE32196-USD,2026-10-09,86.3646,83.5448,83.53,770568384
crypto,DOGE-USD,2026-10-09,0.085428,0.083924,0.08444,681854080
crypto,XMR-USD,2026-10-09,547.5598,517.2858,517.2858,128173848
crypto,LINK-USD,2026-10-09,12.9482,12.6819,12.768,256195248
crypto,LEO-USD,2026-10-09,8.9367,8.8873,8.8887,346827
crypto,ADA-USD,2026-10-09,0.24039,0.23163,0.23601,474930912
crypto,XLM-USD,2026-10-09,0.1954,0.19153,0.19165,129842560
crypto,DAI-USD,2026-10-09,1.0006,0.99879,1.0001,31655724
crypto,LTC-USD,2026-10-09,64.3847,63.0415,63.281,209433984
crypto,HBAR-USD,2026-10-09,0.092735,0.089384,0.08964,93975640
crypto,AVAX-USD,2026-10-09,10.466,10.0273,10.144,333229696
crypto,SUI20947-USD,2026-10-09,1.0762,1.0399,1.0568,557800000
crypto,SHIB-USD,2026-10-09,0.0000054167,0.000005293,0.00000539,53065028
crypto,NEAR-USD,2026-10-09,4.8981,4.4573,4.6632,1054925056
crypto,USDE29470-USD,2026-10-09,0.99977,0.99933,0.99958,27323770
crypto,POL28321-USD,2026-10-09,0.10102,0.097352,0.09755,154021360
crypto,UNI7083-USD,2026-10-09,7.4407,7.0921,7.2617,595801664
currency,DX-Y.NYB,2026-10-09,102.335,101.92,102.245,
currency,EURUSD=X,2026-10-09,1.1246,1.1192,1.1204,
currency,JPY=X,2026-10-09,158.431,157.752,158.26,
currency,GBPUSD=X,2026-10-09,1.325,1.3208,1.3242,
currency,CHF=X,2026-10-09,0.8319,0.8295,0.82972,
currency,AUDUSD=X,2026-10-09,0.69906,0.69594,0.69906,
currency,CAD=X,2026-10-09,1.4299,1.4204,1.4264,
currency,INR=X,2026-10-09,96.78,96.5,96.72,
currency,KRW=X,2026-10-09,1345.77,1339.4,1341.01,
currency,SEK=X,2026-10-09,10.0092,9.9395,9.9894,
currency,MXN=X,2026-10-09,18.4964,18.135,18.4032,
currency,NZDUSD=X,2026-10-09,0.56278,0.56029,0.56167,
currency,NOK=X,2026-10-09,9.5875,9.5305,9.5545,
currency,TWD=X,2026-10-09,31.982,31.89,31.913,
currency,BRL=X,2026-10-09,5.0187,4.9704,4.9839,
currency,ZAR=X,2026-10-09,16.605,16.4892,16.502,
currency,PLN=X,2026-10-09,3.9253,3.8898,3.9153,
currency,DKK=X,2026-10-09,6.6814,6.6477,6.6726,
currency,IDR=X,2026-10-09,17895,17870,17879,
currency,TRY=X,2026-10-09,49.3423,49.1342,49.338,
currency,THB=X,2026-10-09,33.65,33.48,33.5,
currency,ILS=X,2026-10-09,3.0674,3.0487,3.062,
currency,HUF=X,2026-10-09,326.937,324.39,325.663,
currency,CZK=X,2026-10-09,21.7921,21.66,21.754,
currency,CLP=X,2026-10-09,981.67,972.03,975,
currency,PHP=X,2026-10-09,62.89,62.733,62.89,
currency,COP=X,2026-10-09,3226.26,3180.9299,3185.49,
equity,INE025R01021,2026-10-09,315.95,308.25,313.2,221613
equity,INE927X01018,2026-10-09,102000,97000,101000,8
equity,INE131C01011,2026-10-09,11680,11350,11385,12
equity,INE887D01024,2026-10-09,45.22,43.5,43.93,292590
equity,INE1U6D01014,2026-10-09,305,296.05,304,35200
equity,INE638A01035,2026-10-09,77.69,75.1,75.19,75664
index,^GSPC,2026-10-09,7820.5698,7779.3398,7811.5098,2551833000
index,^NDX,2026-10-09,30946.7383,30770.0547,30883.1484,822864040
index,^RUT,2026-10-09,2814.0061,2795.5413,2809.1487,
index,^DJI,2026-10-09,51765.1094,51258.9492,51655.1797,328067548
index,^FTSE,2026-10-09,10577.3301,10441.5,10552.0498,
index,^GDAXI,2026-10-09,25164.7402,24955.7109,25087.2695,
index,^FCHI,2026-10-09,7825.3398,7766.9902,7803.3301,
index,^STOXX50E,2026-10-09,6204.4702,6129.3799,6173.3701,
index,000300.SS,2026-10-09,4330.7432,4239.7427,4317.2549,2738872416
index,^AXJO,2026-10-09,8716.5996,8660.9004,8716.5996,
index,^BVSP,2026-10-09,209713.4531,206237.5469,208959.5469,
index,^MXX,2026-10-09,66176.2578,64934.8086,66076.9375,100761843
index,^GSPTSE,2026-10-09,35683.3281,35321.9219,35664.6211,268216950
index,^IBEX,2026-10-09,19181.5996,19033.0996,19033.0996,107858866
index,FTSEMIB.MI,2026-10-09,49916.6289,49572.9688,49746.3086,
index,^AEX,2026-10-09,1135.76,1124.58,1130.95,
