AssetClass,Key,Date,High,Low,Close,Volume
equity,INE639B01023,2023-09-12,922.4851,892.8153,910.3846,8176
equity,INE639B01023,2023-09-13,912.5622,883.5111,898.1851,3104
equity,INE639B01023,2023-09-14,912.6117,898.3089,901.8227,2640
equity,INE639B01023,2023-09-15,926.7661,894.795,916.6204,4622
equity,INE639B01023,2023-09-18,935.3775,906.4748,916.9669,4542
equity,INE639B01023,2023-09-20,923.2495,896.4552,911.4293,6638
equity,INE639B01023,2023-09-21,923.771,898.9633,900.9996,4272
equity,INE639B01023,2023-09-22,913.3165,897.4734,900.3043,5880
equity,INE639B01023,2023-09-25,918.3327,901.521,906.86,3008
equity,INE639B01023,2023-09-26,943.1403,910.5352,928.5884,3566
equity,INE639B01023,2023-09-27,961.0199,918.8045,947.3371,8646
equity,INE639B01023,2023-09-28,964.9931,932.2141,943.8605,5278
equity,INE639B01023,2023-09-29,969.9595,941.2034,956.9473,6284
equity,INE639B01023,2023-10-03,980.3891,948.6283,962.9815,9212
equity,INE639B01023,2023-10-04,967.9729,938.6705,952.5519,7676
equity,INE639B01023,2023-10-05,1000.1559,956.5748,1000.1559,35208
equity,INE639B01023,2023-10-06,1050.1438,973.4361,1050.1438,84400
equity,INE639B01023,2023-10-09,1036.9578,958.5366,971.1516,36658
equity,INE639B01023,2023-10-10,1010.2629,974.4295,979.8181,19652
equity,INE639B01023,2023-10-11,992.9545,959.0829,973.2374,15968
equity,INE639B01023,2023-10-12,985.3061,972.1448,974.2556,3962
equity,INE639B01023,2023-10-13,998.2687,965.9864,973.3616,7574
equity,INE639B01023,2023-10-16,982.3758,963.5031,971.9213,6794
equity,INE639B01023,2023-10-17,987.839,966.0112,969.6616,4468
equity,INE639B01023,2023-10-18,981.8791,948.6532,957.5184,9442
equity,INE639B01023,2023-10-19,966.9796,938.7202,954.5882,6242
equity,INE639B01023,2023-10-20,965.3904,946.0955,957.593,7566
equity,INE639B01023,2023-10-23,973.4361,913.8628,933.3315,19080
equity,INE639B01023,2023-10-25,943.637,896.5048,928.4395,8690
equity,INE639B01023,2023-10-26,937.6772,899.4847,934.5483,6764
equity,INE639B01023,2023-10-27,973.4361,904.4512,962.5594,9708
equity,INE639B01023,2023-10-30,991.241,964.5212,989.6269,9864
equity,INE639B01023,2023-10-31,1087.6658,988.3356,1048.8278,22760
equity,INE639B01023,2023-11-01,1082.6994,1036.0142,1042.868,9024
equity,INE639B01023,2023-11-02,1060.2757,1028.0678,1042.868,10828
equity,INE639B01023,2023-11-03,1062.8332,1030.5509,1036.2375,5894
equity,INE639B01023,2023-11-06,1049.6721,1018.6314,1021.8845,4180
equity,INE639B01023,2023-11-07,1037.0075,1008.2266,1017.1166,4272
equity,INE639B01023,2023-11-08,1080.3652,1027.5711,1063.8267,11222
equity,INE639B01023,2023-11-09,1092.6324,1035.5175,1038.0752,6282
equity,INE639B01023,2023-11-10,1036.933,1010.6601,1017.0669,6880
equity,INE639B01023,2023-11-13,1047.9338,998.2687,1011.3554,12240
equity,INE639B01023,2023-11-15,1038.5222,1011.6782,1021.8596,5566
equity,INE639B01023,2023-11-16,1040.9806,1014.1615,1026.5033,5406
equity,INE639B01023,2023-11-17,1091.5894,1028.0678,1082.2524,20358
equity,INE639B01023,2023-11-20,1141.8008,1077.7328,1121.9845,21192
equity,INE639B01023,2023-11-21,1156.7003,1086.8464,1093.7498,5126
equity,INE639B01023,2023-11-22,1112.0017,1067.8495,1077.4596,3282
equity,INE639B01023,2023-11-23,1097.5989,1065.3166,1077.1617,6060
equity,INE639B01023,2023-11-24,1105.0487,1067.7998,1092.7317,3554
equity,INE639B01023,2023-11-28,1105.0486,1073.7596,1089.1558,2786
equity,INE639B01023,2023-11-29,1105.0487,1077.7329,1089.8015,4126
equity,INE639B01023,2023-11-30,1117.4649,1081.706,1107.3333,5936
equity,INE639B01023,2023-12-01,1328.7899,1095.1156,1328.3181,805464
equity,INE639B01023,2023-12-04,1380.0443,1247.1405,1304.9258,88812
equity,INE639B01023,2023-12-05,1328.5415,1236.6362,1247.8606,34190
equity,INE639B01023,2023-12-06,1316.1254,1241.6526,1309.1971,47680
equity,INE639B01023,2023-12-07,1311.1836,1264.9702,1270.036,10978
equity,INE639B01023,2023-12-08,1308.179,1266.4603,1278.8766,16516
equity,INE639B01023,2023-12-11,1362.587,1291.2928,1318.832,35974
equity,INE639B01023,2023-12-12,1345.8746,1283.3712,1290.97,16890
equity,INE639B01023,2023-12-13,1325.5617,1281.3846,1286.6987,8988
equity,INE639B01023,2023-12-14,1314.6354,1278.8765,1282.7753,9736
equity,INE639B01023,2023-12-15,1338.4746,1291.2928,1297.2526,15180
equity,INE639B01023,2023-12-18,1313.5677,1266.4603,1277.4611,11354
equity,INE639B01023,2023-12-19,1290.2746,1241.131,1259.6561,10780
equity,INE639B01023,2023-12-20,1278.8517,1172.1463,1191.5653,18448
equity,INE639B01023,2023-12-21,1266.4602,1157.2467,1245.874,24578
equity,INE639B01023,2023-12-22,1271.3771,1236.6612,1240.3116,5996
equity,INE639B01023,2023-12-26,1263.9769,1231.7443,1244.6075,8118
equity,INE639B01023,2023-12-27,1254.044,1197.9224,1215.5287,8398
equity,INE639B01023,2023-12-28,1240.1377,1204.3788,1211.8037,24854
equity,INE639B01023,2023-12-29,1236.5618,1207.036,1222.308,5614
equity,INE639B01023,2024-01-01,1239.0947,1211.8286,1217.1427,9952
equity,INE639B01023,2024-01-02,1234.178,1190.2244,1197.103,17892
equity,INE639B01023,2024-01-03,1230.2046,1184.5127,1191.4161,10186
equity,INE639B01023,2024-01-04,1204.354,1186.996,1189.7773,9850
equity,INE639B01023,2024-01-05,1215.2554,1186.7974,1189.3054,9912
equity,INE639B01023,2024-01-08,1211.2822,1179.596,1183.4202,7928
equity,INE639B01023,2024-01-09,1191.9626,1167.13,1188.3867,14370
equity,INE639B01023,2024-01-10,1191.9129,1172.5932,1185.7047,9542
equity,INE639B01023,2024-01-11,1251.511,1186.9961,1230.2296,33656
equity,INE639B01023,2024-01-12,1278.8765,1177.063,1181.5577,168104
equity,INE639B01023,2024-01-15,1229.2114,1179.5463,1183.3705,29704
equity,INE639B01023,2024-01-16,1201.8956,1167.1301,1173.2389,45970
equity,INE639B01023,2024-01-17,1186.4994,1145.4512,1148.2821,17814
equity,INE639B01023,2024-01-18,1156.1044,1112.4984,1136.8094,21698
equity,INE639B01023,2024-01-19,1154.7139,1118.4584,1137.7533,22180
equity,INE639B01023,2024-01-23,1189.4793,1019.5749,1069.0414,30386
equity,INE639B01023,2024-01-24,1116.4717,1033.0591,1077.3853,23600
equity,INE639B01023,2024-01-25,1091.0431,1045.4753,1060.7722,12310
equity,INE639B01023,2024-01-29,1085.0585,1042.9673,1054.5889,21366
equity,INE639B01023,2024-01-30,1084.0651,1044.4572,1054.6385,16506
equity,INE639B01023,2024-01-31,1077.6087,1046.4439,1054.4647,10436
equity,INE639B01023,2024-02-01,1084.09,1042.9673,1058.3137,14636
equity,INE639B01023,2024-02-02,1067.6259,1038.4974,1052.7512,12014
equity,INE639B01023,2024-02-05,1067.0796,1012.1748,1038.249,30036
equity,INE639B01023,2024-02-06,1041.9491,1011.1816,1014.4347,13106
equity,INE639B01023,2024-02-07,1018.085,869.6857,985.1819,22358
equity,INE639B01023,2024-02-08,1005.6936,968.9663,987.6155,9086
equity,INE639B01023,2024-02-09,1001.1244,957.7419,980.9852,9520
equity,INE639B01023,2024-02-12,982.4007,929.3583,942.8672,40340
equity,INE639B01023,2024-02-13,942.7679,884.0389,889.2041,23960
equity,INE639B01023,2024-02-14,890.6444,869.1146,885.4792,18846
equity,INE639B01023,2024-02-15,993.3022,889.0054,992.8304,35722
equity,INE639B01023,2024-02-16,1018.0354,968.4696,992.3088,24752
equity,INE639B01023,2024-02-19,1015.6018,972.4428,978.1047,8924
equity,INE639B01023,2024-02-20,992.8055,963.5031,967.2776,4276
equity,INE639B01023,2024-02-21,993.3022,963.5031,980.5134,12782
equity,INE639B01023,2024-02-22,983.8658,944.531,962.783,5206
equity,INE639B01023,2024-02-23,977.906,933.6792,945.9713,5540
equity,INE639B01023,2024-02-26,956.0036,919.0031,933.4556,10672
equity,INE639B01023,2024-02-27,955.5318,920.7911,943.9351,10362
equity,INE639B01023,2024-02-28,953.5452,923.771,938.2235,8334
equity,INE639B01023,2024-02-29,953.0734,909.5171,923.9697,5284
equity,INE639B01023,2024-03-01,943.0162,920.1454,925.4596,6522
equity,INE639B01023,2024-03-04,956.0533,893.9719,904.3767,11112
equity,INE639B01023,2024-03-05,912.7454,879.0724,883.1698,18394
equity,INE639B01023,2024-03-06,891.4887,849.2733,862.4346,13146
equity,INE639B01023,2024-03-07,943.5625,859.1815,927.0985,22504
equity,INE639B01023,2024-03-11,953.57,923.771,933.1328,10776
equity,INE639B01023,2024-03-12,931.6926,874.1308,886.8698,12082
equity,INE639B01023,2024-03-13,902.8867,844.8034,851.384,31292
equity,INE639B01023,2024-03-14,937.6275,839.3403,916.4702,24418
equity,INE639B01023,2024-03-15,1099.7593,916.8675,965.589,24354
equity,INE639B01023,2024-03-18,1043.9605,969.5374,1019.7239,42626
equity,INE639B01023,2024-03-19,1030.5509,998.2935,1016.3715,8140
equity,INE639B01023,2024-03-20,1042.3962,970.4066,1028.6141,18484
equity,INE639B01023,2024-03-21,1067.2039,1018.7058,1043.017,19192
equity,INE639B01023,2024-03-22,1092.558,1031.3953,1072.7167,33330
equity,INE639B01023,2024-03-26,1087.6409,1033.0342,1041.7753,10870
equity,INE639B01023,2024-03-27,1043.0914,998.3183,1003.8808,13598
equity,INE639B01023,2024-03-28,1029.5577,973.4361,977.0865,12636
equity,INE639B01023,2024-04-01,1042.9673,977.0865,1032.2893,9308
equity,INE639B01023,2024-04-02,1042.9673,1002.2419,1017.7374,9888
equity,INE639B01023,2024-04-03,1060.3251,998.2686,1036.4363,9154
equity,INE639B01023,2024-04-04,1052.9003,1028.6388,1035.0706,7446
equity,INE639B01023,2024-04-05,1052.8506,1017.1663,1032.0658,6674
equity,INE639B01023,2024-04-08,1050.9137,1008.7729,1018.5072,3078
equity,INE639B01023,2024-04-09,1039.168,1005.6936,1009.5675,4314
equity,INE639B01023,2024-04-10,1084.1894,1009.5676,1056.6252,20226
equity,INE639B01023,2024-04-12,1069.4139,1018.1347,1035.145,7862
equity,INE639B01023,2024-04-15,1018.085,965.9863,996.3813,9618
equity,INE639B01023,2024-04-16,1016.1481,983.394,1010.238,3628
equity,INE639B01023,2024-04-18,1057.3204,1008.2514,1029.3342,9374
equity,INE639B01023,2024-04-19,1072.2696,1008.9963,1053.8936,14874
equity,INE639B01023,2024-04-22,1091.6391,1030.551,1053.1238,7592
equity,INE639B01023,2024-04-23,1111.0085,993.3022,1079.2972,63388
equity,INE639B01023,2024-04-24,1137.306,1042.9921,1094.2216,16274
equity,INE639B01023,2024-04-25,1172.0967,1080.2162,1147.1151,44170
equity,INE639B01023,2024-04-26,1167.0306,1117.4648,1132.7617,15598
equity,INE639B01023,2024-04-29,1182.9484,1137.8276,1171.5502,22570
equity,INE639B01023,2024-04-30,1189.4793,1145.7988,1170.2589,12882
equity,INE639B01023,2024-05-02,1170.2342,1147.2641,1151.8829,8526
equity,INE639B01023,2024-05-03,1155.2849,1117.465,1130.8248,17526
equity,INE639B01023,2024-05-06,1176.5663,1115.9998,1124.6912,11930
equity,INE639B01023,2024-05-07,1166.6335,1127.4725,1140.9318,23712
equity,INE639B01023,2024-05-08,1159.6803,1114.8327,1137.1075,10938
equity,INE639B01023,2024-05-09,1182.0047,1110.0151,1112.424,8178
equity,INE639B01023,2024-05-10,1142.3224,1082.6994,1098.5674,9198
equity,INE639B01023,2024-05-13,1122.4563,1083.4443,1112.8212,12016
equity,INE639B01023,2024-05-14,1129.8315,1080.3403,1088.535,12036
equity,INE639B01023,2024-05-15,1105.4211,1082.2275,1091.5646,5228
equity,INE639B01023,2024-05-16,1107.7555,1075.2745,1082.0786,8404
equity,INE639B01023,2024-05-17,1090.5961,1073.2879,1084.4128,2810
equity,INE639B01023,2024-05-21,1090.6459,1067.8496,1076.9382,6368
equity,INE639B01023,2024-05-22,1089.6525,1043.017,1074.2811,6612
equity,INE639B01023,2024-05-23,1074.2813,1028.5894,1036.4116,12664
equity,INE639B01023,2024-05-24,1037.5041,998.8894,1022.8528,14182
equity,INE639B01023,2024-05-27,1029.0611,1002.2419,1013.5407,3560
equity,INE639B01023,2024-05-28,1017.3897,993.7988,995.4626,4758
equity,INE639B01023,2024-05-29,997.7472,983.9155,991.2659,3222
equity,INE639B01023,2024-05-30,1010.6353,973.4857,981.01,6600
equity,INE639B01023,2024-05-31,1003.2352,983.3692,992.7807,3826
equity,INE639B01023,2024-06-03,1042.9673,972.0207,989.18,13956
equity,INE639B01023,2024-06-04,995.7606,946.617,957.6178,9402
equity,INE639B01023,2024-06-05,967.8984,931.5436,959.8775,9506
equity,INE639B01023,2024-06-06,1011.6038,945.127,967.4763,6310
equity,INE639B01023,2024-06-07,983.3195,963.528,971.7227,6382
equity,INE639B01023,2024-06-10,1018.1348,961.0199,995.5868,7564
equity,INE639B01023,2024-06-11,1008.2016,975.969,983.3442,9908
equity,INE639B01023,2024-06-12,1018.1098,974.4294,981.308,20478
equity,INE639B01023,2024-06-13,997.7224,978.4276,992.3586,11368
equity,INE639B01023,2024-06-14,997.7719,943.637,962.9815,15578
equity,INE639B01023,2024-06-18,1018.6314,944.1337,1013.2924,20146
equity,INE639B01023,2024-06-19,1060.3501,998.7654,1053.6205,22638
equity,INE639B01023,2024-06-20,1191.4658,1117.4648,1147.4377,109864
equity,INE639B01023,2024-06-21,1164.6467,1100.5787,1112.0017,15550
equity,INE639B01023,2024-06-24,1129.3845,1074.2066,1098.1948,12782
equity,INE639B01023,2024-06-25,1184.5129,1097.7728,1142.4465,30290
equity,INE639B01023,2024-06-26,1142.2478,1112.4984,1117.3159,8158
equity,INE639B01023,2024-06-27,1132.3147,1060.499,1070.9783,23716
equity,INE639B01023,2024-06-28,1088.9571,1062.8332,1070.5065,7248
equity,INE639B01023,2024-07-01,1086.8216,1052.95,1063.1561,88104
equity,INE639B01023,2024-07-02,1082.1282,1053.4466,1061.989,4432
equity,INE639B01023,2024-07-03,1164.5971,1065.3415,1121.5624,82300
equity,INE639B01023,2024-07-04,1154.7138,1070.2831,1093.4022,74504
equity,INE639B01023,2024-07-05,1262.9837,1084.239,1242.621,151978
equity,INE639B01023,2024-07-08,1275.4,1152.2305,1205.9681,31790
equity,INE639B01023,2024-07-09,1206.8622,1163.5542,1172.7174,15282
equity,INE639B01023,2024-07-10,1172.3449,1103.6084,1133.1592,24802
equity,INE639B01023,2024-07-11,1198.9157,1122.4314,1163.2065,13166
equity,INE639B01023,2024-07-12,1176.9388,1132.3644,1144.6565,7916
equity,INE639B01023,2024-07-15,1158.6869,1122.4065,1131.5201,8882
equity,INE639B01023,2024-07-16,1162.1635,1122.4314,1158.7614,5752
equity,INE639B01023,2024-07-18,1153.7949,1090.1491,1100.3801,20342
equity,INE639B01023,2024-07-19,1104.552,1025.6589,1046.8907,44930
equity,INE639B01023,2024-07-22,1109.4936,1018.1347,1055.2842,20412
equity,INE639B01023,2024-07-23,1072.2199,1018.6313,1053.2976,9152
equity,INE639B01023,2024-07-24,1085.4061,1038.5968,1067.7006,12814
equity,INE639B01023,2024-07-25,1080.216,1040.484,1049.4734,10282
equity,INE639B01023,2024-07-26,1077.6831,1019.5254,1030.6752,14778
equity,INE639B01023,2024-07-29,1067.6508,1023.6228,1035.2941,11522
equity,INE639B01023,2024-07-30,1057.842,1009.195,1023.5979,13878
equity,INE639B01023,2024-07-31,1102.5158,1023.598,1052.3044,25782
equity,INE639B01023,2024-08-01,1066.3098,1033.0342,1048.3311,6978
equity,INE639B01023,2024-08-02,1114.9567,1025.6341,1091.2168,31680
equity,INE639B01023,2024-08-05,1085.6792,1038.0007,1043.4639,76984
equity,INE639B01023,2024-08-06,1077.7329,1043.4888,1068.2965,18264
equity,INE639B01023,2024-08-07,1117.4648,1053.3968,1103.1613,16068
equity,INE639B01023,2024-08-08,1109.9158,1077.7825,1089.9008,5090
equity,INE639B01023,2024-08-09,1121.9349,1097.5741,1115.106,6146
equity,INE639B01023,2024-08-12,1127.3979,1083.6926,1089.1061,5380
equity,INE639B01023,2024-08-13,1106.3648,1067.7998,1070.8295,7190
equity,INE639B01023,2024-08-14,1072.7913,1046.4439,1053.6951,3078
equity,INE639B01023,2024-08-16,1092.1358,1043.9607,1062.9824,5838
equity,INE639B01023,2024-08-19,1082.6993,1055.0359,1073.9335,7158
equity,INE639B01023,2024-08-20,1097.599,1069.4638,1084.2391,4740
equity,INE639B01023,2024-08-21,1117.4649,1072.8656,1084.1149,4802
equity,INE639B01023,2024-08-22,1167.13,1077.7328,1152.0319,38518
equity,INE639B01023,2024-08-23,1176.5663,1132.3893,1165.9132,18434
equity,INE639B01023,2024-08-26,1186.9962,1092.6325,1112.0267,15554
equity,INE639B01023,2024-08-27,1136.8094,1067.7998,1074.9268,12120
equity,INE639B01023,2024-08-28,1102.5653,1067.7997,1074.2313,8432
equity,INE639B01023,2024-08-29,1092.6324,1067.7998,1087.2437,7052
equity,INE639B01023,2024-08-30,1102.4909,1070.283,1080.6134,6990
equity,INE639B01023,2024-09-02,1097.0527,1065.3416,1077.3108,3406
equity,INE639B01023,2024-09-03,1089.131,1024.8644,1068.2716,19008
equity,INE639B01023,2024-09-04,1129.3846,1048.4802,1107.9044,15424
equity,INE639B01023,2024-09-05,1140.2364,1092.6323,1113.8641,9454
equity,INE639B01023,2024-09-06,1117.4401,1063.3299,1069.5381,16278
equity,INE639B01023,2024-09-09,1085.1082,1058.8601,1065.7635,3424
equity,INE639B01023,2024-09-10,1081.4577,1055.3835,1058.4379,3242
equity,INE639B01023,2024-09-11,1075.2744,1048.4552,1051.4103,4622
equity,INE639B01023,2024-09-12,1062.7836,1043.1412,1046.8412,6934
equity,INE639B01023,2024-09-13,1077.7328,1042.9672,1067.899,4424
equity,INE639B01023,2024-09-16,1071.6738,1042.9674,1064.1992,5920
equity,INE639B01023,2024-09-17,1085.2074,1037.0323,1041.3282,8304
equity,INE639B01023,2024-09-18,1042.9673,1033.0343,1039.6893,5108
equity,INE639B01023,2024-09-19,1041.9492,1018.6811,1024.2188,4280
equity,INE639B01023,2024-09-20,1043.5295,1024.0942,1037.2504,4794
equity,INE639B01023,2024-09-23,1046.4199,1031.5692,1038.2969,4484
equity,INE639B01023,2024-09-24,1056.4615,1039.0693,1046.0461,5002
equity,INE639B01023,2024-09-25,1071.4367,1031.37,1033.2388,8168
equity,INE639B01023,2024-09-26,1035.5559,1016.6189,1024.3682,3524
equity,INE639B01023,2024-09-27,1035.556,989.1852,993.8447,12978
equity,INE639B01023,2024-09-30,1011.1123,986.7184,996.4611,9464
equity,INE639B01023,2024-10-01,1009.0691,991.7018,993.5706,6664
equity,INE639B01023,2024-10-03,1004.1604,984.2267,993.4211,5716
equity,INE639B01023,2024-10-04,1001.6189,981.735,989.9327,3328
equity,INE639B01023,2024-10-07,1046.5195,974.2349,983.529,19822
equity,INE639B01023,2024-10-08,1001.6687,941.8676,962.6235,13084
equity,INE639B01023,2024-10-09,991.6022,961.8013,979.7914,9144
equity,INE639B01023,2024-10-10,996.6853,976.7516,989.8331,17242
equity,INE639B01023,2024-10-11,996.5607,979.2682,987.2915,12100
equity,INE639B01023,2024-10-14,994.0939,959.8079,986.9676,6772
equity,INE639B01023,2024-10-15,991.6022,972.8146,987.6403,16834
equity,INE639B01023,2024-10-16,996.6853,981.735,996.5856,14242
equity,INE639B01023,2024-10-17,996.6852,976.8512,983.1552,9088
equity,INE639B01023,2024-10-18,989.1603,946.3277,964.1934,6772
equity,INE639B01023,2024-10-21,988.7118,959.3096,973.5123,6522
equity,INE639B01023,2024-10-22,996.6853,947.3493,982.5573,17538
equity,INE639B01023,2024-10-23,1034.0859,951.8344,982.0091,133910
equity,INE639B01023,2024-10-24,1096.3538,994.4677,1032.2421,109096
equity,INE639B01023,2024-10-25,1071.4367,966.7847,976.5273,44536
equity,INE639B01023,2024-10-28,1005.6555,980.7383,996.7601,11728
equity,INE639B01023,2024-10-29,1011.5857,981.71,990.8795,12144
equity,INE639B01023,2024-10-30,1017.1174,982.8065,995.589,17162
equity,INE639B01023,2024-10-31,1018.5874,986.7433,1002.6653,19214
equity,INE639B01023,2024-11-01,1051.0047,1012.3831,1031.644,11956
equity,INE639B01023,2024-11-04,1052.0013,1011.6854,1023.2719,10330
equity,INE639B01023,2024-11-05,1031.5692,996.6852,1007.6986,21508
equity,INE639B01023,2024-11-06,1023.0974,999.1769,1017.6406,9110
equity,INE639B01023,2024-11-07,1165.6234,1006.7019,1143.198,99280
equity,INE639B01023,2024-11-08,1195.524,1118.2809,1155.3077,50070
equity,INE639B01023,2024-11-11,1161.0885,1076.8188,1088.2557,16842
equity,INE639B01023,2024-11-12,1117.3091,1058.9781,1066.3785,7778
equity,INE639B01023,2024-11-13,1066.3287,1009.1438,1020.6804,14900
equity,INE639B01023,2024-11-14,1046.5195,986.7184,1000.7717,12454
equity,INE639B01023,2024-11-18,1107.3173,1011.6355,1057.6326,38424
equity,INE639B01023,2024-11-19,1080.8304,1025.0908,1047.7903,10010
equity,INE639B01023,2024-11-21,1071.4616,1029.1274,1037.8982,7066
equity,INE639B01023,2024-11-22,1070.3653,1028.1556,1060.9965,8224
equity,INE639B01023,2024-11-25,1093.862,1036.5526,1049.7338,6736
equity,INE639B01023,2024-11-26,1062.9399,1039.5427,1053.4963,8000
equity,INE639B01023,2024-11-27,1152.1931,1042.6325,1130.9139,32724
equity,INE639B01023,2024-11-28,1152.6665,1083.8952,1144.12,16764
equity,INE639B01023,2024-11-29,1163.6301,1104.3274,1134.3774,14348
equity,INE639B01023,2024-12-02,1131.2379,1108.8124,1109.3108,4630
equity,INE639B01023,2024-12-03,1140.208,1097.9485,1122.2926,6636
equity,INE639B01023,2024-12-04,1145.615,1096.3288,1121.9685,6892
equity,INE639B01023,2024-12-05,1140.0834,1096.3538,1106.3954,8314
equity,INE639B01023,2024-12-06,1126.2543,1052.5246,1059.9498,26690
equity,INE639B01023,2024-12-09,1121.2211,1061.7439,1106.1711,11840
equity,INE639B01023,2024-12-10,1123.5633,1098.8953,1116.3871,8078
equity,INE639B01023,2024-12-11,1131.7362,1096.8522,1102.7327,8612
equity,INE639B01023,2024-12-12,1117.2842,1071.4367,1112.3755,14270
equity,INE639B01023,2024-12-13,1115.6395,1074.8503,1100.2657,12454
equity,INE639B01023,2024-12-16,1141.2046,1103.9036,1132.359,13572
equity,INE639B01023,2024-12-17,1166.3711,1107.3174,1160.8893,23890
equity,INE639B01023,2024-12-18,1259.4864,1153.6882,1240.051,77570
equity,INE639B01023,2024-12-19,1385.3924,1174.3942,1348.4652,101498
equity,INE639B01023,2024-12-20,1455.1605,1353.0002,1406.3976,114036
equity,INE639B01023,2024-12-23,1442.2036,1337.1779,1386.738,36776
equity,INE639B01023,2024-12-24,1534.8454,1365.4089,1504.8452,78758
equity,INE639B01023,2024-12-26,1523.7823,1428.6487,1498.5413,21836
equity,INE639B01023,2024-12-27,1529.7872,1445.1936,1494.4796,19606
equity,INE639B01023,2024-12-30,1514.9616,1430.2434,1445.3182,20602
equity,INE639B01023,2024-12-31,1492.5362,1405.8744,1457.6771,12588
equity,INE639B01023,2025-01-01,1544.8621,1423.6652,1525.8254,25678
equity,INE639B01023,2025-01-02,1574.7626,1517.4532,1545.9335,14306
equity,INE639B01023,2025-01-03,1544.8622,1476.5146,1486.5062,10786
equity,INE639B01023,2025-01-06,1486.5561,1401.3645,1420.4758,12644
equity,INE639B01023,2025-01-07,1477.3867,1397.1036,1442.5774,3214
equity,INE639B01023,2025-01-08,1460.1439,1420.3015,1441.3564,3208
equity,INE639B01023,2025-01-09,1594.1481,1411.6302,1436.049,34986
equity,INE639B01023,2025-01-10,1460.9661,1406.3229,1423.6902,7662
equity,INE639B01023,2025-01-13,1414.5705,1301.1726,1325.4668,13780
equity,INE639B01023,2025-01-14,1465.0775,1320.608,1453.9894,20840
equity,INE639B01023,2025-01-15,1517.4284,1435.2767,1441.1322,24688
equity,INE639B01023,2025-01-16,1495.028,1435.2768,1490.493,26178
equity,INE639B01023,2025-01-17,1557.1463,1472.6026,1543.8157,24038
equity,INE639B01023,2025-01-20,1652.7533,1564.7958,1631.2,33796
equity,INE639B01023,2025-01-21,1644.0073,1523.4084,1536.8387,17684
equity,INE639B01023,2025-01-22,1566.7892,1435.8497,1460.1439,26288
equity,INE639B01023,2025-01-23,1581.9886,1445.1936,1532.3536,40818
equity,INE639B01023,2025-01-24,1648.9908,1555.3273,1583.085,74786
equity,INE639B01023,2025-01-27,1743.701,1491.8386,1599.9042,153724
equity,INE639B01023,2025-01-28,1756.6577,1544.8621,1590.5601,77788
equity,INE639B01023,2025-01-29,1767.6214,1592.2048,1631.3496,120332
equity,INE639B01023,2025-01-30,1793.5352,1632.5955,1781.55,115894
equity,INE639B01023,2025-01-31,1940.9947,1799.3657,1921.3351,91870
equity,INE639B01023,2025-02-01,1965.9368,1744.1992,1879.3497,43220
equity,INE639B01023,2025-02-03,1931.1524,1799.0169,1922.1075,43420
equity,INE639B01023,2025-02-04,1955.9948,1856.3762,1939.2754,33096
equity,INE639B01023,2025-02-05,1978.4202,1893.702,1906.2352,14020
equity,INE639B01023,2025-02-06,1913.0127,1769.6146,1891.9078,27978
equity,INE639B01023,2025-02-07,1908.6522,1785.0633,1822.2147,20046
equity,INE639B01023,2025-02-10,1893.4279,1652.8033,1684.2736,37884
equity,INE639B01023,2025-02-11,1704.2572,1549.8456,1564.3972,29258
equity,INE639B01023,2025-02-12,1591.5818,1382.9008,1532.6278,46704
equity,INE639B01023,2025-02-13,1739.2407,1557.3207,1683.8,40396
equity,INE639B01023,2025-02-14,1719.1825,1599.7049,1678.0443,28856
equity,INE639B01023,2025-02-17,1693.8666,1602.2214,1640.3197,15386
equity,INE639B01023,2025-02-18,1694.2902,1570.2776,1585.3275,18082
equity,INE639B01023,2025-02-19,1691.8733,1525.9252,1662.3964,15380
equity,INE639B01023,2025-02-20,1734.2323,1634.0904,1695.5609,11960
equity,INE639B01023,2025-02-21,1878.7518,1685.943,1777.3141,30700
equity,INE639B01023,2025-02-24,1815.9606,1661.1754,1678.5925,28006
equity,INE639B01023,2025-02-25,1716.7904,1659.0573,1709.4398,6208
equity,INE639B01023,2025-02-27,1793.8093,1585.3525,1628.3346,17624
equity,INE639B01023,2025-02-28,1634.0406,1459.6457,1541.8722,23810
equity,INE639B01023,2025-03-03,1566.7642,1445.1936,1522.5613,36240
equity,INE639B01023,2025-03-04,1592.2047,1445.1438,1561.5566,32226
equity,INE639B01023,2025-03-05,1619.6135,1495.5262,1565.02,27366
equity,INE639B01023,2025-03-06,1606.6317,1554.8539,1568.7079,11240
equity,INE639B01023,2025-03-07,1594.6965,1550.4187,1584.7296,10376
equity,INE639B01023,2025-03-10,1664.4395,1585.6516,1611.5654,20472
equity,INE639B01023,2025-03-11,1626.8645,1524.9285,1567.1132,11342
equity,INE639B01023,2025-03-12,1607.155,1501.5064,1511.4233,11826
equity,INE639B01023,2025-03-13,1579.7212,1520.9666,1538.0598,12678
equity,INE639B01023,2025-03-17,1584.7046,1525.4766,1561.6563,10458
equity,INE639B01023,2025-03-18,1634.514,1593.6251,1627.9359,12390
equity,INE639B01023,2025-03-19,1685.3448,1614.8045,1660.8513,16458
equity,INE639B01023,2025-03-20,1688.3598,1575.5849,1594.9705,18186
equity,INE639B01023,2025-03-21,1618.6169,1519.9451,1530.2607,20880
equity,INE639B01023,2025-03-24,1610.1451,1507.4865,1517.3287,26060
equity,INE639B01023,2025-03-25,1564.7958,1445.6919,1475.6423,20474
equity,INE639B01023,2025-03-26,1507.4866,1442.0044,1447.9097,20566
equity,INE639B01023,2025-03-27,1470.0858,1425.2599,1460.4927,14096
equity,INE639B01023,2025-03-28,1495.028,1426.7301,1444.5209,14438
equity,INE639B01023,2025-04-01,1485.0611,1430.2434,1480.551,12024
equity,INE639B01023,2025-04-02,1525.4268,1451.9959,1491.8136,8372
equity,INE639B01023,2025-04-03,1491.5146,1446.6887,1459.7452,6408
equity,INE639B01023,2025-04-04,1459.6206,1370.9406,1392.1948,12788
equity,INE639B01023,2025-04-07,1339.2708,1250.8399,1307.8254,20174
equity,INE639B01023,2025-04-08,1387.8842,1330.7243,1360.3757,9472
equity,INE639B01023,2025-04-09,1374.9024,1343.0335,1356.0651,6736
equity,INE639B01023,2025-04-11,1469.9612,1360.5003,1402.2615,11714
equity,INE639B01023,2025-04-15,1457.6273,1415.4426,1447.9595,10544
equity,INE639B01023,2025-04-16,1492.0379,1446.5392,1469.7122,15816
equity,INE639B01023,2025-04-17,1484.9614,1420.2765,1459.2468,11164
equity,INE639B01023,2025-04-21,1556.8224,1459.2468,1535.1943,28968
equity,INE639B01023,2025-04-22,1624.597,1500.0114,1606.6816,41618
equity,INE639B01023,2025-04-23,1681.9064,1570.3275,1649.0905,66572
equity,INE639B01023,2025-04-24,1704.3319,1639.6719,1645.8513,35016
equity,INE639B01023,2025-04-25,1749.2075,1557.3456,1738.0446,94786
equity,INE639B01023,2025-04-28,1779.0582,1495.5262,1639.4226,160892
equity,INE639B01023,2025-04-29,1554.829,1461.6389,1484.2388,192590
equity,INE639B01023,2025-04-30,1527.3951,1417.7847,1437.5439,70838
equity,INE639B01023,2025-05-02,1460.1438,1405.3262,1416.5887,28402
equity,INE639B01023,2025-05-05,1532.4286,1435.2268,1522.4119,60304
equity,INE639B01023,2025-05-06,1544.3639,1475.5926,1499.538,14256
equity,INE639B01023,2025-05-07,1519.3221,1457.6522,1499.3385,19082
equity,INE639B01023,2025-05-08,1584.7296,1457.7021,1501.2323,39936
equity,INE639B01023,2025-05-09,1524.9036,1445.1937,1499.6626,20154
equity,INE639B01023,2025-05-12,1569.7793,1503.0014,1555.3274,22990
equity,INE639B01023,2025-05-13,1609.6467,1504.9947,1581.1415,30252
equity,INE639B01023,2025-05-14,1656.9893,1572.5203,1630.4027,25032
equity,INE639B01023,2025-05-15,1644.5306,1612.1633,1635.386,10706
equity,INE639B01023,2025-05-16,1650.5357,1597.1881,1605.8094,12024
equity,INE639B01023,2025-05-19,1639.5472,1604.6632,1625.8428,17228
equity,INE639B01023,2025-05-20,1639.4974,1570.0284,1578.9487,8718
equity,INE639B01023,2025-05-21,1594.6714,1537.6361,1561.4569,12130
equity,INE639B01023,2025-05-22,1579.7462,1548.4502,1553.7078,4538
equity,INE639B01023,2025-05-23,1574.2644,1515.4599,1525.2523,6380
equity,INE639B01023,2025-05-26,1594.6964,1539.8787,1585.0037,19142
equity,INE639B01023,2025-05-27,1583.2097,1542.8688,1552.9104,10064
equity,INE639B01023,2025-05-28,1579.771,1500.0113,1515.5098,21618
equity,INE639B01023,2025-05-29,1554.829,1507.5114,1544.5133,13098
equity,INE639B01023,2025-05-30,1579.7461,1535.3937,1573.1182,14674
equity,INE639B01023,2025-06-02,1579.746,1555.4019,1571.1746,10888
equity,INE639B01023,2025-06-03,1584.7295,1544.8372,1555.6014,10270
equity,INE639B01023,2025-06-04,1579.7461,1539.3804,1557.4453,11946
equity,INE639B01023,2025-06-05,1607.1549,1545.6595,1575.8839,17452
equity,INE639B01023,2025-06-06,1600.6516,1557.3207,1561.3324,5314
equity,INE639B01023,2025-06-09,1582.1382,1552.711,1566.6147,7872
equity,INE639B01023,2025-06-10,1581.7146,1560.56,1565.2693,8314
equity,INE639B01023,2025-06-11,1569.7543,1550.643,1554.9037,15644
equity,INE639B01023,2025-06-12,1554.8291,1520.0447,1524.6544,10740
equity,INE639B01023,2025-06-13,1704.3317,1445.7418,1651.7566,72876
equity,INE639B01023,2025-06-16,1805.9937,1688.3599,1746.7905,138924
equity,INE639B01023,2025-06-17,1811.9738,1685.8682,1726.8071,73582
equity,INE639B01023,2025-06-18,1787.5302,1737.7208,1745.3953,16980
equity,INE639B01023,2025-06-19,1780.7776,1696.9066,1710.6608,20692
equity,INE639B01023,2025-06-20,1726.0596,1650.0125,1665.6604,13458
equity,INE639B01023,2025-06-23,1686.8898,1619.6136,1676.923,10920
equity,INE639B01023,2025-06-24,1743.1777,1693.8667,1727.9285,15038
equity,INE639B01023,2025-06-25,1743.7009,1719.8054,1730.5447,6144
equity,INE639B01023,2025-06-26,1743.7008,1673.4345,1692.197,9192
equity,INE639B01023,2025-06-27,1863.7765,1695.4613,1832.4308,68614
equity,INE639B01023,2025-06-30,1992.8721,1810.5037,1952.4814,82194
equity,INE639B01023,2025-07-01,2063.1385,1898.6855,2031.4938,81002
equity,INE639B01023,2025-07-02,2073.1054,1939.5495,1984.3257,48164
equity,INE639B01023,2025-07-03,2027.2329,1943.5363,1954.9235,16528
equity,INE639B01023,2025-07-04,1983.4036,1943.5362,1949.3917,11698
equity,INE639B01023,2025-07-07,2062.1419,1959.1345,1999.874,30088
equity,INE639B01023,2025-07-08,2020.7544,1926.2687,1945.6542,13646
equity,INE639B01023,2025-07-09,1992.3738,1898.9346,1950.5131,22122
equity,INE639B01023,2025-07-10,2197.6909,1954.0014,2144.9912,115980
equity,INE639B01023,2025-07-11,2261.4541,2068.6451,2232.6748,66736
equity,INE639B01023,2025-07-14,2347.194,2207.6581,2289.76,70574
equity,INE639B01023,2025-07-15,2377.0445,2228.6382,2361.1475,51674
equity,INE639B01023,2025-07-16,2439.3869,2242.5416,2283.9788,77038
equity,INE639B01023,2025-07-17,2472.4772,2123.4381,2432.7344,128732
equity,INE639B01023,2025-07-18,2466.7961,2370.6159,2390.3503,41542
equity,INE639B01023,2025-07-21,2413.9468,2292.8744,2334.6106,20292
equity,INE639B01023,2025-07-22,2366.5544,2170.8304,2209.5266,30232
equity,INE639B01023,2025-07-23,2334.187,2197.9402,2235.2412,35938
equity,INE639B01023,2025-07-24,2316.7949,2201.6777,2212.2427,19158
equity,INE639B01023,2025-07-25,2277.4012,2115.4646,2195.1995,28364
equity,INE639B01023,2025-07-28,2312.1605,2179.7259,2205.4402,36982
equity,INE639B01023,2025-07-29,2282.4093,2147.8568,2207.7825,10870
equity,INE639B01023,2025-07-30,2240.05,2098.5207,2124.9329,24182
equity,INE639B01023,2025-07-31,2212.6164,2098.5456,2176.636,13186
equity,INE639B01023,2025-08-01,2211.5698,2054.1931,2076.4192,18982
equity,INE639B01023,2025-08-04,2136.3202,1976.4768,2037.0254,31086
equity,INE639B01023,2025-08-05,2127.923,2037.2495,2071.2117,10552
equity,INE639B01023,2025-08-06,2093.039,2006.6015,2026.2112,9538
equity,INE639B01023,2025-08-07,2055.6634,2004.3591,2036.826,8984
equity,INE639B01023,2025-08-08,2059.65,2019.3092,2032.1913,5356
equity,INE639B01023,2025-08-11,2065.1318,2006.6015,2055.0652,6096
equity,INE639B01023,2025-08-12,2092.5409,2029.7996,2069.4678,11332
equity,INE639B01023,2025-08-13,2240.0502,2093.0391,2198.04,39440
equity,INE639B01023,2025-08-14,2355.1673,2216.6033,2329.428,44544
equity,INE639B01023,2025-08-18,2379.063,2224.0784,2233.1233,17552
equity,INE639B01023,2025-08-19,2387.0611,2159.1193,2336.8032,30984
equity,INE639B01023,2025-08-20,2480.7497,2260.6567,2398.9468,71206
equity,INE639B01023,2025-08-21,2447.3357,2300.6485,2317.916,50366
equity,INE639B01023,2025-08-22,2461.3142,2299.8512,2446.1147,31282
equity,INE639B01023,2025-08-25,2480.2263,2426.9285,2442.2026,15378
equity,INE639B01023,2025-08-26,2466.7461,2370.5161,2408.8389,9994
equity,INE639B01023,2025-08-28,2488.9223,2377.4929,2467.9919,25376
equity,INE639B01023,2025-08-29,2523.7564,2402.5596,2410.9316,39058
equity,INE639B01023,2025-09-01,2454.4122,2358.1574,2394.4617,12256
equity,INE639B01023,2025-09-02,2478.6566,2392.0447,2424.437,10478
equity,INE639B01023,2025-09-03,2441.3806,2369.9183,2389.2539,14544
equity,INE639B01023,2025-09-04,2412.0032,2303.3149,2323.7717,14416
equity,INE639B01023,2025-09-05,2354.1706,2292.8745,2323.6223,10564
equity,INE639B01023,2025-09-08,2366.1309,2298.3811,2348.1658,10042
equity,INE639B01023,2025-09-09,2421.8955,2222.6083,2301.1221,19356
equity,INE639B01023,2025-09-10,2316.2718,2273.9375,2283.9292,9098
equity,INE639B01023,2025-09-11,2317.2684,2161.8103,2210.623,17292
equity,INE639B01023,2025-09-12,2264.5436,2192.7076,2223.6296,10710
equity,INE639B01023,2025-09-15,2267.4341,2217.6495,2243.2146,5962
equity,INE639B01023,2025-09-16,2271.8695,2212.6414,2223.3059,9634
equity,INE639B01023,2025-09-17,2370.4144,2214.8169,2343.6492,25772
equity,INE639B01023,2025-09-18,2471.7323,2308.4949,2363.4482,34648
equity,INE639B01023,2025-09-19,2421.7475,2334.4612,2391.1125,8514
equity,INE639B01023,2025-09-22,2484.2662,2371.9373,2423.77,18956
equity,INE639B01023,2025-09-23,2471.7824,2386.9678,2429.3376,11280
equity,INE639B01023,2025-09-24,2468.7115,2323.6503,2346.4705,21940
equity,INE639B01023,2025-09-25,2415.2559,2327.4952,2347.594,10820
equity,INE639B01023,2025-09-26,2356.807,2297.0099,2298.5828,8776
equity,INE639B01023,2025-09-29,2286.998,2247.1248,2268.7466,9592
equity,INE639B01023,2025-09-30,2352.9371,2231.0708,2300.6802,15160
equity,INE639B01023,2025-10-01,2311.9905,2260.7071,2279.7324,5774
equity,INE639B01023,2025-10-03,2302.0035,2260.0081,2287.9717,8156
equity,INE639B01023,2025-10-06,2359.4286,2224.8786,2239.8591,13390
equity,INE639B01023,2025-10-07,2302.0035,2147.205,2153.8713,30324
equity,INE639B01023,2025-10-08,2222.1074,2147.2049,2154.3706,14696
equity,INE639B01023,2025-10-09,2189.1003,2125.2583,2156.7925,7104
equity,INE639B01023,2025-10-10,2212.1203,2167.1788,2175.7178,10336
equity,INE639B01023,2025-10-13,2206.3531,2104.7603,2160.2881,16508
equity,INE639B01023,2025-10-14,2196.4657,2099.7666,2114.9468,18360
equity,INE639B01023,2025-10-15,2143.7095,2084.7862,2091.802,15168
equity,INE639B01023,2025-10-16,2127.181,2037.323,2059.1697,16984
equity,INE639B01023,2025-10-17,2012.3804,1898.5286,1920.7997,67066
equity,INE639B01023,2025-10-20,1915.0071,1787.6729,1903.1476,20274
equity,INE639B01023,2025-10-21,1903.1476,1903.1476,1903.1476,
equity,INE639B01023,2025-10-23,2029.9077,1932.4845,1943.7198,16796
equity,INE639B01023,2025-10-24,1971.4087,1897.0306,1918.6525,12624
equity,INE639B01023,2025-10-27,1966.9146,1862.5754,1894.7335,14234
equity,INE639B01023,2025-10-28,1966.4153,1830.6919,1874.8844,16822
equity,INE639B01023,2025-10-29,1917.479,1867.5939,1894.9333,7586
equity,INE639B01023,2025-10-30,1934.9561,1874.2353,1911.3868,5370
equity,INE639B01023,2025-10-31,1941.9471,1873.0618,1919.701,9134
equity,INE639B01023,2025-11-03,1959.9487,1903.1226,1941.4227,7548
equity,INE639B01023,2025-11-04,1947.4649,1890.0397,1902.4984,11324
equity,INE639B01023,2025-11-06,2097.27,1999.8967,2025.7631,44064
equity,INE639B01023,2025-11-07,2067.2841,1947.465,2013.8535,9340
equity,INE639B01023,2025-11-10,2032.3544,1944.9682,1960.2732,14424
equity,INE639B01023,2025-11-11,1992.4065,1948.2888,1981.1211,4406
equity,INE639B01023,2025-11-12,2011.7062,1926.4922,1960.9973,6442
equity,INE639B01023,2025-11-13,1987.4129,1937.9772,1946.3663,7856
equity,INE639B01023,2025-11-14,1982.4194,1918.0033,1967.2393,6098
equity,INE639B01023,2025-11-17,1996.9006,1962.9948,1983.7427,4756
equity,INE639B01023,2025-11-18,2022.3674,1947.4649,1994.9531,6276
equity,INE639B01023,2025-11-19,2017.2991,1958.5255,1986.1646,5620
equity,INE639B01023,2025-11-20,2002.3934,1973.4311,1992.5313,7392
equity,INE639B01023,2025-11-21,2015.8259,1952.9577,1964.6675,7132
equity,INE639B01023,2025-11-24,1981.3708,1922.4975,1930.7617,5120
equity,INE639B01023,2025-11-25,1967.364,1912.6102,1931.186,3834
equity,INE639B01023,2025-11-26,1957.427,1921.5238,1938.6515,3360
equity,INE639B01023,2025-11-27,1959.3993,1927.9902,1948.3387,4404
equity,INE639B01023,2025-11-28,2089.3303,1947.465,2036.8236,41826
equity,INE639B01023,2025-12-01,2096.7706,2046.8108,2055.7991,10128
equity,INE639B01023,2025-12-02,2057.2971,1997.3999,2008.4855,7850
equity,INE639B01023,2025-12-03,2030.8314,1957.4519,1993.5549,6184
equity,INE639B01023,2025-12-04,2037.2979,1958.2509,1985.2906,8788
equity,INE639B01023,2025-12-05,2016.8246,1972.4075,1994.4539,12594
equity,INE639B01023,2025-12-08,2008.3356,1900.9005,1954.3309,10558
equity,INE639B01023,2025-12-09,1965.4415,1908.0163,1931.4857,12382
equity,INE639B01023,2025-12-10,2017.349,1922.4975,1993.4052,8664
equity,INE639B01023,2025-12-11,2017.299,1987.4129,2005.0898,6398
equity,INE639B01023,2025-12-12,2020.8444,1973.4311,2003.8915,3936
equity,INE639B01023,2025-12-15,2032.1297,1973.6808,1997.4998,8556
equity,INE639B01023,2025-12-16,2172.0725,2000.5957,2121.3884,38924
equity,INE639B01023,2025-12-17,2189.6248,2102.3634,2135.2705,20508
equity,INE639B01023,2025-12-18,2146.7056,2075.3485,2111.0769,7250
equity,INE639B01023,2025-12-19,2134.7212,2102.1886,2112.0508,5728
equity,INE639B01023,2025-12-22,2167.154,2067.284,2120.24,10428
equity,INE639B01023,2025-12-23,2146.8803,2078.3195,2117.7932,4442
equity,INE639B01023,2025-12-24,2129.6278,2042.3665,2096.3213,12088
equity,INE639B01023,2025-12-26,2096.3211,2055.8986,2071.054,3700
equity,INE639B01023,2025-12-29,2097.245,2036.3491,2048.1838,6350
equity,INE639B01023,2025-12-30,2070.7795,1989.0359,2007.387,8162
equity,INE639B01023,2025-12-31,2172.1724,1972.4574,2117.6184,8812
equity,INE639B01023,2026-01-01,2195.642,2097.27,2151.2998,21984
equity,INE639B01023,2026-01-02,2202.1334,2151.2996,2171.4233,8506
equity,INE639B01023,2026-01-05,2346.9448,2241.532,2313.5632,57124
equity,INE639B01023,2026-01-06,2341.4519,2272.0423,2307.3464,17960
equity,INE639B01023,2026-01-07,2307.3466,2234.6911,2250.2458,17224
equity,INE639B01023,2026-01-08,2271.0438,2212.1205,2256.1133,18434
equity,INE639B01023,2026-01-09,2366.919,2147.205,2197.9639,69254
equity,INE639B01023,2026-01-12,2285.9495,2175.1686,2246.376,44270
equity,INE639B01023,2026-01-13,2319.4807,2217.114,2297.9087,26962
equity,INE639B01023,2026-01-14,2316.9591,2236.0893,2300.2058,15380
equity,INE639B01023,2026-01-15,2300.2058,2300.2058,2300.2058,
equity,INE639B01023,2026-01-16,2309.4688,2215.0666,2238.8357,21822
equity,INE639B01023,2026-01-19,2247.0749,2177.1907,2198.9875,9904
equity,INE639B01023,2026-01-20,2231.4951,2040.344,2057.4219,27380
equity,INE639B01023,2026-01-21,2121.7132,1957.4519,2019.5211,24440
equity,INE639B01023,2026-01-22,1991.8571,1866.0709,1937.7026,67286
equity,INE639B01023,2026-01-23,1972.4074,1887.5429,1897.4551,10876
equity,INE639B01023,2026-01-27,1940.9484,1862.5754,1919.2017,13140
equity,INE639B01023,2026-01-28,1967.4389,1885.0462,1937.4779,9306
equity,INE639B01023,2026-01-29,2107.257,1936.9537,2090.9033,22260
equity,INE639B01023,2026-01-30,2097.27,2029.4833,2052.0789,3986
equity,INE639B01023,2026-02-02,2039.1207,1928.7643,2020.6946,5132
equity,INE639B01023,2026-02-03,2142.7108,2025.1139,2105.0847,13902
equity,INE639B01023,2026-02-04,2193.6196,2107.2321,2170.3499,17682
equity,INE639B01023,2026-02-05,2194.069,2107.7563,2129.6777,8616
equity,INE639B01023,2026-02-06,2192.1217,2099.7917,2136.2942,7984
equity,INE639B01023,2026-02-09,2186.7035,2098.5182,2126.5818,5504
equity,INE639B01023,2026-02-10,2171.1489,2122.2375,2137.0183,1854
equity,INE639B01023,2026-02-11,2179.6628,2103.5119,2170.0503,9130
equity,INE639B01023,2026-02-12,2174.2199,2122.2375,2130.2771,4292
equity,INE639B01023,2026-02-13,2147.1049,2097.2699,2114.2478,5300
equity,INE639B01023,2026-02-16,2147.2048,2087.3577,2093.5496,2838
equity,INE639B01023,2026-02-17,2136.1943,2067.8082,2116.4448,4762
equity,INE639B01023,2026-02-18,2209.6237,2114.7472,2170.175,10682
equity,INE639B01023,2026-02-19,2196.3909,2098.818,2126.2822,9008
equity,INE639B01023,2026-02-20,2162.1855,2097.27,2147.3547,3052
equity,INE639B01023,2026-02-23,2159.6637,2121.738,2135.3953,4448
equity,INE639B01023,2026-02-24,2147.2049,1985.9148,2005.739,17048
equity,INE639B01023,2026-02-25,2122.2373,2005.7889,2083.4377,7394
equity,INE639B01023,2026-02-26,2124.7341,2063.5637,2072.9514,4780
equity,INE639B01023,2026-02-27,2109.7287,2037.3978,2077.8201,8698
equity,INE639B01023,2026-03-02,2062.8148,1992.4064,2050.6807,12508
equity,INE639B01023,2026-03-04,2027.361,1937.5279,2008.4106,13480
equity,INE639B01023,2026-03-05,2039.8446,1991.4077,1998.4236,8556
equity,INE639B01023,2026-03-06,2027.3109,1972.9817,1981.7203,9300
equity,INE639B01023,2026-03-09,2047.3349,1901.9741,1983.1685,6454
equity,INE639B01023,2026-03-10,2017.2741,1958.4507,1970.5349,7688
equity,INE639B01023,2026-03-11,1976.8766,1892.5365,1912.7601,13359
equity,INE639B01023,2026-03-12,1911.5117,1812.6404,1828.2201,12144
equity,INE639B01023,2026-03-13,1861.2771,1677.8159,1701.7347,16798
equity,INE639B01023,2026-03-16,1732.7444,1687.8529,1696.3917,7708
equity,INE639B01023,2026-03-17,1747.725,1630.4776,1655.3452,16750
equity,INE639B01023,2026-03-18,1762.7055,1647.855,1678.7148,16007
equity,INE639B01023,2026-03-19,2014.4279,1647.855,1910.7128,44876
equity,INE639B01023,2026-03-20,1977.426,1883.698,1938.277,15003
equity,INE639B01023,2026-03-23,1922.4975,1800.6561,1831.6658,12458
equity,INE639B01023,2026-03-24,1967.4389,1777.6859,1941.4227,12687
equity,INE639B01023,2026-03-25,2062.3155,1947.515,2016.7748,16753
equity,INE639B01023,2026-03-27,2002.3934,1897.5299,1918.7023,14444
equity,INE639B01023,2026-03-30,1938.4767,1828.6696,1871.2142,10477
equity,INE639B01023,2026-04-01,2017.3739,1889.5403,1974.1301,8911
equity,INE639B01023,2026-04-02,2047.3349,1927.441,2030.9064,8483
equity,INE639B01023,2026-04-06,2072.2524,1972.4324,2049.7317,6845
equity,INE639B01023,2026-04-07,2097.2699,2003.4421,2084.5864,10300
equity,INE639B01023,2026-04-08,2185.2055,2108.2057,2160.238,16567
equity,INE639B01023,2026-04-09,2205.9784,2152.1983,2162.5847,9557
equity,INE639B01023,2026-04-10,2242.0814,2123.3361,2238.5859,15748
equity,INE639B01023,2026-04-13,2251.9685,2133.2232,2232.4939,18419
equity,INE639B01023,2026-04-15,2525.6623,2227.201,2362.4749,71322
equity,INE639B01023,2026-04-16,2436.8278,2296.9598,2391.9363,19912
equity,INE639B01023,2026-04-17,2426.741,2328.2194,2392.8352,5806
equity,INE639B01023,2026-04-20,2427.8397,2332.5638,2411.0615,9606
equity,INE639B01023,2026-04-21,2551.6785,2361.9255,2485.6643,43390
equity,INE639B01023,2026-04-22,2581.6394,2466.4892,2526.8606,21338
equity,INE639B01023,2026-04-23,2526.8108,2436.7779,2449.761,7924
equity,INE639B01023,2026-04-24,2505.7381,2403.9207,2483.3174,8803
equity,INE639B01023,2026-04-27,2545.5862,2436.7779,2495.1519,11730
equity,INE639B01023,2026-04-28,2551.6785,2494.9023,2516.624,9672
equity,INE639B01023,2026-04-29,2574.6485,2452.3578,2489.9587,5089
equity,INE639B01023,2026-04-30,2546.6849,2413.4084,2520.8684,9255
equity,INE639B01023,2026-05-04,2526.7108,2426.9408,2441.6716,11900
equity,INE639B01023,2026-05-05,2487.7617,2411.8605,2442.3708,14769
equity,INE639B01023,2026-05-06,2471.7825,2348.9424,2384.5959,28587
equity,INE639B01023,2026-05-07,2360.9266,2253.117,2267.0488,36808
equity,INE639B01023,2026-05-08,2267.0489,2152.1984,2174.4194,17289
equity,INE639B01023,2026-05-11,2241.9317,2087.2829,2183.8071,12839
equity,INE639B01023,2026-05-12,2233.0932,2163.0345,2179.5627,7392
equity,INE639B01023,2026-05-13,2237.0879,2097.3198,2168.2275,9173
equity,INE639B01023,2026-05-14,2224.0548,2147.2048,2156.5925,3798
equity,INE639B01023,2026-05-15,2195.8416,2138.2666,2179.363,10282
equity,INE639B01023,2026-05-18,2171.1736,2085.2854,2095.8218,9234
equity,INE639B01023,2026-05-19,2126.0324,2067.2089,2098.6182,4432
equity,INE639B01023,2026-05-20,2131.2257,2048.3336,2117.2439,2906
equity,INE639B01023,2026-05-21,2222.1073,2092.2763,2110.8022,9409
equity,INE639B01023,2026-05-22,2191.5471,2082.2894,2102.2634,9552
equity,INE639B01023,2026-05-25,2131.2257,2015.3765,2034.7013,11961
equity,INE639B01023,2026-05-26,2061.0671,1956.4532,1978.5745,11178
equity,INE639B01023,2026-05-27,2016.3753,1948.4637,1969.1367,11779
equity,INE639B01023,2026-05-28,1969.1367,1969.1367,1969.1367,
equity,INE639B01023,2026-05-29,2067.3089,1977.5257,2034.7013,17013
equity,INE639B01023,2026-06-01,2137.2178,2023.3661,2059.8186,8238
equity,INE639B01023,2026-06-02,2095.2725,2013.1294,2052.1287,7654
equity,INE639B01023,2026-06-03,2044.7383,1967.8384,2009.3843,6018
equity,INE639B01023,2026-06-04,2035.3506,1972.4325,1982.1698,4601
equity,INE639B01023,2026-06-05,2021.3687,1969.4863,1976.577,3971
equity,INE639B01023,2026-06-08,2014.3778,1949.4623,1970.2852,4274
equity,INE639B01023,2026-06-09,2025.3135,1898.7783,1915.0571,11737
equity,INE639B01023,2026-06-10,1981.8203,1787.673,1844.7986,11381
equity,INE639B01023,2026-06-11,1944.4188,1774.6398,1916.2555,14992
equity,INE639B01023,2026-06-12,2049.3323,1897.7296,2015.2267,7687
equity,INE639B01023,2026-06-15,2087.2829,2022.3674,2063.9631,6010
equity,INE639B01023,2026-06-16,2141.2127,2047.3349,2114.2478,8511
equity,INE639B01023,2026-06-17,2156.5925,2088.3815,2142.1614,9310
equity,INE639B01023,2026-06-18,2292.0164,2102.6131,2263.3538,13297
equity,INE639B01023,2026-06-19,2316.8839,2104.7102,2286.9729,13401
equity,INE639B01023,2026-06-22,2346.8949,2247.1249,2327.4702,26629
equity,INE639B01023,2026-06-23,2415.8553,2308.3454,2364.9216,22462
equity,INE639B01023,2026-06-24,2495.5514,2346.9448,2436.7778,46353
equity,INE639B01023,2026-06-25,2496.4502,2376.9558,2406.9668,13256
equity,INE639B01023,2026-06-26,2406.9668,2406.9668,2406.9668,
equity,INE639B01023,2026-06-29,2495.7513,2404.8696,2480.0718,25859
equity,INE639B01023,2026-06-30,2506.7368,2400.2753,2475.4275,54189
equity,INE639B01023,2026-07-01,2536.698,2452.3078,2466.5393,26070
equity,INE639B01023,2026-07-02,2521.5178,2418.9014,2439.3748,20127
equity,INE639B01023,2026-07-03,2495.4515,2417.8526,2425.7422,10200
equity,INE639B01023,2026-07-06,2540.6927,2288.0216,2354.6848,104792
equity,INE639B01023,2026-07-07,2494.6525,2287.0229,2327.6699,61613
equity,INE639B01023,2026-07-08,2391.8863,2253.5664,2307.1965,49510
equity,INE639B01023,2026-07-09,2381.4001,2319.5807,2372.7615,22281
equity,INE639B01023,2026-07-10,2461.7955,2406.867,2416.105,31027
equity,INE639B01023,2026-07-13,2451.7084,2376.8559,2418.4519,14264
equity,INE639B01023,2026-07-14,2494.4529,2376.906,2448.7124,38866
equity,INE639B01023,2026-07-15,2486.763,2417.0537,2464.8416,13558
equity,INE639B01023,2026-07-16,2716.9632,2458.8492,2641.4116,97297
equity,INE639B01023,2026-07-17,2711.4703,2590.6276,2680.7603,34792
equity,INE639B01023,2026-07-20,2756.2122,2621.6873,2711.2207,27116
equity,INE639B01023,2026-07-21,2746.0256,2679.512,2710.5217,14712
equity,INE639B01023,2026-07-22,2736.4378,2581.6393,2695.9905,19061
equity,INE639B01023,2026-07-23,2742.1805,2637.5666,2685.2046,18590
equity,INE639B01023,2026-07-24,2731.2447,2622.6361,2698.8867,18565
equity,INE639B01023,2026-07-27,2714.3665,2546.6348,2602.9617,48900
equity,INE639B01023,2026-07-28,2931.1845,2621.5875,2858.5291,77309
equity,INE639B01023,2026-07-29,2976.1259,2749.421,2787.1719,48354
equity,INE639B01023,2026-07-30,2921.1974,2722.9554,2860.876,19747
equity,INE639B01023,2026-07-31,3115.9438,2886.1928,3061.7144,53379
equity,INE639B01023,2026-08-03,3223.2041,2906.1669,3178.0129,51801
equity,INE639B01023,2026-08-04,3220.7574,3036.0979,3098.7163,33107
equity,INE639B01023,2026-08-05,3139.8628,2976.176,3064.4609,25492
equity,INE639B01023,2026-08-06,3117.8913,3062.1141,3083.1865,13486
equity,INE639B01023,2026-08-07,3093.7727,3041.1413,3061.7144,8880
equity,INE639B01023,2026-08-10,3085.9829,3039.144,3069.5044,8677
equity,INE639B01023,2026-08-11,3144.9062,3045.9849,3123.1345,16413
equity,INE639B01023,2026-08-12,3300.7033,3107.2052,3267.0972,37955
equity,INE639B01023,2026-08-13,3643.2574,3230.7443,3509.7813,68843
equity,INE639B01023,2026-08-14,3643.2574,3411.8586,3539.9419,24860
equity,INE639B01023,2026-08-17,3575.3458,3415.5538,3469.2339,19323
equity,INE639B01023,2026-08-18,3520.4173,3405.5668,3460.4453,9195
equity,INE639B01023,2026-08-19,3475.476,3332.6619,3359.8765,8394
equity,INE639B01023,2026-08-20,3475.4758,3215.7638,3281.728,18734
equity,INE639B01023,2026-08-21,3330.6644,3158.4887,3313.8862,20439
equity,INE639B01023,2026-08-24,3384.6441,3158.8879,3187.0012,12017
equity,INE639B01023,2026-08-25,3215.4145,3022.6154,3075.6462,46667
equity,INE639B01023,2026-08-26,3139.9127,3009.3827,3072.3008,25487
equity,INE639B01023,2026-08-27,3239.7827,3069.854,3111.4497,10481
equity,INE639B01023,2026-08-28,3165.8288,3039.0439,3099.2156,4811
equity,INE639B01023,2026-08-31,3195.8398,3061.0153,3157.3398,6184
equity,INE639B01023,2026-09-01,3214.6154,3046.0348,3128.0779,10588
equity,INE639B01023,2026-09-02,3139.9127,2929.187,3057.47,51285
equity,INE639B01023,2026-09-03,3139.9126,3046.0348,3052.3267,12765
equity,INE639B01023,2026-09-04,3284.2249,3069.9537,3227.3989,15025
equity,INE639B01023,2026-09-08,3584.1344,3431.3333,3563.0117,26224
equity,INE639B01023,2026-09-09,3565.4588,3426.6395,3509.2319,17373
equity,INE639B01023,2026-09-10,3535.3478,3360.925,3379.4509,6072
equity,INE639B01023,2026-09-11,3395.5799,3257.7593,3375.1565,9920
equity,INE639B01023,2026-09-15,3503.2898,3360.6255,3457,20140
equity,INE704G01024,2023-09-12,1074.3404,1021.27,1044.7463,8580
equity,INE704G01024,2023-09-13,1054.3458,1014.6548,1019.3799,9117
equity,INE704G01024,2023-09-14,1039.2254,1021.5684,1027.3878,3891
equity,INE704G01024,2023-09-15,1050.9634,1020.6232,1038.8274,4039
equity,INE704G01024,2023-09-18,1084.2881,1014.6549,1060.4138,5483
equity,INE704G01024,2023-09-20,1060.4138,1009.681,1020.7228,8527
equity,INE704G01024,2023-09-21,1064.3928,1021.7176,1042.5081,3535
equity,INE704G01024,2023-09-22,1054.2464,1021.1706,1045.2438,8525
equity,INE704G01024,2023-09-25,1079.3141,1045.4923,1066.7802,29678
equity,INE704G01024,2023-09-26,1094.0863,1068.4216,1086.2277,20335
equity,INE704G01024,2023-09-27,1093.7382,1069.6651,1080.6571,3474
equity,INE704G01024,2023-09-28,1118.1097,1066.3823,1069.9137,10806
equity,INE704G01024,2023-09-29,1089.2618,1064.4922,1077.8718,1602
equity,INE704G01024,2023-10-03,1093.738,1078.3192,1090.2563,9468
equity,INE704G01024,2023-10-04,1099.1597,1074.8876,1079.7618,3546
equity,INE704G01024,2023-10-05,1099.2094,1070.3614,1073.1964,3244
equity,INE704G01024,2023-10-06,1085.7801,1069.3666,1077.1257,2228
equity,INE704G01024,2023-10-09,1073.2958,1031.6155,1044.1991,3811
equity,INE704G01024,2023-10-10,1069.1676,1035.5447,1061.4084,1014
equity,INE704G01024,2023-10-11,1110.1518,1061.4086,1081.0551,4034
equity,INE704G01024,2023-10-12,1104.1832,1070.1625,1089.212,4588
equity,INE704G01024,2023-10-13,1116.1203,1066.5812,1110.4004,15028
equity,INE704G01024,2023-10-16,1134.0259,1084.288,1124.0286,8198
equity,INE704G01024,2023-10-17,1143.9735,1107.2669,1126.7145,9368
equity,INE704G01024,2023-10-18,1140.9893,1114.1308,1117.6622,4692
equity,INE704G01024,2023-10-19,1125.1725,1069.3665,1075.733,10168
equity,INE704G01024,2023-10-20,1094.2357,1058.4244,1070.8091,2040
equity,INE704G01024,2023-10-23,1082.6467,1014.6549,1052.605,7487
equity,INE704G01024,2023-10-25,1068.1729,1014.6548,1026.6417,3212
equity,INE704G01024,2023-10-26,1034.5501,998.7884,1025.05,8031
equity,INE704G01024,2023-10-27,1059.4189,1024.6023,1055.9373,3111
equity,INE704G01024,2023-10-30,1062.3535,1027.4375,1041.9113,2682
equity,INE704G01024,2023-10-31,1061.4085,1032.5604,1035.296,1819
equity,INE704G01024,2023-11-01,1059.4189,1012.6652,1050.5159,5435
equity,INE704G01024,2023-11-02,1053.4504,1019.6784,1050.7148,4811
equity,INE704G01024,2023-11-03,1083.5918,1029.5763,1072.4008,5051
equity,INE704G01024,2023-11-06,1077.2252,1038.3301,1067.3771,2651
equity,INE704G01024,2023-11-07,1094.1361,1035.7934,1083.4921,4860
equity,INE704G01024,2023-11-08,1142.8295,1079.3639,1105.924,10331
equity,INE704G01024,2023-11-09,1094.0366,1040.1206,1076.4293,16311
equity,INE704G01024,2023-11-10,1115.1254,1065.3874,1108.0626,5742
equity,INE704G01024,2023-11-13,1119.005,1069.3665,1105.8245,6866
equity,INE704G01024,2023-11-15,1106.0732,1080.3089,1099.1099,4941
equity,INE704G01024,2023-11-16,1103.9842,1081.3036,1085.7302,4488
equity,INE704G01024,2023-11-17,1110.0522,1084.2879,1085.5314,3963
equity,INE704G01024,2023-11-20,1083.0942,1042.508,1050.1676,9834
equity,INE704G01024,2023-11-21,1068.1728,1049.4713,1051.5106,4066
equity,INE704G01024,2023-11-22,1067.3771,1050.0186,1059.7175,3844
equity,INE704G01024,2023-11-23,1069.3665,1034.55,1043.453,4548
equity,INE704G01024,2023-11-24,1054.4452,1044.5474,1053.0525,3191
equity,INE704G01024,2023-11-28,1073.3455,1049.5707,1058.5734,4665
equity,INE704G01024,2023-11-29,1089.2617,1040.7174,1080.4581,10409
equity,INE704G01024,2023-11-30,1089.1623,1059.419,1077.4739,3650
equity,INE704G01024,2023-12-01,1105.178,1084.288,1096.623,11239
equity,INE704G01024,2023-12-04,1119.0051,1089.2618,1097.6178,7407
equity,INE704G01024,2023-12-05,1111.1464,1068.1729,1074.6388,4781
equity,INE704G01024,2023-12-06,1104.1831,1074.6885,1078.0209,2812
equity,INE704G01024,2023-12-07,1093.2407,1063.3979,1067.6256,2913
equity,INE704G01024,2023-12-08,1078.1702,1054.7436,1059.8169,4494
equity,INE704G01024,2023-12-11,1089.212,1035.5448,1066.6808,5197
equity,INE704G01024,2023-12-12,1080.2591,1054.4452,1056.0367,4378
equity,INE704G01024,2023-12-13,1069.2671,1055.44,1058.8718,5580
equity,INE704G01024,2023-12-14,1074.241,1060.5132,1065.7855,2729
equity,INE704G01024,2023-12-15,1073.2461,1055.6886,1064.0446,2654
equity,INE704G01024,2023-12-18,1068.1731,1050.7648,1057.1809,7243
equity,INE704G01024,2023-12-19,1066.3823,1049.72,1058.076,3889
equity,INE704G01024,2023-12-20,1065.288,1044.4975,1045.741,6699
equity,INE704G01024,2023-12-21,1054.4452,1025.1993,1048.7253,5672
equity,INE704G01024,2023-12-22,1064.1939,1035.8433,1060.364,3784
equity,INE704G01024,2023-12-26,1063.199,1045.9897,1055.9373,3331
equity,INE704G01024,2023-12-27,1063.796,1047.0343,1054.495,4793
equity,INE704G01024,2023-12-28,1153.0756,1046.4871,1144.8191,25223
equity,INE704G01024,2023-12-29,1167.7482,1096.225,1160.8346,14399
equity,INE704G01024,2024-01-01,1163.8688,1143.9736,1147.9526,5983
equity,INE704G01024,2024-01-02,1153.8216,1126.7144,1144.272,4387
equity,INE704G01024,2024-01-03,1140.7904,1109.157,1119.6019,7378
equity,INE704G01024,2024-01-04,1153.8217,1106.7199,1118.0601,9601
equity,INE704G01024,2024-01-05,1162.8243,1109.157,1154.1201,12256
equity,INE704G01024,2024-01-08,1165.8583,1145.217,1153.3243,6714
equity,INE704G01024,2024-01-09,1168.8425,1146.3112,1162.6252,9519
equity,INE704G01024,2024-01-10,1191.7219,1143.9734,1184.8083,9344
equity,INE704G01024,2024-01-11,1358.3939,1178.79,1290.7004,56127
equity,INE704G01024,2024-01-12,1323.0303,1226.3894,1243.0516,13099
equity,INE704G01024,2024-01-15,1290.999,1243.151,1247.4285,14609
equity,INE704G01024,2024-01-16,1267.3238,1196.2482,1230.3684,8788
equity,INE704G01024,2024-01-17,1237.481,1200.6749,1219.5753,4802
equity,INE704G01024,2024-01-18,1243.3997,1188.7377,1215.0989,5238
equity,INE704G01024,2024-01-19,1283.2399,1214.9,1264.9861,10206
equity,INE704G01024,2024-01-23,1331.7841,1197.591,1231.1144,11482
equity,INE704G01024,2024-01-24,1273.2923,1235.8894,1269.1641,8879
equity,INE704G01024,2024-01-25,1332.9779,1291.6954,1322.7318,19552
equity,INE704G01024,2024-01-29,1487.1656,1324.025,1465.8777,42307
equity,INE704G01024,2024-01-30,1541.8775,1454.3386,1489.7024,37688
equity,INE704G01024,2024-01-31,1551.7752,1501.8881,1521.3854,16398
equity,INE704G01024,2024-02-01,1556.7988,1494.2782,1548.2936,12656
equity,INE704G01024,2024-02-02,1609.3221,1541.8773,1563.3145,17853
equity,INE704G01024,2024-02-05,1616.2854,1513.2283,1548.4926,19536
equity,INE704G01024,2024-02-06,1600.4689,1551.8251,1591.715,15386
equity,INE704G01024,2024-02-07,1618.3743,1290.2031,1373.6136,43936
equity,INE704G01024,2024-02-08,1350.8835,1188.8371,1285.2294,55032
equity,INE704G01024,2024-02-09,1285.2295,1205.6487,1230.8658,30991
equity,INE704G01024,2024-02-12,1242.4548,1143.9736,1183.7142,23159
equity,INE704G01024,2024-02-13,1241.0621,1155.1646,1231.0648,20244
equity,INE704G01024,2024-02-14,1254.2923,1210.2244,1225.9913,5816
equity,INE704G01024,2024-02-15,1262.3003,1228.5282,1237.4313,4264
equity,INE704G01024,2024-02-16,1253.1981,1203.659,1227.583,6711
equity,INE704G01024,2024-02-19,1243.4494,1195.9497,1203.3109,42424
equity,INE704G01024,2024-02-20,1222.0623,1163.5207,1179.9342,9597
equity,INE704G01024,2024-02-21,1210.5727,1150.0914,1167.8976,9241
equity,INE704G01024,2024-02-22,1218.4811,1152.827,1198.1382,14312
equity,INE704G01024,2024-02-23,1217.4863,1183.8634,1196.0492,5494
equity,INE704G01024,2024-02-26,1213.6067,1183.7639,1208.2848,7002
equity,INE704G01024,2024-02-27,1218.5806,1165.4107,1193.4629,6526
equity,INE704G01024,2024-02-28,1218.5806,1175.1096,1186.9969,8653
equity,INE704G01024,2024-02-29,1203.6591,1165.908,1183.0676,4642
equity,INE704G01024,2024-03-01,1218.5805,1178.7901,1210.9209,8550
equity,INE704G01024,2024-03-04,1213.6067,1195.7508,1201.4707,5101
equity,INE704G01024,2024-03-05,1213.557,1198.6854,1204.3555,4324
equity,INE704G01024,2024-03-06,1203.659,1153.921,1184.858,8730
equity,INE704G01024,2024-03-07,1199.6801,1126.9134,1166.9028,7328
equity,INE704G01024,2024-03-11,1183.3659,1146.0624,1149.2457,10684
equity,INE704G01024,2024-03-12,1169.5387,1104.1831,1120.0494,8560
equity,INE704G01024,2024-03-13,1136.9109,1044.4977,1077.4242,16894
equity,INE704G01024,2024-03-14,1163.8688,1040.0212,1151.6332,5176
equity,INE704G01024,2024-03-18,1203.6592,1134.026,1171.7274,6934
equity,INE704G01024,2024-03-19,1189.6828,1153.9212,1164.0181,2596
equity,INE704G01024,2024-03-20,1177.7954,1150.2406,1166.5049,2501
equity,INE704G01024,2024-03-21,1208.036,1161.9289,1177.3973,5235
equity,INE704G01024,2024-03-22,1183.6147,1159.8897,1162.4264,2427
equity,INE704G01024,2024-03-26,1173.8163,1129.848,1160.6855,14206
equity,INE704G01024,2024-03-27,1172.3242,1143.9736,1147.9526,5309
equity,INE704G01024,2024-03-28,1168.8426,1139.0496,1145.217,3227
equity,INE704G01024,2024-04-01,1252.4024,1143.9736,1216.4916,9027
equity,INE704G01024,2024-04-02,1215.5961,1185.7534,1203.9077,5993
equity,INE704G01024,2024-04-03,1213.6067,1188.7377,1210.9209,5742
equity,INE704G01024,2024-04-04,1225.5438,1186.7481,1209.7769,2581
equity,INE704G01024,2024-04-05,1283.1902,1189.7326,1265.9312,8746
equity,INE704G01024,2024-04-08,1288.2137,1239.5699,1267.4232,8310
equity,INE704G01024,2024-04-09,1278.266,1241.7086,1252.2034,5104
equity,INE704G01024,2024-04-10,1262.3501,1223.8031,1253.3972,4048
equity,INE704G01024,2024-04-12,1282.2452,1244.4443,1274.5358,5545
equity,INE704G01024,2024-04-15,1253.3971,1205.6486,1241.8579,6209
equity,INE704G01024,2024-04-16,1263.295,1219.6748,1230.8162,3807
equity,INE704G01024,2024-04-18,1258.172,1233.5019,1234.4967,10301
equity,INE704G01024,2024-04-19,1251.3578,1197.5911,1242.5542,4102
equity,INE704G01024,2024-04-22,1272.1982,1216.3922,1248.1747,6022
equity,INE704G01024,2024-04-23,1280.2555,1244.7923,1275.5304,6653
equity,INE704G01024,2024-04-24,1303.1351,1263.4442,1276.9729,4683
equity,INE704G01024,2024-04-25,1313.0827,1264.5384,1273.4912,6807
equity,INE704G01024,2024-04-26,1298.6586,1255.3866,1278.7634,2982
equity,INE704G01024,2024-04-29,1303.1352,1259.3658,1272.4966,7006
equity,INE704G01024,2024-04-30,1292.1928,1272.2976,1283.4886,3843
equity,INE704G01024,2024-05-02,1304.1298,1269.363,1292.4414,7934
equity,INE704G01024,2024-05-03,1302.9362,1274.2871,1281.9965,3923
equity,INE704G01024,2024-05-06,1303.1352,1244.7428,1275.3813,2818
equity,INE704G01024,2024-05-07,1291.0984,1235.4913,1262.3,3530
equity,INE704G01024,2024-05-08,1303.135,1238.4757,1285.9257,4940
equity,INE704G01024,2024-05-09,1303.1351,1258.3709,1260.9076,1005
equity,INE704G01024,2024-05-10,1283.041,1238.5751,1259.4651,3392
equity,INE704G01024,2024-05-13,1283.19,1233.5018,1252.8997,2857
equity,INE704G01024,2024-05-14,1292.9887,1245.5883,1269.562,2982
equity,INE704G01024,2024-05-15,1287.4178,1261.9519,1266.4781,3708
equity,INE704G01024,2024-05-16,1276.1772,1244.4443,1258.2715,4277
equity,INE704G01024,2024-05-17,1278.2163,1246.4338,1257.2269,3425
equity,INE704G01024,2024-05-21,1431.7576,1255.5359,1400.3729,28115
equity,INE704G01024,2024-05-22,1563.6627,1427.4801,1448.1213,39767
equity,INE704G01024,2024-05-23,1576.694,1477.218,1563.1155,20852
equity,INE704G01024,2024-05-24,1609.2226,1492.1395,1511.2886,14512
equity,INE704G01024,2024-05-27,1535.8094,1392.4148,1410.0718,18463
equity,INE704G01024,2024-05-28,1402.3126,1347.4019,1357.9961,8901
equity,INE704G01024,2024-05-29,1465.9276,1359.8364,1450.2103,7474
equity,INE704G01024,2024-05-30,1571.7202,1447.3753,1459.959,20357
equity,INE704G01024,2024-05-31,1492.1394,1410.7184,1420.8152,3492
equity,INE704G01024,2024-06-03,1492.1393,1342.9254,1353.0222,16591
equity,INE704G01024,2024-06-04,1367.7944,1233.5018,1279.6587,9554
equity,INE704G01024,2024-06-05,1442.4014,1204.2559,1405.3964,12663
equity,INE704G01024,2024-06-06,1482.1919,1377.7421,1463.3909,11189
equity,INE704G01024,2024-06-07,1531.9299,1417.5325,1504.9221,16632
equity,INE704G01024,2024-06-10,1504.9221,1448.4198,1469.9563,6419
equity,INE704G01024,2024-06-11,1491.0948,1448.3699,1452.2495,5019
equity,INE704G01024,2024-06-12,1480.2022,1440.4118,1452.5479,6785
equity,INE704G01024,2024-06-13,1482.0925,1417.5325,1454.3884,15717
equity,INE704G01024,2024-06-14,1487.1656,1435.8857,1481.3463,13123
equity,INE704G01024,2024-06-18,1502.087,1447.624,1479.0087,8448
equity,INE704G01024,2024-06-19,1491.1446,1453.3935,1468.1656,5265
equity,INE704G01024,2024-06-20,1477.2179,1457.4222,1464.7336,3838
equity,INE704G01024,2024-06-21,1471.9456,1442.4013,1444.1421,3739
equity,INE704G01024,2024-06-24,1472.2442,1442.5009,1465.5793,3048
equity,INE704G01024,2024-06-25,1486.2704,1457.3229,1481.5951,7908
equity,INE704G01024,2024-06-26,1551.825,1454.5873,1531.3827,14072
equity,INE704G01024,2024-06-27,1611.3116,1512.0346,1550.5317,22563
equity,INE704G01024,2024-06-28,1657.1701,1575.6992,1619.22,20829
equity,INE704G01024,2024-07-01,1725.9079,1626.432,1717.3032,27218
equity,INE704G01024,2024-07-02,1834.3367,1642.3481,1786.5883,29190
equity,INE704G01024,2024-07-03,1854.5304,1710.7876,1720.9839,11402
equity,INE704G01024,2024-07-04,1760.7246,1651.301,1700.7903,9005
equity,INE704G01024,2024-07-05,1739.8344,1601.5628,1651.9971,15178
equity,INE704G01024,2024-07-08,1691.0913,1591.6154,1599.8221,10072
equity,INE704G01024,2024-07-09,1631.4058,1591.6154,1598.8274,3146
equity,INE704G01024,2024-07-10,1626.432,1546.8512,1578.1364,7546
equity,INE704G01024,2024-07-11,1626.2827,1571.7201,1612.9032,8845
equity,INE704G01024,2024-07-12,1691.0912,1595.3954,1657.8165,7202
equity,INE704G01024,2024-07-15,1720.9341,1605.542,1692.7823,9447
equity,INE704G01024,2024-07-16,1739.8346,1647.9188,1715.0154,5920
equity,INE704G01024,2024-07-18,1744.8084,1652.4946,1739.7848,18719
equity,INE704G01024,2024-07-19,1839.3104,1730.8816,1760.4757,16801
equity,INE704G01024,2024-07-22,1755.7507,1708.0023,1742.1226,7930
equity,INE704G01024,2024-07-23,1790.5673,1730.8817,1763.9077,11109
equity,INE704G01024,2024-07-24,1795.4417,1739.8346,1754.5571,6610
equity,INE704G01024,2024-07-25,1778.6302,1739.8345,1744.1121,2548
equity,INE704G01024,2024-07-26,1774.5517,1739.8346,1740.8293,5578
equity,INE704G01024,2024-07-29,1777.6354,1740.7298,1753.5125,5378
equity,INE704G01024,2024-07-30,1810.4624,1758.7349,1779.5751,5001
equity,INE704G01024,2024-07-31,1850.2529,1776.6407,1813.1981,9570
equity,INE704G01024,2024-08-01,1918.8912,1780.6196,1894.5693,10904
equity,INE704G01024,2024-08-02,2014.3882,1915.1609,1926.4514,18594
equity,INE704G01024,2024-08-05,1908.8442,1755.0544,1891.3861,22645
equity,INE704G01024,2024-08-06,2269.0468,1924.86,2037.8647,21907
equity,INE704G01024,2024-08-07,2137.3405,1984.5453,1988.7731,11705
equity,INE704G01024,2024-08-08,2019.362,1965.6948,2010.7573,4893
equity,INE704G01024,2024-08-09,2158.5785,2019.4118,2156.3403,19012
equity,INE704G01024,2024-08-12,2178.5236,2039.3071,2056.8147,8562
equity,INE704G01024,2024-08-13,2111.8746,1920.8808,1944.1084,5422
equity,INE704G01024,2024-08-14,2023.2912,1939.6818,1956.9906,3444
equity,INE704G01024,2024-08-16,2029.3097,1959.6765,2015.2836,3489
equity,INE704G01024,2024-08-19,2086.8067,1929.8336,1970.8674,7849
equity,INE704G01024,2024-08-20,2004.4405,1930.8283,1952.4644,3274
equity,INE704G01024,2024-08-21,1979.5219,1904.9647,1944.3075,4352
equity,INE704G01024,2024-08-22,2048.21,1914.9122,1994.8909,10319
equity,INE704G01024,2024-08-23,2034.2833,1951.4198,2010.5085,4812
equity,INE704G01024,2024-08-26,2041.1969,1950.7236,1993.1003,3172
equity,INE704G01024,2024-08-27,2041.1969,1964.6502,1984.9434,6449
equity,INE704G01024,2024-08-28,2041.9645,1975.2905,1991.6107,7749
equity,INE704G01024,2024-08-29,2029.774,1992.2575,2016.0413,5845
equity,INE704G01024,2024-08-30,2109.6834,2022.1116,2106.698,10471
equity,INE704G01024,2024-09-02,2189.2443,2119.6347,2137.4475,9442
equity,INE704G01024,2024-09-03,2159.44,2000.2186,2016.3397,13502
equity,INE704G01024,2024-09-04,2128.5909,1951.7059,2107.0959,9212
equity,INE704G01024,2024-09-05,2214.1723,2114.659,2186.2588,13097
equity,INE704G01024,2024-09-06,2433.1018,2189.294,2419.1201,34456
equity,INE704G01024,2024-09-09,2472.9068,2338.5638,2436.4353,10771
equity,INE704G01024,2024-09-10,2468.9265,2390.3608,2408.5718,17090
equity,INE704G01024,2024-09-11,2587.3476,2369.2143,2549.4329,16326
equity,INE704G01024,2024-09-12,2682.8305,2566.4497,2613.7683,12943
equity,INE704G01024,2024-09-13,2784.3838,2597.2987,2633.5215,14732
equity,INE704G01024,2024-09-16,2729.6017,2617.2014,2679.447,8934
equity,INE704G01024,2024-09-17,2721.4915,2577.3961,2613.1711,7010
equity,INE704G01024,2024-09-18,2676.7106,2553.0154,2608.1956,3952
equity,INE704G01024,2024-09-19,2671.9338,2557.4935,2613.7683,5699
equity,INE704G01024,2024-09-20,2650.9364,2557.4935,2583.5161,3809
equity,INE704G01024,2024-09-23,2611.9272,2480.271,2568.4897,8817
equity,INE704G01024,2024-09-24,2632.0787,2506.2441,2599.5876,4674
equity,INE704G01024,2024-09-25,2643.0751,2547.5423,2574.8088,2921
equity,INE704G01024,2024-09-26,2597.0997,2483.6047,2501.9648,4379
equity,INE704G01024,2024-09-27,2549.5324,2496.7903,2509.7769,4231
equity,INE704G01024,2024-09-30,3011.7223,2766.5712,2917.0852,95417
equity,INE704G01024,2024-10-01,3383.4544,2985.401,3334.0461,96072
equity,INE704G01024,2024-10-03,3482.719,3138.4526,3303.9434,62801
equity,INE704G01024,2024-10-04,3452.8151,3284.0406,3307.4263,25881
equity,INE704G01024,2024-10-07,3433.2109,2736.6174,3123.376,29159
equity,INE704G01024,2024-10-08,3403.3571,2905.7903,3316.8303,15325
equity,INE704G01024,2024-10-09,3433.211,3316.8301,3342.3552,11410
equity,INE704G01024,2024-10-10,3402.362,3290.8074,3301.3062,7621
equity,INE704G01024,2024-10-11,3332.6529,3214.2818,3242.6431,6090
equity,INE704G01024,2024-10-14,3323.7464,3136.4623,3186.5176,9249
equity,INE704G01024,2024-10-15,3251.1016,3164.525,3176.3669,6104
equity,INE704G01024,2024-10-16,3233.1892,3106.7076,3147.5081,5329
equity,INE704G01024,2024-10-17,3234.1843,3125.1176,3176.3174,5421
equity,INE704G01024,2024-10-18,3287.9215,3149.598,3278.1194,6340
equity,INE704G01024,2024-10-21,3333.6977,3172.2871,3202.6885,6720
equity,INE704G01024,2024-10-22,3233.5872,3035.1577,3051.4282,9961
equity,INE704G01024,2024-10-23,3140.6419,2974.4546,3048.4924,4070
equity,INE704G01024,2024-10-24,3101.7321,2935.6444,2959.6272,5976
equity,INE704G01024,2024-10-25,3023.216,2872.9509,2891.5598,5767
equity,INE704G01024,2024-10-28,2985.3015,2857.2278,2913.5525,4002
equity,INE704G01024,2024-10-29,2959.2288,2877.1801,2925.3445,6574
equity,INE704G01024,2024-10-30,3159.5493,2951.1186,3131.188,10180
equity,INE704G01024,2024-10-31,3292.8972,3134.671,3278.02,10343
equity,INE704G01024,2024-11-01,3601.3887,3360.019,3495.1084,15468
equity,INE704G01024,2024-11-04,926.4694,854.571,879.0513,109544
equity,INE704G01024,2024-11-05,905.5716,865.7663,872.1351,69948
equity,INE704G01024,2024-11-06,895.6203,853.3271,857.9793,72504
equity,INE704G01024,2024-11-07,875.7051,852.0831,859.5964,46424
equity,INE704G01024,2024-11-08,878.2054,854.571,857.2703,84960
equity,INE704G01024,2024-11-11,879.4494,799.8387,850.4039,138048
equity,INE704G01024,2024-11-12,977.2212,871.2395,916.7668,111905
equity,INE704G01024,2024-11-13,916.7669,867.0102,892.6846,32323
equity,INE704G01024,2024-11-14,855.5662,782.9712,847.9534,74434
equity,INE704G01024,2024-11-18,834.9172,777.1994,787.2005,57313
equity,INE704G01024,2024-11-19,796.1069,747.5942,759.1875,53567
equity,INE704G01024,2024-11-21,775.2091,747.8927,759.3865,28660
equity,INE704G01024,2024-11-22,775.1096,757.2967,763.0187,19926
equity,INE704G01024,2024-11-25,776.2043,730.4281,732.5179,33743
equity,INE704G01024,2024-11-26,755.9035,708.0873,723.8602,21919
equity,INE704G01024,2024-11-27,737.2945,666.7395,726.8954,42746
equity,INE704G01024,2024-11-28,735.4038,719.3323,733.8613,21662
equity,INE704G01024,2024-11-29,744.36,703.46,733.7618,20673
equity,INE704G01024,2024-12-02,742.3697,721.4719,738.4389,28204
equity,INE704G01024,2024-12-03,845.7641,738.5384,831.5336,64413
equity,INE704G01024,2024-12-04,983.192,847.1075,918.0107,153603
equity,INE704G01024,2024-12-05,970.2553,860.7906,894.6749,87079
equity,INE704G01024,2024-12-06,948.9594,865.7663,879.2503,53415
equity,INE704G01024,2024-12-09,895.6202,870.7419,876.7625,20658
equity,INE704G01024,2024-12-10,890.1471,850.8393,862.7809,22782
equity,INE704G01024,2024-12-11,880.6933,739.9316,847.0081,39927
equity,INE704G01024,2024-12-12,860.293,817.9501,839.9425,20595
equity,INE704G01024,2024-12-13,870.742,806.0583,854.6208,14510
equity,INE704G01024,2024-12-16,870.7419,840.8382,845.5651,14119
equity,INE704G01024,2024-12-17,864.7711,836.9074,841.8831,11447
equity,INE704G01024,2024-12-18,851.8344,818.2487,840.5894,12805
equity,INE704G01024,2024-12-19,845.8636,811.034,821.1346,14187
equity,INE704G01024,2024-12-20,830.1405,801.0826,806.3071,10905
equity,INE704G01024,2024-12-23,814.915,773.2686,796.5547,11432
equity,INE704G01024,2024-12-24,804.0183,787.101,789.141,8714
equity,INE704G01024,2024-12-26,805.9089,754.3113,780.334,28497
equity,INE704G01024,2024-12-27,795.1118,765.2577,787.9468,16157
equity,INE704G01024,2024-12-30,851.8344,786.1555,833.0761,28496
equity,INE704G01024,2024-12-31,849.8441,825.9609,842.3806,14627
equity,INE704G01024,2025-01-01,894.6251,837.7532,884.3255,40378
equity,INE704G01024,2025-01-02,910.4478,885.6689,905.7706,97682
equity,INE704G01024,2025-01-03,915.5229,865.7663,886.1665,63455
equity,INE704G01024,2025-01-06,908.5072,812.6759,828.1502,50316
equity,INE704G01024,2025-01-07,865.7166,827.2049,839.644,19292
equity,INE704G01024,2025-01-08,845.8635,821.0349,834.121,18056
equity,INE704G01024,2025-01-09,845.8635,820.9852,826.7072,12831
equity,INE704G01024,2025-01-10,840.8382,786.4043,805.9587,23535
equity,INE704G01024,2025-01-13,819.9901,773.2188,775.1096,17704
equity,INE704G01024,2025-01-14,806.8544,761.2773,780.0355,16574
equity,INE704G01024,2025-01-15,796.1069,766.5017,779.1896,9841
equity,INE704G01024,2025-01-16,808.0983,775.2091,796.0572,11440
equity,INE704G01024,2025-01-17,820.3882,778.4433,818.0993,10387
equity,INE704G01024,2025-01-20,845.8636,820.9853,841.8831,15675
equity,INE704G01024,2025-01-21,865.6667,808.9939,824.916,13420
equity,INE704G01024,2025-01-22,831.9317,799.3411,813.3724,19548
equity,INE704G01024,2025-01-23,837.9026,806.0583,835.5142,7202
equity,INE704G01024,2025-01-24,843.8734,808.0983,814.3179,8285
equity,INE704G01024,2025-01-27,814.3178,757.2967,767.0987,19497
equity,INE704G01024,2025-01-28,825.9609,718.7353,745.9521,19315
equity,INE704G01024,2025-01-29,806.0582,737.394,789.2902,18891
equity,INE704G01024,2025-01-30,818.4974,770.0344,792.8727,11506
equity,INE704G01024,2025-01-31,805.4612,777.2491,792.9722,5945
equity,INE704G01024,2025-02-03,811.0339,781.1799,791.6288,12168
equity,INE704G01024,2025-02-04,766.2529,701.5692,743.3151,50051
equity,INE704G01024,2025-02-05,765.7056,744.3599,758.7396,13517
equity,INE704G01024,2025-02-06,759.287,738.3892,749.0371,7638
equity,INE704G01024,2025-02-07,760.8294,731.6223,735.4535,8563
equity,INE704G01024,2025-02-10,743.7629,706.5449,712.864,9855
equity,INE704G01024,2025-02-11,716.4465,646.19,656.6389,36825
equity,INE704G01024,2025-02-12,726.3481,636.8855,693.8072,19332
equity,INE704G01024,2025-02-13,716.4962,656.7882,673.4069,11313
equity,INE704G01024,2025-02-14,686.891,636.8855,658.7784,12567
equity,INE704G01024,2025-02-17,665.1971,609.6188,626.3371,14045
equity,INE704G01024,2025-02-18,626.3371,558.9666,571.6545,30430
equity,INE704G01024,2025-02-19,606.9321,551.7519,573.7941,24010
equity,INE704G01024,2025-02-20,686.0949,573.197,676.7904,28791
equity,INE704G01024,2025-02-21,726.4476,670.7201,716.2474,29096
equity,INE704G01024,2025-02-24,706.4952,687.6374,692.3643,11414
equity,INE704G01024,2025-02-25,705.5,665.7444,674.5513,6869
equity,INE704G01024,2025-02-27,693.0608,641.8612,651.7628,7598
equity,INE704G01024,2025-02-28,662.7093,599.1699,616.9828,17177
equity,INE704G01024,2025-03-03,646.8369,584.7405,589.4674,25047
equity,INE704G01024,2025-03-04,607.0315,589.1688,599.369,11903
equity,INE704G01024,2025-03-05,694.6033,602.0559,690.4237,30733
equity,INE704G01024,2025-03-06,733.4135,696.5935,712.6152,32056
equity,INE704G01024,2025-03-07,725.4525,703.5595,710.8737,8900
equity,INE704G01024,2025-03-10,724.4573,656.7882,668.6801,14222
equity,INE704G01024,2025-03-11,676.6909,633.9001,654.8477,11383
equity,INE704G01024,2025-03-12,676.6909,657.9327,669.7747,7149
equity,INE704G01024,2025-03-13,681.6666,638.1295,660.2712,6372
equity,INE704G01024,2025-03-17,680.6714,656.7882,667.6352,12586
equity,INE704G01024,2025-03-18,708.3361,673.2577,681.7661,15427
equity,INE704G01024,2025-03-19,776.1545,701.8678,771.1291,31429
equity,INE704G01024,2025-03-20,795.1118,727.4427,740.28,30377
equity,INE704G01024,2025-03-21,771.1291,743.3648,756.3513,13065
equity,INE704G01024,2025-03-24,782.175,748.3405,753.0674,18725
equity,INE704G01024,2025-03-25,765.2577,732.6174,735.8516,11310
equity,INE704G01024,2025-03-26,754.1123,716.4962,719.8797,26242
equity,INE704G01024,2025-03-27,731.4232,691.6179,713.7596,19287
equity,INE704G01024,2025-03-28,725.353,701.619,703.858,16632
equity,INE704G01024,2025-04-01,723.4124,699.8775,707.7888,16549
equity,INE704G01024,2025-04-02,732.2193,706.8931,722.1187,11103
equity,INE704G01024,2025-04-03,750.3307,709.6796,743.5141,16070
equity,INE704G01024,2025-04-04,743.5141,701.5692,708.5352,15843
equity,INE704G01024,2025-04-07,703.261,599.369,698.9819,22754
equity,INE704G01024,2025-04-08,740.3795,703.7088,725.7012,16328
equity,INE704G01024,2025-04-09,735.4038,719.4816,730.9257,19292
equity,INE704G01024,2025-04-11,865.7663,730.9257,779.1896,45820
equity,INE704G01024,2025-04-15,820.9853,781.2297,790.0864,23163
equity,INE704G01024,2025-04-16,809.0436,764.0138,779.2394,17315
equity,INE704G01024,2025-04-17,804.068,758.5406,777.697,20250
equity,INE704G01024,2025-04-21,800.8338,778.3438,789.34,14688
equity,INE704G01024,2025-04-22,844.57,791.2806,807.4515,36011
equity,INE704G01024,2025-04-23,823.9707,769.2383,812.0291,27276
equity,INE704G01024,2025-04-24,808.0485,786.1555,788.0961,18904
equity,INE704G01024,2025-04-25,795.9078,741.3745,754.8586,25546
equity,INE704G01024,2025-04-28,766.2529,736.3989,749.9825,13001
equity,INE704G01024,2025-04-29,765.2578,734.5081,738.5385,16616
equity,INE704G01024,2025-04-30,747.3454,713.5108,715.3518,16525
equity,INE704G01024,2025-05-02,736.3989,701.3702,716.7947,8916
equity,INE704G01024,2025-05-05,729.433,698.5838,716.3469,8808
equity,INE704G01024,2025-05-06,723.4621,683.1592,692.9115,14354
equity,INE704G01024,2025-05-07,695.5487,657.4351,668.9288,25926
equity,INE704G01024,2025-05-08,690.6227,656.7882,659.2263,18347
equity,INE704G01024,2025-05-09,674.6011,632.4074,649.5735,23063
equity,INE704G01024,2025-05-12,712.5157,669.7249,702.6638,19025
equity,INE704G01024,2025-05-13,726.4476,687.8364,696.7429,16002
equity,INE704G01024,2025-05-14,716.1977,696.5438,702.2161,14989
equity,INE704G01024,2025-05-15,713.4113,689.6276,695.0013,16255
equity,INE704G01024,2025-05-16,704.5546,687.6374,692.7623,21584
equity,INE704G01024,2025-05-19,691.6179,674.7504,676.9894,27338
equity,INE704G01024,2025-05-20,681.7163,659.7736,666.8889,21353
equity,INE704G01024,2025-05-21,689.6276,669.7249,680.7709,16847
equity,INE704G01024,2025-05-22,725.4524,674.7006,702.1663,30498
equity,INE704G01024,2025-05-23,713.4611,691.6179,701.5195,17548
equity,INE704G01024,2025-05-26,705.5497,692.613,694.8521,18242
equity,INE704G01024,2025-05-27,716.4962,683.408,708.1371,35862
equity,INE704G01024,2025-05-28,714.4064,664.7492,703.2112,21614
equity,INE704G01024,2025-05-29,702.5644,677.7358,692.6628,27294
equity,INE704G01024,2025-05-30,791.1312,695.5984,751.9229,103193
equity,INE704G01024,2025-06-02,774.214,706.6444,762.1231,30822
equity,INE704G01024,2025-06-03,775.209,737.394,752.7191,13095
equity,INE704G01024,2025-06-04,753.2167,738.4887,745.0566,15160
equity,INE704G01024,2025-06-05,749.7834,709.2815,731.7715,11507
equity,INE704G01024,2025-06-06,766.2529,727.4427,736.598,19747
equity,INE704G01024,2025-06-09,751.1766,728.2388,735.5032,12806
equity,INE704G01024,2025-06-10,746.3502,729.0847,734.5081,11359
equity,INE704G01024,2025-06-11,743.1161,731.4232,734.3589,11606
equity,INE704G01024,2025-06-12,739.3843,706.5449,712.1176,17149
equity,INE704G01024,2025-06-13,721.3724,692.7125,713.8094,7069
equity,INE704G01024,2025-06-16,725.2036,663.6546,691.5681,28495
equity,INE704G01024,2025-06-17,708.5351,659.5248,679.4772,27548
equity,INE704G01024,2025-06-18,691.1203,679.4772,688.6324,9478
equity,INE704G01024,2025-06-19,695.5984,679.6763,681.0695,7658
equity,INE704G01024,2025-06-20,688.9808,659.077,673.9045,12724
equity,INE704G01024,2025-06-23,682.4626,659.9229,667.9337,13006
equity,INE704G01024,2025-06-24,696.5438,672.2128,686.3437,18488
equity,INE704G01024,2025-06-25,688.4334,666.7395,678.7806,20295
equity,INE704G01024,2025-06-26,691.6178,677.686,689.2295,9032
equity,INE704G01024,2025-06-27,700.5741,684.7017,688.533,15937
equity,INE704G01024,2025-06-30,695.4989,681.6665,683.1592,9131
equity,INE704G01024,2025-07-01,705.5498,662.759,673.9543,17979
equity,INE704G01024,2025-07-02,683.6071,665.7444,680.1738,12890
equity,INE704G01024,2025-07-03,688.5827,674.7006,682.2636,8505
equity,INE704G01024,2025-07-04,694.8023,667.7346,681.1689,15193
equity,INE704G01024,2025-07-07,688.6325,678.9797,682.2636,10279
equity,INE704G01024,2025-07-08,687.6374,667.9835,673.9543,7473
equity,INE704G01024,2025-07-09,680.8207,670.123,673.7552,4536
equity,INE704G01024,2025-07-10,678.6314,665.7444,670.8694,11311
equity,INE704G01024,2025-07-11,674.6509,656.7882,663.4556,15228
equity,INE704G01024,2025-07-14,670.8196,657.1365,661.2663,13268
equity,INE704G01024,2025-07-15,665.5951,657.7834,659.1268,11168
equity,INE704G01024,2025-07-16,663.0576,657.8331,659.2761,7470
equity,INE704G01024,2025-07-17,661.7638,653.8028,655.8925,9528
equity,INE704G01024,2025-07-18,661.7141,646.8369,649.1754,11758
equity,INE704G01024,2025-07-21,662.6595,645.8417,649.5237,16414
equity,INE704G01024,2025-07-22,651.8125,641.8612,645.5432,9952
equity,INE704G01024,2025-07-23,652.6584,637.9801,639.9704,12653
equity,INE704G01024,2025-07-24,612.9525,586.1337,600.2148,88945
equity,INE704G01024,2025-07-25,605.9369,578.2721,581.3073,30317
equity,INE704G01024,2025-07-28,589.0196,563.3451,566.1315,19957
equity,INE704G01024,2025-07-29,577.078,560.5587,569.7637,13254
equity,INE704G01024,2025-07-30,576.1823,557.2748,559.1158,8173
equity,INE704G01024,2025-07-31,566.2311,543.3927,559.5637,16483
equity,INE704G01024,2025-08-01,590.0645,549.662,575.8839,19277
equity,INE704G01024,2025-08-04,596.9309,570.7092,580.4117,10340
equity,INE704G01024,2025-08-05,590.1143,557.2748,561.0066,11330
equity,INE704G01024,2025-08-06,564.0915,527.4208,536.4765,13747
equity,INE704G01024,2025-08-07,546.3284,487.6155,507.5182,87976
equity,INE704G01024,2025-08-08,512.4938,498.7112,504.2342,11512
equity,INE704G01024,2025-08-11,517.4197,504.1844,509.4586,12964
equity,INE704G01024,2025-08-12,522.1466,502.5425,505.7269,7913
equity,INE704G01024,2025-08-13,514.5836,497.5668,501.2986,14088
equity,INE704G01024,2025-08-14,505.5279,492.5911,497.5668,9190
equity,INE704G01024,2025-08-18,516.4744,480.152,488.9589,23650
equity,INE704G01024,2025-08-19,505.5776,478.8085,502.642,17090
equity,INE704G01024,2025-08-20,514.4841,494.5814,501.2488,12238
equity,INE704G01024,2025-08-21,512.3445,498.6117,502.5425,10442
equity,INE704G01024,2025-08-22,508.5133,467.663,479.2563,61327
equity,INE704G01024,2025-08-25,487.4662,449.2531,467.3148,56184
equity,INE704G01024,2025-08-26,518.5738,469.6583,511.593,79996
equity,INE704G01024,2025-08-28,543.5052,506.6566,535.8264,42686
equity,INE704G01024,2025-08-29,565.4449,530.6406,547.8932,37021
equity,INE704G01024,2025-09-01,578.3594,558.4142,567.2898,35126
equity,INE704G01024,2025-09-02,578.4092,548.4915,554.9238,18627
equity,INE704G01024,2025-09-03,565.4449,543.5052,559.6608,9047
equity,INE704G01024,2025-09-04,573.3233,530.6406,534.5798,14348
equity,INE704G01024,2025-09-05,552.1814,523.5601,529.0948,9362
equity,INE704G01024,2025-09-08,548.4915,522.5628,527.0006,16703
equity,INE704G01024,2025-09-09,547.4943,522.5628,530.491,13339
equity,INE704G01024,2025-09-10,536.5244,519.8203,523.7595,15094
equity,INE704G01024,2025-09-11,528.5464,490.8501,499.4265,34886
equity,INE704G01024,2025-09-12,528.0478,501.1218,522.6625,44525
equity,INE704G01024,2025-09-15,565.4449,524.657,553.0789,31452
equity,INE704G01024,2025-09-16,592.6201,556.6192,581.401,29138
equity,INE704G01024,2025-09-17,603.3407,583.3955,592.5703,35548
equity,INE704G01024,2025-09-18,597.3571,580.0548,586.7363,18794
equity,INE704G01024,2025-09-19,590.3265,551.7326,558.3644,32685
equity,INE704G01024,2025-09-22,578.4092,547.4943,570.5309,19027
equity,INE704G01024,2025-09-23,612.2163,549.8877,600.9472,69678
equity,INE704G01024,2025-09-24,608.327,557.4669,585.3402,43239
equity,INE704G01024,2025-09-25,598.105,562.6526,570.6306,20431
equity,INE704G01024,2025-09-26,577.2624,548.2422,550.9348,20705
equity,INE704G01024,2025-09-29,568.2372,536.5244,555.6219,32013
equity,INE704G01024,2025-09-30,588.1824,552.6302,562.1041,18629
equity,INE704G01024,2025-10-01,575.8164,560.4586,565.0959,13459
equity,INE704G01024,2025-10-03,576.2152,563.4503,566.9906,16889
equity,INE704G01024,2025-10-06,567.1402,544.6022,550.0372,19618
equity,INE704G01024,2025-10-07,567.4394,547.1452,549.1896,11191
equity,INE704G01024,2025-10-08,560.4586,543.4554,545.4499,18873
equity,INE704G01024,2025-10-09,548.4915,528.4466,529.5934,27584
equity,INE704G01024,2025-10-10,550.3863,525.5546,540.6132,27746
equity,INE704G01024,2025-10-13,548.292,524.2582,530.6905,20203
equity,INE704G01024,2025-10-14,536.2751,523.5601,526.8011,19712
equity,INE704G01024,2025-10-15,547.1951,519.8702,523.6598,29217
equity,INE704G01024,2025-10-16,533.433,509.7979,516.9782,33222
equity,INE704G01024,2025-10-17,578.4092,509.6483,558.8131,106967
equity,INE704G01024,2025-10-20,614.111,568.4865,595.3127,123073
equity,INE704G01024,2025-10-21,595.3127,595.3127,595.3127,
equity,INE704G01024,2025-10-23,565.4449,549.4888,552.3309,28657
equity,INE704G01024,2025-10-24,563.0514,522.8121,544.4028,28345
equity,INE704G01024,2025-10-27,568.3868,538.7184,561.0569,27250
equity,INE704G01024,2025-10-28,574.8191,550.486,569.384,18718
equity,INE704G01024,2025-10-29,579.9051,557.4668,569.035,24053
equity,INE704G01024,2025-10-30,572.4257,551.0844,562.1041,7094
equity,INE704G01024,2025-10-31,578.4092,543.5052,545.1008,26694
equity,INE704G01024,2025-11-03,553.4778,528.5464,537.8209,31792
equity,INE704G01024,2025-11-04,547.2948,528.5463,529.1946,27427
equity,INE704G01024,2025-11-06,545.4,528.5463,534.8789,14921
equity,INE704G01024,2025-11-07,543.0066,529.6933,536.4247,19393
equity,INE704G01024,2025-11-10,618.2995,540.5633,564.0986,80951
equity,INE704G01024,2025-11-11,582.3484,549.7381,577.1627,69383
equity,INE704G01024,2025-11-12,583.9938,563.1512,569.6832,28812
equity,INE704G01024,2025-11-13,578.2098,561.4558,563.7994,13440
equity,INE704G01024,2025-11-14,573.3232,563.1512,564.5972,16322
equity,INE704G01024,2025-11-17,578.4591,563.7495,568.1873,19285
equity,INE704G01024,2025-11-18,568.4367,554.9737,559.1622,7098
equity,INE704G01024,2025-11-19,577.1128,550.7852,554.3754,17716
equity,INE704G01024,2025-11-20,572.9243,543.5052,545.5496,23631
equity,INE704G01024,2025-11-21,556.5194,541.4609,542.3085,17193
equity,INE704G01024,2025-11-24,540.5135,518.5738,522.8121,20489
equity,INE704G01024,2025-11-25,541.8597,505.2604,532.9842,22478
equity,INE704G01024,2025-11-26,548.292,533.2335,543.954,14183
equity,INE704G01024,2025-11-27,548.4417,527.9979,532.5354,8399
equity,INE704G01024,2025-11-28,542.508,526.4521,533.4828,5921
equity,INE704G01024,2025-12-01,548.4915,525.5546,537.5715,10462
equity,INE704G01024,2025-12-02,548.4915,527.5491,529.8428,9693
equity,INE704G01024,2025-12-03,536.5742,513.5875,521.3162,18147
equity,INE704G01024,2025-12-04,532.9842,520.0697,525.3053,8763
equity,INE704G01024,2025-12-05,529.6932,507.604,511.0944,22504
equity,INE704G01024,2025-12-08,520.3688,486.9607,500.7727,23237
equity,INE704G01024,2025-12-09,514.8341,487.609,506.856,23412
equity,INE704G01024,2025-12-10,510.5957,493.6424,498.6785,10346
equity,INE704G01024,2025-12-11,505.6095,493.6424,496.4846,14882
equity,INE704G01024,2025-12-12,512.5404,499.5761,506.7065,10623
equity,INE704G01024,2025-12-15,512.5902,502.2188,503.8144,6433
equity,INE704G01024,2025-12-16,513.5875,503.5152,506.856,9132
equity,INE704G01024,2025-12-17,512.7897,500.6232,502.9667,8060
equity,INE704G01024,2025-12-18,509.5985,494.7394,506.0582,15590
equity,INE704G01024,2025-12-19,509.5985,490.9996,499.7256,11469
equity,INE704G01024,2025-12-22,507.8533,499.7256,502.3683,8955
equity,INE704G01024,2025-12-23,507.1053,499.2769,502.3185,13099
equity,INE704G01024,2025-12-24,506.4072,500.1245,501.8199,7786
equity,INE704G01024,2025-12-26,503.9141,492.695,496.4846,15725
equity,INE704G01024,2025-12-29,501.4708,488.6561,488.9552,21826
equity,INE704G01024,2025-12-30,506.6566,478.883,484.2682,21149
equity,INE704G01024,2025-12-31,507.5541,483.0714,500.4237,26585
equity,INE704G01024,2026-01-01,505.6094,494.2906,498.3295,10141
equity,INE704G01024,2026-01-02,498.6286,489.1048,493.9914,18733
equity,INE704G01024,2026-01-05,501.9196,478.6336,486.3125,31812
equity,INE704G01024,2026-01-06,505.3103,483.6698,486.6616,9136
equity,INE704G01024,2026-01-07,495.1881,477.6862,481.4758,49921
equity,INE704G01024,2026-01-08,483.3207,473.6972,475.0934,48602
equity,INE704G01024,2026-01-09,477.5865,466.7164,467.0156,43197
equity,INE704G01024,2026-01-12,468.3619,447.4195,451.4584,53326
equity,INE704G01024,2026-01-13,460.4836,447.7685,451.7576,16861
equity,INE704G01024,2026-01-14,456.7438,444.8765,447.3696,16724
equity,INE704G01024,2026-01-16,460.9822,449.3641,455.8463,16363
equity,INE704G01024,2026-01-19,455.8463,441.4359,445.9735,8438
equity,INE704G01024,2026-01-20,448.7658,425.8288,428.0228,31855
equity,INE704G01024,2026-01-21,435.2031,422.8371,423.5352,18153
equity,INE704G01024,2026-01-22,435.1033,426.128,427.1253,11279
equity,INE704G01024,2026-01-23,443.7795,428.6711,441.1368,13380
equity,INE704G01024,2026-01-27,454.6496,430.167,436.1006,17128
equity,INE704G01024,2026-01-28,444.9264,434.9538,439.9401,8414
equity,INE704G01024,2026-01-29,451.957,432.8097,435.4025,18864
equity,INE704G01024,2026-01-30,447.6688,432.1116,434.3055,9567
equity,INE704G01024,2026-02-02,427.2749,404.0388,406.2826,14002
equity,INE704G01024,2026-02-03,436.5992,418.8979,424.682,24876
equity,INE704G01024,2026-02-04,457.6414,424.682,451.7576,26644
equity,INE704G01024,2026-02-05,459.7356,443.8294,455.8962,12982
equity,INE704G01024,2026-02-06,454.0512,442.0841,443.9291,6386
equity,INE704G01024,2026-02-09,454.7493,416.8037,430.6157,31781
equity,INE704G01024,2026-02-10,456.7438,430.9647,443.4305,30824
equity,INE704G01024,2026-02-11,444.1784,424.3828,438.3444,25511
equity,INE704G01024,2026-02-12,428.3718,401.8947,415.9061,59606
equity,INE704G01024,2026-02-13,426.7763,407.23,422.8371,22863
equity,INE704G01024,2026-02-16,422.7374,409.9725,414.4601,10759
equity,INE704G01024,2026-02-17,419.596,410.9199,417.4519,8406
equity,INE704G01024,2026-02-18,428.8206,417.2524,419.8453,14642
equity,INE704G01024,2026-02-19,424.0837,413.8618,417.2524,9541
equity,INE704G01024,2026-02-20,424.682,413.9615,423.1861,9188
equity,INE704G01024,2026-02-23,431.7626,419.596,423.0366,11277
equity,INE704G01024,2026-02-24,424.1335,414.9588,416.1056,16291
equity,INE704G01024,2026-02-25,428.8206,411.8673,418.9478,12973
equity,INE704G01024,2026-02-26,425.5796,415.8563,417.5018,3785
equity,INE704G01024,2026-02-27,418.8481,408.4766,414.5599,7507
equity,INE704G01024,2026-03-02,415.0585,384.0438,407.3796,24701
equity,INE704G01024,2026-03-04,417.8508,398.9029,409.2245,13514
equity,INE704G01024,2026-03-05,415.8065,398.9528,401.4459,15152
equity,INE704G01024,2026-03-06,406.881,399.2021,401.4958,9693
equity,INE704G01024,2026-03-09,400.4487,379.2071,388.681,30430
equity,INE704G01024,2026-03-10,407.7785,390.9248,395.8114,58258
equity,INE704G01024,2026-03-11,401.0969,387.9331,396.8087,48771
equity,INE704G01024,2026-03-12,402.7424,389.2794,391.972,15685
equity,INE704G01024,2026-03-13,395.3627,360.3091,371.4285,42293
equity,INE704G01024,2026-03-16,377.2624,349.0401,357.1677,36078
equity,INE704G01024,2026-03-17,366.891,355.3727,361.3562,25004
equity,INE704G01024,2026-03-18,378.7583,363.9989,368.9852,23199
equity,INE704G01024,2026-03-19,380.8525,354.0263,370.6805,14512
equity,INE704G01024,2026-03-20,383.944,372.4756,376.6142,11969
equity,INE704G01024,2026-03-23,376.0159,350.3864,357.417,20021
equity,INE704G01024,2026-03-24,373.4728,363.9989,367.3397,18605
equity,INE704G01024,2026-03-25,374.4701,350.3864,355.1732,46893
equity,INE704G01024,2026-03-27,365.9436,335.0784,340.5634,76318
equity,INE704G01024,2026-03-30,342.9568,301.1717,306.3575,67631
equity,INE704G01024,2026-04-01,352.5305,311.1941,336.0757,35319
equity,INE704G01024,2026-04-02,397.9056,317.1278,384.1934,55782
equity,INE704G01024,2026-04-06,452.7548,379.1572,446.3225,75741
equity,INE704G01024,2026-04-07,508.6012,453.7022,483.3207,135114
equity,INE704G01024,2026-04-08,503.6149,450.1619,456.694,51775
equity,INE704G01024,2026-04-09,488.5563,455.7964,477.8358,35457
equity,INE704G01024,2026-04-10,488.5564,444.5274,473.049,28767
equity,INE704G01024,2026-04-13,468.7109,454.2507,463.3257,16524
equity,INE704G01024,2026-04-15,478.6835,448.7658,451.1592,33587
equity,INE704G01024,2026-04-16,494.2407,453.7521,486.9607,75798
equity,INE704G01024,2026-04-17,507.604,492.6451,496.9832,35653
equity,INE704G01024,2026-04-20,499.6259,475.3427,483.5202,9439
equity,INE704G01024,2026-04-21,484.1186,470.7054,475.8413,12570
equity,INE704G01024,2026-04-22,473.6972,462.2786,469.4589,11382
equity,INE704G01024,2026-04-23,477.6862,459.7356,461.78,5959
equity,INE704G01024,2026-04-24,470.6556,451.8573,460.0847,4479
equity,INE704G01024,2026-04-27,468.6611,454.9488,459.586,2473
equity,INE704G01024,2026-04-28,471.5531,451.1592,465.5696,2229
equity,INE704G01024,2026-04-29,472.5504,455.7466,457.2923,4796
equity,INE704G01024,2026-04-30,459.9351,448.1176,449.6633,2519
equity,INE704G01024,2026-05-04,460.4835,432.4108,438.5439,6726
equity,INE704G01024,2026-05-05,448.7159,435.8014,438.4442,4326
equity,INE704G01024,2026-05-06,453.7022,440.8376,446.8211,5178
equity,INE704G01024,2026-05-07,446.8211,437.5466,442.7822,2657
equity,INE704G01024,2026-05-08,442.7822,438.7932,440.2891,2598
equity,INE704G01024,2026-05-11,436.8485,416.8535,424.1834,9189
equity,INE704G01024,2026-05-12,438.7434,417.3522,419.0974,2611
equity,INE704G01024,2026-05-13,427.5741,408.9253,414.7593,4574
equity,INE704G01024,2026-05-14,427.0256,402.8919,406.4322,4212
equity,INE704G01024,2026-05-15,418.7982,403.939,407.6289,3868
equity,INE704G01024,2026-05-18,412.8147,395.9112,398.9029,1640
equity,INE704G01024,2026-05-19,424.2333,398.9029,408.9254,8091
equity,INE704G01024,2026-05-20,424.8316,399.9002,422.8371,7849
equity,INE704G01024,2026-05-21,428.6711,416.0059,424.7818,4881
equity,INE704G01024,2026-05-22,423.8344,405.3851,407.8782,2412
equity,INE704G01024,2026-05-25,417.7012,406.0832,408.8755,10014
equity,INE704G01024,2026-05-26,417.7012,406.881,408.9752,2461
equity,INE704G01024,2026-05-27,417.5018,368.0877,368.4866,43939
equity,INE704G01024,2026-05-28,368.4866,368.4866,368.4866,
equity,INE704G01024,2026-05-29,386.9358,367.9879,371.977,19250
equity,INE704G01024,2026-06-01,380.9523,351.4834,379.4066,23923
equity,INE704G01024,2026-06-02,387.9331,374.6696,384.2432,14440
equity,INE704G01024,2026-06-03,388.9303,374.9687,377.6613,1600
equity,INE704G01024,2026-06-04,385.2405,370.3814,382.4482,3945
equity,INE704G01024,2026-06-05,388.8805,376.4148,380.5534,6338
equity,INE704G01024,2026-06-08,384.9413,370.2318,377.9107,5404
equity,INE704G01024,2026-06-09,378.9578,370.2318,373.8718,6473
equity,INE704G01024,2026-06-10,374.0213,364.0488,367.7885,5785
equity,INE704G01024,2026-06-11,368.9852,350.3365,359.96,10263
equity,INE704G01024,2026-06-12,374.1211,355.4225,366.5419,10116
equity,INE704G01024,2026-06-15,380.3539,370.0323,371.229,3596
equity,INE704G01024,2026-06-16,377.6613,368.9852,370.4811,2097
equity,INE704G01024,2026-06-17,373.9715,367.2899,373.3731,4607
equity,INE704G01024,2026-06-18,383.9441,369.9825,383.0465,4547
equity,INE704G01024,2026-06-19,459.586,379.0076,419.2968,49722
equity,INE704G01024,2026-06-22,420.3439,403.8892,407.8284,8603
equity,INE704G01024,2026-06-23,412.9643,393.9665,397.6065,7551
equity,INE704G01024,2026-06-24,443.7795,394.0164,431.3138,32689
equity,INE704G01024,2026-06-25,438.7932,407.6788,416.704,14003
equity,INE704G01024,2026-06-26,416.704,416.704,416.704,
equity,INE704G01024,2026-06-29,419.2968,398.7533,404.4875,7205
equity,INE704G01024,2026-06-30,418.6486,403.7396,411.8174,2681
equity,INE704G01024,2026-07-01,419.5461,409.1248,411.7675,1928
equity,INE704G01024,2026-07-02,427.8234,401.5955,410.7703,3561
equity,INE704G01024,2026-07-03,416.3549,400.1993,411.2689,3335
equity,INE704G01024,2026-07-06,416.6541,399.3517,401.1468,6938
equity,INE704G01024,2026-07-07,408.2273,398.9029,399.5511,2896
equity,INE704G01024,2026-07-08,405.1856,381.9495,394.4153,2179
equity,INE704G01024,2026-07-09,408.8755,383.9939,400.2991,2795
equity,INE704G01024,2026-07-10,410.4212,399.0027,404.0388,5109
equity,INE704G01024,2026-07-13,411.4185,388.9304,402.8421,6587
equity,INE704G01024,2026-07-14,402.9418,387.9331,390.3764,6371
equity,INE704G01024,2026-07-15,409.6733,390.9249,401.3961,13231
equity,INE704G01024,2026-07-16,403.4404,398.6038,399.4016,1097
equity,INE704G01024,2026-07-17,404.4876,393.9166,395.5621,1465
equity,INE704G01024,2026-07-20,403.7895,393.9665,402.144,1237
equity,INE704G01024,2026-07-21,404.7369,391.4235,396.8586,5440
equity,INE704G01024,2026-07-22,400.8974,389.0799,391.972,3349
equity,INE704G01024,2026-07-23,393.418,384.9413,387.8333,2858
equity,INE704G01024,2026-07-24,403.8892,378.9578,395.2629,4654
equity,INE704G01024,2026-07-27,406.3824,394.9139,397.8059,2888
equity,INE704G01024,2026-07-28,406.881,394.8142,403.241,3503
equity,INE704G01024,2026-07-29,413.5626,379.955,382.9966,6842
equity,INE704G01024,2026-07-30,394.864,383.9939,388.5813,2579
equity,INE704G01024,2026-07-31,403.5402,385.2405,399.9002,1791
equity,INE704G01024,2026-08-03,413.4629,381.8,385.3402,4986
equity,INE704G01024,2026-08-04,401.8947,378.9578,391.1243,3804
equity,INE704G01024,2026-08-05,391.1243,383.9939,390.526,7544
equity,INE704G01024,2026-08-06,400.2991,382.5977,387.1353,4693
equity,INE704G01024,2026-08-07,393.418,382.2487,388.3819,2654
equity,INE704G01024,2026-08-10,413.8618,384.9413,394.4153,8145
equity,INE704G01024,2026-08-11,387.6339,367.8882,378.3594,21930
equity,INE704G01024,2026-08-12,379.0076,359.0126,367.1902,17643
equity,INE704G01024,2026-08-13,372.9742,367.0405,369.1348,2232
equity,INE704G01024,2026-08-14,376.5145,360.0099,360.8077,3284
equity,INE704G01024,2026-08-17,360.9074,356.0208,358.863,1068
equity,INE704G01024,2026-08-18,363.9989,354.525,359.1124,1880
equity,INE704G01024,2026-08-19,362.7523,354.3754,356.5693,3255
equity,INE704G01024,2026-08-20,359.1124,347.0455,348.9902,8990
equity,INE704G01024,2026-08-21,354.9239,348.8406,350.0872,2420
equity,INE704G01024,2026-08-24,357.1178,351.3337,351.982,1224
equity,INE704G01024,2026-08-25,359.0625,349.5885,356.7688,756
equity,INE704G01024,2026-08-26,360.0099,349.04,351.6828,1185
equity,INE704G01024,2026-08-27,357.5167,349.04,354.8241,793
equity,INE704G01024,2026-08-28,357.6165,339.1173,345.3502,9118
equity,INE704G01024,2026-08-31,358.514,344.6022,356.32,5394
equity,INE704G01024,2026-09-01,357.9655,347.6439,350.9348,3781
equity,INE704G01024,2026-09-02,353.777,340.6132,350.8351,2343
equity,INE704G01024,2026-09-03,373.8718,351.0346,361.3063,2739
equity,INE704G01024,2026-09-04,367.4893,349.0401,361.1069,2377
equity,INE704G01024,2026-09-08,369.035,359.3118,364.2981,813
equity,INE704G01024,2026-09-09,371.977,362.8022,369.9825,6374
equity,INE704G01024,2026-09-10,373.3233,357.417,362.7025,4455
equity,INE704G01024,2026-09-11,368.9852,354.9738,363.1512,12512
equity,INE704G01024,2026-09-15,367.3397,361.057,363.6,905
equity,INE395F01023,2023-09-12,2.6135,2.6135,2.6135,
equity,INE395F01023,2023-09-13,2.6135,2.6135,2.6135,
equity,INE395F01023,2023-09-14,2.6135,2.6135,2.6135,
equity,INE395F01023,2023-09-15,2.6135,2.6135,2.6135,
equity,INE395F01023,2023-09-18,2.6135,2.6135,2.6135,
equity,INE395F01023,2023-09-20,2.6135,2.6135,2.6135,
equity,INE395F01023,2023-09-21,2.6135,2.6135,2.6135,
equity,INE395F01023,2023-09-22,2.6135,2.6135,2.6135,
equity,INE395F01023,2023-09-25,2.6135,2.6135,2.6135,
equity,INE395F01023,2023-09-26,2.6135,2.6135,2.6135,
equity,INE395F01023,2023-09-27,2.6135,2.6135,2.6135,
equity,INE395F01023,2023-09-28,2.6135,2.6135,2.6135,
equity,INE395F01023,2023-09-29,2.6135,2.6135,2.6135,
equity,INE395F01023,2023-10-03,2.6135,2.6135,2.6135,
equity,INE395F01023,2023-10-04,2.6135,2.6135,2.6135,
equity,INE395F01023,2023-10-05,2.6135,2.6135,2.6135,
equity,INE395F01023,2023-10-06,2.6135,2.6135,2.6135,
equity,INE395F01023,2023-10-09,2.6135,2.6135,2.6135,
equity,INE395F01023,2023-10-10,2.6135,2.6135,2.6135,
equity,INE395F01023,2023-10-11,2.6135,2.6135,2.6135,
equity,INE395F01023,2023-10-12,2.6135,2.6135,2.6135,
equity,INE395F01023,2023-10-13,2.6135,2.6135,2.6135,
equity,INE395F01023,2023-10-16,2.6135,2.6135,2.6135,
equity,INE395F01023,2023-10-17,2.6135,2.6135,2.6135,
equity,INE395F01023,2023-10-18,2.6135,2.6135,2.6135,
equity,INE395F01023,2023-10-19,2.6135,2.6135,2.6135,
equity,INE395F01023,2023-10-20,2.6135,2.6135,2.6135,
equity,INE395F01023,2023-10-23,2.7435,2.7435,2.7435,15
equity,INE395F01023,2023-10-25,2.7435,2.7435,2.7435,
equity,INE395F01023,2023-10-26,2.7435,2.7435,2.7435,
equity,INE395F01023,2023-10-27,2.7435,2.7435,2.7435,
equity,INE395F01023,2023-10-30,2.7435,2.7435,2.7435,
equity,INE395F01023,2023-10-31,2.7435,2.7435,2.7435,
equity,INE395F01023,2023-11-01,2.7435,2.7435,2.7435,
equity,INE395F01023,2023-11-02,2.7435,2.7435,2.7435,
equity,INE395F01023,2023-11-03,2.7435,2.7435,2.7435,
equity,INE395F01023,2023-11-06,2.7435,2.7435,2.7435,
equity,INE395F01023,2023-11-07,2.7435,2.7435,2.7435,
equity,INE395F01023,2023-11-08,2.7435,2.7435,2.7435,
equity,INE395F01023,2023-11-09,2.7435,2.7435,2.7435,
equity,INE395F01023,2023-11-10,2.7435,2.7435,2.7435,
equity,INE395F01023,2023-11-13,2.7435,2.7435,2.7435,
equity,INE395F01023,2023-11-15,2.7435,2.7435,2.7435,
equity,INE395F01023,2023-11-16,2.7435,2.7435,2.7435,
equity,INE395F01023,2023-11-17,2.7435,2.7435,2.7435,
equity,INE395F01023,2023-11-20,2.7435,2.7435,2.7435,240
equity,INE395F01023,2023-11-21,2.7435,2.7435,2.7435,
equity,INE395F01023,2023-11-22,2.7435,2.7435,2.7435,
equity,INE395F01023,2023-11-23,2.7435,2.7435,2.7435,
equity,INE395F01023,2023-11-24,2.7435,2.7435,2.7435,
equity,INE395F01023,2023-11-28,2.7435,2.7435,2.7435,
equity,INE395F01023,2023-11-29,2.7435,2.7435,2.7435,
equity,INE395F01023,2023-11-30,2.7435,2.7435,2.7435,
equity,INE395F01023,2023-12-01,2.7435,2.7435,2.7435,
equity,INE395F01023,2023-12-04,2.7435,2.7435,2.7435,
equity,INE395F01023,2023-12-05,2.7435,2.7435,2.7435,
equity,INE395F01023,2023-12-06,2.7435,2.7435,2.7435,
equity,INE395F01023,2023-12-07,2.7435,2.7435,2.7435,
equity,INE395F01023,2023-12-08,2.7435,2.7435,2.7435,
equity,INE395F01023,2023-12-11,2.7435,2.7435,2.7435,
equity,INE395F01023,2023-12-12,2.7435,2.7435,2.7435,
equity,INE395F01023,2023-12-13,2.7435,2.7435,2.7435,
equity,INE395F01023,2023-12-14,2.7435,2.7435,2.7435,
equity,INE395F01023,2023-12-15,2.7435,2.7435,2.7435,
equity,INE395F01023,2023-12-18,2.7435,2.7435,2.7435,
equity,INE395F01023,2023-12-19,2.7435,2.7435,2.7435,
equity,INE395F01023,2023-12-20,2.7435,2.7435,2.7435,
equity,INE395F01023,2023-12-21,2.7435,2.7435,2.7435,
equity,INE395F01023,2023-12-22,2.7435,2.7435,2.7435,
equity,INE395F01023,2023-12-26,2.7435,2.7435,2.7435,
equity,INE395F01023,2023-12-27,2.7435,2.7435,2.7435,
equity,INE395F01023,2023-12-28,2.7435,2.7435,2.7435,
equity,INE395F01023,2023-12-29,2.7435,2.7435,2.7435,
equity,INE395F01023,2024-01-01,2.7435,2.7435,2.7435,
equity,INE395F01023,2024-01-02,2.7435,2.7435,2.7435,
equity,INE395F01023,2024-01-03,2.7435,2.7435,2.7435,
equity,INE395F01023,2024-01-04,2.7435,2.7435,2.7435,
equity,INE395F01023,2024-01-05,2.7435,2.7435,2.7435,
equity,INE395F01023,2024-01-08,2.7435,2.7435,2.7435,
equity,INE395F01023,2024-01-09,2.7435,2.7435,2.7435,
equity,INE395F01023,2024-01-10,2.7435,2.7435,2.7435,
equity,INE395F01023,2024-01-11,2.7435,2.7435,2.7435,
equity,INE395F01023,2024-01-12,2.7435,2.7435,2.7435,
equity,INE395F01023,2024-01-15,2.8794,2.8794,2.8794,1000
equity,INE395F01023,2024-01-16,2.8794,2.8794,2.8794,
equity,INE395F01023,2024-01-17,2.8794,2.8794,2.8794,
equity,INE395F01023,2024-01-18,2.8794,2.8794,2.8794,
equity,INE395F01023,2024-01-19,2.8794,2.8794,2.8794,
equity,INE395F01023,2024-01-23,2.8794,2.8794,2.8794,
equity,INE395F01023,2024-01-24,2.8794,2.8794,2.8794,
equity,INE395F01023,2024-01-25,2.8794,2.8794,2.8794,
equity,INE395F01023,2024-01-29,2.8794,2.8794,2.8794,
equity,INE395F01023,2024-01-30,2.8794,2.8794,2.8794,
equity,INE395F01023,2024-01-31,2.8794,2.8794,2.8794,
equity,INE395F01023,2024-02-01,2.8794,2.8794,2.8794,
equity,INE395F01023,2024-02-02,2.8794,2.8794,2.8794,
equity,INE395F01023,2024-02-05,2.8794,2.8794,2.8794,1835
equity,INE395F01023,2024-02-06,2.8794,2.8794,2.8794,
equity,INE395F01023,2024-02-07,2.8794,2.8794,2.8794,
equity,INE395F01023,2024-02-08,2.8794,2.8794,2.8794,
equity,INE395F01023,2024-02-09,2.8794,2.8794,2.8794,
equity,INE395F01023,2024-02-12,2.8794,2.8794,2.8794,
equity,INE395F01023,2024-02-13,2.8794,2.8794,2.8794,
equity,INE395F01023,2024-02-14,2.8794,2.8794,2.8794,
equity,INE395F01023,2024-02-15,2.8794,2.8794,2.8794,
equity,INE395F01023,2024-02-16,2.8794,2.8794,2.8794,
equity,INE395F01023,2024-02-19,2.8794,2.8794,2.8794,
equity,INE395F01023,2024-02-20,2.8794,2.8794,2.8794,
equity,INE395F01023,2024-02-21,2.8794,2.8794,2.8794,
equity,INE395F01023,2024-02-22,2.8794,2.8794,2.8794,
equity,INE395F01023,2024-02-23,2.8794,2.8794,2.8794,
equity,INE395F01023,2024-02-26,2.8794,2.8794,2.8794,
equity,INE395F01023,2024-02-27,2.8794,2.8794,2.8794,
equity,INE395F01023,2024-02-28,2.8794,2.8794,2.8794,
equity,INE395F01023,2024-02-29,2.8794,2.8794,2.8794,
equity,INE395F01023,2024-03-01,2.8794,2.8794,2.8794,
equity,INE395F01023,2024-03-04,2.8794,2.8794,2.8794,
equity,INE395F01023,2024-03-05,2.8794,2.8794,2.8794,
equity,INE395F01023,2024-03-06,2.8794,2.8794,2.8794,
equity,INE395F01023,2024-03-07,2.8794,2.8794,2.8794,
equity,INE395F01023,2024-03-11,2.8794,2.8794,2.8794,
equity,INE395F01023,2024-03-12,2.8794,2.8794,2.8794,
equity,INE395F01023,2024-03-13,2.8794,2.8794,2.8794,
equity,INE395F01023,2024-03-14,2.8794,2.8794,2.8794,
equity,INE395F01023,2024-03-15,2.8794,2.8794,2.8794,
equity,INE395F01023,2024-03-18,3.0234,3.0234,3.0234,5
equity,INE395F01023,2024-03-19,3.0234,3.0234,3.0234,
equity,INE395F01023,2024-03-20,3.0234,3.0234,3.0234,
equity,INE395F01023,2024-03-21,3.0234,3.0234,3.0234,
equity,INE395F01023,2024-03-22,3.0234,3.0234,3.0234,
equity,INE395F01023,2024-03-26,3.0234,3.0234,3.0234,
equity,INE395F01023,2024-03-27,3.0234,3.0234,3.0234,
equity,INE395F01023,2024-03-28,3.0234,3.0234,3.0234,
equity,INE395F01023,2024-04-01,3.0234,3.0234,3.0234,
equity,INE395F01023,2024-04-02,3.0234,3.0234,3.0234,
equity,INE395F01023,2024-04-03,3.0234,3.0234,3.0234,
equity,INE395F01023,2024-04-04,3.0234,3.0234,3.0234,
equity,INE395F01023,2024-04-05,3.0234,3.0234,3.0234,
equity,INE395F01023,2024-04-08,3.0234,3.0234,3.0234,
equity,INE395F01023,2024-04-09,3.0234,3.0234,3.0234,
equity,INE395F01023,2024-04-10,3.0234,3.0234,3.0234,
equity,INE395F01023,2024-04-12,3.0234,3.0234,3.0234,
equity,INE395F01023,2024-04-15,3.0234,3.0234,3.0234,
equity,INE395F01023,2024-04-16,3.0234,3.0234,3.0234,
equity,INE395F01023,2024-04-18,3.0234,3.0234,3.0234,
equity,INE395F01023,2024-04-19,3.0234,3.0234,3.0234,
equity,INE395F01023,2024-04-22,3.0234,3.0234,3.0234,
equity,INE395F01023,2024-04-23,3.0234,3.0234,3.0234,
equity,INE395F01023,2024-04-24,3.0234,3.0234,3.0234,
equity,INE395F01023,2024-04-25,3.0234,3.0234,3.0234,
equity,INE395F01023,2024-04-26,3.0234,3.0234,3.0234,
equity,INE395F01023,2024-04-29,3.0234,3.0234,3.0234,
equity,INE395F01023,2024-04-30,3.0234,3.0234,3.0234,
equity,INE395F01023,2024-05-02,3.0234,3.0234,3.0234,
equity,INE395F01023,2024-05-03,3.0234,3.0234,3.0234,
equity,INE395F01023,2024-05-06,3.0234,3.0234,3.0234,40
equity,INE395F01023,2024-05-07,3.0234,3.0234,3.0234,
equity,INE395F01023,2024-05-08,3.0234,3.0234,3.0234,
equity,INE395F01023,2024-05-09,3.0234,3.0234,3.0234,
equity,INE395F01023,2024-05-10,3.0234,3.0234,3.0234,
equity,INE395F01023,2024-05-13,3.1734,3.1734,3.1734,120
equity,INE395F01023,2024-05-14,3.1734,3.1734,3.1734,
equity,INE395F01023,2024-05-15,3.1734,3.1734,3.1734,
equity,INE395F01023,2024-05-16,3.1734,3.1734,3.1734,
equity,INE395F01023,2024-05-17,3.1734,3.1734,3.1734,
equity,INE395F01023,2024-05-21,3.1734,3.1734,3.1734,1000
equity,INE395F01023,2024-05-22,3.1734,3.1734,3.1734,
equity,INE395F01023,2024-05-23,3.1734,3.1734,3.1734,
equity,INE395F01023,2024-05-24,3.1734,3.1734,3.1734,
equity,INE395F01023,2024-05-27,3.1734,3.1734,3.1734,
equity,INE395F01023,2024-05-28,3.1734,3.1734,3.1734,
equity,INE395F01023,2024-05-29,3.1734,3.1734,3.1734,
equity,INE395F01023,2024-05-30,3.1734,3.1734,3.1734,
equity,INE395F01023,2024-05-31,3.1734,3.1734,3.1734,
equity,INE395F01023,2024-06-03,3.1734,3.1734,3.1734,900
equity,INE395F01023,2024-06-04,3.1734,3.1734,3.1734,
equity,INE395F01023,2024-06-05,3.1734,3.1734,3.1734,
equity,INE395F01023,2024-06-06,3.1734,3.1734,3.1734,
equity,INE395F01023,2024-06-07,3.1734,3.1734,3.1734,
equity,INE395F01023,2024-06-10,3.1734,3.1734,3.1734,
equity,INE395F01023,2024-06-11,3.1734,3.1734,3.1734,
equity,INE395F01023,2024-06-12,3.1734,3.1734,3.1734,
equity,INE395F01023,2024-06-13,3.1734,3.1734,3.1734,
equity,INE395F01023,2024-06-14,3.1734,3.1734,3.1734,
equity,INE395F01023,2024-06-18,3.1734,3.1734,3.1734,
equity,INE395F01023,2024-06-19,3.1734,3.1734,3.1734,
equity,INE395F01023,2024-06-20,3.1734,3.1734,3.1734,
equity,INE395F01023,2024-06-21,3.1734,3.1734,3.1734,
equity,INE395F01023,2024-06-24,3.1734,3.1734,3.1734,
equity,INE395F01023,2024-06-25,3.1734,3.1734,3.1734,
equity,INE395F01023,2024-06-26,3.3313,3.3313,3.3313,5
equity,INE395F01023,2024-06-27,3.3313,3.3313,3.3313,
equity,INE395F01023,2024-06-28,3.4973,3.4973,3.4973,100
equity,INE395F01023,2024-07-01,3.4973,3.4973,3.4973,
equity,INE395F01023,2024-07-02,3.6713,3.6713,3.6713,10
equity,INE395F01023,2024-07-03,3.6713,3.6713,3.6713,
equity,INE395F01023,2024-07-04,3.8532,3.8532,3.8532,5
equity,INE395F01023,2024-07-05,3.8532,3.8532,3.8532,
equity,INE395F01023,2024-07-08,4.0452,4.0452,4.0452,5
equity,INE395F01023,2024-07-09,4.0452,4.0452,4.0452,
equity,INE395F01023,2024-07-10,4.2472,4.2472,4.2472,5
equity,INE395F01023,2024-07-11,4.4591,4.4591,4.4591,5
equity,INE395F01023,2024-07-12,4.4591,4.4591,4.4591,
equity,INE395F01023,2024-07-15,4.6811,4.6811,4.6811,120
equity,INE395F01023,2024-07-16,4.915,4.915,4.915,600
equity,INE395F01023,2024-07-18,5.159,5.159,5.159,10
equity,INE395F01023,2024-07-19,5.159,5.159,5.159,
equity,INE395F01023,2024-07-22,5.159,5.159,5.159,
equity,INE395F01023,2024-07-23,5.4169,5.4169,5.4169,5
equity,INE395F01023,2024-07-24,5.6869,5.6869,5.6869,5
equity,INE395F01023,2024-07-25,5.6869,5.6869,5.6869,
equity,INE395F01023,2024-07-26,5.9708,5.9708,5.9708,605
equity,INE395F01023,2024-07-29,6.2688,6.2688,6.2688,505
equity,INE395F01023,2024-07-30,6.2688,6.2688,6.2688,
equity,INE395F01023,2024-07-31,6.3927,6.3927,6.3927,505
equity,INE395F01023,2024-08-01,6.3927,6.3927,6.3927,
equity,INE395F01023,2024-08-02,6.3927,6.3927,6.3927,
equity,INE395F01023,2024-08-05,6.3927,6.3927,6.3927,
equity,INE395F01023,2024-08-06,6.3927,6.3927,6.3927,
equity,INE395F01023,2024-08-07,6.3927,6.3927,6.3927,
equity,INE395F01023,2024-08-08,6.3927,6.3927,6.3927,
equity,INE395F01023,2024-08-09,6.5187,6.5187,6.5187,15
equity,INE395F01023,2024-08-12,6.5187,6.5187,6.5187,
equity,INE395F01023,2024-08-13,6.6487,6.6487,6.6487,5
equity,INE395F01023,2024-08-14,6.6487,6.6487,6.6487,
equity,INE395F01023,2024-08-16,6.6487,6.6487,6.6487,
equity,INE395F01023,2024-08-19,6.6487,6.6487,6.6487,
equity,INE395F01023,2024-08-20,6.6487,6.6487,6.6487,
equity,INE395F01023,2024-08-21,6.6487,6.6487,6.6487,
equity,INE395F01023,2024-08-22,6.6487,6.6487,6.6487,
equity,INE395F01023,2024-08-23,6.7807,6.7807,6.7807,150
equity,INE395F01023,2024-08-26,6.9146,6.9146,6.9146,2500
equity,INE395F01023,2024-08-27,7.0526,7.0526,7.0526,5
equity,INE395F01023,2024-08-28,7.1926,7.1926,7.1926,975
equity,INE395F01023,2024-08-29,7.1926,7.1926,7.1926,
equity,INE395F01023,2024-08-30,7.1926,7.1926,7.1926,
equity,INE395F01023,2024-09-02,7.3346,7.3346,7.3346,15
equity,INE395F01023,2024-09-03,7.3346,7.3346,7.3346,
equity,INE395F01023,2024-09-04,7.3346,7.3346,7.3346,
equity,INE395F01023,2024-09-05,7.3346,7.3346,7.3346,
equity,INE395F01023,2024-09-06,7.4805,7.4805,7.4805,10
equity,INE395F01023,2024-09-09,7.6285,7.6285,7.6285,6075
equity,INE395F01023,2024-09-10,7.6285,7.6285,7.6285,
equity,INE395F01023,2024-09-11,7.6285,7.6285,7.6285,
equity,INE395F01023,2024-09-12,7.6285,7.6285,7.6285,
equity,INE395F01023,2024-09-13,7.6285,7.6285,7.6285,
equity,INE395F01023,2024-09-16,7.7805,7.7805,7.7805,193650
equity,INE395F01023,2024-09-17,7.7805,7.7805,7.7805,
equity,INE395F01023,2024-09-18,7.7805,7.7805,7.7805,
equity,INE395F01023,2024-09-19,7.9344,7.9344,7.9344,3975
equity,INE395F01023,2024-09-20,7.9344,7.9344,7.9344,
equity,INE395F01023,2024-09-23,8.0924,8.0924,8.0924,40
equity,INE395F01023,2024-09-24,8.2524,8.2524,8.2524,19000
equity,INE395F01023,2024-09-25,8.4163,8.4163,8.4163,15000
equity,INE395F01023,2024-09-26,8.4163,8.4163,8.4163,
equity,INE395F01023,2024-09-27,8.5843,8.5843,8.5843,50
equity,INE395F01023,2024-09-30,8.5843,8.5843,8.5843,
equity,INE395F01023,2024-10-01,8.5843,8.5843,8.5843,
equity,INE395F01023,2024-10-03,8.7543,8.7543,8.7543,205
equity,INE395F01023,2024-10-04,8.9282,8.9282,8.9282,25400
equity,INE395F01023,2024-10-07,8.9282,8.9282,8.9282,
equity,INE395F01023,2024-10-08,8.9282,8.9282,8.9282,
equity,INE395F01023,2024-10-09,8.9282,8.9282,8.9282,
equity,INE395F01023,2024-10-10,9.1062,9.1062,9.1062,15100
equity,INE395F01023,2024-10-11,9.2882,9.2882,9.2882,10120
equity,INE395F01023,2024-10-14,9.2882,9.2882,9.2882,
equity,INE395F01023,2024-10-15,9.4721,9.4721,9.4721,850
equity,INE395F01023,2024-10-16,9.6601,9.6601,9.6601,25
equity,INE395F01023,2024-10-17,9.8521,9.8521,9.8521,12500
equity,INE395F01023,2024-10-18,10.048,10.048,10.048,300
equity,INE395F01023,2024-10-21,10.048,10.048,10.048,
equity,INE395F01023,2024-10-22,10.248,10.248,10.248,2000
equity,INE395F01023,2024-10-23,10.248,10.248,10.248,
equity,INE395F01023,2024-10-24,10.248,10.248,10.248,
equity,INE395F01023,2024-10-25,10.248,10.248,10.248,
equity,INE395F01023,2024-10-28,10.4519,10.4519,10.4519,5
equity,INE395F01023,2024-10-29,10.6599,10.6599,10.6599,5
equity,INE395F01023,2024-10-30,10.6599,10.6599,10.6599,
equity,INE395F01023,2024-10-31,10.8719,10.8719,10.8719,390
equity,INE395F01023,2024-11-01,10.8719,10.8719,10.8719,
equity,INE395F01023,2024-11-04,11.0878,11.0878,11.0878,1065
equity,INE395F01023,2024-11-05,11.0878,11.0878,11.0878,
equity,INE395F01023,2024-11-06,11.0878,11.0878,11.0878,
equity,INE395F01023,2024-11-07,11.0878,11.0878,11.0878,
equity,INE395F01023,2024-11-08,11.3078,11.3078,11.3078,12500
equity,INE395F01023,2024-11-11,11.3078,11.3078,11.3078,
equity,INE395F01023,2024-11-12,11.5337,11.5337,11.5337,5
equity,INE395F01023,2024-11-13,11.5337,11.5337,11.5337,
equity,INE395F01023,2024-11-14,11.5337,11.5337,11.5337,
equity,INE395F01023,2024-11-18,12.2376,12.2376,12.2376,5
equity,INE395F01023,2024-11-19,12.2376,12.2376,12.2376,
equity,INE395F01023,2024-11-21,12.2376,12.2376,12.2376,
equity,INE395F01023,2024-11-22,12.9834,12.9834,12.9834,110
equity,INE395F01023,2024-11-25,12.9834,12.9834,12.9834,
equity,INE395F01023,2024-11-26,13.5053,13.5053,13.5053,240
equity,INE395F01023,2024-11-27,13.5053,13.5053,13.5053,
equity,INE395F01023,2024-11-28,13.5053,13.5053,13.5053,
equity,INE395F01023,2024-11-29,13.5053,13.5053,13.5053,
equity,INE395F01023,2024-12-02,13.5053,13.5053,13.5053,
equity,INE395F01023,2024-12-03,13.5053,13.5053,13.5053,
equity,INE395F01023,2024-12-04,15.205,15.205,15.205,5
equity,INE395F01023,2024-12-05,15.5089,15.5089,15.5089,105
equity,INE395F01023,2024-12-06,15.5089,15.5089,15.5089,
equity,INE395F01023,2024-12-09,16.1348,16.1348,16.1348,450
equity,INE395F01023,2024-12-10,16.1348,16.1348,16.1348,
equity,INE395F01023,2024-12-11,16.7847,16.7847,16.7847,35
equity,INE395F01023,2024-12-12,16.7847,16.7847,16.7847,
equity,INE395F01023,2024-12-13,16.7847,16.7847,16.7847,
equity,INE395F01023,2024-12-16,17.8085,17.8085,17.8085,305
equity,INE395F01023,2024-12-17,17.8085,17.8085,17.8085,
equity,INE395F01023,2024-12-18,18.5263,18.5263,18.5263,60
equity,INE395F01023,2024-12-19,18.5263,18.5263,18.5263,
equity,INE395F01023,2024-12-20,19.2742,19.2742,19.2742,5080
equity,INE395F01023,2024-12-23,19.6581,19.6581,19.6581,5
equity,INE395F01023,2024-12-24,20.05,20.05,20.05,2005
equity,INE395F01023,2024-12-26,20.05,20.05,20.05,
equity,INE395F01023,2024-12-27,20.8579,20.8579,20.8579,2850
equity,INE395F01023,2024-12-30,21.2738,21.2738,21.2738,10325
equity,INE395F01023,2024-12-31,21.6977,20.8499,21.6977,81265
equity,INE395F01023,2025-01-01,21.6977,21.6977,21.6977,
equity,INE395F01023,2025-01-02,22.5655,22.5655,22.5655,2525
equity,INE395F01023,2025-01-03,23.0155,23.0155,23.0155,190
equity,INE395F01023,2025-01-06,23.4754,23.4754,23.4754,5750
equity,INE395F01023,2025-01-07,23.4754,23.4754,23.4754,
equity,INE395F01023,2025-01-08,24.4052,24.4052,24.4052,250
equity,INE395F01023,2025-01-09,24.4052,24.4052,24.4052,
equity,INE395F01023,2025-01-10,25.375,25.375,25.375,1250
equity,INE395F01023,2025-01-13,25.375,25.375,25.375,
equity,INE395F01023,2025-01-14,26.3848,26.3848,26.3848,19755
equity,INE395F01023,2025-01-15,26.9047,26.9047,26.9047,7000
equity,INE395F01023,2025-01-16,26.9047,26.9047,26.9047,
equity,INE395F01023,2025-01-17,27.9745,27.9745,27.9745,5
equity,INE395F01023,2025-01-20,28.5244,28.5244,28.5244,1255
equity,INE395F01023,2025-01-21,28.5244,28.5244,28.5244,
equity,INE395F01023,2025-01-22,29.0943,29.0943,29.0943,67490
equity,INE395F01023,2025-01-23,29.6741,29.6741,29.6741,17960
equity,INE395F01023,2025-01-24,30.264,29.0843,29.0843,50030
equity,INE395F01023,2025-01-27,28.5044,28.5044,28.5044,4195
equity,INE395F01023,2025-01-28,27.9345,27.9345,27.9345,6290
equity,INE395F01023,2025-01-29,27.3846,27.3846,27.3846,2275
equity,INE395F01023,2025-01-30,26.8447,26.8447,26.8447,10215
equity,INE395F01023,2025-01-31,26.3148,26.3148,26.3148,180
equity,INE395F01023,2025-02-01,25.7949,25.7949,25.7949,3685
equity,INE395F01023,2025-02-03,25.285,25.285,25.285,9120
equity,INE395F01023,2025-02-04,24.7851,24.7851,24.7851,6420
equity,INE395F01023,2025-02-05,24.3252,24.2952,24.2952,1205
equity,INE395F01023,2025-02-06,23.8153,23.8153,23.8153,1685
equity,INE395F01023,2025-02-07,23.3454,23.3454,23.3454,1665
equity,INE395F01023,2025-02-10,22.1856,22.1856,22.1856,9800
equity,INE395F01023,2025-02-11,21.0858,21.0858,21.0858,305
equity,INE395F01023,2025-02-12,20.036,20.036,20.036,9335
equity,INE395F01023,2025-02-13,19.0362,19.0362,19.0362,6215
equity,INE395F01023,2025-02-14,18.0864,18.0864,18.0864,1495
equity,INE395F01023,2025-02-17,17.1866,17.1866,17.1866,1175
equity,INE395F01023,2025-02-18,16.3368,16.3368,16.3368,2335
equity,INE395F01023,2025-02-19,17.1466,15.5269,17.1466,27755
equity,INE395F01023,2025-02-20,17.9964,17.9964,17.9964,295
equity,INE395F01023,2025-02-21,18.8963,18.8963,18.8963,165
equity,INE395F01023,2025-02-24,19.8361,19.8361,19.8361,910
equity,INE395F01023,2025-02-25,20.8259,20.8259,20.8259,380
equity,INE395F01023,2025-02-27,21.2358,21.2358,21.2358,1000
equity,INE395F01023,2025-02-28,21.6557,21.6557,21.6557,620
equity,INE395F01023,2025-03-03,22.0856,22.0856,22.0856,9305
equity,INE395F01023,2025-03-04,22.5256,22.5256,22.5256,5
equity,INE395F01023,2025-03-05,22.9755,22.9755,22.9755,1190
equity,INE395F01023,2025-03-06,23.4254,23.4254,23.4254,515
equity,INE395F01023,2025-03-07,23.8853,23.8853,23.8853,5
equity,INE395F01023,2025-03-10,24.3552,24.3552,24.3552,15
equity,INE395F01023,2025-03-11,24.8351,24.5851,24.8351,15350
equity,INE395F01023,2025-03-12,24.8351,24.3452,24.3452,2965
equity,INE395F01023,2025-03-13,23.8653,23.8653,23.8653,205
equity,INE395F01023,2025-03-17,23.7953,23.3954,23.3954,870
equity,INE395F01023,2025-03-18,22.9355,22.9355,22.9355,235
equity,INE395F01023,2025-03-19,22.4856,22.4856,22.4856,165
equity,INE395F01023,2025-03-20,22.0456,22.0456,22.0456,5565
equity,INE395F01023,2025-03-21,21.6057,21.6057,21.6057,705
equity,INE395F01023,2025-03-24,21.1758,21.1758,21.1758,2815
equity,INE395F01023,2025-03-25,20.7559,20.7559,20.7559,540
equity,INE395F01023,2025-03-26,20.346,20.346,20.346,270
equity,INE395F01023,2025-03-27,19.9461,19.9461,19.9461,250
equity,INE395F01023,2025-03-28,19.5561,19.5561,19.5561,7850
equity,INE395F01023,2025-04-01,20.5339,18.5783,20.5339,7570
equity,INE395F01023,2025-04-02,21.5597,21.5597,21.5597,1225
equity,INE395F01023,2025-04-03,22.6375,22.5955,22.6375,6905
equity,INE395F01023,2025-04-04,23.7693,23.7693,23.7693,3880
equity,INE395F01023,2025-04-07,24.9571,22.5815,24.9571,8310
equity,INE395F01023,2025-04-08,26.2048,26.2048,26.2048,24185
equity,INE395F01023,2025-04-09,27.5146,26.2048,27.5146,4620
equity,INE395F01023,2025-04-11,28.0645,27.4146,28.0645,13695
equity,INE395F01023,2025-04-15,28.6243,27.5046,27.5046,8680
equity,INE395F01023,2025-04-16,26.9547,26.9547,26.9547,185
equity,INE395F01023,2025-04-17,26.4168,26.4168,26.4168,920
equity,INE395F01023,2025-04-21,26.9447,26.5488,26.8107,2165
equity,INE395F01023,2025-04-22,27.3466,27.3446,27.3466,6115
equity,INE395F01023,2025-04-23,27.8925,27.8905,27.8905,1985
equity,INE395F01023,2025-04-24,28.4144,27.9925,27.9925,385
equity,INE395F01023,2025-04-25,27.8545,27.4346,27.4346,2515
equity,INE395F01023,2025-04-28,27.4346,26.8867,26.8867,455
equity,INE395F01023,2025-04-29,27.4226,27.4226,27.4226,720
equity,INE395F01023,2025-04-30,26.8747,26.8747,26.8747,1090
equity,INE395F01023,2025-05-02,26.8747,26.7947,26.7947,915
equity,INE395F01023,2025-05-05,26.9947,26.2648,26.2648,685
equity,INE395F01023,2025-05-06,26.2648,26.1248,26.1248,1280
equity,INE395F01023,2025-05-07,26.6447,26.6447,26.6447,1075
equity,INE395F01023,2025-05-08,26.1148,26.1148,26.1148,150
equity,INE395F01023,2025-05-09,25.9849,25.9849,25.9849,5
equity,INE395F01023,2025-05-12,26.3948,25.9849,25.9849,710
equity,INE395F01023,2025-05-13,26.0848,26.0848,26.0848,570
equity,INE395F01023,2025-05-14,26.0848,25.5649,25.5649,1790
equity,INE395F01023,2025-05-15,25.055,25.055,25.055,2675
equity,INE395F01023,2025-05-16,24.5551,24.5551,24.5551,395
equity,INE395F01023,2025-05-19,25.7749,24.0652,25.7749,12290
equity,INE395F01023,2025-05-20,27.0547,27.0547,27.0547,8020
equity,INE395F01023,2025-05-21,27.0547,27.0547,27.0547,
equity,INE395F01023,2025-05-22,29.8241,29.1942,29.6641,44970
equity,INE395F01023,2025-05-23,30.574,28.1844,29.7741,10620
equity,INE395F01023,2025-05-26,31.2538,29.7941,31.2538,20570
equity,INE395F01023,2025-05-27,32.8135,31.2538,32.8135,4345
equity,INE395F01023,2025-05-28,33.4634,32.8135,33.4634,10130
equity,INE395F01023,2025-05-29,34.1233,34.1233,34.1233,990
equity,INE395F01023,2025-05-30,34.8031,34.6332,34.8031,7330
equity,INE395F01023,2025-06-02,35.493,35.393,35.493,14225
equity,INE395F01023,2025-06-03,36.2028,35.9929,36.2028,3345
equity,INE395F01023,2025-06-04,36.9227,36.9227,36.9227,1485
equity,INE395F01023,2025-06-05,37.6526,37.4726,37.6526,1940
equity,INE395F01023,2025-06-06,38.4024,38.3924,38.4024,6045
equity,INE395F01023,2025-06-09,39.1623,38.9723,39.1623,365
equity,INE395F01023,2025-06-10,39.9421,39.9421,39.9421,860
equity,INE395F01023,2025-06-11,40.732,40.732,40.732,930
equity,INE395F01023,2025-06-12,41.5418,41.5418,41.5418,950
equity,INE395F01023,2025-06-13,42.3716,42.3716,42.3716,2170
equity,INE395F01023,2025-06-16,43.2115,43.2115,43.2115,3090
equity,INE395F01023,2025-06-17,44.0713,44.0713,44.0713,145
equity,INE395F01023,2025-06-18,44.9511,44.9511,44.9511,10
equity,INE395F01023,2025-06-19,45.8409,45.8409,45.8409,405
equity,INE395F01023,2025-06-20,46.7508,46.7508,46.7508,1425
equity,INE395F01023,2025-06-23,47.6806,47.6806,47.6806,110
equity,INE395F01023,2025-06-24,48.6304,48.6304,48.6304,520
equity,INE395F01023,2025-06-25,49.6002,49.6002,49.6002,2570
equity,INE395F01023,2025-06-26,50.59,50.59,50.59,1030
equity,INE395F01023,2025-06-27,51.5998,51.5998,51.5998,125
equity,INE395F01023,2025-06-30,52.6296,52.6296,52.6296,1015
equity,INE395F01023,2025-07-01,53.6794,53.6794,53.6794,90
equity,INE395F01023,2025-07-02,54.7492,54.7492,54.7492,10
equity,INE395F01023,2025-07-03,55.839,55.839,55.839,5
equity,INE395F01023,2025-07-04,56.9487,56.9487,56.9487,200
equity,INE395F01023,2025-07-07,58.0785,58.0785,58.0785,1055
equity,INE395F01023,2025-07-08,59.2383,59.2383,59.2383,5
equity,INE395F01023,2025-07-09,60.4181,60.4181,60.4181,365
equity,INE395F01023,2025-07-10,61.6178,61.6178,61.6178,380
equity,INE395F01023,2025-07-11,62.8476,62.8476,62.8476,500
equity,INE395F01023,2025-07-14,64.0973,64.0973,64.0973,50
equity,INE395F01023,2025-07-15,65.3771,65.3771,65.3771,3000
equity,INE395F01023,2025-07-16,66.6768,66.6768,66.6768,1500
equity,INE395F01023,2025-07-17,68.0066,68.0066,68.0066,1250
equity,INE395F01023,2025-07-18,69.3663,69.3663,69.3663,635
equity,INE395F01023,2025-07-21,70.746,69.3663,70.746,10055
equity,INE395F01023,2025-07-22,72.1557,72.1557,72.1557,3005
equity,INE395F01023,2025-07-23,73.5655,73.5655,73.5655,1000
equity,INE395F01023,2025-07-24,75.0352,75.0352,75.0352,2160
equity,INE395F01023,2025-07-25,76.5349,76.5349,76.5349,1060
equity,INE395F01023,2025-07-28,78.0646,78.0646,78.0646,4410
equity,INE395F01023,2025-07-29,79.6243,79.6243,79.6243,4250
equity,INE395F01023,2025-07-30,81.214,81.214,81.214,1870
equity,INE395F01023,2025-07-31,82.8336,82.8336,82.8336,1115
equity,INE395F01023,2025-08-01,84.4833,84.4833,84.4833,2240
equity,INE395F01023,2025-08-04,86.173,86.173,86.173,420
equity,INE395F01023,2025-08-05,87.8926,87.8926,87.8926,1000
equity,INE395F01023,2025-08-06,89.6423,89.6423,89.6423,610
equity,INE395F01023,2025-08-07,91.4319,91.4319,91.4319,280
equity,INE395F01023,2025-08-08,93.2516,93.2516,93.2516,275
equity,INE395F01023,2025-08-11,95.1112,95.1112,95.1112,18680
equity,INE395F01023,2025-08-12,97.0108,97.0108,97.0108,825
equity,INE395F01023,2025-08-13,98.9505,98.9505,98.9505,6145
equity,INE395F01023,2025-08-14,100.9201,100.9201,100.9201,380
equity,INE395F01023,2025-08-18,102.9297,98.9105,102.9297,124190
equity,INE395F01023,2025-08-19,104.9793,104.9793,104.9793,170
equity,INE395F01023,2025-08-20,107.0788,107.0788,107.0788,145
equity,INE395F01023,2025-08-21,109.2184,109.2184,109.2184,490
equity,INE395F01023,2025-08-22,111.398,111.398,111.398,100
equity,INE395F01023,2025-08-25,113.6176,113.6176,113.6176,1860
equity,INE395F01023,2025-08-26,115.8871,115.8871,115.8871,630
equity,INE395F01023,2025-08-28,118.1966,118.1966,118.1966,195
equity,INE395F01023,2025-08-29,120.5562,120.5562,120.5562,4875
equity,INE395F01023,2025-09-01,122.9657,122.9657,122.9657,1980
equity,INE395F01023,2025-09-02,125.4152,125.4152,125.4152,2940
equity,INE395F01023,2025-09-03,127.9147,127.9147,127.9147,1435
equity,INE395F01023,2025-09-04,130.4642,130.4642,130.4642,5760
equity,INE395F01023,2025-09-05,133.0637,133.0637,133.0637,2075
equity,INE395F01023,2025-09-08,135.7232,135.7232,135.7232,90
equity,INE395F01023,2025-09-09,138.4327,138.4327,138.4327,185
equity,INE395F01023,2025-09-10,141.1921,141.1921,141.1921,130
equity,INE395F01023,2025-09-11,144.0115,144.0115,144.0115,6670
equity,INE395F01023,2025-09-12,146.871,146.871,146.871,20
equity,INE395F01023,2025-09-15,149.7704,149.7704,149.7704,31
equity,INE395F01023,2025-09-16,152.7198,152.7198,152.7198,271
equity,INE395F01023,2025-09-17,155.7692,155.7692,155.7692,156
equity,INE395F01023,2025-09-18,158.8686,158.8686,158.8686,12456
equity,INE395F01023,2025-09-19,162.018,162.018,162.018,651
equity,INE395F01023,2025-09-22,165.2174,165.2174,165.2174,112
equity,INE395F01023,2025-09-23,168.5167,168.5167,168.5167,531
equity,INE395F01023,2025-09-24,171.866,171.866,171.866,9616
equity,INE395F01023,2025-09-25,175.2654,175.2654,175.2654,18991
equity,INE395F01023,2025-09-26,178.7647,178.7647,178.7647,1610
equity,INE395F01023,2025-09-29,175.2154,175.2154,175.2154,12442
equity,INE395F01023,2025-09-30,171.7161,171.7161,171.7161,2470
equity,INE395F01023,2025-10-01,168.3168,168.3168,168.3168,1759
equity,INE395F01023,2025-10-03,164.9674,164.9674,164.9674,2006
equity,INE395F01023,2025-10-06,161.6681,161.6681,161.6681,2621
equity,INE395F01023,2025-10-07,158.4687,158.4687,158.4687,876
equity,INE395F01023,2025-10-08,155.3193,155.3193,155.3193,2149
equity,INE395F01023,2025-10-09,152.2199,152.2199,152.2199,351
equity,INE395F01023,2025-10-10,149.2205,149.2205,149.2205,2517
equity,INE395F01023,2025-10-13,141.772,141.772,141.772,15004
equity,INE395F01023,2025-10-14,148.8206,135.5732,148.8206,24858
equity,INE395F01023,2025-10-15,156.2191,156.2191,156.2191,719
equity,INE395F01023,2025-10-16,164.0176,164.0176,164.0176,38862
equity,INE395F01023,2025-10-17,172.216,172.216,172.216,1478
equity,INE395F01023,2025-10-20,180.8143,180.8143,180.8143,870
equity,INE395F01023,2025-10-21,180.8143,180.8143,180.8143,
equity,INE395F01023,2025-10-23,199.2606,199.2606,199.2606,2546
equity,INE395F01023,2025-10-24,209.2087,209.2087,209.2087,831
equity,INE395F01023,2025-10-27,219.6566,219.6566,219.6566,1124
equity,INE395F01023,2025-10-28,230.6044,230.6044,230.6044,661
equity,INE395F01023,2025-10-29,242.1022,242.1022,242.1022,170
equity,INE395F01023,2025-10-30,254.1998,254.1998,254.1998,1226
equity,INE395F01023,2025-10-31,266.8973,266.8973,266.8973,1758
equity,INE395F01023,2025-11-03,280.1946,280.1946,280.1946,1317
equity,INE395F01023,2025-11-04,294.1919,294.1919,294.1919,553
equity,INE395F01023,2025-11-06,308.889,308.889,308.889,806
equity,INE395F01023,2025-11-07,324.2859,324.2859,324.2859,1124
equity,INE395F01023,2025-11-10,340.4827,340.4827,340.4827,2394
equity,INE395F01023,2025-11-11,357.4794,357.4794,357.4794,1223
equity,INE395F01023,2025-11-12,368.1273,368.1273,368.1273,38721
equity,INE395F01023,2025-11-13,368.1273,349.7309,368.1273,85629
equity,INE395F01023,2025-11-14,368.1273,349.9309,368.1273,38923
equity,INE395F01023,2025-11-17,368.1273,368.1273,368.1273,10150
equity,INE395F01023,2025-11-18,368.1273,368.1273,368.1273,7088
equity,INE395F01023,2025-11-19,368.1273,368.1273,368.1273,54227
equity,INE395F01023,2025-11-20,368.1273,368.1273,368.1273,23114
equity,INE395F01023,2025-11-21,368.1273,368.1273,368.1273,6284
equity,INE395F01023,2025-11-24,368.1273,368.1273,368.1273,5743
equity,INE395F01023,2025-11-25,368.1273,368.1273,368.1273,2205
equity,INE395F01023,2025-11-26,368.1273,368.1273,368.1273,541
equity,INE395F01023,2025-11-27,368.1273,368.1273,368.1273,1683
equity,INE395F01023,2025-11-28,368.1273,368.1273,368.1273,1196
equity,INE395F01023,2025-12-01,368.1273,368.1273,368.1273,4257
equity,INE395F01023,2025-12-02,368.1273,368.1273,368.1273,606
equity,INE395F01023,2025-12-03,368.1273,368.1273,368.1273,1166
equity,INE395F01023,2025-12-04,368.1273,368.1273,368.1273,1369
equity,INE395F01023,2025-12-05,368.1273,368.1273,368.1273,2459
equity,INE395F01023,2025-12-08,368.1273,368.1273,368.1273,2612
equity,INE395F01023,2025-12-09,368.1273,368.1273,368.1273,582
equity,INE395F01023,2025-12-10,368.1273,368.1273,368.1273,627
equity,INE395F01023,2025-12-11,368.1273,368.1273,368.1273,601
equity,INE395F01023,2025-12-12,368.1273,368.1273,368.1273,1176
equity,INE395F01023,2025-12-15,368.1273,368.1273,368.1273,1076
equity,INE395F01023,2025-12-16,368.1273,368.1273,368.1273,1337
equity,INE395F01023,2025-12-17,368.1273,368.1273,368.1273,1801
equity,INE395F01023,2025-12-18,368.1273,368.1273,368.1273,5415
equity,INE395F01023,2025-12-19,368.1273,368.1273,368.1273,359
equity,INE395F01023,2025-12-22,368.1273,368.1273,368.1273,3725
equity,INE395F01023,2025-12-23,368.1273,368.1273,368.1273,1477
equity,INE395F01023,2025-12-24,368.1273,368.1273,368.1273,13224
equity,INE395F01023,2025-12-26,368.1273,368.1273,368.1273,3953
equity,INE395F01023,2025-12-29,368.1273,368.1273,368.1273,1670
equity,INE395F01023,2025-12-30,368.1273,368.1273,368.1273,946
equity,INE395F01023,2025-12-31,368.1273,368.1273,368.1273,697
equity,INE395F01023,2026-01-01,386.5237,386.5237,386.5237,970
equity,INE395F01023,2026-01-02,405.8198,405.8198,405.8198,14
equity,INE395F01023,2026-01-05,426.0658,426.0658,426.0658,198
equity,INE395F01023,2026-01-06,447.3616,447.3616,447.3616,121
equity,INE395F01023,2026-01-07,469.7072,469.7072,469.7072,1591
equity,INE395F01023,2026-01-08,493.1526,493.1526,493.1526,458
equity,INE395F01023,2026-01-09,517.7977,517.7977,517.7977,18620
equity,INE395F01023,2026-01-12,543.6426,491.9528,543.6426,50860
equity,INE395F01023,2026-01-13,570.7872,570.7872,570.7872,765
equity,INE395F01023,2026-01-14,599.2816,599.2816,599.2816,1041
equity,INE395F01023,2026-01-16,629.2256,629.2256,629.2256,5045
equity,INE395F01023,2026-01-19,660.6694,634.8745,660.6694,17405
equity,INE395F01023,2026-01-20,683.6649,683.6649,683.6649,14548
equity,INE395F01023,2026-01-21,683.6649,649.5217,649.5217,56523
equity,INE395F01023,2026-01-22,681.9653,617.0781,681.9653,47205
equity,INE395F01023,2026-01-23,683.6649,650.8714,681.5154,21901
equity,INE395F01023,2026-01-27,683.6649,647.4721,677.8161,12988
equity,INE395F01023,2026-01-28,683.6649,669.8676,672.1672,10692
equity,INE395F01023,2026-01-29,683.6649,664.8686,672.1672,9448
equity,INE395F01023,2026-01-30,682.8651,658.8698,675.2666,17540
equity,INE395F01023,2026-02-02,683.365,669.8676,682.0652,4783
equity,INE395F01023,2026-02-03,683.6649,666.8682,678.7159,11184
equity,INE395F01023,2026-02-04,683.6649,669.8677,670.6675,5528
equity,INE395F01023,2026-02-05,683.6649,671.0674,683.365,7173
equity,INE395F01023,2026-02-06,683.6649,671.0174,678.0161,1352
equity,INE395F01023,2026-02-09,683.6649,644.1227,681.0654,21643
equity,INE395F01023,2026-02-10,682.8151,669.8677,678.7159,36878
equity,INE395F01023,2026-02-11,683.6649,669.9176,683.6649,34670
equity,INE395F01023,2026-02-12,683.6649,673.117,683.6649,6191
equity,INE395F01023,2026-02-13,649.5217,649.5217,649.5217,2943
equity,INE395F01023,2026-02-16,617.0781,617.0781,617.0781,379
equity,INE395F01023,2026-02-17,586.2341,586.2341,586.2341,269
equity,INE395F01023,2026-02-18,615.5284,556.94,603.7808,72317
equity,INE395F01023,2026-02-19,602.8809,573.6367,584.4845,7892
equity,INE395F01023,2026-02-20,581.7351,555.2903,555.2903,14055
equity,INE395F01023,2026-02-23,529.0455,527.5458,527.5458,7167
equity,INE395F01023,2026-02-24,527.5458,501.201,508.7495,7757
equity,INE395F01023,2026-02-25,534.1445,483.3545,483.3545,4761
equity,INE395F01023,2026-02-26,507.4997,459.2092,507.4997,4265
equity,INE395F01023,2026-02-27,532.8447,512.7487,532.2448,3346
equity,INE395F01023,2026-03-02,558.8396,505.6501,558.8396,3593
equity,INE395F01023,2026-03-04,586.7341,570.0374,585.8843,4403
equity,INE395F01023,2026-03-05,615.1785,613.8787,615.1785,3112
equity,INE395F01023,2026-03-06,645.9224,645.9224,645.9224,566
equity,INE395F01023,2026-03-09,678.216,654.8706,678.216,15217
equity,INE395F01023,2026-03-10,683.6649,644.3227,654.4207,6706
equity,INE395F01023,2026-03-11,648.8718,621.9271,632.5251,5090
equity,INE395F01023,2026-03-12,655.8704,600.9312,643.3729,3016
equity,INE395F01023,2026-03-13,675.5165,614.9285,662.5191,3640
equity,INE395F01023,2026-03-16,679.8657,629.4256,648.022,3085
equity,INE395F01023,2026-03-17,656.8703,616.0783,636.2243,4633
equity,INE395F01023,2026-03-18,654.8706,626.8262,646.0224,2724
equity,INE395F01023,2026-03-19,669.8176,639.8736,655.7204,573
equity,INE395F01023,2026-03-20,669.8676,634.9245,655.5205,694
equity,INE395F01023,2026-03-23,660.3195,623.9267,648.9717,2594
equity,INE395F01023,2026-03-24,658.8198,619.9275,640.0236,1930
equity,INE395F01023,2026-03-25,663.8688,625.8763,662.5691,3768
equity,INE395F01023,2026-03-27,672.8671,629.8756,665.2186,2493
equity,INE395F01023,2026-03-30,675.8665,631.9751,671.2674,5506
equity,INE395F01023,2026-04-01,683.6649,639.8736,679.6657,3318
equity,INE395F01023,2026-04-02,682.8151,651.9712,681.9153,1817
equity,INE395F01023,2026-04-06,683.365,654.9206,663.8688,1874
equity,INE395F01023,2026-04-07,674.8667,655.3705,669.4177,840
equity,INE395F01023,2026-04-08,679.8657,639.8736,668.268,4015
equity,INE395F01023,2026-04-09,669.7176,634.8746,645.5724,3175
equity,INE395F01023,2026-04-10,653.8208,613.3288,620.5274,4217
equity,INE395F01023,2026-04-13,626.4762,591.4831,621.9771,3123
equity,INE395F01023,2026-04-15,625.4764,590.8833,591.933,3868
equity,INE395F01023,2026-04-16,588.7337,562.3389,568.4877,4280
equity,INE395F01023,2026-04-17,571.3372,540.0933,563.6387,3419
equity,INE395F01023,2026-04-20,569.6874,535.4942,537.1938,2006
equity,INE395F01023,2026-04-21,564.0386,512.9986,555.0903,8313
equity,INE395F01023,2026-04-22,582.8348,565.6882,582.8348,671
equity,INE395F01023,2026-04-23,611.9291,594.5326,611.9291,3179
equity,INE395F01023,2026-04-24,642.5231,612.9289,642.5231,3444
equity,INE395F01023,2026-04-27,674.6167,610.4294,630.5255,3778
equity,INE395F01023,2026-04-28,644.3227,602.1311,602.181,2500
equity,INE395F01023,2026-04-29,628.7258,574.8864,619.4276,4832
equity,INE395F01023,2026-04-30,621.3772,594.9324,599.6315,2860
equity,INE395F01023,2026-05-04,619.8775,569.6874,599.3816,2405
equity,INE395F01023,2026-05-05,597.8819,569.4375,582.6349,1931
equity,INE395F01023,2026-05-06,599.8315,555.7902,562.6389,725
equity,INE395F01023,2026-05-07,586.884,534.9443,550.0913,1263
equity,INE395F01023,2026-05-08,563.4387,539.8933,540.8931,1364
equity,INE395F01023,2026-05-11,567.9378,539.8934,558.9896,2196
equity,INE395F01023,2026-05-12,574.8864,539.8933,540.6932,1672
equity,INE395F01023,2026-05-13,539.7433,513.6985,517.9476,3057
equity,INE395F01023,2026-05-14,529.8953,509.8992,519.8473,1404
equity,INE395F01023,2026-05-15,545.7922,522.1468,545.7922,1793
equity,INE395F01023,2026-05-18,573.0368,518.5476,541.593,2428
equity,INE395F01023,2026-05-19,541.693,514.6483,515.6981,5785
equity,INE395F01023,2026-05-20,541.443,502.9006,541.443,2462
equity,INE395F01023,2026-05-21,559.8394,541.9429,543.1927,338
equity,INE395F01023,2026-05-22,564.8884,525.4462,561.889,487
equity,INE395F01023,2026-05-25,576.886,540.9431,554.3904,652
equity,INE395F01023,2026-05-26,549.8914,539.8933,548.3417,186
equity,INE395F01023,2026-05-27,574.8864,524.9463,566.1881,2777
equity,INE395F01023,2026-05-28,566.1881,566.1881,566.1881,
equity,INE395F01023,2026-05-29,591.8831,537.8938,550.3413,2962
equity,INE395F01023,2026-06-01,567.8878,522.8467,525.2462,4136
equity,INE395F01023,2026-06-02,539.8433,499.0014,525.6961,3163
equity,INE395F01023,2026-06-03,534.8443,504.9002,530.6951,2112
equity,INE395F01023,2026-06-04,543.6926,512.8987,538.5436,22488
equity,INE395F01023,2026-06-05,549.3915,523.8965,544.7924,3608
equity,INE395F01023,2026-06-08,555.6902,539.9933,550.8912,895
equity,INE395F01023,2026-06-09,564.8884,529.9453,562.8888,1184
equity,INE395F01023,2026-06-10,591.0333,549.8914,589.5836,3425
equity,INE395F01023,2026-06-11,589.5836,562.3889,566.3881,3677
equity,INE395F01023,2026-06-12,594.6825,546.0421,577.6859,3052
equity,INE395F01023,2026-06-15,596.7321,561.9389,584.0846,1425
equity,INE395F01023,2026-06-16,589.8835,556.0902,570.3873,309
equity,INE395F01023,2026-06-17,568.8876,541.8929,558.7896,3299
equity,INE395F01023,2026-06-18,574.8864,534.8943,570.1873,4954
equity,INE395F01023,2026-06-19,569.8874,546.892,558.6396,526
equity,INE395F01023,2026-06-22,558.6396,536.0441,541.7429,501
equity,INE395F01023,2026-06-23,549.7414,520.1972,547.8418,1056
equity,INE395F01023,2026-06-24,569.8374,535.0943,554.8904,587
equity,INE395F01023,2026-06-25,582.6349,545.3423,547.4418,7821
equity,INE395F01023,2026-06-26,547.4418,547.4418,547.4418,
equity,INE395F01023,2026-06-29,557.8398,520.8971,539.7433,95
equity,INE395F01023,2026-06-30,559.8894,524.8963,550.6412,1367
equity,INE395F01023,2026-07-01,564.8384,529.8953,547.8418,2196
equity,INE395F01023,2026-07-02,565.8882,534.8943,554.8904,764
equity,INE395F01023,2026-07-03,578.8856,530.3952,572.6368,2215
equity,INE395F01023,2026-07-06,601.2312,546.492,601.2312,8941
equity,INE395F01023,2026-07-07,631.2753,631.2753,631.2753,763
equity,INE395F01023,2026-07-08,662.819,619.8775,635.0745,20775
equity,INE395F01023,2026-07-09,646.8722,603.3308,603.3308,17866
equity,INE395F01023,2026-07-10,604.8805,573.9865,594.2325,7733
equity,INE395F01023,2026-07-13,604.7305,574.8864,594.3826,3535
equity,INE395F01023,2026-07-14,604.8805,564.6884,585.6843,6404
equity,INE395F01023,2026-07-15,585.6843,561.889,570.5873,2848
equity,INE395F01023,2026-07-16,584.8844,547.8917,551.3911,3073
equity,INE395F01023,2026-07-17,578.9356,532.0949,578.6357,4257
equity,INE395F01023,2026-07-20,607.53,570.8872,596.5822,8448
equity,INE395F01023,2026-07-21,626.3763,595.8823,622.827,7387
equity,INE395F01023,2026-07-22,653.9208,599.8815,613.3788,17028
equity,INE395F01023,2026-07-23,637.824,584.9844,594.2325,7985
equity,INE395F01023,2026-07-24,623.9267,579.8855,623.8268,2894
equity,INE395F01023,2026-07-27,654.9706,654.8706,654.9706,5781
equity,INE395F01023,2026-07-28,687.7141,687.7141,687.7141,3325
equity,INE395F01023,2026-07-29,722.0574,722.0574,722.0574,28704
equity,INE395F01023,2026-07-30,758.1502,690.0637,758.1502,22841
equity,INE395F01023,2026-07-31,796.0427,796.0427,796.0427,6217
equity,INE395F01023,2026-08-03,835.8348,835.8348,835.8348,993
equity,INE395F01023,2026-08-04,877.6266,835.8349,877.6266,29654
equity,INE395F01023,2026-08-05,921.468,921.468,921.468,7150
equity,INE395F01023,2026-08-06,967.5089,967.5089,967.5089,5703
equity,INE395F01023,2026-08-07,1015.8493,919.1684,1015.8493,35991
equity,INE395F01023,2026-08-10,1058.5909,971.808,1017.399,18010
equity,INE395F01023,2026-08-11,1017.399,966.5591,996.7031,21807
equity,INE395F01023,2026-08-12,1006.6011,946.9129,950.3622,6542
equity,INE395F01023,2026-08-13,968.7586,902.8716,917.3188,17831
equity,INE395F01023,2026-08-14,962.8098,875.9269,962.4099,9334
equity,INE395F01023,2026-08-17,1005.8013,975.8072,989.8544,6524
equity,INE395F01023,2026-08-18,1018.7987,979.8064,1001.8021,4568
equity,INE395F01023,2026-08-19,1019.7985,979.8064,986.655,7002
equity,INE395F01023,2026-08-20,1035.9453,949.8623,1035.9453,16685
equity,INE395F01023,2026-08-21,1087.7351,1042.2941,1087.7351,9228
equity,INE395F01023,2026-08-24,1104.3817,1033.3958,1053.8418,14662
equity,INE395F01023,2026-08-25,1053.6918,1001.1522,1004.2016,10268
equity,INE395F01023,2026-08-26,1054.3916,954.0115,1054.3916,19739
equity,INE395F01023,2026-08-27,1103.7819,1024.7975,1100.9325,8615
equity,INE395F01023,2026-08-28,1103.7819,1045.8933,1077.937,12291
equity,INE395F01023,2026-08-31,1093.7839,1044.7936,1074.3877,4209
equity,INE395F01023,2026-09-01,1085.2856,1039.7946,1066.3394,2131
equity,INE395F01023,2026-09-02,1089.4848,1019.7986,1051.2423,7591
equity,INE395F01023,2026-09-03,1069.4886,1019.7985,1039.7946,4086
equity,INE395F01023,2026-09-04,1069.7887,1001.8021,1035.6454,3520
equity,INE395F01023,2026-09-08,1034.7956,981.806,1000.0524,2964
equity,INE395F01023,2026-09-09,1029.7965,969.8084,1027.447,4253
equity,INE395F01023,2026-09-10,1054.6916,999.8025,1014.7495,1431
equity,INE395F01023,2026-09-11,1029.7465,976.1071,1010.2504,1717
equity,INE395F01023,2026-09-15,1048.7428,984.8055,1012.2001,1424
commodity,CL=F,2026-09-10,104.04,95.37,102.48,437382
commodity,CL=F,2026-09-11,104.46,98.48,100.05,399142
commodity,CL=F,2026-09-14,104.95,100.53,101.39,413090
commodity,CL=F,2026-09-15,106.75,101.21,105.83,413090
commodity,CL=F,2026-09-16,105.63,100.97,101.89,272208
commodity,BZ=F,2026-09-10,109.05,100.19,107.63,72538
commodity,BZ=F,2026-09-11,110.19,103.48,104.61,61285
commodity,BZ=F,2026-09-14,109.78,104.82,105.68,69743
commodity,BZ=F,2026-09-15,109.45,105.11,108.75,69743
commodity,BZ=F,2026-09-16,108.59,104.06,105.32,50181
commodity,NG=F,2026-09-10,2.844,2.753,2.834,174179
commodity,NG=F,2026-09-11,2.846,2.773,2.831,128318
commodity,NG=F,2026-09-14,2.911,2.849,2.896,195801
commodity,NG=F,2026-09-15,2.952,2.87,2.919,195801
commodity,NG=F,2026-09-16,2.978,2.878,2.886,127972
commodity,RB=F,2026-09-10,3.4396,3.1944,3.3932,73349
commodity,RB=F,2026-09-11,3.4698,3.298,3.3072,66839
commodity,RB=F,2026-09-14,3.4603,3.2964,3.3171,67771
commodity,RB=F,2026-09-15,3.4771,3.3341,3.4652,67771
commodity,RB=F,2026-09-16,3.2479,3.1642,3.2362,66149
commodity,HO=F,2026-09-10,5.1619,4.7078,5.0575,62190
commodity,HO=F,2026-09-11,5.1664,4.938,4.9593,58861
commodity,HO=F,2026-09-14,5.1919,4.9084,4.9615,62319
commodity,HO=F,2026-09-15,5.2842,4.9744,5.262,62319
commodity,HO=F,2026-09-16,5.0494,4.9,4.9998,42389
commodity,HG=F,2026-09-10,6.7525,6.4415,6.467,1731
commodity,HG=F,2026-09-11,6.484,6.4475,6.4695,2019
commodity,HG=F,2026-09-14,6.41,6.281,6.33,1458
commodity,HG=F,2026-09-15,6.387,6.3195,6.3685,1458
commodity,HG=F,2026-09-16,6.5255,6.4215,6.435,39675
commodity,ALI=F,2026-09-10,3451.25,3451.25,3451.25,
commodity,ALI=F,2026-09-11,3383,3383,3383,
commodity,ALI=F,2026-09-14,3382,3382,3382,
commodity,ALI=F,2026-09-15,3374.25,3374.25,3374.25,
commodity,ALI=F,2026-09-16,3465.5,3406.25,3406.25,281
commodity,ZNC=F,2026-09-10,4193.5,4193.5,4193.5,
commodity,ZNC=F,2026-09-11,4193.5,4193.5,4193.5,
commodity,ZNC=F,2026-09-14,4193.5,4193.5,4193.5,
commodity,ZNC=F,2026-09-15,4193.5,4193.5,4193.5,
commodity,TIO=F,2026-09-10,98.68,98.68,98.68,
commodity,TIO=F,2026-09-11,98.02,98.02,98.02,
commodity,TIO=F,2026-09-14,97.55,97.55,97.55,
commodity,TIO=F,2026-09-15,97.41,97.41,97.41,
commodity,HRC=F,2026-09-10,1235,1233,1233,48
commodity,HRC=F,2026-09-11,1236,1234,1234,25
commodity,HRC=F,2026-09-14,1234,1234,1234,1
commodity,HRC=F,2026-09-15,1235,1230,1232,1
commodity,HRC=F,2026-09-16,1277,1254,1277,171
commodity,GC=F,2026-09-10,4479.8999,4354.7002,4407.2998,201300
commodity,GC=F,2026-09-11,4444.8999,4333,4408.8999,187975
commodity,GC=F,2026-09-14,4396.7998,4293,4351.8999,164499
commodity,GC=F,2026-09-15,4358.2002,4301.6001,4332.7998,164499
commodity,GC=F,2026-09-16,4413.1001,4273.2998,4311.1001,241806
commodity,SI=F,2026-09-10,64.41,64.145,64.284,275
commodity,SI=F,2026-09-11,64.554,63.1,64.554,526
commodity,SI=F,2026-09-14,63.7,63.02,63.513,365
commodity,SI=F,2026-09-15,63.64,63.03,63.236,365
commodity,SI=F,2026-09-16,65.465,62.75,63.56,52405
commodity,PL=F,2026-09-10,1797.1,1797.1,1797.1,
commodity,PL=F,2026-09-11,1793.5,1793.5,1793.5,
commodity,PL=F,2026-09-14,1775.9,1775.9,1775.9,
commodity,PL=F,2026-09-15,1773.2,1773.2,1773.2,
commodity,PL=F,2026-09-16,1803.8,1739.4,1754.5,15714
commodity,PA=F,2026-09-10,1281.3,1281.3,1281.3,
commodity,PA=F,2026-09-11,1310.9,1288,1310.9,2
commodity,PA=F,2026-09-14,1294.6,1294.6,1294.6,
commodity,PA=F,2026-09-15,1289.2,1289.2,1289.2,
commodity,PA=F,2026-09-16,1334,1272,1282,3682
commodity,ZS=F,2026-09-10,1318.25,1300.75,1316,6
commodity,ZS=F,2026-09-11,1296,1280.25,1280.25,3
commodity,ZS=F,2026-09-14,1285.25,1285.25,1285.25,140746
commodity,ZS=F,2026-09-15,1319.5,1294.25,1318.75,140746
commodity,ZS=F,2026-09-16,1332.25,1313.5,1321.5,111737
commodity,ZL=F,2026-09-10,71.28,69.5,71.28,157
commodity,ZL=F,2026-09-11,70.66,69.01,69.01,8
commodity,ZL=F,2026-09-14,69.36,69.36,69.36,20193
commodity,ZL=F,2026-09-15,70.15,69.11,69.88,20193
commodity,ZL=F,2026-09-16,71.09,69.34,69.51,73954
commodity,ZM=F,2026-09-10,349,346.9,348.8,20
commodity,ZM=F,2026-09-11,349.3,346.6,347,76
commodity,ZM=F,2026-09-14,349.7,345,349.7,29735
commodity,ZM=F,2026-09-15,360.7,347.3,360.1,29735
commodity,ZM=F,2026-09-16,368.7,362.4,366.9,95551
commodity,ZW=F,2026-09-10,723.25,712.75,723.25,6
commodity,ZW=F,2026-09-11,713.5,707,707,14
commodity,ZW=F,2026-09-14,707,707,707,84083
commodity,ZW=F,2026-09-15,731,711.25,728.5,84083
commodity,ZW=F,2026-09-16,736,723.5,732.5,53372
commodity,ZC=F,2026-09-10,520.75,508.75,514,259
commodity,ZC=F,2026-09-11,512,507.5,510.25,200
commodity,ZC=F,2026-09-14,517.5,509.5,512,238878
commodity,ZC=F,2026-09-15,536.25,527.25,535.75,238878
commodity,ZC=F,2026-09-16,539.25,529,534,189071
commodity,KC=F,2026-09-10,315.3,315.3,315.3,
commodity,KC=F,2026-09-11,314.5,313.5,313.65,5
commodity,KC=F,2026-09-14,308.5,305,307.35,49
commodity,KC=F,2026-09-15,299.65,299.65,299.65,49
commodity,KC=F,2026-09-16,285.45,277.05,279.75,13693
commodity,SB=F,2026-09-10,18.88,18.24,18.73,151202
commodity,SB=F,2026-09-11,18.84,17.93,18.15,178353
commodity,SB=F,2026-09-14,18.39,17.96,18.16,125983
commodity,SB=F,2026-09-15,18.3,17.88,17.94,125983
commodity,SB=F,2026-09-16,19.1,18.6,18.92,92949
commodity,CC=F,2026-09-10,5961,5961,5961,15
commodity,CC=F,2026-09-11,5933,5933,5933,
commodity,CC=F,2026-09-14,5995,5995,5995,
commodity,CC=F,2026-09-15,5895,5895,5895,
commodity,CC=F,2026-09-16,6047,5876,5951,9779
commodity,CT=F,2026-09-10,85.31,84.21,84.64,8
commodity,CT=F,2026-09-11,83.75,82.18,82.38,7
commodity,CT=F,2026-09-14,82.78,80.5,80.64,24
commodity,CT=F,2026-09-15,81.04,80.21,81.1,24
commodity,CT=F,2026-09-16,87.8,86.33,84.51,13006
commodity,ZR=F,2026-09-10,15.68,15.535,15.63,59
commodity,ZR=F,2026-09-11,15.73,15.6,15.6,8
commodity,ZR=F,2026-09-14,15.655,15.55,15.565,462
commodity,ZR=F,2026-09-15,15.985,15.78,15.785,462
commodity,ZR=F,2026-09-16,15.905,15.705,15.855,560
commodity,DC=F,2026-09-10,16.24,16.13,16.2,734
commodity,DC=F,2026-09-11,16.16,16.13,16.15,153
commodity,DC=F,2026-09-14,16.16,16.11,16.14,331
commodity,DC=F,2026-09-15,16.14,16.11,16.12,331
commodity,DC=F,2026-09-16,15.95,15.82,15.9,394
commodity,CPO=F,2026-09-10,1226,1226,1226,520
commodity,CPO=F,2026-09-11,1212,1212,1212,160
commodity,CPO=F,2026-09-14,1214.75,1214.75,1214.75,
commodity,CPO=F,2026-09-15,1218.75,1218.75,1218.75,
crypto,BTC-USD,2026-09-10,78520.9688,76470.6406,76568.125,30120111719
crypto,BTC-USD,2026-09-11,79818.3359,76162.9141,77173.7969,37410998193
crypto,BTC-USD,2026-09-12,77479.6563,77045,77270.4688,12664765797
crypto,BTC-USD,2026-09-13,77415.6563,76498.3828,76838.1563,13607872549
crypto,BTC-USD,2026-09-14,79568.9531,76367.375,78163.3828,29909358382
crypto,BTC-USD,2026-09-15,78242.5469,74944.5938,75612.5078,39694675220
crypto,BTC-USD,2026-09-16,76228.2266,75288.4688,76295.4375,30818039808
crypto,ETH-USD,2026-09-10,2483.72,2406.9065,2437.0986,16781828594
crypto,ETH-USD,2026-09-11,2663.0503,2435.2854,2514.7339,27812010346
crypto,ETH-USD,2026-09-12,2544.4724,2508.8015,2525.9446,8012825772
crypto,ETH-USD,2026-09-13,2526.8538,2462.8396,2477.0208,9643847552
crypto,ETH-USD,2026-09-14,2612.4033,2465.4265,2514.407,16009578199
crypto,ETH-USD,2026-09-15,2519.3188,2357.9592,2399.0869,20275242052
crypto,ETH-USD,2026-09-16,2424.0994,2370.1089,2415.8999,16284626944
crypto,USDT-USD,2026-09-10,1.0011,0.99921,0.99961,70756902216
crypto,USDT-USD,2026-09-11,1.0011,0.99895,0.99968,89060666001
crypto,USDT-USD,2026-09-12,0.99996,0.99951,0.99979,34688986407
crypto,USDT-USD,2026-09-13,1.0001,0.9994,0.99966,39817590594
crypto,USDT-USD,2026-09-14,1.0002,0.99929,0.99985,67503495820
crypto,USDT-USD,2026-09-15,1.0006,0.99892,0.99933,81713429979
crypto,USDT-USD,2026-09-16,1.0002,0.99892,0.99899,70114959360
crypto,BNB-USD,2026-09-10,725.4893,704.975,709.1334,1670884807
crypto,BNB-USD,2026-09-11,739.383,708.7148,726.9684,1722788676
crypto,BNB-USD,2026-09-12,738.8263,725.2287,727.4531,1157881596
crypto,BNB-USD,2026-09-13,729.4398,713.4973,716.3305,1067973135
crypto,BNB-USD,2026-09-14,732.5967,714.5837,720.2359,1616186488
crypto,BNB-USD,2026-09-15,723.8658,709.2535,712.1606,1525574555
crypto,BNB-USD,2026-09-16,719.7618,704.4772,720.64,1481663616
crypto,XRP-USD,2026-09-10,1.3952,1.3337,1.3353,2613759162
crypto,XRP-USD,2026-09-11,1.4266,1.3222,1.3562,3433969862
crypto,XRP-USD,2026-09-12,1.3732,1.3548,1.3666,1022047657
crypto,XRP-USD,2026-09-13,1.3692,1.334,1.3406,1204076794
crypto,XRP-USD,2026-09-14,1.4871,1.3375,1.421,4671272248
crypto,XRP-USD,2026-09-15,1.4449,1.2669,1.2847,6513207960
crypto,XRP-USD,2026-09-16,1.3084,1.2536,1.3155,4544218624
crypto,SOL-USD,2026-09-10,102.1013,98.6899,98.6899,2724393615
crypto,SOL-USD,2026-09-11,105.4881,98.6259,102.3962,4430290675
crypto,SOL-USD,2026-09-12,102.5007,101.2746,101.7856,1515467936
crypto,SOL-USD,2026-09-13,102.2632,99.2354,99.2458,1810208961
crypto,SOL-USD,2026-09-14,104.6656,99.0779,102.4951,3056074624
crypto,SOL-USD,2026-09-15,102.7423,96.3935,96.8884,3727168281
crypto,SOL-USD,2026-09-16,98.6516,96.2604,98.55,3275816704
crypto,TRX-USD,2026-09-10,0.34092,0.33823,0.33987,441028790
crypto,TRX-USD,2026-09-11,0.34098,0.33557,0.33848,508378950
crypto,TRX-USD,2026-09-12,0.34402,0.33847,0.33985,425665582
crypto,TRX-USD,2026-09-13,0.34154,0.3383,0.33831,302053356
crypto,TRX-USD,2026-09-14,0.34194,0.33771,0.33806,465011330
crypto,TRX-USD,2026-09-15,0.33906,0.33193,0.33282,521480866
crypto,TRX-USD,2026-09-16,0.3359,0.33211,0.33544,408973280
crypto,HYPE32196-USD,2026-09-10,84.3047,78.4066,78.4638,1202905426
crypto,HYPE32196-USD,2026-09-11,83.6538,78.2955,79.4038,1231563171
crypto,HYPE32196-USD,2026-09-12,80.765,78.4649,79.7311,592539773
crypto,HYPE32196-USD,2026-09-13,79.7343,76.7783,77.3005,613444888
crypto,HYPE32196-USD,2026-09-14,82.3284,77.1388,80.2522,799087723
crypto,HYPE32196-USD,2026-09-15,80.4614,75.5478,76.9163,870376050
crypto,HYPE32196-USD,2026-09-16,80.0692,76.6844,78.98,864023552
crypto,DOGE-USD,2026-09-10,0.0862,0.08285,0.082914,898538634
crypto,DOGE-USD,2026-09-11,0.087801,0.082895,0.084284,929079065
crypto,DOGE-USD,2026-09-12,0.085264,0.084152,0.084853,346142564
crypto,DOGE-USD,2026-09-13,0.085128,0.082202,0.082421,417755598
crypto,DOGE-USD,2026-09-14,0.085954,0.082081,0.083632,746197216
crypto,DOGE-USD,2026-09-15,0.083881,0.079016,0.080076,983582349
crypto,DOGE-USD,2026-09-16,0.080581,0.078527,0.08065,816244544
crypto,XMR-USD,2026-09-10,517.5425,498.8848,508.0658,99478757
crypto,XMR-USD,2026-09-11,521.683,500.8312,521.2814,111397082
crypto,XMR-USD,2026-09-12,546.4185,521.2814,539.0857,103839555
crypto,XMR-USD,2026-09-13,543.7341,518.0167,518.1223,88401441
crypto,XMR-USD,2026-09-14,526.111,503.6091,512.8892,138379865
crypto,XMR-USD,2026-09-15,519.7119,494.9021,505.8795,123265305
crypto,XMR-USD,2026-09-16,509.0649,485.3755,496.8908,101590584
crypto,LINK-USD,2026-09-10,11.8773,11.4563,11.4597,311111694
crypto,LINK-USD,2026-09-11,12.1297,11.3095,11.5393,482786119
crypto,LINK-USD,2026-09-12,11.6123,11.4687,11.5042,174943504
crypto,LINK-USD,2026-09-13,11.5565,11.1681,11.2019,223906893
crypto,LINK-USD,2026-09-14,11.9428,11.1528,11.5108,316701050
crypto,LINK-USD,2026-09-15,11.6195,10.8283,10.891,393471310
crypto,LINK-USD,2026-09-16,10.9297,10.6382,10.986,396224576
crypto,LEO-USD,2026-09-10,9.2438,9.1783,9.1854,100539
crypto,LEO-USD,2026-09-11,9.2432,9.0236,9.1568,205661
crypto,LEO-USD,2026-09-12,9.1597,9.0985,9.1398,119386
crypto,LEO-USD,2026-09-13,9.14,9.0244,9.0353,239333
crypto,LEO-USD,2026-09-14,9.0587,8.9578,8.9987,147688
crypto,LEO-USD,2026-09-15,9.0172,8.7202,8.825,442127
crypto,LEO-USD,2026-09-16,8.8889,8.8213,8.8481,195442
crypto,ADA-USD,2026-09-10,0.2148,0.2047,0.2047,434879282
crypto,ADA-USD,2026-09-11,0.2152,0.201,0.2062,662505733
crypto,ADA-USD,2026-09-12,0.20942,0.20601,0.20742,213865707
crypto,ADA-USD,2026-09-13,0.20939,0.20251,0.2036,230042792
crypto,ADA-USD,2026-09-14,0.21539,0.20278,0.20858,439778509
crypto,ADA-USD,2026-09-15,0.20859,0.1937,0.19542,490152020
crypto,ADA-USD,2026-09-16,0.19624,0.19062,0.1959,438190176
crypto,XLM-USD,2026-09-10,0.18119,0.17448,0.17475,150543336
crypto,XLM-USD,2026-09-11,0.18457,0.17346,0.17824,167596709
crypto,XLM-USD,2026-09-12,0.18253,0.17824,0.18009,78151873
crypto,XLM-USD,2026-09-13,0.18085,0.17654,0.17714,81523452
crypto,XLM-USD,2026-09-14,0.19657,0.17701,0.19118,323012250
crypto,XLM-USD,2026-09-15,0.19751,0.17458,0.17611,443350275
crypto,XLM-USD,2026-09-16,0.18125,0.17263,0.18214,245834384
crypto,DAI-USD,2026-09-10,1,0.99872,0.99973,18897268
crypto,DAI-USD,2026-09-11,1.0007,0.99853,0.99982,17622394
crypto,DAI-USD,2026-09-12,1,0.99848,0.99956,14909000
crypto,DAI-USD,2026-09-13,1,0.99857,0.99969,15579238
crypto,DAI-USD,2026-09-14,1.0001,0.99853,0.99992,21189859
crypto,DAI-USD,2026-09-15,1.0003,0.99898,0.99973,27412935
crypto,DAI-USD,2026-09-16,1,0.99893,0.99979,111031752
crypto,LTC-USD,2026-09-10,53.3278,51.7365,52.1203,234072567
crypto,LTC-USD,2026-09-11,54.176,51.9771,53.2661,260322451
crypto,LTC-USD,2026-09-12,54.2204,53.1855,53.6384,127057844
crypto,LTC-USD,2026-09-13,55.13,53.3264,53.7343,195380807
crypto,LTC-USD,2026-09-14,54.5397,53.1181,53.121,211173693
crypto,LTC-USD,2026-09-15,53.1294,50.8628,51.2537,244027047
crypto,LTC-USD,2026-09-16,51.2587,50.2619,51.178,248671264
crypto,HBAR-USD,2026-09-10,0.077206,0.074652,0.074818,38351245
crypto,HBAR-USD,2026-09-11,0.076891,0.073365,0.074393,51292584
crypto,HBAR-USD,2026-09-12,0.075031,0.074187,0.074698,19890165
crypto,HBAR-USD,2026-09-13,0.0772,0.074662,0.075058,35682103
crypto,HBAR-USD,2026-09-14,0.079271,0.075042,0.077706,49115917
crypto,HBAR-USD,2026-09-15,0.079655,0.074099,0.074256,92528226
crypto,HBAR-USD,2026-09-16,0.074697,0.072003,0.07396,60488708
crypto,AVAX-USD,2026-09-10,7.8606,7.4286,7.4288,278670579
crypto,AVAX-USD,2026-09-11,7.8017,7.307,7.4556,429068810
crypto,AVAX-USD,2026-09-12,7.4791,7.3647,7.4008,221218015
crypto,AVAX-USD,2026-09-13,7.4559,7.289,7.2914,222329726
crypto,AVAX-USD,2026-09-14,7.7867,7.2719,7.5613,310330650
crypto,AVAX-USD,2026-09-15,7.6032,7.2184,7.2735,382568638
crypto,AVAX-USD,2026-09-16,7.3342,7.1868,7.368,314634304
crypto,SUI20947-USD,2026-09-10,0.77231,0.72603,0.72707,434281068
crypto,SUI20947-USD,2026-09-11,0.76311,0.71294,0.72491,623546805
crypto,SUI20947-USD,2026-09-12,0.72987,0.71995,0.7248,246085835
crypto,SUI20947-USD,2026-09-13,0.7305,0.69928,0.70141,300669207
crypto,SUI20947-USD,2026-09-14,0.74649,0.69555,0.72053,516541143
crypto,SUI20947-USD,2026-09-15,0.72199,0.67741,0.68692,532427097
crypto,SUI20947-USD,2026-09-16,0.7067,0.67962,0.7146,478633856
crypto,SHIB-USD,2026-09-10,0.000005,0.000005,0.000005,67704355
crypto,SHIB-USD,2026-09-11,0.000005,0.000005,0.000005,76847472
crypto,SHIB-USD,2026-09-12,0.000005,0.000005,0.000005,48776658
crypto,SHIB-USD,2026-09-13,0.000005,0.000005,0.000005,47133691
crypto,SHIB-USD,2026-09-14,0.000005,0.000005,0.000005,59475849
crypto,SHIB-USD,2026-09-15,0.000005,0.000005,0.000005,75549256
crypto,SHIB-USD,2026-09-16,0.0000049453,0.0000047539,0.00000487,77073808
crypto,NEAR-USD,2026-09-10,2.546,2.3868,2.4349,484293144
crypto,NEAR-USD,2026-09-11,2.7149,2.3576,2.3665,685734217
crypto,NEAR-USD,2026-09-12,2.4197,2.3303,2.3746,270921599
crypto,NEAR-USD,2026-09-13,2.3786,2.2823,2.2993,229029509
crypto,NEAR-USD,2026-09-14,2.5881,2.2849,2.4648,428535388
crypto,NEAR-USD,2026-09-15,2.4834,2.3063,2.3349,400700128
crypto,NEAR-USD,2026-09-16,2.5677,2.3015,2.5797,581675648
crypto,USDE29470-USD,2026-09-10,1,0.99945,0.99977,117220825
crypto,USDE29470-USD,2026-09-11,1,0.99944,0.99981,57764727
crypto,USDE29470-USD,2026-09-12,1,0.9997,0.99985,15589326
crypto,USDE29470-USD,2026-09-13,0.99992,0.99952,0.99965,20292682
crypto,USDE29470-USD,2026-09-14,0.99997,0.99941,0.99983,34349402
crypto,USDE29470-USD,2026-09-15,0.99992,0.99917,0.99934,51424159
crypto,USDE29470-USD,2026-09-16,0.99961,0.99912,0.9992,73692600
crypto,POL28321-USD,2026-09-10,0.098185,0.09052,0.09204,71438691
crypto,POL28321-USD,2026-09-11,0.097924,0.091788,0.097329,109808172
crypto,POL28321-USD,2026-09-12,0.097438,0.095834,0.096536,36414940
crypto,POL28321-USD,2026-09-13,0.0976,0.09499,0.095889,39329099
crypto,POL28321-USD,2026-09-14,0.098497,0.095598,0.096478,94008545
crypto,POL28321-USD,2026-09-15,0.098221,0.092105,0.093096,118644083
crypto,POL28321-USD,2026-09-16,0.096888,0.090904,0.09289,153953552
crypto,UNI7083-USD,2026-09-10,6.1983,5.8642,5.9461,471915714
crypto,UNI7083-USD,2026-09-11,6.4915,5.9151,5.9959,552240592
crypto,UNI7083-USD,2026-09-12,6.5391,5.9926,6.372,351364516
crypto,UNI7083-USD,2026-09-13,6.4736,6.111,6.1146,262246986
crypto,UNI7083-USD,2026-09-14,6.783,6.1069,6.5297,487998870
crypto,UNI7083-USD,2026-09-15,6.807,6.1842,6.376,794228758
crypto,UNI7083-USD,2026-09-16,6.45,6.0229,6.4176,648520832
currency,DX-Y.NYB,2026-09-10,99.2,98.71,99.09,
currency,DX-Y.NYB,2026-09-11,99.37,98.97,99.12,
currency,DX-Y.NYB,2026-09-14,99.74,99.07,99.46,
currency,DX-Y.NYB,2026-09-15,99.69,99.48,99.65,
currency,DX-Y.NYB,2026-09-16,100.331,99.537,100.255,
currency,EURUSD=X,2026-09-10,1.1643,1.1593,1.1634,
currency,EURUSD=X,2026-09-11,1.162,1.1572,1.161,
currency,EURUSD=X,2026-09-14,1.1596,1.1524,1.1594,
currency,EURUSD=X,2026-09-15,1.1553,1.1528,1.1549,
currency,EURUSD=X,2026-09-16,1.1559,1.1467,1.1474,
currency,JPY=X,2026-09-10,154.622,153.309,153.573,
currency,JPY=X,2026-09-11,154.58,153.306,154.482,
currency,JPY=X,2026-09-14,154.99,153.378,153.424,
currency,JPY=X,2026-09-15,155.223,154.414,154.385,
currency,JPY=X,2026-09-16,156.197,154.817,156.165,
currency,GBPUSD=X,2026-09-10,1.3561,1.3493,1.3552,
currency,GBPUSD=X,2026-09-11,1.3533,1.3485,1.3509,
currency,GBPUSD=X,2026-09-14,1.3528,1.3465,1.3526,
currency,GBPUSD=X,2026-09-15,1.3503,1.3465,1.3501,
currency,GBPUSD=X,2026-09-16,1.3495,1.3375,1.3385,
currency,CHF=X,2026-09-10,0.81465,0.8082,0.81,
currency,CHF=X,2026-09-11,0.81691,0.8124,0.81322,
currency,CHF=X,2026-09-14,0.81946,0.81619,0.81665,
currency,CHF=X,2026-09-15,0.81986,0.81674,0.8171,
currency,CHF=X,2026-09-16,0.82572,0.81747,0.82486,
currency,AUDUSD=X,2026-09-10,0.7225,0.71578,0.72209,
currency,AUDUSD=X,2026-09-11,0.7188,0.71508,0.7156,
currency,AUDUSD=X,2026-09-14,0.71592,0.71092,0.7152,
currency,AUDUSD=X,2026-09-15,0.7139,0.71174,0.71378,
currency,AUDUSD=X,2026-09-16,0.71388,0.70796,0.70932,
currency,CAD=X,2026-09-10,1.3835,1.3801,1.3805,
currency,CAD=X,2026-09-11,1.3883,1.3832,1.3835,
currency,CAD=X,2026-09-14,1.3929,1.3863,1.3867,
currency,CAD=X,2026-09-15,1.3927,1.3898,1.39,
currency,CAD=X,2026-09-16,1.3995,1.3912,1.3986,
currency,INR=X,2026-09-10,95.6582,95.0733,95.1118,
currency,INR=X,2026-09-11,95.8098,95.4857,95.6945,
currency,INR=X,2026-09-14,95.9412,94.4876,95.0328,
currency,INR=X,2026-09-15,95.9527,95.5753,95.8354,
currency,INR=X,2026-09-16,95.9775,95.83,95.95,
currency,KRW=X,2026-09-10,1346.65,1335.12,1339.17,
currency,KRW=X,2026-09-11,1348.8,1335.61,1348.17,
currency,KRW=X,2026-09-14,1349.85,1342.85,1344.64,
currency,KRW=X,2026-09-15,1364.55,1344.86,1345.61,
currency,KRW=X,2026-09-16,1378.4,1361.2,1377.71,
currency,SEK=X,2026-09-10,9.6823,9.5741,9.5902,
currency,SEK=X,2026-09-11,9.7195,9.667,9.6858,
currency,SEK=X,2026-09-14,9.8003,9.7033,9.7034,
currency,SEK=X,2026-09-15,9.7888,9.7581,9.7612,
currency,SEK=X,2026-09-16,9.8741,9.7404,9.8567,
currency,MXN=X,2026-09-10,17.013,16.8724,16.8904,
currency,MXN=X,2026-09-11,17.0003,16.9279,16.9849,
currency,MXN=X,2026-09-14,17.1882,16.9675,16.9756,
currency,MXN=X,2026-09-15,17.1891,17.0981,17.1208,
currency,MXN=X,2026-09-16,17.269,17.101,17.2412,
currency,NZDUSD=X,2026-09-10,0.58574,0.5799,0.58448,
currency,NZDUSD=X,2026-09-11,0.58356,0.58045,0.58056,
currency,NZDUSD=X,2026-09-14,0.5811,0.57585,0.5812,
currency,NZDUSD=X,2026-09-15,0.57802,0.5752,0.57786,
currency,NZDUSD=X,2026-09-16,0.5767,0.57071,0.57159,
currency,NOK=X,2026-09-10,9.2899,9.1845,9.1951,
currency,NOK=X,2026-09-11,9.3183,9.2709,9.2722,
currency,NOK=X,2026-09-14,9.3483,9.2891,9.2911,
currency,NOK=X,2026-09-15,9.3498,9.323,9.3261,
currency,NOK=X,2026-09-16,9.4341,9.3045,9.4229,
currency,TWD=X,2026-09-10,31.694,31.4523,31.464,
currency,TWD=X,2026-09-11,31.688,31.5747,31.635,
currency,TWD=X,2026-09-14,31.874,31.614,31.6762,
currency,TWD=X,2026-09-15,31.913,31.6938,31.7176,
currency,TWD=X,2026-09-16,31.921,31.713,31.831,
currency,BRL=X,2026-09-10,5.1432,5.0827,5.1034,
currency,BRL=X,2026-09-11,5.1161,5.0711,5.1028,
currency,BRL=X,2026-09-14,5.1798,5.1112,5.1112,
currency,BRL=X,2026-09-15,5.1593,5.1204,5.138,
currency,BRL=X,2026-09-16,5.1661,5.1341,5.1542,
currency,ZAR=X,2026-09-10,16.2014,16.011,16.0395,
currency,ZAR=X,2026-09-11,16.2204,16.0921,16.2026,
currency,ZAR=X,2026-09-14,16.3391,16.1539,16.1783,
currency,ZAR=X,2026-09-15,16.3442,16.2166,16.2481,
currency,ZAR=X,2026-09-16,16.4084,16.205,16.3637,
currency,PLN=X,2026-09-10,3.7318,3.7029,3.7077,
currency,PLN=X,2026-09-11,3.7372,3.7191,3.7241,
currency,PLN=X,2026-09-14,3.7712,3.7271,3.7262,
currency,PLN=X,2026-09-15,3.7693,3.7538,3.7547,
currency,PLN=X,2026-09-16,3.808,3.7551,3.8023,
currency,DKK=X,2026-09-10,6.4479,6.4206,6.4247,
currency,DKK=X,2026-09-11,6.4588,6.4337,6.438,
currency,DKK=X,2026-09-14,6.487,6.4461,6.4464,
currency,DKK=X,2026-09-15,6.4847,6.4709,6.4728,
currency,DKK=X,2026-09-16,6.5213,6.4682,6.5171,
currency,IDR=X,2026-09-10,17596,17493,17501,
currency,IDR=X,2026-09-11,17627,17541,17588.0996,
currency,IDR=X,2026-09-14,17687,17588,17630,
currency,IDR=X,2026-09-15,17699.9004,17631,17636,
currency,IDR=X,2026-09-16,17715,17675,17675,
currency,TRY=X,2026-09-10,48.499,48.4778,48.4873,
currency,TRY=X,2026-09-11,48.6046,48.5615,48.5921,
currency,TRY=X,2026-09-14,48.6223,48.2008,48.6087,
currency,TRY=X,2026-09-15,48.6399,48.62,48.6243,
currency,TRY=X,2026-09-16,48.6724,48.5492,48.6349,
currency,THB=X,2026-09-10,33.109,32.86,32.92,
currency,THB=X,2026-09-11,33.171,32.952,33.15,
currency,THB=X,2026-09-14,33.313,33.02,33.09,
currency,THB=X,2026-09-15,33.317,33.188,33.22,
currency,THB=X,2026-09-16,33.39,33.19,33.37,
currency,ILS=X,2026-09-10,3.0471,3.0161,3.0196,
currency,ILS=X,2026-09-11,3.0514,3.023,3.0457,
currency,ILS=X,2026-09-14,3.0598,3.0398,3.0304,
currency,ILS=X,2026-09-15,3.0551,3.0333,3.0522,
currency,ILS=X,2026-09-16,3.0533,3.0208,3.0477,
currency,HUF=X,2026-09-10,315.625,311.7,312.554,
currency,HUF=X,2026-09-11,315.058,312.495,314.296,
currency,HUF=X,2026-09-14,318.783,313.194,313.258,
currency,HUF=X,2026-09-15,318.617,315.76,315.865,
currency,HUF=X,2026-09-16,319.143,314.826,318.52,
currency,CZK=X,2026-09-10,20.9233,20.8043,20.8473,
currency,CZK=X,2026-09-11,20.949,20.8348,20.8729,
currency,CZK=X,2026-09-14,21.0905,20.8885,20.885,
currency,CZK=X,2026-09-15,21.076,20.9979,20.9932,
currency,CZK=X,2026-09-16,21.225,21.008,21.1976,
currency,CLP=X,2026-09-10,935.95,926.14,926.19,
currency,CLP=X,2026-09-11,943.76,937.04,940.32,
currency,CLP=X,2026-09-14,955.3,938.97,935.83,
currency,CLP=X,2026-09-15,955.39,952.05,954.95,
currency,CLP=X,2026-09-16,957.73,950.48,954.2,
currency,PHP=X,2026-09-10,62.66,62.349,62.465,
currency,PHP=X,2026-09-11,62.735,62.527,62.625,
currency,PHP=X,2026-09-14,62.96,62.692,62.692,
currency,PHP=X,2026-09-15,62.941,62.566,62.737,
currency,PHP=X,2026-09-16,62.83,62.645,62.72,
currency,COP=X,2026-09-10,3133.1699,3087.3899,3109.51,
currency,COP=X,2026-09-11,3101.8601,3081.6599,3101.55,
currency,COP=X,2026-09-14,3125.7,3089.45,3091.6599,
currency,COP=X,2026-09-15,3114.48,3099.0901,3114.48,
currency,COP=X,2026-09-16,3150.3,3099.99,3134.99,
equity,INE002A01018,2026-09-07,1324.2,1301.9,1309.5,10210522
equity,INE002A01018,2026-09-08,1306.8,1288,1294.9,9799528
equity,INE002A01018,2026-09-09,1294.7,1277.2,1279,12152819
equity,INE002A01018,2026-09-10,1285.3,1266.3,1274,9296079
equity,INE002A01018,2026-09-11,1267.4,1253,1257.5,8777736
equity,INE002A01018,2026-09-14,1257.5,1257.5,1257.5,
equity,INE002A01018,2026-09-15,1259.4,1235.3,1235.3,13754376
equity,INE002A01018,2026-09-16,1255,1240,1240,10022513
equity,INE397D01024,2026-09-07,1855.5,1830.4,1854,5972458
equity,INE397D01024,2026-09-08,1848.8,1829,1844,4169706
equity,INE397D01024,2026-09-09,1834.8,1813,1814.7,5574027
equity,INE397D01024,2026-09-10,1849,1814,1839,4588126
equity,INE397D01024,2026-09-11,1852,1830.5,1831.1,4181325
equity,INE397D01024,2026-09-14,1831.1,1831.1,1831.1,
equity,INE397D01024,2026-09-15,1844,1819.6,1830.4,4066471
equity,INE397D01024,2026-09-16,1838,1818.6,1835,2924786
equity,INE040A01034,2026-09-07,713,707.05,710.5,12180390
equity,INE040A01034,2026-09-08,708.9,703,703,19883515
equity,INE040A01034,2026-09-09,700,687.1,687.1,39173990
equity,INE040A01034,2026-09-10,694.5,686.2,693.8,27108053
equity,INE040A01034,2026-09-11,709,681.9,708.25,31411934
equity,INE040A01034,2026-09-14,708.25,708.25,708.25,
equity,INE040A01034,2026-09-15,730.75,715.05,716.55,50387632
equity,INE040A01034,2026-09-16,725.4,710.85,721.5,27464411
equity,INE090A01021,2026-09-07,1434.4,1422.6,1427.5,8035111
equity,INE090A01021,2026-09-08,1424.9,1396.3,1399.4,12123411
equity,INE090A01021,2026-09-09,1402.5,1385.5,1389.1,14229080
equity,INE090A01021,2026-09-10,1393,1373.9,1384.5,10580641
equity,INE090A01021,2026-09-11,1389,1367.6,1379.3,7064417
equity,INE090A01021,2026-09-14,1379.3,1379.3,1379.3,
equity,INE090A01021,2026-09-15,1390,1350.4,1350.4,10133488
equity,INE090A01021,2026-09-16,1361.4,1348,1358.8,9625098
equity,INE062A01020,2026-09-07,1021.7,1000.6,1005.9,10220001
equity,INE062A01020,2026-09-08,1011.2,1002.1,1008,7084768
equity,INE062A01020,2026-09-09,1012.2,992.4,1000.5,7091386
equity,INE062A01020,2026-09-10,1011.9,1001,1009.7,5504031
equity,INE062A01020,2026-09-11,1001.9,993,995.7,7771109
equity,INE062A01020,2026-09-14,995.7,995.7,995.7,
equity,INE062A01020,2026-09-15,999.8,968,968,10004115
equity,INE062A01020,2026-09-16,991.4,973.2,991.4,8608608
equity,INE467B01029,2026-09-07,2299.8999,2260.1001,2270,2297551
equity,INE467B01029,2026-09-08,2274.5,2244,2255.5,2148114
equity,INE467B01029,2026-09-09,2237,2193.2,2208,3370071
equity,INE467B01029,2026-09-10,2232,2190.6001,2204.1001,2490912
equity,INE467B01029,2026-09-11,2232.6001,2185.5,2200.8,2634124
equity,INE467B01029,2026-09-14,2200.8,2200.8,2200.8,
equity,INE467B01029,2026-09-15,2323,2251,2251,5406210
equity,INE467B01029,2026-09-16,2273.8999,2172,2188.8,2762215
equity,INE296A01032,2026-09-07,1070,1054.3,1060,3586860
equity,INE296A01032,2026-09-08,1059.6,1050,1054.1,3608327
equity,INE296A01032,2026-09-09,1060.1,1038.5,1039.3,9244698
equity,INE296A01032,2026-09-10,1048.7,1036.5,1043.5,3902988
equity,INE296A01032,2026-09-11,1035,1015.1,1034.5,5411299
equity,INE296A01032,2026-09-14,1034.5,1034.5,1034.5,
equity,INE296A01032,2026-09-15,1038.6,1005.5,1009.2,5792124
equity,INE296A01032,2026-09-16,1019.3,1006.2,1006.2,4189715
equity,INE018A01030,2026-09-07,4004.8999,3960.8999,3999,1256683
equity,INE018A01030,2026-09-08,3988.7,3946.1001,3946.1001,1200872
equity,INE018A01030,2026-09-09,4020.2,3922.6001,3922.6001,2954721
equity,INE018A01030,2026-09-10,3965.5,3910,3955,1376951
equity,INE018A01030,2026-09-11,3948,3880.7,3930.7,1195489
equity,INE018A01030,2026-09-14,3930.7,3930.7,3930.7,
equity,INE018A01030,2026-09-15,3959,3835.7,3850.7,1848703
equity,INE018A01030,2026-09-16,3867.8999,3799.8999,3807.7,2037439
equity,INE0J1Y01017,2026-09-07,419.6,410.25,411.5,2694855
equity,INE0J1Y01017,2026-09-08,416.25,409.75,410.75,6844270
equity,INE0J1Y01017,2026-09-09,410.95,406.55,407.5,5491468
equity,INE0J1Y01017,2026-09-10,407.65,402.35,405.6,7670673
equity,INE0J1Y01017,2026-09-11,405.65,400.25,404.1,8144654
equity,INE0J1Y01017,2026-09-14,404.1,404.1,404.1,
equity,INE0J1Y01017,2026-09-15,404.7,390.65,391.5,12174521
equity,INE0J1Y01017,2026-09-16,395.5,386.5,395.5,7014948
equity,INE030A01027,2026-09-08,1990.8,1956.7,1980,1256067
equity,INE030A01027,2026-09-09,1979.6,1936,1945,1455307
equity,INE030A01027,2026-09-10,1950,1936,1942.3,1232506
equity,INE030A01027,2026-09-11,1946.6,1926.2,1927,1100313
equity,INE030A01027,2026-09-14,1927,1927,1927,
equity,INE030A01027,2026-09-15,1969.4,1933.8,1938.1,1715702
equity,INE030A01027,2026-09-16,1977,1943.5,1962,1012539
equity,INE009A01021,2026-09-07,1109.9,1085,1087.5,7668346
equity,INE009A01021,2026-09-08,1095,1078.9,1082,6269037
equity,INE009A01021,2026-09-09,1059,1026.5,1035,13530457
equity,INE009A01021,2026-09-10,1046.6,1027.3,1036.5,8998529
equity,INE009A01021,2026-09-11,1047.3,1029.7,1037.7,6168088
equity,INE009A01021,2026-09-14,1037.7,1037.7,1037.7,
equity,INE009A01021,2026-09-15,1097.7,1071.7,1077,14816117
equity,INE009A01021,2026-09-16,1085.1,1053.5,1060,6229356
equity,INE044A01036,2026-09-07,1907.8,1883.1,1895,1579345
equity,INE044A01036,2026-09-08,1895.6,1876.8,1885.9,1422627
equity,INE044A01036,2026-09-09,1898.6,1864.9,1864.9,1396896
equity,INE044A01036,2026-09-10,1875.3,1840.5,1861,1178648
equity,INE044A01036,2026-09-11,1854.5,1834,1840,1445071
equity,INE044A01036,2026-09-14,1840,1840,1840,
equity,INE044A01036,2026-09-15,1856.8,1828,1835,1437151
equity,INE044A01036,2026-09-16,1857.4,1837,1853.5,1370576
equity,INE280A01028,2026-09-07,5028,4958.5,4995,480336
equity,INE280A01028,2026-09-08,5015.5,4969,4987,432671
equity,INE280A01028,2026-09-09,5019,4968,5005,502050
equity,INE280A01028,2026-09-10,5021,4974.5,5021,336565
equity,INE280A01028,2026-09-11,5015,4943,5009.5,403235
equity,INE280A01028,2026-09-14,5009.5,5009.5,5009.5,
equity,INE280A01028,2026-09-15,5003,4856,4856,504447
equity,INE280A01028,2026-09-16,4921.5,4845,4908.5,376030
equity,INE237A01036,2026-09-07,425.7,421,422.1,7148641
equity,INE237A01036,2026-09-08,423.85,419,419.25,12406799
equity,INE237A01036,2026-09-09,420.65,413.95,414,10886349
equity,INE237A01036,2026-09-10,416.55,412.8,416.55,7755254
equity,INE237A01036,2026-09-11,420,409.25,419,15197483
equity,INE237A01036,2026-09-14,419,419,419,
equity,INE237A01036,2026-09-15,420.5,409.8,409.8,14367343
equity,INE237A01036,2026-09-16,417.05,409.35,415,10898176
equity,INE814H01029,2026-09-07,208.65,204.16,204.49,9839611
equity,INE814H01029,2026-09-08,209.4,204.12,208.4,17837173
equity,INE814H01029,2026-09-09,216.1,206.5,214.9,33227588
equity,INE814H01029,2026-09-10,215.28,212.5,213.5,18719604
equity,INE814H01029,2026-09-11,212.48,208.41,209.97,10271412
equity,INE814H01029,2026-09-14,209.97,209.97,209.97,
equity,INE814H01029,2026-09-15,212,201.4,202,14417003
equity,INE814H01029,2026-09-16,205,200.4,202.34,12100342
equity,INE585B01010,2026-09-07,12833,12618,12760,413778
equity,INE585B01010,2026-09-08,12758,12582,12641,356860
equity,INE585B01010,2026-09-09,12692,12537,12618,534832
equity,INE585B01010,2026-09-10,12693,12517,12590,338613
equity,INE585B01010,2026-09-11,12541,12381,12400,514868
equity,INE585B01010,2026-09-14,12400,12400,12400,
equity,INE585B01010,2026-09-15,12470,12231,12231,286167
equity,INE585B01010,2026-09-16,12367,12159,12166,312805
equity,INE423A01024,2026-09-07,2964.3999,2918.5,2950,981218
equity,INE423A01024,2026-09-08,2968.8,2918,2953.1001,971374
equity,INE423A01024,2026-09-09,3142,2935.2,3104.7,5320594
equity,INE423A01024,2026-09-10,3114.5,3041.1001,3077.2,1716315
equity,INE423A01024,2026-09-11,3065,2999,3060,1815342
equity,INE423A01024,2026-09-14,3060,3060,3060,
equity,INE423A01024,2026-09-15,3083.7,2921.3,2928.6001,1783310
equity,INE423A01024,2026-09-16,2972.8999,2914.3,2920,764455
equity,INE238A01034,2026-09-08,1264.9,1239.5,1244.9,3623260
equity,INE238A01034,2026-09-09,1257.4,1234.7,1238.5,6679663
equity,INE238A01034,2026-09-10,1255.2,1240.4,1246,4150654
equity,INE238A01034,2026-09-11,1252.8,1229.8,1246,4562285
equity,INE238A01034,2026-09-14,1246,1246,1246,
equity,INE238A01034,2026-09-15,1254,1219.9,1222.9,5698466
equity,INE238A01034,2026-09-16,1252.5,1223.7,1241,5799328
equity,INE101A01026,2026-09-07,3178,3145,3160,1715004
equity,INE101A01026,2026-09-08,3163,3096.3,3160,1784671
equity,INE101A01026,2026-09-09,3151.3,3118,3150,1050769
equity,INE101A01026,2026-09-10,3146.8999,3097.7,3123.8,2140618
equity,INE101A01026,2026-09-11,3124.2,3069.1001,3107,1311484
equity,INE101A01026,2026-09-14,3107,3107,3107,
equity,INE101A01026,2026-09-15,3119.6001,3029.5,3029.5,2176832
equity,INE101A01026,2026-09-16,3105.8999,3044.6001,3070,2390530
equity,INE742F01042,2026-09-08,1713.1,1685.2,1710,1217135
equity,INE742F01042,2026-09-09,1785.9,1706,1775,5527528
equity,INE742F01042,2026-09-10,1780,1750.4,1768,2777377
equity,INE742F01042,2026-09-11,1771.9,1750.8,1764.6,1674823
equity,INE742F01042,2026-09-14,1764.6,1764.6,1764.6,
equity,INE742F01042,2026-09-15,1791.4,1713.8,1713.8,1610729
equity,INE742F01042,2026-09-16,1737.9,1707,1723.8,1060239
equity,INE860A01027,2026-09-07,1286.8,1263,1282.8,2008363
equity,INE860A01027,2026-09-08,1290,1268.2,1277,2241262
equity,INE860A01027,2026-09-09,1264.8,1222.7,1229.8,2099173
equity,INE860A01027,2026-09-10,1237,1196.9,1207,2197859
equity,INE860A01027,2026-09-11,1223.4,1195.7,1206.1,2272845
equity,INE860A01027,2026-09-14,1206.1,1206.1,1206.1,
equity,INE860A01027,2026-09-15,1290,1250,1253.7,4443984
equity,INE860A01027,2026-09-16,1284.6,1244.9,1253,3048581
equity,INE481G01011,2026-09-07,11370,11175,11175,214788
equity,INE481G01011,2026-09-08,11215,10995,11009,338272
equity,INE481G01011,2026-09-09,10998,10860,10900,325637
equity,INE481G01011,2026-09-10,10979,10858,10979,270894
equity,INE481G01011,2026-09-11,11060,10790,11000,223277
equity,INE481G01011,2026-09-14,11000,11000,11000,
equity,INE481G01011,2026-09-15,11045,10697,10697,335172
equity,INE481G01011,2026-09-16,10880,10639,10700,236780
equity,INE917I01010,2026-09-07,11860,11727,11800,106111
equity,INE917I01010,2026-09-08,11883,11716,11880,192942
equity,INE917I01010,2026-09-09,11896,11740,11790,119472
equity,INE917I01010,2026-09-10,11820,11673,11768,121394
equity,INE917I01010,2026-09-11,11723,11529,11678,214731
equity,INE917I01010,2026-09-14,11678,11678,11678,
equity,INE917I01010,2026-09-15,11709,11416,11424,236796
equity,INE917I01010,2026-09-16,11596,11379,11593,305526
equity,INE154A01025,2026-09-07,264.95,262.95,263.5,6688002
equity,INE154A01025,2026-09-08,265.9,262.7,263.5,7406617
equity,INE154A01025,2026-09-09,264.5,260.2,260.8,10065188
equity,INE154A01025,2026-09-10,263.9,259.1,259.3,17541602
equity,INE154A01025,2026-09-11,261.65,257.7,259.85,11116049
equity,INE154A01025,2026-09-14,259.85,259.85,259.85,
equity,INE154A01025,2026-09-15,264.2,258,258,12133201
equity,INE154A01025,2026-09-16,264.9,259.3,264.15,15194790
equity,INE066F01020,2026-09-08,5072,4903.7002,5031.1001,2553021
equity,INE066F01020,2026-09-09,5097.3999,5000.5,5000.5,1669937
equity,INE066F01020,2026-09-10,5052.3999,4914.6001,4950,688500
equity,INE066F01020,2026-09-11,4930,4875,4905,762754
equity,INE066F01020,2026-09-14,4905,4905,4905,
equity,INE066F01020,2026-09-15,4940,4674,4695,809202
equity,INE066F01020,2026-09-16,4709.6001,4615.7998,4695.6001,679241
equity,INE019A01038,2026-09-07,1335,1301,1302,1276231
equity,INE019A01038,2026-09-08,1315,1295.7,1297.3,1345313
equity,INE019A01038,2026-09-09,1313,1290.1,1310,1484708
equity,INE019A01038,2026-09-10,1311.3,1292.7,1304,1102536
equity,INE019A01038,2026-09-11,1286.9,1265,1265,1580944
equity,INE019A01038,2026-09-14,1265,1265,1265,
equity,INE019A01038,2026-09-15,1267.7,1229.2,1229.2,1030088
equity,INE019A01038,2026-09-16,1250.2,1227,1248.9,1803571
equity,INE733E01010,2026-09-07,333.8,330.35,332,5245813
equity,INE733E01010,2026-09-08,333.2,328.65,330.8,7351373
equity,INE733E01010,2026-09-09,337.5,330.9,334.5,11795145
equity,INE733E01010,2026-09-10,335.7,333.1,335,6905905
equity,INE733E01010,2026-09-11,336.25,331.6,333.4,4968535
equity,INE733E01010,2026-09-14,333.4,333.4,333.4,
equity,INE733E01010,2026-09-15,333.3,326.4,329.5,8445501
equity,INE733E01010,2026-09-16,329.95,326.55,327,6555380
equity,INE918I01026,2026-09-07,1973,1938.6,1938.6,502611
equity,INE918I01026,2026-09-08,1951.9,1933,1938.1,707710
equity,INE918I01026,2026-09-09,1951.9,1921.5,1927,617280
equity,INE918I01026,2026-09-10,1942.7,1921.1,1940.5,658197
equity,INE918I01026,2026-09-11,1926,1895,1913.5,762375
equity,INE918I01026,2026-09-15,1930.6,1855.5,1855.5,486164
equity,INE918I01026,2026-09-16,1874.8,1832.9,1837,613752
equity,INE758T01015,2026-09-08,324.3,320.5,321.6,10662039
equity,INE758T01015,2026-09-09,322.55,318,320.6,22599551
equity,INE758T01015,2026-09-10,322.9,317.55,322.1,15557911
equity,INE758T01015,2026-09-11,324.8,316.05,323.5,22712054
equity,INE758T01015,2026-09-14,323.5,323.5,323.5,
equity,INE758T01015,2026-09-15,327.95,314.65,315.25,12538697
equity,INE758T01015,2026-09-16,318.35,310.8,317,11284583
equity,INE263A01024,2026-09-07,409.25,404,404,5965784
equity,INE263A01024,2026-09-08,416,406.5,410.55,23225496
equity,INE263A01024,2026-09-09,413.85,406,406,10899391
equity,INE263A01024,2026-09-10,407.2,402,405,8716895
equity,INE263A01024,2026-09-11,405.4,399.25,404.35,7805974
equity,INE263A01024,2026-09-14,404.35,404.35,404.35,
equity,INE263A01024,2026-09-15,403.65,382.9,382.9,16741114
equity,INE263A01024,2026-09-16,390.2,382.1,385.75,10133817
equity,INE213A01029,2026-09-07,235.98,232.77,233.7,5391548
equity,INE213A01029,2026-09-08,238,232.22,236,7965065
equity,INE213A01029,2026-09-09,239.27,234.02,234.02,12781171
equity,INE213A01029,2026-09-10,239.8,235.6,237.27,12771340
equity,INE213A01029,2026-09-11,243.16,232.5,232.5,27128531
equity,INE213A01029,2026-09-14,232.5,232.5,232.5,
equity,INE213A01029,2026-09-15,236.3,233.33,235.95,14549134
equity,INE213A01029,2026-09-16,236.8,233.31,236.8,8745452
equity,INE239A01024,2026-09-07,1405.7,1392.9,1398,897310
equity,INE239A01024,2026-09-08,1415.1,1392.9,1400.5,1260068
equity,INE239A01024,2026-09-09,1405.9,1389.2,1393,994121
equity,INE239A01024,2026-09-10,1402.8,1377.7,1386.2,568997
equity,INE239A01024,2026-09-11,1401.2,1373.5,1383.3,1238699
equity,INE239A01024,2026-09-14,1383.3,1383.3,1383.3,
equity,INE239A01024,2026-09-15,1395,1362,1362,1597455
equity,INE239A01024,2026-09-16,1397,1368.7,1384.5,1631854
equity,INE522F01014,2026-09-07,420.3,413.3,418.85,13592701
equity,INE522F01014,2026-09-08,423.6,416.05,420.25,5273145
equity,INE522F01014,2026-09-09,435.35,419.8,431,22791556
equity,INE522F01014,2026-09-10,436.3,430,432,8811171
equity,INE522F01014,2026-09-11,434.3,424.2,426.4,3868222
equity,INE522F01014,2026-09-14,426.4,426.4,426.4,
equity,INE522F01014,2026-09-15,427,418,419.25,6128458
equity,INE522F01014,2026-09-16,423.45,417.6,422.25,7048438
equity,INE267A01025,2026-09-07,598,587.5,589.15,3801807
equity,INE267A01025,2026-09-08,606.7,593,595.5,6893194
equity,INE267A01025,2026-09-09,608.75,593.1,605.4,6313228
equity,INE267A01025,2026-09-10,610.9,592.25,593.6,4559807
equity,INE267A01025,2026-09-11,583.3,565.55,576.45,7158790
equity,INE267A01025,2026-09-14,576.45,576.45,576.45,
equity,INE267A01025,2026-09-15,574.95,560.9,560.9,2402454
equity,INE267A01025,2026-09-16,573.55,561.2,567.5,2901860
equity,INE752E01010,2026-09-08,267.25,263,265.75,7385483
equity,INE752E01010,2026-09-09,269.25,264.5,265.85,11738891
equity,INE752E01010,2026-09-10,271.75,265.3,271.75,12187656
equity,INE752E01010,2026-09-11,274.05,268.35,269.1,11423068
equity,INE752E01010,2026-09-14,269.1,269.1,269.1,
equity,INE752E01010,2026-09-15,268.5,262.8,262.8,10519594
equity,INE752E01010,2026-09-16,266.35,262.8,262.8,7131782
equity,INE192R01011,2026-09-07,3768.8999,3682.3,3710,303872
equity,INE192R01011,2026-09-08,3743,3680.5,3720.2,500898
equity,INE192R01011,2026-09-09,3750,3705,3735,183727
equity,INE192R01011,2026-09-10,3735,3664,3690,265194
equity,INE192R01011,2026-09-11,3706.2,3650,3688,710188
equity,INE192R01011,2026-09-14,3688,3688,3688,
equity,INE192R01011,2026-09-15,3735.8999,3680,3680,496744
equity,INE192R01011,2026-09-16,3730,3670,3720,464445
equity,INE721A01047,2026-09-07,1046.1,1029.3,1037,1812019
equity,INE721A01047,2026-09-08,1031.9,1017.2,1029,2574351
equity,INE721A01047,2026-09-09,1034.8,1013,1029,3641454
equity,INE721A01047,2026-09-10,1039,1020.9,1038,2757241
equity,INE721A01047,2026-09-11,1034.5,1013.2,1028.6,3171217
equity,INE721A01047,2026-09-14,1028.6,1028.6,1028.6,
equity,INE721A01047,2026-09-15,1044.9,979.8,979.8,5927612
equity,INE721A01047,2026-09-16,990.3,972.6,979,7221039
equity,INE021A01026,2026-09-07,2523.5,2489.7,2500.8999,240336
equity,INE021A01026,2026-09-08,2499,2474.1001,2481.6001,373248
equity,INE021A01026,2026-09-09,2489,2457.3999,2489,432840
equity,INE021A01026,2026-09-10,2498.1001,2468.6001,2498.1001,549332
equity,INE021A01026,2026-09-11,2472.5,2442.8,2472.5,653006
equity,INE021A01026,2026-09-14,2472.5,2472.5,2472.5,
equity,INE021A01026,2026-09-15,2473,2402.8,2402.8,539643
equity,INE021A01026,2026-09-16,2444.5,2397.3999,2416.6001,591549
equity,INE361B01024,2026-09-07,9315,9119.5,9315,502162
equity,INE361B01024,2026-09-08,9588,9253,9575,838906
equity,INE361B01024,2026-09-09,9615,9410,9488,385273
equity,INE361B01024,2026-09-10,9604,9386.5,9438.5,338181
equity,INE361B01024,2026-09-11,9415,9310.5,9322,516756
equity,INE361B01024,2026-09-14,9322,9322,9322,
equity,INE361B01024,2026-09-15,9397.5,9118.5,9198,380826
equity,INE361B01024,2026-09-16,9180,8923,9158,878286
equity,INE081A01020,2026-09-07,190.24,184.37,185.61,23695657
equity,INE081A01020,2026-09-08,186.5,183.61,184.15,24272812
equity,INE081A01020,2026-09-09,190.26,183.41,188.75,45985325
equity,INE081A01020,2026-09-10,189,185,186.78,23334612
equity,INE081A01020,2026-09-11,184.24,180.79,183,31510206
equity,INE081A01020,2026-09-14,183,183,183,
equity,INE081A01020,2026-09-15,186.49,182.38,183.65,31857708
equity,INE081A01020,2026-09-16,185.4,180.28,183,29471476
equity,INE038A01020,2026-09-08,1024.7,1007.5,1009,3094146
equity,INE038A01020,2026-09-09,1032.4,1010.7,1026.9,3255790
equity,INE038A01020,2026-09-10,1029.5,1007.8,1014,2172772
equity,INE038A01020,2026-09-11,992.8,973.1,981.5,4754493
equity,INE038A01020,2026-09-14,981.5,981.5,981.5,
equity,INE038A01020,2026-09-15,981,958.7,958.7,2245506
equity,INE038A01020,2026-09-16,978.5,956.4,972.7,3439301
equity,INE047A01021,2026-09-08,3318.2,3277,3306.8,875447
equity,INE047A01021,2026-09-09,3320,3279,3300,850901
equity,INE047A01021,2026-09-10,3324.3999,3279.8999,3319,1056285
equity,INE047A01021,2026-09-11,3302.3999,3267,3281.8999,515990
equity,INE047A01021,2026-09-14,3281.8999,3281.8999,3281.8999,
equity,INE047A01021,2026-09-15,3272,3171,3171,1332882
equity,INE047A01021,2026-09-16,3201.8,3159.1001,3187,859852
equity,INE364U01010,2026-09-07,1309.8,1285,1288,685684
equity,INE364U01010,2026-09-08,1301.3,1275.5,1292,678024
equity,INE364U01010,2026-09-09,1339.7,1290,1315,2491107
equity,INE364U01010,2026-09-10,1322,1292,1299.1,1163355
equity,INE364U01010,2026-09-11,1302.4,1273.2,1281.3,997068
equity,INE364U01010,2026-09-14,1281.3,1281.3,1281.3,
equity,INE364U01010,2026-09-15,1294,1249,1255,980470
equity,INE364U01010,2026-09-16,1276.9,1245.6,1270.2,624913
equity,INE066A01021,2026-09-08,7747.5,7655,7747.5,461637
equity,INE066A01021,2026-09-09,7784.5,7664.5,7734.5,318638
equity,INE066A01021,2026-09-10,7746,7637.5,7697,289058
equity,INE066A01021,2026-09-11,7633,7530,7530,444280
equity,INE066A01021,2026-09-15,7570.5,7440,7452.5,353472
equity,INE066A01021,2026-09-16,7524.5,7406,7500,316254
equity,INE494B01023,2026-09-07,4159.8999,4100.7002,4132,353313
equity,INE494B01023,2026-09-08,4156.7998,4078,4133.2002,613492
equity,INE494B01023,2026-09-09,4217.5,4071.3,4151.1001,1044264
equity,INE494B01023,2026-09-10,4184.7998,4098.7002,4121.5,550990
equity,INE494B01023,2026-09-11,4151.8999,4062.8,4125,454748
equity,INE494B01023,2026-09-14,4125,4125,4125,
equity,INE494B01023,2026-09-15,4155,4022.1001,4050,496058
equity,INE494B01023,2026-09-16,4078.5,4002,4033,439037
equity,INE242A01010,2026-09-07,137.5,135.15,135.15,5955660
equity,INE242A01010,2026-09-08,135.65,133.02,134.35,6954986
equity,INE242A01010,2026-09-09,136.14,133.06,135.6,5297849
equity,INE242A01010,2026-09-10,136.15,134.31,134.94,6629384
equity,INE242A01010,2026-09-11,136.16,133.25,135.11,7203039
equity,INE242A01010,2026-09-14,135.11,135.11,135.11,
equity,INE242A01010,2026-09-15,135.69,132.03,132.03,10870933
equity,INE242A01010,2026-09-16,134.97,131.7,134.75,10069199
equity,INE343H01029,2026-09-07,22200,21450,21950,227176
equity,INE343H01029,2026-09-08,22495,21925,22455,217218
equity,INE343H01029,2026-09-09,22625,22230,22355,94443
equity,INE343H01029,2026-09-10,22495,22180,22370,58690
equity,INE343H01029,2026-09-11,22500,22130,22290,148838
equity,INE343H01029,2026-09-14,22290,22290,22290,
equity,INE343H01029,2026-09-15,22700,19065,19250,1304570
equity,INE343H01029,2026-09-16,19460,18480,18900,525027
equity,INE646L01027,2026-09-08,5022.5,4952,5000,435589
equity,INE646L01027,2026-09-09,5009,4950,4975,443075
equity,INE646L01027,2026-09-10,4966,4877,4945,813491
equity,INE646L01027,2026-09-11,4973,4822,4973,923733
equity,INE646L01027,2026-09-14,4973,4973,4973,
equity,INE646L01027,2026-09-15,4963.5,4773,4776,860472
equity,INE646L01027,2026-09-16,4806,4701.5,4733.5,529260
equity,INE685A01028,2026-09-07,4915,4823,4914,229459
equity,INE685A01028,2026-09-08,4983.5,4887,4960,258478
equity,INE685A01028,2026-09-09,4992,4925,4930,165089
equity,INE685A01028,2026-09-10,5000,4921,4930,190249
equity,INE685A01028,2026-09-11,4988,4894,4965.5,263114
equity,INE685A01028,2026-09-14,4965.5,4965.5,4965.5,
equity,INE685A01028,2026-09-15,4959.5,4837.5,4850,397030
equity,INE685A01028,2026-09-16,4870,4755.5,4812.5,647796
equity,INE0V6F01027,2026-09-07,2224.5,2190.2,2210,508562
equity,INE0V6F01027,2026-09-08,2222,2198.8999,2220,485596
equity,INE0V6F01027,2026-09-09,2219.7,2152.5,2182.3999,587339
equity,INE0V6F01027,2026-09-10,2227,2170.3,2205,907669
equity,INE0V6F01027,2026-09-11,2195.5,2170.6001,2174,484805
equity,INE0V6F01027,2026-09-14,2174,2174,2174,
equity,INE0V6F01027,2026-09-15,2217.8999,2130.5,2140,451786
equity,INE0V6F01027,2026-09-16,2182,2135.3999,2155,732934
equity,INE123W01016,2026-09-07,1775,1727.8,1732,1155352
equity,INE123W01016,2026-09-08,1739.9,1696.6,1696.6,528949
equity,INE123W01016,2026-09-09,1703.6,1676,1684,1020022
equity,INE123W01016,2026-09-10,1706.2,1674.5,1700.6,855621
equity,INE123W01016,2026-09-11,1697.7,1671,1684.7,308631
equity,INE123W01016,2026-09-14,1684.7,1684.7,1684.7,
equity,INE123W01016,2026-09-15,1683.1,1652.9,1654.1,1139205
equity,INE123W01016,2026-09-16,1705,1656.4,1697.9,834906
equity,INE075A01022,2026-09-07,176.47,172.65,172.8,10720636
equity,INE075A01022,2026-09-08,172.9,171.13,171.5,6948945
equity,INE075A01022,2026-09-09,169.15,166.37,167,12001620
equity,INE075A01022,2026-09-10,169.19,166,166.3,9586645
equity,INE075A01022,2026-09-11,167.75,165.16,167.4,8484897
equity,INE075A01022,2026-09-14,167.4,167.4,167.4,
equity,INE075A01022,2026-09-15,173.35,169.01,170,11722173
equity,INE075A01022,2026-09-16,170.89,166.11,166.89,11022339
equity,INE931S01010,2026-09-07,1418.5,1387.8,1390.4,1342576
equity,INE931S01010,2026-09-08,1412,1370,1407.7,1308434
equity,INE931S01010,2026-09-09,1446,1396.5,1423.3,1914487
equity,INE931S01010,2026-09-10,1439.4,1382.1,1391.9,1412618
equity,INE931S01010,2026-09-11,1382,1364.2,1373,1154404
equity,INE931S01010,2026-09-14,1373,1373,1373,
equity,INE931S01010,2026-09-15,1379.8,1337,1347.5,822951
equity,INE931S01010,2026-09-16,1371.3,1341.6,1349.2,945880
equity,INE1CDF01017,2026-09-07,440,434.25,438.9,3188490
equity,INE1CDF01017,2026-09-08,443.9,435.5,436.6,4740328
equity,INE1CDF01017,2026-09-09,449.7,434,445.3,6748411
equity,INE1CDF01017,2026-09-10,449.6,436.1,437.05,4113436
equity,INE1CDF01017,2026-09-11,432,416.25,421.75,11587958
equity,INE1CDF01017,2026-09-14,421.75,421.75,421.75,
equity,INE1CDF01017,2026-09-15,423.95,403.9,406,8429673
equity,INE1CDF01017,2026-09-16,412.95,401.15,409.3,5419892
equity,INE775A01035,2026-09-07,164.65,160.12,162,15669796
equity,INE775A01035,2026-09-08,164.5,161.17,163.85,10426788
equity,INE775A01035,2026-09-09,165.04,162.5,163.7,6002467
equity,INE775A01035,2026-09-10,164.7,162.33,163.2,5599332
equity,INE775A01035,2026-09-11,165.58,160.71,164.45,13200183
equity,INE775A01035,2026-09-14,164.45,164.45,164.45,
equity,INE775A01035,2026-09-15,165.41,158.15,158.15,13755237
equity,INE775A01035,2026-09-16,160.4,156.4,158.27,8769030
equity,INE271C01023,2026-09-08,676.4,665,675.1,2425538
equity,INE271C01023,2026-09-09,672.1,654.7,655.1,17000327
equity,INE271C01023,2026-09-10,662.4,651.9,655.85,2509591
equity,INE271C01023,2026-09-11,651.4,630,644.5,4502321
equity,INE271C01023,2026-09-14,644.5,644.5,644.5,
equity,INE271C01023,2026-09-15,647.15,620.85,620.85,3668098
equity,INE271C01023,2026-09-16,628.3,611.5,622.8,2223292
equity,INE1TAE01010,2026-09-07,461.9,454.15,459.65,4403689
equity,INE1TAE01010,2026-09-08,460.45,453.25,456.05,4623711
equity,INE1TAE01010,2026-09-09,458.35,443.55,444.95,5681388
equity,INE1TAE01010,2026-09-10,445.2,437.5,439.25,4477525
equity,INE1TAE01010,2026-09-11,436.95,425.35,434.55,7109495
equity,INE1TAE01010,2026-09-14,434.55,434.55,434.55,
equity,INE1TAE01010,2026-09-15,446.7,424.05,427.15,4286778
equity,INE1TAE01010,2026-09-16,426.4,416,424.25,5085188
equity,INE318A01026,2026-09-07,1628.9,1575,1575,591643
equity,INE318A01026,2026-09-08,1593,1565,1593,738063
equity,INE318A01026,2026-09-09,1585.6,1566,1572,276995
equity,INE318A01026,2026-09-10,1577.9,1553.5,1569,475698
equity,INE318A01026,2026-09-11,1567.9,1540.4,1566.9,389368
equity,INE318A01026,2026-09-14,1566.9,1566.9,1566.9,
equity,INE318A01026,2026-09-15,1575.7,1521.1,1521.1,455854
equity,INE318A01026,2026-09-16,1546.9,1521.2,1543.8,573317
equity,INE669E01016,2026-09-07,15.68,15.06,15.6,695355022
equity,INE669E01016,2026-09-08,15.58,15.31,15.42,355940344
equity,INE669E01016,2026-09-09,15.79,15.2,15.52,539161681
equity,INE669E01016,2026-09-10,15.7,14.82,14.9,888431120
equity,INE669E01016,2026-09-11,15.2,14.84,14.97,547907103
equity,INE669E01016,2026-09-14,14.97,14.97,14.97,
equity,INE669E01016,2026-09-15,15.07,14.43,14.45,368743044
equity,INE669E01016,2026-09-16,14.49,14.13,14.26,307715639
equity,INE976I01016,2026-09-07,375.05,365.15,369.95,934265
equity,INE976I01016,2026-09-08,369.2,365.15,368.05,542958
equity,INE976I01016,2026-09-09,366.55,360.55,363,617731
equity,INE976I01016,2026-09-10,365.55,360.65,363.15,664000
equity,INE976I01016,2026-09-11,365.15,356.8,362.9,495348
equity,INE976I01016,2026-09-15,365,350.95,353.35,1237142
equity,INE976I01016,2026-09-16,355,342.1,343.5,1218592
equity,INE758E01017,2026-09-08,234.75,232.6,233.15,8934543
equity,INE758E01017,2026-09-09,232.97,230.63,231,10774282
equity,INE758E01017,2026-09-10,232.27,229.1,230.25,8980169
equity,INE758E01017,2026-09-11,231.37,226.44,229.9,22102551
equity,INE758E01017,2026-09-14,229.9,229.9,229.9,
equity,INE758E01017,2026-09-15,231.8,225.6,225.6,13273805
equity,INE758E01017,2026-09-16,228.22,224.84,224.84,11897305
equity,INE117A01022,2026-09-08,7472,7340,7387,167057
equity,INE117A01022,2026-09-09,7480,7361,7401.5,309539
equity,INE117A01022,2026-09-10,7418.5,7287,7329,93304
equity,INE117A01022,2026-09-11,7324,7173,7274,192422
equity,INE117A01022,2026-09-14,7274,7274,7274,
equity,INE117A01022,2026-09-15,7268,7005,7005,195095
equity,INE117A01022,2026-09-16,7051,6905.5,6980,115578
equity,INE669C01036,2026-09-07,1593.6,1545.3,1564,2028588
equity,INE669C01036,2026-09-08,1569.9,1541.4,1559,1575629
equity,INE669C01036,2026-09-09,1531,1498,1508,1329200
equity,INE669C01036,2026-09-10,1544.7,1498.1,1525.8,1405653
equity,INE669C01036,2026-09-11,1557.3,1518.6,1541,2007328
equity,INE669C01036,2026-09-15,1633.2,1575.9,1575.9,2577135
equity,INE669C01036,2026-09-16,1589.2,1548,1558,1472074
equity,INE121A01024,2026-09-08,1834,1810,1823.4,1040914
equity,INE121A01024,2026-09-09,1843.4,1809,1829,1079333
equity,INE121A01024,2026-09-10,1868.2,1804.2,1859,2679971
equity,INE121A01024,2026-09-11,1850.2,1795.1,1845.9,1505149
equity,INE121A01024,2026-09-14,1845.9,1845.9,1845.9,
equity,INE121A01024,2026-09-15,1842,1784.2,1791.6,1709145
equity,INE121A01024,2026-09-16,1800.7,1756.3,1765.6,1312950
equity,INE849A01020,2026-09-07,2854.3999,2772.5,2814.5,1021019
equity,INE849A01020,2026-09-08,2812.8,2770.3999,2793.6001,588825
equity,INE849A01020,2026-09-09,2841.8,2782,2820,601991
equity,INE849A01020,2026-09-10,2835,2800,2818.7,503802
equity,INE849A01020,2026-09-11,2816,2757.5,2802.3999,677898
equity,INE849A01020,2026-09-14,2802.3999,2802.3999,2802.3999,
equity,INE849A01020,2026-09-15,2817.6001,2730,2730,494769
equity,INE849A01020,2026-09-16,2799.2,2723.8999,2769.7,620013
equity,INE257A01026,2026-09-07,434.95,418.55,421.45,4092933
equity,INE257A01026,2026-09-08,426.7,419.85,422.15,4160694
equity,INE257A01026,2026-09-09,436,421.65,433.7,8487227
equity,INE257A01026,2026-09-10,435.45,427.05,429.5,3963862
equity,INE257A01026,2026-09-11,433,418.2,431,6548117
equity,INE257A01026,2026-09-14,431,431,431,
equity,INE257A01026,2026-09-15,432,412.85,412.85,7340842
equity,INE257A01026,2026-09-16,417.4,406,410.6,7086699
equity,INE346A01027,2026-09-07,3038.2,2933.3,3013.7,279992
equity,INE346A01027,2026-09-08,3031.8999,2983.8,3013,309852
equity,INE346A01027,2026-09-09,3009.8999,2953.6001,3003.5,347633
equity,INE346A01027,2026-09-10,3055.5,2991.8,3033.5,237958
equity,INE346A01027,2026-09-11,3051,2992.3,3041.5,135852
equity,INE346A01027,2026-09-14,3041.5,3041.5,3041.5,
equity,INE346A01027,2026-09-15,3114.8999,3021.7,3065,840166
equity,INE346A01027,2026-09-16,3105,3028,3086.3,293514
equity,INE692A01016,2026-09-07,188.45,183.2,186.04,12010754
equity,INE692A01016,2026-09-08,185.15,181.4,183.22,5714683
equity,INE692A01016,2026-09-09,183.89,180.82,183.89,7080822
equity,INE692A01016,2026-09-10,184.44,177.62,179.2,8544176
equity,INE692A01016,2026-09-11,179.65,175.53,178.1,7422504
equity,INE692A01016,2026-09-14,178.1,178.1,178.1,
equity,INE692A01016,2026-09-15,179.69,174.74,175,4444675
equity,INE692A01016,2026-09-16,179.35,175.07,178.2,9586630
equity,INE003A01024,2026-09-07,3998.1001,3904.1001,3927,200987
equity,INE003A01024,2026-09-08,3998.8,3911,3951.3,349820
equity,INE003A01024,2026-09-09,4003,3911.8,3949.1001,378664
equity,INE003A01024,2026-09-10,3987.8999,3905.2,3954.3999,227398
equity,INE003A01024,2026-09-11,3957,3858.3999,3957,172514
equity,INE003A01024,2026-09-14,3957,3957,3957,
equity,INE003A01024,2026-09-15,3964,3770,3770,347469
equity,INE003A01024,2026-09-16,3799.3,3682.3999,3742,132290
equity,INE07Y701011,2026-09-08,31570,30550,31135,278064
equity,INE07Y701011,2026-09-09,31590,31025,31580,94112
equity,INE07Y701011,2026-09-10,31595,31050,31195,49644
equity,INE07Y701011,2026-09-11,31515,30700,31435,53538
equity,INE07Y701011,2026-09-15,31295,30000,30790,98157
equity,INE07Y701011,2026-09-16,30400,29645,30200,93541
equity,INE067A01029,2026-09-07,912.05,894.25,895,3937949
equity,INE067A01029,2026-09-08,915,892,910.7,2618950
equity,INE067A01029,2026-09-09,930.55,910,926.95,3454657
equity,INE067A01029,2026-09-10,931,905,914.55,1989359
equity,INE067A01029,2026-09-11,912.5,889,909,2163164
equity,INE067A01029,2026-09-14,909,909,909,
equity,INE067A01029,2026-09-15,911.3,858,858,3474919
equity,INE067A01029,2026-09-16,864.2,838.55,851.55,1882278
equity,INE298A01020,2026-09-08,5040,4965,5040,457631
equity,INE298A01020,2026-09-09,5182.5,5020,5170.5,373017
equity,INE298A01020,2026-09-10,5237,5069.5,5155,817252
equity,INE298A01020,2026-09-11,5152,5020.5,5070,331010
equity,INE298A01020,2026-09-15,5121.5,4874,4874,304824
equity,INE298A01020,2026-09-16,4985,4844,4940,399638
equity,INE118H01025,2026-09-08,3442.2,3362,3394,2850676
equity,INE118H01025,2026-09-09,3319.8999,3268.2,3289.8,4365902
equity,INE118H01025,2026-09-10,3312,3261,3306,2228183
equity,INE118H01025,2026-09-11,3394.3999,3193.2,3384,4326473
equity,INE118H01025,2026-09-14,3384,3384,3384,
equity,INE118H01025,2026-09-15,3452.7,3295,3310,3901579
equity,INE118H01025,2026-09-16,3317,3225,3240,2893493
equity,INE323A01026,2026-09-07,48550,46535,48025,54963
equity,INE323A01026,2026-09-08,48955,48100,48785,33665
equity,INE323A01026,2026-09-09,49100,48360,49100,28278
equity,INE323A01026,2026-09-10,49080,48480,48775,28128
equity,INE323A01026,2026-09-11,48960,48080,48385,19898
equity,INE323A01026,2026-09-15,48725,47070,47070,30224
equity,INE323A01026,2026-09-16,48325,46850,47555,34793
equity,INE200M01039,2026-09-07,407.6,404,405.95,5062827
equity,INE200M01039,2026-09-08,408.4,403.65,405.7,3722223
equity,INE200M01039,2026-09-09,407,396.2,407,11284331
equity,INE200M01039,2026-09-10,415.5,405.35,410.5,7713560
equity,INE200M01039,2026-09-11,417.15,403,416.5,9719304
equity,INE200M01039,2026-09-14,416.5,416.5,416.5,
equity,INE200M01039,2026-09-15,419.75,409.1,409.6,3118516
equity,INE200M01039,2026-09-16,414.4,407.15,410.4,3489630
equity,INE029A01011,2026-09-07,316.7,311.2,312.9,2363459
equity,INE029A01011,2026-09-08,314.25,301.4,303.85,4641011
equity,INE029A01011,2026-09-09,306.5,298.65,303.55,4492551
equity,INE029A01011,2026-09-10,306.1,301.75,303,3231631
equity,INE029A01011,2026-09-11,306.45,296,304.5,4137678
equity,INE029A01011,2026-09-14,304.5,304.5,304.5,
equity,INE029A01011,2026-09-15,308.15,298.65,298.65,3512731
equity,INE029A01011,2026-09-16,304,298.1,303.35,4427311
equity,INE214T01019,2026-09-07,4519.3999,4405,4448,361825
equity,INE214T01019,2026-09-08,4489.1001,4405,4430,167610
equity,INE214T01019,2026-09-09,4437.5,4290,4412,1051263
equity,INE214T01019,2026-09-10,4434.5,4306.6001,4374,402440
equity,INE214T01019,2026-09-11,4366.7998,4275,4275,349314
equity,INE214T01019,2026-09-14,4275,4275,4275,
equity,INE214T01019,2026-09-15,4568.8999,4323.2998,4346.6001,663212
equity,INE214T01019,2026-09-16,4370,4233,4233,229758
equity,INE160A01022,2026-09-07,117.17,115.55,115.6,11062919
equity,INE160A01022,2026-09-08,116.68,114.95,116,11972532
equity,INE160A01022,2026-09-09,117,115.25,115.61,11691129
equity,INE160A01022,2026-09-10,118.2,115.47,116.85,18231772
equity,INE160A01022,2026-09-11,117.79,114.52,116.75,11479971
equity,INE160A01022,2026-09-14,116.75,116.75,116.75,
equity,INE160A01022,2026-09-15,117.23,114.7,114.7,12031284
equity,INE160A01022,2026-09-16,117.48,114.63,116.8,18488710
equity,INE455K01017,2026-09-07,8361.5,8175,8261,568946
equity,INE455K01017,2026-09-08,8433,8301,8373.5,604579
equity,INE455K01017,2026-09-09,8407,8302,8354,198567
equity,INE455K01017,2026-09-10,8387.5,8272.5,8358,259270
equity,INE455K01017,2026-09-11,8319,8118,8241,400369
equity,INE455K01017,2026-09-15,8294.5,8115,8143.5,301764
equity,INE455K01017,2026-09-16,8244,8072,8121.5,246713
equity,INE437A01024,2026-09-08,8850,8745,8837.5,324848
equity,INE437A01024,2026-09-09,8974.5,8803.5,8967,375525
equity,INE437A01024,2026-09-10,9024,8875,8900,329159
equity,INE437A01024,2026-09-11,8950,8806,8836,207930
equity,INE437A01024,2026-09-14,8836,8836,8836,
equity,INE437A01024,2026-09-15,8950.5,8714,8714,247091
equity,INE437A01024,2026-09-16,8792.5,8672.5,8696.5,232958
equity,INE118A01012,2026-09-07,11200,10956,10956,40066
equity,INE118A01012,2026-09-08,11124,10970,11046,28503
equity,INE118A01012,2026-09-09,11133,11001,11078,18502
equity,INE118A01012,2026-09-10,11078,10965,10992,18035
equity,INE118A01012,2026-09-11,11146,10922,11134,49910
equity,INE118A01012,2026-09-14,11134,11134,11134,
equity,INE118A01012,2026-09-15,11208,11060,11100,56888
equity,INE118A01012,2026-09-16,11090,10925,10930,25563
equity,INE028A01039,2026-09-07,240.9,235.2,237,6824391
equity,INE028A01039,2026-09-08,237.7,234.54,236.6,7992697
equity,INE028A01039,2026-09-09,237.15,234.05,234.1,14888061
equity,INE028A01039,2026-09-10,239.46,234.84,237.62,8949331
equity,INE028A01039,2026-09-11,238.13,234.3,238.13,7018275
equity,INE028A01039,2026-09-14,238.13,238.13,238.13,
equity,INE028A01039,2026-09-15,238.51,232.44,232.7,7383660
equity,INE028A01039,2026-09-16,235.29,232.33,234.98,5787187
equity,INE216A01030,2026-09-07,5126,5005.5,5042.5,307760
equity,INE216A01030,2026-09-08,5091.5,5012,5064,280231
equity,INE216A01030,2026-09-09,5113,5023,5090,190380
equity,INE216A01030,2026-09-10,5108,4997,5009,263129
equity,INE216A01030,2026-09-11,5012.5,4945,4962,194857
equity,INE216A01030,2026-09-15,5022.5,4947.5,4947.5,209279
equity,INE216A01030,2026-09-16,5036.5,4933,4999.5,250797
equity,INE670K01029,2026-09-08,1226.2,1175.1,1212,1308433
equity,INE670K01029,2026-09-09,1213.3,1161,1166,1560777
equity,INE670K01029,2026-09-10,1172.9,1140,1163.4,2078548
equity,INE670K01029,2026-09-11,1145.8,1075.5,1116.9,4191874
equity,INE670K01029,2026-09-14,1116.9,1116.9,1116.9,
equity,INE670K01029,2026-09-15,1128,1064.8,1064.8,1480215
equity,INE670K01029,2026-09-16,1090.6,1047.5,1087.4,1204000
equity,INE0HOQ01053,2026-09-07,196.6,191.01,194.73,21419848
equity,INE0HOQ01053,2026-09-08,195.58,193,195.24,18712196
equity,INE0HOQ01053,2026-09-09,195.5,192.18,194.63,20798963
equity,INE0HOQ01053,2026-09-10,197.8,193.45,195.84,16339114
equity,INE0HOQ01053,2026-09-11,200.91,192.6,200.24,31136422
equity,INE0HOQ01053,2026-09-14,200.24,200.24,200.24,
equity,INE0HOQ01053,2026-09-15,203.7,196.4,197.59,30383521
equity,INE0HOQ01053,2026-09-16,194.56,188.4,189.76,147969824
equity,INE956O01016,2026-09-07,697.25,684.5,688,3142143
equity,INE956O01016,2026-09-08,697.6,682.85,695.75,3755569
equity,INE956O01016,2026-09-09,697.5,681,693.9,7262193
equity,INE956O01016,2026-09-10,703.5,690.35,693.3,6256637
equity,INE956O01016,2026-09-11,696.05,680,681.75,4110589
equity,INE956O01016,2026-09-14,681.75,681.75,681.75,
equity,INE956O01016,2026-09-15,701.25,679.5,685.4,6456204
equity,INE956O01016,2026-09-16,689.9,667.25,675.85,6968307
equity,INE749A01030,2026-09-08,1151,1135,1136.3,443885
equity,INE749A01030,2026-09-09,1158,1130.6,1146.5,590734
equity,INE749A01030,2026-09-10,1151.7,1131,1137,554299
equity,INE749A01030,2026-09-11,1122,1058,1120.5,549857
equity,INE749A01030,2026-09-14,1120.5,1120.5,1120.5,
equity,INE749A01030,2026-09-15,1119.7,1090.5,1095,816410
equity,INE749A01030,2026-09-16,1117,1085.4,1103,457222
equity,INE795G01014,2026-09-07,546.4,533.2,533.2,1190100
equity,INE795G01014,2026-09-08,547.8,533.65,533.8,3149035
equity,INE795G01014,2026-09-09,534.6,508.95,514,9024185
equity,INE795G01014,2026-09-10,526.15,508.7,526.15,4125818
equity,INE795G01014,2026-09-11,531.5,518.2,530,4127867
equity,INE795G01014,2026-09-14,530,530,530,
equity,INE795G01014,2026-09-15,530.65,516.1,516.1,4844755
equity,INE795G01014,2026-09-16,534,517,530.2,3969870
equity,INE562A01011,2026-09-08,868.9,855.15,859.9,1120827
equity,INE562A01011,2026-09-09,866.7,850.55,856.65,1463841
equity,INE562A01011,2026-09-10,869.85,850.6,856.5,1181088
equity,INE562A01011,2026-09-11,859.7,835,853.5,1579708
equity,INE562A01011,2026-09-14,853.5,853.5,853.5,
equity,INE562A01011,2026-09-15,859.5,833.8,836.75,754029
equity,INE562A01011,2026-09-16,849.8,834.7,840,773497
equity,INE245A01021,2026-09-07,369.8,363,365.7,4849767
equity,INE245A01021,2026-09-08,367.2,362.25,365.55,2879558
equity,INE245A01021,2026-09-09,373.7,363.15,370,5668226
equity,INE245A01021,2026-09-10,369.7,363.95,367,2896528
equity,INE245A01021,2026-09-11,367.4,362.95,364.65,2425732
equity,INE245A01021,2026-09-14,364.65,364.65,364.65,
equity,INE245A01021,2026-09-15,377.65,362.95,363,3710579
equity,INE245A01021,2026-09-16,366.1,360.4,360.4,2900129
equity,INE134E01011,2026-09-07,359.15,353,353.1,6560499
equity,INE134E01011,2026-09-08,356.5,351.15,355.9,6879445
equity,INE134E01011,2026-09-09,355.3,350.1,351.4,5426791
equity,INE134E01011,2026-09-10,354.75,349.3,352.8,7286720
equity,INE134E01011,2026-09-11,353.45,348,353.45,6198609
equity,INE134E01011,2026-09-14,353.45,353.45,353.45,
equity,INE134E01011,2026-09-15,353.3,344,344,7488255
equity,INE134E01011,2026-09-16,349.1,343.65,346,6078812
equity,INE414G01012,2026-09-07,2920,2871.2,2880,370903
equity,INE414G01012,2026-09-08,2899.7,2868.8,2899.7,560448
equity,INE414G01012,2026-09-09,2865.3,2795.6001,2815,1027017
equity,INE414G01012,2026-09-10,2853.8999,2807.3999,2841.5,408226
equity,INE414G01012,2026-09-11,2820,2728.6001,2792.1001,1015297
equity,INE414G01012,2026-09-15,2794,2722.3,2722.3,451554
equity,INE414G01012,2026-09-16,2804.6001,2725.2,2771.3999,632013
equity,INE155A01022,2026-09-07,312,307,307,6493351
equity,INE155A01022,2026-09-08,306.65,302.45,306.45,6921996
equity,INE155A01022,2026-09-09,306.45,300.8,303,6971556
equity,INE155A01022,2026-09-10,304,300.05,300.5,7512877
equity,INE155A01022,2026-09-11,304.4,296.5,301.1,7683193
equity,INE155A01022,2026-09-14,301.1,301.1,301.1,
equity,INE155A01022,2026-09-15,320.15,303.5,303.6,19003987
equity,INE155A01022,2026-09-16,306,299.3,301,12263906
equity,INE640G01020,2026-09-07,561.3,555.05,557.8,891727
equity,INE640G01020,2026-09-08,558.5,553.05,555.7,466279
equity,INE640G01020,2026-09-09,557,550,552.65,653948
equity,INE640G01020,2026-09-10,555.8,550.05,551,591646
equity,INE640G01020,2026-09-11,550,543.15,544.3,756177
equity,INE640G01020,2026-09-14,544.3,544.3,544.3,
equity,INE640G01020,2026-09-15,549,533.1,536.5,1079997
equity,INE640G01020,2026-09-16,537.5,525.3,530.1,941356
equity,INE129A01019,2026-09-07,177.3,172.8,176,9910348
equity,INE129A01019,2026-09-08,176.2,173.84,175.09,4347861
equity,INE129A01019,2026-09-09,175.59,173.61,174.9,4342968
equity,INE129A01019,2026-09-10,176.5,173.25,174.49,4397343
equity,INE129A01019,2026-09-11,175.18,173.01,173.62,6770227
equity,INE129A01019,2026-09-14,173.62,173.62,173.62,
equity,INE129A01019,2026-09-15,173.82,169.73,170.88,6202446
equity,INE129A01019,2026-09-16,171.88,168.72,170.65,3949369
equity,INE476A01022,2026-09-07,126.35,124,124,9628580
equity,INE476A01022,2026-09-08,124.84,123.85,124.68,8644820
equity,INE476A01022,2026-09-09,125.38,124.04,124.08,9338510
equity,INE476A01022,2026-09-10,127.6,123.7,124.6,22002938
equity,INE476A01022,2026-09-11,124.06,122.65,124,11131129
equity,INE476A01022,2026-09-14,124,124,124,
equity,INE476A01022,2026-09-15,124.48,122.05,122.37,12696568
equity,INE476A01022,2026-09-16,123.7,121.81,123.2,13938418
equity,INE010B01027,2026-09-07,1163,1114.1,1156.9,2107281
equity,INE010B01027,2026-09-08,1167.7,1142,1145.5,2009363
equity,INE010B01027,2026-09-09,1158,1126.5,1127.4,1185373
equity,INE010B01027,2026-09-10,1136.3,1108.1,1117.8,937267
equity,INE010B01027,2026-09-11,1135.5,1104.6,1119.1,1038797
equity,INE010B01027,2026-09-14,1119.1,1119.1,1119.1,
equity,INE010B01027,2026-09-15,1124.5,1099,1099,522672
equity,INE010B01027,2026-09-16,1113.3,1086,1107.5,689378
equity,INE059A01026,2026-09-08,1398.4,1377.2,1384,728795
equity,INE059A01026,2026-09-09,1388.7,1363.1,1363.1,818773
equity,INE059A01026,2026-09-10,1380,1363.1,1373.3,826221
equity,INE059A01026,2026-09-11,1373,1347.7,1366,1681155
equity,INE059A01026,2026-09-14,1366,1366,1366,
equity,INE059A01026,2026-09-15,1362.7,1347.7,1351,1225305
equity,INE059A01026,2026-09-16,1363.7,1344.3,1358,911563
equity,INE324D01010,2026-09-07,1668.9,1640.1,1647.8,314218
equity,INE324D01010,2026-09-08,1680,1639.7,1672.2,665219
equity,INE324D01010,2026-09-09,1673,1640.4,1647.8,285259
equity,INE324D01010,2026-09-10,1654.1,1626.1,1650,794840
equity,INE324D01010,2026-09-11,1661,1632.4,1636.8,358511
equity,INE324D01010,2026-09-15,1658,1622.6,1629.6,617142
equity,INE324D01010,2026-09-16,1646.3,1599,1628.2,196075
equity,INE1NPP01017,2026-09-07,3185,3111.6001,3121.8999,441448
equity,INE1NPP01017,2026-09-08,3249.8,3086,3200.1001,824146
equity,INE1NPP01017,2026-09-09,3238,3160,3183.7,276989
equity,INE1NPP01017,2026-09-10,3228.2,3167.2,3179.1001,212471
equity,INE1NPP01017,2026-09-11,3191,3124,3181.3,209741
equity,INE1NPP01017,2026-09-14,3181.3,3181.3,3181.3,
equity,INE1NPP01017,2026-09-15,3200,3010,3028.7,304976
equity,INE1NPP01017,2026-09-16,3072,2968,3013.3999,332333
equity,INE674K01013,2026-09-08,401,394.45,396.95,3482938
equity,INE674K01013,2026-09-09,402.05,393.55,400,2144020
equity,INE674K01013,2026-09-10,402.05,395.85,400,1395209
equity,INE674K01013,2026-09-11,396.2,391,395,1630117
equity,INE674K01013,2026-09-14,395,395,395,
equity,INE674K01013,2026-09-15,396.8,378.8,378.8,2529778
equity,INE674K01013,2026-09-16,384.05,378,381.3,1287015
equity,INE200A01026,2026-09-07,4389.1001,4321.1001,4367.2002,295967
equity,INE200A01026,2026-09-08,4793,4610,4750,4274212
equity,INE200A01026,2026-09-09,4825,4638.7998,4673,1094528
equity,INE200A01026,2026-09-10,4666.8999,4525,4545,685310
equity,INE200A01026,2026-09-11,4548.1001,4428.7002,4548.1001,588462
equity,INE200A01026,2026-09-14,4548.1001,4548.1001,4548.1001,
equity,INE200A01026,2026-09-15,4520,4191.6001,4246.8999,1106490
equity,INE200A01026,2026-09-16,4315.7002,4149.7002,4267,717489
equity,INE053F01010,2026-09-08,82.93,81.75,82,5883007
equity,INE053F01010,2026-09-09,82.4,81.12,81.39,6686837
equity,INE053F01010,2026-09-10,82.67,80.76,81.08,8521418
equity,INE053F01010,2026-09-11,81.09,80.1,81.09,8029026
equity,INE053F01010,2026-09-14,81.09,81.09,81.09,
equity,INE053F01010,2026-09-15,81.87,79,79.15,8655447
equity,INE053F01010,2026-09-16,79.58,78.16,78.95,9830788
equity,INE854D01024,2026-09-07,1468.4,1431.5,1440,377003
equity,INE854D01024,2026-09-08,1441.9,1426.9,1440,506102
equity,INE854D01024,2026-09-09,1439.9,1395.2,1405.2,493439
equity,INE854D01024,2026-09-10,1416.1,1391.4,1400,432902
equity,INE854D01024,2026-09-11,1407.2,1384.3,1395,552853
equity,INE854D01024,2026-09-14,1395,1395,1395,
equity,INE854D01024,2026-09-15,1403.6,1370.6,1370.6,343060
equity,INE854D01024,2026-09-16,1398.2,1368.1,1389.5,235642
equity,INE982J01020,2026-09-08,1676.7,1636,1670,2338072
equity,INE982J01020,2026-09-09,1758.9,1676.1,1751.5,8247684
equity,INE982J01020,2026-09-10,1757,1720.1,1739,1479094
equity,INE982J01020,2026-09-11,1840,1726.8,1807.5,9269434
equity,INE982J01020,2026-09-14,1807.5,1807.5,1807.5,
equity,INE982J01020,2026-09-15,1811,1730,1730,3226150
equity,INE982J01020,2026-09-16,1855.5,1731.1,1790,15407172
equity,INE205A01025,2026-09-07,272.5,267,268,4892640
equity,INE205A01025,2026-09-08,272.8,269.15,272,5812809
equity,INE205A01025,2026-09-09,275.75,268.55,272.5,8634652
equity,INE205A01025,2026-09-10,275.1,268.8,269.05,4834991
equity,INE205A01025,2026-09-11,264.85,256.5,263.7,11843976
equity,INE205A01025,2026-09-14,263.7,263.7,263.7,
equity,INE205A01025,2026-09-15,264.4,253.55,257,9234199
equity,INE205A01025,2026-09-16,257.7,252.5,256,5793206
equity,INE158A01026,2026-09-07,5347.5,5270,5270,354258
equity,INE158A01026,2026-09-08,5339.5,5285,5333.5,393029
equity,INE158A01026,2026-09-09,5297,5205.5,5218,532099
equity,INE158A01026,2026-09-10,5280,5169,5280,501164
equity,INE158A01026,2026-09-11,5243,5186,5221.5,251663
equity,INE158A01026,2026-09-14,5221.5,5221.5,5221.5,
equity,INE158A01026,2026-09-15,5327.5,5166,5166,666103
equity,INE158A01026,2026-09-16,5315,5186.5,5235,525674
equity,INE196A01026,2026-09-08,825.45,801.35,823.9,1525669
equity,INE196A01026,2026-09-09,823,808.45,813.9,2389739
equity,INE196A01026,2026-09-10,813.9,799.55,803,2060230
equity,INE196A01026,2026-09-11,810,795.7,802.1,1533624
equity,INE196A01026,2026-09-15,809.8,791.25,791.25,1533193
equity,INE196A01026,2026-09-16,819.9,792.15,810.15,3237574
equity,INE127D01025,2026-09-08,2454,2433,2447.3,550618
equity,INE127D01025,2026-09-09,2446.3999,2410.8999,2440,455316
equity,INE127D01025,2026-09-10,2448.1001,2401,2433.8,370540
equity,INE127D01025,2026-09-11,2424.6001,2366.1001,2403.8999,677643
equity,INE127D01025,2026-09-14,2403.8999,2403.8999,2403.8999,
equity,INE127D01025,2026-09-15,2423.8999,2385,2409,652383
equity,INE127D01025,2026-09-16,2408.5,2360,2373.1001,482035
equity,INE881D01027,2026-09-07,12110,11679,11847,185270
equity,INE881D01027,2026-09-08,11815,11636,11780,101559
equity,INE881D01027,2026-09-09,11762,11550,11630,156426
equity,INE881D01027,2026-09-10,11814,11627,11725,167438
equity,INE881D01027,2026-09-11,11830,11595,11763,246099
equity,INE881D01027,2026-09-15,12099,11692,11803,231321
equity,INE881D01027,2026-09-16,11920,11399,11510,245618
equity,INE776C01039,2026-09-07,98.48,95.65,95.94,5131436
equity,INE776C01039,2026-09-08,97.28,95.74,97,8949771
equity,INE776C01039,2026-09-09,98.73,96.26,98.65,11994804
equity,INE776C01039,2026-09-10,98.61,96.82,97.46,9680394
equity,INE776C01039,2026-09-11,97.98,95.28,97.98,7112955
equity,INE776C01039,2026-09-14,97.98,97.98,97.98,
equity,INE776C01039,2026-09-15,98.28,92.92,92.97,10370386
equity,INE776C01039,2026-09-16,93.81,91.99,92.46,8814091
equity,INE281B01032,2026-09-07,1823,1801.1,1803,257764
equity,INE281B01032,2026-09-08,1821,1780,1799.3,432002
equity,INE281B01032,2026-09-09,1822,1799,1807.6,188202
equity,INE281B01032,2026-09-10,1826,1805,1814.3,191914
equity,INE281B01032,2026-09-11,1819,1773.9,1799.6,400758
equity,INE281B01032,2026-09-14,1799.6,1799.6,1799.6,
equity,INE281B01032,2026-09-15,1809.9,1741,1778.8,587090
equity,INE281B01032,2026-09-16,1832.3,1765,1812.3,293379
equity,INE053A01029,2026-09-07,720.45,709.2,716.2,2137419
equity,INE053A01029,2026-09-08,723.55,712.6,720,996891
equity,INE053A01029,2026-09-09,723.25,715,722.75,853702
equity,INE053A01029,2026-09-10,720.6,712.55,715.75,991880
equity,INE053A01029,2026-09-11,720.75,708.6,718.5,1019599
equity,INE053A01029,2026-09-14,718.5,718.5,718.5,
equity,INE053A01029,2026-09-15,737.75,710.85,715,2423706
equity,INE053A01029,2026-09-16,719.55,706.75,713.4,1037393
equity,INE079A01024,2026-09-07,405.35,398.6,398.6,879449
equity,INE079A01024,2026-09-08,400.95,395.15,398.3,986589
equity,INE079A01024,2026-09-09,400.8,395,397,862520
equity,INE079A01024,2026-09-10,397.55,394.05,395.6,1427859
equity,INE079A01024,2026-09-11,393.55,387.65,391.85,1311052
equity,INE079A01024,2026-09-14,391.85,391.85,391.85,
equity,INE079A01024,2026-09-15,393.85,380.1,381.75,1367462
equity,INE079A01024,2026-09-16,385.45,379.55,381.05,1033360
equity,INE192A01025,2026-09-07,1019.9,1004,1015,1368015
equity,INE192A01025,2026-09-08,1018.7,1007.9,1014.1,720871
equity,INE192A01025,2026-09-09,1013.7,1001,1001,973918
equity,INE192A01025,2026-09-10,1005.6,992.5,999.6,1001929
equity,INE192A01025,2026-09-11,1000,988,991,905959
equity,INE192A01025,2026-09-14,991,991,991,
equity,INE192A01025,2026-09-15,1009.3,986,986.1,1567952
equity,INE192A01025,2026-09-16,1010.5,988.8,1000.1,1573377
equity,INE249Z01020,2026-09-08,2479.5,2435.6001,2466.3999,588746
equity,INE249Z01020,2026-09-09,2461.2,2395,2408.8,563605
equity,INE249Z01020,2026-09-10,2417.2,2374,2383.2,395925
equity,INE249Z01020,2026-09-11,2367.6001,2315.3999,2339,509510
equity,INE249Z01020,2026-09-14,2339,2339,2339,
equity,INE249Z01020,2026-09-15,2346.8999,2225.1001,2236,762530
equity,INE249Z01020,2026-09-16,2288.6001,2190,2231.8999,545186
equity,INE947Q01028,2026-09-08,1952,1862.7,1946.9,2115447
equity,INE947Q01028,2026-09-09,1955,1917.9,1937,1822218
equity,INE947Q01028,2026-09-10,1950.5,1920.9,1945,1067622
equity,INE947Q01028,2026-09-11,1981.8,1918.1,1969,2277375
equity,INE947Q01028,2026-09-14,1969,1969,1969,
equity,INE947Q01028,2026-09-15,1981,1915.6,1926.9,1538262
equity,INE947Q01028,2026-09-16,1940.4,1863.5,1905.5,2870749
equity,INE121J01017,2026-09-07,383.75,376,376.45,4311184
equity,INE121J01017,2026-09-08,376.95,370,373.05,2490099
equity,INE121J01017,2026-09-09,376.45,369.75,373.7,1765333
equity,INE121J01017,2026-09-10,376.2,368.7,372,4491149
equity,INE121J01017,2026-09-11,390.85,372,388,16707001
equity,INE121J01017,2026-09-14,388,388,388,
equity,INE121J01017,2026-09-15,390.8,378.7,379,3807593
equity,INE121J01017,2026-09-16,381.5,375.2,375.6,4050430
equity,INE208A01029,2026-09-07,172.13,168.4,170,10426646
equity,INE208A01029,2026-09-08,170.17,167.75,169,7997004
equity,INE208A01029,2026-09-09,169.27,166.22,167,7197614
equity,INE208A01029,2026-09-10,167.04,164.71,166.12,16214508
equity,INE208A01029,2026-09-11,165.04,160,163.75,19044403
equity,INE208A01029,2026-09-14,163.75,163.75,163.75,
equity,INE208A01029,2026-09-15,165.36,156.65,156.65,17917014
equity,INE208A01029,2026-09-16,158.21,154.75,156.5,10317875
equity,INE121E01018,2026-09-07,541.25,528,530,2738335
equity,INE121E01018,2026-09-08,528.85,522.3,526.5,1912629
equity,INE121E01018,2026-09-09,541.7,521.5,534.8,2167753
equity,INE121E01018,2026-09-10,534.05,527.5,530.45,973912
equity,INE121E01018,2026-09-11,527,522.75,526.45,583365
equity,INE121E01018,2026-09-15,526.45,505,505,897315
equity,INE121E01018,2026-09-16,510.95,503.05,504.7,1951245
equity,INE008A01015,2026-09-07,92.65,89.73,90.75,7985304
equity,INE008A01015,2026-09-08,92,79.05,81.11,69073713
equity,INE008A01015,2026-09-09,83.47,80.12,81.56,22159103
equity,INE008A01015,2026-09-10,82.39,80.96,81.62,8241363
equity,INE008A01015,2026-09-11,84.2,80.62,83.43,22126952
equity,INE008A01015,2026-09-14,83.43,83.43,83.43,
equity,INE008A01015,2026-09-15,88.53,82.69,82.95,50187288
equity,INE008A01015,2026-09-16,83.7,81.53,82.95,12979482
equity,INE0VDM01015,2026-09-07,211.24,205.75,210.3,15413416
equity,INE0VDM01015,2026-09-08,213.9,208.71,211.06,18323130
equity,INE0VDM01015,2026-09-09,217.86,210.5,216.7,17157843
equity,INE0VDM01015,2026-09-10,220.72,212.51,217.91,15406554
equity,INE0VDM01015,2026-09-11,223.1,214.5,217.08,27172498
equity,INE0VDM01015,2026-09-14,217.08,217.08,217.08,
equity,INE0VDM01015,2026-09-15,220.9,210.61,212.4,20742207
equity,INE0VDM01015,2026-09-16,214.5,207.61,213.26,9378183
equity,INE326A01037,2026-09-07,2135.5,2095.6001,2105,819621
equity,INE326A01037,2026-09-08,2116,2094.6001,2104.7,713131
equity,INE326A01037,2026-09-09,2120,2090,2100,596996
equity,INE326A01037,2026-09-10,2098.2,2060.3,2077.8,624838
equity,INE326A01037,2026-09-11,2108.5,2058,2095,621899
equity,INE326A01037,2026-09-14,2095,2095,2095,
equity,INE326A01037,2026-09-15,2099.5,2049.5,2063.2,599677
equity,INE326A01037,2026-09-16,2074.1001,2033.5,2045,789893
equity,INE634S01028,2026-09-08,2330.8,2301,2309,186335
equity,INE634S01028,2026-09-09,2317.6001,2250,2265,266219
equity,INE634S01028,2026-09-10,2276.5,2235.1001,2238.3999,180515
equity,INE634S01028,2026-09-11,2280,2222,2280,530698
equity,INE634S01028,2026-09-14,2280,2280,2280,
equity,INE634S01028,2026-09-15,2300.8999,2251.8,2280.5,446450
equity,INE634S01028,2026-09-16,2300.7,2246,2246,650761
equity,INE089A01031,2026-09-07,1163.2,1141.8,1144.2,420952
equity,INE089A01031,2026-09-08,1154.5,1144,1151,587270
equity,INE089A01031,2026-09-09,1151,1136.4,1145,528499
equity,INE089A01031,2026-09-10,1147.2,1134.9,1143,1684792
equity,INE089A01031,2026-09-11,1182,1130,1165.5,2403285
equity,INE089A01031,2026-09-14,1165.5,1165.5,1165.5,
equity,INE089A01031,2026-09-15,1168.5,1141,1145,1810974
equity,INE089A01031,2026-09-16,1149.9,1133.9,1140,1120841
equity,INE406A01037,2026-09-08,1698.8,1655,1692,1055813
equity,INE406A01037,2026-09-09,1704,1672,1698.9,600583
equity,INE406A01037,2026-09-10,1693.4,1655,1668.4,798368
equity,INE406A01037,2026-09-11,1681.4,1655.5,1679.8,494251
equity,INE406A01037,2026-09-14,1679.8,1679.8,1679.8,
equity,INE406A01037,2026-09-15,1688,1642.1,1660,438757
equity,INE406A01037,2026-09-16,1657.1,1623,1643,522848
equity,INE027H01010,2026-09-08,996.9,982.4,993,1922846
equity,INE027H01010,2026-09-09,1040.4,992.2,1037.5,4591285
equity,INE027H01010,2026-09-10,1040.2,1029.3,1038.6,2579310
equity,INE027H01010,2026-09-11,1041.5,1022.7,1037.7,2506618
equity,INE027H01010,2026-09-15,1048,1030,1030,2836517
equity,INE027H01010,2026-09-16,1036.4,1021.6,1025,1600452
equity,INE459N01021,2026-09-07,734.8,708.1,727.25,1800446
equity,INE459N01021,2026-09-08,729.95,710.3,718.95,1687125
equity,INE459N01021,2026-09-09,737.75,719.45,729.95,1112481
equity,INE459N01021,2026-09-10,750,728.1,733.25,1384611
equity,INE459N01021,2026-09-11,733.5,714.4,717.35,725068
equity,INE459N01021,2026-09-14,717.35,717.35,717.35,
equity,INE459N01021,2026-09-15,721.9,698,701.7,589061
equity,INE459N01021,2026-09-16,719.95,690.4,714.6,1278048
equity,INE388Y01029,2026-09-08,341.55,333.1,341,5740245
equity,INE388Y01029,2026-09-09,343,338.25,343,4010750
equity,INE388Y01029,2026-09-10,345.4,339.1,341.95,3136550
equity,INE388Y01029,2026-09-11,344.5,339.05,344.5,3977712
equity,INE388Y01029,2026-09-15,346.15,336.2,336.2,2338555
equity,INE388Y01029,2026-09-16,338.3,323.55,325.6,4960071
equity,INE465A01025,2026-09-07,1955.9,1927.3,1955,1414192
equity,INE465A01025,2026-09-08,2027.5,1930.5,2003.7,1947343
equity,INE465A01025,2026-09-09,2005,1970.5,1979.6,522619
equity,INE465A01025,2026-09-10,1981,1941.5,1954.9,403296
equity,INE465A01025,2026-09-11,1947.9,1908.6,1944.9,283776
equity,INE465A01025,2026-09-14,1944.9,1944.9,1944.9,
equity,INE465A01025,2026-09-15,1950,1869.1,1877.2,293090
equity,INE465A01025,2026-09-16,1897.6,1850.4,1885,638396
equity,INE102D01028,2026-09-07,879.05,857.1,861.9,2647422
equity,INE102D01028,2026-09-08,870.95,855.15,865,1437045
equity,INE102D01028,2026-09-09,867.95,856.1,863.8,1440335
equity,INE102D01028,2026-09-10,872.8,859,869.9,697924
equity,INE102D01028,2026-09-11,872.6,859,865,772816
equity,INE102D01028,2026-09-14,865,865,865,
equity,INE102D01028,2026-09-15,877,856.6,857,1176819
equity,INE102D01028,2026-09-16,876.85,856,863,1427680
equity,INE262H01021,2026-09-07,5622,5522,5540,404979
equity,INE262H01021,2026-09-08,5600,5491,5560,330550
equity,INE262H01021,2026-09-09,5490,5372.5,5419,599190
equity,INE262H01021,2026-09-10,5560,5370.5,5509.5,516940
equity,INE262H01021,2026-09-11,5545.5,5444.5,5516,335360
equity,INE262H01021,2026-09-15,5759,5456.5,5477.5,812335
equity,INE262H01021,2026-09-16,5529.5,5390.5,5440,411641
equity,INE591G01025,2026-09-07,1958.6,1920.4,1935,1187703
equity,INE591G01025,2026-09-08,1954.4,1914.1,1950,1594561
equity,INE591G01025,2026-09-09,1877.6,1780.7,1845,10837239
equity,INE591G01025,2026-09-10,1878,1821,1833.1,2691550
equity,INE591G01025,2026-09-11,1858.6,1807.3,1846.5,2687329
equity,INE591G01025,2026-09-14,1846.5,1846.5,1846.5,
equity,INE591G01025,2026-09-15,1893.6,1765.6,1775.5,4583784
equity,INE591G01025,2026-09-16,1784.4,1717,1766.7,3593785
equity,INE935N01020,2026-09-07,14429,13937,14180,377556
equity,INE935N01020,2026-09-08,14229,14052,14100,129101
equity,INE935N01020,2026-09-09,14271,13773,13845,368566
equity,INE935N01020,2026-09-10,13867,13355,13500,467984
equity,INE935N01020,2026-09-11,13490,12980,13425,549928
equity,INE935N01020,2026-09-14,13425,13425,13425,
equity,INE935N01020,2026-09-15,13575,13093,13180,431603
equity,INE935N01020,2026-09-16,13260,12850,13181,540549
equity,INE070A01015,2026-09-07,23920,23365,23365,17715
equity,INE070A01015,2026-09-08,23560,23130,23160,13107
equity,INE070A01015,2026-09-09,23240,22900,22950,12133
equity,INE070A01015,2026-09-10,22990,22700,22785,9990
equity,INE070A01015,2026-09-11,22680,22370,22570,16171
equity,INE070A01015,2026-09-15,22660,21905,21905,12171
equity,INE070A01015,2026-09-16,22235,21665,21795,21227
equity,INE663F01032,2026-09-07,1321.8,1284.4,1302.5,856453
equity,INE663F01032,2026-09-08,1298.3,1251.9,1292,2345489
equity,INE663F01032,2026-09-09,1286.6,1255,1267,1281379
equity,INE663F01032,2026-09-10,1277.9,1246.9,1265,981803
equity,INE663F01032,2026-09-11,1262.1,1244.8,1250.8,524171
equity,INE663F01032,2026-09-15,1310,1261.5,1261.5,1716983
equity,INE663F01032,2026-09-16,1274.3,1250.9,1256,788080
equity,INE417T01026,2026-09-08,1827.9,1775.9,1826,1108483
equity,INE417T01026,2026-09-09,1814.7,1787.5,1800,1177932
equity,INE417T01026,2026-09-10,1808.1,1780.5,1800,414006
equity,INE417T01026,2026-09-11,1813.3,1757.3,1797.3,564406
equity,INE417T01026,2026-09-15,1804.3,1736,1736,750563
equity,INE417T01026,2026-09-16,1847,1710.1,1827.1,2049618
equity,INE171A01029,2026-09-07,343,337.6,342,5174214
equity,INE171A01029,2026-09-08,345.9,341.45,344.15,3571930
equity,INE171A01029,2026-09-09,345,341.5,345,3903520
equity,INE171A01029,2026-09-10,347.05,343.75,346,5314983
equity,INE171A01029,2026-09-11,345.3,341.15,344.5,3188640
equity,INE171A01029,2026-09-14,344.5,344.5,344.5,
equity,INE171A01029,2026-09-15,344.5,339.45,343,3090047
equity,INE171A01029,2026-09-16,346,340.1,341.8,2857448
equity,INE020B01018,2026-09-07,321.4,316.05,316.4,3769684
equity,INE020B01018,2026-09-08,318,314,317.85,4604418
equity,INE020B01018,2026-09-09,317.35,313.6,314.5,3145078
equity,INE020B01018,2026-09-10,316.9,312.65,313.8,3526950
equity,INE020B01018,2026-09-11,315.05,311.25,312.7,4509899
equity,INE020B01018,2026-09-14,312.7,312.7,312.7,
equity,INE020B01018,2026-09-15,314.8,308.5,308.5,4665696
equity,INE020B01018,2026-09-16,315.5,308.7,312.65,4651813
equity,INE745G01043,2026-09-07,3374.3999,3276.8999,3330.2,1889368
equity,INE745G01043,2026-09-08,3366.3999,3279.8999,3342,1433417
equity,INE745G01043,2026-09-09,3398,3323.5,3350,2174879
equity,INE745G01043,2026-09-10,3335.5,3285,3300,1308638
equity,INE745G01043,2026-09-11,3389,3247.2,3276,1686562
equity,INE745G01043,2026-09-14,3276,3276,3276,
equity,INE745G01043,2026-09-15,3267.6001,3156.3999,3173.5,1746940
equity,INE745G01043,2026-09-16,3224.5,3056.6001,3211.2,1971139
equity,INE114A01011,2026-09-07,196.99,187.3,187.9,32633382
equity,INE114A01011,2026-09-08,190.8,186.05,186.1,19246316
equity,INE114A01011,2026-09-09,189.4,185.36,186.4,13768193
equity,INE114A01011,2026-09-10,187.03,183.1,183.75,8060794
equity,INE114A01011,2026-09-11,182.43,178.65,179,8764231
equity,INE114A01011,2026-09-14,179,179,179,
equity,INE114A01011,2026-09-15,180,172.92,173,10217048
equity,INE114A01011,2026-09-16,174.9,170.5,173.55,9870268
equity,INE949L01017,2026-09-08,1074.8,1051.4,1073.7,1353347
equity,INE949L01017,2026-09-09,1077.9,1060.5,1060.5,1294481
equity,INE949L01017,2026-09-10,1062,1047.2,1054.7,1126434
equity,INE949L01017,2026-09-11,1061.2,1033.2,1058.9,1058773
equity,INE949L01017,2026-09-15,1065.7,1024.6,1028,815819
equity,INE949L01017,2026-09-16,1038.1,1015.1,1033.2,1012814
equity,INE274J01014,2026-09-07,492.75,481.45,487,2811694
equity,INE274J01014,2026-09-08,501.3,482.8,495.4,2619912
equity,INE274J01014,2026-09-09,504.9,496,498.95,2471923
equity,INE274J01014,2026-09-10,514.45,497.75,500.3,4397946
equity,INE274J01014,2026-09-11,511.95,485.4,489.8,5273521
equity,INE274J01014,2026-09-14,489.8,489.8,489.8,
equity,INE274J01014,2026-09-15,494.4,483,485.6,1967012
equity,INE274J01014,2026-09-16,489.5,481.4,487.6,1295140
equity,INE498L01015,2026-09-07,315.3,310.9,312.5,2068591
equity,INE498L01015,2026-09-08,311.9,308.3,308.3,1493719
equity,INE498L01015,2026-09-09,314.4,307,310.4,2989428
equity,INE498L01015,2026-09-10,311.4,306.3,311.3,4503846
equity,INE498L01015,2026-09-11,311.55,302.7,309.1,3956142
equity,INE498L01015,2026-09-14,309.1,309.1,309.1,
equity,INE498L01015,2026-09-15,311.3,296.6,296.8,3858315
equity,INE498L01015,2026-09-16,300.95,293.8,295.5,1797072
equity,INE095A01012,2026-09-07,1017.9,995,998,1418742
equity,INE095A01012,2026-09-08,1004.7,988.3,997.7,1055105
equity,INE095A01012,2026-09-09,1010,994,1004,996411
equity,INE095A01012,2026-09-10,1002.7,986.7,993.3,972483
equity,INE095A01012,2026-09-11,988.7,972.3,978.2,2504608
equity,INE095A01012,2026-09-14,978.2,978.2,978.2,
equity,INE095A01012,2026-09-15,984.5,955,956.5,1511601
equity,INE095A01012,2026-09-16,961.1,944.5,946.5,1727296
equity,INE880J01026,2026-09-07,338.65,330,330.85,2486873
equity,INE880J01026,2026-09-08,335.9,328.8,332,1633475
equity,INE880J01026,2026-09-09,343.45,329.1,341.4,5359382
equity,INE880J01026,2026-09-10,345,339.3,342.45,2842351
equity,INE880J01026,2026-09-11,344.1,335.75,343.15,2957954
equity,INE880J01026,2026-09-14,343.15,343.15,343.15,
equity,INE880J01026,2026-09-15,349.2,324.55,325.85,3396380
equity,INE880J01026,2026-09-16,330.85,317.9,325.55,2646765
equity,INE848E01016,2026-09-07,77.05,75.55,76,8825125
equity,INE848E01016,2026-09-08,76,74.9,75.9,10135531
equity,INE848E01016,2026-09-09,77.89,75.9,76.69,17730521
equity,INE848E01016,2026-09-10,76.85,75.93,76.35,9030454
equity,INE848E01016,2026-09-11,77.4,75.87,76.38,12031109
equity,INE848E01016,2026-09-14,76.38,76.38,76.38,
equity,INE848E01016,2026-09-15,77.07,75.56,76.04,8558617
equity,INE848E01016,2026-09-16,76.73,75.26,75.41,9636798
equity,INE00H001014,2026-09-07,280.5,274.65,276.45,23743792
equity,INE00H001014,2026-09-08,280,274.6,275.7,25774897
equity,INE00H001014,2026-09-09,285.55,271.8,282.75,23545618
equity,INE00H001014,2026-09-10,284.45,278.6,279,11468920
equity,INE00H001014,2026-09-11,281.45,275.3,278.2,17233642
equity,INE00H001014,2026-09-14,278.2,278.2,278.2,
equity,INE00H001014,2026-09-15,282,275,275,13233851
equity,INE00H001014,2026-09-16,277.7,269.45,270.5,9368843
equity,INE094A01015,2026-09-07,356.9,349.55,356.9,3859485
equity,INE094A01015,2026-09-08,355.95,346,347,3433819
equity,INE094A01015,2026-09-09,350.9,343.55,348.9,5786455
equity,INE094A01015,2026-09-10,353.85,346.95,352.65,2991765
equity,INE094A01015,2026-09-11,354.9,340.1,352,5835890
equity,INE094A01015,2026-09-14,352,352,352,
equity,INE094A01015,2026-09-15,355.2,344.2,345.3,2494296
equity,INE094A01015,2026-09-16,352.25,343.05,350.05,3784433
equity,INE377N01017,2026-09-07,2650.9175,2587.967,2590.9646,382404
equity,INE377N01017,2026-09-08,2611.4486,2567.9827,2568.9819,335895
equity,INE377N01017,2026-09-09,2596.96,2558.4903,2565.9844,282648
equity,INE377N01017,2026-09-10,2588.9662,2528.8135,2546,629037
equity,INE377N01017,2026-09-11,2635,2515.1001,2625,1067044
equity,INE377N01017,2026-09-14,2625,2625,2625,
equity,INE377N01017,2026-09-15,2624.8999,2540,2555,734115
equity,INE377N01017,2026-09-16,2565.3999,2491.3,2501,624290
equity,INE647A01010,2026-09-08,2546,2517,2522,167100
equity,INE647A01010,2026-09-09,2532,2509.7,2520,68501
equity,INE647A01010,2026-09-10,2551.7,2504,2519,210831
equity,INE647A01010,2026-09-11,2508,2460,2482.3999,288552
equity,INE647A01010,2026-09-14,2482.3999,2482.3999,2482.3999,
equity,INE647A01010,2026-09-15,2490.7,2450,2455.2,149986
equity,INE647A01010,2026-09-16,2508.5,2444.5,2480.1001,159710
equity,INE765G01017,2026-09-08,1503.3,1474.5,1484.4,458407
equity,INE765G01017,2026-09-09,1485.7,1460.2,1474,974837
equity,INE765G01017,2026-09-10,1476,1459.1,1465,312999
equity,INE765G01017,2026-09-11,1465,1443.7,1459.8,663654
equity,INE765G01017,2026-09-14,1459.8,1459.8,1459.8,
equity,INE765G01017,2026-09-15,1463,1423.1,1427.7,951910
equity,INE765G01017,2026-09-16,1455.6,1429.9,1440,449341
equity,INE0ONG01011,2026-09-07,89.5,88.06,88.16,1311104
equity,INE0ONG01011,2026-09-08,88.6,87.5,88.44,1452819
equity,INE0ONG01011,2026-09-09,89.25,87.95,88.03,2698297
equity,INE0ONG01011,2026-09-10,88.12,87.55,87.72,1225146
equity,INE0ONG01011,2026-09-11,87.72,86.44,86.94,1230861
equity,INE0ONG01011,2026-09-14,86.94,86.94,86.94,
equity,INE0ONG01011,2026-09-15,87.02,85.75,85.86,2073084
equity,INE0ONG01011,2026-09-16,87.9,85.16,87.59,1822168
equity,INE343G01021,2026-09-07,1534.6,1498,1528.7,83814
equity,INE343G01021,2026-09-08,1558,1519,1549.3,66216
equity,INE343G01021,2026-09-09,1562,1526.1,1544.8,74733
equity,INE343G01021,2026-09-10,1553.2,1533.2,1539.2,87669
equity,INE343G01021,2026-09-11,1567.4,1527.5,1545,139554
equity,INE343G01021,2026-09-15,1546.1,1502,1505.5,47838
equity,INE343G01021,2026-09-16,1505,1472.6,1479.3,52156
equity,INE092T01019,2026-09-07,86.79,85.9,86.44,10617041
equity,INE092T01019,2026-09-08,87.1,86.02,86.5,11728338
equity,INE092T01019,2026-09-09,86.95,85.9,86,20235616
equity,INE092T01019,2026-09-10,87.4,85.82,86.84,14637414
equity,INE092T01019,2026-09-11,86.73,85.41,86.21,13937814
equity,INE092T01019,2026-09-14,86.21,86.21,86.21,
equity,INE092T01019,2026-09-15,86.65,84.8,84.8,25183922
equity,INE092T01019,2026-09-16,85.71,84.61,85.01,14271641
equity,INE584A01023,2026-09-07,85.63,83.54,83.85,15859358
equity,INE584A01023,2026-09-08,84.78,83.74,84.71,12129471
equity,INE584A01023,2026-09-09,85.89,84.53,85.8,14151248
equity,INE584A01023,2026-09-10,86.12,84.17,84.6,9878920
equity,INE584A01023,2026-09-11,83.79,82.25,82.4,9234255
equity,INE584A01023,2026-09-14,82.4,82.4,82.4,
equity,INE584A01023,2026-09-15,82.89,80.5,80.5,10462679
equity,INE584A01023,2026-09-16,81.09,79.45,80.32,9499517
equity,INE298J01013,2026-09-07,1196,1152,1195,1817884
equity,INE298J01013,2026-09-08,1195,1180,1188.9,664071
equity,INE298J01013,2026-09-09,1190,1158,1164.8,588058
equity,INE298J01013,2026-09-10,1186.3,1152.4,1185,1085689
equity,INE298J01013,2026-09-11,1192,1159.4,1189.6,776467
equity,INE298J01013,2026-09-14,1189.6,1189.6,1189.6,
equity,INE298J01013,2026-09-15,1194.4,1153.1,1153.1,1238154
equity,INE298J01013,2026-09-16,1158,1111.2,1124,1222838
equity,INE372A01015,2026-09-08,17750.3739,17311.8963,17573.9863,114178
equity,INE372A01015,2026-09-09,18069.2663,17289.9719,17387.6328,105567
equity,INE372A01015,2026-09-10,17534.1247,16981.0449,17282,114403
equity,INE372A01015,2026-09-11,17558,16686,17500,169196
equity,INE372A01015,2026-09-14,17500,17500,17500,
equity,INE372A01015,2026-09-15,17688,16490,16550,100710
equity,INE372A01015,2026-09-16,17200,16015,17075,108321
equity,INE176B01034,2026-09-08,1147.6,1135.4,1140,1045920
equity,INE176B01034,2026-09-09,1143.5,1118.9,1120.4,608049
equity,INE176B01034,2026-09-10,1126,1105.5,1116,1093884
equity,INE176B01034,2026-09-11,1114.7,1096.2,1111,699007
equity,INE176B01034,2026-09-14,1111,1111,1111,
equity,INE176B01034,2026-09-15,1117,1081.1,1087,1017899
equity,INE176B01034,2026-09-16,1106.9,1084.8,1089.9,726368
equity,INE405E01023,2026-09-07,1252.1,1221.2,1241.7,390846
equity,INE405E01023,2026-09-08,1241,1221,1237,561339
equity,INE405E01023,2026-09-09,1237,1225.7,1229,375564
equity,INE405E01023,2026-09-10,1241,1218.2,1224.8,474437
equity,INE405E01023,2026-09-11,1217.6,1199.5,1201.6,374682
equity,INE405E01023,2026-09-14,1201.6,1201.6,1201.6,
equity,INE405E01023,2026-09-15,1213.9,1159.7,1159.7,417139
equity,INE405E01023,2026-09-16,1188.3,1160,1186,367236
equity,INE726G01019,2026-09-08,478.35,466.25,469.3,1191834
equity,INE726G01019,2026-09-09,468,456.9,462.5,942661
equity,INE726G01019,2026-09-10,475.15,455.3,471,2174563
equity,INE726G01019,2026-09-11,475.5,461.25,471.5,1354875
equity,INE726G01019,2026-09-14,471.5,471.5,471.5,
equity,INE726G01019,2026-09-15,472.2,457.6,457.6,941756
equity,INE726G01019,2026-09-16,474,456.95,470,767518
equity,INE528G01035,2026-09-07,22.59,22.28,22.42,33364009
equity,INE528G01035,2026-09-08,22.57,22.38,22.52,38612501
equity,INE528G01035,2026-09-09,22.58,22.37,22.42,38540281
equity,INE528G01035,2026-09-10,22.48,22.24,22.3,47990386
equity,INE528G01035,2026-09-11,23.95,22.07,23.48,234792571
equity,INE528G01035,2026-09-14,23.48,23.48,23.48,
equity,INE528G01035,2026-09-15,23.9,22.99,23.07,95413759
equity,INE528G01035,2026-09-16,24.1,23.26,23.4,205387639
equity,INE211B01039,2026-09-07,1939.4313,1896.588,1902.4802,253740
equity,INE211B01039,2026-09-08,1912.4669,1882.5066,1882.5066,329961
equity,INE211B01039,2026-09-09,1913.3658,1862.7328,1882.8063,299790
equity,INE211B01039,2026-09-10,1912.2672,1880.6091,1887.5,383380
equity,INE211B01039,2026-09-11,1910,1825.1,1890,723014
equity,INE211B01039,2026-09-14,1890,1890,1890,
equity,INE211B01039,2026-09-15,1890,1833.6,1833.6,366872
equity,INE211B01039,2026-09-16,1864.1,1820.2,1855,473466
equity,INE377Y01014,2026-09-07,84.98,82.5,84.04,3878435
equity,INE377Y01014,2026-09-08,84.2,82.58,84.01,3509185
equity,INE377Y01014,2026-09-09,84.1,82.79,82.92,1812516
equity,INE377Y01014,2026-09-10,84.64,82.4,84.22,3734084
equity,INE377Y01014,2026-09-11,85.51,82.9,84.11,5140262
equity,INE377Y01014,2026-09-14,84.11,84.11,84.11,
equity,INE377Y01014,2026-09-15,84.53,83.08,84,3993670
equity,INE377Y01014,2026-09-16,83.78,82.4,82.96,2503141
equity,INE935A01035,2026-09-07,2472,2420.2,2451.8999,267568
equity,INE935A01035,2026-09-08,2492,2439,2474.5,447432
equity,INE935A01035,2026-09-09,2486.8999,2400.1001,2435,424753
equity,INE935A01035,2026-09-10,2449.8999,2403.1001,2415,262107
equity,INE935A01035,2026-09-11,2431.8999,2384.1001,2419.2,346692
equity,INE935A01035,2026-09-14,2419.2,2419.2,2419.2,
equity,INE935A01035,2026-09-15,2429.8,2346.6001,2371.7,275789
equity,INE935A01035,2026-09-16,2425.8,2306.3,2410,677482
equity,INE139A01034,2026-09-07,377.5,365.9,365.9,3280288
equity,INE139A01034,2026-09-08,378.3,367.8,371.05,5469151
equity,INE139A01034,2026-09-09,386,371.65,377.6,9139475
equity,INE139A01034,2026-09-10,383,371.05,373.35,3376100
equity,INE139A01034,2026-09-11,365,352.35,361,6560514
equity,INE139A01034,2026-09-14,361,361,361,
equity,INE139A01034,2026-09-15,360.35,350.25,350.55,3640356
equity,INE139A01034,2026-09-16,357.75,350.1,356,3669953
equity,INE914M01019,2026-09-08,795.65,782.6,790.35,537709
equity,INE914M01019,2026-09-09,792.3,776,780.35,1498226
equity,INE914M01019,2026-09-10,781.55,765,766.5,999914
equity,INE914M01019,2026-09-11,770.9,757.55,763.05,600395
equity,INE914M01019,2026-09-14,763.05,763.05,763.05,
equity,INE914M01019,2026-09-15,762.95,738,741.25,1030702
equity,INE914M01019,2026-09-16,746.8,729.05,741.2,982120
equity,INE811K01011,2026-09-07,1595,1550,1550,231985
equity,INE811K01011,2026-09-08,1566,1532,1561.6,505136
equity,INE811K01011,2026-09-09,1557.9,1534.1,1540.4,499802
equity,INE811K01011,2026-09-10,1544,1518.6,1543.6,296169
equity,INE811K01011,2026-09-11,1530.8,1467.2,1498,746627
equity,INE811K01011,2026-09-14,1498,1498,1498,
equity,INE811K01011,2026-09-15,1514.9,1417,1417,410061
equity,INE811K01011,2026-09-16,1442,1409.1,1424,498058
equity,INE191B01025,2026-09-07,2674.8,2536.8,2597.8999,1503451
equity,INE191B01025,2026-09-08,2641.7,2575.5,2599.5,1053885
equity,INE191B01025,2026-09-09,2652,2586.1001,2608.5,759849
equity,INE191B01025,2026-09-10,2784.8,2606.5,2776.8999,4261554
equity,INE191B01025,2026-09-11,2761.8,2658.5,2676.6001,1221515
equity,INE191B01025,2026-09-14,2676.6001,2676.6001,2676.6001,
equity,INE191B01025,2026-09-15,2718.3999,2363.6001,2413.3,3340619
equity,INE191B01025,2026-09-16,2448.7,2240.2,2424.5,2930841
equity,INE061F01013,2026-09-08,913,902.35,908,768379
equity,INE061F01013,2026-09-09,918.4,903.65,915,670656
equity,INE061F01013,2026-09-10,915,900.6,902.45,963139
equity,INE061F01013,2026-09-11,900,885,887.8,784589
equity,INE061F01013,2026-09-14,887.8,887.8,887.8,
equity,INE061F01013,2026-09-15,896.55,875.2,880.1,842800
equity,INE061F01013,2026-09-16,880.1,861.4,870.3,1094839
equity,INE093I01010,2026-09-07,1885.5,1847.5,1847.5,206196
equity,INE093I01010,2026-09-08,1857.2,1820.4,1833.8,261690
equity,INE093I01010,2026-09-09,1836.2,1796.1,1800,222585
equity,INE093I01010,2026-09-10,1806.4,1777.5,1792,233031
equity,INE093I01010,2026-09-11,1780,1714.8,1741.1,543198
equity,INE093I01010,2026-09-14,1741.1,1741.1,1741.1,
equity,INE093I01010,2026-09-15,1749.5,1668.5,1668.5,362748
equity,INE093I01010,2026-09-16,1717.3,1660,1706.9,599598
equity,INE016A01026,2026-09-07,381.8,373.8,375.5,2530210
equity,INE016A01026,2026-09-08,377.95,373.75,375,2107745
equity,INE016A01026,2026-09-09,374.7,368.05,371.55,2451979
equity,INE016A01026,2026-09-10,377.75,369,376.45,2119982
equity,INE016A01026,2026-09-11,377,372.1,376,863561
equity,INE016A01026,2026-09-14,376,376,376,
equity,INE016A01026,2026-09-15,390.95,376.75,384.9,9936721
equity,INE016A01026,2026-09-16,389.45,382,382,1791733
equity,INE399L01023,2026-09-08,612,602,609.4,458452
equity,INE399L01023,2026-09-09,624.4,608.55,612.3,871019
equity,INE399L01023,2026-09-10,616,600.25,602.7,461142
equity,INE399L01023,2026-09-11,601.45,592.5,594.8,437058
equity,INE399L01023,2026-09-14,594.8,594.8,594.8,
equity,INE399L01023,2026-09-15,602.9,576.4,580.15,517239
equity,INE399L01023,2026-09-16,597.25,580.25,586.5,838619
equity,INE457A01014,2026-09-07,87.5,84.7,85,12286857
equity,INE457A01014,2026-09-08,85.9,84,84.79,10148334
equity,INE457A01014,2026-09-09,84.8,83.6,84.56,11713367
equity,INE457A01014,2026-09-10,86.25,83.75,84.35,15415768
equity,INE457A01014,2026-09-11,84.9,83.05,84.2,21676225
equity,INE457A01014,2026-09-14,84.2,84.2,84.2,
equity,INE457A01014,2026-09-15,84.61,79.56,79.56,14589564
equity,INE457A01014,2026-09-16,81.7,79.2,80.21,18695561
equity,INE084A01016,2026-09-07,145.5,141.44,142.02,3604727
equity,INE084A01016,2026-09-08,142.39,139.73,140.86,4588957
equity,INE084A01016,2026-09-09,142.45,139.8,141.06,6061098
equity,INE084A01016,2026-09-10,142.72,140,141,5321538
equity,INE084A01016,2026-09-11,140.1,137.26,140,4385344
equity,INE084A01016,2026-09-14,140,140,140,
equity,INE084A01016,2026-09-15,140.41,137,137.61,4479489
equity,INE084A01016,2026-09-16,139.35,136.85,137.81,5028816
equity,INE813H01021,2026-09-08,1283.9,1257.6,1270.2,254564
equity,INE813H01021,2026-09-09,1322.4,1271.6,1305.7,486733
equity,INE813H01021,2026-09-10,1309.3,1287.8,1296.3,110609
equity,INE813H01021,2026-09-11,1300.4,1278.3,1297.6,194814
equity,INE813H01021,2026-09-15,1326.9,1291.5,1300.9,436537
equity,INE813H01021,2026-09-16,1309.3,1267.4,1295.3,389147
equity,INE376G01013,2026-09-07,397.35,388.65,391.4,2488189
equity,INE376G01013,2026-09-08,399.9,390.9,392.3,2791301
equity,INE376G01013,2026-09-09,403.95,393,395,10271402
equity,INE376G01013,2026-09-10,397.95,388.45,391.65,4737510
equity,INE376G01013,2026-09-11,396.85,384.65,390.65,3665623
equity,INE376G01013,2026-09-14,390.65,390.65,390.65,
equity,INE376G01013,2026-09-15,392.05,381,382,2543144
equity,INE376G01013,2026-09-16,383.5,373.5,374.4,1760904
equity,INE565A01014,2026-09-07,33.63,33.02,33.1,1509216
equity,INE565A01014,2026-09-08,33.45,32.9,33.34,1397088
equity,INE565A01014,2026-09-09,33.43,32.92,32.98,1407092
equity,INE565A01014,2026-09-10,33.24,32.77,32.86,1617716
equity,INE565A01014,2026-09-11,33.14,32.54,33.07,1926531
equity,INE565A01014,2026-09-15,33.3,32.12,32.38,2198392
equity,INE565A01014,2026-09-16,32.49,31.95,32.09,1804779
equity,INE976G01028,2026-09-08,419.1,413,418.5,1994199
equity,INE976G01028,2026-09-09,420.4,414.7,416,3908840
equity,INE976G01028,2026-09-10,417.2,409.05,410.8,2711005
equity,INE976G01028,2026-09-11,416.5,406,412.55,3209425
equity,INE976G01028,2026-09-14,412.55,412.55,412.55,
equity,INE976G01028,2026-09-15,414.3,402.15,403.6,1249135
equity,INE976G01028,2026-09-16,406.7,395.95,404,2607091
equity,INE481Y01014,2026-09-08,353.15,346.2,348.1,937332
equity,INE481Y01014,2026-09-09,353.75,343.15,349.9,1164539
equity,INE481Y01014,2026-09-10,350.2,342.95,343.7,350856
equity,INE481Y01014,2026-09-11,351,340.7,349.4,670025
equity,INE481Y01014,2026-09-14,349.4,349.4,349.4,
equity,INE481Y01014,2026-09-15,350.2,337.1,338.2,370114
equity,INE481Y01014,2026-09-16,342.15,337,337.75,328442
equity,INE0LEZ01016,2026-09-07,1618,1561.1,1599.3,3789386
equity,INE0LEZ01016,2026-09-08,1613.4,1568,1578,2413864
equity,INE0LEZ01016,2026-09-09,1599.6,1572.8,1580,1669212
equity,INE0LEZ01016,2026-09-10,1661.9,1607.4,1658.3,8086256
equity,INE0LEZ01016,2026-09-11,1673.5,1615.5,1656,4881695
equity,INE0LEZ01016,2026-09-14,1656,1656,1656,
equity,INE0LEZ01016,2026-09-15,1662,1545.5,1568.5,3713971
equity,INE0LEZ01016,2026-09-16,1574.8,1521.1,1567.5,3577223
equity,INE018E01016,2026-09-08,675,661.35,668,2340386
equity,INE018E01016,2026-09-09,674.45,657.25,668.4,2199393
equity,INE018E01016,2026-09-10,671,660.55,666.3,1286184
equity,INE018E01016,2026-09-11,665.15,650.05,655.2,1571692
equity,INE018E01016,2026-09-14,655.2,655.2,655.2,
equity,INE018E01016,2026-09-15,655.75,617.1,618.6,1751822
equity,INE018E01016,2026-09-16,629.3,612.6,618.1,1306831
equity,INE702C01027,2026-09-07,2246.3465,2190.3622,2206.5,709214
equity,INE702C01027,2026-09-08,2204.8,2165,2185,922548
equity,INE702C01027,2026-09-09,2194.8999,2165,2168,270373
equity,INE702C01027,2026-09-10,2194.8,2158.3999,2194.8,292273
equity,INE702C01027,2026-09-11,2176.2,2109.8,2153.5,591497
equity,INE702C01027,2026-09-14,2153.5,2153.5,2153.5,
equity,INE702C01027,2026-09-15,2160,2107.7,2119.3,434016
equity,INE702C01027,2026-09-16,2132.8999,2041.3,2120,925656
equity,INE338I01027,2026-09-07,1058.9,1031.4,1055,1551861
equity,INE338I01027,2026-09-08,1060.2,1035.2,1051.5,940774
equity,INE338I01027,2026-09-09,1049.6,1019,1025,489071
equity,INE338I01027,2026-09-10,1024.9,1008,1015,338388
equity,INE338I01027,2026-09-11,1030.7,988,1026.5,625141
equity,INE338I01027,2026-09-15,1030,985.1,990.8,581522
equity,INE338I01027,2026-09-16,989.9,963.8,976.5,770817
equity,INE040H01021,2026-09-07,45.55,44.85,45.55,28911783
equity,INE040H01021,2026-09-08,45.77,45.27,45.5,24929892
equity,INE040H01021,2026-09-09,46.4,45.3,45.45,52512738
equity,INE040H01021,2026-09-10,45.68,44.1,44.22,43668900
equity,INE040H01021,2026-09-11,44.5,43.21,44.12,52777120
equity,INE040H01021,2026-09-14,44.12,44.12,44.12,
equity,INE040H01021,2026-09-15,44.97,42.58,42.9,40276349
equity,INE040H01021,2026-09-16,42.9,41.76,42.15,65007079
equity,INE540L01014,2026-09-08,5206.5,5129.5,5181,75997
equity,INE540L01014,2026-09-09,5222,5139,5139,106076
equity,INE540L01014,2026-09-10,5185,5104.5,5138,41390
equity,INE540L01014,2026-09-11,5128,5051,5087.5,238760
equity,INE540L01014,2026-09-15,5290,5140.5,5161,253213
equity,INE540L01014,2026-09-16,5265.5,5148,5175,304188
equity,INE303R01014,2026-09-08,616.385,584.7142,610.1105,10713234
equity,INE303R01014,2026-09-09,615.3891,600.8483,605.1309,7297816
equity,INE303R01014,2026-09-10,617.829,601.0475,612.7,6066311
equity,INE303R01014,2026-09-11,610,589.05,601.15,6340796
equity,INE303R01014,2026-09-15,616,604.2,604.2,8522494
equity,INE303R01014,2026-09-16,611.8,574.4,580.9,7483856
equity,INE513A01022,2026-09-08,4000.5,3911.7,3954.6001,50833
equity,INE513A01022,2026-09-09,3979.7,3912,3933.8,76961
equity,INE513A01022,2026-09-10,3992.8,3930.1001,3940.2,19467
equity,INE513A01022,2026-09-11,3967.7,3890.1001,3950.5,18313
equity,INE513A01022,2026-09-14,3950.5,3950.5,3950.5,
equity,INE513A01022,2026-09-15,3961.6001,3895,3916.3999,50304
equity,INE513A01022,2026-09-16,3955.5,3818.1001,3898.8999,33996
equity,INE220G01021,2026-09-08,740,727,738.75,413278
equity,INE220G01021,2026-09-09,794,731,783.3,6366585
equity,INE220G01021,2026-09-10,790.5,760.1,762.15,960367
equity,INE220G01021,2026-09-11,766.5,741,756.1,1619515
equity,INE220G01021,2026-09-14,756.1,756.1,756.1,
equity,INE220G01021,2026-09-15,760,721.25,723.55,547512
equity,INE220G01021,2026-09-16,738.8,715,730.85,1372344
equity,INE944F01028,2026-09-07,4496,4433,4444,110526
equity,INE944F01028,2026-09-08,4497.6001,4424,4485,139858
equity,INE944F01028,2026-09-09,4477.5,4396.6001,4414,212920
equity,INE944F01028,2026-09-10,4485,4396.2002,4460,119989
equity,INE944F01028,2026-09-11,4437.6001,4362.5,4368.1001,104310
equity,INE944F01028,2026-09-14,4368.1001,4368.1001,4368.1001,
equity,INE944F01028,2026-09-15,4431,4298.7998,4360,242365
equity,INE944F01028,2026-09-16,4466,4321.6001,4466,278581
equity,INE484J01027,2026-09-07,1984,1891.1,1922.2,752808
equity,INE484J01027,2026-09-08,1926.3,1885.1,1906.6,507608
equity,INE484J01027,2026-09-09,1908.2,1855,1857.1,538632
equity,INE484J01027,2026-09-10,1874.8,1836,1872,686220
equity,INE484J01027,2026-09-11,1855,1719,1748,2684348
equity,INE484J01027,2026-09-14,1748,1748,1748,
equity,INE484J01027,2026-09-15,1759.7,1657.4,1659.3,1071741
equity,INE484J01027,2026-09-16,1703.7,1647.6,1665.3,783198
equity,INE169A01031,2026-09-07,1980,1925.1,1974.6,86472
equity,INE169A01031,2026-09-08,1979.1,1940.5,1951.1,61408
equity,INE169A01031,2026-09-09,1967.6,1918.1,1962.7,83551
equity,INE169A01031,2026-09-10,1972,1947,1961.9,38962
equity,INE169A01031,2026-09-11,1950.8,1916.4,1929,100672
equity,INE169A01031,2026-09-15,1950,1918.9,1939.1,93758
equity,INE169A01031,2026-09-16,1945,1910,1937.8,88917
equity,INE756I01012,2026-09-07,687.15,675.4,685.05,1539050
equity,INE756I01012,2026-09-08,689.95,677.7,683.1,489696
equity,INE756I01012,2026-09-09,684.8,673.1,675.05,424779
equity,INE756I01012,2026-09-10,680.85,668.05,677.7,261702
equity,INE756I01012,2026-09-11,674.5,666.4,669.2,168613
equity,INE756I01012,2026-09-15,675,662.4,664.7,220611
equity,INE756I01012,2026-09-16,678.8,662.7,678,294535
equity,INE463A01038,2026-09-08,485.65,476.15,479.45,224801
equity,INE463A01038,2026-09-09,483.9,468,470.8,397752
equity,INE463A01038,2026-09-10,473.95,460.95,463.8,262246
equity,INE463A01038,2026-09-11,465.75,457,458.05,283827
equity,INE463A01038,2026-09-15,460.95,445.55,447.1,220721
equity,INE463A01038,2026-09-16,450.7,444.15,448.15,163366
equity,INE358A01014,2026-09-08,26065,25440,25555,11086
equity,INE358A01014,2026-09-09,25705,25190,25225,6053
equity,INE358A01014,2026-09-10,25395,25205,25260,7222
equity,INE358A01014,2026-09-11,25635,25135,25550,9615
equity,INE358A01014,2026-09-15,26245,25550,26125,10732
equity,INE358A01014,2026-09-16,26450,25500,26125,5678
equity,INE883A01011,2026-09-07,130300,128705,128890,3771
equity,INE883A01011,2026-09-08,129290,128000,128245,2712
equity,INE883A01011,2026-09-09,129090,127545,128315,2834
equity,INE883A01011,2026-09-10,129245,128000,128270,2102
equity,INE883A01011,2026-09-11,128765,127015,128290,2143
equity,INE883A01011,2026-09-15,129600,125500,125795,2921
equity,INE883A01011,2026-09-16,127700,124615,125010,4954
equity,INE473A01011,2026-09-08,6490.5,6330.5,6380,90218
equity,INE473A01011,2026-09-09,6458.5,6322,6352.5,45955
equity,INE473A01011,2026-09-10,6384,6180.5,6227.5,13975
equity,INE473A01011,2026-09-11,6250,6160,6227.5,11729
equity,INE473A01011,2026-09-14,6227.5,6227.5,6227.5,
equity,INE473A01011,2026-09-15,6267,6065,6080,15285
equity,INE473A01011,2026-09-16,6150.5,6024.5,6089.5,12044
equity,INE180A01020,2026-09-08,1527,1485,1498.7,589318
equity,INE180A01020,2026-09-09,1497,1463,1468.5,802373
equity,INE180A01020,2026-09-10,1483.7,1452,1479.9,258122
equity,INE180A01020,2026-09-11,1488,1453.6,1477,350366
equity,INE180A01020,2026-09-14,1477,1477,1477,
equity,INE180A01020,2026-09-15,1482,1425.9,1425.9,557252
equity,INE180A01020,2026-09-16,1491.7,1423.6,1487.6,929933
equity,INE202B01038,2026-09-07,2290.8,2209.8999,2261,500739
equity,INE202B01038,2026-09-08,2309.8999,2236.6001,2298.5,481431
equity,INE202B01038,2026-09-09,2326.3999,2278.1001,2310.5,220456
equity,INE202B01038,2026-09-10,2316,2258,2295.6001,335744
equity,INE202B01038,2026-09-11,2287.3999,2249.3,2255.6001,290691
equity,INE202B01038,2026-09-15,2299,2214,2224.3999,257641
equity,INE202B01038,2026-09-16,2237.2,2180.2,2201.1001,405979
equity,INE0CZ201020,2026-09-07,958.85,931.1,933.5,667717
equity,INE0CZ201020,2026-09-08,959.9,920,957.8,898858
equity,INE0CZ201020,2026-09-09,977.55,940.45,942.95,928217
equity,INE0CZ201020,2026-09-10,959.2,934,942.3,844850
equity,INE0CZ201020,2026-09-11,952,932.7,940.9,844305
equity,INE0CZ201020,2026-09-15,962,938.2,942.85,599280
equity,INE0CZ201020,2026-09-16,953.75,903,908.45,1023044
equity,INE974X01010,2026-09-08,2683.3999,2626.2,2638.7,545195
equity,INE974X01010,2026-09-09,2708.6001,2596.3,2678.3,234838
equity,INE974X01010,2026-09-10,2674.5,2632.5,2652,174561
equity,INE974X01010,2026-09-11,2637.1001,2580.1001,2606.1001,135215
equity,INE974X01010,2026-09-14,2606.1001,2606.1001,2606.1001,
equity,INE974X01010,2026-09-15,2613.2,2521.5,2525,195410
equity,INE974X01010,2026-09-16,2609,2482,2566.6001,187773
equity,INE774D01024,2026-09-07,375.4,366,372.35,1859254
equity,INE774D01024,2026-09-08,381.45,368.75,374.35,2955284
equity,INE774D01024,2026-09-09,374,362.2,363.75,2529271
equity,INE774D01024,2026-09-10,365,356.5,359.25,2598186
equity,INE774D01024,2026-09-11,357.6,351.55,356.15,2169574
equity,INE774D01024,2026-09-14,356.15,356.15,356.15,
equity,INE774D01024,2026-09-15,358.75,341,342.3,1375707
equity,INE774D01024,2026-09-16,347.35,341.1,345.05,1115300
equity,INE188A01015,2026-09-08,823.3,786.65,791.2,402032
equity,INE188A01015,2026-09-09,798.95,784.8,786.4,99776
equity,INE188A01015,2026-09-10,809.55,785,789.95,167703
equity,INE188A01015,2026-09-11,782.5,775.2,779.6,61387
equity,INE188A01015,2026-09-15,785.15,751.4,754.55,118792
equity,INE188A01015,2026-09-16,756.35,740.05,749,76634
equity,INE660A01013,2026-09-08,4739.8999,4650.1001,4712.7002,33937
equity,INE660A01013,2026-09-09,4740.6001,4645.1001,4728,24537
equity,INE660A01013,2026-09-10,4750,4651.2998,4703,17626
equity,INE660A01013,2026-09-11,4746.5,4611,4710.7002,25632
equity,INE660A01013,2026-09-15,4864.7998,4668.5,4695,64086
equity,INE660A01013,2026-09-16,4696,4630.1001,4672.3999,51662
equity,INE531E01026,2026-09-07,519.6285,504.6852,507.1758,5991278
equity,INE531E01026,2026-09-08,534.9703,518.0345,530.8359,24876043
equity,INE531E01026,2026-09-09,542.94,528.4948,530.288,15102525
equity,INE531E01026,2026-09-10,540.9476,523.713,525.3069,8458321
equity,INE531E01026,2026-09-11,514.5478,503.0913,512.5554,8769684
equity,INE531E01026,2026-09-14,512.5554,512.5554,512.5554,
equity,INE531E01026,2026-09-15,512.0074,488.6959,490.24,6982438
equity,INE531E01026,2026-09-16,496.7,477.5,481.6,7243408
equity,INE159A01016,2026-09-08,3001.3,2921.2,2928.2,50684
equity,INE159A01016,2026-09-09,2959.6001,2875,2890.2,29124
equity,INE159A01016,2026-09-10,2961.8,2832.2,2840.8999,38562
equity,INE159A01016,2026-09-11,2863.5,2793.8999,2828.3999,38428
equity,INE159A01016,2026-09-15,2840.8,2775.8,2818.8999,39814
equity,INE159A01016,2026-09-16,2878,2755.8999,2856.2,85458
equity,INE151A01013,2026-09-08,1760,1718.2,1752.8,257972
equity,INE151A01013,2026-09-09,1784,1734.9,1772.8,207805
equity,INE151A01013,2026-09-10,1782,1753.7,1764.4,187640
equity,INE151A01013,2026-09-11,1785,1747.8,1761.6,167102
equity,INE151A01013,2026-09-15,1819.8,1742.4,1748.2,285951
equity,INE151A01013,2026-09-16,1815.9,1740,1799.3,317004
equity,INE09N301011,2026-09-08,4684.8999,4486,4676.6001,136156
equity,INE09N301011,2026-09-09,4769.8999,4652.7998,4754.7998,119098
equity,INE09N301011,2026-09-10,4887.8999,4737.7998,4786.2998,170274
equity,INE09N301011,2026-09-11,4820,4730,4773.2002,130082
equity,INE09N301011,2026-09-15,4830,4557.8999,4601.2998,130548
equity,INE09N301011,2026-09-16,4620,4439.6001,4533.6001,104607
equity,INE571A01038,2026-09-07,1978.4,1943.7,1959.1,92425
equity,INE571A01038,2026-09-08,1996.9,1959.9,1967.2,158357
equity,INE571A01038,2026-09-09,1983.5,1948,1963.6,126119
equity,INE571A01038,2026-09-10,1979.9,1953.1,1970.9,209376
equity,INE571A01038,2026-09-11,1995,1958.4,1968.5,176417
equity,INE571A01038,2026-09-14,1968.5,1968.5,1968.5,
equity,INE571A01038,2026-09-15,1995.9,1924,1932.4,274487
equity,INE571A01038,2026-09-16,1983,1905,1950.7,337123
equity,INE259A01022,2026-09-07,1838.9,1807.3,1813.5,289793
equity,INE259A01022,2026-09-08,1841.3,1799.1,1819.9,214109
equity,INE259A01022,2026-09-09,1815,1789.8,1800,518477
equity,INE259A01022,2026-09-10,1810,1796.9,1808.5,125826
equity,INE259A01022,2026-09-11,1799.9,1782.1,1797.4,280878
equity,INE259A01022,2026-09-14,1797.4,1797.4,1797.4,
equity,INE259A01022,2026-09-15,1846.6,1788.8,1820.3,670867
equity,INE259A01022,2026-09-16,1900.1,1830.1,1860,1465173
equity,INE01EA01019,2026-09-07,106.57,103.06,104,19261503
equity,INE01EA01019,2026-09-08,105.01,103.05,103.9,8285305
equity,INE01EA01019,2026-09-09,103.99,102.52,103.18,6949596
equity,INE01EA01019,2026-09-10,103.4,102.51,103.4,4752690
equity,INE01EA01019,2026-09-11,102.65,101.06,101.71,7712844
equity,INE01EA01019,2026-09-14,101.71,101.71,101.71,
equity,INE01EA01019,2026-09-15,102.29,100.1,100.1,7678106
equity,INE01EA01019,2026-09-16,102.1,98.9,100.97,9531414
equity,INE073K01018,2026-09-07,790.85,778,788,1159441
equity,INE073K01018,2026-09-08,805.9,778.2,804,1137878
equity,INE073K01018,2026-09-09,806.4,792.55,799.5,549181
equity,INE073K01018,2026-09-10,813.15,792.2,803.5,1517259
equity,INE073K01018,2026-09-11,799.95,786.9,788,832096
equity,INE073K01018,2026-09-14,788,788,788,
equity,INE073K01018,2026-09-15,793.9,777.45,790,1635076
equity,INE073K01018,2026-09-16,794.65,767,768,2589241
equity,INE628A01036,2026-09-07,586.75,573,573,1754057
equity,INE628A01036,2026-09-08,576.75,569.95,576.75,1635290
equity,INE628A01036,2026-09-09,578.35,568.55,575.7,1763304
equity,INE628A01036,2026-09-10,578.6,572.5,575.3,1242223
equity,INE628A01036,2026-09-11,577.65,567.55,572.95,1449635
equity,INE628A01036,2026-09-14,572.95,572.95,572.95,
equity,INE628A01036,2026-09-15,575.95,558,560.8,1588857
equity,INE628A01036,2026-09-16,563.55,550.6,550.6,3044697
equity,INE068V01023,2026-09-07,3042,2916.8999,2974.3,1031320
equity,INE068V01023,2026-09-08,2979.8999,2901.8999,2959.3,709554
equity,INE068V01023,2026-09-09,3033.8999,2938.6001,3026.2,1560855
equity,INE068V01023,2026-09-10,3031,2918.8999,2946.8999,368835
equity,INE068V01023,2026-09-11,2950.1001,2882,2922.3,389004
equity,INE068V01023,2026-09-15,2940,2856.8999,2895.5,497958
equity,INE068V01023,2026-09-16,2914.2,2792.3999,2826.6001,748735
equity,INE084101034,2026-09-07,976.95,941.75,946.7,1601278
equity,INE084101034,2026-09-08,989,943.75,968.95,2185054
equity,INE084101034,2026-09-09,998,947.75,984.55,1874991
equity,INE084101034,2026-09-10,1028.5,996,1006.55,3303971
equity,INE084101034,2026-09-11,1024.5,978.75,1018.2,1564591
equity,INE084101034,2026-09-14,1018.2,1018.2,1018.2,
equity,INE084101034,2026-09-15,1026,960.1,975.65,1440023
equity,INE084101034,2026-09-16,970.1,922.55,946.1,2684627
equity,INE878B01027,2026-09-07,4871,4678,4704,1220350
equity,INE878B01027,2026-09-08,4783,4666,4697.5,1080574
equity,INE878B01027,2026-09-09,4738,4610,4669.5,773204
equity,INE878B01027,2026-09-10,4686,4580,4640,999943
equity,INE878B01027,2026-09-11,4599,4447,4578,1138228
equity,INE878B01027,2026-09-15,4574.5,4449,4500,371320
equity,INE878B01027,2026-09-16,4544.5,4468,4506,306476
equity,INE466L01038,2026-09-08,1128.2,1104.3,1110,1123388
equity,INE466L01038,2026-09-09,1109.2,1087.4,1087.4,869898
equity,INE466L01038,2026-09-10,1104.4,1076.6,1094.9,839166
equity,INE466L01038,2026-09-11,1098.3,1065.6,1091,835305
equity,INE466L01038,2026-09-14,1091,1091,1091,
equity,INE466L01038,2026-09-15,1092.9,1052.1,1052.1,896308
equity,INE466L01038,2026-09-16,1061.9,1042.4,1045.6,634984
equity,INE356A01018,2026-09-08,2374,2335.1001,2355,346120
equity,INE356A01018,2026-09-09,2326.6001,2286.8,2307.5,288892
equity,INE356A01018,2026-09-10,2329,2290.2,2291.7,454003
equity,INE356A01018,2026-09-11,2309.2,2273.3,2295,184932
equity,INE356A01018,2026-09-15,2461.1001,2353,2378,1176828
equity,INE356A01018,2026-09-16,2393.8999,2316.7,2316.7,158916
equity,INE171Z01026,2026-09-08,1262,1234.3,1242.5,1571035
equity,INE171Z01026,2026-09-09,1248,1209.5,1218.1,1337188
equity,INE171Z01026,2026-09-10,1221.2,1190,1195,1240303
equity,INE171Z01026,2026-09-11,1192,1165,1190,974802
equity,INE171Z01026,2026-09-14,1190,1190,1190,
equity,INE171Z01026,2026-09-15,1194.6,1123,1135,1293584
equity,INE171Z01026,2026-09-16,1138.9,1095,1136,1708533
equity,INE0BS701011,2026-09-07,1006.6,987,990,543434
equity,INE0BS701011,2026-09-08,998,982.3,988.8,355380
equity,INE0BS701011,2026-09-09,994.5,972,975.9,583491
equity,INE0BS701011,2026-09-10,981.8,962.2,967.9,992989
equity,INE0BS701011,2026-09-11,980.5,950.1,974.2,1528118
equity,INE0BS701011,2026-09-15,972.8,940.5,945,569740
equity,INE0BS701011,2026-09-16,944.2,888.1,899,3795251
equity,INE208C01025,2026-09-07,1278.7,1238,1253.7,378402
equity,INE208C01025,2026-09-08,1273.9,1232,1268.1,316136
equity,INE208C01025,2026-09-09,1358.7,1268.6,1343.4,2121597
equity,INE208C01025,2026-09-10,1385,1301,1307.6,1152343
equity,INE208C01025,2026-09-11,1364.6,1287.7,1353.6,1216825
equity,INE208C01025,2026-09-15,1385,1320,1323.5,701470
equity,INE208C01025,2026-09-16,1395,1310.2,1381.2,1952285
equity,INE415G01027,2026-09-08,211.3,207,207.5,2884655
equity,INE415G01027,2026-09-09,209.45,206.11,207,3171906
equity,INE415G01027,2026-09-10,211.25,205,205.6,5012189
equity,INE415G01027,2026-09-11,204.99,202.04,204.9,3816727
equity,INE415G01027,2026-09-14,204.9,204.9,204.9,
equity,INE415G01027,2026-09-15,207,198.29,199,3967219
equity,INE415G01027,2026-09-16,200.19,195.15,197.5,4721633
equity,INE787D01026,2026-09-08,2305.5,2237.2,2258,360643
equity,INE787D01026,2026-09-09,2248.5,2191.3,2208.6001,491646
equity,INE787D01026,2026-09-10,2234.8,2188,2193,353459
equity,INE787D01026,2026-09-11,2190.1001,2156.3999,2164.6001,177906
equity,INE787D01026,2026-09-14,2164.6001,2164.6001,2164.6001,
equity,INE787D01026,2026-09-15,2176.3,2117.1001,2129,166038
equity,INE787D01026,2026-09-16,2140,2100.1001,2124.8999,151942
equity,INE206F01022,2026-09-07,519.5,509,514.95,136349
equity,INE206F01022,2026-09-08,529.6,510.55,526.2,142504
equity,INE206F01022,2026-09-09,524.65,512,513.95,100734
equity,INE206F01022,2026-09-10,517.3,511,512.3,68818
equity,INE206F01022,2026-09-11,558,503,544.35,5994616
equity,INE206F01022,2026-09-15,539,524.2,529.85,279515
equity,INE206F01022,2026-09-16,535.2,518.05,528.95,188358
equity,INE195A01028,2026-09-08,3598,3521.7,3553,151985
equity,INE195A01028,2026-09-09,3561.3999,3493.8,3516.8999,99750
equity,INE195A01028,2026-09-10,3512.2,3477.1001,3510,54496
equity,INE195A01028,2026-09-11,3499.1001,3364.3999,3364.3999,130229
equity,INE195A01028,2026-09-14,3364.3999,3364.3999,3364.3999,
equity,INE195A01028,2026-09-15,3413.8999,3300,3300,157956
equity,INE195A01028,2026-09-16,3346.6001,3270,3300,84623
equity,INE048G01026,2026-09-07,8649,8532.5,8603.5,76404
equity,INE048G01026,2026-09-08,8754,8505.5,8731,118511
equity,INE048G01026,2026-09-09,8949.5,8700,8775.5,294169
equity,INE048G01026,2026-09-10,8771.5,8622,8700.5,65488
equity,INE048G01026,2026-09-11,8699.5,8486.5,8543.5,86538
equity,INE048G01026,2026-09-15,8618.5,8208,8228,111387
equity,INE048G01026,2026-09-16,8295,8100,8160.5,99474
equity,INE819V01029,2026-09-07,3803.1001,3705,3752.8999,170197
equity,INE819V01029,2026-09-08,3850,3690,3828.8,169118
equity,INE819V01029,2026-09-09,3887.2,3703.2,3746.1001,180329
equity,INE819V01029,2026-09-10,3879.8999,3662,3829.1001,215710
equity,INE819V01029,2026-09-11,3900,3775,3825.5,161471
equity,INE819V01029,2026-09-15,3879.8,3634.3,3663.3999,182895
equity,INE819V01029,2026-09-16,3699,3480.3,3547.7,315396
equity,INE152A01029,2026-09-07,3670,3593.3,3622,141581
equity,INE152A01029,2026-09-08,3655.2,3580.5,3629.6001,195564
equity,INE152A01029,2026-09-09,3702,3614.2,3638.6001,140751
equity,INE152A01029,2026-09-10,3719.8,3625.3,3645.3999,112142
equity,INE152A01029,2026-09-11,3702.1001,3589.5,3682,84569
equity,INE152A01029,2026-09-14,3682,3682,3682,
equity,INE152A01029,2026-09-15,3718,3508,3559.3999,211945
equity,INE152A01029,2026-09-16,3582.5,3481.6001,3536.8,245759
equity,INE031B01049,2026-09-08,3597,3483.3,3579.3,112843
equity,INE031B01049,2026-09-09,3609,3512.3,3534.3999,41843
equity,INE031B01049,2026-09-10,3550,3480,3520,20445
equity,INE031B01049,2026-09-11,3560,3460,3533.3999,45547
equity,INE031B01049,2026-09-15,3555.8999,3477.1001,3510.3999,78118
equity,INE031B01049,2026-09-16,3530.8,3460,3508.8999,116329
equity,INE347G01014,2026-09-08,291,285,285.8,1543809
equity,INE347G01014,2026-09-09,288.5,284.15,285.9,1133536
equity,INE347G01014,2026-09-10,290.7,283.05,288.7,2585212
equity,INE347G01014,2026-09-11,287.2,283.85,287.2,781806
equity,INE347G01014,2026-09-15,288.4,280.5,283.95,1170508
equity,INE347G01014,2026-09-16,284.95,278.25,282.1,691947
equity,INE511C01022,2026-09-07,468.05,456.3,459.15,452170
equity,INE511C01022,2026-09-08,460,452.35,455.25,418071
equity,INE511C01022,2026-09-09,451.85,444.35,448.6,963582
equity,INE511C01022,2026-09-10,455.65,445.5,449.4,502977
equity,INE511C01022,2026-09-11,449.1,436.5,445.25,1633833
equity,INE511C01022,2026-09-15,447.65,431,434.6,859283
equity,INE511C01022,2026-09-16,434.95,428.1,432.45,678990
equity,INE930H01031,2026-09-08,1155.1,1118.1,1135,257472
equity,INE930H01031,2026-09-09,1158.8,1128.3,1140.3,239559
equity,INE930H01031,2026-09-10,1139,1120,1127.3,186138
equity,INE930H01031,2026-09-11,1122.1,1100,1109.1,166974
equity,INE930H01031,2026-09-15,1129,1105.1,1120.2,204356
equity,INE930H01031,2026-09-16,1130.2,1080,1121.4,162171
equity,INE761H01022,2026-09-07,36495,35625,35825,11706
equity,INE761H01022,2026-09-08,36540,35505,35915,24215
equity,INE761H01022,2026-09-09,35825,35200,35395,15250
equity,INE761H01022,2026-09-10,35900,34960,35750,15704
equity,INE761H01022,2026-09-11,35410,35080,35365,11287
equity,INE761H01022,2026-09-15,35510,34580,34580,12827
equity,INE761H01022,2026-09-16,35035,34000,34275,33476
equity,INE006I01046,2026-09-08,1507.4,1485,1500.8,613597
equity,INE006I01046,2026-09-09,1507,1465.6,1474.8,769503
equity,INE006I01046,2026-09-10,1474.8,1451.7,1459,914375
equity,INE006I01046,2026-09-11,1456,1402.5,1411.4,872167
equity,INE006I01046,2026-09-14,1411.4,1411.4,1411.4,
equity,INE006I01046,2026-09-15,1414.1,1372.8,1379.6,609291
equity,INE006I01046,2026-09-16,1388.3,1357.6,1382.5,523896
equity,INE474Q01031,2026-09-08,1434.9,1403.4,1428.6,185231
equity,INE474Q01031,2026-09-09,1487.4,1431.8,1480.4,565564
equity,INE474Q01031,2026-09-10,1487.9,1445,1459.6,337547
equity,INE474Q01031,2026-09-11,1459.7,1432.3,1447.2,74678
equity,INE474Q01031,2026-09-15,1464.6,1410,1418.1,65507
equity,INE474Q01031,2026-09-16,1425,1380.1,1404.6,227556
equity,INE212H01026,2026-09-08,4283.3999,4200,4259,25860
equity,INE212H01026,2026-09-09,4259.1001,4165,4172.1001,18400
equity,INE212H01026,2026-09-10,4184.2002,4102.1001,4116.2998,27226
equity,INE212H01026,2026-09-11,4125.8999,4055.6001,4096.6001,18371
equity,INE212H01026,2026-09-15,4140,3886,3899.3,43966
equity,INE212H01026,2026-09-16,3907.7,3778,3805.8,133042
equity,INE704P01025,2026-09-07,1520.4,1490.1,1506.4,615515
equity,INE704P01025,2026-09-08,1531.5,1505,1528.2,875111
equity,INE704P01025,2026-09-09,1562,1502.1,1556,1253871
equity,INE704P01025,2026-09-10,1571.8,1520.4,1520.4,1052635
equity,INE704P01025,2026-09-11,1510,1372,1381,6390480
equity,INE704P01025,2026-09-14,1381,1381,1381,
equity,INE704P01025,2026-09-15,1389,1320,1325,1989625
equity,INE704P01025,2026-09-16,1330,1290.9,1319,1222729
equity,INE823G01014,2026-09-08,5170,4972,4990.5,94515
equity,INE823G01014,2026-09-09,5070,4960,4990.5,34112
equity,INE823G01014,2026-09-10,5004.5,4887,4915.5,37586
equity,INE823G01014,2026-09-11,4909.5,4813,4843.5,54957
equity,INE823G01014,2026-09-15,4849.5,4701,4712,24671
equity,INE823G01014,2026-09-16,4872,4676,4750,61979
equity,INE233A01035,2026-09-08,1155,1130.2,1144,63806
equity,INE233A01035,2026-09-09,1143,1124.4,1133.4,45380
equity,INE233A01035,2026-09-10,1135.4,1120,1122.3,90792
equity,INE233A01035,2026-09-11,1130,1101.1,1126.8,46331
equity,INE233A01035,2026-09-15,1137.8,1100.1,1104,51244
equity,INE233A01035,2026-09-16,1172,1078,1136.5,463397
equity,INE913H01037,2026-09-08,2784.3,2702,2735.3,81560
equity,INE913H01037,2026-09-09,2823,2722.8999,2755.7,117170
equity,INE913H01037,2026-09-10,2762.2,2691,2715.8999,119092
equity,INE913H01037,2026-09-11,2733.3,2678,2692.6001,56131
equity,INE913H01037,2026-09-15,2710,2609.8,2614.6001,45517
equity,INE913H01037,2026-09-16,2659,2582,2628.3999,72279
equity,INE226A01021,2026-09-07,1176.4,1164.4,1167.2,402813
equity,INE226A01021,2026-09-08,1169.2,1141.3,1144.8,819033
equity,INE226A01021,2026-09-09,1147,1136,1143.8,475069
equity,INE226A01021,2026-09-10,1158.9,1131.4,1158.5,517423
equity,INE226A01021,2026-09-11,1169,1138,1165,762254
equity,INE226A01021,2026-09-14,1165,1165,1165,
equity,INE226A01021,2026-09-15,1179,1137,1137,477143
equity,INE226A01021,2026-09-16,1153,1131,1131,466418
equity,INE111A01025,2026-09-07,510.3,501.3,503.9,705152
equity,INE111A01025,2026-09-08,512.8,499.05,502,924971
equity,INE111A01025,2026-09-09,512.45,499.5,510,1057889
equity,INE111A01025,2026-09-10,509.95,503.7,504.15,932939
equity,INE111A01025,2026-09-11,503.5,494.15,499.25,556686
equity,INE111A01025,2026-09-14,499.25,499.25,499.25,
equity,INE111A01025,2026-09-15,501.5,483.7,483.7,566088
equity,INE111A01025,2026-09-16,491.3,480.7,488.8,442499
equity,INE089C01029,2026-09-08,825.6,800,824.7,2224609
equity,INE089C01029,2026-09-09,865.9,796.05,865.9,4381757
equity,INE089C01029,2026-09-10,897.3,840,854.75,2260708
equity,INE089C01029,2026-09-11,897.45,830,897.4,2409510
equity,INE089C01029,2026-09-14,897.4,897.4,897.4,
equity,INE089C01029,2026-09-15,912,852.55,852.55,3615694
equity,INE089C01029,2026-09-16,849,809.95,818.05,2550368
equity,INE335Y01020,2026-09-08,474.9,472,472.45,412334
equity,INE335Y01020,2026-09-09,475,469,469.5,687597
equity,INE335Y01020,2026-09-10,476.4,467,467.75,675989
equity,INE335Y01020,2026-09-11,467.15,462.15,462.9,604286
equity,INE335Y01020,2026-09-14,462.9,462.9,462.9,
equity,INE335Y01020,2026-09-15,466.55,457,458.55,660178
equity,INE335Y01020,2026-09-16,458,446.5,452.95,1329215
equity,INE509F01029,2026-09-07,285.8,280.05,280.95,5517341
equity,INE509F01029,2026-09-08,282.35,272.2,274.8,7752087
equity,INE509F01029,2026-09-09,280.6,265.45,279.7,26778485
equity,INE509F01029,2026-09-10,282.8,276,277.45,9575089
equity,INE509F01029,2026-09-11,283.5,275,280,10688011
equity,INE509F01029,2026-09-14,280,280,280,
equity,INE509F01029,2026-09-15,286.85,279,284.4,10885946
equity,INE509F01029,2026-09-16,287,276,280,8677952
equity,INE410P01011,2026-09-08,1924,1887,1897.4,126279
equity,INE410P01011,2026-09-09,1920.6,1872,1890.6,179466
equity,INE410P01011,2026-09-10,1920,1881,1909.7,140237
equity,INE410P01011,2026-09-11,1908.3,1864.6,1869.2,183488
equity,INE410P01011,2026-09-14,1869.2,1869.2,1869.2,
equity,INE410P01011,2026-09-15,1914.9,1878.9,1894.9,249620
equity,INE410P01011,2026-09-16,1887.3,1811,1851.6,401003
equity,INE470Y01017,2026-09-07,242.6,224.31,231.2,23442397
equity,INE470Y01017,2026-09-08,232,199.52,205.22,45314645
equity,INE470Y01017,2026-09-09,210.2,201.38,205.51,10799389
equity,INE470Y01017,2026-09-10,207.45,196.26,197.35,5001728
equity,INE470Y01017,2026-09-11,203.77,194.13,198.39,7024229
equity,INE470Y01017,2026-09-14,198.39,198.39,198.39,
equity,INE470Y01017,2026-09-15,200.3,184,185.41,3487564
equity,INE470Y01017,2026-09-16,187.1,179.15,184.19,3068952
equity,INE589A01014,2026-09-07,278,268.3,269.3,1349980
equity,INE589A01014,2026-09-08,272.7,268.35,272.25,725528
equity,INE589A01014,2026-09-09,282.3,270.75,271.55,4901961
equity,INE589A01014,2026-09-10,274.95,270,270.4,1073393
equity,INE589A01014,2026-09-11,268.55,263.55,264.4,1177609
equity,INE589A01014,2026-09-14,264.4,264.4,264.4,
equity,INE589A01014,2026-09-15,266.4,256.3,261.05,1337838
equity,INE589A01014,2026-09-16,262,254.3,255.35,3108880
equity,INE603J01030,2026-09-07,2468.5,2428,2430,104432
equity,INE603J01030,2026-09-08,2428.3999,2390.1001,2395,98267
equity,INE603J01030,2026-09-09,2402,2367.6001,2394,100714
equity,INE603J01030,2026-09-10,2397.6001,2352,2365,275516
equity,INE603J01030,2026-09-11,2365,2191,2259,1124887
equity,INE603J01030,2026-09-14,2259,2259,2259,
equity,INE603J01030,2026-09-15,2288.3,2240.5,2255,286400
equity,INE603J01030,2026-09-16,2287.2,2227.2,2256,160547
equity,INE619A01035,2026-09-07,344,336.15,340.9,1977606
equity,INE619A01035,2026-09-08,342.8,339,342,1412377
equity,INE619A01035,2026-09-09,341.55,338.7,341,967972
equity,INE619A01035,2026-09-10,342,337.75,339.75,1115935
equity,INE619A01035,2026-09-11,341,336,341,1986378
equity,INE619A01035,2026-09-14,341,341,341,
equity,INE619A01035,2026-09-15,342.4,335.75,338.55,2567906
equity,INE619A01035,2026-09-16,367.4,337.5,365,27861262
equity,INE010V01017,2026-09-08,3440,3380,3389.1001,56454
equity,INE010V01017,2026-09-09,3375,3326.1001,3364,52404
equity,INE010V01017,2026-09-10,3411.2,3352.5,3377.8999,47576
equity,INE010V01017,2026-09-11,3370.1001,3322.1001,3337.3999,32052
equity,INE010V01017,2026-09-15,3441,3300.5,3312.2,60380
equity,INE010V01017,2026-09-16,3366,3293,3351.5,46682
equity,INE470A01017,2026-09-08,33330,32620,33145,2158
equity,INE470A01017,2026-09-09,33145,32745,33025,1275
equity,INE470A01017,2026-09-10,33330,32490,32800,1403
equity,INE470A01017,2026-09-11,32865,32400,32710,1598
equity,INE470A01017,2026-09-15,32895,31500,31590,2096
equity,INE470A01017,2026-09-16,33550,31600,31935,27574
equity,INE463V01026,2026-09-08,2235,2202.8999,2229.5,119591
equity,INE463V01026,2026-09-09,2222.3,2165,2180.6001,228715
equity,INE463V01026,2026-09-10,2210.8999,2155,2202.5,473429
equity,INE463V01026,2026-09-11,2219,2180.1001,2211,175283
equity,INE463V01026,2026-09-15,2222,2175,2183.8999,126796
equity,INE463V01026,2026-09-16,2211,2150,2206.2,279069
equity,INE0LP301011,2026-09-07,130.32,126.54,129.67,18012338
equity,INE0LP301011,2026-09-08,129.67,126.16,126.63,5315731
equity,INE0LP301011,2026-09-09,126.8,123.57,125.37,4582078
equity,INE0LP301011,2026-09-10,130.62,125.79,126.73,13200512
equity,INE0LP301011,2026-09-11,137.12,125.37,136.1,41161986
equity,INE0LP301011,2026-09-14,136.1,136.1,136.1,
equity,INE0LP301011,2026-09-15,137.7,130.1,130.72,7983867
equity,INE0LP301011,2026-09-16,130.8,125.27,127.53,6609194
equity,INE168P01015,2026-09-07,1960.1,1915.1,1926.8,118478
equity,INE168P01015,2026-09-08,1955,1916,1925.8,93609
equity,INE168P01015,2026-09-09,1938.9,1889.9,1914.4,74957
equity,INE168P01015,2026-09-10,1988,1914.5,1962.8,248776
equity,INE168P01015,2026-09-11,1999,1948.2,1978.9,122389
equity,INE168P01015,2026-09-14,1978.9,1978.9,1978.9,
equity,INE168P01015,2026-09-15,2014.3,1974,1993,239137
equity,INE168P01015,2026-09-16,2013,1902.6,1931.9,248063
equity,INE031A01017,2026-09-07,181.05,178.54,179.24,716189
equity,INE031A01017,2026-09-08,178.99,177,178.26,1157634
equity,INE031A01017,2026-09-09,178.5,175,175.35,1174950
equity,INE031A01017,2026-09-10,177.23,173.2,174.08,1349166
equity,INE031A01017,2026-09-11,173.6,171.6,172.76,1180108
equity,INE031A01017,2026-09-15,174.75,168.5,168.92,1454761
equity,INE031A01017,2026-09-16,171.2,167.11,169.73,985148
equity,INE302A01020,2026-09-07,427.5,416.6,425.75,1662688
equity,INE302A01020,2026-09-08,427.2,415.55,418.15,1399882
equity,INE302A01020,2026-09-09,420,409.7,410.75,2097228
equity,INE302A01020,2026-09-10,424,411,420.85,3849629
equity,INE302A01020,2026-09-11,418.45,411.45,412.65,1294606
equity,INE302A01020,2026-09-15,417.95,405.1,409.2,1537472
equity,INE302A01020,2026-09-16,419.65,407.8,415.5,2176714
equity,INE596F01018,2026-09-08,24085,23625,23730,23447
equity,INE596F01018,2026-09-09,23950,22680,22780,31474
equity,INE596F01018,2026-09-10,22880,22300,22385,16490
equity,INE596F01018,2026-09-11,24050,22055,23630,65881
equity,INE596F01018,2026-09-15,23885,22400,22560,34722
equity,INE596F01018,2026-09-16,22685,22120,22500,25652
equity,INE548A01028,2026-09-07,243.01,237.61,243.01,4679636
equity,INE548A01028,2026-09-08,255.16,245.51,250.76,15866254
equity,INE548A01028,2026-09-09,254,240.65,245.43,6833419
equity,INE548A01028,2026-09-10,243.96,233.16,233.32,8324471
equity,INE548A01028,2026-09-11,237.3,222.25,233.69,8856109
equity,INE548A01028,2026-09-14,233.69,233.69,233.69,
equity,INE548A01028,2026-09-15,234.7,222.01,222.01,5197660
equity,INE548A01028,2026-09-16,216.4,210.91,212.91,7485545
equity,INE007A01025,2026-09-07,4838.7002,4769,4786.6001,26082
equity,INE007A01025,2026-09-08,4819.8999,4603.1001,4754.5,26735
equity,INE007A01025,2026-09-09,4765,4677.2002,4690.6001,17017
equity,INE007A01025,2026-09-10,4779.6001,4680,4721.7002,22193
equity,INE007A01025,2026-09-11,4721.7002,4656.2998,4697.8999,24019
equity,INE007A01025,2026-09-15,4717.3999,4531.6001,4596.8999,45895
equity,INE007A01025,2026-09-16,4644,4494.2002,4578.7998,72153
equity,INE148O01028,2026-09-08,458.2,450.25,454.9,2214615
equity,INE148O01028,2026-09-09,454,448,451.2,1267067
equity,INE148O01028,2026-09-10,451.15,444.2,447.7,1333939
equity,INE148O01028,2026-09-11,447.4,434.85,439,1047933
equity,INE148O01028,2026-09-14,439,439,439,
equity,INE148O01028,2026-09-15,441.85,416.5,420.5,4661661
equity,INE148O01028,2026-09-16,428.15,414.6,421.8,3025119
equity,INE049B01025,2026-09-07,2236,2076.2,2208,4319658
equity,INE049B01025,2026-09-08,2240,2166,2224,1343981
equity,INE049B01025,2026-09-09,2272.8999,2196,2248.8,1394874
equity,INE049B01025,2026-09-10,2267,2197,2220.6001,693525
equity,INE049B01025,2026-09-11,2237,2167.3,2179.3999,1109909
equity,INE049B01025,2026-09-14,2179.3999,2179.3999,2179.3999,
equity,INE049B01025,2026-09-15,2193.8,2055,2064.1001,851928
equity,INE049B01025,2026-09-16,2075,1967.3,2021.5,1262807
equity,INE019C01026,2026-09-07,687,666,672.65,2666117
equity,INE019C01026,2026-09-08,680.5,667.15,670.65,1689241
equity,INE019C01026,2026-09-09,673,661.2,667.05,2178664
equity,INE019C01026,2026-09-10,671,662,663.75,906421
equity,INE019C01026,2026-09-11,666,654.2,664.9,1420588
equity,INE019C01026,2026-09-14,664.9,664.9,664.9,
equity,INE019C01026,2026-09-15,667.4,632.5,637.25,7510515
equity,INE019C01026,2026-09-16,657.25,636.3,652.8,4619744
equity,INE686F01025,2026-09-08,1293.9,1245.9,1252.5,288599
equity,INE686F01025,2026-09-09,1279,1245,1266.7,189906
equity,INE686F01025,2026-09-10,1274,1253.6,1256.7,43033
equity,INE686F01025,2026-09-11,1263.5,1240.2,1256.1,407531
equity,INE686F01025,2026-09-15,1268,1240,1241.8,52994
equity,INE686F01025,2026-09-16,1251.8,1225.2,1227.3,73902
equity,INE036D01028,2026-09-07,351.2,341,341.7,1235358
equity,INE036D01028,2026-09-08,343.65,334.8,341.15,1450597
equity,INE036D01028,2026-09-09,343.8,337.8,340.6,847197
equity,INE036D01028,2026-09-10,340,334.5,335.3,979196
equity,INE036D01028,2026-09-11,336.05,330.45,333.8,987355
equity,INE036D01028,2026-09-14,333.8,333.8,333.8,
equity,INE036D01028,2026-09-15,339.9,322.75,324.45,1975015
equity,INE036D01028,2026-09-16,335.8,324.95,334.8,2316652
equity,INE570L01029,2026-09-07,1599.8,1567.4,1579.6,456700
equity,INE570L01029,2026-09-08,1657.2,1574,1647.1,1414082
equity,INE570L01029,2026-09-09,1697,1642,1675.4,1332770
equity,INE570L01029,2026-09-10,1675.4,1585,1591.1,1174342
equity,INE570L01029,2026-09-11,1616.1,1571.4,1585,1170229
equity,INE570L01029,2026-09-14,1585,1585,1585,
equity,INE570L01029,2026-09-15,1601,1535.8,1541.5,433185
equity,INE570L01029,2026-09-16,1557.8,1494.4,1539.1,800996
equity,INE379A01028,2026-09-07,161,157.5,157.77,1451816
equity,INE379A01028,2026-09-08,158.98,156.05,156.84,1702422
equity,INE379A01028,2026-09-09,157.04,155.01,155.31,1636514
equity,INE379A01028,2026-09-10,156.68,153.88,154.13,1213995
equity,INE379A01028,2026-09-11,154.5,152.61,153.69,1693876
equity,INE379A01028,2026-09-14,153.69,153.69,153.69,
equity,INE379A01028,2026-09-15,155.25,152,152.22,1141335
equity,INE379A01028,2026-09-16,153.95,149.85,153.39,1634598
equity,INE531F01023,2026-09-08,1849.9,1786.7,1836.4,249041
equity,INE531F01023,2026-09-09,1829,1765.1,1781.3,271476
equity,INE531F01023,2026-09-10,1789,1742.3,1757.9,247136
equity,INE531F01023,2026-09-11,1746.5,1703.4,1737.2,240099
equity,INE531F01023,2026-09-14,1737.2,1737.2,1737.2,
equity,INE531F01023,2026-09-15,1746.4,1660,1668.2,217310
equity,INE531F01023,2026-09-16,1731,1649.8,1703.1,295864
equity,INE042A01014,2026-09-08,3029.3,2962.2,3013.2,65334
equity,INE042A01014,2026-09-09,3036,2977.7,2989.2,31863
equity,INE042A01014,2026-09-10,3002.2,2951,2958.3999,25353
equity,INE042A01014,2026-09-11,2949.6001,2884.8999,2899.7,42588
equity,INE042A01014,2026-09-15,2899.6001,2822.2,2835.8,49945
equity,INE042A01014,2026-09-16,2864.8999,2791.1001,2815.6001,63931
equity,INE01NH01023,2026-09-07,1584,1526.1,1551.7,1799977
equity,INE01NH01023,2026-09-08,1608.5,1537,1597.6,2321905
equity,INE01NH01023,2026-09-09,1610,1565.1,1596.5,1174598
equity,INE01NH01023,2026-09-10,1609.5,1550.9,1571.6,1411231
equity,INE01NH01023,2026-09-11,1728.7,1531.5,1728.7,5862704
equity,INE01NH01023,2026-09-14,1728.7,1728.7,1728.7,
equity,INE01NH01023,2026-09-15,1735.3,1555.9,1555.9,1966272
equity,INE01NH01023,2026-09-16,1614.4,1400.4,1590.9,6172255
equity,INE00R701025,2026-09-08,1739.2,1671.8,1700.5,143709
equity,INE00R701025,2026-09-09,1740,1690,1733.6,41241
equity,INE00R701025,2026-09-10,1762.2,1712,1745.3,79405
equity,INE00R701025,2026-09-11,1755,1708,1746.6,41100
equity,INE00R701025,2026-09-14,1746.6,1746.6,1746.6,
equity,INE00R701025,2026-09-15,1754,1682,1687.4,56698
equity,INE00R701025,2026-09-16,1704.5,1681,1693.6,58268
equity,INE575P01011,2026-09-08,573.9,558.05,572.1,252143
equity,INE575P01011,2026-09-09,576.5,561.75,571.95,289071
equity,INE575P01011,2026-09-10,584.1,565.55,576.25,426891
equity,INE575P01011,2026-09-11,579.75,559.7,562.7,460832
equity,INE575P01011,2026-09-14,562.7,562.7,562.7,
equity,INE575P01011,2026-09-15,565,537,540.8,873422
equity,INE575P01011,2026-09-16,549.45,531.05,545.7,589994
equity,INE142M01025,2026-09-07,799.65,778.25,785.1,774063
equity,INE142M01025,2026-09-08,803.6,781.75,798.5,944323
equity,INE142M01025,2026-09-09,794,783,787.65,610440
equity,INE142M01025,2026-09-10,803,773,779.05,739884
equity,INE142M01025,2026-09-11,777,758.1,762.15,871685
equity,INE142M01025,2026-09-14,762.15,762.15,762.15,
equity,INE142M01025,2026-09-15,789.95,752.25,759.3,1235230
equity,INE142M01025,2026-09-16,775.85,745,748.4,942190
equity,INE093A01041,2026-09-07,528.6,518.05,522.85,126595
equity,INE093A01041,2026-09-08,524.45,508.75,518.85,253225
equity,INE093A01041,2026-09-09,518.45,506.55,509.9,138830
equity,INE093A01041,2026-09-10,516.4,501,502.95,174991
equity,INE093A01041,2026-09-11,502.95,496,497.05,87553
equity,INE093A01041,2026-09-14,497.05,497.05,497.05,
equity,INE093A01041,2026-09-15,527.2,497.75,517.5,441056
equity,INE093A01041,2026-09-16,524.85,510,522.75,162429
equity,INE967H01025,2026-09-08,771.65,759,764.5,737239
equity,INE967H01025,2026-09-09,781.65,759.35,761.55,481002
equity,INE967H01025,2026-09-10,779,762.1,772.8,256634
equity,INE967H01025,2026-09-11,776.85,761.75,768.95,127766
equity,INE967H01025,2026-09-15,772.15,755,766.85,493213
equity,INE967H01025,2026-09-16,775,758.5,766.65,310465
equity,INE672A01026,2026-09-07,631.55,625.75,627.8,94363
equity,INE672A01026,2026-09-08,626.9,621,622.05,120345
equity,INE672A01026,2026-09-09,624.8,616.1,618.8,129846
equity,INE672A01026,2026-09-10,679.4,620,645.15,8165222
equity,INE672A01026,2026-09-11,654.5,641.7,650.9,577285
equity,INE672A01026,2026-09-14,650.9,650.9,650.9,
equity,INE672A01026,2026-09-15,750.5,700.15,718.35,24516580
equity,INE672A01026,2026-09-16,708,666,681.95,4856819
equity,INE146L01010,2026-09-08,2285,2163.8999,2272.8,516056
equity,INE146L01010,2026-09-09,2317.1001,2198,2219.8999,438855
equity,INE146L01010,2026-09-10,2250.6001,2184.5,2209,310849
equity,INE146L01010,2026-09-11,2230,2155.7,2168.6001,316085
equity,INE146L01010,2026-09-14,2168.6001,2168.6001,2168.6001,
equity,INE146L01010,2026-09-15,2212.5,2030,2041.6,639048
equity,INE146L01010,2026-09-16,2111.2,1934,2040.5,473444
equity,INE260B01028,2026-09-08,2036.9,2003,2010,129795
equity,INE260B01028,2026-09-09,2010,1972,1978.5,184308
equity,INE260B01028,2026-09-10,2002.9,1961,1972,190824
equity,INE260B01028,2026-09-11,1965.8,1921.2,1927,229401
equity,INE260B01028,2026-09-14,1927,1927,1927,
equity,INE260B01028,2026-09-15,1957,1900,1915,153558
equity,INE260B01028,2026-09-16,1938.7,1895,1934,166889
equity,INE202E01016,2026-09-07,113.2356,111.8548,112.2024,2955590
equity,INE202E01016,2026-09-08,112.2024,111.0601,111.4574,3095995
equity,INE202E01016,2026-09-09,111.9442,110.8813,111.2488,2500536
equity,INE202E01016,2026-09-10,113.9905,111.0899,112.57,5082162
equity,INE202E01016,2026-09-11,112.57,111.31,111.71,3342411
equity,INE202E01016,2026-09-14,111.71,111.71,111.71,
equity,INE202E01016,2026-09-15,112.08,108.27,109,3982851
equity,INE202E01016,2026-09-16,109.59,107.4,108.4,3081498
equity,INE797F01020,2026-09-07,484.2,472.1,475.4,391181
equity,INE797F01020,2026-09-08,484,471.5,480.4,1239794
equity,INE797F01020,2026-09-09,479.25,473,475.95,712724
equity,INE797F01020,2026-09-10,480.9,467.95,473.8,962855
equity,INE797F01020,2026-09-11,472.85,465.65,470.25,354487
equity,INE797F01020,2026-09-15,472.95,461.6,466,471771
equity,INE797F01020,2026-09-16,472,461.65,471,426647
equity,INE671A01010,2026-09-08,35725,34970,35060,2407
equity,INE671A01010,2026-09-09,35285,34055,34180,3890
equity,INE671A01010,2026-09-10,34400,33875,34150,1828
equity,INE671A01010,2026-09-11,34700,33800,34580,2181
equity,INE671A01010,2026-09-15,34870,33500,33595,2651
equity,INE671A01010,2026-09-16,34170,33510,33895,2373
equity,INE0INX01018,2026-09-07,287,279.55,285.35,615354
equity,INE0INX01018,2026-09-08,291.8,284,290.65,584529
equity,INE0INX01018,2026-09-09,299.4,288.8,297.65,1911786
equity,INE0INX01018,2026-09-10,300.7,289.25,291.85,693995
equity,INE0INX01018,2026-09-11,298.4,281.3,295.1,1776446
equity,INE0INX01018,2026-09-14,295.1,295.1,295.1,
equity,INE0INX01018,2026-09-15,311,292.8,302,4447657
equity,INE0INX01018,2026-09-16,305,288.9,296.95,1920335
equity,INE600L01024,2026-09-08,1920,1881.4,1912.5,90505
equity,INE600L01024,2026-09-09,1962,1901.2,1919.7,205022
equity,INE600L01024,2026-09-10,1927,1880.9,1916.7,165825
equity,INE600L01024,2026-09-11,1924.6,1893.9,1909,224876
equity,INE600L01024,2026-09-15,1921,1885.5,1906.4,171214
equity,INE600L01024,2026-09-16,2038.6,1870,1895.7,1560987
equity,INE691A01018,2026-09-08,24.45,24.14,24.18,3477238
equity,INE691A01018,2026-09-09,24.24,23.93,23.98,4455335
equity,INE691A01018,2026-09-10,24.2,23.76,23.93,3531333
equity,INE691A01018,2026-09-11,24.17,23.59,24.12,5092337
equity,INE691A01018,2026-09-14,24.12,24.12,24.12,
equity,INE691A01018,2026-09-15,24.14,23.66,23.72,3373905
equity,INE691A01018,2026-09-16,24.02,23.58,23.68,4351514
equity,INE115A01026,2026-09-08,563,545.4,563,2858992
equity,INE115A01026,2026-09-09,564.75,550.45,555,2616014
equity,INE115A01026,2026-09-10,558,543.8,552.3,2842584
equity,INE115A01026,2026-09-11,572.35,546,562.9,11556446
equity,INE115A01026,2026-09-15,565.25,538.5,542,4654811
equity,INE115A01026,2026-09-16,551.45,529.6,543,3690610
equity,INE0NT901020,2026-09-08,5228.5,5071.5,5087.5,812405
equity,INE0NT901020,2026-09-09,5127.5,4881.5,4898.5,1696353
equity,INE0NT901020,2026-09-10,5054,4900,5013.5,1532072
equity,INE0NT901020,2026-09-11,5055,4916,5027,870299
equity,INE0NT901020,2026-09-14,5027,5027,5027,
equity,INE0NT901020,2026-09-15,4977.5,4570,4614,1907037
equity,INE0NT901020,2026-09-16,4638.5,4388,4562,1768251
equity,INE404A01024,2026-09-08,1045.6,1024.1,1037.8,65443
equity,INE404A01024,2026-09-09,1070.3,1012,1066.5,233592
equity,INE404A01024,2026-09-10,1098.9,1042.3,1088.5,371848
equity,INE404A01024,2026-09-11,1116.9,1067.1,1109.9,578949
equity,INE404A01024,2026-09-15,1104,1034,1037.9,129497
equity,INE404A01024,2026-09-16,1069.8,1004,1058.4,168605
equity,INE103A01014,2026-09-07,176.88,172.25,173.19,2388877
equity,INE103A01014,2026-09-08,176.26,170.75,172.96,5180617
equity,INE103A01014,2026-09-09,186.99,173.19,184.46,47490869
equity,INE103A01014,2026-09-10,191.9,176.01,181.32,31180630
equity,INE103A01014,2026-09-11,186.83,173.51,175.86,15708657
equity,INE103A01014,2026-09-14,175.86,175.86,175.86,
equity,INE103A01014,2026-09-15,176.07,166,166.81,8734694
equity,INE103A01014,2026-09-16,170.6,164,166.11,7292452
equity,INE472A01039,2026-09-08,1492.7,1442.1,1460.9,1169742
equity,INE472A01039,2026-09-09,1470.5,1432.3,1456.9,714546
equity,INE472A01039,2026-09-10,1518.5,1450,1514,997496
equity,INE472A01039,2026-09-11,1565.1,1489,1558,1336366
equity,INE472A01039,2026-09-14,1558,1558,1558,
equity,INE472A01039,2026-09-15,1562.8,1475.3,1483,509083
equity,INE472A01039,2026-09-16,1515,1472,1504,525642
equity,INE572E01012,2026-09-08,1185,1166.5,1167.1,524914
equity,INE572E01012,2026-09-09,1169.2,1138.2,1142,320435
equity,INE572E01012,2026-09-10,1186.4,1132.8,1179,1084833
equity,INE572E01012,2026-09-11,1189.6,1162,1178.9,1152599
equity,INE572E01012,2026-09-15,1178.9,1135.9,1145,321850
equity,INE572E01012,2026-09-16,1152.3,1126.9,1134,988133
equity,INE115Q01022,2026-09-07,1799,1752.4,1788,127280
equity,INE115Q01022,2026-09-08,1813.2,1769.8,1780,67890
equity,INE115Q01022,2026-09-09,1849,1762.7,1792.1,206160
equity,INE115Q01022,2026-09-10,1802.2,1770.7,1783.7,76060
equity,INE115Q01022,2026-09-11,1783,1732.4,1740.6,83326
equity,INE115Q01022,2026-09-15,1800,1747,1783,172263
equity,INE115Q01022,2026-09-16,1786.2,1744.9,1752,129186
equity,INE00LO01017,2026-09-08,11542,11297,11406,22659
equity,INE00LO01017,2026-09-09,11999,11317,11806,52885
equity,INE00LO01017,2026-09-10,11999,11231,11851,71337
equity,INE00LO01017,2026-09-11,11831,11542,11669,53409
equity,INE00LO01017,2026-09-15,11798,10968,11099,74009
equity,INE00LO01017,2026-09-16,11329,10600,11040,56874
equity,INE810G01011,2026-09-07,1090,1053.2,1082.3,244531
equity,INE810G01011,2026-09-08,1099,1076.7,1081.9,228641
equity,INE810G01011,2026-09-09,1090.3,1070.3,1073.7,153996
equity,INE810G01011,2026-09-10,1088.7,1074.2,1086.1,128947
equity,INE810G01011,2026-09-11,1096,1065.3,1074.8,224493
equity,INE810G01011,2026-09-15,1082.7,1045.1,1050.5,231835
equity,INE810G01011,2026-09-16,1063.3,1019,1048,155947
equity,INE622W01025,2026-09-07,423.4,409,413.15,1367600
equity,INE622W01025,2026-09-08,417.65,404.45,412.6,1281765
equity,INE622W01025,2026-09-09,417,401,401.6,862025
equity,INE622W01025,2026-09-10,401.95,392.75,397.25,743888
equity,INE622W01025,2026-09-11,407.9,389.6,402.3,1235415
equity,INE622W01025,2026-09-14,402.3,402.3,402.3,
equity,INE622W01025,2026-09-15,426.15,402.15,420.4,5262214
equity,INE622W01025,2026-09-16,425.5,412,418,1349725
equity,INE839M01018,2026-09-08,1235.3,1186.4,1229.7,180626
equity,INE839M01018,2026-09-09,1235,1186,1193.8,184315
equity,INE839M01018,2026-09-10,1202.3,1170.4,1194.9,223993
equity,INE839M01018,2026-09-11,1237,1168,1227,261523
equity,INE839M01018,2026-09-14,1227,1227,1227,
equity,INE839M01018,2026-09-15,1228.9,1185,1193.1,233496
equity,INE839M01018,2026-09-16,1215,1169.1,1198.6,304100
equity,INE506V01022,2026-09-07,1796.1,1740.5,1748.4,84252
equity,INE506V01022,2026-09-08,1870,1741.9,1860.6,316261
equity,INE506V01022,2026-09-09,1868.2,1792.5,1810.5,189015
equity,INE506V01022,2026-09-10,1816.2,1777,1790,143377
equity,INE506V01022,2026-09-11,1848.6,1758.1,1835.4,318589
equity,INE506V01022,2026-09-15,1880.5,1805.1,1815.6,200388
equity,INE506V01022,2026-09-16,1812.3,1712.1,1766.7,415862
equity,INE736A01011,2026-09-08,1417,1395,1400,975781
equity,INE736A01011,2026-09-09,1393,1360,1368.6,1314059
equity,INE736A01011,2026-09-10,1372.9,1352,1355,771857
equity,INE736A01011,2026-09-11,1360,1315.5,1360,1040559
equity,INE736A01011,2026-09-14,1360,1360,1360,
equity,INE736A01011,2026-09-15,1361.3,1302.5,1311,1265342
equity,INE736A01011,2026-09-16,1319.9,1284,1299,1055318
equity,INE794A01010,2026-09-08,24100,23010,23995,82211
equity,INE794A01010,2026-09-09,24225,23000,23195,57976
equity,INE794A01010,2026-09-10,24150,23235,23800,55257
equity,INE794A01010,2026-09-11,23895,23225,23535,43901
equity,INE794A01010,2026-09-14,23535,23535,23535,
equity,INE794A01010,2026-09-15,23480,22430,22595,54667
equity,INE794A01010,2026-09-16,23125,21855,22625,50779
equity,INE342J01019,2026-09-08,2537.8999,2472.2,2517.3999,77922
equity,INE342J01019,2026-09-09,2517.3999,2446.8999,2469.8999,88800
equity,INE342J01019,2026-09-10,2534.8999,2448,2528.3999,81482
equity,INE342J01019,2026-09-11,2559.8999,2490,2548.2,49717
equity,INE342J01019,2026-09-15,2560,2495.5,2511.5,78066
equity,INE342J01019,2026-09-16,2511.5,2449.5,2461.5,26952
equity,INE891D01026,2026-09-07,381.6,370,378.2,5166393
equity,INE891D01026,2026-09-08,379.9,369.6,373.55,3067237
equity,INE891D01026,2026-09-09,382.7,374.05,378.05,4173283
equity,INE891D01026,2026-09-10,403.25,380.3,392,23154564
equity,INE891D01026,2026-09-11,396.85,384.2,393.7,7473984
equity,INE891D01026,2026-09-14,393.7,393.7,393.7,
equity,INE891D01026,2026-09-15,398.85,375,378.95,4338609
equity,INE891D01026,2026-09-16,389.9,371.2,388.15,5640313
equity,INE382Z01011,2026-09-08,2568.8999,2512,2525.7,348575
equity,INE382Z01011,2026-09-09,2553.3,2488.1001,2493.8999,237008
equity,INE382Z01011,2026-09-10,2508.6001,2419,2435.3,370821
equity,INE382Z01011,2026-09-11,2449.2,2359.7,2427.5,460144
equity,INE382Z01011,2026-09-14,2427.5,2427.5,2427.5,
equity,INE382Z01011,2026-09-15,2437.6001,2350,2358.8,270785
equity,INE382Z01011,2026-09-16,2370,2290,2314.6001,428398
equity,INE522D01027,2026-09-07,332.35,323.15,325.6,9089525
equity,INE522D01027,2026-09-08,329,323.4,325,2253307
equity,INE522D01027,2026-09-09,328,312.3,320,6844403
equity,INE522D01027,2026-09-10,335.1,318.25,330.8,6953151
equity,INE522D01027,2026-09-11,329.1,323.1,329,3460959
equity,INE522D01027,2026-09-15,330.45,317.7,318.85,3726323
equity,INE522D01027,2026-09-16,324.7,317.25,319.9,3120601
equity,INE149A01033,2026-09-08,1533.3,1500,1526.2,134033
equity,INE149A01033,2026-09-09,1535.9,1510,1530.6,50582
equity,INE149A01033,2026-09-10,1540.5,1519,1532,44664
equity,INE149A01033,2026-09-11,1539.4,1493,1528.6,57387
equity,INE149A01033,2026-09-15,1543.2,1500.3,1510.8,79301
equity,INE149A01033,2026-09-16,1524,1485,1512.4,85920
equity,INE0DK501011,2026-09-08,231.93,220.37,226.62,21040344
equity,INE0DK501011,2026-09-09,227.75,217.1,218,3881596
equity,INE0DK501011,2026-09-10,218.99,211.81,212.49,2726382
equity,INE0DK501011,2026-09-11,214.45,208.68,211.35,3408833
equity,INE0DK501011,2026-09-14,211.35,211.35,211.35,
equity,INE0DK501011,2026-09-15,211.35,202.55,203.47,3104010
equity,INE0DK501011,2026-09-16,207.96,198.86,202.37,2964541
equity,INE483A01010,2026-09-07,31.15,30.8,30.96,3821575
equity,INE483A01010,2026-09-08,31.04,30.78,30.96,3623098
equity,INE483A01010,2026-09-09,30.88,30.54,30.58,4467951
equity,INE483A01010,2026-09-10,31.23,30.53,30.82,5496244
equity,INE483A01010,2026-09-11,30.82,30.45,30.74,3617142
equity,INE483A01010,2026-09-14,30.74,30.74,30.74,
equity,INE483A01010,2026-09-15,31.03,30.35,30.46,5054888
equity,INE483A01010,2026-09-16,30.67,30.19,30.39,6326234
equity,INE0DYJ01015,2026-09-08,1660,1592.2,1639.2,2823789
equity,INE0DYJ01015,2026-09-09,1660,1616,1622.4,1096481
equity,INE0DYJ01015,2026-09-10,1639.9,1594,1598.8,738911
equity,INE0DYJ01015,2026-09-11,1608.2,1556.1,1589.3,638884
equity,INE0DYJ01015,2026-09-14,1589.3,1589.3,1589.3,
equity,INE0DYJ01015,2026-09-15,1614,1500.3,1507.7,1180574
equity,INE0DYJ01015,2026-09-16,1522.8,1418,1511.2,1682175
equity,INE0CAZ01013,2026-09-07,182.86,175.25,176.06,4774283
equity,INE0CAZ01013,2026-09-08,177,169.52,171.77,4580702
equity,INE0CAZ01013,2026-09-09,173,166,171.59,5656330
equity,INE0CAZ01013,2026-09-10,173,163.6,164.56,6694497
equity,INE0CAZ01013,2026-09-11,167.8,161.1,166.89,4314864
equity,INE0CAZ01013,2026-09-15,167.71,157.55,158.22,4152047
equity,INE0CAZ01013,2026-09-16,166.8,153.3,164.56,10720530
equity,INE777K01022,2026-09-08,2468,2388.1001,2448.5,665066
equity,INE777K01022,2026-09-09,2465.3999,2411,2419.8,386308
equity,INE777K01022,2026-09-10,2478,2415.1001,2437,571293
equity,INE777K01022,2026-09-11,2438.8999,2368.6001,2424.3999,331584
equity,INE777K01022,2026-09-14,2424.3999,2424.3999,2424.3999,
equity,INE777K01022,2026-09-15,2427.8999,2370.1001,2381.3,208267
equity,INE777K01022,2026-09-16,2454,2340.2,2397.3999,456827
equity,INE530B01024,2026-09-07,667,635.3,654.05,4742061
equity,INE530B01024,2026-09-08,675.8,616.4,628,6784526
equity,INE530B01024,2026-09-09,628.05,602.25,605.15,4680660
equity,INE530B01024,2026-09-10,616.5,601.25,607.65,2214842
equity,INE530B01024,2026-09-11,616.35,595,600.6,2661025
equity,INE530B01024,2026-09-14,600.6,600.6,600.6,
equity,INE530B01024,2026-09-15,599,573.3,581.05,2152091
equity,INE530B01024,2026-09-16,592.65,567.4,585.7,1242412
equity,INE732I01021,2026-09-08,304.15,296.5,298,2591770
equity,INE732I01021,2026-09-09,303.65,291.6,299.05,7856510
equity,INE732I01021,2026-09-10,301.35,296.15,297.3,2559910
equity,INE732I01021,2026-09-11,307.4,289.05,305,5942668
equity,INE732I01021,2026-09-14,305,305,305,
equity,INE732I01021,2026-09-15,310,297.3,297.5,5536817
equity,INE732I01021,2026-09-16,299.3,291.6,293.5,2877800
equity,INE039A01010,2026-09-07,107.36,101.4,102.51,207830587
equity,INE039A01010,2026-09-08,103.59,91.77,92.61,217424506
equity,INE039A01010,2026-09-09,93.56,87.76,88.96,156503199
equity,INE039A01010,2026-09-10,90.4,84.6,85.15,106219079
equity,INE039A01010,2026-09-11,85.59,81.52,82.29,110886137
equity,INE039A01010,2026-09-14,82.29,82.29,82.29,
equity,INE039A01010,2026-09-15,83.98,76.34,76.95,81195084
equity,INE039A01010,2026-09-16,77.39,73.01,75.06,114052961
equity,INE438A01022,2026-09-07,430,419,420.8,438180
equity,INE438A01022,2026-09-08,421.2,410.05,411.5,568041
equity,INE438A01022,2026-09-09,424.3,408,422.25,540857
equity,INE438A01022,2026-09-10,423.65,416.4,419.55,284234
equity,INE438A01022,2026-09-11,419.45,410,417.65,260936
equity,INE438A01022,2026-09-14,417.65,417.65,417.65,
equity,INE438A01022,2026-09-15,417.75,405.05,406.2,329820
equity,INE438A01022,2026-09-16,429.55,402.15,411.95,2697167
equity,INE105A01035,2026-09-07,14170,13601,13748,26789
equity,INE105A01035,2026-09-08,13743,13300,13377,7053
equity,INE105A01035,2026-09-09,13399,13050,13119,5346
equity,INE105A01035,2026-09-10,13250,13000,13134,3702
equity,INE105A01035,2026-09-11,13239,12876,13024,2094
equity,INE105A01035,2026-09-15,13009,12402,12488,6044
equity,INE105A01035,2026-09-16,12970,12376,12769,6360
equity,INE180C01042,2026-09-07,287.45,273.1,275.7,6271786
equity,INE180C01042,2026-09-08,278.8,268.15,270.75,4044474
equity,INE180C01042,2026-09-09,274.1,267.9,272.4,3036249
equity,INE180C01042,2026-09-10,275.65,268.15,272.25,6527437
equity,INE180C01042,2026-09-11,271.95,265.2,266,1958467
equity,INE180C01042,2026-09-15,264.8,254.25,255.1,2889142
equity,INE180C01042,2026-09-16,267.25,248.65,256.65,7620161
equity,INE545U01014,2026-09-07,166.42,161.67,164.7,5204215
equity,INE545U01014,2026-09-08,172.4,163.3,171.58,20828794
equity,INE545U01014,2026-09-09,174.96,168.65,171.7,11130322
equity,INE545U01014,2026-09-10,174.01,169.41,174,11859976
equity,INE545U01014,2026-09-11,178.54,170.85,176.52,25334991
equity,INE545U01014,2026-09-14,176.52,176.52,176.52,
equity,INE545U01014,2026-09-15,179.11,172.24,172.45,10329258
equity,INE545U01014,2026-09-16,173.62,169.33,172.5,8245165
equity,INE371P01015,2026-09-08,7430.5,7278,7308,137462
equity,INE371P01015,2026-09-09,7362.5,7210,7210,97425
equity,INE371P01015,2026-09-10,7309,7183,7280,96213
equity,INE371P01015,2026-09-11,7261,7125.5,7245,111991
equity,INE371P01015,2026-09-15,7290.5,6937,7000,145928
equity,INE371P01015,2026-09-16,7009.5,6826.5,6930,142661
equity,INE248A01017,2026-09-08,271.65,266.95,270.2,142263
equity,INE248A01017,2026-09-09,270,266.95,267.45,79954
equity,INE248A01017,2026-09-10,269.55,263,263.5,171410
equity,INE248A01017,2026-09-11,264,258.45,262.85,134104
equity,INE248A01017,2026-09-14,262.85,262.85,262.85,
equity,INE248A01017,2026-09-15,267.95,255,255.4,160701
equity,INE248A01017,2026-09-16,257,251.65,255.5,182220
equity,INE473B01035,2026-09-07,1158.1,1116.3,1132.8,66432
equity,INE473B01035,2026-09-08,1218.2,1132.8,1198,180176
equity,INE473B01035,2026-09-09,1215,1155.1,1199.1,122744
equity,INE473B01035,2026-09-10,1205,1180,1194.5,31094
equity,INE473B01035,2026-09-11,1240.2,1167.7,1224.4,113105
equity,INE473B01035,2026-09-14,1224.4,1224.4,1224.4,
equity,INE473B01035,2026-09-15,1349.7,1207.2,1275,874664
equity,INE473B01035,2026-09-16,1275,1206.1,1214,88407
equity,INE00FF01025,2026-09-08,3235.5,3161.5,3182.1001,174805
equity,INE00FF01025,2026-09-09,3270,3181.5,3241.8,282128
equity,INE00FF01025,2026-09-10,3464,3220,3451.3999,1000453
equity,INE00FF01025,2026-09-11,3488,3350,3383.7,325242
equity,INE00FF01025,2026-09-15,3447.6001,3232.2,3266.2,264234
equity,INE00FF01025,2026-09-16,3359,3188.8,3344.7,243061
equity,INE0IX101010,2026-09-08,4950,4617.1001,4932.2998,2894206
equity,INE0IX101010,2026-09-09,4999.8999,4846,4883.2002,682371
equity,INE0IX101010,2026-09-10,4928.2002,4722.3999,4777.2002,554842
equity,INE0IX101010,2026-09-11,4848,4655.5,4829.2002,561224
equity,INE0IX101010,2026-09-14,4829.2002,4829.2002,4829.2002,
equity,INE0IX101010,2026-09-15,4829,4306,4358.7998,1100262
equity,INE0IX101010,2026-09-16,4386.7002,4140,4321.7002,1076813
equity,INE002L01015,2026-09-08,66.19,64.75,65.87,2380457
equity,INE002L01015,2026-09-09,68.33,65.59,66.88,5367026
equity,INE002L01015,2026-09-10,68.29,66.37,67.2,3722427
equity,INE002L01015,2026-09-11,66.84,66.1,66.18,1187604
equity,INE002L01015,2026-09-15,66.77,64.38,64.58,1708205
equity,INE002L01015,2026-09-16,64.55,63.2,64.06,1560504
equity,INE387A01021,2026-09-08,1278,1199,1255,289846
equity,INE387A01021,2026-09-09,1265,1214.8,1219.4,99959
equity,INE387A01021,2026-09-10,1347.2,1226,1256.1,2102293
equity,INE387A01021,2026-09-11,1284.6,1227.1,1270,158860
equity,INE387A01021,2026-09-15,1280.2,1232.5,1237.3,130043
equity,INE387A01021,2026-09-16,1235.2,1204.4,1219.9,533381
equity,INE317I01021,2026-09-08,952,926.2,948.55,29527
equity,INE317I01021,2026-09-09,961.9,932.3,959,34602
equity,INE317I01021,2026-09-10,959,936,952.1,27109
equity,INE317I01021,2026-09-11,950,922.6,940.2,466848
equity,INE317I01021,2026-09-14,940.2,940.2,940.2,
equity,INE317I01021,2026-09-15,954.75,938.4,944.45,34577
equity,INE317I01021,2026-09-16,955.35,934.55,948.3,24415
equity,INE179A01014,2026-09-07,7719.5,7602,7634.5,10292
equity,INE179A01014,2026-09-08,7848,7562,7736,28369
equity,INE179A01014,2026-09-09,7768.5,7600,7615,8659
equity,INE179A01014,2026-09-10,7665.5,7570,7581.5,5960
equity,INE179A01014,2026-09-11,7564,7507.5,7518,9836
equity,INE179A01014,2026-09-15,7619.5,7475,7507,11202
equity,INE179A01014,2026-09-16,7659,7488,7611,8431
equity,INE844O01030,2026-09-07,257.6739,252.366,252.7809,1483233
equity,INE844O01030,2026-09-08,253.7171,249.8664,251.0921,1104625
equity,INE844O01030,2026-09-09,253.0222,249.1619,249.9243,1102322
equity,INE844O01030,2026-09-10,255.0682,244.9446,245.9,2198796
equity,INE844O01030,2026-09-11,249.21,240.36,241.59,1808646
equity,INE844O01030,2026-09-14,241.59,241.59,241.59,
equity,INE844O01030,2026-09-15,246.8,241.98,243.56,1350191
equity,INE844O01030,2026-09-16,245.87,241.5,244.24,1082292
equity,INE258G01013,2026-09-08,495.95,481.5,486.7,141520
equity,INE258G01013,2026-09-09,492,477.8,481.75,294934
equity,INE258G01013,2026-09-10,485.5,473.15,480.9,699446
equity,INE258G01013,2026-09-11,480,466.5,476.4,269822
equity,INE258G01013,2026-09-15,479.55,450.25,451.95,263903
equity,INE258G01013,2026-09-16,457.3,446.75,454.05,183427
equity,INE439A01020,2026-09-08,961.9253,948.0537,953.6422,89970
equity,INE439A01020,2026-09-09,982.6827,948.0537,966.7653,220637
equity,INE439A01020,2026-09-10,991.3648,965.9669,974.2,220953
equity,INE439A01020,2026-09-11,992.5,963.6,985.8,205299
equity,INE439A01020,2026-09-15,995,952.35,958.8,181950
equity,INE439A01020,2026-09-16,957,920,951.8,147987
equity,INE699H01024,2026-09-08,188.31,186,187.52,819467
equity,INE699H01024,2026-09-09,188.49,185.1,187.52,1594754
equity,INE699H01024,2026-09-10,188.51,185.21,185.7,782230
equity,INE699H01024,2026-09-11,185.94,181,185.02,1727993
equity,INE699H01024,2026-09-15,185.94,181.05,183.14,1154132
equity,INE699H01024,2026-09-16,183.76,180.47,181.94,843903
equity,INE0FS801015,2026-09-08,36.77,36.34,36.61,5851346
equity,INE0FS801015,2026-09-09,37.05,36.43,36.72,9188167
equity,INE0FS801015,2026-09-10,36.95,36.31,36.34,8339844
equity,INE0FS801015,2026-09-11,36.55,36.02,36.3,7815501
equity,INE0FS801015,2026-09-14,36.3,36.3,36.3,
equity,INE0FS801015,2026-09-15,36.58,34.76,35.06,10784713
equity,INE0FS801015,2026-09-16,36.6,34.85,35.47,30686224
equity,INE918Z01012,2026-09-08,3685,3581,3610,686828
equity,INE918Z01012,2026-09-09,3650.7,3587.5,3615,446465
equity,INE918Z01012,2026-09-10,3632.5,3480,3499,848357
equity,INE918Z01012,2026-09-11,3550,3433.3999,3505,555805
equity,INE918Z01012,2026-09-14,3505,3505,3505,
equity,INE918Z01012,2026-09-15,3527.8,3387,3392,689922
equity,INE918Z01012,2026-09-16,3411.3,3293,3385,722735
equity,INE012A01025,2026-09-08,1268,1255.7,1262.8,116620
equity,INE012A01025,2026-09-09,1272,1255.1,1257.7,122510
equity,INE012A01025,2026-09-10,1260.3,1250.1,1254.3,110068
equity,INE012A01025,2026-09-11,1251.7,1230.6,1246.5,111729
equity,INE012A01025,2026-09-14,1246.5,1246.5,1246.5,
equity,INE012A01025,2026-09-15,1280.3,1219.6,1225.2,205903
equity,INE012A01025,2026-09-16,1235,1219.1,1226.6,85875
equity,INE220B01022,2026-09-08,1444.8,1393.3,1397.5,132996
equity,INE220B01022,2026-09-09,1415,1385.1,1408.5,132395
equity,INE220B01022,2026-09-10,1439,1402,1432,138417
equity,INE220B01022,2026-09-11,1442,1401.1,1435.7,107494
equity,INE220B01022,2026-09-15,1438.5,1371.8,1380.2,110460
equity,INE220B01022,2026-09-16,1395.3,1345.6,1390.9,100752
equity,INE524A01029,2026-09-08,1395,1346.1,1389.6,196279
equity,INE524A01029,2026-09-09,1387,1354,1360.8,109451
equity,INE524A01029,2026-09-10,1368,1328.4,1338.7,97710
equity,INE524A01029,2026-09-11,1369.3,1314.1,1346.4,116059
equity,INE524A01029,2026-09-14,1346.4,1346.4,1346.4,
equity,INE524A01029,2026-09-15,1383.5,1292,1300.5,212338
equity,INE524A01029,2026-09-16,1309.4,1268.2,1295.7,275527
equity,INE367G01038,2026-09-08,324.9,309.3,313.15,2434717
equity,INE367G01038,2026-09-09,321.35,310.35,316.3,761243
equity,INE367G01038,2026-09-10,321,311.15,313.55,374526
equity,INE367G01038,2026-09-11,315.6,307,310.85,313377
equity,INE367G01038,2026-09-15,323.7,310.1,319,1807027
equity,INE367G01038,2026-09-16,333.6,313.1,320.45,2349303
equity,INE322A01010,2026-09-07,7391,7280,7380.5,9738
equity,INE322A01010,2026-09-08,7564,7311.5,7530.5,40115
equity,INE322A01010,2026-09-09,7540,7455,7479.5,11889
equity,INE322A01010,2026-09-10,7480,7365.5,7385.5,5223
equity,INE322A01010,2026-09-11,7350,7290,7307,8784
equity,INE322A01010,2026-09-14,7307,7307,7307,
equity,INE322A01010,2026-09-15,7321,7207,7248.5,11161
equity,INE322A01010,2026-09-16,7295.5,7180,7275.5,7886
equity,INE03JT01014,2026-09-07,260.75,254.85,256.6,110938
equity,INE03JT01014,2026-09-08,261.45,254.5,259.15,158238
equity,INE03JT01014,2026-09-09,259.05,252.9,253.3,187554
equity,INE03JT01014,2026-09-10,255.7,250.1,250.75,93062
equity,INE03JT01014,2026-09-11,257.8,248,256.2,216275
equity,INE03JT01014,2026-09-14,256.2,256.2,256.2,
equity,INE03JT01014,2026-09-15,257.4,251,251.5,89335
equity,INE03JT01014,2026-09-16,254.95,248.25,250.9,155492
equity,INE821I01022,2026-09-07,19.67,19.23,19.25,4864321
equity,INE821I01022,2026-09-08,19.3,19.1,19.25,5202171
equity,INE821I01022,2026-09-09,19.24,19.05,19.07,5123857
equity,INE821I01022,2026-09-10,20.6,19.28,19.91,78742444
equity,INE821I01022,2026-09-11,19.79,19.35,19.64,8984467
equity,INE821I01022,2026-09-14,19.64,19.64,19.64,
equity,INE821I01022,2026-09-15,19.83,19.08,19.18,9392762
equity,INE821I01022,2026-09-16,19.2,18.66,19.05,9929726
equity,INE953O01021,2026-09-08,4094.3,3957.7,4033.6001,397756
equity,INE953O01021,2026-09-09,4170,3955,4135.8999,470508
equity,INE953O01021,2026-09-10,4136,4047,4107.8999,157289
equity,INE953O01021,2026-09-11,4149,4050,4129.8999,127741
equity,INE953O01021,2026-09-14,4129.8999,4129.8999,4129.8999,
equity,INE953O01021,2026-09-15,4183.6001,3820,3871.7,276179
equity,INE953O01021,2026-09-16,3981.8999,3800,3971.2,229403
equity,INE325A01013,2026-09-07,3150,3085,3098.7,18234
equity,INE325A01013,2026-09-08,3120,3080.2,3098.8999,12524
equity,INE325A01013,2026-09-09,3208,3087.2,3173.3999,30907
equity,INE325A01013,2026-09-10,3321,3120,3297.2,72555
equity,INE325A01013,2026-09-11,3319.8,3210.1001,3302.3999,43706
equity,INE325A01013,2026-09-15,3312.3,3120.1001,3151.2,60795
equity,INE325A01013,2026-09-16,3264.3999,3091.2,3238.6001,40325
equity,INE491A01021,2026-09-07,248.85,234.2,238.48,6586154
equity,INE491A01021,2026-09-08,239.17,232.16,232.97,1107925
equity,INE491A01021,2026-09-09,235.57,230.23,231.67,1015686
equity,INE491A01021,2026-09-10,232.99,224.95,226.45,1464969
equity,INE491A01021,2026-09-11,231.85,223.69,227.32,1628700
equity,INE491A01021,2026-09-15,231,223.25,225.78,1260751
equity,INE491A01021,2026-09-16,229,216.42,227.24,2169853
equity,INE095N01031,2026-09-07,86.59,85.62,86,1862601
equity,INE095N01031,2026-09-08,86.1,84.88,86,4783728
equity,INE095N01031,2026-09-09,85.52,83.5,83.6,5699936
equity,INE095N01031,2026-09-10,84.7,83.2,83.94,4868776
equity,INE095N01031,2026-09-11,83.14,82,82.9,6012573
equity,INE095N01031,2026-09-14,82.9,82.9,82.9,
equity,INE095N01031,2026-09-15,83.49,80.13,80.69,5854402
equity,INE095N01031,2026-09-16,81.54,79.72,81.41,5844361
equity,INE288B01029,2026-09-08,1659.9,1620.1,1647.8,310426
equity,INE288B01029,2026-09-09,1672,1630,1641.9,249150
equity,INE288B01029,2026-09-10,1664.8,1633.5,1645.8,414991
equity,INE288B01029,2026-09-11,1635.1,1583.2,1587.8,323567
equity,INE288B01029,2026-09-14,1587.8,1587.8,1587.8,
equity,INE288B01029,2026-09-15,1597.9,1556.1,1561.3,208902
equity,INE288B01029,2026-09-16,1598,1546.2,1590.5,442989
equity,INE880L01014,2026-09-07,384.2,375,376.5,73813
equity,INE880L01014,2026-09-08,379.15,372.1,377.1,54542
equity,INE880L01014,2026-09-09,378.45,372.35,373.75,54759
equity,INE880L01014,2026-09-10,381,365,367.9,80371
equity,INE880L01014,2026-09-11,365.35,354.3,355.9,142628
equity,INE880L01014,2026-09-15,358.35,339.35,340.8,91774
equity,INE880L01014,2026-09-16,344.65,323.55,326.85,179275
equity,INE741K01010,2026-09-08,1429.9,1392.5,1417.1,105678
equity,INE741K01010,2026-09-09,1420.3,1390.4,1396.2,124234
equity,INE741K01010,2026-09-10,1414.6,1394,1403.2,88216
equity,INE741K01010,2026-09-11,1438,1370.8,1424.2,120902
equity,INE741K01010,2026-09-15,1431.7,1400,1409.6,188404
equity,INE741K01010,2026-09-16,1423.8,1370,1416.5,188839
equity,INE419M01035,2026-09-07,754.7,728.1,734.15,925420
equity,INE419M01035,2026-09-08,778.85,736,768.8,2089519
equity,INE419M01035,2026-09-09,787.6,752,755.1,1286601
equity,INE419M01035,2026-09-10,772,748.25,762.75,1289222
equity,INE419M01035,2026-09-11,812.8,743.05,804.9,4284956
equity,INE419M01035,2026-09-14,804.9,804.9,804.9,
equity,INE419M01035,2026-09-15,817.55,720.1,725.5,5769493
equity,INE419M01035,2026-09-16,729.05,680,696,4260484
equity,INE451A01017,2026-09-08,17814.3191,17540.0993,17575,47183
equity,INE451A01017,2026-09-09,17645,17340,17355,36797
equity,INE451A01017,2026-09-10,18339,17349,18175,222791
equity,INE451A01017,2026-09-11,18048,17630,17705,65131
equity,INE451A01017,2026-09-15,17785,17200,17245,68042
equity,INE451A01017,2026-09-16,17501,17187,17383,56833
equity,INE894V01022,2026-09-07,238.4,229.25,230.29,3431813
equity,INE894V01022,2026-09-08,230.95,225,227.17,5392903
equity,INE894V01022,2026-09-09,231.54,227.5,228.54,1136349
equity,INE894V01022,2026-09-10,230.2,227.07,228.4,1568821
equity,INE894V01022,2026-09-11,229.69,225.36,228,1312518
equity,INE894V01022,2026-09-15,232.56,226,226.66,2660988
equity,INE894V01022,2026-09-16,229.75,222.75,229.35,2897573
equity,INE980O01024,2026-09-07,1024.85,998.05,1020.65,927422
equity,INE980O01024,2026-09-08,1058.85,1012.45,1037.2,1316914
equity,INE980O01024,2026-09-09,1055,1005,1009.05,510588
equity,INE980O01024,2026-09-10,1018,996.6,1003.9,356066
equity,INE980O01024,2026-09-11,998.6,966,985,692249
equity,INE980O01024,2026-09-15,990.6,954,961.45,550288
equity,INE980O01024,2026-09-16,974.5,928.6,967.7,970478
equity,INE00WC01027,2026-09-08,1647.7,1593.1,1609.4,146367
equity,INE00WC01027,2026-09-09,1613.6,1576.3,1587.3,101630
equity,INE00WC01027,2026-09-10,1617,1579.8,1594,141274
equity,INE00WC01027,2026-09-11,1586.2,1558.5,1567.6,89489
equity,INE00WC01027,2026-09-15,1588.9,1534.4,1536.4,132668
equity,INE00WC01027,2026-09-16,1546.8,1500.3,1535,124759
equity,INE791I01019,2026-09-08,689.95,669,687,319215
equity,INE791I01019,2026-09-09,689.3,656.3,662.9,347995
equity,INE791I01019,2026-09-10,665.75,649.4,651.15,181772
equity,INE791I01019,2026-09-11,650.4,628.2,638.65,380544
equity,INE791I01019,2026-09-14,638.65,638.65,638.65,
equity,INE791I01019,2026-09-15,648.95,610,612.25,201825
equity,INE791I01019,2026-09-16,630.15,598.6,626.85,264986
equity,INE1C6T01020,2026-09-07,334.7,320.25,325.2,2033248
equity,INE1C6T01020,2026-09-08,332.75,323.25,331.25,1236466
equity,INE1C6T01020,2026-09-09,338,327.95,328.9,1636507
equity,INE1C6T01020,2026-09-10,344.9,328.6,342.65,5005240
equity,INE1C6T01020,2026-09-11,348.2,332.9,346,3747104
equity,INE1C6T01020,2026-09-14,346,346,346,
equity,INE1C6T01020,2026-09-15,349.7,322.45,328.55,2890305
equity,INE1C6T01020,2026-09-16,330.6,318.6,321.7,1364969
equity,INE242C01024,2026-09-07,644.8,615.2,638.25,5173652
equity,INE242C01024,2026-09-08,641,623.05,625.85,1005063
equity,INE242C01024,2026-09-09,625.8,612.5,613.6,2109667
equity,INE242C01024,2026-09-10,615.95,605.3,608.85,1181722
equity,INE242C01024,2026-09-11,604.45,585.05,598.35,2041960
equity,INE242C01024,2026-09-14,598.35,598.35,598.35,
equity,INE242C01024,2026-09-15,605.3,583.05,585.9,1793456
equity,INE242C01024,2026-09-16,594.9,576.85,583.5,2951232
equity,INE686A01026,2026-09-07,1355,1284.6,1316.9,401585
equity,INE686A01026,2026-09-08,1323.8,1265.5,1285.1,280343
equity,INE686A01026,2026-09-09,1297,1265,1269.1,210880
equity,INE686A01026,2026-09-10,1278.4,1250,1251.9,124816
equity,INE686A01026,2026-09-11,1257.8,1214.9,1244.3,288343
equity,INE686A01026,2026-09-15,1285.7,1196,1207.1,270250
equity,INE686A01026,2026-09-16,1267.4,1209.1,1235.1,553513
equity,INE670A01012,2026-09-07,3547.8999,3475,3497,161685
equity,INE670A01012,2026-09-08,3505.3,3462.2,3492,92045
equity,INE670A01012,2026-09-09,3459.8999,3380,3383,246727
equity,INE670A01012,2026-09-10,3456.8999,3370,3409,208936
equity,INE670A01012,2026-09-11,3411,3373.7,3383,112924
equity,INE670A01012,2026-09-14,3383,3383,3383,
equity,INE670A01012,2026-09-15,3532.1001,3418.1001,3440,424602
equity,INE670A01012,2026-09-16,3441.8999,3355.1001,3373,185957
equity,INE203G01027,2026-09-08,154.49,152.7,154.02,834619
equity,INE203G01027,2026-09-09,155.15,151.95,152.92,978960
equity,INE203G01027,2026-09-10,154.45,152,153.46,622240
equity,INE203G01027,2026-09-11,152.5,151.02,151.98,766290
equity,INE203G01027,2026-09-14,151.98,151.98,151.98,
equity,INE203G01027,2026-09-15,152.42,149,150.03,1069089
equity,INE203G01027,2026-09-16,150.39,147.27,148.77,1025243
equity,INE864I01014,2026-09-08,7866.5,7425.5,7799.5,197236
equity,INE864I01014,2026-09-09,7945,7410,7501,147151
equity,INE864I01014,2026-09-10,7417,7150,7305,66106
equity,INE864I01014,2026-09-11,7399,7005,7312.5,53464
equity,INE864I01014,2026-09-14,7312.5,7312.5,7312.5,
equity,INE864I01014,2026-09-15,7151,6947,6947,155246
equity,INE864I01014,2026-09-16,6820,6600,6792,141304
equity,INE0W2G01015,2026-09-07,46.97,45.88,45.95,9292276
equity,INE0W2G01015,2026-09-08,46.05,45.19,45.7,14824946
equity,INE0W2G01015,2026-09-09,45.7,44.83,45.2,9776027
equity,INE0W2G01015,2026-09-10,45.14,44.3,44.41,9850961
equity,INE0W2G01015,2026-09-11,45.5,43.47,45.2,24429679
equity,INE0W2G01015,2026-09-14,45.2,45.2,45.2,
equity,INE0W2G01015,2026-09-15,46.62,45.21,45.6,23912914
equity,INE0W2G01015,2026-09-16,46.2,44.75,45.02,11737959
equity,INE536A01023,2026-09-08,1939.8,1910,1922.8,12837
equity,INE536A01023,2026-09-09,1923.9,1881,1893.1,18388
equity,INE536A01023,2026-09-10,1940.2,1865.1,1907.7,25898
equity,INE536A01023,2026-09-11,1930,1865,1885.8,12610
equity,INE536A01023,2026-09-15,1885.8,1813.6,1825.9,25743
equity,INE536A01023,2026-09-16,1867.9,1818.5,1852.9,21384
equity,INE178A01016,2026-09-07,1461.4,1417,1430.2,567726
equity,INE178A01016,2026-09-08,1475,1415.1,1457.8,1138754
equity,INE178A01016,2026-09-09,1619,1466,1604.4,8400385
equity,INE178A01016,2026-09-10,1663.3,1568.9,1626.4,3754568
equity,INE178A01016,2026-09-11,1677.5,1563.1,1572.9,2916939
equity,INE178A01016,2026-09-14,1572.9,1572.9,1572.9,
equity,INE178A01016,2026-09-15,1583.2,1461.1,1471.8,2061830
equity,INE178A01016,2026-09-16,1487,1412,1456,1362999
equity,INE0BWX01014,2026-09-08,1647.6,1592.6,1642.9,130630
equity,INE0BWX01014,2026-09-09,1678.8,1605.1,1610.9,217203
equity,INE0BWX01014,2026-09-10,1662.5,1586.4,1640.3,349496
equity,INE0BWX01014,2026-09-11,1691.5,1600.1,1674.7,352268
equity,INE0BWX01014,2026-09-14,1674.7,1674.7,1674.7,
equity,INE0BWX01014,2026-09-15,1680,1567.7,1583.1,405221
equity,INE0BWX01014,2026-09-16,1615.9,1552.7,1603.1,159140
equity,INE120A01034,2026-09-07,1151,1095,1104,237087
equity,INE120A01034,2026-09-08,1126.8,1087.4,1095.9,94132
equity,INE120A01034,2026-09-09,1106,1080.7,1094.1,86399
equity,INE120A01034,2026-09-10,1123.4,1085,1090.2,210273
equity,INE120A01034,2026-09-11,1091.8,1055.1,1075.2,113965
equity,INE120A01034,2026-09-15,1085,1021,1031.8,188036
equity,INE120A01034,2026-09-16,1055.5,1018.1,1051.6,96977
equity,INE475E01026,2026-09-08,2850.3999,2747.1001,2770.1001,127691
equity,INE475E01026,2026-09-09,2798.8999,2707.7,2723.1001,117200
equity,INE475E01026,2026-09-10,2839.5,2714,2795.3999,245863
equity,INE475E01026,2026-09-11,2790.1001,2716,2754.8999,103090
equity,INE475E01026,2026-09-14,2754.8999,2754.8999,2754.8999,
equity,INE475E01026,2026-09-15,2760,2555,2570.6001,216544
equity,INE475E01026,2026-09-16,2606.7,2490.5,2583,212376
equity,INE883F01010,2026-09-07,485,471,478.95,270755
equity,INE883F01010,2026-09-08,482.95,468.2,479.65,279151
equity,INE883F01010,2026-09-09,481.65,470.05,471.9,230829
equity,INE883F01010,2026-09-10,474.85,460.25,462.7,418935
equity,INE883F01010,2026-09-11,460.75,452,456.8,197994
equity,INE883F01010,2026-09-15,460.2,444.5,448.35,231528
equity,INE883F01010,2026-09-16,460.95,440.15,458.7,157349
equity,INE330T01021,2026-09-07,2287.3999,2203.5,2231.3999,45858
equity,INE330T01021,2026-09-08,2260,2171.5,2230.3,46944
equity,INE330T01021,2026-09-09,2341.8,2230.3,2256.7,53191
equity,INE330T01021,2026-09-10,2301,2211,2233.3999,58774
equity,INE330T01021,2026-09-11,2244.8,2150,2169,66048
equity,INE330T01021,2026-09-15,2186.8999,2060.6001,2074.3,75023
equity,INE330T01021,2026-09-16,2178,2065,2155.8999,168186
equity,INE182A01018,2026-09-08,4580.7998,4300,4310.7002,186580
equity,INE182A01018,2026-09-09,4318,4158.3999,4171,125703
equity,INE182A01018,2026-09-10,4195.1001,4080,4095.3999,267140
equity,INE182A01018,2026-09-11,4123.7998,4054,4060.2,138685
equity,INE182A01018,2026-09-14,4060.2,4060.2,4060.2,
equity,INE182A01018,2026-09-15,4091.1001,4026.2,4041.6001,36144
equity,INE182A01018,2026-09-16,4080,3955.5,4014.3999,37280
equity,INE526E01018,2026-09-08,4513.5,4428.2002,4438.2002,29385
equity,INE526E01018,2026-09-09,4525,4390,4500.7998,101461
equity,INE526E01018,2026-09-10,4516.2002,4432,4447.3999,29116
equity,INE526E01018,2026-09-11,4462,4354,4371.5,35262
equity,INE526E01018,2026-09-15,4407.7998,4246.3999,4275.3999,76632
equity,INE526E01018,2026-09-16,4353.7998,4150,4309.2998,62702
equity,INE101D01020,2026-09-07,873.85,842.2,867.3,1033026
equity,INE101D01020,2026-09-08,899.85,865,895.35,2111998
equity,INE101D01020,2026-09-09,901.8,878.1,884.8,1406377
equity,INE101D01020,2026-09-10,905.85,870.1,899.25,1597031
equity,INE101D01020,2026-09-11,914.85,881.25,909.3,7851231
equity,INE101D01020,2026-09-15,923.65,872.5,872.6,2106282
equity,INE101D01020,2026-09-16,872,829,835.6,2650410
equity,INE331A01037,2026-09-08,881.9,865,871.45,201465
equity,INE331A01037,2026-09-09,876.1,859.2,866.85,177473
equity,INE331A01037,2026-09-10,875.4,853.45,869.75,555763
equity,INE331A01037,2026-09-11,869.9,851.75,866.65,301862
equity,INE331A01037,2026-09-15,870.1,855.35,859.55,187590
equity,INE331A01037,2026-09-16,868.8,849.2,863.15,270737
equity,INE19RI01016,2026-09-07,522.85,514.5,515.45,229138
equity,INE19RI01016,2026-09-08,530,515.05,525.7,622292
equity,INE19RI01016,2026-09-09,528.95,513.4,518.4,564878
equity,INE19RI01016,2026-09-10,526.65,517,519.25,601567
equity,INE19RI01016,2026-09-11,518.55,504.8,506.35,515274
equity,INE19RI01016,2026-09-14,506.35,506.35,506.35,
equity,INE19RI01016,2026-09-15,532.8,510.25,512.9,1307869
equity,INE19RI01016,2026-09-16,520,502.5,512.05,398373
equity,INE616N01034,2026-09-07,2265,2214.1001,2231.3999,154701
equity,INE616N01034,2026-09-08,2253.1001,2137.7,2215.8999,203200
equity,INE616N01034,2026-09-09,2235.8999,2174.8999,2185.5,100850
equity,INE616N01034,2026-09-10,2339.5,2192.1001,2295.8,853734
equity,INE616N01034,2026-09-11,2313.3999,2236.8999,2246.6001,245450
equity,INE616N01034,2026-09-15,2265,1982,1992.8,531067
equity,INE616N01034,2026-09-16,2043.9,1930.8,1978.9,707382
equity,INE285A01027,2026-09-08,645.5,635.1,638.2,286900
equity,INE285A01027,2026-09-09,645.9,617.5,618.85,367633
equity,INE285A01027,2026-09-10,624.9,602.5,621.6,574129
equity,INE285A01027,2026-09-11,627.6,610.65,617.7,335930
equity,INE285A01027,2026-09-14,617.7,617.7,617.7,
equity,INE285A01027,2026-09-15,641.4,606.8,612.05,626303
equity,INE285A01027,2026-09-16,615.05,590.1,592.5,533720
equity,INE269B01029,2026-09-08,18734,18400,18603,3287
equity,INE269B01029,2026-09-09,18600,17900,18032,6787
equity,INE269B01029,2026-09-10,18376,17451,17614,7775
equity,INE269B01029,2026-09-11,17970,17255,17727,5570
equity,INE269B01029,2026-09-15,17797,17022,17103,2531
equity,INE269B01029,2026-09-16,17700,16800,17617,7595
equity,INE192B01031,2026-09-07,216,209.02,211.95,6124120
equity,INE192B01031,2026-09-08,212.8,204.52,207.87,3413743
equity,INE192B01031,2026-09-09,214.7,207.55,210.28,8012610
equity,INE192B01031,2026-09-10,213.2,208.49,210.5,1879096
equity,INE192B01031,2026-09-11,208.9,203.52,207.68,2653493
equity,INE192B01031,2026-09-15,208.83,199.25,201.63,5087632
equity,INE192B01031,2026-09-16,204.69,195.7,202.82,3112757
equity,INE989C01038,2026-09-08,344.3,326.5,336.25,645893
equity,INE989C01038,2026-09-09,340.4,330,334.8,523960
equity,INE989C01038,2026-09-10,351.5,332.2,351.5,1022436
equity,INE989C01038,2026-09-11,369.05,341,369.05,1300799
equity,INE989C01038,2026-09-14,369.05,369.05,369.05,
equity,INE989C01038,2026-09-15,387.5,375,387.5,1398719
equity,INE989C01038,2026-09-16,404,368.15,394.75,1589558
equity,INE217B01036,2026-09-07,1239.6,1215,1220.5,124971
equity,INE217B01036,2026-09-08,1254.6,1213.7,1250.2,255311
equity,INE217B01036,2026-09-09,1248.9,1234.3,1239.2,80907
equity,INE217B01036,2026-09-10,1254.2,1224.5,1243.9,70866
equity,INE217B01036,2026-09-11,1245,1215.3,1226.4,88820
equity,INE217B01036,2026-09-15,1226.7,1211,1213.6,99558
equity,INE217B01036,2026-09-16,1219.5,1179.1,1215.9,156466
equity,INE427F01016,2026-09-08,906.3137,884.6385,896.7247,180696
equity,INE427F01016,2026-09-09,898.2229,883.9892,888.6838,87296
equity,INE427F01016,2026-09-10,895.0765,862.2141,874.55,119737
equity,INE427F01016,2026-09-11,884.45,856.05,877.25,133609
equity,INE427F01016,2026-09-15,881.9,839.1,845.15,51795
equity,INE427F01016,2026-09-16,854.6,828.15,844.1,83409
equity,INE017A01032,2026-09-07,1389.2,1352,1376.7,888277
equity,INE017A01032,2026-09-08,1397.7,1374.4,1383.8,760052
equity,INE017A01032,2026-09-09,1402.4,1381.2,1393.4,755591
equity,INE017A01032,2026-09-10,1426.9,1393,1400.2,1104013
equity,INE017A01032,2026-09-11,1416.2,1389.4,1412.2,902109
equity,INE017A01032,2026-09-14,1412.2,1412.2,1412.2,
equity,INE017A01032,2026-09-15,1415,1375,1390.4,1189720
equity,INE017A01032,2026-09-16,1395,1358.8,1391.6,735832
equity,INE324A01032,2026-09-07,312.6,305.55,309.55,2210468
equity,INE324A01032,2026-09-08,310.95,297.35,307.6,2130770
equity,INE324A01032,2026-09-09,315.3,305.2,311.7,1991399
equity,INE324A01032,2026-09-10,320,308.6,317.5,3368101
equity,INE324A01032,2026-09-11,316,305.05,311.95,1875374
equity,INE324A01032,2026-09-14,311.95,311.95,311.95,
equity,INE324A01032,2026-09-15,313.9,286.25,289,2584168
equity,INE324A01032,2026-09-16,291.75,275.7,281.25,2432639
equity,INE00IT01020,2026-09-07,277.67,248.56,276.01,35261875
equity,INE00IT01020,2026-09-08,288.45,270.65,275.97,15671478
equity,INE00IT01020,2026-09-09,274.94,262.18,265.56,8108465
equity,INE00IT01020,2026-09-10,278.83,265.32,278.83,8013334
equity,INE00IT01020,2026-09-11,292.77,276.83,292.77,8807785
equity,INE00IT01020,2026-09-14,292.77,292.77,292.77,
equity,INE00IT01020,2026-09-15,304.7,278.14,278.14,10778708
equity,INE00IT01020,2026-09-16,281.7,264.24,276.23,13426746
equity,INE486A01021,2026-09-08,146.66,143.9,146.05,1580615
equity,INE486A01021,2026-09-09,153.42,145.21,149.67,7429488
equity,INE486A01021,2026-09-10,152.48,147.1,147.58,1501069
equity,INE486A01021,2026-09-11,146.7,144.65,145.37,1387965
equity,INE486A01021,2026-09-14,145.37,145.37,145.37,
equity,INE486A01021,2026-09-15,146.76,141.1,141.7,1720693
equity,INE486A01021,2026-09-16,143,140.7,141.67,1662446
equity,INE292B01021,2026-09-07,706.968,689.1927,702.9236,961999
equity,INE292B01021,2026-09-08,732.832,697.1316,730.2356,1986289
equity,INE292B01021,2026-09-09,771.728,724.9929,729.0872,6705010
equity,INE292B01021,2026-09-10,736.8265,716.3549,719.9,1338416
equity,INE292B01021,2026-09-11,724.7,705.25,722.2,1018560
equity,INE292B01021,2026-09-14,722.2,722.2,722.2,
equity,INE292B01021,2026-09-15,725.2,706,720.15,1095218
equity,INE292B01021,2026-09-16,719,692,704.65,831220
equity,INE15B701018,2026-09-07,168.48,163.85,164.49,10783461
equity,INE15B701018,2026-09-08,173.94,162.35,169.55,38342385
equity,INE15B701018,2026-09-09,176.7,167.7,175.08,40668170
equity,INE15B701018,2026-09-10,176.58,172.22,173.17,15911117
equity,INE15B701018,2026-09-11,206.38,170.96,202.17,276696049
equity,INE15B701018,2026-09-14,202.17,202.17,202.17,
equity,INE15B701018,2026-09-15,201.4,191,193.8,62792856
equity,INE15B701018,2026-09-16,198,175.3,185.71,112441353
equity,INE703B01027,2026-09-08,2819,2640,2803.8,145586
equity,INE703B01027,2026-09-09,2873.8,2715.1001,2859.2,126387
equity,INE703B01027,2026-09-10,2889,2785,2823,93487
equity,INE703B01027,2026-09-11,2890,2741.5,2811.3999,71947
equity,INE703B01027,2026-09-15,2833.7,2673,2691.3999,55253
equity,INE703B01027,2026-09-16,2730.5,2615.6001,2695,33844
equity,INE790G01031,2026-09-07,980.1,923,939.5,1088314
equity,INE790G01031,2026-09-08,965,937.1,959.9,714579
equity,INE790G01031,2026-09-09,974.95,954.1,960.6,694978
equity,INE790G01031,2026-09-10,974,931.3,939.9,682900
equity,INE790G01031,2026-09-11,975,910,961.15,1471659
equity,INE790G01031,2026-09-14,961.15,961.15,961.15,
equity,INE790G01031,2026-09-15,968.75,902.25,911.9,756740
equity,INE790G01031,2026-09-16,945,874.85,928.05,1183316
equity,INE172A01027,2026-09-07,191.8,188.17,189.01,1639217
equity,INE172A01027,2026-09-08,190.45,188.3,189.46,1388206
equity,INE172A01027,2026-09-09,189.9,188.3,189.16,2950116
equity,INE172A01027,2026-09-10,190.84,187.41,188.06,4597808
equity,INE172A01027,2026-09-11,189,187.05,188.03,1118348
equity,INE172A01027,2026-09-15,188.25,187.2,187.82,2080994
equity,INE172A01027,2026-09-16,189.45,187.05,188.84,1358481
equity,INE100A01010,2026-09-08,6356.5,6305,6314.5,12993
equity,INE100A01010,2026-09-09,6321.5,6203.5,6221.5,18697
equity,INE100A01010,2026-09-10,6395,6209.5,6356,31851
equity,INE100A01010,2026-09-11,6327,6156.5,6244.5,33362
equity,INE100A01010,2026-09-15,6250,6060.5,6081.5,34391
equity,INE100A01010,2026-09-16,6140.5,5995,6076,17089
equity,INE235A01022,2026-09-07,1252,1211.1,1227,732032
equity,INE235A01022,2026-09-08,1311.8,1230.2,1302.3,1806357
equity,INE235A01022,2026-09-09,1376,1295.4,1353.4,2871412
equity,INE235A01022,2026-09-10,1429,1336.7,1418.4,2351771
equity,INE235A01022,2026-09-11,1498,1340.1,1424,3358636
equity,INE235A01022,2026-09-14,1424,1424,1424,
equity,INE235A01022,2026-09-15,1421.6,1326.4,1339.9,1266116
equity,INE235A01022,2026-09-16,1394.9,1299.1,1362.6,1264202
equity,INE596I01020,2026-09-08,739,728.7,729.5,608207
equity,INE596I01020,2026-09-09,730,711.2,715,1556690
equity,INE596I01020,2026-09-10,722.4,681,712,1371752
equity,INE596I01020,2026-09-11,713.05,694.6,711,1442644
equity,INE596I01020,2026-09-14,711,711,711,
equity,INE596I01020,2026-09-15,732.6,708.05,717.35,1973247
equity,INE596I01020,2026-09-16,718.25,700.15,705.7,848067
equity,INE424H01027,2026-09-08,458.85,449,453.5,262935
equity,INE424H01027,2026-09-09,457.9,447.7,449.3,194146
equity,INE424H01027,2026-09-10,459.8,450.3,455.55,289944
equity,INE424H01027,2026-09-11,485.5,450,476,3312335
equity,INE424H01027,2026-09-14,476,476,476,
equity,INE424H01027,2026-09-15,476,461.15,464.25,323101
equity,INE424H01027,2026-09-16,469,460,462.45,302442
equity,INE0AQ201015,2026-09-07,556.95,541,543.5,234413
equity,INE0AQ201015,2026-09-08,550.4,538.55,542.5,367701
equity,INE0AQ201015,2026-09-09,545,528,531.45,244629
equity,INE0AQ201015,2026-09-10,557,530,554.15,343941
equity,INE0AQ201015,2026-09-11,553.95,533.35,542.3,361329
equity,INE0AQ201015,2026-09-15,541.45,519.15,522.45,189584
equity,INE0AQ201015,2026-09-16,531.5,513.15,524.2,232426
equity,INE684F01012,2026-09-07,266,256.85,259.6,821088
equity,INE684F01012,2026-09-08,261,256.5,257.8,339117
equity,INE684F01012,2026-09-09,258,254.15,254.75,318352
equity,INE684F01012,2026-09-10,257.35,250.3,251.35,332027
equity,INE684F01012,2026-09-11,251,246.65,247.6,557943
equity,INE684F01012,2026-09-14,247.6,247.6,247.6,
equity,INE684F01012,2026-09-15,292,250.15,283.35,33931358
equity,INE684F01012,2026-09-16,280.95,268.5,277.75,4437980
equity,INE148I01020,2026-09-07,159.2,154.6,155.92,4790140
equity,INE148I01020,2026-09-08,155.33,152.67,153,2524388
equity,INE148I01020,2026-09-09,153.24,149.81,150.13,4799914
equity,INE148I01020,2026-09-10,152.22,147.5,149.77,5094753
equity,INE148I01020,2026-09-11,149.37,146.6,147.3,4129688
equity,INE148I01020,2026-09-14,147.3,147.3,147.3,
equity,INE148I01020,2026-09-15,148.3,141.21,141.96,5171011
equity,INE148I01020,2026-09-16,143.28,139.96,142.19,4884099
equity,INE152M01016,2026-09-08,585,566,580.6,374569
equity,INE152M01016,2026-09-09,583.6,563.8,565.05,454425
equity,INE152M01016,2026-09-10,574.45,555.1,560.85,1145463
equity,INE152M01016,2026-09-11,572.8,552.5,569.65,613864
equity,INE152M01016,2026-09-15,569.65,535.65,546.9,1820501
equity,INE152M01016,2026-09-16,548,532.1,540.8,440380
equity,INE673O01025,2026-09-07,1719.9,1672,1705.4,172047
equity,INE673O01025,2026-09-08,1702.5,1669.6,1694.5,83697
equity,INE673O01025,2026-09-09,1735,1682,1721.1,87150
equity,INE673O01025,2026-09-10,1715.2,1666,1671.6,100199
equity,INE673O01025,2026-09-11,1687,1632.2,1679.5,128318
equity,INE673O01025,2026-09-15,1680.8,1646.2,1656.1,81145
equity,INE673O01025,2026-09-16,1647.7,1600,1631.4,84932
equity,INE406M01024,2026-09-07,1341,1318.2,1324.3,27451
equity,INE406M01024,2026-09-08,1333.8,1315.1,1324.7,28743
equity,INE406M01024,2026-09-09,1339,1318,1335,42165
equity,INE406M01024,2026-09-10,1360.9,1325,1356.6,39505
equity,INE406M01024,2026-09-11,1362,1335.1,1355.5,24968
equity,INE406M01024,2026-09-14,1355.5,1355.5,1355.5,
equity,INE406M01024,2026-09-15,1359.9,1300.6,1310.1,44182
equity,INE406M01024,2026-09-16,1324.7,1282.8,1303.2,15097
equity,INE230A01023,2026-09-07,294.85,290.5,294,112598
equity,INE230A01023,2026-09-08,307.5,291.45,295.75,1038216
equity,INE230A01023,2026-09-09,295.75,288.3,289.35,133319
equity,INE230A01023,2026-09-10,290,281.35,285.05,131511
equity,INE230A01023,2026-09-11,287.5,281.6,286.45,104848
equity,INE230A01023,2026-09-15,287.9,280.3,283.8,203168
equity,INE230A01023,2026-09-16,294,283.5,292.1,671091
equity,INE02IJ01035,2026-09-07,2898,2773.3,2868,493178
equity,INE02IJ01035,2026-09-08,2885.8,2800,2822.1001,256205
equity,INE02IJ01035,2026-09-09,2868,2762,2805,261391
equity,INE02IJ01035,2026-09-10,2813,2760,2773.5,171925
equity,INE02IJ01035,2026-09-11,2864,2677.8,2849.1001,454037
equity,INE02IJ01035,2026-09-14,2849.1001,2849.1001,2849.1001,
equity,INE02IJ01035,2026-09-15,2904.2,2692.8999,2704.8999,427305
equity,INE02IJ01035,2026-09-16,2719,2555,2581.7,683725
equity,INE462A01022,2026-09-08,3997.8,3972.5,3984.8999,8994
equity,INE462A01022,2026-09-09,3999.8,3945,3951.1001,9019
equity,INE462A01022,2026-09-10,3995,3942.1001,3978.3999,13598
equity,INE462A01022,2026-09-11,3990,3926.6001,3974.1001,19851
equity,INE462A01022,2026-09-15,3999,3930,3941.1001,9354
equity,INE462A01022,2026-09-16,3965.3999,3885.3,3938.6001,13374
equity,INE738I01010,2026-09-08,1959,1888,1945.1,168424
equity,INE738I01010,2026-09-09,1945.1,1900.2,1922.6,89506
equity,INE738I01010,2026-09-10,1930.1,1890.4,1899.8,72761
equity,INE738I01010,2026-09-11,1917,1864.2,1899.6,107578
equity,INE738I01010,2026-09-15,1968.8,1885,1894.8,202420
equity,INE738I01010,2026-09-16,1968,1848.2,1961.2,182625
equity,INE385C01021,2026-09-08,524,510.4,519.85,757903
equity,INE385C01021,2026-09-09,554.7,519.05,545.85,5268817
equity,INE385C01021,2026-09-10,555,535.15,537.25,752808
equity,INE385C01021,2026-09-11,534.5,522.8,524.15,374526
equity,INE385C01021,2026-09-15,525,499.5,501.35,380876
equity,INE385C01021,2026-09-16,503,491.6,497.35,279078
equity,INE131A01031,2026-09-07,564.65,556.8,557.6,357732
equity,INE131A01031,2026-09-08,576.1,552.75,568.85,1454970
equity,INE131A01031,2026-09-09,585,569.95,574.55,1869082
equity,INE131A01031,2026-09-10,601,577,580.4,4880225
equity,INE131A01031,2026-09-11,577.85,569.1,575.35,667017
equity,INE131A01031,2026-09-14,575.35,575.35,575.35,
equity,INE131A01031,2026-09-15,580,552,553.45,947898
equity,INE131A01031,2026-09-16,557,535.05,543.35,801846
equity,INE769A01020,2026-09-08,503.7486,485.5348,502.7007,766682
equity,INE769A01020,2026-09-09,502.7007,493.5189,495.2156,448671
equity,INE769A01020,2026-09-10,510.9343,494.4671,503.05,589520
equity,INE769A01020,2026-09-11,503,490.05,492.7,592348
equity,INE769A01020,2026-09-14,492.7,492.7,492.7,
equity,INE769A01020,2026-09-15,494.5,466.1,468.7,789421
equity,INE769A01020,2026-09-16,474.45,459.55,472.85,521368
equity,INE0LXG01040,2026-09-07,38.7,37.43,37.96,28426081
equity,INE0LXG01040,2026-09-08,38,37.38,37.63,20686084
equity,INE0LXG01040,2026-09-09,37.57,37.06,37.31,19057493
equity,INE0LXG01040,2026-09-10,40.51,37.31,39.15,180771099
equity,INE0LXG01040,2026-09-11,39.35,38.34,38.54,48676576
equity,INE0LXG01040,2026-09-14,38.54,38.54,38.54,
equity,INE0LXG01040,2026-09-15,40.1,37.63,38.03,60999122
equity,INE0LXG01040,2026-09-16,38.99,37.01,37.24,42332740
equity,INE013P01021,2026-09-07,1573,1530,1552.3,140096
equity,INE013P01021,2026-09-08,1645.7,1557.5,1579.5,707456
equity,INE013P01021,2026-09-09,1617,1510.1,1530.1,2411313
equity,INE013P01021,2026-09-10,1567.8,1526,1541.9,247132
equity,INE013P01021,2026-09-11,1624.7,1530,1592.2,919086
equity,INE013P01021,2026-09-14,1592.2,1592.2,1592.2,
equity,INE013P01021,2026-09-15,1657.5,1589,1599.6,724751
equity,INE013P01021,2026-09-16,1613.6,1563.2,1596.6,143256
equity,INE03QK01018,2026-09-08,460.5,448.1,451.6,1832601
equity,INE03QK01018,2026-09-09,455.2,436.25,443.35,1415841
equity,INE03QK01018,2026-09-10,453.3,440.7,445.3,1241899
equity,INE03QK01018,2026-09-11,445.2,434.15,440.2,468144
equity,INE03QK01018,2026-09-15,443.15,421.35,423.6,383863
equity,INE03QK01018,2026-09-16,434.6,416.2,432.95,320398
equity,INE05HV01027,2026-09-07,247,236.6,240.12,2756152
equity,INE05HV01027,2026-09-08,243.99,236.12,236.85,1033476
equity,INE05HV01027,2026-09-09,237.75,229.5,230.88,1530570
equity,INE05HV01027,2026-09-10,232.31,217.5,218.77,4598066
equity,INE05HV01027,2026-09-11,218,213.16,215.23,1563637
equity,INE05HV01027,2026-09-14,215.23,215.23,215.23,
equity,INE05HV01027,2026-09-15,217.9,202,203.74,1650955
equity,INE05HV01027,2026-09-16,207.98,199.99,203.77,1288002
equity,INE203A01020,2026-09-08,6924,6830,6875.5,2698
equity,INE203A01020,2026-09-09,6943.5,6801,6876.5,5604
equity,INE203A01020,2026-09-10,6906,6837.5,6860.5,2286
equity,INE203A01020,2026-09-11,6880,6750,6764.5,3314
equity,INE203A01020,2026-09-15,6778.5,6600,6695.5,14843
equity,INE203A01020,2026-09-16,6898.5,6650.5,6703,17007
equity,INE825A01020,2026-09-08,590,582.5,584.4,143998
equity,INE825A01020,2026-09-09,591.85,579.1,583,175793
equity,INE825A01020,2026-09-10,587.6,572.35,575.6,287496
equity,INE825A01020,2026-09-11,573.3,557.7,566.2,200543
equity,INE825A01020,2026-09-14,566.2,566.2,566.2,
equity,INE825A01020,2026-09-15,570.25,545.2,547,162882
equity,INE825A01020,2026-09-16,577,543.35,571.75,546961
equity,INE205C01021,2026-09-07,1767.8,1695.1,1701.1,193636
equity,INE205C01021,2026-09-08,1751,1682.3,1730.1,127092
equity,INE205C01021,2026-09-09,1750.4,1720.1,1724,75116
equity,INE205C01021,2026-09-10,1757,1719,1747.7,99923
equity,INE205C01021,2026-09-11,1741.2,1709.7,1738.5,69913
equity,INE205C01021,2026-09-15,1738.5,1695.5,1704.6,49164
equity,INE205C01021,2026-09-16,1716.7,1691.2,1704.6,116349
equity,INE501A01019,2026-09-08,1366.7,1341,1345.9,238040
equity,INE501A01019,2026-09-09,1363.8,1333.6,1357.8,233902
equity,INE501A01019,2026-09-10,1364.8,1330,1335.6,150640
equity,INE501A01019,2026-09-11,1341.3,1316,1320.4,147816
equity,INE501A01019,2026-09-14,1320.4,1320.4,1320.4,
equity,INE501A01019,2026-09-15,1353,1277.9,1284.8,232642
equity,INE501A01019,2026-09-16,1318.8,1269.1,1315,173756
equity,INE872J01023,2026-09-08,139.79,135.8,137.99,868338
equity,INE872J01023,2026-09-09,139.76,136.61,137.17,859550
equity,INE872J01023,2026-09-10,140.1,135.26,135.92,978937
equity,INE872J01023,2026-09-11,138.4,133.75,137.97,2136370
equity,INE872J01023,2026-09-15,139.95,135.56,136.22,2125386
equity,INE872J01023,2026-09-16,137.9,135.16,136.69,1325672
equity,INE0K9O01026,2026-09-07,326.8,309.5,317.75,24705575
equity,INE0K9O01026,2026-09-08,322.4,312.4,318.75,7903836
equity,INE0K9O01026,2026-09-09,339.95,319.95,334.45,16094330
equity,INE0K9O01026,2026-09-10,343.9,329,337.6,6296249
equity,INE0K9O01026,2026-09-11,343.6,330.3,338.6,6734761
equity,INE0K9O01026,2026-09-15,321.7,321.7,321.7,947094
equity,INE0K9O01026,2026-09-16,305.65,305.65,305.65,147259
equity,INE258A01024,2026-09-07,2125,2060.7,2097.2,487014
equity,INE258A01024,2026-09-08,2205,2095.1001,2105.6001,1462432
equity,INE258A01024,2026-09-09,2146,2069.8,2097.8,465000
equity,INE258A01024,2026-09-10,2109.6001,2024.4,2029,403865
equity,INE258A01024,2026-09-11,2044,1982.2,2023.4,230934
equity,INE258A01024,2026-09-14,2023.4,2023.4,2023.4,
equity,INE258A01024,2026-09-15,2033.4,1922,1939.3,234307
equity,INE258A01024,2026-09-16,2007.8,1861.5,1991.9,422680
equity,INE103V01028,2026-09-07,1302.0163,1270.071,1275.1307,22411
equity,INE103V01028,2026-09-08,1293.6827,1265.0114,1285.25,26045
equity,INE103V01028,2026-09-09,1304.8,1269.2,1298.6,27394
equity,INE103V01028,2026-09-10,1298,1278.1,1285.9,16562
equity,INE103V01028,2026-09-11,1285,1247.5,1253.6,25521
equity,INE103V01028,2026-09-15,1259.9,1224.4,1227.4,18613
equity,INE103V01028,2026-09-16,1239.9,1190.1,1215.3,28959
equity,INE552Z01027,2026-09-07,610.4,596.85,600,428345
equity,INE552Z01027,2026-09-08,603,591.35,594.5,204726
equity,INE552Z01027,2026-09-09,607.5,586.55,604.15,320490
equity,INE552Z01027,2026-09-10,613.7,598.4,611.45,300853
equity,INE552Z01027,2026-09-11,636.9,599,632.5,563681
equity,INE552Z01027,2026-09-14,632.5,632.5,632.5,
equity,INE552Z01027,2026-09-15,644.4,622,631.6,522432
equity,INE552Z01027,2026-09-16,655,619,647.55,1453586
equity,INE102B01014,2026-09-07,768.95,751.85,755.65,290500
equity,INE102B01014,2026-09-08,757.95,750.1,753.45,306449
equity,INE102B01014,2026-09-09,755.4,745.15,750.65,589501
equity,INE102B01014,2026-09-10,775.95,750,770.4,549144
equity,INE102B01014,2026-09-11,768.95,757.45,759.8,228484
equity,INE102B01014,2026-09-15,764.7,737.1,740.4,193485
equity,INE102B01014,2026-09-16,741.6,722.5,725.65,196752
equity,INE768C01028,2026-09-07,581,536.65,555.35,7627303
equity,INE768C01028,2026-09-08,562.95,554.7,558.15,321731
equity,INE768C01028,2026-09-09,561.35,551.4,554.2,195180
equity,INE768C01028,2026-09-10,571.65,554.95,566.3,368281
equity,INE768C01028,2026-09-11,570,545.3,552,210690
equity,INE768C01028,2026-09-15,558.45,544.35,549.95,260004
equity,INE768C01028,2026-09-16,559,535.75,551.8,164427
equity,INE718I01012,2026-09-07,125,121.16,121.81,1140728
equity,INE718I01012,2026-09-08,122.09,120.26,121.62,765295
equity,INE718I01012,2026-09-09,121.45,120.41,120.7,1069054
equity,INE718I01012,2026-09-10,121.32,120.35,120.77,681977
equity,INE718I01012,2026-09-11,120.74,118.4,118.87,1784827
equity,INE718I01012,2026-09-14,118.87,118.87,118.87,
equity,INE718I01012,2026-09-15,119.33,116.2,116.88,928470
equity,INE718I01012,2026-09-16,117.16,115.03,116.52,1307940
equity,INE842C01021,2026-09-08,711,690.05,708.3,176980
equity,INE842C01021,2026-09-09,710.35,697.05,700.8,140743
equity,INE842C01021,2026-09-10,709.5,697.5,703.1,74618
equity,INE842C01021,2026-09-11,708,693.1,705.45,109889
equity,INE842C01021,2026-09-14,705.45,705.45,705.45,
equity,INE842C01021,2026-09-15,704.6,675,678.95,184069
equity,INE842C01021,2026-09-16,689.8,661.8,671.55,171805
equity,INE085A01013,2026-09-08,420.3,415,418.65,398881
equity,INE085A01013,2026-09-09,417.95,414.5,415.6,446106
equity,INE085A01013,2026-09-10,423.15,415.3,417.75,523104
equity,INE085A01013,2026-09-11,420,411.45,418.8,572806
equity,INE085A01013,2026-09-14,418.8,418.8,418.8,
equity,INE085A01013,2026-09-15,421,415.45,416.65,447469
equity,INE085A01013,2026-09-16,415.5,401.4,409.1,603041
equity,INE03Q201024,2026-09-08,1399.8,1364.6,1372,105792
equity,INE03Q201024,2026-09-09,1436.4,1370,1400.1,193281
equity,INE03Q201024,2026-09-10,1414.3,1381.5,1390.2,72284
equity,INE03Q201024,2026-09-11,1398.1,1376.1,1386.8,74367
equity,INE03Q201024,2026-09-15,1401.7,1344.5,1347.8,79325
equity,INE03Q201024,2026-09-16,1390.9,1317.6,1370.6,153204
equity,INE373A01013,2026-09-07,3879.8,3780,3788,20383
equity,INE373A01013,2026-09-08,3811.3999,3744.2,3788.8,25345
equity,INE373A01013,2026-09-09,3820,3730.1001,3746,19474
equity,INE373A01013,2026-09-10,3783,3678.3999,3688.3,18740
equity,INE373A01013,2026-09-11,3682.8,3585.6001,3661.5,18224
equity,INE373A01013,2026-09-14,3661.5,3661.5,3661.5,
equity,INE373A01013,2026-09-15,3674.1001,3528,3539.3999,17640
equity,INE373A01013,2026-09-16,3585.8999,3485,3558.3999,15289
equity,INE348B01021,2026-09-08,748.4927,737.0082,743.1,22632
equity,INE348B01021,2026-09-09,746.95,736.5,738.7,34000
equity,INE348B01021,2026-09-10,743.05,731.05,734.05,43744
equity,INE348B01021,2026-09-11,734,715,717.05,51749
equity,INE348B01021,2026-09-15,726.9,706.65,711.05,37273
equity,INE348B01021,2026-09-16,727.9,689.1,719.9,144989
equity,INE085J01014,2026-09-07,5505,5311,5474,93135
equity,INE085J01014,2026-09-08,5507,5336,5366.5,54304
equity,INE085J01014,2026-09-09,5366,5100.5,5118,89077
equity,INE085J01014,2026-09-10,5178,5031.5,5081.5,90183
equity,INE085J01014,2026-09-11,5158,5038.5,5126,79789
equity,INE085J01014,2026-09-14,5126,5126,5126,
equity,INE085J01014,2026-09-15,5148.5,4870,4912,100172
equity,INE085J01014,2026-09-16,4950,4783.5,4927,93434
equity,INE168A01041,2026-09-08,148.5,145.8,147.03,1322470
equity,INE168A01041,2026-09-09,147.88,145,145.81,1426459
equity,INE168A01041,2026-09-10,147.29,144.76,145.77,1192519
equity,INE168A01041,2026-09-11,146.65,142.8,145.27,1131898
equity,INE168A01041,2026-09-14,145.27,145.27,145.27,
equity,INE168A01041,2026-09-15,147.5,143.75,144.75,3037724
equity,INE168A01041,2026-09-16,148.79,144.1,147.66,3249774
equity,INE608A01012,2026-09-07,23.25,22.92,22.98,658224
equity,INE608A01012,2026-09-08,23.01,22.77,22.86,519212
equity,INE608A01012,2026-09-09,22.88,22.6,22.64,610285
equity,INE608A01012,2026-09-10,22.81,22.46,22.6,1124783
equity,INE608A01012,2026-09-11,22.79,22.34,22.73,684511
equity,INE608A01012,2026-09-14,22.73,22.73,22.73,
equity,INE608A01012,2026-09-15,22.78,22.31,22.38,653723
equity,INE608A01012,2026-09-16,22.45,22.11,22.25,893349
equity,INE291A01017,2026-09-08,7036.1902,6887.96,6962.8237,21656
equity,INE291A01017,2026-09-09,6953.341,6723.2599,6740.229,36942
equity,INE291A01017,2026-09-10,7017.225,6740.2293,6892.4521,59432
equity,INE291A01017,2026-09-11,6997.261,6759.6936,6908.9219,31550
equity,INE291A01017,2026-09-15,6917.4067,6554.0681,6591.5,31955
equity,INE291A01017,2026-09-16,6640,6392,6431,63165
equity,INE386C01029,2026-09-07,1769.0942,1702.5884,1709.1791,471255
equity,INE386C01029,2026-09-08,1780.7777,1705.8838,1754.8145,793737
equity,INE386C01029,2026-09-09,1791.4626,1693.701,1703.6869,550424
equity,INE386C01029,2026-09-10,1720.4631,1682.6167,1694.4,258483
equity,INE386C01029,2026-09-11,1695,1656.1,1680.6,200377
equity,INE386C01029,2026-09-14,1680.6,1680.6,1680.6,
equity,INE386C01029,2026-09-15,1688.5,1581,1593.8,496962
equity,INE386C01029,2026-09-16,1638.8,1537.1,1621.9,418072
equity,INE088F01024,2026-09-08,166.5,157.98,159.79,8713293
equity,INE088F01024,2026-09-09,160.65,157.5,157.92,1680376
equity,INE088F01024,2026-09-10,159.91,156.11,157.11,2248464
equity,INE088F01024,2026-09-11,156.38,153.03,155.96,1894916
equity,INE088F01024,2026-09-15,156.71,148.5,149.34,2126737
equity,INE088F01024,2026-09-16,149.94,145,146.84,1898178
equity,INE943P01029,2026-09-07,528.8,513.8,518.25,402398
equity,INE943P01029,2026-09-08,523.8,512.8,519.7,424854
equity,INE943P01029,2026-09-09,522.1,510.2,513.7,256670
equity,INE943P01029,2026-09-10,516.8,500.2,508.35,154967
equity,INE943P01029,2026-09-11,511.85,493.25,508.4,183331
equity,INE943P01029,2026-09-15,511,494.85,502.05,195769
equity,INE943P01029,2026-09-16,508.25,484.15,505,242956
equity,INE251B01027,2026-09-08,1864.8,1804.1,1825,581636
equity,INE251B01027,2026-09-09,1853.9,1756.5,1762.3,447868
equity,INE251B01027,2026-09-10,1771.9,1745.6,1749.9,238930
equity,INE251B01027,2026-09-11,1741.2,1707.1,1722.6,273823
equity,INE251B01027,2026-09-14,1722.6,1722.6,1722.6,
equity,INE251B01027,2026-09-15,1732.8,1630,1638.9,529917
equity,INE251B01027,2026-09-16,1670,1585.6,1662.8,424672
equity,INE301O01023,2026-09-07,820.9039,808.9635,810.1575,646331
equity,INE301O01023,2026-09-08,813.9387,805.8789,809.5605,321353
equity,INE301O01023,2026-09-09,808.864,804.8839,806.1774,280770
equity,INE301O01023,2026-09-10,805.9784,800.0082,801.65,295698
equity,INE301O01023,2026-09-11,804,800.1,802.7,352466
equity,INE301O01023,2026-09-15,807.7,795,795.45,410086
equity,INE301O01023,2026-09-16,802,783.3,789.85,431125
equity,INE947N01017,2026-09-07,242.72,233,233.86,2461232
equity,INE947N01017,2026-09-08,239.75,229.7,231.9,2864307
equity,INE947N01017,2026-09-09,235.41,228.65,230.55,2439713
equity,INE947N01017,2026-09-10,235.2,228.52,229.96,1702460
equity,INE947N01017,2026-09-11,228.9,222.11,225.97,2450720
equity,INE947N01017,2026-09-15,234,220,221.52,2201591
equity,INE947N01017,2026-09-16,223.37,213.41,220.68,1712022
equity,INE177H01039,2026-09-07,245.2,239.43,244.05,1531854
equity,INE177H01039,2026-09-08,247.06,242.5,245.71,1287350
equity,INE177H01039,2026-09-09,255,243.99,253.04,3124495
equity,INE177H01039,2026-09-10,254.6,247.25,252.23,1594175
equity,INE177H01039,2026-09-11,248.79,242.5,244.45,2161543
equity,INE177H01039,2026-09-14,244.45,244.45,244.45,
equity,INE177H01039,2026-09-15,245.51,235.2,237.16,1827411
equity,INE177H01039,2026-09-16,238,231.24,236.49,1238726
equity,INE457L01029,2026-09-07,564.65,554.5,559.55,667138
equity,INE457L01029,2026-09-08,562,551.05,553.7,1171922
equity,INE457L01029,2026-09-09,557.15,539.45,542.5,1621300
equity,INE457L01029,2026-09-10,548.25,538.5,542,786316
equity,INE457L01029,2026-09-11,545,527.5,545,852250
equity,INE457L01029,2026-09-14,545,545,545,
equity,INE457L01029,2026-09-15,545,515.15,518,837345
equity,INE457L01029,2026-09-16,527,513,523.85,768149
equity,INE138Y01010,2026-09-07,932.8,918.05,922.5,301718
equity,INE138Y01010,2026-09-08,929.65,915.6,925.1,382500
equity,INE138Y01010,2026-09-09,921.85,907.7,908,539427
equity,INE138Y01010,2026-09-10,911.8,897,899,312327
equity,INE138Y01010,2026-09-11,904.7,882.4,900,622342
equity,INE138Y01010,2026-09-14,900,900,900,
equity,INE138Y01010,2026-09-15,903.85,880,884.8,761367
equity,INE138Y01010,2026-09-16,895.95,872.5,889,388406
equity,INE548C01032,2026-09-07,370.95,364.7,367.55,907011
equity,INE548C01032,2026-09-08,372.5,362.2,363.65,860617
equity,INE548C01032,2026-09-09,377.65,363.2,369.1,8039529
equity,INE548C01032,2026-09-10,374.85,369.1,370.85,3326974
equity,INE548C01032,2026-09-11,370,363,363.8,801488
equity,INE548C01032,2026-09-14,363.8,363.8,363.8,
equity,INE548C01032,2026-09-15,382.65,371.2,373.7,2883728
equity,INE548C01032,2026-09-16,376,365.8,369.3,1443470
equity,INE398R01022,2026-09-07,396.3,387.25,389.3,444340
equity,INE398R01022,2026-09-08,390.65,383.5,387.55,482134
equity,INE398R01022,2026-09-09,388.6,382.6,386.8,358624
equity,INE398R01022,2026-09-10,390,383,384,187712
equity,INE398R01022,2026-09-11,383.6,375.55,382.65,373196
equity,INE398R01022,2026-09-15,383.8,377.25,378.85,337576
equity,INE398R01022,2026-09-16,382.4,374.2,380.1,267759
equity,INE092A01019,2026-09-07,627.15,611.1,613.35,501210
equity,INE092A01019,2026-09-08,614.95,605.5,607.7,313943
equity,INE092A01019,2026-09-09,607.95,600.55,603.05,311583
equity,INE092A01019,2026-09-10,617.05,603.05,610.55,692580
equity,INE092A01019,2026-09-11,616.25,600,612.45,642048
equity,INE092A01019,2026-09-14,612.45,612.45,612.45,
equity,INE092A01019,2026-09-15,734.9,734.9,734.9,1823658
equity,INE092A01019,2026-09-16,788,691.9,731.8,25482545
equity,INE499A01024,2026-09-07,1025.4,1005,1011.2,56453
equity,INE499A01024,2026-09-08,1015.9,1005.8,1008.2,45553
equity,INE499A01024,2026-09-09,1014.9,996,997.6,45418
equity,INE499A01024,2026-09-10,1014.8,994,1007.5,46045
equity,INE499A01024,2026-09-11,1004.8,985.7,1000,30875
equity,INE499A01024,2026-09-15,1004,985,994.1,54350
equity,INE499A01024,2026-09-16,1002,975.2,986.3,45772
equity,INE685T01010,2026-09-07,55.78,54.54,54.85,3005572
equity,INE685T01010,2026-09-08,55.74,54.25,55.54,2922955
equity,INE685T01010,2026-09-09,56.8,54.98,55.67,3383047
equity,INE685T01010,2026-09-10,56.15,54.99,55.55,1975842
equity,INE685T01010,2026-09-11,55.89,53.75,55.67,3566247
equity,INE685T01010,2026-09-14,55.67,55.67,55.67,
equity,INE685T01010,2026-09-15,56.55,53.1,53.59,3996553
equity,INE685T01010,2026-09-16,53.9,52.46,52.91,2693143
equity,INE901L01018,2026-09-08,810.95,792.6,808.5,200271
equity,INE901L01018,2026-09-09,821.5,799.1,817.4,86236
equity,INE901L01018,2026-09-10,836.5,813.8,816.4,119529
equity,INE901L01018,2026-09-11,822,799.2,810.95,118504
equity,INE901L01018,2026-09-15,839.35,810.2,824.75,165473
equity,INE901L01018,2026-09-16,839.95,813.2,825.3,136443
equity,INE725A01030,2026-09-08,559.95,551,554.55,133022
equity,INE725A01030,2026-09-09,580,555.05,561.15,309952
equity,INE725A01030,2026-09-10,565.15,556.05,558.35,96940
equity,INE725A01030,2026-09-11,555,546.5,551.85,169081
equity,INE725A01030,2026-09-15,561.85,533.9,536.95,261101
equity,INE725A01030,2026-09-16,554.7,535.05,548.3,290193
equity,INE647U01026,2026-09-07,1418.9,1340.3,1380.4,347544
equity,INE647U01026,2026-09-08,1403.7,1352.2,1399.2,90317
equity,INE647U01026,2026-09-09,1433.9,1380.8,1397.6,152405
equity,INE647U01026,2026-09-10,1411.3,1393,1399,108482
equity,INE647U01026,2026-09-11,1442,1361.7,1431,250397
equity,INE647U01026,2026-09-14,1431,1431,1431,
equity,INE647U01026,2026-09-15,1430,1292.6,1321.5,405886
equity,INE647U01026,2026-09-16,1334.2,1265,1286.8,205827
equity,INE885A01032,2026-09-07,864.2,836.5,842.95,694840
equity,INE885A01032,2026-09-08,845.1,834.15,837.8,289450
equity,INE885A01032,2026-09-09,842.4,830,832.15,297603
equity,INE885A01032,2026-09-10,836.5,816.85,819.2,438438
equity,INE885A01032,2026-09-11,816.4,803.75,813.9,385804
equity,INE885A01032,2026-09-14,813.9,813.9,813.9,
equity,INE885A01032,2026-09-15,824,794.6,799.55,408139
equity,INE885A01032,2026-09-16,805.85,789,791.55,408549
equity,INE686Y01026,2026-09-08,5207,5082,5196,11446
equity,INE686Y01026,2026-09-09,5205,5120,5148.5,15842
equity,INE686Y01026,2026-09-10,5188.5,5122,5156,12118
equity,INE686Y01026,2026-09-11,5180.5,5056.5,5167.5,16852
equity,INE686Y01026,2026-09-15,5167.5,5081,5153.5,18010
equity,INE686Y01026,2026-09-16,5249,5037.5,5193,36658
equity,INE04I401011,2026-09-07,575.9,560,562.25,1316814
equity,INE04I401011,2026-09-08,563.35,556.4,562,1083793
equity,INE04I401011,2026-09-09,559.25,551.25,553.1,1160555
equity,INE04I401011,2026-09-10,559.5,548.75,550.95,1114138
equity,INE04I401011,2026-09-11,555.95,545.6,553.75,860098
equity,INE04I401011,2026-09-14,553.75,553.75,553.75,
equity,INE04I401011,2026-09-15,580.95,560,563,4090759
equity,INE04I401011,2026-09-16,566.4,553.1,555,831378
equity,INE05XR01022,2026-09-07,34.4,33.65,33.75,4266149
equity,INE05XR01022,2026-09-08,33.89,33.5,33.51,2353977
equity,INE05XR01022,2026-09-09,34.5,33.59,33.79,5615661
equity,INE05XR01022,2026-09-10,34.1,33.33,33.42,3227357
equity,INE05XR01022,2026-09-11,33.28,32.76,33.01,4257207
equity,INE05XR01022,2026-09-14,33.01,33.01,33.01,
equity,INE05XR01022,2026-09-15,33.17,32.3,32.4,3087850
equity,INE05XR01022,2026-09-16,32.59,31.81,32.23,3803953
equity,INE531A01024,2026-09-08,194.5,191.14,193.4,173879
equity,INE531A01024,2026-09-09,192.56,187.03,191.2,343629
equity,INE531A01024,2026-09-10,192.4,189.71,191.11,109221
equity,INE531A01024,2026-09-11,189.54,187.3,188.6,119478
equity,INE531A01024,2026-09-15,190.02,182.2,183.03,138520
equity,INE531A01024,2026-09-16,185.98,181.06,184.81,277674
equity,INE510A01028,2026-09-08,281.95,271.45,279.2,2925037
equity,INE510A01028,2026-09-09,283.3,272,273.1,2222424
equity,INE510A01028,2026-09-10,277.8,270.1,272.05,1648920
equity,INE510A01028,2026-09-11,272.25,267.1,268.95,1652427
equity,INE510A01028,2026-09-14,268.95,268.95,268.95,
equity,INE510A01028,2026-09-15,273,261.6,262.45,2408462
equity,INE510A01028,2026-09-16,265.6,253.6,260.65,2212117
equity,INE228A01035,2026-09-08,508.45,497.1,499.85,358059
equity,INE228A01035,2026-09-09,502.1,494.05,498.65,273561
equity,INE228A01035,2026-09-10,497.4,490.25,495.75,781944
equity,INE228A01035,2026-09-11,501.5,487.05,494.5,1607761
equity,INE228A01035,2026-09-14,494.5,494.5,494.5,
equity,INE228A01035,2026-09-15,494.4,477.5,480.25,604747
equity,INE228A01035,2026-09-16,482,464.15,478.85,1053981
equity,INE288A01013,2026-09-08,13493,13203,13267,2328
equity,INE288A01013,2026-09-09,13500,13151,13270,2701
equity,INE288A01013,2026-09-10,13399,13050,13098,4084
equity,INE288A01013,2026-09-11,13120,12852,12964,1980
equity,INE288A01013,2026-09-15,13230,12750,12882,4586
equity,INE288A01013,2026-09-16,13231,12900,13123,3273
equity,INE818H01020,2026-09-07,454.95,440,448.95,729443
equity,INE818H01020,2026-09-08,466.8,447,455.25,1285427
equity,INE818H01020,2026-09-09,458.5,449.15,453.55,485637
equity,INE818H01020,2026-09-10,454.05,440.1,441.5,337240
equity,INE818H01020,2026-09-11,440.35,431.4,438.1,573174
equity,INE818H01020,2026-09-14,438.1,438.1,438.1,
equity,INE818H01020,2026-09-15,440,420.1,421.05,376661
equity,INE818H01020,2026-09-16,424.25,408.95,417.75,320057
equity,INE128S01021,2026-09-08,528.75,518.5,524.15,145895
equity,INE128S01021,2026-09-09,535,518.95,533.05,410018
equity,INE128S01021,2026-09-10,534.85,527.3,530.65,155615
equity,INE128S01021,2026-09-11,556.85,521,551.05,1960216
equity,INE128S01021,2026-09-14,551.05,551.05,551.05,
equity,INE128S01021,2026-09-15,558,536.35,541.95,513721
equity,INE128S01021,2026-09-16,552.65,532.3,549.4,549730
equity,INE043W01024,2026-09-07,1525.3839,1485.8387,1495.4254,101311
equity,INE043W01024,2026-09-08,1517.8943,1484.0412,1500.9178,74840
equity,INE043W01024,2026-09-09,1575.814,1474.6543,1496.8236,569495
equity,INE043W01024,2026-09-10,1514.6988,1492.6293,1496.7238,87796
equity,INE043W01024,2026-09-11,1515.2979,1464.0689,1499.9192,98574
equity,INE043W01024,2026-09-15,1513.8,1429.1174,1441.7,116091
equity,INE043W01024,2026-09-16,1453.9,1380,1438.3,157497
equity,INE0J5401028,2026-09-07,474.9,464,468.9,703603
equity,INE0J5401028,2026-09-08,483,468.95,476.05,1012735
equity,INE0J5401028,2026-09-09,480.55,466.2,471.05,683211
equity,INE0J5401028,2026-09-10,483.9,469.65,475.65,657000
equity,INE0J5401028,2026-09-11,478.15,470,471.15,680363
equity,INE0J5401028,2026-09-15,476.2,455.15,457.25,707821
equity,INE0J5401028,2026-09-16,472,449.35,469.3,736639
equity,INE055A01016,2026-09-07,1384,1356.1,1377.8,65234
equity,INE055A01016,2026-09-08,1380,1358.1,1372.1,53107
equity,INE055A01016,2026-09-09,1372,1330,1337.9,111860
equity,INE055A01016,2026-09-10,1346,1323.1,1337.4,47082
equity,INE055A01016,2026-09-11,1315.2,1276,1281.6,346175
equity,INE055A01016,2026-09-15,1281.7,1227,1232.5,197639
equity,INE055A01016,2026-09-16,1250.3,1207,1233.4,167844
equity,INE177A01018,2026-09-07,4849.7998,4713.5,4730.2998,21053
equity,INE177A01018,2026-09-08,4769.8999,4692.2998,4741.7002,10123
equity,INE177A01018,2026-09-09,4825,4667.7002,4693.5,19820
equity,INE177A01018,2026-09-10,4738.8999,4570.1001,4604.7998,20067
equity,INE177A01018,2026-09-11,4617.2998,4506.2998,4573,10539
equity,INE177A01018,2026-09-14,4573,4573,4573,
equity,INE177A01018,2026-09-15,4611.2998,4301.3999,4344.2998,31530
equity,INE177A01018,2026-09-16,4355.8999,4225,4261.8999,33766
equity,INE12UN01015,2026-09-07,260.95,248.05,250.2,2178213
equity,INE12UN01015,2026-09-08,255.85,244.75,249.75,4847985
equity,INE12UN01015,2026-09-09,253.5,246.25,251.2,2461406
equity,INE12UN01015,2026-09-10,255.7,247,255.1,2613346
equity,INE12UN01015,2026-09-11,255,246.5,253.4,1996782
equity,INE12UN01015,2026-09-14,253.4,253.4,253.4,
equity,INE12UN01015,2026-09-15,254.9,239,241.15,3355837
equity,INE12UN01015,2026-09-16,247.5,236,243.75,2089915
equity,INE05C901015,2026-09-07,268.4,258,260.65,277307
equity,INE05C901015,2026-09-08,267.5,252.5,264.1,742430
equity,INE05C901015,2026-09-09,262.9,257,260.5,500085
equity,INE05C901015,2026-09-10,263,257.3,259.05,177801
equity,INE05C901015,2026-09-11,269.3,254.85,265.35,773789
equity,INE05C901015,2026-09-15,272.9,261.8,264.5,840795
equity,INE05C901015,2026-09-16,275.4,259,261.8,995055
equity,INE151G01028,2026-09-07,3390.9903,3249.7158,3345.7305,174319
equity,INE151G01028,2026-09-08,3416.8674,3305.1668,3404.7783,108977
equity,INE151G01028,2026-09-09,3484.6072,3388.5926,3451.9363,243432
equity,INE151G01028,2026-09-10,3463.2264,3357.1206,3380.2,102807
equity,INE151G01028,2026-09-11,3366.1001,3222.1001,3279.5,192834
equity,INE151G01028,2026-09-14,3279.5,3279.5,3279.5,
equity,INE151G01028,2026-09-15,3326.5,3152,3181.8,108535
equity,INE151G01028,2026-09-16,3180,3040,3097.3,129716
equity,INE034A01011,2026-09-07,567.35,546.15,564.5,478679
equity,INE034A01011,2026-09-08,584.3,555.8,581.35,1015936
equity,INE034A01011,2026-09-09,607.15,566.6,570.8,1539846
equity,INE034A01011,2026-09-10,583.4,567.05,569.8,423712
equity,INE034A01011,2026-09-11,579.7,552.3,575.1,470791
equity,INE034A01011,2026-09-15,597.9,542.25,550.6,1581072
equity,INE034A01011,2026-09-16,561.9,532.6,548.05,980779
equity,INE0QPI01025,2026-09-07,1378,1305,1323.3,208143
equity,INE0QPI01025,2026-09-08,1362.9,1311.1,1344.2,192353
equity,INE0QPI01025,2026-09-09,1363,1277,1277.3,318567
equity,INE0QPI01025,2026-09-10,1259.8,1213.5,1213.5,283504
equity,INE0QPI01025,2026-09-11,1244,1152.9,1202.8,593341
equity,INE0QPI01025,2026-09-15,1238,1142.7,1142.7,124977
equity,INE0QPI01025,2026-09-16,1128.8,1085.6,1107.2,534649
equity,INE299U01018,2026-09-08,234.4,227.56,231.9,3241817
equity,INE299U01018,2026-09-09,234.42,228.57,232.96,3989754
equity,INE299U01018,2026-09-10,234,229.74,230,2559289
equity,INE299U01018,2026-09-11,231.69,226.63,231,1077937
equity,INE299U01018,2026-09-14,231,231,231,
equity,INE299U01018,2026-09-15,231.6,226.11,226.15,1492514
equity,INE299U01018,2026-09-16,228.62,222.3,223.4,3565135
equity,INE01TY01017,2026-09-07,158.5,152.95,153.97,1602353
equity,INE01TY01017,2026-09-08,154.71,148.61,154.16,988311
equity,INE01TY01017,2026-09-09,154.12,148.1,149.49,641692
equity,INE01TY01017,2026-09-10,153.05,148.21,152.36,463305
equity,INE01TY01017,2026-09-11,153.68,145.65,151.92,603161
equity,INE01TY01017,2026-09-15,153,149,151.78,591395
equity,INE01TY01017,2026-09-16,154.54,147.27,153.92,545308
equity,INE704J01044,2026-09-07,38.09,36.8,36.94,26950606
equity,INE704J01044,2026-09-08,37.29,36.5,36.65,20555985
equity,INE704J01044,2026-09-09,37.04,36.2,36.27,28877181
equity,INE704J01044,2026-09-10,37.19,36.25,36.37,23606914
equity,INE704J01044,2026-09-11,37.44,35.85,36.71,38669198
equity,INE704J01044,2026-09-14,36.71,36.71,36.71,
equity,INE704J01044,2026-09-15,36.95,34.7,34.83,23297053
equity,INE704J01044,2026-09-16,35.24,33.91,34.98,17536029
equity,INE2J8701016,2026-09-07,3047.7,2992.1001,3016.1001,24293
equity,INE2J8701016,2026-09-08,3048,2916.6001,2953.8,38591
equity,INE2J8701016,2026-09-09,3039.8,2935.7,2971.7,36285
equity,INE2J8701016,2026-09-10,3035,2905,2935.3999,42276
equity,INE2J8701016,2026-09-11,2963.2,2870.1001,2887.7,40808
equity,INE2J8701016,2026-09-15,2910,2812.1001,2833.8,56181
equity,INE2J8701016,2026-09-16,2964.8999,2802.3999,2943,51270
equity,INE987B01026,2026-09-08,846.85,823.4,825.75,302502
equity,INE987B01026,2026-09-09,838.9,815.2,826.3,537495
equity,INE987B01026,2026-09-10,832.15,816,818.65,236487
equity,INE987B01026,2026-09-11,821.45,801.4,815.35,567956
equity,INE987B01026,2026-09-14,815.35,815.35,815.35,
equity,INE987B01026,2026-09-15,831.45,812.3,819.15,434634
equity,INE987B01026,2026-09-16,828.75,801,813.3,492516
equity,INE338H01029,2026-09-08,1492,1437.8,1470.5,201961
equity,INE338H01029,2026-09-09,1479.8,1447.6,1464.5,140985
equity,INE338H01029,2026-09-10,1472.2,1432,1452.8,106007
equity,INE338H01029,2026-09-11,1529,1426.9,1505.7,372504
equity,INE338H01029,2026-09-15,1527.1,1467,1473,97030
equity,INE338H01029,2026-09-16,1484.2,1428.1,1453.8,105760
equity,INE995S01015,2026-09-07,81.25,80,80.67,337165
equity,INE995S01015,2026-09-08,81.1,80.01,80.55,309739
equity,INE995S01015,2026-09-09,80.84,79.2,79.59,371286
equity,INE995S01015,2026-09-10,79.79,78.86,79.42,290644
equity,INE995S01015,2026-09-11,80.36,78.36,79.93,472895
equity,INE995S01015,2026-09-14,79.93,79.93,79.93,
equity,INE995S01015,2026-09-15,83.9,79.63,81.5,1416460
equity,INE995S01015,2026-09-16,81.79,79.08,79.55,1090638
equity,INE750C01026,2026-09-08,349.95,331.6,335.9,5090238
equity,INE750C01026,2026-09-09,340,328.65,330.15,1784442
equity,INE750C01026,2026-09-10,334.55,323.8,330.4,1295256
equity,INE750C01026,2026-09-11,333.75,324.2,329.4,1631814
equity,INE750C01026,2026-09-14,329.4,329.4,329.4,
equity,INE750C01026,2026-09-15,331.4,301.1,312.85,2298117
equity,INE750C01026,2026-09-16,323.6,307.05,316.45,2263970
equity,INE927D01051,2026-09-07,624.636,610.0562,612.7524,203154
equity,INE927D01051,2026-09-08,617.1464,612.1034,614.5,137066
equity,INE927D01051,2026-09-09,618.9,611.55,614.25,158453
equity,INE927D01051,2026-09-10,617.3,602.35,604.25,219691
equity,INE927D01051,2026-09-11,633.45,594,620.3,857400
equity,INE927D01051,2026-09-15,626,600,603.9,226951
equity,INE927D01051,2026-09-16,606,585,588.2,281166
equity,INE732A01036,2026-09-08,1860.9,1825,1853.3,15551
equity,INE732A01036,2026-09-09,1862.5,1836.6,1850.2,18090
equity,INE732A01036,2026-09-10,1858.2,1811,1818.3,25548
equity,INE732A01036,2026-09-11,1811.2,1771,1784,56553
equity,INE732A01036,2026-09-15,1796.9,1719.9,1728,80121
equity,INE732A01036,2026-09-16,1755,1698.2,1724.7,31065
equity,INE421D01022,2026-09-08,1137,1086.5,1130.6,160147
equity,INE421D01022,2026-09-09,1130,1094.1,1104.7,136573
equity,INE421D01022,2026-09-10,1104.7,1088,1096.8,86618
equity,INE421D01022,2026-09-11,1089,1059.1,1081,152869
equity,INE421D01022,2026-09-15,1086,1056,1060.9,118848
equity,INE421D01022,2026-09-16,1080.7,1043.6,1065.5,103625
equity,INE668A01016,2026-09-08,936.8,920.15,926.8,66320
equity,INE668A01016,2026-09-09,929.6,916.1,922.25,68604
equity,INE668A01016,2026-09-10,928.45,918.5,923.65,51371
equity,INE668A01016,2026-09-11,920,904,910.9,89596
equity,INE668A01016,2026-09-14,910.9,910.9,910.9,
equity,INE668A01016,2026-09-15,920,860,868.35,209458
equity,INE668A01016,2026-09-16,909.7,863.9,904.2,261281
equity,INE700A01033,2026-09-07,954.2,918,950.3,317471
equity,INE700A01033,2026-09-08,1021.55,953.3,997.75,1366696
equity,INE700A01033,2026-09-09,1023.5,989.05,1019,452808
equity,INE700A01033,2026-09-10,1027.15,1007.9,1025.65,173412
equity,INE700A01033,2026-09-11,1034.15,1006.3,1025.2,230939
equity,INE700A01033,2026-09-15,1041,1002.15,1011.95,190713
equity,INE700A01033,2026-09-16,1010,977.5,1002.5,154099
equity,INE961O01016,2026-09-08,1479,1444.7,1449.9,65166
equity,INE961O01016,2026-09-09,1474.7,1440.8,1451.1,97345
equity,INE961O01016,2026-09-10,1478.9,1442.5,1460.1,75652
equity,INE961O01016,2026-09-11,1461.7,1430.1,1444.9,82388
equity,INE961O01016,2026-09-15,1460,1424,1453.7,72380
equity,INE961O01016,2026-09-16,1464.7,1424.5,1457.2,55338
equity,INE0LCL01028,2026-09-08,2360,2280.8,2290.3,355629
equity,INE0LCL01028,2026-09-09,2334,2267,2293.6001,206983
equity,INE0LCL01028,2026-09-10,2315,2218,2227,280040
equity,INE0LCL01028,2026-09-11,2299.8,2188.3999,2264.5,334741
equity,INE0LCL01028,2026-09-15,2312,2150.2,2160.7,355969
equity,INE0LCL01028,2026-09-16,2260,1980,2216.1001,934978
equity,INE951I01027,2026-09-08,332.65,327.3,330.05,379892
equity,INE951I01027,2026-09-09,335.15,326.15,326.95,454074
equity,INE951I01027,2026-09-10,331.7,324.3,328.75,389120
equity,INE951I01027,2026-09-11,327,318.05,323.7,303031
equity,INE951I01027,2026-09-15,326.8,319.6,321.9,439497
equity,INE951I01027,2026-09-16,331.4,316.05,327.15,442902
equity,INE00E101023,2026-09-08,590.2,577.4,583.7,95487
equity,INE00E101023,2026-09-09,584.05,571,571.7,64910
equity,INE00E101023,2026-09-10,573.65,565,566.15,429656
equity,INE00E101023,2026-09-11,566,547.3,548.25,142922
equity,INE00E101023,2026-09-15,570,535.35,541.6,111374
equity,INE00E101023,2026-09-16,547.7,532.75,540.95,69639
equity,INE536H01010,2026-09-08,386.35,382.5,383.4,126785
equity,INE536H01010,2026-09-09,386.5,381,381.65,261325
equity,INE536H01010,2026-09-10,386.25,380.6,381.8,321229
equity,INE536H01010,2026-09-11,381,376.05,379.65,100295
equity,INE536H01010,2026-09-15,382.75,368,375,207605
equity,INE536H01010,2026-09-16,379.75,366.9,375.8,270933
equity,INE119A01028,2026-09-07,722,695,711.55,5509645
equity,INE119A01028,2026-09-08,742,702.8,711.45,3169872
equity,INE119A01028,2026-09-09,710.05,689,700.05,1337773
equity,INE119A01028,2026-09-10,714,693.3,705.15,1534401
equity,INE119A01028,2026-09-11,709,687,691.4,1301177
equity,INE119A01028,2026-09-14,691.4,691.4,691.4,
equity,INE119A01028,2026-09-15,698,667.55,677.1,1081870
equity,INE119A01028,2026-09-16,685,657.3,682.6,936082
equity,INE290S01011,2026-09-08,3225.7,3110,3176.7,308717
equity,INE290S01011,2026-09-09,3167.3999,3011,3027.1001,261277
equity,INE290S01011,2026-09-10,3064,2994.2,3034.7,155066
equity,INE290S01011,2026-09-11,3105.2,2982.1001,3087.8999,273739
equity,INE290S01011,2026-09-14,3087.8999,3087.8999,3087.8999,
equity,INE290S01011,2026-09-15,3170.2,3001.1001,3017.1001,337654
equity,INE290S01011,2026-09-16,3064.8999,2856.7,2885.3,416850
equity,INE133A01011,2026-09-08,3199,3156.1001,3174.3999,37827
equity,INE133A01011,2026-09-09,3200,3140.1001,3179.2,37589
equity,INE133A01011,2026-09-10,3199.7,3161.6001,3179.7,6736
equity,INE133A01011,2026-09-11,3172,3143.1001,3155.1001,31176
equity,INE133A01011,2026-09-15,3199,3083.1001,3133.8,50943
equity,INE133A01011,2026-09-16,3172.3999,3041,3082,10726
equity,INE663A01033,2026-09-08,831.1,783.15,828.4,904826
equity,INE663A01033,2026-09-09,837.6,810,813.55,196496
equity,INE663A01033,2026-09-10,843.8,810.15,828.15,413527
equity,INE663A01033,2026-09-11,836.05,804.6,818.35,176561
equity,INE663A01033,2026-09-14,818.35,818.35,818.35,
equity,INE663A01033,2026-09-15,828,781.35,789.35,170064
equity,INE663A01033,2026-09-16,798,769.3,792.7,175117
equity,INE065X01017,2026-09-07,604.85,591.85,599.35,336187
equity,INE065X01017,2026-09-08,603.6,579.2,589.2,410036
equity,INE065X01017,2026-09-09,591,580.85,586.35,239296
equity,INE065X01017,2026-09-10,589.95,575.15,577.35,258395
equity,INE065X01017,2026-09-11,583.25,570.3,578.35,225658
equity,INE065X01017,2026-09-15,584.85,568.3,571.5,317962
equity,INE065X01017,2026-09-16,574.1,559,573.2,205000
equity,INE933B01012,2026-09-07,765.65,732,740.15,162011
equity,INE933B01012,2026-09-08,777.15,722,777.15,175034
equity,INE933B01012,2026-09-09,789,750,755.1,155489
equity,INE933B01012,2026-09-10,792.85,780,792.85,250035
equity,INE933B01012,2026-09-11,832.45,776.5,832.45,366669
equity,INE933B01012,2026-09-14,832.45,832.45,832.45,
equity,INE933B01012,2026-09-15,867,790.85,794.65,318415
equity,INE933B01012,2026-09-16,824.9,758,817.05,250565
equity,INE0Z4F01028,2026-09-07,1958,1890.3,1938.1,141076
equity,INE0Z4F01028,2026-09-08,1948,1882.3,1922.3,151171
equity,INE0Z4F01028,2026-09-09,1932.8,1831,1848.7,103680
equity,INE0Z4F01028,2026-09-10,1859.9,1796.1,1805.4,53101
equity,INE0Z4F01028,2026-09-11,1798,1759,1777.8,69995
equity,INE0Z4F01028,2026-09-15,1784.2,1652.2,1660,106063
equity,INE0Z4F01028,2026-09-16,1686.9,1623.9,1655,78831
equity,INE825V01034,2026-09-08,588.7,576.2,579.55,167065
equity,INE825V01034,2026-09-09,588.9,562.65,581.35,305840
equity,INE825V01034,2026-09-10,589.5,572.8,576.6,183468
equity,INE825V01034,2026-09-11,584.5,562,582.35,230359
equity,INE825V01034,2026-09-15,584,556,566.65,399110
equity,INE825V01034,2026-09-16,563.65,543.25,554.7,245299
equity,INE371A01025,2026-09-08,743.9,713,734.25,1208880
equity,INE371A01025,2026-09-09,874.35,775,844.65,36292952
equity,INE371A01025,2026-09-10,868.95,820.1,824.8,11528239
equity,INE371A01025,2026-09-11,834.4,785.1,825.8,3972340
equity,INE371A01025,2026-09-14,825.8,825.8,825.8,
equity,INE371A01025,2026-09-15,830,776.05,781.5,1871773
equity,INE371A01025,2026-09-16,818.7,774.6,805.05,3021301
equity,INE212S01015,2026-09-07,821.95,798.55,801.2,397346
equity,INE212S01015,2026-09-08,804.65,791.2,794.75,133560
equity,INE212S01015,2026-09-09,797,774.1,777.65,391503
equity,INE212S01015,2026-09-10,784.3,764.55,766.65,244109
equity,INE212S01015,2026-09-11,781.1,759.1,764.45,662525
equity,INE212S01015,2026-09-14,764.45,764.45,764.45,
equity,INE212S01015,2026-09-15,780,743.1,748.1,404374
equity,INE212S01015,2026-09-16,751,735,738.6,166943
equity,INE418L01047,2026-09-08,370.7,366,368.4,510005
equity,INE418L01047,2026-09-09,378,363,374.4,1723096
equity,INE418L01047,2026-09-10,380,369.2,374.65,1606579
equity,INE418L01047,2026-09-11,374.6,362,370.3,1148490
equity,INE418L01047,2026-09-15,375.05,354.9,357.4,1012532
equity,INE418L01047,2026-09-16,362.3,345.6,351.15,1068058
equity,INE999A01023,2026-09-08,830,790.05,824.05,192730
equity,INE999A01023,2026-09-09,828,804.7,806.7,106837
equity,INE999A01023,2026-09-10,808.95,797.05,804.2,88865
equity,INE999A01023,2026-09-11,810,788.8,804.2,94866
equity,INE999A01023,2026-09-15,812,780.4,787.95,182033
equity,INE999A01023,2026-09-16,789.65,762,764.85,144245
equity,INE930P01018,2026-09-07,1266.3,1227.1,1233.6,286021
equity,INE930P01018,2026-09-08,1245.5,1222.5,1233.4,137762
equity,INE930P01018,2026-09-09,1238.5,1223.5,1229.6,204066
equity,INE930P01018,2026-09-10,1235.5,1229.3,1231.1,33522
equity,INE930P01018,2026-09-11,1232.6,1205,1219.4,418693
equity,INE930P01018,2026-09-15,1227.3,1115.8,1170.4,493232
equity,INE930P01018,2026-09-16,1195.7,1160.5,1178.3,435775
equity,INE545A01024,2026-09-07,273,250,272.2,3615221
equity,INE545A01024,2026-09-08,265.4,258.6,258.6,1334287
equity,INE545A01024,2026-09-09,271.5,255,262.75,3289030
equity,INE545A01024,2026-09-10,256.1,249.65,249.65,1892656
equity,INE545A01024,2026-09-11,243,237.2,237.2,1259054
equity,INE545A01024,2026-09-14,237.2,237.2,237.2,
equity,INE545A01024,2026-09-15,229.35,225.35,225.35,1510389
equity,INE545A01024,2026-09-16,225.25,214.1,215.05,3358347
equity,INE0Q9301021,2026-09-07,324.05,312.05,318,742176
equity,INE0Q9301021,2026-09-08,320.05,314.35,318.1,321958
equity,INE0Q9301021,2026-09-09,320,309.3,311.5,601837
equity,INE0Q9301021,2026-09-10,317,310.3,311.2,433610
equity,INE0Q9301021,2026-09-11,315,307.05,314.3,233518
equity,INE0Q9301021,2026-09-14,314.3,314.3,314.3,
equity,INE0Q9301021,2026-09-15,323.6,312.25,313.1,503750
equity,INE0Q9301021,2026-09-16,315.45,311.1,314.4,205329
equity,INE126A01031,2026-09-07,796.8,771.25,777.7,301706
equity,INE126A01031,2026-09-08,785.1,760,763.7,251904
equity,INE126A01031,2026-09-09,767,746.1,756.7,361348
equity,INE126A01031,2026-09-10,761,731.6,733.95,342075
equity,INE126A01031,2026-09-11,733.35,719,721.05,326581
equity,INE126A01031,2026-09-14,721.05,721.05,721.05,
equity,INE126A01031,2026-09-15,721,700.05,702.75,339905
equity,INE126A01031,2026-09-16,707,685.5,703.05,314675
equity,INE713T01028,2026-09-07,407.4,390.3,403.95,11691954
equity,INE713T01028,2026-09-08,424,405.8,417.9,15479622
equity,INE713T01028,2026-09-09,427.95,415.1,422.45,10424699
equity,INE713T01028,2026-09-10,423.3,408.1,413.2,7449993
equity,INE713T01028,2026-09-11,423.5,409.55,422.25,7751875
equity,INE713T01028,2026-09-14,422.25,422.25,422.25,
equity,INE713T01028,2026-09-15,424.6,384,386.6,9564451
equity,INE713T01028,2026-09-16,388.5,361.4,370.35,12104835
equity,INE00F201020,2026-09-08,3390,3255.1001,3277.5,39653
equity,INE00F201020,2026-09-09,3329.8,3251,3302.5,11980
equity,INE00F201020,2026-09-10,3355,3291.7,3318.8,8339
equity,INE00F201020,2026-09-11,3449.8999,3249.1001,3385,39123
equity,INE00F201020,2026-09-15,3436.7,3222.2,3251.5,43255
equity,INE00F201020,2026-09-16,3342.2,3190.2,3326.1001,14577
equity,INE297H01019,2026-09-08,571.7,556.3,561.65,120655
equity,INE297H01019,2026-09-09,574.4,554.4,557.1,45830
equity,INE297H01019,2026-09-10,568.7,550,553.25,52214
equity,INE297H01019,2026-09-11,550,541.3,546.4,45220
equity,INE297H01019,2026-09-15,548.75,531,534.65,75010
equity,INE297H01019,2026-09-16,542.9,521.5,524.95,147097
equity,INE1CLE01013,2026-09-07,36.34,34.52,34.64,21758859
equity,INE1CLE01013,2026-09-08,35.41,33.8,33.97,18095772
equity,INE1CLE01013,2026-09-09,34.34,33.26,33.38,30736292
equity,INE1CLE01013,2026-09-10,33.88,33.21,33.37,11464492
equity,INE1CLE01013,2026-09-11,33.6,32.39,33.34,13476504
equity,INE1CLE01013,2026-09-14,33.34,33.34,33.34,
equity,INE1CLE01013,2026-09-15,33.49,31.68,31.68,18491355
equity,INE1CLE01013,2026-09-16,31.75,30.28,31.16,15538376
equity,INE109A01011,2026-09-07,298.25,292.6,293.75,1033416
equity,INE109A01011,2026-09-08,294.8,288.05,288.75,1262000
equity,INE109A01011,2026-09-09,291.2,287,287.35,1073224
equity,INE109A01011,2026-09-10,291.15,284.4,285.2,1123388
equity,INE109A01011,2026-09-11,283.35,277.5,280.6,1518756
equity,INE109A01011,2026-09-14,280.6,280.6,280.6,
equity,INE109A01011,2026-09-15,281.85,268,269.05,1967345
equity,INE109A01011,2026-09-16,274,262.8,266.9,1491367
equity,INE781S01027,2026-09-07,604.5,578,580.55,12470
equity,INE781S01027,2026-09-08,585.6,567.35,571.5,29250
equity,INE781S01027,2026-09-09,574,554.85,569.7,66140
equity,INE781S01027,2026-09-10,573.95,558.3,569.8,49112
equity,INE781S01027,2026-09-11,577.95,560.05,574.7,34114
equity,INE781S01027,2026-09-15,582,561,563.15,79959
equity,INE781S01027,2026-09-16,572.95,558.2,565.05,29156
equity,INE410B01037,2026-09-07,1306.8341,1286.8695,1290.1473,44434
equity,INE410B01037,2026-09-08,1358.7817,1290.4453,1338.7179,165778
equity,INE410B01037,2026-09-09,1338.9164,1314.1842,1325.4081,42455
equity,INE410B01037,2026-09-10,1328.5865,1299.186,1303.5564,42615
equity,INE410B01037,2026-09-11,1306.1388,1280.8107,1285.5784,64208
equity,INE410B01037,2026-09-15,1307.1321,1241.6761,1252.9,41505
equity,INE410B01037,2026-09-16,1274.5,1242.8,1253.9,38547
equity,INE671H01015,2026-09-07,1276,1243.2,1250.1,38511
equity,INE671H01015,2026-09-08,1262.4,1242,1255.6,33085
equity,INE671H01015,2026-09-09,1255,1224,1229.5,40274
equity,INE671H01015,2026-09-10,1255,1217,1235.7,181083
equity,INE671H01015,2026-09-11,1234,1201.9,1216.8,96039
equity,INE671H01015,2026-09-14,1216.8,1216.8,1216.8,
equity,INE671H01015,2026-09-15,1240.9,1181.2,1192.7,110757
equity,INE671H01015,2026-09-16,1194.7,1173.1,1181.8,77935
equity,INE0NNS01018,2026-09-08,46.25,44.81,45.02,4004951
equity,INE0NNS01018,2026-09-09,45.65,44.82,45.04,5018996
equity,INE0NNS01018,2026-09-10,45.52,43.7,43.86,3875085
equity,INE0NNS01018,2026-09-11,43.83,42.46,43.66,3568740
equity,INE0NNS01018,2026-09-14,43.66,43.66,43.66,
equity,INE0NNS01018,2026-09-15,43.69,41.35,41.45,3741526
equity,INE0NNS01018,2026-09-16,41.77,40.23,41.17,4104624
equity,INE482A01020,2026-09-07,3368,3287,3336.1001,55616
equity,INE482A01020,2026-09-08,3346.3,3304,3313.2,33715
equity,INE482A01020,2026-09-09,3333.5,3281,3293.2,61898
equity,INE482A01020,2026-09-10,3313.5,3280.1001,3295.7,43713
equity,INE482A01020,2026-09-11,3294.6001,3247,3278.5,37708
equity,INE482A01020,2026-09-15,3322,3252,3282.5,60254
equity,INE482A01020,2026-09-16,3324,3241.3,3305.6001,48566
equity,INE321T01012,2026-09-07,2225,2195,2201.5,28632
equity,INE321T01012,2026-09-08,2215.3,2170,2191.3999,38304
equity,INE321T01012,2026-09-09,2196.3999,2159.8999,2190.8,157465
equity,INE321T01012,2026-09-10,2198.5,2155.1001,2165.6001,14571
equity,INE321T01012,2026-09-11,2165.1001,2110,2121,28530
equity,INE321T01012,2026-09-15,2143.8,2103,2120.3999,19480
equity,INE321T01012,2026-09-16,2115.7,2061.3,2085.2,20224
equity,INE731H01025,2026-09-08,1148,1105,1121.2,238203
equity,INE731H01025,2026-09-09,1163,1120,1127,559419
equity,INE731H01025,2026-09-10,1137.5,1112.4,1121.2,182048
equity,INE731H01025,2026-09-11,1134,1086.1,1129,299344
equity,INE731H01025,2026-09-15,1141.5,1105,1132.1,332640
equity,INE731H01025,2026-09-16,1158,1102,1149.7,425217
equity,INE869T01028,2026-09-07,1183.7,1098.2,1127.2,1068499
equity,INE869T01028,2026-09-08,1155,1110.2,1117.5,322070
equity,INE869T01028,2026-09-09,1293.5,1111.5,1257.9,9414132
equity,INE869T01028,2026-09-10,1509.4,1271,1509.4,11329700
equity,INE869T01028,2026-09-11,1686.8,1391.7,1438.2,22057840
equity,INE869T01028,2026-09-14,1438.2,1438.2,1438.2,
equity,INE869T01028,2026-09-15,1419.7,1273,1356.8,3774360
equity,INE869T01028,2026-09-16,1437.6,1196.2,1307,8096035
equity,INE694L01019,2026-09-07,34.54,33.75,34.12,12155109
equity,INE694L01019,2026-09-08,34.82,34.15,34.28,8548535
equity,INE694L01019,2026-09-09,34.75,34.02,34.28,8453812
equity,INE694L01019,2026-09-10,34.5,33.81,33.96,10913217
equity,INE694L01019,2026-09-11,33.94,33.34,33.62,5964281
equity,INE694L01019,2026-09-14,33.62,33.62,33.62,
equity,INE694L01019,2026-09-15,33.55,31.56,31.68,15567840
equity,INE694L01019,2026-09-16,31.8,30.78,31,13473413
equity,INE872H01027,2026-09-07,1967.7,1916.2,1935.5,124170
equity,INE872H01027,2026-09-08,1965,1910,1955.9,105255
equity,INE872H01027,2026-09-09,2007.6,1937.7,1990.6,117985
equity,INE872H01027,2026-09-10,1997.1,1926.9,1942.6,83841
equity,INE872H01027,2026-09-11,2011.9,1893.7,1993.7,164997
equity,INE872H01027,2026-09-14,1993.7,1993.7,1993.7,
equity,INE872H01027,2026-09-15,2048.8999,1951.9,1991.3,233217
equity,INE872H01027,2026-09-16,2003.1,1905,1941.8,110575
equity,INE542F01020,2026-09-08,2540,2440,2484,11440
equity,INE542F01020,2026-09-09,2592,2458,2584.5,24701
equity,INE542F01020,2026-09-10,2710,2550,2662.8,22304
equity,INE542F01020,2026-09-11,2742,2662.8,2727.8999,20275
equity,INE542F01020,2026-09-15,2733,2599,2650.5,21102
equity,INE542F01020,2026-09-16,2720,2520.2,2687.2,17649
equity,INE133E01013,2026-09-08,540.9609,530.1317,539.314,208328
equity,INE133E01013,2026-09-09,539.8131,525.79,529.8822,653479
equity,INE133E01013,2026-09-10,548.2967,527.5865,534.7228,370739
equity,INE133E01013,2026-09-11,528.435,519.053,520.6,316424
equity,INE133E01013,2026-09-14,520.6,520.6,520.6,
equity,INE133E01013,2026-09-15,526.4,503.1,510.75,786869
equity,INE133E01013,2026-09-16,532.4,500.65,526.55,568346
equity,INE12UR01024,2026-09-07,434.75,413.05,417.3,247130
equity,INE12UR01024,2026-09-08,440,410.2,435.2,384255
equity,INE12UR01024,2026-09-09,454.3,435.2,451.5,356144
equity,INE12UR01024,2026-09-10,458.25,437,441.25,198307
equity,INE12UR01024,2026-09-11,450.15,434.8,447.8,169862
equity,INE12UR01024,2026-09-14,447.8,447.8,447.8,
equity,INE12UR01024,2026-09-15,447.8,419.05,421.9,342061
equity,INE12UR01024,2026-09-16,427.9,400.5,405.65,397747
equity,INE959A01019,2026-09-08,3497,3352.5,3469.6001,101601
equity,INE959A01019,2026-09-09,3565,3454.5,3537.8999,130119
equity,INE959A01019,2026-09-10,3535.2,3440.3,3495.6001,104437
equity,INE959A01019,2026-09-11,3570.5,3418,3556.1001,107650
equity,INE959A01019,2026-09-15,3599.3,3425.5,3452.2,98065
equity,INE959A01019,2026-09-16,3498.7,3383.1001,3480.7,61992
equity,INE852O01025,2026-09-08,257.86,252.1,256.96,511661
equity,INE852O01025,2026-09-09,260.04,251.63,258.28,1132562
equity,INE852O01025,2026-09-10,257.55,250.1,252.2,1627426
equity,INE852O01025,2026-09-11,251.2,245.5,249.11,1138103
equity,INE852O01025,2026-09-14,249.11,249.11,249.11,
equity,INE852O01025,2026-09-15,249.66,240.4,244.83,1042351
equity,INE852O01025,2026-09-16,243.5,235.36,239.91,3168566
equity,INE532F01054,2026-09-07,135.4971,129.0783,131.2641,21562787
equity,INE532F01054,2026-09-08,138.2664,126.0816,137.2774,23439200
equity,INE532F01054,2026-09-09,137.6236,129.9586,132.1641,7709484
equity,INE532F01054,2026-09-10,139.3544,129.7608,135.24,16928746
equity,INE532F01054,2026-09-11,134.98,130.3,132.43,9724312
equity,INE532F01054,2026-09-14,132.43,132.43,132.43,
equity,INE532F01054,2026-09-15,133.14,125.1,127.4,9385808
equity,INE532F01054,2026-09-16,128.5,123.87,126.74,6114319
equity,INE304W01038,2026-09-07,883.3,843.05,870,1213108
equity,INE304W01038,2026-09-08,884.8,850.1,868.7,627130
equity,INE304W01038,2026-09-09,881.25,831.1,874.4,1010562
equity,INE304W01038,2026-09-10,875.9,844.65,855.15,402544
equity,INE304W01038,2026-09-11,899,841.5,890.35,1308518
equity,INE304W01038,2026-09-14,890.35,890.35,890.35,
equity,INE304W01038,2026-09-15,904,822.35,828.55,950222
equity,INE304W01038,2026-09-16,863.8,798.2,856,806702
equity,INE614B01018,2026-09-07,334.7749,327.4886,328.4732,1114008
equity,INE614B01018,2026-09-08,330.5409,322.9593,329.1132,2015693
equity,INE614B01018,2026-09-09,330.541,324.9285,326.1593,1849893
equity,INE614B01018,2026-09-10,330.8855,324.5347,327.4393,1448556
equity,INE614B01018,2026-09-11,325.3224,317.5438,320.35,2126968
equity,INE614B01018,2026-09-14,320.35,320.35,320.35,
equity,INE614B01018,2026-09-15,331.35,314.3,315.95,3508307
equity,INE614B01018,2026-09-16,321.85,309.95,318.2,2085394
equity,INE066P01011,2026-09-07,75.99,73.66,75.6,15134302
equity,INE066P01011,2026-09-08,76.08,74.5,75.71,9911582
equity,INE066P01011,2026-09-09,77.62,75.5,77.39,18491767
equity,INE066P01011,2026-09-10,77.85,75.81,76.02,9773988
equity,INE066P01011,2026-09-11,76.5,73.78,76.5,7415115
equity,INE066P01011,2026-09-14,76.5,76.5,76.5,
equity,INE066P01011,2026-09-15,76.94,73.72,74.35,9034365
equity,INE066P01011,2026-09-16,74.5,72.67,74.5,5539593
equity,INE02ZQ01018,2026-09-07,2108.6001,2056.7,2071.3999,8419
equity,INE02ZQ01018,2026-09-08,2107.5,2054.8,2093.2,9813
equity,INE02ZQ01018,2026-09-09,2246.8999,2150,2197.2,262842
equity,INE02ZQ01018,2026-09-10,2225,2060.5,2200.8,354692
equity,INE02ZQ01018,2026-09-11,2250.8,2181.5,2236.1001,140561
equity,INE02ZQ01018,2026-09-14,2236.1001,2236.1001,2236.1001,
equity,INE02ZQ01018,2026-09-15,2292.3999,2192.1001,2217.8999,90921
equity,INE02ZQ01018,2026-09-16,2245,2132,2143.6001,28734
equity,INE824G01012,2026-09-08,11549,11222,11466,1674
equity,INE824G01012,2026-09-09,11466,11300,11344,877
equity,INE824G01012,2026-09-10,11567,11311,11444,4370
equity,INE824G01012,2026-09-11,11649,11213,11449,2996
equity,INE824G01012,2026-09-15,11543,10787,10967,58618
equity,INE824G01012,2026-09-16,11109,10836,10935,2885
equity,INE399G01023,2026-09-07,711,691,706.25,698070
equity,INE399G01023,2026-09-08,709.8,695.1,701.3,527188
equity,INE399G01023,2026-09-09,728.8,696.4,720.7,806230
equity,INE399G01023,2026-09-10,737.8,719.05,727.05,717946
equity,INE399G01023,2026-09-11,720.9,699.55,711.2,571407
equity,INE399G01023,2026-09-14,711.2,711.2,711.2,
equity,INE399G01023,2026-09-15,715.2,684.6,688.2,685117
equity,INE399G01023,2026-09-16,693.9,659.1,688.8,507925
equity,INE481N01025,2026-09-08,1248.1,1225.5,1237.1,560479
equity,INE481N01025,2026-09-09,1231,1190.5,1202.3,156030
equity,INE481N01025,2026-09-10,1214.8,1196.4,1209.4,168561
equity,INE481N01025,2026-09-11,1195,1100.6,1184.5,435329
equity,INE481N01025,2026-09-15,1194.9,1170.8,1175.3,137211
equity,INE481N01025,2026-09-16,1187,1155.8,1175.9,144190
equity,INE676A01027,2026-09-07,780.5,711,774.25,1254584
equity,INE676A01027,2026-09-08,781.15,756.25,770.9,344888
equity,INE676A01027,2026-09-09,777.5,755,763.1,261045
equity,INE676A01027,2026-09-10,774.35,742.5,744.85,215001
equity,INE676A01027,2026-09-11,808.4,740,800.8,1663788
equity,INE676A01027,2026-09-14,800.8,800.8,800.8,
equity,INE676A01027,2026-09-15,834.35,727.1,745.8,1510478
equity,INE676A01027,2026-09-16,768.6,727.25,763.25,526729
equity,INE780C01023,2026-09-08,131.81,128.08,128.47,1725261
equity,INE780C01023,2026-09-09,128.57,125.7,126.73,1812839
equity,INE780C01023,2026-09-10,128.8,126.5,127.24,1485582
equity,INE780C01023,2026-09-11,125.94,123.2,124.47,2358523
equity,INE780C01023,2026-09-14,124.47,124.47,124.47,
equity,INE780C01023,2026-09-15,125.7,120.1,121.21,2800356
equity,INE780C01023,2026-09-16,121.5,118.05,120.46,2236451
equity,INE665L01035,2026-09-08,861,815.8,849.45,257449
equity,INE665L01035,2026-09-09,862.2,832.75,839.4,163818
equity,INE665L01035,2026-09-10,889.95,842.35,884.4,1468228
equity,INE665L01035,2026-09-11,889.85,866,872,482620
equity,INE665L01035,2026-09-15,884.5,831.15,836,278443
equity,INE665L01035,2026-09-16,860.05,807.9,851.15,437998
equity,INE00VM01036,2026-09-08,2148.6753,1985.3379,2132.0815,623511
equity,INE00VM01036,2026-09-09,2138.0792,2061.7086,2092.4968,166097
equity,INE00VM01036,2026-09-10,2136.18,2078.0024,2084.2,216714
equity,INE00VM01036,2026-09-11,2080,2040.1,2055.7,120283
equity,INE00VM01036,2026-09-14,2055.7,2055.7,2055.7,
equity,INE00VM01036,2026-09-15,2057.3,1975,1987.1,151439
equity,INE00VM01036,2026-09-16,1993.3,1876.1,1916.4,264055
equity,INE118D01016,2026-09-07,353.45,341,345.1,863221
equity,INE118D01016,2026-09-08,347.9,339.1,339.85,115833
equity,INE118D01016,2026-09-09,343.1,332.1,334.75,302497
equity,INE118D01016,2026-09-10,338.5,328.7,331.3,256455
equity,INE118D01016,2026-09-11,331.5,325.25,330.15,101606
equity,INE118D01016,2026-09-14,330.15,330.15,330.15,
equity,INE118D01016,2026-09-15,330.95,312.05,313.75,321519
equity,INE118D01016,2026-09-16,318.35,307.95,316.2,297856
equity,INE551W01018,2026-09-08,65.47,63.71,64.86,8048113
equity,INE551W01018,2026-09-09,65.09,63.68,64.12,14563305
equity,INE551W01018,2026-09-10,66.73,64.05,66.52,14339627
equity,INE551W01018,2026-09-11,66.08,64.7,65.54,9596521
equity,INE551W01018,2026-09-15,66.56,63.85,64.07,7611153
equity,INE551W01018,2026-09-16,64.98,63.08,64.83,8507381
equity,INE956G01038,2026-09-07,2064.8,1985.3,2008,388707
equity,INE956G01038,2026-09-08,2019,1995.1,2008.4,157426
equity,INE956G01038,2026-09-09,2188,2011.3,2130.8999,2441516
equity,INE956G01038,2026-09-10,2224.3,2116.8,2211.8,1260627
equity,INE956G01038,2026-09-11,2319,2164.6001,2277.8999,2231415
equity,INE956G01038,2026-09-14,2277.8999,2277.8999,2277.8999,
equity,INE956G01038,2026-09-15,2289,2091.1001,2103.3999,894663
equity,INE956G01038,2026-09-16,2114,2010.1,2055.8,874026
equity,INE602A01031,2026-09-08,334.7,321.9,328.8,6607816
equity,INE602A01031,2026-09-09,341.5,326.15,334.95,6364541
equity,INE602A01031,2026-09-10,346,333.1,334.8,3387384
equity,INE602A01031,2026-09-11,332,324.45,331.05,1147765
equity,INE602A01031,2026-09-14,331.05,331.05,331.05,
equity,INE602A01031,2026-09-15,335,311.3,314.05,962916
equity,INE602A01031,2026-09-16,320.9,310.25,317.1,858831
equity,INE00XB01019,2026-09-07,2890,2794.8,2876.2,68747
equity,INE00XB01019,2026-09-08,2930,2850,2867.5,50300
equity,INE00XB01019,2026-09-09,2869.8,2813.5,2850.3999,80637
equity,INE00XB01019,2026-09-10,2935.6001,2824.3,2915.7,105717
equity,INE00XB01019,2026-09-11,3008.8999,2878.1001,2906.2,106773
equity,INE00XB01019,2026-09-15,2995,2911,2950.7,95665
equity,INE00XB01019,2026-09-16,3151.8999,2896.8999,3122.3999,279798
equity,INE850D01014,2026-09-08,675,655.35,673.6,422780
equity,INE850D01014,2026-09-09,679.25,657.9,674.65,322590
equity,INE850D01014,2026-09-10,683.5,663.8,673.05,424433
equity,INE850D01014,2026-09-11,680,659.25,675.85,217886
equity,INE850D01014,2026-09-14,675.85,675.85,675.85,
equity,INE850D01014,2026-09-15,683,643,645.3,210484
equity,INE850D01014,2026-09-16,650,630.1,647.35,125131
equity,INE683A01023,2026-09-07,47.67,46.5,46.54,4949017
equity,INE683A01023,2026-09-08,46.99,46.4,46.82,4494492
equity,INE683A01023,2026-09-09,46.96,46.14,46.41,8187411
equity,INE683A01023,2026-09-10,46.48,45.76,46.08,5591541
equity,INE683A01023,2026-09-11,46.47,45.18,46.18,5755589
equity,INE683A01023,2026-09-14,46.18,46.18,46.18,
equity,INE683A01023,2026-09-15,47.89,44.88,45,12742655
equity,INE683A01023,2026-09-16,45.89,44.54,45.19,9001773
equity,INE255Z01027,2026-09-08,627.7,601,617.6,909321
equity,INE255Z01027,2026-09-09,627,600,604.5,796066
equity,INE255Z01027,2026-09-10,616,598,605.9,426899
equity,INE255Z01027,2026-09-11,620,595,610.35,660254
equity,INE255Z01027,2026-09-14,610.35,610.35,610.35,
equity,INE255Z01027,2026-09-15,610.35,579.85,579.85,635870
equity,INE255Z01027,2026-09-16,608.8,550.9,599.75,1076558
equity,INE119201023,2026-09-07,290.9,280.05,286.8,816945
equity,INE119201023,2026-09-08,286.9,281.7,282.25,230408
equity,INE119201023,2026-09-09,285.65,281.15,281.85,209305
equity,INE119201023,2026-09-10,287.95,270.5,280.8,281714
equity,INE119201023,2026-09-11,281.7,276.65,279.3,211652
equity,INE119201023,2026-09-15,286,275,279.15,530232
equity,INE119201023,2026-09-16,281.55,273,276.4,858036
equity,INE064C01022,2026-09-08,23.98,23.81,23.86,1764542
equity,INE064C01022,2026-09-09,24.07,23.75,23.79,1905033
equity,INE064C01022,2026-09-10,23.96,23.5,23.59,2209137
equity,INE064C01022,2026-09-11,23.6,23.23,23.39,2078247
equity,INE064C01022,2026-09-15,23.55,23.03,23.12,2850365
equity,INE064C01022,2026-09-16,23.42,22.8,23.17,3379606
equity,INE024L01027,2026-09-07,1692.8,1660.9,1676.9,120216
equity,INE024L01027,2026-09-08,1690,1665,1682.3,218722
equity,INE024L01027,2026-09-09,1724,1677.5,1696.4,146729
equity,INE024L01027,2026-09-10,1720.6,1675,1698.7,117013
equity,INE024L01027,2026-09-11,1688,1654,1668.2,113850
equity,INE024L01027,2026-09-14,1668.2,1668.2,1668.2,
equity,INE024L01027,2026-09-15,1690.8,1625,1639,126737
equity,INE024L01027,2026-09-16,1646.5,1601.3,1622.7,100056
equity,INE136B01020,2026-09-07,1117.6,1074.2,1105.4,362143
equity,INE136B01020,2026-09-08,1100,1078,1086.3,261931
equity,INE136B01020,2026-09-09,1091.6,1058.4,1075.1,323893
equity,INE136B01020,2026-09-10,1089.9,1070,1076.4,187031
equity,INE136B01020,2026-09-11,1087.4,1054.4,1059.4,308753
equity,INE136B01020,2026-09-15,1107.2,1065.6,1078.9,857646
equity,INE136B01020,2026-09-16,1079,1030.3,1054.5,488284
equity,INE112L01020,2026-09-08,588.75,577.3,582.2,280010
equity,INE112L01020,2026-09-09,605,580.7,602.1,472099
equity,INE112L01020,2026-09-10,607.5,590.6,595.65,291883
equity,INE112L01020,2026-09-11,598.1,583,585.5,121416
equity,INE112L01020,2026-09-15,591.5,569.85,572.5,118075
equity,INE112L01020,2026-09-16,585,557.8,580.85,368659
equity,INE491J01022,2026-09-07,621.95,604.05,611.5,121536
equity,INE491J01022,2026-09-08,621,601.2,610.15,464451
equity,INE491J01022,2026-09-09,634,609.8,627.25,288722
equity,INE491J01022,2026-09-10,631.45,616.25,622.4,107736
equity,INE491J01022,2026-09-11,632.85,612.05,624.55,129770
equity,INE491J01022,2026-09-14,624.55,624.55,624.55,
equity,INE491J01022,2026-09-15,649.95,600.35,604.7,480326
equity,INE491J01022,2026-09-16,625,596.5,617.9,209187
equity,INE121R01077,2026-09-07,578.15,551.6,575.15,399014
equity,INE121R01077,2026-09-08,578.85,564.5,576.15,161239
equity,INE121R01077,2026-09-09,588.9,560,583.75,513278
equity,INE121R01077,2026-09-10,581.35,568,572.05,165269
equity,INE121R01077,2026-09-11,586,562.75,578.35,380967
equity,INE121R01077,2026-09-15,587.85,567.05,569.4,291602
equity,INE121R01077,2026-09-16,576,564.05,569.3,270114
equity,INE093R01011,2026-09-08,83.6,81.48,81.81,3398406
equity,INE093R01011,2026-09-09,82.47,80.71,81.31,4107410
equity,INE093R01011,2026-09-10,82.09,80.5,80.55,3477682
equity,INE093R01011,2026-09-11,83.5,78.5,82.76,8020345
equity,INE093R01011,2026-09-14,82.76,82.76,82.76,
equity,INE093R01011,2026-09-15,83.19,79.35,79.71,4655333
equity,INE093R01011,2026-09-16,81,77.68,80.02,4339377
equity,INE01IU01018,2026-09-07,800.05,767,788.15,683200
equity,INE01IU01018,2026-09-08,833.25,789.05,820,1443541
equity,INE01IU01018,2026-09-09,839,810.1,832.2,1092277
equity,INE01IU01018,2026-09-10,843.9,820,830.3,750031
equity,INE01IU01018,2026-09-11,834.45,814,827.4,436603
equity,INE01IU01018,2026-09-14,827.4,827.4,827.4,
equity,INE01IU01018,2026-09-15,851.95,785,789.4,773753
equity,INE01IU01018,2026-09-16,824.35,774.8,792.6,704432
equity,INE09XN01023,2026-09-07,772.9,751.5,754.65,120744
equity,INE09XN01023,2026-09-08,757.75,733.15,736.6,199035
equity,INE09XN01023,2026-09-09,769,737,741.1,433609
equity,INE09XN01023,2026-09-10,755.1,740.35,749.65,289465
equity,INE09XN01023,2026-09-11,784.4,740.5,776.35,398725
equity,INE09XN01023,2026-09-14,776.35,776.35,776.35,
equity,INE09XN01023,2026-09-15,792,762.15,765.65,345164
equity,INE09XN01023,2026-09-16,775,746.4,772,235530
equity,INE191H01014,2026-09-07,1199.1,1125.7,1156.5,3208552
equity,INE191H01014,2026-09-08,1243,1153.6,1231.3,1863426
equity,INE191H01014,2026-09-09,1232,1161.5,1169.2,564590
equity,INE191H01014,2026-09-10,1227,1159.9,1221.3,746014
equity,INE191H01014,2026-09-11,1256,1212.1,1237.1,879763
equity,INE191H01014,2026-09-14,1237.1,1237.1,1237.1,
equity,INE191H01014,2026-09-15,1234.9,1206.2,1221,291985
equity,INE191H01014,2026-09-16,1264,1217.6,1254.6,456178
equity,INE233B01017,2026-09-08,4996,4921,4987.2002,6858
equity,INE233B01017,2026-09-09,4975.6001,4920,4928.3999,5343
equity,INE233B01017,2026-09-10,4925.7998,4868,4882.6001,5407
equity,INE233B01017,2026-09-11,4858.2002,4812.2002,4830.8999,3737
equity,INE233B01017,2026-09-15,4889.3999,4791,4843.5,7941
equity,INE233B01017,2026-09-16,4868.8999,4740.8999,4850.5,10147
equity,INE615H01020,2026-09-07,901.55,866,896.45,1383593
equity,INE615H01020,2026-09-08,897.9,874,880.8,606235
equity,INE615H01020,2026-09-09,904.8,873.15,876.35,869717
equity,INE615H01020,2026-09-10,901.8,855.6,859.2,970891
equity,INE615H01020,2026-09-11,853.1,833.2,842.15,463818
equity,INE615H01020,2026-09-15,848.4,809,811.45,476266
equity,INE615H01020,2026-09-16,830.9,789.45,813.15,789705
equity,INE807F01027,2026-09-07,266.9,262.55,263.65,2271312
equity,INE807F01027,2026-09-08,264.8,260.8,261.95,2245212
equity,INE807F01027,2026-09-09,262.45,256.55,261.9,2327034
equity,INE807F01027,2026-09-10,263.4,255.45,260.45,3107823
equity,INE807F01027,2026-09-11,259.35,253.5,257.6,1859725
equity,INE807F01027,2026-09-14,257.6,257.6,257.6,
equity,INE807F01027,2026-09-15,258.45,245.4,246.9,3290032
equity,INE807F01027,2026-09-16,248.65,236.85,238.85,6368748
equity,INE011K01018,2026-09-08,1693.0309,1591.1494,1630.5037,535802
equity,INE011K01018,2026-09-09,1741.2748,1623.3119,1676.3503,1152710
equity,INE011K01018,2026-09-10,1778.5314,1690.0344,1719.6,1131990
equity,INE011K01018,2026-09-11,1742,1677,1729.1,278676
equity,INE011K01018,2026-09-15,1748,1659.2,1671.1,138967
equity,INE011K01018,2026-09-16,1735.2,1630.4,1717.1,225032
equity,INE0SII01026,2026-09-07,1570,1460,1482.5,660514
equity,INE0SII01026,2026-09-08,1525,1450.1,1519.7,292715
equity,INE0SII01026,2026-09-09,1568,1493.2,1513.2,176606
equity,INE0SII01026,2026-09-10,1511.7,1441,1458.2,213213
equity,INE0SII01026,2026-09-11,1473.5,1401.8,1426.5,364591
equity,INE0SII01026,2026-09-14,1426.5,1426.5,1426.5,
equity,INE0SII01026,2026-09-15,1459,1355.2,1355.2,415519
equity,INE0SII01026,2026-09-16,1422.9,1291.7,1422.9,493437
equity,INE785M01021,2026-09-07,14.08,12.21,13.93,2658
equity,INE785M01021,2026-09-08,14.44,13.18,13.52,40580617
equity,INE785M01021,2026-09-09,14.08,13.45,13.87,697754870
equity,INE785M01021,2026-09-10,14.35,13.68,13.83,530933799
equity,INE785M01021,2026-09-11,13.92,13.22,13.7,420161544
equity,INE785M01021,2026-09-14,13.7,13.7,13.7,
equity,INE785M01021,2026-09-15,13.87,12.72,12.89,356317461
equity,INE785M01021,2026-09-16,12.9,11.81,12.64,526377538
equity,INE540H01012,2026-09-08,11401,11031,11365,26698
equity,INE540H01012,2026-09-09,11425,11011,11069,17603
equity,INE540H01012,2026-09-10,11179,10872,10924,19205
equity,INE540H01012,2026-09-11,11255,10672,11217,22505
equity,INE540H01012,2026-09-15,11255,10460,10596,26149
equity,INE540H01012,2026-09-16,10652,10259,10513,28298
equity,INE713N01013,2026-09-08,8458.7998,8458.7998,8458.7998,
equity,INE713N01013,2026-09-09,8458.7998,8458.7998,8458.7998,
equity,INE713N01013,2026-09-10,8458.7998,8458.7998,8458.7998,
equity,INE713N01013,2026-09-11,8458.7998,8458.7998,8458.7998,
equity,INE713N01013,2026-09-14,8458.7998,8458.7998,8458.7998,
equity,INE713N01013,2026-09-15,8290.5498,8290.5498,8290.5498,5
equity,INE045601023,2026-09-08,1563.9,1496,1504,2631639
equity,INE045601023,2026-09-09,1547.4,1459,1470,1212712
equity,INE045601023,2026-09-10,1499,1441.5,1453.3,745689
equity,INE045601023,2026-09-11,1446.6,1404,1435.6,703534
equity,INE045601023,2026-09-14,1435.6,1435.6,1435.6,
equity,INE045601023,2026-09-15,1443.7,1306,1339.2,1276494
equity,INE045601023,2026-09-16,1351.8,1252,1318.8,1223586
equity,INE285K01026,2026-09-08,963.0562,953.6738,957.7941,80436
equity,INE285K01026,2026-09-09,981.9202,953.1278,978.2466,156026
equity,INE285K01026,2026-09-10,1005.4505,968.1197,970.85,258265
equity,INE285K01026,2026-09-11,985.95,963.55,972.15,127552
equity,INE285K01026,2026-09-14,972.15,972.15,972.15,
equity,INE285K01026,2026-09-15,982.95,943.55,950.6,129290
equity,INE285K01026,2026-09-16,979.9,936,971.05,168316
equity,INE094J01016,2026-09-07,892.75,879,889.95,64072
equity,INE094J01016,2026-09-08,905.4,889.9,900.45,354889
equity,INE094J01016,2026-09-09,903.35,896.55,900.9,57773
equity,INE094J01016,2026-09-10,923,890,921.45,208731
equity,INE094J01016,2026-09-11,920,899.35,910,113860
equity,INE094J01016,2026-09-14,910,910,910,
equity,INE094J01016,2026-09-15,915.75,905.9,911.1,109601
equity,INE094J01016,2026-09-16,915.95,877.15,895.2,111842
equity,INE625G01013,2026-09-07,815.2,772.5,783.5,621082
equity,INE625G01013,2026-09-08,800,778.8,790,285056
equity,INE625G01013,2026-09-09,790.6,776,782.85,160929
equity,INE625G01013,2026-09-10,802,780.1,797.95,305587
equity,INE625G01013,2026-09-11,797.95,777,786.2,250248
equity,INE625G01013,2026-09-15,796.35,728.05,737.6,4638248
equity,INE625G01013,2026-09-16,770,725.2,768,590592
equity,INE383A01012,2026-09-08,357.55,352.4,353.45,40841
equity,INE383A01012,2026-09-09,354.95,350.5,351.55,36593
equity,INE383A01012,2026-09-10,353.65,346.6,347.95,36131
equity,INE383A01012,2026-09-11,348,342.55,346.9,65795
equity,INE383A01012,2026-09-14,346.9,346.9,346.9,
equity,INE383A01012,2026-09-15,347.5,333,336,61327
equity,INE383A01012,2026-09-16,338.7,331.65,334.65,62151
equity,INE962Y01021,2026-09-07,120.09,117.5,117.71,1299800
equity,INE962Y01021,2026-09-08,118.25,116.61,116.89,803464
equity,INE962Y01021,2026-09-09,117.45,115,115.08,1372933
equity,INE962Y01021,2026-09-10,118.87,115,115.21,1891140
equity,INE962Y01021,2026-09-11,114.9,112.55,113.26,1556241
equity,INE962Y01021,2026-09-14,113.26,113.26,113.26,
equity,INE962Y01021,2026-09-15,113.95,109,109.42,1868607
equity,INE962Y01021,2026-09-16,109.65,107.54,108.51,1402933
equity,INE080I01025,2026-09-07,74.32,72.1,72.28,1823072
equity,INE080I01025,2026-09-08,72.55,70.5,71.05,1174168
equity,INE080I01025,2026-09-09,71.99,70.18,70.43,1050080
equity,INE080I01025,2026-09-10,70.95,69.7,70.01,1005206
equity,INE080I01025,2026-09-11,70.24,67.6,69.79,3763753
equity,INE080I01025,2026-09-15,70.33,67.28,67.64,1887015
equity,INE080I01025,2026-09-16,68.56,65.91,66.96,1910054
equity,INE903U01023,2026-09-08,802,780.5,785.2,184905
equity,INE903U01023,2026-09-09,794.1,775.65,786.8,172473
equity,INE903U01023,2026-09-10,791.75,770,772.35,193242
equity,INE903U01023,2026-09-11,779.95,751,760.85,209605
equity,INE903U01023,2026-09-15,777.85,748.55,751.15,179141
equity,INE903U01023,2026-09-16,761.3,742.85,752.5,185649
equity,INE351F01018,2026-09-07,17.14,16.09,16.79,91476432
equity,INE351F01018,2026-09-08,16.79,16.45,16.49,31428211
equity,INE351F01018,2026-09-09,16.81,16.35,16.4,35108812
equity,INE351F01018,2026-09-10,16.59,16.16,16.23,29091889
equity,INE351F01018,2026-09-11,16.2,15.95,16.02,34693775
equity,INE351F01018,2026-09-14,16.02,16.02,16.02,
equity,INE351F01018,2026-09-15,16.2,15.55,15.64,30754969
equity,INE351F01018,2026-09-16,15.7,15.28,15.41,40569226
equity,INE423Y01016,2026-09-08,99.29,96.39,97.35,589867
equity,INE423Y01016,2026-09-09,99.99,96.15,99.59,1121688
equity,INE423Y01016,2026-09-10,99.87,97.41,98.48,716501
equity,INE423Y01016,2026-09-11,99.01,96.52,98.19,411967
equity,INE423Y01016,2026-09-15,98.75,94.01,94.43,630989
equity,INE423Y01016,2026-09-16,95.24,92.43,93.66,611434
equity,INE1B6101010,2026-09-07,704.25,676.9,699.8,1404657
equity,INE1B6101010,2026-09-08,710.3,695,698.2,621205
equity,INE1B6101010,2026-09-09,715,695.1,713.1,735559
equity,INE1B6101010,2026-09-10,721.5,704.1,713.1,1182838
equity,INE1B6101010,2026-09-11,711.3,686.45,691.75,919480
equity,INE1B6101010,2026-09-14,691.75,691.75,691.75,
equity,INE1B6101010,2026-09-15,711.65,655.85,684,3269593
equity,INE1B6101010,2026-09-16,694.35,655.75,690.2,769103
equity,INE010J01012,2026-09-07,616.2,590.05,593.6,3912391
equity,INE010J01012,2026-09-08,604.95,583.4,590.05,2903328
equity,INE010J01012,2026-09-09,600,574,575.9,2049808
equity,INE010J01012,2026-09-10,592.05,546.35,549.8,4076904
equity,INE010J01012,2026-09-11,560.4,539.4,552.65,2465801
equity,INE010J01012,2026-09-14,552.65,552.65,552.65,
equity,INE010J01012,2026-09-15,558.3,516.75,521.25,2713607
equity,INE010J01012,2026-09-16,524.75,495.5,514.8,2654260
equity,INE871C01038,2026-09-07,804.25,782.25,786.55,183898
equity,INE871C01038,2026-09-08,847.9,784.75,837.15,1080144
equity,INE871C01038,2026-09-09,842,803.55,807.15,414240
equity,INE871C01038,2026-09-10,816.9,799.6,815.3,232284
equity,INE871C01038,2026-09-11,809.55,795.7,798.6,207665
equity,INE871C01038,2026-09-14,798.6,798.6,798.6,
equity,INE871C01038,2026-09-15,805.7,769.35,771.95,282723
equity,INE871C01038,2026-09-16,782.2,759.75,770.35,188345
equity,INE389H01022,2026-09-07,409.8,399.55,401.65,720450
equity,INE389H01022,2026-09-08,407.25,401.65,405.7,468357
equity,INE389H01022,2026-09-09,417.9,389.15,393.2,2065963
equity,INE389H01022,2026-09-10,415.95,393.85,413.45,2448087
equity,INE389H01022,2026-09-11,411,404.1,406.4,608964
equity,INE389H01022,2026-09-15,429.6,403.45,406.9,5009834
equity,INE389H01022,2026-09-16,409,395.2,397.55,811005
equity,INE0BY001018,2026-09-07,684.95,669.15,675.35,107000
equity,INE0BY001018,2026-09-08,680.3,664.05,675.3,159391
equity,INE0BY001018,2026-09-09,678.1,656.5,672.75,379943
equity,INE0BY001018,2026-09-10,680.6,665,666.6,101717
equity,INE0BY001018,2026-09-11,666.8,651.4,658.4,313699
equity,INE0BY001018,2026-09-15,658.3,627,630.5,165058
equity,INE0BY001018,2026-09-16,641.9,622.8,631.95,256945
equity,INE002S01010,2026-09-08,1105,1088,1103.2,89561
equity,INE002S01010,2026-09-09,1109,1081,1084.3,156163
equity,INE002S01010,2026-09-10,1107,1081.5,1100.8,198415
equity,INE002S01010,2026-09-11,1099.9,1080.4,1084.3,76835
equity,INE002S01010,2026-09-15,1092.2,1069.1,1071.7,66528
equity,INE002S01010,2026-09-16,1084.5,1047,1080.1,99104
equity,INE101I01011,2026-09-07,296.2,290.5,293.2,425086
equity,INE101I01011,2026-09-08,294.75,279.35,280.25,828684
equity,INE101I01011,2026-09-09,283.85,273,274.15,924861
equity,INE101I01011,2026-09-10,275.45,259.6,260.85,3868242
equity,INE101I01011,2026-09-11,263.75,249,253.8,1849652
equity,INE101I01011,2026-09-14,253.8,253.8,253.8,
equity,INE101I01011,2026-09-15,304.55,260.25,262.25,26501568
equity,INE101I01011,2026-09-16,263.65,225.35,258.4,4433548
equity,INE489L01022,2026-09-08,341.95,339,339.4,419363
equity,INE489L01022,2026-09-09,341.2,337.6,338.05,492702
equity,INE489L01022,2026-09-10,340,337.05,337.3,337784
equity,INE489L01022,2026-09-11,340.95,336.6,339.05,422556
equity,INE489L01022,2026-09-15,340.4,335.45,336.5,305457
equity,INE489L01022,2026-09-16,337.85,335.05,335.6,527710
equity,INE477A01020,2026-09-08,811.85,795,797.6,328192
equity,INE477A01020,2026-09-09,804.65,785,786.9,225807
equity,INE477A01020,2026-09-10,791.75,780.3,782.2,196858
equity,INE477A01020,2026-09-11,782.4,768.05,779.75,407215
equity,INE477A01020,2026-09-15,788.75,766.85,784.8,203614
equity,INE477A01020,2026-09-16,791.95,769,771.95,289578
equity,INE495B01038,2026-09-08,380,368,369.9,468826
equity,INE495B01038,2026-09-09,376.75,355.05,357.5,780037
equity,INE495B01038,2026-09-10,366.7,357.75,360.7,297186
equity,INE495B01038,2026-09-11,359.95,351.5,355.55,369913
equity,INE495B01038,2026-09-15,363.95,327.1,333.45,870622
equity,INE495B01038,2026-09-16,342,324,336.45,521297
equity,INE0UIZ01018,2026-09-07,593.6,582.05,583.6,145511
equity,INE0UIZ01018,2026-09-08,583.6,572,573.4,216364
equity,INE0UIZ01018,2026-09-09,600.5,577.65,580.05,1125030
equity,INE0UIZ01018,2026-09-10,590.1,575,585.9,279838
equity,INE0UIZ01018,2026-09-11,634.4,575,628.15,4433382
equity,INE0UIZ01018,2026-09-15,644,609.25,611.9,1773025
equity,INE0UIZ01018,2026-09-16,624.1,594.75,619.05,892263
equity,INE022Q01020,2026-09-07,119.88,117.21,117.5,3730649
equity,INE022Q01020,2026-09-08,117.75,116,116.54,4316644
equity,INE022Q01020,2026-09-09,118.89,115.82,117.95,3287242
equity,INE022Q01020,2026-09-10,118.63,116.06,116.63,2469793
equity,INE022Q01020,2026-09-11,115.91,113,113.88,6657040
equity,INE022Q01020,2026-09-14,113.88,113.88,113.88,
equity,INE022Q01020,2026-09-15,114.24,111.82,112,5438969
equity,INE022Q01020,2026-09-16,112.41,110.35,112,3291572
equity,INE573A01042,2026-09-08,368.45,363.05,364.1,354143
equity,INE573A01042,2026-09-09,364.75,355.5,356.25,661061
equity,INE573A01042,2026-09-10,359,355.6,357.65,361289
equity,INE573A01042,2026-09-11,355.65,350.25,353.95,331201
equity,INE573A01042,2026-09-14,353.95,353.95,353.95,
equity,INE573A01042,2026-09-15,355,343.1,345.25,438110
equity,INE573A01042,2026-09-16,350.6,339.55,343.3,475086
equity,INE940H01022,2026-09-07,1149.9,1124.75,1128.6,71288
equity,INE940H01022,2026-09-08,1194.95,1135.05,1183.4,214982
equity,INE940H01022,2026-09-09,1194.35,1107.75,1138.95,194398
equity,INE940H01022,2026-09-10,1212.45,1143.2,1189.2,585852
equity,INE940H01022,2026-09-11,1224.8,1155.3,1187.7,130774
equity,INE940H01022,2026-09-15,1192.5,1131,1141.4,82391
equity,INE940H01022,2026-09-16,1237,1136.1,1179.9,439780
equity,INE14LE01019,2026-09-07,87.4,84.99,85.55,543434
equity,INE14LE01019,2026-09-08,85.56,84.05,84.52,303999
equity,INE14LE01019,2026-09-09,85.6,83.79,84.26,494687
equity,INE14LE01019,2026-09-10,85.05,83.51,84,410335
equity,INE14LE01019,2026-09-11,83.94,82.6,83.61,401584
equity,INE14LE01019,2026-09-15,85.35,82.71,82.95,625654
equity,INE14LE01019,2026-09-16,83.17,82.11,82.4,534772
equity,INE520A01027,2026-09-07,463.1,450,453.85,659073
equity,INE520A01027,2026-09-08,454.9,448,450.55,259747
equity,INE520A01027,2026-09-09,450.55,435.1,436.95,870647
equity,INE520A01027,2026-09-10,439.4,426.45,427.4,865424
equity,INE520A01027,2026-09-11,432.8,421,425.25,980587
equity,INE520A01027,2026-09-14,425.25,425.25,425.25,
equity,INE520A01027,2026-09-15,479.9,430,440.2,42017111
equity,INE520A01027,2026-09-16,461.4,438,450.15,10541304
equity,INE075I01017,2026-09-08,697.6,676.55,690.6,145459
equity,INE075I01017,2026-09-09,715.65,688,712.55,123628
equity,INE075I01017,2026-09-10,717.2,693.75,700.9,225989
equity,INE075I01017,2026-09-11,700.9,691.3,693.9,44421
equity,INE075I01017,2026-09-15,699.8,675.45,678.3,69865
equity,INE075I01017,2026-09-16,684.3,644.95,674.15,241632
equity,INE050A01025,2026-09-08,1490,1469,1477.5,36957
equity,INE050A01025,2026-09-09,1485.1,1444.5,1448.8,62602
equity,INE050A01025,2026-09-10,1456.3,1431,1434.7,33032
equity,INE050A01025,2026-09-11,1434.6,1405.3,1423.5,31609
equity,INE050A01025,2026-09-15,1447.1,1410.4,1416.4,34860
equity,INE050A01025,2026-09-16,1428,1393,1416.7,36098
equity,INE209L01016,2026-09-07,248.4,243.24,244.99,625971
equity,INE209L01016,2026-09-08,245.15,241.5,242.41,476036
equity,INE209L01016,2026-09-09,245.4,240.5,241.01,491937
equity,INE209L01016,2026-09-10,247.9,240.25,241.56,990155
equity,INE209L01016,2026-09-11,240.25,237.72,239.58,394239
equity,INE209L01016,2026-09-15,242.82,230.4,231.17,630241
equity,INE209L01016,2026-09-16,233.5,225.65,228.67,792229
equity,INE385F01024,2026-09-07,847.5,805.4,810.4,166232
equity,INE385F01024,2026-09-08,830.45,806,809.5,180042
equity,INE385F01024,2026-09-09,816,766.9,772.9,336290
equity,INE385F01024,2026-09-10,785,763,766.55,400244
equity,INE385F01024,2026-09-11,775,749.4,750.95,160171
equity,INE385F01024,2026-09-15,753.05,716.15,722.1,198309
equity,INE385F01024,2026-09-16,739.95,678.1,697.65,698986
equity,INE933S01016,2026-09-08,1714.1,1681,1684.5,122055
equity,INE933S01016,2026-09-09,1697.2,1670,1671.9,45330
equity,INE933S01016,2026-09-10,1683.2,1626,1637.7,135778
equity,INE933S01016,2026-09-11,1716.4,1624.1,1695,140423
equity,INE933S01016,2026-09-14,1695,1695,1695,
equity,INE933S01016,2026-09-15,1713.8,1652,1659.5,56056
equity,INE933S01016,2026-09-16,1768.8,1645.2,1706.3,365133
equity,INE320J01015,2026-09-08,215.8,212.75,212.97,171667
equity,INE320J01015,2026-09-09,213.5,210.63,211.13,329531
equity,INE320J01015,2026-09-10,216.07,209.68,210.8,455292
equity,INE320J01015,2026-09-11,210.79,207.12,209.15,309078
equity,INE320J01015,2026-09-15,211.19,205.55,206.53,262779
equity,INE320J01015,2026-09-16,207.9,202.92,204.92,282038
equity,INE716A01013,2026-09-08,818.25,796.1,805,322780
equity,INE716A01013,2026-09-09,805.95,788,795,167593
equity,INE716A01013,2026-09-10,800.75,788.75,795.65,113037
equity,INE716A01013,2026-09-11,786.1,760.75,762.35,300241
equity,INE716A01013,2026-09-14,762.35,762.35,762.35,
equity,INE716A01013,2026-09-15,771.2,750,751.95,150797
equity,INE716A01013,2026-09-16,754.8,729.9,731.75,364112
equity,INE216P01012,2026-09-08,1314.8,1290,1293.5,35998
equity,INE216P01012,2026-09-09,1305.5,1280,1290.3,80715
equity,INE216P01012,2026-09-10,1302.9,1277.2,1286.1,69794
equity,INE216P01012,2026-09-11,1284.9,1256.6,1275.1,59394
equity,INE216P01012,2026-09-15,1290.6,1262.1,1270.3,114642
equity,INE216P01012,2026-09-16,1289.4,1252.8,1282.5,61558
equity,INE150B01039,2026-09-08,2015,1960.1,1970.7,55726
equity,INE150B01039,2026-09-09,1987.1,1941,1944.4,47706
equity,INE150B01039,2026-09-10,1963.8,1910,1920.3,56790
equity,INE150B01039,2026-09-11,1920.3,1859.1,1867.5,67897
equity,INE150B01039,2026-09-15,1867,1768.1,1775.7,85642
equity,INE150B01039,2026-09-16,1841.1,1740,1823.1,65314
equity,INE717A01029,2026-09-08,4770,4602,4654.3999,21053
equity,INE717A01029,2026-09-09,4880,4544.7998,4746.7002,45818
equity,INE717A01029,2026-09-10,5136,4645,5027.8999,72699
equity,INE717A01029,2026-09-11,5000,4660,4682.3999,70326
equity,INE717A01029,2026-09-14,4682.3999,4682.3999,4682.3999,
equity,INE717A01029,2026-09-15,4739.6001,4210.5,4266.3999,50119
equity,INE717A01029,2026-09-16,4444,4100.2002,4135.7998,62410
equity,INE955D01029,2026-09-07,346.9,334,336.4,2776994
equity,INE955D01029,2026-09-08,338.2,331.85,333.65,1390800
equity,INE955D01029,2026-09-09,336,327,329,1392398
equity,INE955D01029,2026-09-10,332.3,325.05,326.15,788425
equity,INE955D01029,2026-09-11,326.9,320.1,323.1,1329018
equity,INE955D01029,2026-09-14,323.1,323.1,323.1,
equity,INE955D01029,2026-09-15,325.3,301.1,306.5,1644408
equity,INE955D01029,2026-09-16,307.2,291,301.55,1971593
equity,INE260D01016,2026-09-08,1224,1200,1213.7,234825
equity,INE260D01016,2026-09-09,1230,1203,1206.6,256924
equity,INE260D01016,2026-09-10,1218.9,1203,1206.7,243403
equity,INE260D01016,2026-09-11,1223,1185.5,1209.5,311051
equity,INE260D01016,2026-09-14,1209.5,1209.5,1209.5,
equity,INE260D01016,2026-09-15,1249,1166.1,1179.2,381768
equity,INE260D01016,2026-09-16,1190.4,1155,1168,264993
equity,INE0CLI01024,2026-09-08,871,847,862.7,295189
equity,INE0CLI01024,2026-09-09,862,835,841.4,497731
equity,INE0CLI01024,2026-09-10,872,833.25,866.45,296382
equity,INE0CLI01024,2026-09-11,887.2,851.6,878.25,249314
equity,INE0CLI01024,2026-09-15,897,868.65,878.65,262687
equity,INE0CLI01024,2026-09-16,875,849.85,860.95,140820
equity,INE2KCE01013,2026-09-07,42.49,41.03,41.12,11048008
equity,INE2KCE01013,2026-09-08,42.09,40.5,41.48,11896172
equity,INE2KCE01013,2026-09-09,41.45,40.33,40.84,7073441
equity,INE2KCE01013,2026-09-10,42.25,40.6,41.53,13096961
equity,INE2KCE01013,2026-09-11,44.17,40.7,43.04,42730153
equity,INE2KCE01013,2026-09-15,43.69,40.51,40.83,11063147
equity,INE2KCE01013,2026-09-16,41.67,39.11,41.32,17941620
equity,INE0FOO01011,2026-09-07,141.9,132.52,135.21,9262559
equity,INE0FOO01011,2026-09-08,144.5,132.61,134.77,29791766
equity,INE0FOO01011,2026-09-09,136,131.23,132.37,4190927
equity,INE0FOO01011,2026-09-10,133.34,128.5,129.17,2568729
equity,INE0FOO01011,2026-09-11,135.42,126.13,133.99,8823294
equity,INE0FOO01011,2026-09-14,133.99,133.99,133.99,
equity,INE0FOO01011,2026-09-15,134.39,125.85,127.82,2797182
equity,INE0FOO01011,2026-09-16,128.33,120.31,123.66,9634379
equity,INE0KBH01020,2026-09-07,571.705,559.8298,567.863,454178
equity,INE0KBH01020,2026-09-08,583.5802,563.8713,580.287,529236
equity,INE0KBH01020,2026-09-09,582.7818,571.8048,574.1,216832
equity,INE0KBH01020,2026-09-10,578.3411,567.0148,574.1,248896
equity,INE0KBH01020,2026-09-11,572.6,563,568.55,294503
equity,INE0KBH01020,2026-09-14,568.55,568.55,568.55,
equity,INE0KBH01020,2026-09-15,572,548.1,550.65,364930
equity,INE0KBH01020,2026-09-16,575,543.75,565.05,1113118
equity,INE811A01038,2026-09-08,762,742,745,249261
equity,INE811A01038,2026-09-09,749.85,724,724.85,133312
equity,INE811A01038,2026-09-10,735.35,718,719.7,127082
equity,INE811A01038,2026-09-11,726.4,706.4,719.9,115300
equity,INE811A01038,2026-09-15,718.45,694.3,698.15,172157
equity,INE811A01038,2026-09-16,701,676.55,695.2,142426
equity,INE183A01024,2026-09-08,156.3834,153.9665,155.0963,256537
equity,INE183A01024,2026-09-09,155.7153,153.5637,153.9665,277310
equity,INE183A01024,2026-09-10,155.7251,153.2689,154.33,286323
equity,INE183A01024,2026-09-11,155.77,152.9,153.45,316277
equity,INE183A01024,2026-09-14,153.45,153.45,153.45,
equity,INE183A01024,2026-09-15,154.43,150.51,151.33,428132
equity,INE183A01024,2026-09-16,152.76,148.05,151.05,387519
equity,INE153T01027,2026-09-07,243.536,237.6788,238.6467,877913
equity,INE153T01027,2026-09-08,239.6046,235.5335,237.1799,495662
equity,INE153T01027,2026-09-09,238.497,234.5956,235.9326,589949
equity,INE153T01027,2026-09-10,238.058,234.4858,235.1144,501500
equity,INE153T01027,2026-09-11,232.8494,228.3792,231.0733,804283
equity,INE153T01027,2026-09-14,231.0733,231.0733,231.0733,
equity,INE153T01027,2026-09-15,241.6201,226.9922,228.01,1252796
equity,INE153T01027,2026-09-16,231.93,221.34,226.74,913859
equity,INE0Q3J01015,2026-09-07,1653.9,1574.9,1625.4,329624
equity,INE0Q3J01015,2026-09-08,1669.5,1591,1660.2,211548
equity,INE0Q3J01015,2026-09-09,1687,1586,1597.3,186811
equity,INE0Q3J01015,2026-09-10,1624.1,1579.4,1584.6,88038
equity,INE0Q3J01015,2026-09-11,1610.7,1531.5,1593.6,188504
equity,INE0Q3J01015,2026-09-14,1593.6,1593.6,1593.6,
equity,INE0Q3J01015,2026-09-15,1601.1,1514,1514,232761
equity,INE0Q3J01015,2026-09-16,1506.4,1438.3,1438.3,278347
equity,INE939A01011,2026-09-07,1187.6,1045,1178.8,2617272
equity,INE939A01011,2026-09-08,1206.9,1155.3,1187.4,491962
equity,INE939A01011,2026-09-09,1217,1181.3,1195.7,376096
equity,INE939A01011,2026-09-10,1223,1159.7,1217,304120
equity,INE939A01011,2026-09-11,1215.9,1179,1183.4,161625
equity,INE939A01011,2026-09-14,1183.4,1183.4,1183.4,
equity,INE939A01011,2026-09-15,1203,1127,1150.6,421480
equity,INE939A01011,2026-09-16,1192,1102,1183.9,397953
equity,INE659A01023,2026-09-07,1265,1223.5,1239.8,222036
equity,INE659A01023,2026-09-08,1249.5,1213.3,1221.7,146481
equity,INE659A01023,2026-09-09,1278,1218,1262.3,371328
equity,INE659A01023,2026-09-10,1287.4,1246.5,1270.8,490526
equity,INE659A01023,2026-09-11,1277.5,1232.2,1248.2,316394
equity,INE659A01023,2026-09-15,1259,1175.4,1183.2,176492
equity,INE659A01023,2026-09-16,1208.2,1148.1,1198.7,166126
equity,INE205B01031,2026-09-07,434.3,423.15,426.7,259797
equity,INE205B01031,2026-09-08,428,420,421.15,163985
equity,INE205B01031,2026-09-09,427.35,416.8,419.4,286939
equity,INE205B01031,2026-09-10,423.85,418,420.5,155904
equity,INE205B01031,2026-09-11,426,412.1,422.1,298340
equity,INE205B01031,2026-09-14,422.1,422.1,422.1,
equity,INE205B01031,2026-09-15,423.45,412.2,413.5,171029
equity,INE205B01031,2026-09-16,413.05,402.4,407.35,162968
equity,INE280B01018,2026-09-08,13999,13153.5498,13764.0996,762
equity,INE280B01018,2026-09-09,13900,13500.0498,13613.3496,352
equity,INE280B01018,2026-09-10,13877.8496,13303.0996,13398.2002,219
equity,INE280B01018,2026-09-11,14750.7998,13275.0498,14521.3496,1285
equity,INE280B01018,2026-09-15,14898.25,13300,13476.2002,856
equity,INE0UOS01011,2026-09-07,4210,4075,4106,2789
equity,INE0UOS01011,2026-09-08,4129.8999,4040.5,4075.6001,2771
equity,INE0UOS01011,2026-09-09,4099.7998,4033,4049.5,11920
equity,INE0UOS01011,2026-09-10,4180,4025,4089.6001,4993
equity,INE0UOS01011,2026-09-11,4113.5,4001.1001,4023.3999,4396
equity,INE0UOS01011,2026-09-15,4112,3978,4055.3,7742
equity,INE0UOS01011,2026-09-16,4039.3,3971,3990.3999,1967
equity,INE001B01026,2026-09-08,438.7,425.2,431.05,611988
equity,INE001B01026,2026-09-09,444.6,428.15,434.45,688251
equity,INE001B01026,2026-09-10,437.2,422,423.25,473016
equity,INE001B01026,2026-09-11,425.9,416.05,421.05,377861
equity,INE001B01026,2026-09-15,423.65,391,397.15,697222
equity,INE001B01026,2026-09-16,398.65,383.5,394.85,386426
equity,INE306R01017,2026-09-07,691,675.7,682.15,244782
equity,INE306R01017,2026-09-08,694.95,677,691.8,252434
equity,INE306R01017,2026-09-09,696.25,679.5,684.9,349339
equity,INE306R01017,2026-09-10,693.6,680.5,685.05,188883
equity,INE306R01017,2026-09-11,689.6,676.6,682.6,280610
equity,INE306R01017,2026-09-15,696.6,659.5,662.85,405465
equity,INE306R01017,2026-09-16,666.25,649,659.45,272236
equity,INE123F01029,2026-09-07,64.62,63.5,63.82,1021196
equity,INE123F01029,2026-09-08,64.35,62.95,63.19,1051849
equity,INE123F01029,2026-09-09,63.62,62.5,62.76,972735
equity,INE123F01029,2026-09-10,63.5,62.1,62.23,1012634
equity,INE123F01029,2026-09-11,62.36,61.06,61.92,1116559
equity,INE123F01029,2026-09-15,62.99,60.34,60.77,973978
equity,INE123F01029,2026-09-16,61.38,59.07,59.8,1175969
equity,INE149K01016,2026-09-07,200.79,194.5,195.17,547791
equity,INE149K01016,2026-09-08,198.85,195.39,196.57,382799
equity,INE149K01016,2026-09-09,202.95,195.75,201.01,974554
equity,INE149K01016,2026-09-10,202.55,195.73,196.74,364928
equity,INE149K01016,2026-09-11,195.35,189.6,190.35,858154
equity,INE149K01016,2026-09-15,191.99,181.2,181.98,1127169
equity,INE149K01016,2026-09-16,183.49,178.2,180.6,619559
equity,INE0YD401026,2026-09-07,290.6,277.9,281.35,1350135
equity,INE0YD401026,2026-09-08,298.7,282.55,296.55,2755389
equity,INE0YD401026,2026-09-09,302.55,294,295.85,1263717
equity,INE0YD401026,2026-09-10,298.5,290.05,291.45,516476
equity,INE0YD401026,2026-09-11,291.15,282.7,284.7,807025
equity,INE0YD401026,2026-09-14,284.7,284.7,284.7,
equity,INE0YD401026,2026-09-15,286.9,273.15,274.7,694511
equity,INE0YD401026,2026-09-16,278.95,271.35,274.8,477528
equity,INE0JO301016,2026-09-08,994.8,953.8,969.9,264267
equity,INE0JO301016,2026-09-09,995.6,971,989.7,233441
equity,INE0JO301016,2026-09-10,1005.7,970.5,977.2,249886
equity,INE0JO301016,2026-09-11,975.9,960.9,966.3,128509
equity,INE0JO301016,2026-09-15,1024,972,981.8,693776
equity,INE0JO301016,2026-09-16,994.9,960.5,982.3,259270
equity,INE979A01025,2026-09-08,501.7,487.8,497.1,266717
equity,INE979A01025,2026-09-09,516.5,493.9,500.55,742876
equity,INE979A01025,2026-09-10,515,500.85,505.15,434404
equity,INE979A01025,2026-09-11,516.2,493.35,505.5,522041
equity,INE979A01025,2026-09-15,505.1,481.15,485.5,194289
equity,INE979A01025,2026-09-16,498,475.2,486.55,380888
equity,INE0V9Q01010,2026-09-07,201.4089,189.7757,199.4218,1307102
equity,INE0V9Q01010,2026-09-08,201.9082,194.8184,198.5231,1016159
equity,INE0V9Q01010,2026-09-09,200.6101,192.7215,197.7043,818087
equity,INE0V9Q01010,2026-09-10,207.58,194.7186,207.58,14078555
equity,INE0V9Q01010,2026-09-11,215,206.25,209.27,2083473
equity,INE0V9Q01010,2026-09-14,209.27,209.27,209.27,
equity,INE0V9Q01010,2026-09-15,219.73,201.65,213.54,2311800
equity,INE0V9Q01010,2026-09-16,220.4,202.87,216.4,1914659
equity,INE02RE01045,2026-09-07,181.25,176.01,177.03,583428
equity,INE02RE01045,2026-09-08,178.03,174.6,176.24,570947
equity,INE02RE01045,2026-09-09,175.65,172,172.52,624781
equity,INE02RE01045,2026-09-10,174.52,170,171.38,814837
equity,INE02RE01045,2026-09-11,170.05,166.95,168.83,749261
equity,INE02RE01045,2026-09-14,168.83,168.83,168.83,
equity,INE02RE01045,2026-09-15,189.75,167.01,171.53,53340405
equity,INE02RE01045,2026-09-16,173.39,165.01,170.02,5949688
equity,INE868B01028,2026-09-07,153.33,146.56,150.67,3434160
equity,INE868B01028,2026-09-08,152.5,147.55,148.65,3150554
equity,INE868B01028,2026-09-09,148.9,144.93,145.33,1300153
equity,INE868B01028,2026-09-10,146.75,141.67,143.15,2615966
equity,INE868B01028,2026-09-11,142.39,138.8,140.94,1687263
equity,INE868B01028,2026-09-14,140.94,140.94,140.94,
equity,INE868B01028,2026-09-15,142.23,136.6,137.33,1413062
equity,INE868B01028,2026-09-16,137.85,133.78,135.01,1953877
equity,INE199A01012,2026-09-08,5675,5585.5,5603,4338
equity,INE199A01012,2026-09-09,5598,5451,5475,8071
equity,INE199A01012,2026-09-10,5505,5405,5425.5,15867
equity,INE199A01012,2026-09-11,5470.5,5302.5,5411.5,7707
equity,INE199A01012,2026-09-15,5459.5,5363.5,5408,10415
equity,INE199A01012,2026-09-16,5568,5365,5460,13561
equity,INE682M01020,2026-09-08,287,280.35,283.35,33842
equity,INE682M01020,2026-09-09,287,280,282,51216
equity,INE682M01020,2026-09-10,284.55,279,281,23187
equity,INE682M01020,2026-09-11,285.05,277.3,279.15,78427
equity,INE682M01020,2026-09-15,283,270.65,275.55,62199
equity,INE682M01020,2026-09-16,282.7,273.3,276.85,117281
equity,INE284A01012,2026-09-08,6117.5,6010,6067,4719
equity,INE284A01012,2026-09-09,6126,5905,5932,7212
equity,INE284A01012,2026-09-10,5953,5813,5824,3495
equity,INE284A01012,2026-09-11,5915,5740,5884,4246
equity,INE284A01012,2026-09-15,5886.5,5736.5,5751,5649
equity,INE284A01012,2026-09-16,5779,5606,5675,3800
equity,INE726V01018,2026-09-08,782.2,755.05,758.6,294938
equity,INE726V01018,2026-09-09,758,740.3,745.8,304363
equity,INE726V01018,2026-09-10,753.1,736.1,739.6,208612
equity,INE726V01018,2026-09-11,770.85,739.05,761.4,760356
equity,INE726V01018,2026-09-15,760.9,737,740.75,392758
equity,INE726V01018,2026-09-16,751.55,721,744.8,291760
equity,INE508G01029,2026-09-07,188.41,182.99,184.53,1326457
equity,INE508G01029,2026-09-08,188,183.16,186.54,2793802
equity,INE508G01029,2026-09-09,189.2,184.5,184.99,1710617
equity,INE508G01029,2026-09-10,187.44,183,184.87,2051244
equity,INE508G01029,2026-09-11,183.89,179.42,180.8,1260819
equity,INE508G01029,2026-09-15,181.79,176,176.3,1721801
equity,INE508G01029,2026-09-16,177.11,172.05,173.53,1790243
equity,INE085001019,2026-09-07,688.35,666.55,675.35,160167
equity,INE085001019,2026-09-08,677.35,663.5,667.35,82239
equity,INE085001019,2026-09-09,685.5,661.6,674.7,134282
equity,INE085001019,2026-09-10,686,667.6,676.95,114321
equity,INE085001019,2026-09-11,674.45,656.55,670.25,78098
equity,INE085001019,2026-09-14,670.25,670.25,670.25,
equity,INE085001019,2026-09-15,680,666.15,673.55,304823
equity,INE085001019,2026-09-16,682.3,657.3,676.1,97214
equity,INE271B01025,2026-09-08,694.85,676.05,680.65,209156
equity,INE271B01025,2026-09-09,683.2,668.7,676.2,167344
equity,INE271B01025,2026-09-10,724,673.6,718.95,1256187
equity,INE271B01025,2026-09-11,738,707.25,728.9,1045480
equity,INE271B01025,2026-09-14,728.9,728.9,728.9,
equity,INE271B01025,2026-09-15,738.6,696,701.1,328878
equity,INE271B01025,2026-09-16,702.05,674.15,692.95,217120
equity,INE594H01019,2026-09-08,577,566.6,569.45,161195
equity,INE594H01019,2026-09-09,574.05,564.1,566.85,171583
equity,INE594H01019,2026-09-10,569.55,553.65,557.7,303873
equity,INE594H01019,2026-09-11,555.95,545,549.7,394901
equity,INE594H01019,2026-09-15,556.9,542.05,544.45,194375
equity,INE594H01019,2026-09-16,549.45,532.75,541.3,263200
equity,INE0DRI01029,2026-09-07,1090.05,1090.05,1090.05,742653
equity,INE0DRI01029,2026-09-08,1308.05,1140.6,1308.05,12761472
equity,INE0DRI01029,2026-09-09,1438.85,1438.85,1438.85,312887
equity,INE0DRI01029,2026-09-10,1582.7,1330,1582.2,15676632
equity,INE0DRI01029,2026-09-11,1740.4,1582.7,1740.4,7498763
equity,INE0DRI01029,2026-09-14,1740.4,1740.4,1740.4,
equity,INE0DRI01029,2026-09-15,1827.4,1681,1824.7,6742443
equity,INE0DRI01029,2026-09-16,1820,1733.5,1733.5,1727748
equity,INE614G01033,2026-09-07,22.52,21.73,21.94,19788828
equity,INE614G01033,2026-09-08,22.04,21.57,21.71,14966105
equity,INE614G01033,2026-09-09,22.9,21.62,22.01,72139512
equity,INE614G01033,2026-09-10,22.28,21.76,21.84,14929226
equity,INE614G01033,2026-09-11,21.77,21.41,21.58,14641908
equity,INE614G01033,2026-09-14,21.58,21.58,21.58,
equity,INE614G01033,2026-09-15,21.74,20.9,21.03,17702828
equity,INE614G01033,2026-09-16,21.18,20.51,20.78,18905027
equity,INE294B01019,2026-09-07,6449,6143,6393.5,247779
equity,INE294B01019,2026-09-08,6360.5,6260.5,6313.5,45422
equity,INE294B01019,2026-09-09,6629,6290,6570,134865
equity,INE294B01019,2026-09-10,6654,6241.5,6278,70105
equity,INE294B01019,2026-09-11,6591.5,6064.5,6583,109374
equity,INE294B01019,2026-09-14,6583,6583,6583,
equity,INE294B01019,2026-09-15,6654,6254,6254,45556
equity,INE294B01019,2026-09-16,6229.5,5941.5,5971.5,83194
equity,INE763I01026,2026-09-07,303.8,296.7,299.65,746125
equity,INE763I01026,2026-09-08,299.9,295.5,297.15,569307
equity,INE763I01026,2026-09-09,300.5,295.15,296.9,775856
equity,INE763I01026,2026-09-10,299.25,288.85,289.95,1129752
equity,INE763I01026,2026-09-11,290.45,285.15,288.5,827433
equity,INE763I01026,2026-09-14,288.5,288.5,288.5,
equity,INE763I01026,2026-09-15,290.65,276.6,277.95,1167264
equity,INE763I01026,2026-09-16,279.3,269.55,277.1,971868
equity,INE202Z01029,2026-09-08,429.2,403.6,422.3,141657
equity,INE202Z01029,2026-09-09,430.65,416,422.9,86541
equity,INE202Z01029,2026-09-10,444.3,420.6,441.15,183455
equity,INE202Z01029,2026-09-11,439.95,425.1,437.25,91968
equity,INE202Z01029,2026-09-14,437.25,437.25,437.25,
equity,INE202Z01029,2026-09-15,446.45,436.95,442.95,92881
equity,INE202Z01029,2026-09-16,449.5,429.05,438.5,67235
equity,INE299N01021,2026-09-07,857.8,848.8,852.6,78010
equity,INE299N01021,2026-09-08,852.6,843,845.25,78934
equity,INE299N01021,2026-09-09,845,832.05,833.5,94062
equity,INE299N01021,2026-09-10,841.65,830,833.85,94942
equity,INE299N01021,2026-09-11,836.95,821.5,831.95,89735
equity,INE299N01021,2026-09-15,864.1,801.7,806.55,213833
equity,INE299N01021,2026-09-16,813.2,792.85,801.05,159887
equity,INE953R01016,2026-09-07,634.7,612,618.95,1030718
equity,INE953R01016,2026-09-08,632.45,615,627.45,958774
equity,INE953R01016,2026-09-09,628.85,609.3,611.45,402965
equity,INE953R01016,2026-09-10,615.35,604.15,611.05,248496
equity,INE953R01016,2026-09-11,622,598.7,613.2,300120
equity,INE953R01016,2026-09-14,613.2,613.2,613.2,
equity,INE953R01016,2026-09-15,617.55,605.45,611.6,655158
equity,INE953R01016,2026-09-16,619.7,596.65,608.65,278105
equity,INE213C01025,2026-09-07,622.9554,612.1943,618.957,82486
equity,INE213C01025,2026-09-08,623.6465,614.7119,620.2898,76891
equity,INE213C01025,2026-09-09,640.7259,616.2914,627.0525,222414
equity,INE213C01025,2026-09-10,631.1495,616.4395,619.5,103582
equity,INE213C01025,2026-09-11,619.05,607,615,105218
equity,INE213C01025,2026-09-14,615,615,615,
equity,INE213C01025,2026-09-15,622.85,585.15,587.65,144544
equity,INE213C01025,2026-09-16,598.95,578.05,593.15,144353
equity,INE483B01026,2026-09-08,453.45,437.95,450.85,292038
equity,INE483B01026,2026-09-09,464,443.55,445.55,554256
equity,INE483B01026,2026-09-10,471.25,434.7,439.45,1682911
equity,INE483B01026,2026-09-11,446.3,426.4,443.25,443332
equity,INE483B01026,2026-09-14,443.25,443.25,443.25,
equity,INE483B01026,2026-09-15,444.35,423.1,427.1,281524
equity,INE483B01026,2026-09-16,437.45,408.05,431.95,478868
equity,INE227W01023,2026-09-08,849.7,827.9,830.25,165910
equity,INE227W01023,2026-09-09,834.3,821,825.7,162108
equity,INE227W01023,2026-09-10,862.3,825.55,848.45,951510
equity,INE227W01023,2026-09-11,851.2,825.1,842.05,371357
equity,INE227W01023,2026-09-15,850.8,815.5,820.3,281497
equity,INE227W01023,2026-09-16,827.45,806.25,820,348005
equity,INE03EI01018,2026-09-07,550,529.5,543.2,81378
equity,INE03EI01018,2026-09-08,545,534,538.15,63067
equity,INE03EI01018,2026-09-09,551.8,531,546.1,63029
equity,INE03EI01018,2026-09-10,562.65,537.55,559.75,122478
equity,INE03EI01018,2026-09-11,568,537.95,560.45,105077
equity,INE03EI01018,2026-09-15,571.5,542,568.9,257350
equity,INE03EI01018,2026-09-16,573.85,545.25,572.1,132037
equity,INE621H01010,2026-09-08,256.54,252.4,254.61,439324
equity,INE621H01010,2026-09-09,257.44,248.68,256.65,1660145
equity,INE621H01010,2026-09-10,261.59,254.35,258.78,1470503
equity,INE621H01010,2026-09-11,258.75,253.15,256.81,416095
equity,INE621H01010,2026-09-15,256.81,245.14,247.55,584107
equity,INE621H01010,2026-09-16,250.39,243.4,247.65,443254
equity,INE665A01038,2026-09-07,283.85,273.9,278.1,1155945
equity,INE665A01038,2026-09-08,280.4,275.25,276.8,756303
equity,INE665A01038,2026-09-09,279.9,273.65,277.65,830009
equity,INE665A01038,2026-09-10,315.35,274.5,298.15,53152302
equity,INE665A01038,2026-09-11,298.5,284,296.45,5650793
equity,INE665A01038,2026-09-14,296.45,296.45,296.45,
equity,INE665A01038,2026-09-15,307.3,288,292.6,2810162
equity,INE665A01038,2026-09-16,297.75,284.15,292.85,1192937
equity,INE256A01028,2026-09-07,86.9232,83.4268,83.9835,42609965
equity,INE256A01028,2026-09-08,85.4778,83.5049,84.296,16984775
equity,INE256A01028,2026-09-09,85.1457,82.831,83.71,12868445
equity,INE256A01028,2026-09-10,85.1,80.26,80.95,22803793
equity,INE256A01028,2026-09-11,81.9,79.2,79.36,21161135
equity,INE256A01028,2026-09-14,79.36,79.36,79.36,
equity,INE256A01028,2026-09-15,80.29,77.11,77.41,13904557
equity,INE256A01028,2026-09-16,83.66,77.38,79.6,35773616
equity,INE113A01013,2026-09-07,584.1082,573.0182,576.5863,1281385
equity,INE113A01013,2026-09-08,579.5758,565.2552,568.1,1037637
equity,INE113A01013,2026-09-09,579.75,556.5,574.6,850758
equity,INE113A01013,2026-09-10,575,564.45,570.75,432189
equity,INE113A01013,2026-09-11,565.5,559.75,562.4,310457
equity,INE113A01013,2026-09-14,562.4,562.4,562.4,
equity,INE113A01013,2026-09-15,564.3,540,540.6,486266
equity,INE113A01013,2026-09-16,545.6,528.8,539.75,367886
equity,INE0DD101019,2026-09-08,271,264.75,266.3,456353
equity,INE0DD101019,2026-09-09,268.15,262.95,263.8,434791
equity,INE0DD101019,2026-09-10,268.2,262.05,262.7,543638
equity,INE0DD101019,2026-09-11,261.5,256.7,259.9,439813
equity,INE0DD101019,2026-09-14,259.9,259.9,259.9,
equity,INE0DD101019,2026-09-15,261.3,251.05,252.4,418439
equity,INE0DD101019,2026-09-16,255,248,252.35,486375
equity,INE176A01028,2026-09-07,675,667.5,669.45,68230
equity,INE176A01028,2026-09-08,670.4,659.9,663.85,107016
equity,INE176A01028,2026-09-09,666.95,656.4,661.05,141443
equity,INE176A01028,2026-09-10,664,651.15,653.25,78777
equity,INE176A01028,2026-09-11,652.55,643,648.65,105041
equity,INE176A01028,2026-09-14,648.65,648.65,648.65,
equity,INE176A01028,2026-09-15,656.9,637.5,640.15,174746
equity,INE176A01028,2026-09-16,640,626.3,630.65,159770
equity,INE854B01010,2026-09-07,93.07,89.03,89.67,8499629
equity,INE854B01010,2026-09-08,91,88.33,90.68,4627478
equity,INE854B01010,2026-09-09,92.39,90.05,91.36,3291186
equity,INE854B01010,2026-09-10,92.54,89.84,91.29,2838428
equity,INE854B01010,2026-09-11,91.26,89,89.97,2973675
equity,INE854B01010,2026-09-14,89.97,89.97,89.97,
equity,INE854B01010,2026-09-15,90.79,87.5,88.63,2854456
equity,INE854B01010,2026-09-16,89.21,86.72,87.35,2437725
equity,INE372C01037,2026-09-08,489.6,460.95,480.2,1098914
equity,INE372C01037,2026-09-09,479.5,468.15,474.35,390910
equity,INE372C01037,2026-09-10,476,461.45,464.65,415746
equity,INE372C01037,2026-09-11,469.5,447.5,462.55,535295
equity,INE372C01037,2026-09-14,462.55,462.55,462.55,
equity,INE372C01037,2026-09-15,465.6,435.35,440.05,413745
equity,INE372C01037,2026-09-16,445.5,420.3,439.6,436969
equity,INE131B01039,2026-09-08,341.9,331.15,333.7,81314
equity,INE131B01039,2026-09-09,333.9,325.1,326.1,121497
equity,INE131B01039,2026-09-10,352.05,323.55,326.9,638940
equity,INE131B01039,2026-09-11,328.95,319.85,324.95,112342
equity,INE131B01039,2026-09-15,327.5,315,317.15,109701
equity,INE131B01039,2026-09-16,318.45,309.15,311.4,255745
equity,INE386A01023,2026-09-08,422.4,416.1,421.85,26333
equity,INE386A01023,2026-09-09,438,419.75,420.85,175627
equity,INE386A01023,2026-09-10,424.95,413.2,416.1,123836
equity,INE386A01023,2026-09-11,415.65,408.55,413.05,31667
equity,INE386A01023,2026-09-14,413.05,413.05,413.05,
equity,INE386A01023,2026-09-15,413.4,400,400.8,58269
equity,INE386A01023,2026-09-16,403.95,391.6,394.75,111670
equity,INE201P01022,2026-09-08,865.25,853.4,859.3,12337
equity,INE201P01022,2026-09-09,869.95,852.3,858.5,9779
equity,INE201P01022,2026-09-10,892.95,841.25,850.55,44767
equity,INE201P01022,2026-09-11,866.65,842,855.8,11176
equity,INE201P01022,2026-09-14,855.8,855.8,855.8,
equity,INE201P01022,2026-09-15,857.5,832,838.15,11367
equity,INE201P01022,2026-09-16,840.55,815.6,819.05,25372
equity,INE063P01018,2026-09-08,73.22,72.3,72.54,1142583
equity,INE063P01018,2026-09-09,73,71.03,72.7,1781588
equity,INE063P01018,2026-09-10,73.35,71.96,72.63,1259639
equity,INE063P01018,2026-09-11,73.75,71.3,73.15,1535970
equity,INE063P01018,2026-09-15,73.55,71.05,71.35,1749775
equity,INE063P01018,2026-09-16,74.5,70.82,73.5,2177325
equity,INE970X01018,2026-09-08,107.32,105.39,105.73,2549945
equity,INE970X01018,2026-09-09,106.86,105.13,106.17,3466400
equity,INE970X01018,2026-09-10,106.67,105.51,105.7,1099344
equity,INE970X01018,2026-09-11,105.37,104.06,104.78,1933002
equity,INE970X01018,2026-09-14,104.78,104.78,104.78,
equity,INE970X01018,2026-09-15,105.13,102.3,102.58,2149510
equity,INE970X01018,2026-09-16,103.59,100.88,103.26,1729386
equity,INE716B01029,2026-09-08,663.8,641.15,644.9,300602
equity,INE716B01029,2026-09-09,654.85,638.2,650.8,162290
equity,INE716B01029,2026-09-10,674.4,644.05,658.4,528038
equity,INE716B01029,2026-09-11,668.45,650.05,661.55,252477
equity,INE716B01029,2026-09-14,661.55,661.55,661.55,
equity,INE716B01029,2026-09-15,668,652.2,659.15,210300
equity,INE716B01029,2026-09-16,667.4,645.15,654.55,215227
equity,INE912T01018,2026-09-07,1821.5,1635.6,1681.2,312911
equity,INE912T01018,2026-09-08,1719,1679.1,1692.6,101435
equity,INE912T01018,2026-09-09,1714,1662,1670.8,57819
equity,INE912T01018,2026-09-10,1793.8,1675,1743.5,213981
equity,INE912T01018,2026-09-11,1854.1,1725.9,1845.2,171393
equity,INE912T01018,2026-09-15,1875,1605,1622.4,225914
equity,INE912T01018,2026-09-16,1648,1507.2,1547,244805
equity,INE274F01020,2026-09-08,541.45,523,538.25,37260
equity,INE274F01020,2026-09-09,579.75,533,561.5,543690
equity,INE274F01020,2026-09-10,567.85,552.05,561.95,29578
equity,INE274F01020,2026-09-11,572,548.95,569.6,7221944
equity,INE274F01020,2026-09-15,579.8,550,556.1,84067
equity,INE274F01020,2026-09-16,556.1,540.2,550.45,40195
equity,INE16W401027,2026-09-07,931.4,878.1,891.6,1669696
equity,INE16W401027,2026-09-08,909.95,882.8,893.4,693093
equity,INE16W401027,2026-09-09,926.2,885.5,895.3,1284516
equity,INE16W401027,2026-09-10,950,890.8,917.5,2403694
equity,INE16W401027,2026-09-11,915,873.7,886.15,1169259
equity,INE16W401027,2026-09-14,886.15,886.15,886.15,
equity,INE16W401027,2026-09-15,889.95,825.3,832.25,930427
equity,INE16W401027,2026-09-16,851.45,812.1,833.05,732576
equity,INE0KCE01017,2026-09-07,426,402.9,406.2,195035
equity,INE0KCE01017,2026-09-08,412.05,404.55,408.55,101526
equity,INE0KCE01017,2026-09-09,412,398.65,399.35,114272
equity,INE0KCE01017,2026-09-10,406.75,395.6,397.35,147592
equity,INE0KCE01017,2026-09-11,402,388.6,394.15,141916
equity,INE0KCE01017,2026-09-14,394.15,394.15,394.15,
equity,INE0KCE01017,2026-09-15,405.4,389.55,394.3,97508
equity,INE0KCE01017,2026-09-16,401.15,385,394.15,218699
equity,INE050E01027,2026-09-07,2629.8,2478.8,2566.8,490283
equity,INE050E01027,2026-09-08,2581.2,2452,2475.3999,202112
equity,INE050E01027,2026-09-09,2487.1001,2343,2359.3,261839
equity,INE050E01027,2026-09-10,2415,2330.1001,2342.6001,150948
equity,INE050E01027,2026-09-11,2329.8,2245.6001,2276.5,175673
equity,INE050E01027,2026-09-14,2276.5,2276.5,2276.5,
equity,INE050E01027,2026-09-15,2288,2093,2105.7,256830
equity,INE050E01027,2026-09-16,2172,2081,2149.8,165266
equity,INE0M4D01010,2026-09-07,412.8,388.55,388.55,1261874
equity,INE0M4D01010,2026-09-08,407,384.1,404.5,899191
equity,INE0M4D01010,2026-09-09,424.7,401.4,424.7,1743094
equity,INE0M4D01010,2026-09-10,445.9,440.05,445.9,344586
equity,INE0M4D01010,2026-09-11,468.15,443,468.15,2933978
equity,INE0M4D01010,2026-09-15,444.75,444.75,444.75,194608
equity,INE0M4D01010,2026-09-16,422.55,422.55,422.55,64549
equity,INE16NZ01023,2026-09-07,598.2,587,590.7,39698
equity,INE16NZ01023,2026-09-08,597.55,588.05,589.85,48821
equity,INE16NZ01023,2026-09-09,593.85,582.2,586.3,44801
equity,INE16NZ01023,2026-09-10,588.9,576,578.5,46377
equity,INE16NZ01023,2026-09-11,594.9,571.05,591.25,39880
equity,INE16NZ01023,2026-09-14,591.25,591.25,591.25,
equity,INE16NZ01023,2026-09-15,591.2,579.9,582.3,34460
equity,INE16NZ01023,2026-09-16,587.9,575,579.8,81747
equity,INE804L01022,2026-09-08,667,655.8,663.45,76126
equity,INE804L01022,2026-09-09,677.95,660.9,669.95,72744
equity,INE804L01022,2026-09-10,669.95,655,658.05,61424
equity,INE804L01022,2026-09-11,661.45,654,660.15,78313
equity,INE804L01022,2026-09-15,666.6,654,656.3,61605
equity,INE804L01022,2026-09-16,660.65,645,656.1,114149
equity,INE836A01035,2026-09-07,289.4,281.15,282.45,1074663
equity,INE836A01035,2026-09-08,283.7,280.3,281.65,463798
equity,INE836A01035,2026-09-09,279.85,276.1,277.2,945788
equity,INE836A01035,2026-09-10,282.7,275,275.8,854846
equity,INE836A01035,2026-09-11,284.8,274.2,281.65,4622260
equity,INE836A01035,2026-09-15,302.85,285.1,286.45,8595221
equity,INE836A01035,2026-09-16,287.8,279.3,281.25,1259853
equity,INE262A01018,2026-09-08,69.5,66.52,68.11,22580
equity,INE262A01018,2026-09-09,69,65.5,66.24,18801
equity,INE262A01018,2026-09-10,66.99,63.55,63.91,17576
equity,INE262A01018,2026-09-11,63.99,62.5,63.36,10153
equity,INE262A01018,2026-09-15,63.49,61,61.09,10848
equity,INE262A01018,2026-09-16,62.5,60.1,61.79,7809
equity,INE473D01015,2026-09-08,6137,5993.5,6037,12243
equity,INE473D01015,2026-09-09,6187,5975,6157.5,23001
equity,INE473D01015,2026-09-10,6347,6127,6227.5,56247
equity,INE473D01015,2026-09-11,6240,6087,6197,15424
equity,INE473D01015,2026-09-14,6197,6197,6197,
equity,INE473D01015,2026-09-15,6280,5701.5,5754,37408
equity,INE473D01015,2026-09-16,5980,5675.5,5889,18907
equity,INE069I01010,2026-09-08,59.23,57.57,58.12,1639752
equity,INE069I01010,2026-09-09,58.11,57.1,57.34,3178307
equity,INE069I01010,2026-09-10,58.7,57.06,57.6,1393725
equity,INE069I01010,2026-09-11,57.32,55.04,55.28,2777678
equity,INE069I01010,2026-09-15,56.38,53.9,55.01,3033004
equity,INE069I01010,2026-09-16,55.5,53.31,53.68,1630611
equity,INE269A01021,2026-09-07,286,273.45,283.85,1737278
equity,INE269A01021,2026-09-08,284.8,273,274.25,918276
equity,INE269A01021,2026-09-09,274.15,265.3,267.7,909749
equity,INE269A01021,2026-09-10,270.35,259.2,260.1,1071987
equity,INE269A01021,2026-09-11,268.1,257.8,265.85,1384592
equity,INE269A01021,2026-09-15,291.95,272.45,281.3,6788610
equity,INE269A01021,2026-09-16,289,274.1,276.9,2111265
equity,INE010601016,2026-09-07,1920,1835,1898.4,322283
equity,INE010601016,2026-09-08,1920,1841.2,1851.8,114511
equity,INE010601016,2026-09-09,1890.5,1812,1828.3,90729
equity,INE010601016,2026-09-10,1850,1779.7,1792.9,166179
equity,INE010601016,2026-09-11,1840.4,1792.9,1815.4,98792
equity,INE010601016,2026-09-15,1825.4,1730,1802.1,144363
equity,INE010601016,2026-09-16,1800.3,1666.8,1731.8,236406
equity,INE276A01018,2026-09-08,821.75,802,819.15,24619
equity,INE276A01018,2026-09-09,822.4,809,814.6,35097
equity,INE276A01018,2026-09-10,829.9,771.25,784.5,216497
equity,INE276A01018,2026-09-11,808.8,772.4,795.7,47380
equity,INE276A01018,2026-09-15,799.3,780.05,785.5,70578
equity,INE276A01018,2026-09-16,804.75,762.15,800.6,44337
equity,INE255A01020,2026-09-07,255.75,246.3,248.95,6283376
equity,INE255A01020,2026-09-08,252.6,245.95,248.1,3071783
equity,INE255A01020,2026-09-09,250.3,245.1,246.7,2561676
equity,INE255A01020,2026-09-10,251.2,244.25,245.25,1241067
equity,INE255A01020,2026-09-11,244.7,237.7,239.3,2253374
equity,INE255A01020,2026-09-14,239.3,239.3,239.3,
equity,INE255A01020,2026-09-15,240.8,234.5,235.9,1961583
equity,INE255A01020,2026-09-16,236.7,228,233.9,1925788
equity,INE221B01012,2026-09-07,11974,11483,11569,17282
equity,INE221B01012,2026-09-08,11689,11450,11584,10021
equity,INE221B01012,2026-09-09,11741,11394,11625,15961
equity,INE221B01012,2026-09-10,11785,11402,11543,12225
equity,INE221B01012,2026-09-11,12300,11250,12097,62178
equity,INE221B01012,2026-09-14,12097,12097,12097,
equity,INE221B01012,2026-09-15,12277,11925,12071,22745
equity,INE221B01012,2026-09-16,12151,11500,12077,28758
equity,INE945H01021,2026-09-08,223.62,218.5,220.17,921453
equity,INE945H01021,2026-09-09,220.77,216.18,219.67,1035755
equity,INE945H01021,2026-09-10,220.5,217.11,218.13,528322
equity,INE945H01021,2026-09-11,219.03,212.57,218,879127
equity,INE945H01021,2026-09-15,219.59,210,212.12,925313
equity,INE945H01021,2026-09-16,212.21,204.71,209.18,1524680
equity,INE099Z01011,2026-09-08,482.4,421,477,36384306
equity,INE099Z01011,2026-09-09,474.9,454.9,463.8,5087063
equity,INE099Z01011,2026-09-10,481.4,460.4,463.35,3378828
equity,INE099Z01011,2026-09-11,461,442.5,447.4,1941042
equity,INE099Z01011,2026-09-14,447.4,447.4,447.4,
equity,INE099Z01011,2026-09-15,450.5,402.15,405.85,2748265
equity,INE099Z01011,2026-09-16,409.7,387.45,399.25,1622259
equity,INE738D01029,2026-09-08,104.3,104.3,104.3,144682
equity,INE738D01029,2026-09-09,102.25,102.25,102.25,4432
equity,INE738D01029,2026-09-10,100.25,100.25,100.25,1463
equity,INE738D01029,2026-09-11,98.25,98.25,98.25,4007
equity,INE738D01029,2026-09-15,96.3,96.3,96.3,1163
equity,INE867C01010,2026-09-08,6449,6130.1001,6345.2002,63480
equity,INE867C01010,2026-09-09,6990,6405.2998,6521.6499,87938
equity,INE867C01010,2026-09-10,7248,6525,6993.0498,122643
equity,INE867C01010,2026-09-11,7050,6650,6895.1001,52959
equity,INE867C01010,2026-09-15,7084.9502,6216.5,6502.8501,74371
equity,INE517F01014,2026-09-08,162.96,159.56,160.58,560277
equity,INE517F01014,2026-09-09,164.2,158.01,158.59,1549197
equity,INE517F01014,2026-09-10,163.34,159.16,162.27,1620378
equity,INE517F01014,2026-09-11,163.6,159.9,161.32,1544847
equity,INE517F01014,2026-09-15,165.5,160.8,161.18,3555183
equity,INE517F01014,2026-09-16,163.3,158.35,162.24,1409067
equity,INE0LRU01027,2026-09-08,887.5482,859.4663,864.9031,453073
equity,INE0LRU01027,2026-09-09,870.8886,818.5156,827.6435,557734
equity,INE0LRU01027,2026-09-10,836.9709,812.0313,823.7529,285444
equity,INE0LRU01027,2026-09-11,830.9854,812.0313,824.95,268696
equity,INE0LRU01027,2026-09-14,824.95,824.95,824.95,
equity,INE0LRU01027,2026-09-15,832,785.15,789.45,386201
equity,INE0LRU01027,2026-09-16,819.8,765,813,378692
equity,INE679V01027,2026-09-07,604.85,593.15,599.25,168049
equity,INE679V01027,2026-09-08,617,589.95,614.6,157929
equity,INE679V01027,2026-09-09,632.8,608.2,623.1,930980
equity,INE679V01027,2026-09-10,623.1,590.5,603.55,579067
equity,INE679V01027,2026-09-11,620,593.8,616.45,243754
equity,INE679V01027,2026-09-15,622.35,595.2,611.2,421337
equity,INE679V01027,2026-09-16,625.65,602.15,620.6,133408
equity,INE813A01018,2026-09-07,369,355.15,360.15,65575
equity,INE813A01018,2026-09-08,368.95,356.3,366.15,64994
equity,INE813A01018,2026-09-09,373,361.2,370.1,147985
equity,INE813A01018,2026-09-10,370,358.1,359.65,68036
equity,INE813A01018,2026-09-11,360,349.1,353.05,105958
equity,INE813A01018,2026-09-15,363.45,345.05,345.9,92194
equity,INE813A01018,2026-09-16,353.4,339,344.15,77651
equity,INE690A01028,2026-09-08,561.3,545,549.2,162558
equity,INE690A01028,2026-09-09,554.5,540.25,541.35,60712
equity,INE690A01028,2026-09-10,547.55,536.6,540.2,31877
equity,INE690A01028,2026-09-11,540.2,527.45,537.3,39518
equity,INE690A01028,2026-09-15,550.2,534.3,540,65503
equity,INE690A01028,2026-09-16,554.25,534.3,541.1,60559
equity,INE036B01030,2026-09-07,169,164.52,165.48,678295
equity,INE036B01030,2026-09-08,170.3,164.35,167.3,561039
equity,INE036B01030,2026-09-09,168.64,164.22,166.39,562238
equity,INE036B01030,2026-09-10,170.95,164,164.8,646957
equity,INE036B01030,2026-09-11,164.45,160.91,163.08,569293
equity,INE036B01030,2026-09-14,163.08,163.08,163.08,
equity,INE036B01030,2026-09-15,163.4,157.16,158.72,602826
equity,INE036B01030,2026-09-16,159.51,152.64,157.16,1059843
equity,INE0CJD01029,2026-09-07,3060.3999,2910,2961.6001,80097
equity,INE0CJD01029,2026-09-08,3025.8,2944,2985.6001,59769
equity,INE0CJD01029,2026-09-09,3037.7,2930,2964,67251
equity,INE0CJD01029,2026-09-10,2993.3,2886.6001,2915.6001,51447
equity,INE0CJD01029,2026-09-11,2950.8,2812.1001,2869.2,93353
equity,INE0CJD01029,2026-09-14,2869.2,2869.2,2869.2,
equity,INE0CJD01029,2026-09-15,2917.6001,2699,2730.5,78412
equity,INE0CJD01029,2026-09-16,2758.7,2488.8,2708.7,240847
equity,INE460H01021,2026-09-08,196.34,193.7,194.83,289777
equity,INE460H01021,2026-09-09,194.94,190.4,192.32,260534
equity,INE460H01021,2026-09-10,195.48,190.5,194.68,219251
equity,INE460H01021,2026-09-11,195.9,193.1,195.14,240287
equity,INE460H01021,2026-09-15,195.91,184,184.93,272570
equity,INE460H01021,2026-09-16,187.89,183.6,187.3,254340
equity,INE640A01023,2026-09-07,1578,1542.2,1546.6,24033
equity,INE640A01023,2026-09-08,1554.9,1524.7,1534.8,21578
equity,INE640A01023,2026-09-09,1552.7,1525.9,1533.5,26668
equity,INE640A01023,2026-09-10,1540,1522.9,1531.6,15804
equity,INE640A01023,2026-09-11,1531.9,1505,1527.8,16051
equity,INE640A01023,2026-09-15,1528.5,1502.1,1508.5,23487
equity,INE640A01023,2026-09-16,1554.8,1488,1546.3,61785
equity,INE600K01018,2026-09-08,2283.3999,2166.3,2251.8999,159336
equity,INE600K01018,2026-09-09,2304,2231,2288.8999,49913
equity,INE600K01018,2026-09-10,2330,2226,2247.3999,40182
equity,INE600K01018,2026-09-11,2248.7,2172,2187.3,24175
equity,INE600K01018,2026-09-15,2198.8999,2100,2127.3,22677
equity,INE600K01018,2026-09-16,2171.6001,2078.7,2156.3,26353
equity,INE743M01012,2026-09-08,371.0343,366.8124,369.2462,98879
equity,INE743M01012,2026-09-09,384.9916,367.6071,374.4119,559435
equity,INE743M01012,2026-09-10,381.3657,373.5178,376.2,234053
equity,INE743M01012,2026-09-11,378.6,371.5,375.8,112757
equity,INE743M01012,2026-09-15,375.65,360.8,361.6,156169
equity,INE743M01012,2026-09-16,366.7,360.5,363.6,122994
equity,INE0U3I01011,2026-09-07,1528,1489,1495.7,169474
equity,INE0U3I01011,2026-09-08,1640,1494.2,1629.6,939028
equity,INE0U3I01011,2026-09-09,1652.8,1542,1586.4,399949
equity,INE0U3I01011,2026-09-10,1602.3,1557.1,1568.1,132067
equity,INE0U3I01011,2026-09-11,1614.9,1531,1610,296742
equity,INE0U3I01011,2026-09-14,1610,1610,1610,
equity,INE0U3I01011,2026-09-15,1631.4,1533,1538.5,269490
equity,INE0U3I01011,2026-09-16,1568.5,1430.1,1515.8,459738
equity,INE884B01025,2026-09-08,465.3,457.35,459.9,63385
equity,INE884B01025,2026-09-09,475.7,455.1,467.25,690407
equity,INE884B01025,2026-09-10,472.45,463.3,466.1,75301
equity,INE884B01025,2026-09-11,468.4,458.85,465.1,91717
equity,INE884B01025,2026-09-15,469.4,461,464.85,211119
equity,INE884B01025,2026-09-16,475.15,461.15,470.9,139976
equity,INE0LMW01024,2026-09-07,344.95,337.35,338.95,158668
equity,INE0LMW01024,2026-09-08,348.95,336,343.95,285798
equity,INE0LMW01024,2026-09-09,344.9,336.45,337.4,252463
equity,INE0LMW01024,2026-09-10,341.2,337,338.9,141109
equity,INE0LMW01024,2026-09-11,338.9,332,332.8,203828
equity,INE0LMW01024,2026-09-15,337,325.05,327.55,382117
equity,INE0LMW01024,2026-09-16,329.95,319.45,323.4,212024
equity,INE411F01010,2026-09-08,2350,2313,2318.55,597
equity,INE411F01010,2026-09-09,2469.95,2294.7,2298.75,2177
equity,INE411F01010,2026-09-10,2347.3,2281.3,2288.7,944
equity,INE411F01010,2026-09-11,2301,2260,2282.95,660
equity,INE411F01010,2026-09-15,2303.8501,2257.8,2268.25,1054
equity,INE429E01023,2026-09-08,1540.9,1510.4,1533.7,27701
equity,INE429E01023,2026-09-09,1543.9,1499.9,1534.2,36130
equity,INE429E01023,2026-09-10,1548.9,1496.4,1501.6,13725
equity,INE429E01023,2026-09-11,1556.8,1470,1544.7,115745
equity,INE429E01023,2026-09-15,1550,1490,1532.1,74589
equity,INE429E01023,2026-09-16,1535,1495,1520.5,31277
equity,INE0LZF01039,2026-09-07,109.09,102.01,109.08,3042994
equity,INE0LZF01039,2026-09-08,110.49,104.25,106.72,2061326
equity,INE0LZF01039,2026-09-09,108.77,103.73,104.25,1243173
equity,INE0LZF01039,2026-09-10,109.46,104.18,109.44,3659034
equity,INE0LZF01039,2026-09-11,114.32,107.05,112.85,3486070
equity,INE0LZF01039,2026-09-14,112.85,112.85,112.85,
equity,INE0LZF01039,2026-09-15,115.49,109.87,112.33,2990405
equity,INE0LZF01039,2026-09-16,113.25,106.72,108.19,2468399
equity,INE619B01017,2026-09-08,520.4,513,514,474948
equity,INE619B01017,2026-09-09,516.55,504.35,512.85,587106
equity,INE619B01017,2026-09-10,521.6,505.15,507.9,531174
equity,INE619B01017,2026-09-11,509,498.55,501.4,583926
equity,INE619B01017,2026-09-14,501.4,501.4,501.4,
equity,INE619B01017,2026-09-15,528.6,498,499.35,1695640
equity,INE619B01017,2026-09-16,507.9,487.3,492,531322
equity,INE04TZ01018,2026-09-08,2800,2736.7,2761.5,17259
equity,INE04TZ01018,2026-09-09,2781.6001,2680,2744,33321
equity,INE04TZ01018,2026-09-10,2778,2652.7,2687.3999,68034
equity,INE04TZ01018,2026-09-11,2668,2612.5,2635.3999,52075
equity,INE04TZ01018,2026-09-15,2660,2567.5,2574.1001,26476
equity,INE04TZ01018,2026-09-16,2639,2520,2612.5,47503
equity,INE739E01017,2026-09-08,5788,5710,5761.5,3298
equity,INE739E01017,2026-09-09,5761.5,5676,5698.5,4352
equity,INE739E01017,2026-09-10,5736,5601,5614,2852
equity,INE739E01017,2026-09-11,5643,5555.5,5587.5,3246
equity,INE739E01017,2026-09-15,5620,5558,5572,4096
equity,INE739E01017,2026-09-16,5708.5,5512,5646,9352
equity,INE254N01026,2026-09-08,637.6,620,623.5,300961
equity,INE254N01026,2026-09-09,626,608.55,615.25,53963
equity,INE254N01026,2026-09-10,623.9,610,619.95,33284
equity,INE254N01026,2026-09-11,623.95,610.15,618.7,51791
equity,INE254N01026,2026-09-15,620,595,598.15,67519
equity,INE254N01026,2026-09-16,612,593.5,606.45,85796
equity,INE0CU601026,2026-09-08,96.05,91.75,95.61,1548311
equity,INE0CU601026,2026-09-09,96.55,94,94.82,1211553
equity,INE0CU601026,2026-09-10,97.05,92.58,96.51,1607477
equity,INE0CU601026,2026-09-11,95.44,93.8,94.07,549701
equity,INE0CU601026,2026-09-15,94.38,90,90.35,813767
equity,INE0CU601026,2026-09-16,94.2,88.12,93.16,2290502
equity,INE668F01031,2026-09-07,203,194.2,195.1,906846
equity,INE668F01031,2026-09-08,196.01,192.3,194.59,457936
equity,INE668F01031,2026-09-09,196.3,191.24,195.1,516334
equity,INE668F01031,2026-09-10,196.27,193.5,195.65,488496
equity,INE668F01031,2026-09-11,196.61,194,195.06,394200
equity,INE668F01031,2026-09-14,195.06,195.06,195.06,
equity,INE668F01031,2026-09-15,197.09,191,192.22,405665
equity,INE668F01031,2026-09-16,197,190.22,195.41,505369
equity,INE284S01014,2026-09-08,2351.3,2258.2,2286.8,155758
equity,INE284S01014,2026-09-09,2304.8999,2258.5,2295.2,88371
equity,INE284S01014,2026-09-10,2349.8999,2281.2,2342.6001,97579
equity,INE284S01014,2026-09-11,2385,2314.3999,2354,140948
equity,INE284S01014,2026-09-15,2369.7,2290.2,2311.7,151469
equity,INE284S01014,2026-09-16,2334.3,2241.7,2297.2,97313
equity,INE317F01035,2026-09-08,1140,1072.6,1117.1,221569
equity,INE317F01035,2026-09-09,1124.9,1091.4,1096.9,42607
equity,INE317F01035,2026-09-10,1120.3,1090,1091.2,46666
equity,INE317F01035,2026-09-11,1109.8,1090,1102.2,39091
equity,INE317F01035,2026-09-15,1132.3,1081.6,1087.7,77281
equity,INE317F01035,2026-09-16,1103.3,1053.6,1075.6,26040
equity,INE922K01024,2026-09-07,678.9,663.7,672.15,88324
equity,INE922K01024,2026-09-08,675,667.5,671.7,31956
equity,INE922K01024,2026-09-09,675.2,658,668.2,181931
equity,INE922K01024,2026-09-10,676.2,662.05,672.15,109631
equity,INE922K01024,2026-09-11,674.35,647,652.25,81000
equity,INE922K01024,2026-09-15,663,640.5,647.25,99067
equity,INE922K01024,2026-09-16,665,640.5,661.6,67155
equity,INE517B01013,2026-09-07,38.09,36.6,37.35,1329750
equity,INE517B01013,2026-09-08,37.31,36.3,36.49,1566480
equity,INE517B01013,2026-09-09,36.55,36,36.13,1205146
equity,INE517B01013,2026-09-10,36.64,35.9,35.91,1248091
equity,INE517B01013,2026-09-11,35.81,35.31,35.6,1102640
equity,INE517B01013,2026-09-14,35.6,35.6,35.6,
equity,INE517B01013,2026-09-15,36.92,35.85,36.15,2840915
equity,INE517B01013,2026-09-16,36.2,34.62,35.22,1878014
equity,INE987S01020,2026-09-07,1125.9,1090.7,1105.65,320607
equity,INE987S01020,2026-09-08,1197,1102.05,1176.75,691489
equity,INE987S01020,2026-09-09,1198,1128.5,1152.05,300648
equity,INE987S01020,2026-09-10,1184.25,1142.05,1174.3,187021
equity,INE987S01020,2026-09-11,1178.35,1118.05,1170.9,259796
equity,INE987S01020,2026-09-14,1170.9,1170.9,1170.9,
equity,INE987S01020,2026-09-15,1186.9,1048.25,1058.85,500166
equity,INE987S01020,2026-09-16,1067,990.9,1060.35,397791
equity,INE789E01012,2026-09-07,429.7,409,420.05,2617975
equity,INE789E01012,2026-09-08,423.85,412.05,415.3,703560
equity,INE789E01012,2026-09-09,418.9,406.8,408.85,353280
equity,INE789E01012,2026-09-10,422.9,406.05,415.15,748718
equity,INE789E01012,2026-09-11,418.85,406.8,414.25,395550
equity,INE789E01012,2026-09-15,417,400,402.1,256584
equity,INE789E01012,2026-09-16,420,396.8,417.35,708138
equity,INE0HV901016,2026-09-07,168.85,164.4,167.39,504059
equity,INE0HV901016,2026-09-08,171.42,165.89,169.96,914622
equity,INE0HV901016,2026-09-09,171.37,165.28,167.54,1901710
equity,INE0HV901016,2026-09-10,168.79,159.45,161.92,1880574
equity,INE0HV901016,2026-09-11,161.27,157.27,158.63,1167601
equity,INE0HV901016,2026-09-14,158.63,158.63,158.63,
equity,INE0HV901016,2026-09-15,167.29,159,161.02,2920496
equity,INE0HV901016,2026-09-16,162.99,156.14,160.53,568236
equity,INE666D01022,2026-09-07,517.95,500.95,513.65,675793
equity,INE666D01022,2026-09-08,513.9,501.2,503.35,342669
equity,INE666D01022,2026-09-09,511.9,498.9,501.95,587336
equity,INE666D01022,2026-09-10,506.8,496,502.2,292829
equity,INE666D01022,2026-09-11,501.9,494,495.65,331461
equity,INE666D01022,2026-09-14,495.65,495.65,495.65,
equity,INE666D01022,2026-09-15,499,448.55,461.3,720224
equity,INE666D01022,2026-09-16,461.85,443,446,710811
equity,INE806T01020,2026-09-08,232.52,224.9,226.61,415672
equity,INE806T01020,2026-09-09,233.3,224.72,227.61,1393585
equity,INE806T01020,2026-09-10,230.01,223.15,224.11,418375
equity,INE806T01020,2026-09-11,226.98,219.31,225.74,581886
equity,INE806T01020,2026-09-15,228.79,221.51,222.37,399696
equity,INE806T01020,2026-09-16,226,219.92,223.32,241465
equity,INE211R01019,2026-09-08,2441.8917,2349.5488,2413.6094,50094
equity,INE211R01019,2026-09-09,2491.8608,2400.5173,2428.6001,123045
equity,INE211R01019,2026-09-10,2452.8999,2374.7,2379.3999,36315
equity,INE211R01019,2026-09-11,2435,2332.6001,2421.3,38776
equity,INE211R01019,2026-09-15,2421.5,2320.3,2336.3999,39034
equity,INE211R01019,2026-09-16,2334,2278.8,2296.5,41657
equity,INE555B01013,2026-09-08,1861,1778,1848.6,309618
equity,INE555B01013,2026-09-09,1939,1850,1875.7,347063
equity,INE555B01013,2026-09-10,1920,1845.1,1869.7,144733
equity,INE555B01013,2026-09-11,1866.7,1815,1831.8,131542
equity,INE555B01013,2026-09-15,1876.2,1699.9,1717.7,176313
equity,INE555B01013,2026-09-16,1736.9,1641.1,1684.5,158421
equity,INE900L01028,2026-09-07,168.43,160.2,163.01,1696919
equity,INE900L01028,2026-09-08,168.48,161.5,164.37,1449405
equity,INE900L01028,2026-09-09,165.3,161.06,162.03,370774
equity,INE900L01028,2026-09-10,162.54,158.74,161.2,812278
equity,INE900L01028,2026-09-11,162.25,159.63,160.87,613250
equity,INE900L01028,2026-09-14,160.87,160.87,160.87,
equity,INE900L01028,2026-09-15,163.1,153.98,155.82,1205876
equity,INE900L01028,2026-09-16,162.68,152.16,159.82,1546415
equity,INE058A01010,2026-09-07,3162.3,3114.3999,3122,9580
equity,INE058A01010,2026-09-08,3132.5,3111,3114.8999,11823
equity,INE058A01010,2026-09-09,3124.8999,3100,3104.2,13834
equity,INE058A01010,2026-09-10,3120,3095.5,3106,10873
equity,INE058A01010,2026-09-11,3105.3999,3069.3,3079.2,9890
equity,INE058A01010,2026-09-15,3159.8,3074.1001,3131,23468
equity,INE058A01010,2026-09-16,3149,3081,3111.2,18139
equity,INE855B01025,2026-09-08,222.35,212.42,217.81,6812552
equity,INE855B01025,2026-09-09,230,218.67,222.5,11435273
equity,INE855B01025,2026-09-10,224.97,216.2,217.28,4114741
equity,INE855B01025,2026-09-11,217.4,208.64,215.97,4334459
equity,INE855B01025,2026-09-14,215.97,215.97,215.97,
equity,INE855B01025,2026-09-15,216.48,195.3,196.74,5273699
equity,INE855B01025,2026-09-16,202.5,191.04,199.29,4447128
equity,INE545H01011,2026-09-08,3239,3109,3141,27206
equity,INE545H01011,2026-09-09,3240.8,3119.8,3170.2,63318
equity,INE545H01011,2026-09-10,3202.2,3099.8999,3157.1001,44509
equity,INE545H01011,2026-09-11,3300,3107.8999,3250.2,40351
equity,INE545H01011,2026-09-15,3255.8999,3109,3128.6001,24762
equity,INE545H01011,2026-09-16,3167.8999,2988.3999,3114.2,37713
equity,INE416D01022,2026-09-08,725.9,686,722.3,433367
equity,INE416D01022,2026-09-09,725,690.1,692.85,344600
equity,INE416D01022,2026-09-10,710,685,700.45,213265
equity,INE416D01022,2026-09-11,724,676,720.95,190726
equity,INE416D01022,2026-09-15,728,684.95,684.95,217584
equity,INE416D01022,2026-09-16,685.3,650.75,680.5,412534
equity,INE083K01017,2026-09-08,6399.8501,6200,6217.9502,358
equity,INE083K01017,2026-09-09,6248,6150.5,6155,236
equity,INE083K01017,2026-09-10,6300,6200,6261.7002,747
equity,INE083K01017,2026-09-11,6299.8999,6100,6287.3999,139
equity,INE083K01017,2026-09-15,6322.5498,6160.5498,6298.6499,349
equity,INE024001021,2026-09-08,584.15,545.1,573.5,1971688
equity,INE024001021,2026-09-09,573.4,554.05,561.15,865460
equity,INE024001021,2026-09-10,568.1,548.1,564.2,940236
equity,INE024001021,2026-09-11,569.5,545.25,563.95,1042637
equity,INE024001021,2026-09-14,563.95,563.95,563.95,
equity,INE024001021,2026-09-15,567.45,507.6,507.6,1836440
equity,INE024001021,2026-09-16,495,456.85,481.1,4838097
equity,INE503A01015,2026-09-07,222.99,218.05,221.31,877083
equity,INE503A01015,2026-09-08,234.8,219.91,229.55,6352270
equity,INE503A01015,2026-09-09,231.96,224.95,228.1,2269401
equity,INE503A01015,2026-09-10,229.79,225.79,227.13,925685
equity,INE503A01015,2026-09-11,226.99,223.41,226.37,1245963
equity,INE503A01015,2026-09-14,226.37,226.37,226.37,
equity,INE503A01015,2026-09-15,228.94,220.81,221.89,845015
equity,INE503A01015,2026-09-16,223.93,215.46,219.94,912819
equity,INE916U01025,2026-09-08,707,645.45,675.95,2942072
equity,INE916U01025,2026-09-09,698.6,676,687,377404
equity,INE916U01025,2026-09-10,702,667.65,697.95,356525
equity,INE916U01025,2026-09-11,701.5,679.95,691.55,216987
equity,INE916U01025,2026-09-14,691.55,691.55,691.55,
equity,INE916U01025,2026-09-15,695.9,662.9,668.25,159797
equity,INE916U01025,2026-09-16,675.7,659,663.05,158561
equity,INE510W01014,2026-09-08,176,169.61,174.42,1008485
equity,INE510W01014,2026-09-09,177.1,170.97,175.76,1869097
equity,INE510W01014,2026-09-10,179,172.65,178.12,2617527
equity,INE510W01014,2026-09-11,179.5,171.85,178.21,1096299
equity,INE510W01014,2026-09-15,177.92,169.66,173.22,1508686
equity,INE510W01014,2026-09-16,174.42,165.94,173.11,1578858
equity,INE428V01029,2026-09-07,715.7,697.55,710.85,189382
equity,INE428V01029,2026-09-08,748.6,707.1,744.1,659007
equity,INE428V01029,2026-09-09,757.7,725.75,733.45,204496
equity,INE428V01029,2026-09-10,751.15,731.05,747.25,204920
equity,INE428V01029,2026-09-11,781.5,734.05,765.35,337264
equity,INE428V01029,2026-09-15,774.95,725,734.95,306493
equity,INE428V01029,2026-09-16,742.7,710.05,735.2,143992
equity,INE011E01029,2026-09-07,581.35,540.9,557.6,2264071
equity,INE011E01029,2026-09-08,557.7,540.1,541.65,787147
equity,INE011E01029,2026-09-09,554.9,528.35,541.55,1038353
equity,INE011E01029,2026-09-10,545.8,533.75,536.65,613100
equity,INE011E01029,2026-09-11,536.9,523.3,533.4,532783
equity,INE011E01029,2026-09-14,533.4,533.4,533.4,
equity,INE011E01029,2026-09-15,534.9,494,498.2,876986
equity,INE011E01029,2026-09-16,500,470,483.25,1000166
equity,INE919H01018,2026-09-08,1315,1283.1,1306.7,74407
equity,INE919H01018,2026-09-09,1313.2,1288,1301.2,78027
equity,INE919H01018,2026-09-10,1313,1275,1279.1,78648
equity,INE919H01018,2026-09-11,1277.4,1236.9,1243.5,110255
equity,INE919H01018,2026-09-15,1271,1215,1220.8,142336
equity,INE919H01018,2026-09-16,1259.4,1199.8,1246.1,104545
equity,INE495P01020,2026-09-08,231.9865,227.2799,229.693,650239
equity,INE495P01020,2026-09-09,243.005,224.9666,241.3597,2474475
equity,INE495P01020,2026-09-10,247.0035,237.4708,244.74,1400466
equity,INE495P01020,2026-09-11,245.7,236.51,242.5,903250
equity,INE495P01020,2026-09-14,242.5,242.5,242.5,
equity,INE495P01020,2026-09-15,240,221.5,223.4,2295967
equity,INE495P01020,2026-09-16,226.16,214.21,220.16,2203694
equity,INE221J01015,2026-09-07,776.95,765,767.45,63229
equity,INE221J01015,2026-09-08,803.25,764.3,795.9,193168
equity,INE221J01015,2026-09-09,797.4,782,783.5,90922
equity,INE221J01015,2026-09-10,786,776.1,781.35,72793
equity,INE221J01015,2026-09-11,781.35,763,765.55,90612
equity,INE221J01015,2026-09-15,771,748.6,753.4,179500
equity,INE221J01015,2026-09-16,758.75,740.05,745.5,127469
equity,INE899I01028,2026-09-07,1141,1068,1098.7,3088018
equity,INE899I01028,2026-09-08,1108.6,1071.1,1094.1,556915
equity,INE899I01028,2026-09-09,1161.65,1076.2,1133.7,3521358
equity,INE899I01028,2026-09-10,1193.7,1115.35,1138.95,2805864
equity,INE899I01028,2026-09-11,1148,1105,1133.45,1010520
equity,INE899I01028,2026-09-14,1133.45,1133.45,1133.45,
equity,INE899I01028,2026-09-15,1174.9,1070.05,1080.1,1313080
equity,INE899I01028,2026-09-16,1087.9,1021.55,1042.8,765936
equity,INE07T201019,2026-09-08,96.83,95.01,95.54,2625931
equity,INE07T201019,2026-09-09,101.25,94.64,100.5,7327768
equity,INE07T201019,2026-09-10,100.95,96.24,96.82,2882594
equity,INE07T201019,2026-09-11,98.95,95.17,98.05,2109191
equity,INE07T201019,2026-09-14,98.05,98.05,98.05,
equity,INE07T201019,2026-09-15,99.46,94.27,95.23,2819981
equity,INE07T201019,2026-09-16,96.58,93.1,95.83,2492687
equity,INE483C01032,2026-09-07,523.15,512.3,520.2,317979
equity,INE483C01032,2026-09-08,520.2,510.8,512.95,296264
equity,INE483C01032,2026-09-09,520.45,504.8,509.3,500496
equity,INE483C01032,2026-09-10,518,501.2,503.85,273285
equity,INE483C01032,2026-09-11,505,497,502.8,289977
equity,INE483C01032,2026-09-14,502.8,502.8,502.8,
equity,INE483C01032,2026-09-15,516,488,490.55,453227
equity,INE483C01032,2026-09-16,503.4,484,487.55,529075
equity,INE07RO01027,2026-09-08,925.1,898.5,915.65,265504
equity,INE07RO01027,2026-09-09,925,899.1,911.4,196499
equity,INE07RO01027,2026-09-10,933.15,902.8,917.45,244416
equity,INE07RO01027,2026-09-11,915.3,891.25,901.75,208583
equity,INE07RO01027,2026-09-15,912.75,866.25,874.95,166220
equity,INE07RO01027,2026-09-16,889.45,845.55,877.85,191667
equity,INE18JU01028,2026-09-07,624.75,601.55,619.1,413604
equity,INE18JU01028,2026-09-08,675,617,665.15,1683816
equity,INE18JU01028,2026-09-09,687.75,658,675.8,1154375
equity,INE18JU01028,2026-09-10,704.9,663,677.95,1283090
equity,INE18JU01028,2026-09-11,686.75,666.1,679.65,518414
equity,INE18JU01028,2026-09-15,712,666.1,671.45,1306597
equity,INE18JU01028,2026-09-16,679.9,625.6,645.55,1024520
equity,INE340A01012,2026-09-07,892,859.8,868.15,86094
equity,INE340A01012,2026-09-08,882,853,854.3,58996
equity,INE340A01012,2026-09-09,861.15,832.1,836.9,82083
equity,INE340A01012,2026-09-10,844.95,831,836.7,27535
equity,INE340A01012,2026-09-11,835.95,821.45,825.15,70252
equity,INE340A01012,2026-09-14,825.15,825.15,825.15,
equity,INE340A01012,2026-09-15,829.7,805.05,810.25,33029
equity,INE340A01012,2026-09-16,818.3,789.9,803.9,86516
equity,INE278Y01022,2026-09-08,219.02,216.2,216.81,248017
equity,INE278Y01022,2026-09-09,218,214.5,214.86,324376
equity,INE278Y01022,2026-09-10,216.2,212.15,213.68,588814
equity,INE278Y01022,2026-09-11,215.5,210.98,214.36,196725
equity,INE278Y01022,2026-09-15,215.39,207.92,212.9,432209
equity,INE278Y01022,2026-09-16,214.3,208.69,211.47,442028
equity,INE314T01033,2026-09-08,240,229.79,233.15,875102
equity,INE314T01033,2026-09-09,234,229.5,230.56,204827
equity,INE314T01033,2026-09-10,232.09,226,226.4,248041
equity,INE314T01033,2026-09-11,228.5,221.21,226.76,329785
equity,INE314T01033,2026-09-15,226.89,218,218.69,250526
equity,INE314T01033,2026-09-16,219.96,213.01,218.43,222970
equity,INE055S01018,2026-09-08,1009,867.3,976.25,3128714
equity,INE055S01018,2026-09-09,989.95,932.55,945.65,749695
equity,INE055S01018,2026-09-10,967.75,916,923.3,452175
equity,INE055S01018,2026-09-11,921.3,893.3,904.4,506275
equity,INE055S01018,2026-09-14,904.4,904.4,904.4,
equity,INE055S01018,2026-09-15,924.6,874,882.7,468701
equity,INE055S01018,2026-09-16,884.65,811.95,867.4,855737
equity,INE064A01026,2026-09-08,636.95,600,606.65,60988
equity,INE064A01026,2026-09-09,632.4,605.95,624.2,39120
equity,INE064A01026,2026-09-10,638,617.9,626.7,32857
equity,INE064A01026,2026-09-11,635.3,611.75,631.65,25283
equity,INE064A01026,2026-09-15,638.7,601.65,603.6,23419
equity,INE933K01021,2026-09-08,527.6,512,514.1,589132
equity,INE933K01021,2026-09-09,524,509,521.45,824949
equity,INE933K01021,2026-09-10,533,514.25,524.45,1178666
equity,INE933K01021,2026-09-11,523.15,507.25,520.5,901856
equity,INE933K01021,2026-09-15,529.8,496.8,503.8,824896
equity,INE933K01021,2026-09-16,507.2,493.05,498.05,490370
equity,INE420C01059,2026-09-07,79.9037,74.1606,79.3144,35087813
equity,INE420C01059,2026-09-08,78.7551,76.6176,77.6264,10883081
equity,INE420C01059,2026-09-09,80.4031,77.0172,79.8238,21010428
equity,INE420C01059,2026-09-10,83.3995,79.1046,82.95,21159038
equity,INE420C01059,2026-09-11,84.6,81.2,84.23,16781160
equity,INE420C01059,2026-09-14,84.23,84.23,84.23,
equity,INE420C01059,2026-09-15,85.25,83.47,84.47,14460925
equity,INE420C01059,2026-09-16,85.6,81.1,84.59,20992627
equity,INE0DUT01020,2026-09-07,1199.4,1155,1164.4,104975
equity,INE0DUT01020,2026-09-08,1185.8,1164,1171.8,34248
equity,INE0DUT01020,2026-09-09,1200,1167,1188.7,84136
equity,INE0DUT01020,2026-09-10,1192.7,1165,1167.4,32787
equity,INE0DUT01020,2026-09-11,1168.1,1133.1,1147.2,44230
equity,INE0DUT01020,2026-09-15,1236.1,1125.2,1140.1,216521
equity,INE0DUT01020,2026-09-16,1164.9,1080.2,1133.4,119075
equity,INE02YR01019,2026-09-08,189.8,175.65,186.02,6303918
equity,INE02YR01019,2026-09-09,188.4,181.05,182.65,1903526
equity,INE02YR01019,2026-09-10,196.4,180.23,191.82,7121916
equity,INE02YR01019,2026-09-11,192.97,185.5,188.38,2336802
equity,INE02YR01019,2026-09-15,191.82,183.5,185.06,1398144
equity,INE02YR01019,2026-09-16,185.74,173.71,180.93,2115907
equity,INE439E01022,2026-09-07,616.698,589.9024,604.3,4277657
equity,INE439E01022,2026-09-08,614,595,604.7,1156716
equity,INE439E01022,2026-09-09,616.8,590.1,593.95,1704618
equity,INE439E01022,2026-09-10,596.15,574.5,583,1056778
equity,INE439E01022,2026-09-11,581,541.35,551.55,2163432
equity,INE439E01022,2026-09-14,551.55,551.55,551.55,
equity,INE439E01022,2026-09-15,557.8,531,534.15,1092523
equity,INE439E01022,2026-09-16,534.55,513.7,522.65,661341
equity,INE688A01022,2026-09-08,880,860,872.5,21900
equity,INE688A01022,2026-09-09,888,863.3,867.95,18299
equity,INE688A01022,2026-09-10,872.9,853,856.9,21739
equity,INE688A01022,2026-09-11,865.5,843.2,858.85,21578
equity,INE688A01022,2026-09-15,867.4,833.6,845.4,17354
equity,INE688A01022,2026-09-16,859.95,825,827,19650
equity,INE274Y01021,2026-09-07,607,579.15,596.2,123620
equity,INE274Y01021,2026-09-08,612.9,583.1,594.1,126111
equity,INE274Y01021,2026-09-09,599.5,575.85,578.05,65391
equity,INE274Y01021,2026-09-10,595,575.3,589.5,58801
equity,INE274Y01021,2026-09-11,595,576,590.6,71818
equity,INE274Y01021,2026-09-15,598,575.3,581.6,70412
equity,INE274Y01021,2026-09-16,582,555.1,566.55,76170
equity,INE0LXT01019,2026-09-08,118.9,115,115.58,398356
equity,INE0LXT01019,2026-09-09,117.15,113.15,116.57,321602
equity,INE0LXT01019,2026-09-10,117.68,114.75,115.06,148573
equity,INE0LXT01019,2026-09-11,116.5,113.1,116.1,211278
equity,INE0LXT01019,2026-09-14,116.1,116.1,116.1,
equity,INE0LXT01019,2026-09-15,132.75,114.11,120.87,33802011
equity,INE0LXT01019,2026-09-16,126.38,115.92,117.34,2138493
equity,INE921L01032,2026-09-07,531.4,507.1,512.1,197171
equity,INE921L01032,2026-09-08,533.1,509,530.7,111394
equity,INE921L01032,2026-09-09,552.3,529.25,547.1,255922
equity,INE921L01032,2026-09-10,583.45,547.95,575.85,626654
equity,INE921L01032,2026-09-11,578.85,557.45,569.35,169099
equity,INE921L01032,2026-09-15,572.1,530,532.75,169220
equity,INE921L01032,2026-09-16,547.1,516.75,540,112961
equity,INE305A01023,2026-09-08,143.85,139.33,140.89,7108611
equity,INE305A01023,2026-09-09,144.8,140.15,141.69,5715933
equity,INE305A01023,2026-09-10,144.18,141,143.17,4319155
equity,INE305A01023,2026-09-11,144.21,140.05,141.49,6496168
equity,INE305A01023,2026-09-14,141.49,141.49,141.49,
equity,INE305A01023,2026-09-15,142.44,137.32,138.18,9687578
equity,INE305A01023,2026-09-16,141.74,132.93,138.81,11709599
equity,INE177F01017,2026-09-08,6125,5986.4502,6115.7002,292
equity,INE177F01017,2026-09-09,6189.8501,6103.0498,6150.5498,798
equity,INE177F01017,2026-09-10,6435,6132.2998,6302.7998,1141
equity,INE177F01017,2026-09-11,6288,6158.4502,6203.7998,589
equity,INE177F01017,2026-09-15,6130,5987,6014.6001,2931
equity,INE00GO01025,2026-09-07,152.55,145.45,146.28,2141218
equity,INE00GO01025,2026-09-08,149.16,143.68,148.26,3493046
equity,INE00GO01025,2026-09-09,149.79,143.8,144.91,1589038
equity,INE00GO01025,2026-09-10,146.69,140.29,140.96,2862305
equity,INE00GO01025,2026-09-11,145,136,144.34,4172766
equity,INE00GO01025,2026-09-14,144.34,144.34,144.34,
equity,INE00GO01025,2026-09-15,145.31,132.92,134.61,3444783
equity,INE00GO01025,2026-09-16,135.85,128.55,134.71,2213074
equity,INE0RB801010,2026-09-07,1512,1410.4,1497.5,404434
equity,INE0RB801010,2026-09-08,1532,1486,1509.8,373922
equity,INE0RB801010,2026-09-09,1525,1460.2,1488.6,233104
equity,INE0RB801010,2026-09-10,1495,1460,1463.1,91237
equity,INE0RB801010,2026-09-11,1480,1437.1,1467.3,134825
equity,INE0RB801010,2026-09-14,1467.3,1467.3,1467.3,
equity,INE0RB801010,2026-09-15,1475.6,1400,1416.1,162042
equity,INE0RB801010,2026-09-16,1425,1355.6,1376.9,222944
equity,INE399C01030,2026-09-07,482,470.15,473.2,47325
equity,INE399C01030,2026-09-08,477.4,468.55,475.6,38920
equity,INE399C01030,2026-09-09,488.5,465,485.45,99934
equity,INE399C01030,2026-09-10,505,481.05,500.3,143145
equity,INE399C01030,2026-09-11,497,480.3,488.9,105726
equity,INE399C01030,2026-09-15,495,475.2,480.05,113378
equity,INE399C01030,2026-09-16,504.7,475.5,488.15,328298
equity,INE665J01013,2026-09-08,834.4,823.5,824.65,67280
equity,INE665J01013,2026-09-09,828,815.95,821.2,101696
equity,INE665J01013,2026-09-10,825,800.1,817.8,60366
equity,INE665J01013,2026-09-11,820.8,803.85,808.95,67763
equity,INE665J01013,2026-09-15,809.65,774.55,789.85,122376
equity,INE665J01013,2026-09-16,792.85,761,786.4,51736
equity,INE917M01012,2026-09-08,394.95,390.15,393.55,49330
equity,INE917M01012,2026-09-09,399.7,391,393,82862
equity,INE917M01012,2026-09-10,439.7,403.55,407.75,6474417
equity,INE917M01012,2026-09-11,407.45,398.5,403.35,161004
equity,INE917M01012,2026-09-15,409,395.6,399.6,222795
equity,INE917M01012,2026-09-16,415,390.4,406.2,309785
equity,INE0UH301010,2026-09-07,534.05,513,519.55,289190
equity,INE0UH301010,2026-09-08,539.75,518.55,525.9,328386
equity,INE0UH301010,2026-09-09,551,521.1,534.6,1142132
equity,INE0UH301010,2026-09-10,572,534.6,563.35,1296012
equity,INE0UH301010,2026-09-11,558,537.55,549.75,582475
equity,INE0UH301010,2026-09-15,565.95,535.5,540.3,457673
equity,INE0UH301010,2026-09-16,549.8,527.05,539.5,284946
equity,INE026A01025,2026-09-07,158.6353,156.4941,156.9689,947889
equity,INE026A01025,2026-09-08,157.2692,155.4187,155.7966,877506
equity,INE026A01025,2026-09-09,156.7073,154.4984,155.0409,1931299
equity,INE026A01025,2026-09-10,156.8526,154.1399,155.38,1757556
equity,INE026A01025,2026-09-11,156.8,152.85,155.95,1425671
equity,INE026A01025,2026-09-14,155.95,155.95,155.95,
equity,INE026A01025,2026-09-15,156.5,150.85,151.55,1068484
equity,INE026A01025,2026-09-16,152.24,147.15,149.16,1061775
equity,INE232I01014,2026-09-07,208.65,199.59,205.87,1498275
equity,INE232I01014,2026-09-08,206.96,201.25,203.27,627055
equity,INE232I01014,2026-09-09,204,200.07,200.58,519851
equity,INE232I01014,2026-09-10,204.6,196.25,196.91,700852
equity,INE232I01014,2026-09-11,197.55,192.56,196.01,475527
equity,INE232I01014,2026-09-14,196.01,196.01,196.01,
equity,INE232I01014,2026-09-15,198.09,186.99,188,627126
equity,INE232I01014,2026-09-16,190.81,182,185.59,673244
equity,INE647O01011,2026-09-07,55.11,51.99,53.21,10440736
equity,INE647O01011,2026-09-08,53.07,51.63,52.24,2646472
equity,INE647O01011,2026-09-09,52.22,51.23,51.33,2157046
equity,INE647O01011,2026-09-10,51.82,50.75,50.89,2526835
equity,INE647O01011,2026-09-11,50.65,49.4,50.44,4118000
equity,INE647O01011,2026-09-15,50.68,48.71,49.02,9099306
equity,INE647O01011,2026-09-16,50.45,48.91,49.74,8057431
equity,INE386D01027,2026-09-08,1131.3,1066.2,1105.2,354867
equity,INE386D01027,2026-09-09,1163.5,1108.6,1136.5,383467
equity,INE386D01027,2026-09-10,1148.2,1100.4,1112,138832
equity,INE386D01027,2026-09-11,1108,1072.6,1087,165852
equity,INE386D01027,2026-09-14,1087,1087,1087,
equity,INE386D01027,2026-09-15,1120,1000,1020.2,482862
equity,INE386D01027,2026-09-16,1070.9,957.1,1057,529488
equity,INE021O01019,2026-09-08,1087.9,1070,1081.7,27293
equity,INE021O01019,2026-09-09,1116.6,1081.8,1096.9,37872
equity,INE021O01019,2026-09-10,1099.8,1065,1090.1,14361
equity,INE021O01019,2026-09-11,1103.3,1068.1,1090.8,20513
equity,INE021O01019,2026-09-15,1094.5,1067.1,1080.3,23425
equity,INE021O01019,2026-09-16,1094.8,1059.9,1063.6,13702
equity,INE0J5801029,2026-09-08,518.6,503.05,505.45,357058
equity,INE0J5801029,2026-09-09,512.25,499.9,506.2,523561
equity,INE0J5801029,2026-09-10,535.15,505.4,518.3,993037
equity,INE0J5801029,2026-09-11,516.7,507,511.85,342560
equity,INE0J5801029,2026-09-14,511.85,511.85,511.85,
equity,INE0J5801029,2026-09-15,515,497,500.25,305700
equity,INE0J5801029,2026-09-16,501.95,485.1,497.05,485561
equity,INE786A01032,2026-09-08,508.9,498.05,498.75,188056
equity,INE786A01032,2026-09-09,500.9,495.2,499.2,56131
equity,INE786A01032,2026-09-10,507.7,497,505.9,89497
equity,INE786A01032,2026-09-11,509.75,496.1,505.9,74863
equity,INE786A01032,2026-09-15,516,500.25,504.9,138286
equity,INE786A01032,2026-09-16,509.45,500.2,507.65,56959
equity,INE091G01026,2026-09-08,70.54,67.5,67.86,645330
equity,INE091G01026,2026-09-09,69.75,67.82,68.7,760934
equity,INE091G01026,2026-09-10,68.87,67.25,67.53,491607
equity,INE091G01026,2026-09-11,67.41,64.33,65.07,934174
equity,INE091G01026,2026-09-14,65.07,65.07,65.07,
equity,INE091G01026,2026-09-15,65.89,62,62.25,672658
equity,INE091G01026,2026-09-16,64.81,61.01,64.05,814949
equity,INE027A01015,2026-09-08,115.74,113.25,113.73,863763
equity,INE027A01015,2026-09-09,113.19,112.26,112.64,668920
equity,INE027A01015,2026-09-10,117.59,112,112.57,1662821
equity,INE027A01015,2026-09-11,111.9,110.12,111.45,854075
equity,INE027A01015,2026-09-14,111.45,111.45,111.45,
equity,INE027A01015,2026-09-15,112.57,108.2,108.59,1070656
equity,INE027A01015,2026-09-16,109.85,107.27,108.77,1035360
equity,INE460C01014,2026-09-08,761.95,745.1,750.8,15289
equity,INE460C01014,2026-09-09,782,740,758.5,52614
equity,INE460C01014,2026-09-10,784.1,754.7,772.95,23060
equity,INE460C01014,2026-09-11,771.6,752.4,763.4,25527
equity,INE460C01014,2026-09-15,764,741.3,745.1,26112
equity,INE460C01014,2026-09-16,754.95,726.3,740.65,25380
equity,INE083A01026,2026-09-07,122.14,114.56,118.88,21606889
equity,INE083A01026,2026-09-08,122.55,116,117.16,18553011
equity,INE083A01026,2026-09-09,118.5,113.68,116.54,12527070
equity,INE083A01026,2026-09-10,119.95,114.32,115.28,9814569
equity,INE083A01026,2026-09-11,117.7,111.01,115.78,15303804
equity,INE083A01026,2026-09-14,115.78,115.78,115.78,
equity,INE083A01026,2026-09-15,116.68,104.8,106.22,18625874
equity,INE083A01026,2026-09-16,116,97.04,114.73,39395018
equity,INE128X01021,2026-09-08,512,483.65,484.7,688998
equity,INE128X01021,2026-09-09,486.65,477,481.25,289839
equity,INE128X01021,2026-09-10,485.2,478.15,480.55,159627
equity,INE128X01021,2026-09-11,481,461.6,470.45,306609
equity,INE128X01021,2026-09-15,478,453.05,455.25,295921
equity,INE128X01021,2026-09-16,468,446,461.45,236235
equity,INE04VU01023,2026-09-07,387.5,378.2,380.2,58586
equity,INE04VU01023,2026-09-08,394.15,377,383.35,142359
equity,INE04VU01023,2026-09-09,398.2,375.35,388.75,178377
equity,INE04VU01023,2026-09-10,394.5,381.1,385.9,85709
equity,INE04VU01023,2026-09-11,391.55,374.15,387.4,124133
equity,INE04VU01023,2026-09-15,391.95,357.25,360.2,155799
equity,INE04VU01023,2026-09-16,364,345,361.2,106890
equity,INE0AG901020,2026-09-07,372.7078,354.6816,369.8116,814931
equity,INE0AG901020,2026-09-08,381.1966,370.8602,374.3556,891724
equity,INE0AG901020,2026-09-09,379.4988,368.5133,375.9035,243135
equity,INE0AG901020,2026-09-10,388.7366,369.0626,378.6,1175462
equity,INE0AG901020,2026-09-11,383,369.2,380.4,266487
equity,INE0AG901020,2026-09-15,383.4,370,382.25,317006
equity,INE0AG901020,2026-09-16,393.8,372,386.8,393656
equity,INE947A01014,2026-09-07,344.4499,336.0742,337.4203,120395
equity,INE947A01014,2026-09-08,341.9072,335.5258,337.3206,94593
equity,INE947A01014,2026-09-09,339.0156,328.3965,330.3907,129992
equity,INE947A01014,2026-09-10,345.9954,329.0446,344.4,295191
equity,INE947A01014,2026-09-11,344.85,334,337.2,122690
equity,INE947A01014,2026-09-15,339.5,328.5,331.55,103768
equity,INE947A01014,2026-09-16,347.75,325,339,213617
equity,INE0NAZ01010,2026-09-07,548.85,534.1,538.95,35123
equity,INE0NAZ01010,2026-09-08,555,531.1,552.65,156782
equity,INE0NAZ01010,2026-09-09,558,541.1,547.95,63358
equity,INE0NAZ01010,2026-09-10,550.7,531.7,535.55,112126
equity,INE0NAZ01010,2026-09-11,534.7,521.1,530.75,36274
equity,INE0NAZ01010,2026-09-14,530.75,530.75,530.75,
equity,INE0NAZ01010,2026-09-15,540.35,517.5,518.7,39490
equity,INE0NAZ01010,2026-09-16,525,503.3,520.2,69624
equity,INE544R01021,2026-09-08,238,234.74,235.53,41593
equity,INE544R01021,2026-09-09,237.94,234.7,236.25,19363
equity,INE544R01021,2026-09-10,238.9,235.7,236.39,15103
equity,INE544R01021,2026-09-11,237.78,231.11,234.63,81141
equity,INE544R01021,2026-09-15,236.94,225,226.57,75209
equity,INE544R01021,2026-09-16,232.08,221.67,230.86,29337
equity,INE074A01025,2026-09-08,340,334,338.85,279523
equity,INE074A01025,2026-09-09,338,324.85,326.7,676653
equity,INE074A01025,2026-09-10,334,323.6,326.85,459946
equity,INE074A01025,2026-09-11,324.5,318.3,322.15,479380
equity,INE074A01025,2026-09-14,322.15,322.15,322.15,
equity,INE074A01025,2026-09-15,322.8,316.25,318,504700
equity,INE074A01025,2026-09-16,318,310,314,414748
equity,INE0QJW01029,2026-09-07,587.95,561.95,565.5,364696
equity,INE0QJW01029,2026-09-08,571.5,546,555.8,429052
equity,INE0QJW01029,2026-09-09,562.9,539,544.7,383959
equity,INE0QJW01029,2026-09-10,567.3,539.1,561.25,451525
equity,INE0QJW01029,2026-09-11,561.25,545.4,553.05,237836
equity,INE0QJW01029,2026-09-14,553.05,553.05,553.05,
equity,INE0QJW01029,2026-09-15,551.7,532.15,535.5,297525
equity,INE0QJW01029,2026-09-16,535.9,504.4,523.8,495648
equity,INE078V01014,2026-09-07,168.85,165.25,165.81,2014976
equity,INE078V01014,2026-09-08,169.8,165.1,169.28,1795539
equity,INE078V01014,2026-09-09,169.43,166.1,166.59,1713809
equity,INE078V01014,2026-09-10,168.3,165.1,165.61,960872
equity,INE078V01014,2026-09-11,167.84,165.15,166.86,1840186
equity,INE078V01014,2026-09-14,166.86,166.86,166.86,
equity,INE078V01014,2026-09-15,168.62,162.84,163.46,2131509
equity,INE078V01014,2026-09-16,166.63,161,163.88,2212883
equity,INE285J01028,2026-09-08,435.9,426.5,427.75,478616
equity,INE285J01028,2026-09-09,433.8,425.25,426.55,365193
equity,INE285J01028,2026-09-10,429.6,421.4,422.95,439487
equity,INE285J01028,2026-09-11,427,415.2,419.3,453528
equity,INE285J01028,2026-09-15,425.65,412.25,414.9,450780
equity,INE285J01028,2026-09-16,426.85,410.65,415.9,461513
equity,INE256C01024,2026-09-08,278.2,269.85,272.75,341771
equity,INE256C01024,2026-09-09,274.7,265,268.8,445094
equity,INE256C01024,2026-09-10,273,263,263.95,411213
equity,INE256C01024,2026-09-11,264,254,255.4,744952
equity,INE256C01024,2026-09-15,257.8,243.7,246.45,661461
equity,INE256C01024,2026-09-16,248.9,235.7,239.45,1811638
equity,INE546C01010,2026-09-07,634.8,611,617.95,363733
equity,INE546C01010,2026-09-08,623.85,605.1,608.3,114816
equity,INE546C01010,2026-09-09,612.65,595.6,599.8,223548
equity,INE546C01010,2026-09-10,611.4,598,600.5,127719
equity,INE546C01010,2026-09-11,610.2,592.1,602.15,150037
equity,INE546C01010,2026-09-15,605.4,582.3,585.65,118995
equity,INE546C01010,2026-09-16,597.35,572,593.05,178214
equity,INE542W01025,2026-09-08,304.45,290.55,292.05,1209981
equity,INE542W01025,2026-09-09,300.35,291,291.55,808169
equity,INE542W01025,2026-09-10,294.4,286.5,287.5,834609
equity,INE542W01025,2026-09-11,285,281,281.7,847067
equity,INE542W01025,2026-09-14,281.7,281.7,281.7,
equity,INE542W01025,2026-09-15,286.95,275.8,277.15,686169
equity,INE542W01025,2026-09-16,280.4,271.9,276.35,657216
equity,INE007N01010,2026-09-07,169,161.07,165.45,2135760
equity,INE007N01010,2026-09-08,167.89,161.51,162.3,676777
equity,INE007N01010,2026-09-09,163.42,156.6,156.94,903186
equity,INE007N01010,2026-09-10,160.38,156.82,158.88,454377
equity,INE007N01010,2026-09-11,159.49,155.78,158.53,777351
equity,INE007N01010,2026-09-15,160.04,152.82,153.51,598566
equity,INE007N01010,2026-09-16,155.62,148.41,150.76,854906
equity,INE549A01026,2026-09-07,23.67,22.75,23.54,31279184
equity,INE549A01026,2026-09-08,24.1,23.06,23.86,35951505
equity,INE549A01026,2026-09-09,23.95,23.22,23.43,25015712
equity,INE549A01026,2026-09-10,23.63,22.63,22.81,19958126
equity,INE549A01026,2026-09-11,22.89,21.94,22.73,23241864
equity,INE549A01026,2026-09-14,22.73,22.73,22.73,
equity,INE549A01026,2026-09-15,22.95,21.25,21.32,20566631
equity,INE549A01026,2026-09-16,21.44,20.64,21.04,21825545
equity,INE570A01022,2026-09-07,454,409,439.1,4902160
equity,INE570A01022,2026-09-08,437.9,420.85,431.75,513930
equity,INE570A01022,2026-09-09,444,429,437.45,786019
equity,INE570A01022,2026-09-10,448.65,433.55,435.45,480368
equity,INE570A01022,2026-09-11,461,426.65,445.7,1336559
equity,INE570A01022,2026-09-14,445.7,445.7,445.7,
equity,INE570A01022,2026-09-15,457.2,430,432,401926
equity,INE570A01022,2026-09-16,432,414.8,426.25,344615
equity,INE045J01034,2026-09-07,56.66,52.19,56.66,42019821
equity,INE045J01034,2026-09-08,59.5,56.7,58.44,51043359
equity,INE045J01034,2026-09-09,62.4,57.66,58.43,71051557
equity,INE045J01034,2026-09-10,61.73,58.05,58.71,30215858
equity,INE045J01034,2026-09-11,59.14,56.53,57.72,23377217
equity,INE045J01034,2026-09-14,57.72,57.72,57.72,
equity,INE045J01034,2026-09-15,58.39,52.25,53.88,29470137
equity,INE045J01034,2026-09-16,54.13,49.34,53.07,29437873
equity,INE0ISX01025,2026-09-07,576.55,568.95,571.9,131443
equity,INE0ISX01025,2026-09-08,573.95,561,565.8,131944
equity,INE0ISX01025,2026-09-09,573.95,562.25,564.15,142624
equity,INE0ISX01025,2026-09-10,578.4,561.05,566,120072
equity,INE0ISX01025,2026-09-11,574.5,556.6,568.1,170440
equity,INE0ISX01025,2026-09-15,569.9,549.3,552.35,213151
equity,INE0ISX01025,2026-09-16,557,533,549.2,146334
equity,INE126M01010,2026-09-07,26.34,25,25.7,8153717
equity,INE126M01010,2026-09-08,26.39,25.23,25.95,15254328
equity,INE126M01010,2026-09-09,26.85,24.92,25.05,41720731
equity,INE126M01010,2026-09-10,25.46,24.29,24.9,37845470
equity,INE126M01010,2026-09-11,26.14,24.31,26.14,32865374
equity,INE126M01010,2026-09-15,27.44,27.44,27.44,2593006
equity,INE126M01010,2026-09-16,28.81,27.9,28.79,61046774
equity,INE01JE01028,2026-09-08,431.9828,413.4963,416.1444,520027
equity,INE01JE01028,2026-09-09,431.3832,416.4941,420.741,483131
equity,INE01JE01028,2026-09-10,427.3362,402.7043,408.55,475404
equity,INE01JE01028,2026-09-11,425.65,390,419.15,774758
equity,INE01JE01028,2026-09-14,419.15,419.15,419.15,
equity,INE01JE01028,2026-09-15,426.55,373.3,376.75,1230221
equity,INE01JE01028,2026-09-16,383,352.65,373.3,1225204
equity,INE955V01021,2026-09-08,443.05,430,440.35,107507
equity,INE955V01021,2026-09-09,449,437.3,446.05,133171
equity,INE955V01021,2026-09-10,455,443.45,453.4,291313
equity,INE955V01021,2026-09-11,453.95,441.7,446.5,629613
equity,INE955V01021,2026-09-15,448.05,426.55,428.5,218586
equity,INE955V01021,2026-09-16,429.5,414.95,416.35,249834
equity,INE993A01026,2026-09-08,844.4,809.5,821.7,728342
equity,INE993A01026,2026-09-09,826,784.15,792.55,469853
equity,INE993A01026,2026-09-10,944,772.65,876.45,8839846
equity,INE993A01026,2026-09-11,904,819.1,866.1,4525404
equity,INE993A01026,2026-09-14,866.1,866.1,866.1,
equity,INE993A01026,2026-09-15,866.65,802.6,808.2,1027095
equity,INE993A01026,2026-09-16,808.55,745,790.3,2075241
equity,INE599M01018,2026-09-08,705,685.5,694.25,162622
equity,INE599M01018,2026-09-09,688.85,672.2,678.45,149701
equity,INE599M01018,2026-09-10,684.45,658.05,668.75,225131
equity,INE599M01018,2026-09-11,669.9,656.3,665.55,97065
equity,INE599M01018,2026-09-15,669.95,646.85,661.85,149638
equity,INE599M01018,2026-09-16,679,648,673.7,106507
equity,INE602W01027,2026-09-08,369.5,359.05,361.85,591895
equity,INE602W01027,2026-09-09,363.7,354.45,355.8,534010
equity,INE602W01027,2026-09-10,358.45,348.4,349.9,392329
equity,INE602W01027,2026-09-11,349.9,340.25,346.4,676349
equity,INE602W01027,2026-09-15,351,335.15,336.4,504318
equity,INE602W01027,2026-09-16,337.95,325.65,332.25,473686
equity,INE485C01029,2026-09-07,217.5,202.5,213.04,10023570
equity,INE485C01029,2026-09-08,219.04,208.4,210.98,4116432
equity,INE485C01029,2026-09-09,216.4,206.55,209.29,4527415
equity,INE485C01029,2026-09-10,215.5,208.07,211.43,3234389
equity,INE485C01029,2026-09-11,210.95,192,194.31,5129124
equity,INE485C01029,2026-09-14,194.31,194.31,194.31,
equity,INE485C01029,2026-09-15,197.9,176.3,179.52,5315214
equity,INE485C01029,2026-09-16,197.9,173.55,194.57,8623017
equity,INE136S01016,2026-09-08,2250,2175.7,2213,88409
equity,INE136S01016,2026-09-09,2336.3999,2216,2255.2,234288
equity,INE136S01016,2026-09-10,2400,2231,2388.8999,410092
equity,INE136S01016,2026-09-11,2411,2274.3999,2373,409164
equity,INE136S01016,2026-09-15,2399.8,2234.3,2310.3,264415
equity,INE136S01016,2026-09-16,2347.8,2202.8999,2302.3999,239255
equity,INE908D01010,2026-09-07,475,465,466.95,332018
equity,INE908D01010,2026-09-08,477.45,466.95,473,379871
equity,INE908D01010,2026-09-09,477.4,466.05,467.8,389496
equity,INE908D01010,2026-09-10,524.45,493.05,503.2,13943643
equity,INE908D01010,2026-09-11,503,484.55,493.8,1008120
equity,INE908D01010,2026-09-15,493.75,473.15,474.2,609362
equity,INE908D01010,2026-09-16,474.2,455,463.9,711791
equity,INE858B01029,2026-09-08,787,767,782.4,32844
equity,INE858B01029,2026-09-09,790,774.55,784.55,16428
equity,INE858B01029,2026-09-10,830,783,810.15,160580
equity,INE858B01029,2026-09-11,821,792,795.95,47204
equity,INE858B01029,2026-09-15,801.8,770,773.85,33880
equity,INE858B01029,2026-09-16,773,749.5,759.05,36856
equity,INE887G01027,2026-09-08,783.6,768.4,781.3,106564
equity,INE887G01027,2026-09-09,797.5,770.1,785.45,287821
equity,INE887G01027,2026-09-10,792.15,770.5,774.2,208650
equity,INE887G01027,2026-09-11,791.7,757.45,785.5,298288
equity,INE887G01027,2026-09-14,785.5,785.5,785.5,
equity,INE887G01027,2026-09-15,785.3,738.55,743.3,222959
equity,INE887G01027,2026-09-16,743.15,705.95,725.35,273049
equity,INE162B01018,2026-09-08,6199,6080.5,6133,8457
equity,INE162B01018,2026-09-09,6280,6120,6214,10564
equity,INE162B01018,2026-09-10,6230,5766,5861,76489
equity,INE162B01018,2026-09-11,5942,5750,5879.5,12470
equity,INE162B01018,2026-09-15,5943,5710.5,5766.5,12304
equity,INE162B01018,2026-09-16,5800,5560,5760.5,11706
equity,INE247D01039,2026-09-07,61.99,52.02,58.52,95411627
equity,INE247D01039,2026-09-08,59.9,54.21,55.53,62255444
equity,INE247D01039,2026-09-09,57.2,53.61,55.44,40892474
equity,INE247D01039,2026-09-10,57.49,55,55.64,21274518
equity,INE247D01039,2026-09-11,55.5,52.01,52.88,14626067
equity,INE247D01039,2026-09-14,52.88,52.88,52.88,
equity,INE247D01039,2026-09-15,54.09,47.6,49.44,10265488
equity,INE247D01039,2026-09-16,50.63,47.9,49.16,6157186
equity,INE454P01035,2026-09-07,434.8155,416.0057,417.5483,639224
equity,INE454P01035,2026-09-08,421.5292,414.065,417.0009,433538
equity,INE454P01035,2026-09-09,431.2327,417.9962,422.0269,461612
equity,INE454P01035,2026-09-10,422.8728,415.5579,417.2,357838
equity,INE454P01035,2026-09-11,418.95,407,410.35,547873
equity,INE454P01035,2026-09-14,410.35,410.35,410.35,
equity,INE454P01035,2026-09-15,418.5,402,404.9,368086
equity,INE454P01035,2026-09-16,417,400.65,406.85,495760
equity,INE395N01027,2026-09-08,128.68,126.75,127.23,365615
equity,INE395N01027,2026-09-09,127.38,124.26,124.65,635388
equity,INE395N01027,2026-09-10,130.39,123,128.73,952295
equity,INE395N01027,2026-09-11,135.25,127,130.49,2918654
equity,INE395N01027,2026-09-15,131.38,126,127.16,528148
equity,INE395N01027,2026-09-16,127.66,124.11,126.28,544009
equity,INE239C01020,2026-09-08,3400,3328.1001,3349.8999,21577
equity,INE239C01020,2026-09-09,3430,3321,3382.3,26241
equity,INE239C01020,2026-09-10,3383.2,3300,3310.6001,14083
equity,INE239C01020,2026-09-11,3355.1001,3250.8,3329.8999,19311
equity,INE239C01020,2026-09-15,3359.7,3252.1001,3281.2,31650
equity,INE239C01020,2026-09-16,3299.8999,3169.8,3188.1001,33962
equity,INE227J01012,2026-09-07,277.65,273.1,275.9,10479
equity,INE227J01012,2026-09-08,275.35,271,272.15,25325
equity,INE227J01012,2026-09-09,273.2,263.25,266.35,47149
equity,INE227J01012,2026-09-10,269.8,266,267.4,19849
equity,INE227J01012,2026-09-11,267.9,263.1,266.25,41966
equity,INE227J01012,2026-09-15,268.95,253,255.45,80848
equity,INE227J01012,2026-09-16,260,250,256.3,27592
equity,INE191A01027,2026-09-08,968.5,937.35,965.8,26453
equity,INE191A01027,2026-09-09,1035.1,969.6,1024.85,161851
equity,INE191A01027,2026-09-10,1029.95,1000.2,1016.1,43310
equity,INE191A01027,2026-09-11,1010,973.55,1003.05,68916
equity,INE191A01027,2026-09-14,1003.05,1003.05,1003.05,
equity,INE191A01027,2026-09-15,1060,972.85,988.2,135724
equity,INE191A01027,2026-09-16,992.75,950.2,957.5,54987
equity,INE679A01013,2026-09-08,323,311.15,312.85,635441
equity,INE679A01013,2026-09-09,315.9,306.2,311.1,1000771
equity,INE679A01013,2026-09-10,315.7,306.55,307.6,353998
equity,INE679A01013,2026-09-11,307.75,304,305.7,303520
equity,INE679A01013,2026-09-14,305.7,305.7,305.7,
equity,INE679A01013,2026-09-15,307.15,295,296.35,496189
equity,INE679A01013,2026-09-16,337,297.8,328.75,8547664
equity,INE506W01020,2026-09-08,185.5,181.7,183.03,596621
equity,INE506W01020,2026-09-09,184.5,174.28,181.93,1650580
equity,INE506W01020,2026-09-10,184.99,179.8,183.5,617085
equity,INE506W01020,2026-09-11,183.67,178.72,179.66,331496
equity,INE506W01020,2026-09-14,179.66,179.66,179.66,
equity,INE506W01020,2026-09-15,183,173.29,177.2,700166
equity,INE506W01020,2026-09-16,185.8,171.21,183.67,1194721
equity,INE802C01033,2026-09-08,376.9,360.65,373.1,822533
equity,INE802C01033,2026-09-09,379.05,369.15,371.45,676147
equity,INE802C01033,2026-09-10,375,363.15,373.6,696576
equity,INE802C01033,2026-09-11,384.15,364.55,370.65,1219997
equity,INE802C01033,2026-09-14,370.65,370.65,370.65,
equity,INE802C01033,2026-09-15,370,336,339,1724329
equity,INE802C01033,2026-09-16,354,326,350.05,1772556
equity,INE09VQ01012,2026-09-08,1176.2,1131,1140.3,52024
equity,INE09VQ01012,2026-09-09,1136.9,1105,1111.2,55897
equity,INE09VQ01012,2026-09-10,1118.6,1073,1077.8,74559
equity,INE09VQ01012,2026-09-11,1094,1059.3,1089.3,55830
equity,INE09VQ01012,2026-09-15,1090.9,1047.2,1061.9,62095
equity,INE09VQ01012,2026-09-16,1106,1049.7,1081.6,80468
equity,INE953L01027,2026-09-07,540.05,528.5,538.5,358223
equity,INE953L01027,2026-09-08,547.45,536.65,539.8,181108
equity,INE953L01027,2026-09-09,542.25,528.7,533.95,268255
equity,INE953L01027,2026-09-10,534.4,508.6,514.75,348693
equity,INE953L01027,2026-09-11,520.65,484.85,516.85,1255413
equity,INE953L01027,2026-09-15,527.7,486.95,488.65,344324
equity,INE953L01027,2026-09-16,512.5,477.4,506.6,604934
equity,INE010A01011,2026-09-07,112.96,111,112.21,279614
equity,INE010A01011,2026-09-08,113.99,111.35,112.27,316056
equity,INE010A01011,2026-09-09,113.35,111.61,112.45,308878
equity,INE010A01011,2026-09-10,117.59,112.03,115.22,1164917
equity,INE010A01011,2026-09-11,114.25,112.5,113.35,298782
equity,INE010A01011,2026-09-15,113.69,111.56,112.14,251455
equity,INE010A01011,2026-09-16,115.8,111.05,114.54,529918
equity,INE910A01012,2026-09-08,635.8,617.3,619,6727
equity,INE910A01012,2026-09-09,624.65,618.05,619.05,2775
equity,INE910A01012,2026-09-10,623,618.4,620.9,103
equity,INE910A01012,2026-09-11,615.5,608,608.4,868
equity,INE910A01012,2026-09-15,617.95,600.95,601,1117
equity,INE258B01022,2026-09-08,347.5,341.95,345.95,62726
equity,INE258B01022,2026-09-09,356.75,342.4,354.3,219983
equity,INE258B01022,2026-09-10,356.75,344.55,345.35,115269
equity,INE258B01022,2026-09-11,344.8,339,341.45,136483
equity,INE258B01022,2026-09-14,341.45,341.45,341.45,
equity,INE258B01022,2026-09-15,354.85,339.75,349.7,470213
equity,INE258B01022,2026-09-16,358.8,340.05,350.2,238346
equity,INE879I01012,2026-09-07,103.25,100.12,100.88,833894
equity,INE879I01012,2026-09-08,103.35,100.88,101.19,799147
equity,INE879I01012,2026-09-09,102.45,99.01,99.26,1060583
equity,INE879I01012,2026-09-10,102.36,99.4,100.19,1079190
equity,INE879I01012,2026-09-11,99.5,97,97.79,888816
equity,INE879I01012,2026-09-14,97.79,97.79,97.79,
equity,INE879I01012,2026-09-15,100.5,95.7,96.96,1376663
equity,INE879I01012,2026-09-16,98.28,93.9,95.2,1376448
equity,INE320B01020,2026-09-07,4420,3778.2,4376.8999,827315
equity,INE320B01020,2026-09-08,4400,4250,4287.3999,92553
equity,INE320B01020,2026-09-09,4450,4211,4250.5,114623
equity,INE320B01020,2026-09-10,4309,4192.1001,4210.3999,21690
equity,INE320B01020,2026-09-11,4258,4082.5,4192,27427
equity,INE320B01020,2026-09-15,4298.8999,3972.8,4010.6001,42588
equity,INE320B01020,2026-09-16,4313.3999,3900.2,4276.1001,90057
equity,INE0I7C01011,2026-09-08,262.05,256.95,258.05,358940
equity,INE0I7C01011,2026-09-09,263.35,254.5,260.15,484772
equity,INE0I7C01011,2026-09-10,262,255,255.8,288214
equity,INE0I7C01011,2026-09-11,255.8,251.55,252.45,335107
equity,INE0I7C01011,2026-09-14,252.45,252.45,252.45,
equity,INE0I7C01011,2026-09-15,264.8,251.7,252.9,1164017
equity,INE0I7C01011,2026-09-16,262.5,251.05,252.15,2075787
equity,INE353K01014,2026-09-08,648.2202,632.3881,635.4749,30593
equity,INE353K01014,2026-09-09,633.6825,624.4222,626.9614,40153
equity,INE353K01014,2026-09-10,733.4546,626.3141,661.7621,8077461
equity,INE353K01014,2026-09-11,726.8828,671.819,687.9,3431057
equity,INE353K01014,2026-09-14,687.9,687.9,687.9,
equity,INE353K01014,2026-09-15,689.85,645.4,653.45,186964
equity,INE353K01014,2026-09-16,669,633.45,656.75,97137
equity,INE694D01016,2026-09-08,7575,7375.5,7534.5,15038
equity,INE694D01016,2026-09-09,7594.5,7422.5,7462,8592
equity,INE694D01016,2026-09-10,7521,7161,7256.5,18654
equity,INE694D01016,2026-09-11,7217,6887.5,6960.5,52588
equity,INE694D01016,2026-09-15,7119.5,6745,7035.5,32305
equity,INE694D01016,2026-09-16,7189.5,7000,7156,13264
equity,INE759A01021,2026-09-07,1770,1681.6,1691.7,94731
equity,INE759A01021,2026-09-08,1703.9,1647.9,1654.2,82667
equity,INE759A01021,2026-09-09,1654,1605,1623.5,133390
equity,INE759A01021,2026-09-10,1635,1603.1,1610,76128
equity,INE759A01021,2026-09-11,1643.9,1593.8,1626.3,115370
equity,INE759A01021,2026-09-14,1626.3,1626.3,1626.3,
equity,INE759A01021,2026-09-15,1743,1642.1,1652.1,341353
equity,INE759A01021,2026-09-16,1664.8,1622,1633.1,87363
equity,INE737H01014,2026-09-08,2074,2035,2038.2,36919
equity,INE737H01014,2026-09-09,2048.6001,2009.4,2021.6,52069
equity,INE737H01014,2026-09-10,2022.9,1980,1986.8,61931
equity,INE737H01014,2026-09-11,2029,1947.9,2009.5,52734
equity,INE737H01014,2026-09-14,2009.5,2009.5,2009.5,
equity,INE737H01014,2026-09-15,2020,1931,1938.1,61058
equity,INE737H01014,2026-09-16,1965,1913.7,1927.9,64556
equity,INE483S01020,2026-09-08,16.1,15.29,15.36,10150351
equity,INE483S01020,2026-09-09,15.6,15.2,15.41,7132901
equity,INE483S01020,2026-09-10,15.63,15.33,15.36,8320009
equity,INE483S01020,2026-09-11,16.4,15,16.29,42406012
equity,INE483S01020,2026-09-15,16.47,15.55,15.69,16515500
equity,INE483S01020,2026-09-16,15.95,15.25,15.32,10592960
equity,INE12F801023,2026-09-07,326,306.55,320.95,2052956
equity,INE12F801023,2026-09-08,334.5,313.95,331,2316438
equity,INE12F801023,2026-09-09,333.5,321.5,322.85,1050580
equity,INE12F801023,2026-09-10,337.9,321.05,333.9,1514881
equity,INE12F801023,2026-09-11,336.2,324.5,328.7,1596936
equity,INE12F801023,2026-09-14,328.7,328.7,328.7,
equity,INE12F801023,2026-09-15,350.5,332,339.55,4238984
equity,INE12F801023,2026-09-16,349.25,329,342.65,1873189
equity,INE323I01011,2026-09-08,223.02,214.8,216.39,301966
equity,INE323I01011,2026-09-09,217,213.02,216.25,167897
equity,INE323I01011,2026-09-10,218.34,212,214.16,148029
equity,INE323I01011,2026-09-11,214.02,209.64,212.06,179867
equity,INE323I01011,2026-09-15,214.33,203.39,205.56,188428
equity,INE323I01011,2026-09-16,215.5,200.25,210.23,368141
equity,INE0J1F01024,2026-09-07,869.8,824.8,853.4,412998
equity,INE0J1F01024,2026-09-08,864.8,791.45,817.95,737587
equity,INE0J1F01024,2026-09-09,820.4,784.75,794.6,390735
equity,INE0J1F01024,2026-09-10,814.8,765,806.45,423199
equity,INE0J1F01024,2026-09-11,830.75,780,819.65,286250
equity,INE0J1F01024,2026-09-14,819.65,819.65,819.65,
equity,INE0J1F01024,2026-09-15,815,788.3,797.35,377031
equity,INE0J1F01024,2026-09-16,814.35,768.2,794.45,308025
equity,INE279A01012,2026-09-07,1586.2,1477,1487.6,287909
equity,INE279A01012,2026-09-08,1556.8,1480.4,1524.7,181704
equity,INE279A01012,2026-09-09,1564,1528.5,1543.6,91480
equity,INE279A01012,2026-09-10,1577.2,1522.8,1556.9,65126
equity,INE279A01012,2026-09-11,1540.1,1485,1492.5,129409
equity,INE279A01012,2026-09-15,1501.6,1387,1417.3,235116
equity,INE279A01012,2026-09-16,1450,1338.4,1405.2,131254
equity,INE337A01034,2026-09-08,1749.9,1698.4,1736.7,28138
equity,INE337A01034,2026-09-09,1749,1714.1,1729.7,22866
equity,INE337A01034,2026-09-10,1735.9,1711,1715.4,9004
equity,INE337A01034,2026-09-11,1729.1,1697.1,1711,21366
equity,INE337A01034,2026-09-15,1720,1697.2,1703.2,21277
equity,INE337A01034,2026-09-16,1716,1671.1,1706.7,38926
equity,INE13B501022,2026-09-07,426.65,418.05,421,33301
equity,INE13B501022,2026-09-08,421.95,412.2,415.95,60306
equity,INE13B501022,2026-09-09,419.9,410.05,416,25784
equity,INE13B501022,2026-09-10,422,400,402.05,65004
equity,INE13B501022,2026-09-11,402.2,389.15,395.95,73637
equity,INE13B501022,2026-09-15,399,384.7,389.55,105059
equity,INE13B501022,2026-09-16,428.5,404,413.25,1244093
equity,INE419U01012,2026-09-07,354.05,343.05,343.5,1292099
equity,INE419U01012,2026-09-08,349.35,338.1,345.65,1486882
equity,INE419U01012,2026-09-09,343.1,337.1,339.5,789142
equity,INE419U01012,2026-09-10,340.9,331.2,332.4,807094
equity,INE419U01012,2026-09-11,338.15,328.8,332.35,930766
equity,INE419U01012,2026-09-14,332.35,332.35,332.35,
equity,INE419U01012,2026-09-15,343.7,324.1,325.6,1167686
equity,INE419U01012,2026-09-16,333.9,322.85,327.45,953115
equity,INE942C01045,2026-09-07,442,409.1,429.3,1088263
equity,INE942C01045,2026-09-08,470.05,431.85,453.25,1824251
equity,INE942C01045,2026-09-09,459.35,427,430.75,618616
equity,INE942C01045,2026-09-10,445,426.1,430.1,1458568
equity,INE942C01045,2026-09-11,430,413.6,422.65,390855
equity,INE942C01045,2026-09-15,438.45,417,430.45,668088
equity,INE942C01045,2026-09-16,427.95,401.95,412.6,393301
equity,INE348L01012,2026-09-08,297.1,289.3,290.15,252561
equity,INE348L01012,2026-09-09,290.15,282,288.9,375902
equity,INE348L01012,2026-09-10,295.9,287.3,294.45,137458
equity,INE348L01012,2026-09-11,298.4,288,295.95,267840
equity,INE348L01012,2026-09-15,298.95,290.55,294.9,140211
equity,INE348L01012,2026-09-16,296.95,286,288.05,143175
equity,INE0BV301023,2026-09-08,980.8,963.5,968.8,118765
equity,INE0BV301023,2026-09-09,970,951,955.2,82810
equity,INE0BV301023,2026-09-10,967,933.1,939.9,121948
equity,INE0BV301023,2026-09-11,943.4,921.4,925.8,154456
equity,INE0BV301023,2026-09-14,925.8,925.8,925.8,
equity,INE0BV301023,2026-09-15,944.6,885.1,887.8,177627
equity,INE0BV301023,2026-09-16,895.6,865.6,883.1,93593
equity,INE186A01019,2026-09-07,727.2,701.85,707.85,86704
equity,INE186A01019,2026-09-08,730,707.85,718.75,57495
equity,INE186A01019,2026-09-09,721.75,706.05,712.55,63316
equity,INE186A01019,2026-09-10,727,707.05,718.75,61375
equity,INE186A01019,2026-09-11,716.05,703.55,705,54425
equity,INE186A01019,2026-09-14,705,705,705,
equity,INE186A01019,2026-09-15,727.5,681.3,692.7,138916
equity,INE186A01019,2026-09-16,709.55,674,696.5,88775
equity,INE615P01015,2026-09-07,358,337.8,339.6,398988
equity,INE615P01015,2026-09-08,347.9,324,337.5,850090
equity,INE615P01015,2026-09-09,358,332.55,355,821596
equity,INE615P01015,2026-09-10,359.85,348,355.1,420571
equity,INE615P01015,2026-09-11,357,344.55,348,382962
equity,INE615P01015,2026-09-15,359,340.15,342.1,783201
equity,INE615P01015,2026-09-16,345,328.2,342.4,373895
equity,INE635Q01029,2026-09-07,1076.6,1048,1052.8,53249
equity,INE635Q01029,2026-09-08,1061,1047,1057.6,37689
equity,INE635Q01029,2026-09-09,1090.1,1049.6,1081.1,87698
equity,INE635Q01029,2026-09-10,1080,1064.3,1073,49771
equity,INE635Q01029,2026-09-11,1073,1010.3,1060.7,62866
equity,INE635Q01029,2026-09-15,1079,1051.1,1057.3,43293
equity,INE635Q01029,2026-09-16,1065.2,1032.8,1057.2,25186
equity,INE559A01017,2026-09-08,1314.9,1290,1296,30359
equity,INE559A01017,2026-09-09,1298.5,1255,1266.8,51137
equity,INE559A01017,2026-09-10,1294.7,1256.3,1283.2,23672
equity,INE559A01017,2026-09-11,1312.1,1251,1300.1,53221
equity,INE559A01017,2026-09-15,1310.7,1255,1272,43228
equity,INE559A01017,2026-09-16,1276,1235.5,1241.9,17327
equity,INE025R01021,2026-09-07,344.6,332.15,343.5,782569
equity,INE025R01021,2026-09-08,350,338.6,342.05,474334
equity,INE025R01021,2026-09-09,355.9,336.4,354.3,813189
equity,INE025R01021,2026-09-10,362,343,348.55,724459
equity,INE025R01021,2026-09-11,351.8,339.7,344.9,347172
equity,INE025R01021,2026-09-15,347.5,326.45,330.55,380378
equity,INE025R01021,2026-09-16,333.7,306.6,325.25,533825
equity,INE348A01023,2026-09-07,554.5,536.6,538.15,296446
equity,INE348A01023,2026-09-08,559.95,535.9,549.35,373033
equity,INE348A01023,2026-09-09,574.65,542.7,550.6,747609
equity,INE348A01023,2026-09-10,557.85,540,542.05,268976
equity,INE348A01023,2026-09-11,549,528.3,542.9,332067
equity,INE348A01023,2026-09-14,542.9,542.9,542.9,
equity,INE348A01023,2026-09-15,546.8,515.65,518.4,299127
equity,INE348A01023,2026-09-16,523.75,505.9,515.7,340194
equity,INE071N01016,2026-09-08,1215,1172.4,1189.8,30444
equity,INE071N01016,2026-09-09,1189.8,1160,1163.9,32831
equity,INE071N01016,2026-09-10,1175,1140,1149.8,35996
equity,INE071N01016,2026-09-11,1155.9,1117,1131.1,22425
equity,INE071N01016,2026-09-15,1136.6,1076.7,1092.2,49513
equity,INE071N01016,2026-09-16,1092.2,1054.1,1084,21627
equity,INE332A01027,2026-09-08,112.53,108.8,109.91,680651
equity,INE332A01027,2026-09-09,110,107.5,109.13,809014
equity,INE332A01027,2026-09-10,110.9,107.71,108.35,494762
equity,INE332A01027,2026-09-11,109.25,106.12,108.63,462603
equity,INE332A01027,2026-09-14,108.63,108.63,108.63,
equity,INE332A01027,2026-09-15,109.6,102.83,103.37,989497
equity,INE332A01027,2026-09-16,105,100.1,102.01,653935
equity,INE752H01013,2026-09-08,1742.8,1705,1721.1,27991
equity,INE752H01013,2026-09-09,1737,1705.1,1724.6,27226
equity,INE752H01013,2026-09-10,1748.3,1690,1693,29312
equity,INE752H01013,2026-09-11,1680.2,1645.3,1650.5,49841
equity,INE752H01013,2026-09-14,1650.5,1650.5,1650.5,
equity,INE752H01013,2026-09-15,1668.3,1626,1635.7,28190
equity,INE752H01013,2026-09-16,1659,1602.8,1652.5,28271
equity,INE207E01023,2026-09-07,564,521.95,527.2,336077
equity,INE207E01023,2026-09-08,536.9,509.1,531.25,272615
equity,INE207E01023,2026-09-09,538.5,525,527.35,184999
equity,INE207E01023,2026-09-10,547.45,527.9,536.75,205735
equity,INE207E01023,2026-09-11,538.8,524.1,532.4,107590
equity,INE207E01023,2026-09-15,555,513,515.85,217043
equity,INE207E01023,2026-09-16,528,500.1,525.8,107130
equity,INE306A01021,2026-09-07,23.14,22.15,22.77,47854998
equity,INE306A01021,2026-09-08,23.17,22.4,22.66,22885945
equity,INE306A01021,2026-09-09,22.67,21.16,21.35,26539319
equity,INE306A01021,2026-09-10,21.89,21.21,21.4,20871933
equity,INE306A01021,2026-09-11,21.46,20.8,20.94,24595964
equity,INE306A01021,2026-09-14,20.94,20.94,20.94,
equity,INE306A01021,2026-09-15,21.19,19.51,19.71,19892199
equity,INE306A01021,2026-09-16,19.95,19.27,19.81,16262206
equity,INE366I01010,2026-09-08,296.9,292.8,293.75,83373
equity,INE366I01010,2026-09-09,294.95,287.2,288.35,119096
equity,INE366I01010,2026-09-10,290.45,284.1,288.8,155343
equity,INE366I01010,2026-09-11,291.45,286,288.3,101854
equity,INE366I01010,2026-09-15,289,282.55,283.6,109956
equity,INE366I01010,2026-09-16,287.2,280.9,286.05,182706
equity,INE025B01025,2026-09-08,343.9,335.6,338.2,583593
equity,INE025B01025,2026-09-09,341.1,328.25,329.8,512298
equity,INE025B01025,2026-09-10,333.05,325.6,327.8,299837
equity,INE025B01025,2026-09-11,329.3,320.8,325,477957
equity,INE025B01025,2026-09-14,325,325,325,
equity,INE025B01025,2026-09-15,340.9,322,324.15,797777
equity,INE025B01025,2026-09-16,329.95,317,321.8,408491
equity,INE086A01029,2026-09-08,81.5,79.32,79.9,1318866
equity,INE086A01029,2026-09-09,80.53,77.95,78.24,1148373
equity,INE086A01029,2026-09-10,80.49,78.19,79.86,1266962
equity,INE086A01029,2026-09-11,79.79,76.5,77.62,1640745
equity,INE086A01029,2026-09-14,77.62,77.62,77.62,
equity,INE086A01029,2026-09-15,78.2,74.66,75.23,1365788
equity,INE086A01029,2026-09-16,75.94,73.16,74.33,1233178
equity,INE255X01014,2026-09-07,795,729,785.65,1016067
equity,INE255X01014,2026-09-08,805,754.35,778.55,557776
equity,INE255X01014,2026-09-09,787.05,757,764.1,218533
equity,INE255X01014,2026-09-10,766.25,733.05,737.55,326755
equity,INE255X01014,2026-09-11,758.95,717,738.55,311849
equity,INE255X01014,2026-09-15,746,700,701.2,387780
equity,INE255X01014,2026-09-16,710.85,671,703.55,248800
equity,INE541A01023,2026-09-08,1308.6,1235.7,1285.2,1155005
equity,INE541A01023,2026-09-09,1352,1297.7,1305.4,875591
equity,INE541A01023,2026-09-10,1325.8,1290.6,1319.2,385507
equity,INE541A01023,2026-09-11,1330,1295.6,1307.9,261557
equity,INE541A01023,2026-09-15,1384.8,1323.7,1348,1157001
equity,INE541A01023,2026-09-16,1355,1300.1,1335,586764
equity,INE490G01020,2026-09-08,253.3,247,251.49,793529
equity,INE490G01020,2026-09-09,254.2,250,251.95,587080
equity,INE490G01020,2026-09-10,256,249,250.18,780689
equity,INE490G01020,2026-09-11,248.6,244.36,244.93,820722
equity,INE490G01020,2026-09-14,244.93,244.93,244.93,
equity,INE490G01020,2026-09-15,247.4,237.26,238.54,756254
equity,INE490G01020,2026-09-16,239.6,234.06,237.36,724452
equity,INE350C01017,2026-09-08,569.4,552.4,556.35,75184
equity,INE350C01017,2026-09-09,556.7,540.05,541.95,80387
equity,INE350C01017,2026-09-10,569,545,557.65,286523
equity,INE350C01017,2026-09-11,570,540,566.25,169027
equity,INE350C01017,2026-09-14,566.25,566.25,566.25,
equity,INE350C01017,2026-09-15,622.1,567.85,604.95,1979704
equity,INE350C01017,2026-09-16,605,575,592.85,419438
equity,INE087H01022,2026-09-07,25.57,24.1,25.15,34693464
equity,INE087H01022,2026-09-08,25.73,24.97,25.19,20638935
equity,INE087H01022,2026-09-09,25.2,24.12,24.35,15123230
equity,INE087H01022,2026-09-10,25.34,24.35,24.82,18011981
equity,INE087H01022,2026-09-11,25.13,23.97,24.87,19203049
equity,INE087H01022,2026-09-14,24.87,24.87,24.87,
equity,INE087H01022,2026-09-15,25.05,23.05,23.49,11649203
equity,INE087H01022,2026-09-16,23.54,22.4,23.01,12294479
equity,INE035D01020,2026-09-07,850.1,698.7,705.75,2433195
equity,INE035D01020,2026-09-08,713.55,678,681.35,523435
equity,INE035D01020,2026-09-09,698.2,675.4,689.6,375794
equity,INE035D01020,2026-09-10,705.35,685,697.1,257147
equity,INE035D01020,2026-09-11,732.8,681.3,716.25,461088
equity,INE035D01020,2026-09-15,723,684,688.3,243431
equity,INE035D01020,2026-09-16,702.45,670,694.4,213789
equity,INE111Q01021,2026-09-08,351.6,344.25,346.2,91940
equity,INE111Q01021,2026-09-09,354.05,341.95,345.7,233662
equity,INE111Q01021,2026-09-10,352.2,343.05,348.2,160889
equity,INE111Q01021,2026-09-11,349.6,342.3,348.2,31707
equity,INE111Q01021,2026-09-15,349,331.1,334.25,70697
equity,INE111Q01021,2026-09-16,342,325.15,336.65,79653
equity,INE597I01028,2026-09-08,897.9,882,890.75,29480
equity,INE597I01028,2026-09-09,921.75,885.05,909.3,72950
equity,INE597I01028,2026-09-10,959,900.1,946.25,220362
equity,INE597I01028,2026-09-11,948.5,915.1,943.75,86523
equity,INE597I01028,2026-09-15,974.4,928,933.15,147923
equity,INE597I01028,2026-09-16,938.9,902.15,930.55,82323
equity,INE949H01023,2026-09-07,127.79,124,124.42,1448189
equity,INE949H01023,2026-09-08,131,123.15,127.75,4913934
equity,INE949H01023,2026-09-09,130.98,127.72,128.72,3598189
equity,INE949H01023,2026-09-10,129.65,127.42,128.66,1843204
equity,INE949H01023,2026-09-11,127.95,125.7,126.87,1968685
equity,INE949H01023,2026-09-15,127.48,122.89,124.83,1734690
equity,INE949H01023,2026-09-16,126.6,121.98,124.23,2441811
equity,INE0FHS01024,2026-09-08,823,771.4,818.7,946974
equity,INE0FHS01024,2026-09-09,825,781.4,792.7,624713
equity,INE0FHS01024,2026-09-10,804.9,780.1,782.8,243710
equity,INE0FHS01024,2026-09-11,795.5,760,774.4,513815
equity,INE0FHS01024,2026-09-14,774.4,774.4,774.4,
equity,INE0FHS01024,2026-09-15,778.4,724.55,730.4,492116
equity,INE0FHS01024,2026-09-16,743.9,688,735.15,707796
equity,INE0E7301029,2026-09-07,157.48,151.7,155.34,1054577
equity,INE0E7301029,2026-09-08,156.89,152,153.05,722263
equity,INE0E7301029,2026-09-09,154.54,149.51,152.64,614979
equity,INE0E7301029,2026-09-10,155.43,151.84,152.44,510817
equity,INE0E7301029,2026-09-11,158.2,150.45,155.13,732141
equity,INE0E7301029,2026-09-15,156,147.9,148.61,422271
equity,INE0E7301029,2026-09-16,149,143,145.61,424548
equity,INE218I01013,2026-09-07,253.95,248.15,249.25,153117
equity,INE218I01013,2026-09-08,247.2,238,242.25,1912939
equity,INE218I01013,2026-09-09,243.6,236.85,238.7,573528
equity,INE218I01013,2026-09-10,241,238,240.05,189075
equity,INE218I01013,2026-09-11,240,235.5,238.9,234612
equity,INE218I01013,2026-09-15,241,231.1,232.4,341060
equity,INE218I01013,2026-09-16,234.45,226.6,228.55,435013
equity,INE00WV01027,2026-09-07,230.38,220,221.03,755435
equity,INE00WV01027,2026-09-08,226.5,221,222.16,274736
equity,INE00WV01027,2026-09-09,223.7,216.04,217.29,376008
equity,INE00WV01027,2026-09-10,221.64,217.71,220.45,283687
equity,INE00WV01027,2026-09-11,219.9,215,216.58,312177
equity,INE00WV01027,2026-09-15,224.83,211.39,212.76,282768
equity,INE00WV01027,2026-09-16,215.36,209.32,211.91,350669
equity,INE616Z01012,2026-09-08,4135,3960,4079.8999,39513
equity,INE616Z01012,2026-09-09,4115.8999,3948.1001,3988.8999,30608
equity,INE616Z01012,2026-09-10,4049.5,3938.8999,3960,26451
equity,INE616Z01012,2026-09-11,4250,3773,4187.5,95474
equity,INE616Z01012,2026-09-15,4286.8999,3855,3883.3999,72056
equity,INE616Z01012,2026-09-16,4074.7,3790.6001,4008.5,43006
equity,INE841L01016,2026-09-07,688.8641,651.4258,675.9354,299886
equity,INE841L01016,2026-09-08,708.8311,662.5574,700.4449,328658
equity,INE841L01016,2026-09-09,708.1822,667.2497,673.6392,340451
equity,INE841L01016,2026-09-10,679.0802,644.2875,652.3742,300005
equity,INE841L01016,2026-09-11,651.875,631.7582,638.2974,184000
equity,INE841L01016,2026-09-15,642.9397,606.4,606.4,225832
equity,INE841L01016,2026-09-16,636.7,577.65,634.65,309277
equity,INE782A01015,2026-09-07,1891.3,1802.3,1849.1,64899
equity,INE782A01015,2026-09-08,1854,1786.5,1794,52669
equity,INE782A01015,2026-09-09,1838,1769.3,1780.3,31513
equity,INE782A01015,2026-09-10,1790.1,1681.8,1689.9,69787
equity,INE782A01015,2026-09-11,1728.5,1652.2,1704,48942
equity,INE782A01015,2026-09-14,1704,1704,1704,
equity,INE782A01015,2026-09-15,1722,1660,1667.4,25201
equity,INE782A01015,2026-09-16,1690,1631.6,1674.2,20673
equity,INE301A01014,2026-09-08,869,775,857.8,13357784
equity,INE301A01014,2026-09-09,834.5,773.5,808.45,5497465
equity,INE301A01014,2026-09-10,859.4,810.45,853.85,3307236
equity,INE301A01014,2026-09-11,1024.5,835.05,1002.8,16245056
equity,INE301A01014,2026-09-14,1002.8,1002.8,1002.8,
equity,INE301A01014,2026-09-15,1122,971.3,995.95,22726056
equity,INE301A01014,2026-09-16,1058,937.3,993.9,12662189
equity,INE0B9K01025,2026-09-07,321.65,315,317.4,51358
equity,INE0B9K01025,2026-09-08,321,312.45,314.9,77638
equity,INE0B9K01025,2026-09-09,318.65,302.2,304.35,257221
equity,INE0B9K01025,2026-09-10,312.8,305.4,311.4,59609
equity,INE0B9K01025,2026-09-11,311,305.1,309.35,36627
equity,INE0B9K01025,2026-09-14,309.35,309.35,309.35,
equity,INE0B9K01025,2026-09-15,311.9,298,303.7,82917
equity,INE0B9K01025,2026-09-16,308.95,292.55,307.15,96093
equity,INE519N01014,2026-09-08,3848,3723.2,3797.55,877
equity,INE519N01014,2026-09-09,3750.25,3690,3721.2,1346
equity,INE519N01014,2026-09-10,3750,3557.3999,3733.25,793
equity,INE519N01014,2026-09-11,3700,3546.6001,3589.1499,4507
equity,INE519N01014,2026-09-14,3589.1499,3589.1499,3589.1499,
equity,INE519N01014,2026-09-15,3698.8999,3530,3589.1499,2120
equity,INE850M01015,2026-09-07,311,299.05,306,1691631
equity,INE850M01015,2026-09-08,313.9,302.85,310.85,1487186
equity,INE850M01015,2026-09-09,312,303.55,308.35,1054140
equity,INE850M01015,2026-09-10,315.25,307.05,309.15,1349056
equity,INE850M01015,2026-09-11,307.65,302.4,305.1,699849
equity,INE850M01015,2026-09-14,305.1,305.1,305.1,
equity,INE850M01015,2026-09-15,308.2,292,294.2,1045895
equity,INE850M01015,2026-09-16,298.5,285.45,295.9,749709
equity,INE516A01017,2026-09-08,695,663.35,686.75,338932
equity,INE516A01017,2026-09-09,701.05,677.3,680.15,154643
equity,INE516A01017,2026-09-10,690.05,670,672.6,104598
equity,INE516A01017,2026-09-11,674.95,650,653.45,184116
equity,INE516A01017,2026-09-14,653.45,653.45,653.45,
equity,INE516A01017,2026-09-15,670.3,631.75,636.1,129497
equity,INE516A01017,2026-09-16,649.7,608,645.45,235395
equity,INE696F01016,2026-09-07,217.95,214.5,215.33,64582
equity,INE696F01016,2026-09-08,217.5,212.72,215.75,71832
equity,INE696F01016,2026-09-09,217.37,212.84,213.41,120641
equity,INE696F01016,2026-09-10,233.99,210.01,227.39,1039859
equity,INE696F01016,2026-09-11,228,220.23,221.12,163779
equity,INE696F01016,2026-09-15,223.91,213,214.84,124447
equity,INE696F01016,2026-09-16,217.28,209.21,214.32,451174
equity,INE039C01032,2026-09-08,129.4,125.65,128.92,2288474
equity,INE039C01032,2026-09-09,131.19,126.49,128.93,1789554
equity,INE039C01032,2026-09-10,133.96,127.8,131.86,3397638
equity,INE039C01032,2026-09-11,137.33,131.27,135.46,6244729
equity,INE039C01032,2026-09-14,135.46,135.46,135.46,
equity,INE039C01032,2026-09-15,139.4,127.99,129.06,3184124
equity,INE039C01032,2026-09-16,129.7,124.3,128.55,2490536
equity,INE291D01011,2026-09-07,4016.9337,3892.1842,3983.8999,46216
equity,INE291D01011,2026-09-08,4013.7,3940.1001,3965.7,22322
equity,INE291D01011,2026-09-09,4000,3875.5,3912.2,47930
equity,INE291D01011,2026-09-10,3960,3876,3891.3999,16584
equity,INE291D01011,2026-09-11,3955.8,3835,3881.8999,20482
equity,INE291D01011,2026-09-15,3918,3739.5,3756.5,23873
equity,INE291D01011,2026-09-16,3865,3732,3819,30057
equity,INE417C01014,2026-09-08,4369,4250.1001,4261.7002,1047
equity,INE417C01014,2026-09-09,4303.8999,4021.3,4109.7998,18239
equity,INE417C01014,2026-09-10,4292.7002,4154.6001,4235.7998,2590
equity,INE417C01014,2026-09-11,4270,4167.2998,4191.6001,1468
equity,INE417C01014,2026-09-15,4235,4059.8999,4081.8,2461
equity,INE417C01014,2026-09-16,4100,4026.8999,4052.2,3729
equity,INE576O01020,2026-09-08,186,170.87,184.52,3239876
equity,INE576O01020,2026-09-09,185.51,177.9,178.56,1701815
equity,INE576O01020,2026-09-10,179,170,170.63,1814676
equity,INE576O01020,2026-09-11,176.39,169,175.56,1243946
equity,INE576O01020,2026-09-14,175.56,175.56,175.56,
equity,INE576O01020,2026-09-15,176.01,167.01,167.83,901508
equity,INE576O01020,2026-09-16,174.18,165.11,171.73,1324684
equity,INE631A01022,2026-09-07,652,606,640,433775
equity,INE631A01022,2026-09-08,704,632.15,704,498009
equity,INE631A01022,2026-09-09,739.05,687.5,707.75,936332
equity,INE631A01022,2026-09-10,743,689.1,725.45,312598
equity,INE631A01022,2026-09-11,733.9,708.55,714.95,146091
equity,INE631A01022,2026-09-15,728.5,679.25,679.25,102653
equity,INE631A01022,2026-09-16,713,645.3,691.6,212317
equity,INE459A01010,2026-09-08,3810.5848,3706.4677,3729.8816,1142
equity,INE459A01010,2026-09-09,3736.1583,3600.358,3637.4216,1385
equity,INE459A01010,2026-09-10,3667.0128,3542.9691,3577.2429,897
equity,INE459A01010,2026-09-11,3574.8519,3462.266,3504.71,1867
equity,INE459A01010,2026-09-15,3529.6182,3387.5407,3398.6001,1035
equity,INE459A01010,2026-09-16,3405,3196.5,3267.2,3218
equity,INE415A01038,2026-09-08,786.85,730,783.8,359947
equity,INE415A01038,2026-09-09,800,767.3,796.15,303157
equity,INE415A01038,2026-09-10,801.6,761,778.05,203446
equity,INE415A01038,2026-09-11,778,756,762.65,80322
equity,INE415A01038,2026-09-15,762.05,731.1,736.65,91711
equity,INE415A01038,2026-09-16,735.9,701.5,717.3,159415
equity,INE270I01022,2026-09-08,742,712.6,731.55,302725
equity,INE270I01022,2026-09-09,741,704.25,709.05,181853
equity,INE270I01022,2026-09-10,731,709.7,723.8,82846
equity,INE270I01022,2026-09-11,724.45,708.2,713.95,101468
equity,INE270I01022,2026-09-15,715.5,680.2,682.8,102967
equity,INE270I01022,2026-09-16,703,666.9,693.9,112259
equity,INE263M01029,2026-09-08,369,351.05,357.55,588269
equity,INE263M01029,2026-09-09,358.95,351,352.35,29197
equity,INE263M01029,2026-09-10,353.4,350,350.5,18773
equity,INE263M01029,2026-09-11,351.2,331.9,344.95,351342
equity,INE263M01029,2026-09-14,344.95,344.95,344.95,
equity,INE263M01029,2026-09-15,348.55,334.55,339.45,76157
equity,INE263M01029,2026-09-16,340.9,333.55,338.35,33205
equity,INE519A01011,2026-09-08,6198.5,6015.5,6095.5,8459
equity,INE519A01011,2026-09-09,6166.5,6030,6080,5173
equity,INE519A01011,2026-09-10,6324,6060,6194,10101
equity,INE519A01011,2026-09-11,6351.5,6100,6194.5,9080
equity,INE519A01011,2026-09-15,6367.5,6100,6223.5,11949
equity,INE519A01011,2026-09-16,7040,6141,6846.5,178656
equity,INE621L01012,2026-09-07,123.111,116.5033,118.6992,9209299
equity,INE621L01012,2026-09-08,121.0939,116.9604,117.5069,1773204
equity,INE621L01012,2026-09-09,117.8447,114.0689,114.4266,1397158
equity,INE621L01012,2026-09-10,119.0371,114.5757,117.02,3303257
equity,INE621L01012,2026-09-11,118.8,113.65,117.81,2468362
equity,INE621L01012,2026-09-14,117.81,117.81,117.81,
equity,INE621L01012,2026-09-15,119.01,110.27,110.71,2149805
equity,INE621L01012,2026-09-16,111.38,107.21,108.62,1327622
equity,INE127I01024,2026-09-07,485,466.7,479.75,644419
equity,INE127I01024,2026-09-08,528.8,465.05,515.65,1569090
equity,INE127I01024,2026-09-09,539,512.8,515.8,1179600
equity,INE127I01024,2026-09-10,533.3,515.05,517.9,811696
equity,INE127I01024,2026-09-11,522,508.55,516.85,636725
equity,INE127I01024,2026-09-14,516.85,516.85,516.85,
equity,INE127I01024,2026-09-15,528.7,513.35,519.15,708900
equity,INE127I01024,2026-09-16,527.05,495.5,510.3,533794
equity,INE725G01011,2026-09-08,4955,4833.1001,4854.3999,25803
equity,INE725G01011,2026-09-09,4888.7002,4744.3999,4776.5,30824
equity,INE725G01011,2026-09-10,4822,4715,4726.2002,25291
equity,INE725G01011,2026-09-11,4754.7002,4665.6001,4728.8999,21358
equity,INE725G01011,2026-09-15,4787,4600.2002,4643.2998,17598
equity,INE725G01011,2026-09-16,4679.1001,4578.1001,4610,16981
equity,INE335A01020,2026-09-07,218.19,215,215.81,500001
equity,INE335A01020,2026-09-08,220.08,215,216.02,346599
equity,INE335A01020,2026-09-09,222.28,215.49,219.57,831791
equity,INE335A01020,2026-09-10,221.49,215.55,216.05,322557
equity,INE335A01020,2026-09-11,218,212.02,214.27,455493
equity,INE335A01020,2026-09-15,216.76,208.15,209.8,375749
equity,INE335A01020,2026-09-16,211.99,206.72,209.2,306174
equity,INE195J01029,2026-09-08,182.05,175.6,177.06,585027
equity,INE195J01029,2026-09-09,180.83,176.42,179,281660
equity,INE195J01029,2026-09-10,180.12,176.55,177.41,188698
equity,INE195J01029,2026-09-11,177.29,174.1,175.4,287085
equity,INE195J01029,2026-09-14,175.4,175.4,175.4,
equity,INE195J01029,2026-09-15,165,140.32,140.32,4938381
equity,INE195J01029,2026-09-16,141.6,116.4,134.44,18752072
equity,INE0GXK01018,2026-09-08,324.5,302,321.8,544500
equity,INE0GXK01018,2026-09-09,333.65,313.3,329.2,327000
equity,INE0GXK01018,2026-09-10,355,330.8,349.1,348000
equity,INE0GXK01018,2026-09-11,361.95,345.05,358.3,291000
equity,INE0GXK01018,2026-09-15,365,329,332.45,223500
equity,INE236E01022,2026-09-07,335.15,320,321.7,282425
equity,INE236E01022,2026-09-08,329.05,316.65,322.8,868357
equity,INE236E01022,2026-09-09,355.05,324.2,355.05,2993680
equity,INE236E01022,2026-09-10,378.6,345.5,373.5,3092748
equity,INE236E01022,2026-09-11,384,366.1,380.2,1713956
equity,INE236E01022,2026-09-15,382.45,351.1,355.1,1197962
equity,INE236E01022,2026-09-16,390.6,343,374.65,2421416
equity,INE645S01024,2026-09-08,178,174.05,175.52,831437
equity,INE645S01024,2026-09-09,177.89,172.82,175.47,946177
equity,INE645S01024,2026-09-10,181,172,173.15,2475259
equity,INE645S01024,2026-09-11,173.9,166.5,171.37,1250767
equity,INE645S01024,2026-09-15,176,164.92,166.47,1102758
equity,INE645S01024,2026-09-16,169.7,160.74,168.53,952053
equity,INE1KZI01025,2026-09-07,559,540,546.2,1663376
equity,INE1KZI01025,2026-09-08,573.75,537.35,571.35,4308131
equity,INE1KZI01025,2026-09-09,609.8,572,588.65,7543324
equity,INE1KZI01025,2026-09-10,602.4,575.8,581.3,2165254
equity,INE1KZI01025,2026-09-11,594.15,561.2,584.8,2352665
equity,INE1KZI01025,2026-09-14,584.8,584.8,584.8,
equity,INE1KZI01025,2026-09-15,592,517.25,523.65,2634136
equity,INE1KZI01025,2026-09-16,546,521.1,540.55,2755569
equity,INE024F01011,2026-09-07,4217,4020.3999,4187,30568
equity,INE024F01011,2026-09-08,4247.7998,4153.3999,4212.5,14040
equity,INE024F01011,2026-09-09,4239.8999,4063,4089.2,15750
equity,INE024F01011,2026-09-10,4185,4099,4158.6001,12554
equity,INE024F01011,2026-09-11,4189,4084,4174.3999,17556
equity,INE024F01011,2026-09-15,4279,4062.2,4078.3,15004
equity,INE024F01011,2026-09-16,4150,3964.7,4016.5,12207
equity,INE287B01021,2026-09-08,705.2683,692.0741,694.912,36208
equity,INE287B01021,2026-09-09,735.6399,689.6842,725.931,96607
equity,INE287B01021,2026-09-10,725.931,700.5881,709.6,45641
equity,INE287B01021,2026-09-11,708.85,697.1,703.75,27663
equity,INE287B01021,2026-09-14,703.75,703.75,703.75,
equity,INE287B01021,2026-09-15,705,679.4,682.55,29668
equity,INE287B01021,2026-09-16,690.45,666.2,678,30494
equity,INE877F01012,2026-09-07,157,154.4,154.78,953200
equity,INE877F01012,2026-09-08,155.45,153.33,154.2,1017313
equity,INE877F01012,2026-09-09,154.59,152.78,153.12,1062150
equity,INE877F01012,2026-09-10,156.4,153.01,153.69,1569043
equity,INE877F01012,2026-09-11,153.65,152.3,152.78,878717
equity,INE877F01012,2026-09-14,152.78,152.78,152.78,
equity,INE877F01012,2026-09-15,155.55,152.05,152.41,1610691
equity,INE877F01012,2026-09-16,153.79,150.51,151.96,1794492
equity,INE501X01029,2026-09-07,192,182.96,184.06,1370435
equity,INE501X01029,2026-09-08,188.83,183.51,184.78,556286
equity,INE501X01029,2026-09-09,185.78,178.2,178.83,793540
equity,INE501X01029,2026-09-10,182.8,176.12,178.1,458271
equity,INE501X01029,2026-09-11,180.6,172.45,179.46,606572
equity,INE501X01029,2026-09-15,189.28,176.11,177.25,1154930
equity,INE501X01029,2026-09-16,182.64,176.3,180.12,728043
equity,INE497B01018,2026-09-08,1799,1740,1782.6,67665
equity,INE497B01018,2026-09-09,1812.2,1769.1,1772.6,97645
equity,INE497B01018,2026-09-10,1806.4,1765,1772.9,55736
equity,INE497B01018,2026-09-11,1849,1774.5,1788.4,150565
equity,INE497B01018,2026-09-15,1814.9,1721,1736.9,83528
equity,INE497B01018,2026-09-16,1736,1660,1701.6,84957
equity,INE435G01025,2026-09-08,1028,989.15,994.05,37513
equity,INE435G01025,2026-09-09,998.4,969,975.4,24199
equity,INE435G01025,2026-09-10,984.7,972.6,979.7,12867
equity,INE435G01025,2026-09-11,989.65,965,980,21689
equity,INE435G01025,2026-09-15,980,953,956.5,10086
equity,INE435G01025,2026-09-16,974,931.2,961.85,38687
equity,INE224A01026,2026-09-07,196.49,192.1,194.45,725978
equity,INE224A01026,2026-09-08,195.8,192.31,193.06,467258
equity,INE224A01026,2026-09-09,194.7,190.6,192.38,561514
equity,INE224A01026,2026-09-10,199.4,191.1,193.6,1100510
equity,INE224A01026,2026-09-11,193.6,190.05,192.25,543534
equity,INE224A01026,2026-09-14,192.25,192.25,192.25,
equity,INE224A01026,2026-09-15,194.08,185.1,187.13,743150
equity,INE224A01026,2026-09-16,187.7,178.71,185.64,949313
equity,INE943D01017,2026-09-08,2759.6001,2606,2749.1001,16092
equity,INE943D01017,2026-09-09,2806.7,2678.2,2783.3999,31308
equity,INE943D01017,2026-09-10,2799,2700.1001,2705.8999,10462
equity,INE943D01017,2026-09-11,2705.8999,2600,2608.5,26139
equity,INE943D01017,2026-09-14,2608.5,2608.5,2608.5,
equity,INE943D01017,2026-09-15,2649,2510.5,2522.6001,19900
equity,INE943D01017,2026-09-16,2629.3,2473,2610.2,14772
equity,INE618R01015,2026-09-07,691.85,675.7,677.6,118788
equity,INE618R01015,2026-09-08,685.45,668.55,676.15,164770
equity,INE618R01015,2026-09-09,687,668.25,678.8,153142
equity,INE618R01015,2026-09-10,683.2,666.2,672,153561
equity,INE618R01015,2026-09-11,673.2,658,660.75,162612
equity,INE618R01015,2026-09-14,660.75,660.75,660.75,
equity,INE618R01015,2026-09-15,666,625,629.75,272203
equity,INE618R01015,2026-09-16,636,600,618.2,226905
equity,INE365B01017,2026-09-07,764.0734,747.2816,751.4547,38172
equity,INE365B01017,2026-09-08,755.9756,729.1485,734.2656,113101
equity,INE365B01017,2026-09-09,784.9388,727.3601,768.0974,212122
equity,INE365B01017,2026-09-10,778.8779,755.3297,775.45,84196
equity,INE365B01017,2026-09-11,777.95,756.15,760.2,44416
equity,INE365B01017,2026-09-15,857.5,755.5,766.25,1393528
equity,INE365B01017,2026-09-16,767.45,739,755.55,69650
equity,INE105J01010,2026-09-08,2870,2642.1001,2802.6001,28308
equity,INE105J01010,2026-09-09,2961.8999,2796.1001,2812,51216
equity,INE105J01010,2026-09-10,2844,2745,2782.7,11654
equity,INE105J01010,2026-09-11,2794.3,2680,2698.6001,17821
equity,INE105J01010,2026-09-14,2698.6001,2698.6001,2698.6001,
equity,INE105J01010,2026-09-15,2918.2,2685,2718.8,60664
equity,INE105J01010,2026-09-16,2760,2630.5,2739.1001,14164
equity,INE742B01025,2026-09-08,451,436.8,440.3,66969
equity,INE742B01025,2026-09-09,445,425.8,428.85,79726
equity,INE742B01025,2026-09-10,432.2,419.1,422.65,59276
equity,INE742B01025,2026-09-11,431.95,418.1,425.1,86404
equity,INE742B01025,2026-09-15,431.9,418,425.1,60589
equity,INE742B01025,2026-09-16,424.45,404.1,419.85,112795
equity,INE054A01027,2026-09-07,325.45,312.8,320.5,613544
equity,INE054A01027,2026-09-08,321.05,308.1,309.6,401325
equity,INE054A01027,2026-09-09,311.95,303.5,305,340693
equity,INE054A01027,2026-09-10,307.85,300.3,301.55,348354
equity,INE054A01027,2026-09-11,301.95,296.15,300.1,215768
equity,INE054A01027,2026-09-14,300.1,300.1,300.1,
equity,INE054A01027,2026-09-15,303.2,290.05,291.05,220240
equity,INE054A01027,2026-09-16,299.95,286.5,297.65,263460
equity,INE979B01015,2026-09-08,8399,8193.7002,8250.9502,25
equity,INE979B01015,2026-09-09,8621.4004,8345,8499.3496,589
equity,INE979B01015,2026-09-10,8687.4502,8364,8438.4004,643
equity,INE979B01015,2026-09-11,8461.1504,8400,8400.25,161
equity,INE979B01015,2026-09-15,8639.9004,8270,8375.8496,267
equity,INE805D01034,2026-09-08,297.3,290.3,295.9,114285
equity,INE805D01034,2026-09-09,296.95,290.45,291.7,85230
equity,INE805D01034,2026-09-10,293.95,288,289.8,102409
equity,INE805D01034,2026-09-11,289.9,282.1,288,127980
equity,INE805D01034,2026-09-15,289.95,275,276.2,243697
equity,INE805D01034,2026-09-16,283.15,272,281.15,216274
equity,INE870H01013,2026-09-07,28.55,27.2,27.64,5566967
equity,INE870H01013,2026-09-08,27.63,27.18,27.3,3399137
equity,INE870H01013,2026-09-09,27.33,26.83,26.92,3339531
equity,INE870H01013,2026-09-10,27.24,26.76,26.83,2802426
equity,INE870H01013,2026-09-11,26.89,26.35,26.64,3839278
equity,INE870H01013,2026-09-14,26.64,26.64,26.64,
equity,INE870H01013,2026-09-15,27.19,25.85,25.95,3466061
equity,INE870H01013,2026-09-16,26.55,25.71,26.12,4777341
equity,INE878A01011,2026-09-07,682,641,655.15,230305
equity,INE878A01011,2026-09-08,673.8,651.35,656.2,214560
equity,INE878A01011,2026-09-09,672.7,647,659.25,237847
equity,INE878A01011,2026-09-10,666.9,653,654.5,101615
equity,INE878A01011,2026-09-11,659,640.4,652.65,102461
equity,INE878A01011,2026-09-14,652.65,652.65,652.65,
equity,INE878A01011,2026-09-15,656.95,620.05,620.05,211646
equity,INE878A01011,2026-09-16,630,597.75,616.1,128200
equity,INE00M201021,2026-09-08,186.64,183.5,184.08,493784
equity,INE00M201021,2026-09-09,184.94,181.7,182.03,570016
equity,INE00M201021,2026-09-10,192.5,181.2,182.65,2401702
equity,INE00M201021,2026-09-11,182.11,178.51,180.22,763085
equity,INE00M201021,2026-09-14,180.22,180.22,180.22,
equity,INE00M201021,2026-09-15,187.58,173.01,174.3,1684846
equity,INE00M201021,2026-09-16,179.21,173.74,177.94,977482
equity,INE01QM01018,2026-09-08,517.15,493.8,509.1,173359
equity,INE01QM01018,2026-09-09,516,501.15,511.5,59716
equity,INE01QM01018,2026-09-10,515.35,492.35,497.9,167411
equity,INE01QM01018,2026-09-11,498.1,489,494.05,146792
equity,INE01QM01018,2026-09-15,592.85,531,592.85,1550701
equity,INE01QM01018,2026-09-16,677,600.35,642.3,30254742
equity,INE0OJW01016,2026-09-07,1172,1139.6,1148.2,107652
equity,INE0OJW01016,2026-09-08,1228.7,1151,1218,407001
equity,INE0OJW01016,2026-09-09,1241.7,1185.5,1193.7,189157
equity,INE0OJW01016,2026-09-10,1215.2,1177.1,1206.6,82882
equity,INE0OJW01016,2026-09-11,1236,1189.2,1214.3,147435
equity,INE0OJW01016,2026-09-15,1308.2,1211.8,1265.4,1062808
equity,INE0OJW01016,2026-09-16,1420,1219.5,1349.9,3386100
equity,INE349A01021,2026-09-07,485.35,451.1,483,1028877
equity,INE349A01021,2026-09-08,492,475,489.6,360511
equity,INE349A01021,2026-09-09,495,478.55,484.55,309450
equity,INE349A01021,2026-09-10,518,481,515.95,1397242
equity,INE349A01021,2026-09-11,519,498.2,514.65,700202
equity,INE349A01021,2026-09-14,514.65,514.65,514.65,
equity,INE349A01021,2026-09-15,516.8,478,480.85,504748
equity,INE349A01021,2026-09-16,479.45,453.5,471.3,505977
equity,INE765D01022,2026-09-08,438.9,428.3,429.4,2082
equity,INE765D01022,2026-09-09,440,427.1,428.2,6411
equity,INE765D01022,2026-09-10,445.3,350.1,444.1,21843
equity,INE765D01022,2026-09-11,446.3,430.85,435,1830
equity,INE765D01022,2026-09-15,448.9,425,428.15,2882
equity,INE277A01016,2026-09-08,3664.8999,3603.1001,3632.6001,8188
equity,INE277A01016,2026-09-09,3639,3572,3594.3,9033
equity,INE277A01016,2026-09-10,3600,3541.6001,3551,7542
equity,INE277A01016,2026-09-11,3592.2,3531.3,3576,8326
equity,INE277A01016,2026-09-15,3599,3549,3569.2,7502
equity,INE277A01016,2026-09-16,3569.3999,3510.1001,3524.8,10584
equity,INE976A01021,2026-09-07,693,644.55,687.5,605527
equity,INE976A01021,2026-09-08,699.15,676.2,681.2,353728
equity,INE976A01021,2026-09-09,685.5,664,667.55,126973
equity,INE976A01021,2026-09-10,714.8,667.1,710.1,528781
equity,INE976A01021,2026-09-11,722.4,691.05,713.8,271781
equity,INE976A01021,2026-09-15,734,705.85,713.3,375037
equity,INE976A01021,2026-09-16,722.6,679.1,711,293981
equity,INE0OXY01013,2026-09-07,1665,1605.1,1612.4,28920
equity,INE0OXY01013,2026-09-08,1659,1581.05,1637.2,136560
equity,INE0OXY01013,2026-09-09,1657.85,1626.05,1635.5,26640
equity,INE0OXY01013,2026-09-10,1622,1565.55,1579.7,55680
equity,INE0OXY01013,2026-09-11,1608.95,1502.25,1540.5,147360
equity,INE0OXY01013,2026-09-15,1547.95,1406.2,1427.65,166680
equity,INE0OXY01013,2026-09-16,1434.05,1289.95,1407.1,224160
equity,INE0OC301013,2026-09-07,145.09,140.19,142.42,553335
equity,INE0OC301013,2026-09-08,141.91,137,139.86,933717
equity,INE0OC301013,2026-09-09,139.1,133.8,134.62,423536
equity,INE0OC301013,2026-09-10,137,130.2,131.84,894619
equity,INE0OC301013,2026-09-11,136.87,129.84,136.12,589477
equity,INE0OC301013,2026-09-15,138.39,130,131.04,357604
equity,INE0OC301013,2026-09-16,133.42,125.2,127.74,380515
equity,INE715A01015,2026-09-07,1799.9,1713.1,1755.4,341864
equity,INE715A01015,2026-09-08,2106.3999,1760.9,2106.3999,3912924
equity,INE715A01015,2026-09-09,2450,2110,2400.6001,6608762
equity,INE715A01015,2026-09-10,2498,2176,2313,2648322
equity,INE715A01015,2026-09-11,2319.8999,2215.2,2230.1001,386291
equity,INE715A01015,2026-09-15,2249.8999,2084,2129.1001,383920
equity,INE715A01015,2026-09-16,2198,2031.9,2110.5,240303
equity,INE498B01024,2026-09-07,383.7,371.85,376.3,18095
equity,INE498B01024,2026-09-08,397.95,374.05,380.8,46488
equity,INE498B01024,2026-09-09,384.7,377.7,379.3,8498
equity,INE498B01024,2026-09-10,390,375.2,377.55,19659
equity,INE498B01024,2026-09-11,388,368.25,375.45,38249
equity,INE498B01024,2026-09-14,375.45,375.45,375.45,
equity,INE498B01024,2026-09-15,442,372.55,398.5,2756422
equity,INE498B01024,2026-09-16,400.9,381.15,395.3,70172
equity,INE945F01025,2026-09-08,224,214.2,223.55,137954
equity,INE945F01025,2026-09-09,228.55,216.3,219.55,289503
equity,INE945F01025,2026-09-10,228.8,209,226,310534
equity,INE945F01025,2026-09-11,236.6,222,229.8,520288
equity,INE945F01025,2026-09-15,238,221.1,222.5,446992
equity,INE835D01023,2026-09-08,1305,1214.2,1281.4,252304
equity,INE835D01023,2026-09-09,1318.5,1263,1273.6,99771
equity,INE835D01023,2026-09-10,1299,1244.9,1248.9,57042
equity,INE835D01023,2026-09-11,1255,1205,1245.4,51541
equity,INE835D01023,2026-09-15,1255,1191,1204.9,59699
equity,INE835D01023,2026-09-16,1215,1156.7,1182.6,53196
equity,INE998I01010,2026-09-07,208.59,204.79,205.53,95483
equity,INE998I01010,2026-09-08,208.04,204.7,205.71,94722
equity,INE998I01010,2026-09-09,206.69,199,199.36,258681
equity,INE998I01010,2026-09-10,200.63,193,196.57,313310
equity,INE998I01010,2026-09-11,199.95,193.97,196.73,136133
equity,INE998I01010,2026-09-14,196.73,196.73,196.73,
equity,INE998I01010,2026-09-15,199.86,191.1,192.4,132435
equity,INE998I01010,2026-09-16,196.02,188.21,193.51,103924
equity,INE896L01010,2026-09-08,254.55,250,251.29,35032
equity,INE896L01010,2026-09-09,254.29,245.62,247.49,126856
equity,INE896L01010,2026-09-10,250,245.3,246.89,90897
equity,INE896L01010,2026-09-11,247.11,241.68,244.38,52664
equity,INE896L01010,2026-09-15,246.19,230.15,233.07,94427
equity,INE896L01010,2026-09-16,235.01,222.62,226.17,120638
equity,INE17IR01028,2026-09-07,312.9,295.2,310.7,1032439
equity,INE17IR01028,2026-09-08,317.15,303.8,305.3,507280
equity,INE17IR01028,2026-09-09,307.45,295.3,296.65,697253
equity,INE17IR01028,2026-09-10,299.45,289.8,290.65,479560
equity,INE17IR01028,2026-09-11,294.05,281,289.75,685699
equity,INE17IR01028,2026-09-15,290.55,267.6,271.9,1156486
equity,INE17IR01028,2026-09-16,277.5,266.2,270.8,505882
equity,INE935B01025,2026-09-07,218.88,210.31,212.6,2023785
equity,INE935B01025,2026-09-08,217.74,212.66,214.26,1305405
equity,INE935B01025,2026-09-09,215,210.61,211.41,1353450
equity,INE935B01025,2026-09-10,213.03,205.9,206.69,1247416
equity,INE935B01025,2026-09-11,211.75,204,210.29,1607823
equity,INE935B01025,2026-09-14,210.29,210.29,210.29,
equity,INE935B01025,2026-09-15,211.7,202,203.02,1146326
equity,INE935B01025,2026-09-16,204.36,195.02,199.16,1644137
equity,INE0JUS01029,2026-09-08,468.9,451.15,466.8,211797
equity,INE0JUS01029,2026-09-09,470.95,449.05,453.4,175392
equity,INE0JUS01029,2026-09-10,455,445.1,447.2,86970
equity,INE0JUS01029,2026-09-11,446.55,436,445,107635
equity,INE0JUS01029,2026-09-15,451.95,423.3,424.7,103103
equity,INE0JUS01029,2026-09-16,432.2,407.85,430,189650
equity,INE688D01026,2026-09-07,152.39,147,148.15,1222693
equity,INE688D01026,2026-09-08,149.45,142.98,148.23,474819
equity,INE688D01026,2026-09-09,175.2,144.88,169.59,12729406
equity,INE688D01026,2026-09-10,174.8,164,169.54,2901744
equity,INE688D01026,2026-09-11,176.8,164.17,173.27,1947707
equity,INE688D01026,2026-09-14,173.27,173.27,173.27,
equity,INE688D01026,2026-09-15,172.96,160,160.82,957892
equity,INE688D01026,2026-09-16,164,158.06,161.57,394977
equity,INE06ST01018,2026-09-07,204.6,190.21,202.13,125698
equity,INE06ST01018,2026-09-08,206.85,198.02,205.09,59639
equity,INE06ST01018,2026-09-09,206.96,195.27,204.34,37014
equity,INE06ST01018,2026-09-10,209.9,201.2,205.56,29531
equity,INE06ST01018,2026-09-11,205.1,199.35,202.87,14391
equity,INE06ST01018,2026-09-15,205.91,197.62,199.43,30153
equity,INE06ST01018,2026-09-16,202.74,190.01,200.15,59017
equity,INE005B01027,2026-09-07,157.7,153.65,156.74,676368
equity,INE005B01027,2026-09-08,160.6,156,156.44,942769
equity,INE005B01027,2026-09-09,162,156.49,160.6,1405773
equity,INE005B01027,2026-09-10,165.7,158.7,159.07,1221911
equity,INE005B01027,2026-09-11,157.77,154.96,156.46,782263
equity,INE005B01027,2026-09-14,156.46,156.46,156.46,
equity,INE005B01027,2026-09-15,159,143,144.5,1853714
equity,INE005B01027,2026-09-16,147.9,138.8,141.89,1229880
equity,INE907A01026,2026-09-07,959.7,936.1,941.45,72294
equity,INE907A01026,2026-09-08,959,900,907.8,117932
equity,INE907A01026,2026-09-09,925,901.4,910.4,61181
equity,INE907A01026,2026-09-10,992.6,906,968.2,661316
equity,INE907A01026,2026-09-11,981.9,931,968.75,204430
equity,INE907A01026,2026-09-15,985,922.1,930.45,163411
equity,INE907A01026,2026-09-16,963.45,901.15,952,108863
equity,INE450D01021,2026-09-08,1197.3392,1133.1764,1168.8003,219301
equity,INE450D01021,2026-09-09,1192.3498,1162.0147,1169.0995,132385
equity,INE450D01021,2026-09-10,1177.4816,1153.6326,1168.9,71222
equity,INE450D01021,2026-09-11,1172,1123.8,1167.9,128175
equity,INE450D01021,2026-09-15,1168,1100,1109.3,110111
equity,INE450D01021,2026-09-16,1110.7,1060,1101.4,136519
equity,INE613A01020,2026-09-07,209.84,205.36,206.15,517541
equity,INE613A01020,2026-09-08,206.91,204.68,205.29,425909
equity,INE613A01020,2026-09-09,205.75,202.62,204.01,450078
equity,INE613A01020,2026-09-10,205.1,201.95,203.06,593140
equity,INE613A01020,2026-09-11,202.99,200.52,201.99,365628
equity,INE613A01020,2026-09-15,208.5,199.5,200.82,1097997
equity,INE613A01020,2026-09-16,203.98,196.81,202.65,661934
equity,INE515A01019,2026-09-08,8431.3496,8009.1499,8328.6504,611
equity,INE515A01019,2026-09-09,8318.2002,8051,8124,243
equity,INE515A01019,2026-09-10,8289.8496,7999,8026.4502,325
equity,INE515A01019,2026-09-11,8257.1504,7874,8148.9502,339
equity,INE515A01019,2026-09-15,8893.4004,8181,8295.2998,3125
equity,INE02ID01020,2026-09-07,678.95,657.05,672.9,123831
equity,INE02ID01020,2026-09-08,727.7,667.85,696.85,990648
equity,INE02ID01020,2026-09-09,732,664.5,670.45,1149008
equity,INE02ID01020,2026-09-10,720,668.7,687.65,570900
equity,INE02ID01020,2026-09-11,708.9,675.05,692,445304
equity,INE02ID01020,2026-09-15,717.55,670,672.65,675263
equity,INE02ID01020,2026-09-16,682.75,660.5,667.75,162576
equity,INE234A01025,2026-09-08,1850.95,1659.65,1823.35,39480
equity,INE234A01025,2026-09-09,2188,1841,2188,75410
equity,INE234A01025,2026-09-10,2588,2238.3501,2425.05,82335
equity,INE234A01025,2026-09-11,2551.2,2265.3501,2393.1499,42326
equity,INE234A01025,2026-09-15,2373.05,2165,2189.55,11753
equity,INE111B01023,2026-09-08,897.3181,858.2088,866.2402,536543
equity,INE111B01023,2026-09-09,881.3052,843.2435,863.0475,645891
equity,INE111B01023,2026-09-10,909.8889,868.9838,884.2982,841520
equity,INE111B01023,2026-09-11,942.8125,859.3062,906.7961,1336886
equity,INE111B01023,2026-09-14,906.7961,906.7961,906.7961,
equity,INE111B01023,2026-09-15,912.1337,856.1136,862,310775
equity,INE111B01023,2026-09-16,875.45,824.55,848.15,268737
equity,INE766P01016,2026-09-08,409.8,401,408.85,124819
equity,INE766P01016,2026-09-09,412.75,399.2,401.75,106299
equity,INE766P01016,2026-09-10,404.3,396.9,400.1,75748
equity,INE766P01016,2026-09-11,399.9,392.6,397.2,90944
equity,INE766P01016,2026-09-15,398.4,381.8,387.25,147295
equity,INE766P01016,2026-09-16,390.5,380,386.8,122831
equity,INE539A01019,2026-09-08,434.05,428.5,433.05,90776
equity,INE539A01019,2026-09-09,434,423.65,426.3,136963
equity,INE539A01019,2026-09-10,428.9,421,424.7,92301
equity,INE539A01019,2026-09-11,424.75,420.7,421.15,114539
equity,INE539A01019,2026-09-15,430,422,423.15,100745
equity,INE539A01019,2026-09-16,424.5,415,418.85,128473
equity,INE758C01029,2026-09-08,609,592.1,607.15,45142
equity,INE758C01029,2026-09-09,619,593,596.15,63167
equity,INE758C01029,2026-09-10,599.95,590.1,592.3,34728
equity,INE758C01029,2026-09-11,605.9,582.65,601,57589
equity,INE758C01029,2026-09-14,601,601,601,
equity,INE758C01029,2026-09-15,604.65,580.3,585.85,66007
equity,INE758C01029,2026-09-16,599,565.05,569.3,95774
equity,INE421C01016,2026-09-08,5459.7797,5241.3885,5300.9497,13318
equity,INE421C01016,2026-09-09,5327.7523,5112.3391,5131.2002,7739
equity,INE421C01016,2026-09-10,5287.5,5118,5222.5,5894
equity,INE421C01016,2026-09-11,5250.5,4940.5,5146,9142
equity,INE421C01016,2026-09-15,5164,4940.5,4960.5,5607
equity,INE421C01016,2026-09-16,4958.5,4627,4685.5,20182
equity,INE225D01027,2026-09-08,653,585.2,613.05,4900203
equity,INE225D01027,2026-09-09,627,603,618.6,331925
equity,INE225D01027,2026-09-10,617.9,602,606.95,96158
equity,INE225D01027,2026-09-11,605,591,592.65,62790
equity,INE225D01027,2026-09-14,592.65,592.65,592.65,
equity,INE225D01027,2026-09-15,596.4,571,573.7,81544
equity,INE225D01027,2026-09-16,579.4,562.1,570.1,57599
equity,INE399K01017,2026-09-07,7.47,7.2,7.32,23370904
equity,INE399K01017,2026-09-08,7.31,7.22,7.28,12658598
equity,INE399K01017,2026-09-09,7.4,7.23,7.25,18178604
equity,INE399K01017,2026-09-10,7.35,7.2,7.25,14701929
equity,INE399K01017,2026-09-11,7.27,7.13,7.17,15082630
equity,INE399K01017,2026-09-14,7.17,7.17,7.17,
equity,INE399K01017,2026-09-15,7.3,6.95,6.99,27592104
equity,INE399K01017,2026-09-16,7.22,6.96,7.03,29119391
equity,INE244O01017,2026-09-08,907,890,898,107199
equity,INE244O01017,2026-09-09,908.95,888.25,894.05,142933
equity,INE244O01017,2026-09-10,910,889.95,893.85,208073
equity,INE244O01017,2026-09-11,905,859.95,897.45,168282
equity,INE244O01017,2026-09-14,897.45,897.45,897.45,
equity,INE244O01017,2026-09-15,899,861.1,865.7,115818
equity,INE244O01017,2026-09-16,867.45,817.25,851.15,262807
equity,INE731F01037,2026-09-08,59,56.55,57.26,68528
equity,INE731F01037,2026-09-09,59.5,56.49,57,193739
equity,INE731F01037,2026-09-10,57.69,55.77,56.52,73192
equity,INE731F01037,2026-09-11,56.1,54.77,55.55,68762
equity,INE731F01037,2026-09-15,56.1,52.58,53.51,65497
equity,INE767A01016,2026-09-08,427.9,419.2,421.5,60740
equity,INE767A01016,2026-09-09,430.95,421.5,423.45,108126
equity,INE767A01016,2026-09-10,439.4,422.35,437,254738
equity,INE767A01016,2026-09-11,444,426.15,428.5,173089
equity,INE767A01016,2026-09-15,439.9,424,426.35,143544
equity,INE767A01016,2026-09-16,431.7,411,424.3,137816
equity,INE0GK401011,2026-09-07,1719.1253,1644.7151,1693.756,88807
equity,INE0GK401011,2026-09-08,1729.9123,1654.0039,1678.1747,40980
equity,INE0GK401011,2026-09-09,1710.4358,1664.5911,1686.3649,32908
equity,INE0GK401011,2026-09-10,1747.8905,1648.3108,1657.2,96077
equity,INE0GK401011,2026-09-11,1659.6,1597,1608.7,47765
equity,INE0GK401011,2026-09-14,1608.7,1608.7,1608.7,
equity,INE0GK401011,2026-09-15,1618,1540,1547.3,42445
equity,INE0GK401011,2026-09-16,1666.6,1520,1646.8,108813
equity,INE358U01012,2026-09-08,1120,1086.1,1113.1,49560
equity,INE358U01012,2026-09-09,1123.9,1095.9,1114.3,42339
equity,INE358U01012,2026-09-10,1118.8,1081.9,1099.5,37277
equity,INE358U01012,2026-09-11,1103.8,1081,1087.2,22932
equity,INE358U01012,2026-09-15,1124,1088,1113.1,53200
equity,INE358U01012,2026-09-16,1119.5,1095,1114.1,31804
equity,INE250A01039,2026-09-08,3719.8999,3670,3677.6001,2188
equity,INE250A01039,2026-09-09,3671.8,3606.3,3634.1001,3267
equity,INE250A01039,2026-09-10,3636,3550.8,3576.8,2662
equity,INE250A01039,2026-09-11,4055,3562.3,3828.3,639315
equity,INE250A01039,2026-09-14,3828.3,3828.3,3828.3,
equity,INE250A01039,2026-09-15,3983,3762,3834,37165
equity,INE250A01039,2026-09-16,3865,3636.1001,3770.2,15231
equity,INE094I01018,2026-09-08,448,437.2,441.95,46482
equity,INE094I01018,2026-09-09,451.9,431.15,442.8,92288
equity,INE094I01018,2026-09-10,484.9,442.3,451.15,1110209
equity,INE094I01018,2026-09-11,445,435,436.85,84268
equity,INE094I01018,2026-09-14,436.85,436.85,436.85,
equity,INE094I01018,2026-09-15,437.2,418.5,420.8,69335
equity,INE094I01018,2026-09-16,430.8,413.2,429.05,50419
equity,INE295D01020,2026-09-07,169,164.1,164.58,209008
equity,INE295D01020,2026-09-08,164.99,160,161,314539
equity,INE295D01020,2026-09-09,169.78,160,164.32,553243
equity,INE295D01020,2026-09-10,165.39,157.1,159.49,443221
equity,INE295D01020,2026-09-11,158.89,156.6,157.62,259054
equity,INE295D01020,2026-09-14,157.62,157.62,157.62,
equity,INE295D01020,2026-09-15,158.68,149.46,149.92,481375
equity,INE295D01020,2026-09-16,154.25,144,151.18,773700
equity,INE0ILV01024,2026-09-07,490.05,472,473.8,97805
equity,INE0ILV01024,2026-09-08,485.1,457.1,460.55,547944
equity,INE0ILV01024,2026-09-09,462.9,438.15,460.3,419478
equity,INE0ILV01024,2026-09-10,464.2,450,459.9,151245
equity,INE0ILV01024,2026-09-11,464.4,449.55,461.95,61095
equity,INE0ILV01024,2026-09-15,477.4,464.8,472.2,428715
equity,INE0ILV01024,2026-09-16,476.9,449.6,452.05,514372
equity,INE325D01025,2026-09-08,25.44,24.87,25,1484833
equity,INE325D01025,2026-09-09,25.42,24.55,24.99,11179609
equity,INE325D01025,2026-09-10,25.16,23.65,23.81,1497012
equity,INE325D01025,2026-09-11,24.17,23.44,23.99,3110385
equity,INE325D01025,2026-09-15,24.02,23.23,23.53,385853
equity,INE325D01025,2026-09-16,23.97,22.8,23.35,608340
equity,INE925R01014,2026-09-08,238.3539,233.4088,233.9824,427822
equity,INE925R01014,2026-09-09,233.4088,225.9911,228.7109,1394473
equity,INE925R01014,2026-09-10,230.8274,224.2109,225.19,955879
equity,INE925R01014,2026-09-11,226.45,223.5,224.38,532465
equity,INE925R01014,2026-09-14,224.38,224.38,224.38,
equity,INE925R01014,2026-09-15,236.9,220.99,222.91,1409704
equity,INE925R01014,2026-09-16,239,227.8,232.39,5544670
equity,INE332H01014,2026-09-08,3837.5032,3589.3403,3685.8538,26581
equity,INE332H01014,2026-09-09,3744.8782,3639.2919,3647.0686,8701
equity,INE332H01014,2026-09-10,3659.1331,3589.3404,3591.7332,7017
equity,INE332H01014,2026-09-11,3676.681,3452.0481,3512.4685,12309
equity,INE332H01014,2026-09-15,3533.8053,3336.8901,3367.2,32734
equity,INE332H01014,2026-09-16,3404.8,3198.8999,3373.3,47335
equity,INE270A01029,2026-09-08,7.89,7.38,7.46,28757241
equity,INE270A01029,2026-09-09,7.69,7.38,7.41,26216573
equity,INE270A01029,2026-09-10,7.66,7.35,7.4,21813064
equity,INE270A01029,2026-09-11,7.41,7.25,7.36,13200683
equity,INE270A01029,2026-09-14,7.36,7.36,7.36,
equity,INE270A01029,2026-09-15,7.65,7.35,7.38,16675898
equity,INE270A01029,2026-09-16,7.54,7.31,7.48,14618865
equity,INE056I01025,2026-09-07,284.65,276.5,277.15,192648
equity,INE056I01025,2026-09-08,278.8,275,275.85,155563
equity,INE056I01025,2026-09-09,276.75,271.1,273.15,177778
equity,INE056I01025,2026-09-10,275.6,268.6,269.95,160584
equity,INE056I01025,2026-09-11,275.3,264,273.55,234110
equity,INE056I01025,2026-09-14,273.55,273.55,273.55,
equity,INE056I01025,2026-09-15,274.15,265,265.85,184866
equity,INE056I01025,2026-09-16,269.95,258.1,260.9,259206
equity,INE351A01035,2026-09-07,591.25,548,569.75,309037
equity,INE351A01035,2026-09-08,575.2,552.4,555.6,72969
equity,INE351A01035,2026-09-09,564.45,534.15,542.7,94121
equity,INE351A01035,2026-09-10,549.5,527.55,532.7,73010
equity,INE351A01035,2026-09-11,544.2,522.05,539.7,59557
equity,INE351A01035,2026-09-15,548.95,515,519.05,57806
equity,INE351A01035,2026-09-16,530.1,497.8,524.25,65490
equity,INE349Y01013,2026-09-08,799,771,775.2,409710
equity,INE349Y01013,2026-09-09,784.8,736.45,747.45,650731
equity,INE349Y01013,2026-09-10,757.3,739,743.45,192541
equity,INE349Y01013,2026-09-11,742,724,733.95,164262
equity,INE349Y01013,2026-09-14,733.95,733.95,733.95,
equity,INE349Y01013,2026-09-15,740.25,702.3,704.25,238794
equity,INE349Y01013,2026-09-16,712,684,702.35,284850
equity,INE758D01027,2026-09-08,7.16,7.16,7.16,16938
equity,INE758D01027,2026-09-09,7.51,7.51,7.51,6845
equity,INE758D01027,2026-09-10,7.88,7.14,7.68,83496
equity,INE758D01027,2026-09-11,8.01,7.83,7.93,38784
equity,INE758D01027,2026-09-15,8.3,7.54,7.54,18874
equity,INE052V01019,2026-09-08,1370,1330,1343.6,37037
equity,INE052V01019,2026-09-09,1363.3,1320,1338.05,39380
equity,INE052V01019,2026-09-10,1350,1306.75,1314.5,32703
equity,INE052V01019,2026-09-11,1360,1248.8,1316.1,70316
equity,INE052V01019,2026-09-15,1317,1250.35,1255.55,49093
equity,INE0JPD01013,2026-09-07,476.6,455,470.9,358640
equity,INE0JPD01013,2026-09-08,479.9,467.85,470.5,111078
equity,INE0JPD01013,2026-09-09,488.05,472,480.35,243757
equity,INE0JPD01013,2026-09-10,492.7,477.55,483.1,210461
equity,INE0JPD01013,2026-09-11,489.05,468.05,472.1,142861
equity,INE0JPD01013,2026-09-15,480.2,453,461.4,58337
equity,INE0JPD01013,2026-09-16,461.35,443.05,454.05,95303
equity,INE834M01019,2026-09-07,28.8,27.5,28.14,1961722
equity,INE834M01019,2026-09-08,28.3,27.62,28.05,1114969
equity,INE834M01019,2026-09-09,28.18,27.43,27.61,1379212
equity,INE834M01019,2026-09-10,27.83,27.5,27.6,600161
equity,INE834M01019,2026-09-11,28,27,27.68,1756505
equity,INE834M01019,2026-09-14,27.68,27.68,27.68,
equity,INE834M01019,2026-09-15,28.28,26,27.01,2120638
equity,INE834M01019,2026-09-16,27.14,26.51,26.74,2671333
equity,INE0XAD01024,2026-09-07,1078.9,1051,1062.6,11743
equity,INE0XAD01024,2026-09-08,1093,1058.1,1078.4,11134
equity,INE0XAD01024,2026-09-09,1084.2,1055,1059.1,13692
equity,INE0XAD01024,2026-09-10,1076.8,1043.3,1065.5,77450
equity,INE0XAD01024,2026-09-11,1066.7,1005.5,1016.4,61358
equity,INE0XAD01024,2026-09-15,1033,967.6,974.3,50494
equity,INE0XAD01024,2026-09-16,989.9,951.6,975.3,14345
equity,INE455I01029,2026-09-08,734.9,724.3,728.5,44628
equity,INE455I01029,2026-09-09,730.4,720,722.05,53257
equity,INE455I01029,2026-09-10,729.25,712,718.05,49514
equity,INE455I01029,2026-09-11,721,706.05,715.85,80701
equity,INE455I01029,2026-09-14,715.85,715.85,715.85,
equity,INE455I01029,2026-09-15,728.95,694.25,697.9,66169
equity,INE455I01029,2026-09-16,704.1,685.4,690.45,57443
equity,INE142Z01019,2026-09-08,177.84,174.5,175.54,83726
equity,INE142Z01019,2026-09-09,176.99,171.2,175.11,324397
equity,INE142Z01019,2026-09-10,176.25,173.06,173.64,45431
equity,INE142Z01019,2026-09-11,175.45,171.2,173.56,143546
equity,INE142Z01019,2026-09-15,174.95,168.54,169.17,138909
equity,INE142Z01019,2026-09-16,171.32,166,168.4,119138
equity,INE193E01025,2026-09-07,345,331.15,342.1,243527
equity,INE193E01025,2026-09-08,341.85,335,339.95,97393
equity,INE193E01025,2026-09-09,341.9,335.7,339.8,90932
equity,INE193E01025,2026-09-10,346.15,336.1,337.75,142088
equity,INE193E01025,2026-09-11,338.5,327.8,335.3,102318
equity,INE193E01025,2026-09-14,335.3,335.3,335.3,
equity,INE193E01025,2026-09-15,340.4,326.4,328.4,127113
equity,INE193E01025,2026-09-16,328.35,319.05,322.55,93301
equity,INE132H01018,2026-09-07,694,665.15,668.7,203606
equity,INE132H01018,2026-09-08,684.3,667.75,672.1,115133
equity,INE132H01018,2026-09-09,676.5,663,664.95,119925
equity,INE132H01018,2026-09-10,678,664.95,671.15,84200
equity,INE132H01018,2026-09-11,689.5,665.05,680.85,163921
equity,INE132H01018,2026-09-15,725.95,687,698.65,306875
equity,INE132H01018,2026-09-16,706,685,688,96488
equity,INE461C01038,2026-09-08,305.35,297.35,299.35,104416
equity,INE461C01038,2026-09-09,299.85,292.2,293.65,148974
equity,INE461C01038,2026-09-10,298.5,291,296.7,114718
equity,INE461C01038,2026-09-11,295,287.5,290.25,151520
equity,INE461C01038,2026-09-15,295,277.5,280.1,133626
equity,INE461C01038,2026-09-16,284.2,275,281.1,99357
equity,INE989A01032,2026-09-07,443.95,434.2,438.6,194873
equity,INE989A01032,2026-09-08,445.85,428.45,441.2,224364
equity,INE989A01032,2026-09-09,450.35,437.7,443.05,171856
equity,INE989A01032,2026-09-10,444.85,431.3,434.15,129546
equity,INE989A01032,2026-09-11,433,420.1,426.5,256297
equity,INE989A01032,2026-09-15,438.15,400,401.5,514577
equity,INE989A01032,2026-09-16,411,395.3,408.25,277650
equity,INE12NJ01018,2026-09-07,134,127.98,133.53,2426547
equity,INE12NJ01018,2026-09-08,134.83,126.98,128.67,1530368
equity,INE12NJ01018,2026-09-09,132.6,127.57,130.44,2972046
equity,INE12NJ01018,2026-09-10,135.9,129.43,132.51,2348033
equity,INE12NJ01018,2026-09-11,134.75,129.01,131.08,1936674
equity,INE12NJ01018,2026-09-15,132,128.32,128.96,1638704
equity,INE12NJ01018,2026-09-16,130.27,123.75,128.4,2221545
equity,INE753U01022,2026-09-08,1209.5497,1149.0224,1185.9171,105696
equity,INE753U01022,2026-09-09,1199.1792,1138.8513,1146.33,159356
equity,INE753U01022,2026-09-10,1198,1127.3,1171.3,229899
equity,INE753U01022,2026-09-11,1215,1146.1,1188.3,136129
equity,INE753U01022,2026-09-15,1199.9,1101,1106.3,113571
equity,INE753U01022,2026-09-16,1147.3,1062,1119.7,143859
equity,INE278H01035,2026-09-08,623.7965,611.4259,622.3557,80151
equity,INE278H01035,2026-09-09,630.8015,617.0399,621.0143,92102
equity,INE278H01035,2026-09-10,639.8932,617.1889,623.25,168956
equity,INE278H01035,2026-09-11,624.95,610.2,618.6,99497
equity,INE278H01035,2026-09-14,618.6,618.6,618.6,
equity,INE278H01035,2026-09-15,628,607.3,610.35,119259
equity,INE278H01035,2026-09-16,616.35,577,583.25,313579
equity,INE0EK901012,2026-09-08,136.49,130.6,131.53,643556
equity,INE0EK901012,2026-09-09,133.9,127.11,129.78,519332
equity,INE0EK901012,2026-09-10,132.49,128,128.56,496359
equity,INE0EK901012,2026-09-11,132.59,126.4,131.39,472565
equity,INE0EK901012,2026-09-15,132.4,126.1,126.61,473899
equity,INE0EK901012,2026-09-16,129.24,124.1,128.81,437372
equity,INE633B01018,2026-09-08,1177.6,1141.5,1149.6,51471
equity,INE633B01018,2026-09-09,1158.8,1135.1,1140,36081
equity,INE633B01018,2026-09-10,1152.2,1112.2,1125.3,75614
equity,INE633B01018,2026-09-11,1149.9,1102.6,1134.2,72017
equity,INE633B01018,2026-09-14,1134.2,1134.2,1134.2,
equity,INE633B01018,2026-09-15,1138.3,1091.1,1093.8,46033
equity,INE633B01018,2026-09-16,1100,1054.6,1079.7,57907
equity,INE822C01015,2026-09-08,3920.3,3802.2,3874.7,9186
equity,INE822C01015,2026-09-09,3879.8999,3802.2,3819.7,4307
equity,INE822C01015,2026-09-10,3950,3822,3856.1001,9504
equity,INE822C01015,2026-09-11,3911.8,3801,3871,5134
equity,INE822C01015,2026-09-15,3879.3,3657.5,3692.1001,5613
equity,INE822C01015,2026-09-16,3890,3655,3863,10088
equity,INE01EO01010,2026-09-08,2611.1001,2611.1001,2611.1001,12874
equity,INE01EO01010,2026-09-09,2741.6001,2571,2741.6001,22007
equity,INE01EO01010,2026-09-10,2878.6001,2878,2878.6001,10777
equity,INE01EO01010,2026-09-11,3022.5,2752,3022.5,47215
equity,INE01EO01010,2026-09-15,3173.6001,2951.1001,3173.6001,29046
equity,INE01EO01010,2026-09-16,3132.5,3015,3083.7,19711
equity,INE932X01026,2026-09-08,172.0851,168.1267,170.41,191854
equity,INE932X01026,2026-09-09,196.6,168.71,189.46,28867559
equity,INE932X01026,2026-09-10,212.33,191.01,196.32,58611177
equity,INE932X01026,2026-09-11,204.87,192.3,198.93,15203480
equity,INE932X01026,2026-09-14,198.93,198.93,198.93,
equity,INE932X01026,2026-09-15,207.36,193.06,197.2,4211096
equity,INE932X01026,2026-09-16,199.8,188.05,196.05,1855263
equity,INE576I01022,2026-09-08,494.7,486.55,488.6,24752
equity,INE576I01022,2026-09-09,490,480.35,483.55,37410
equity,INE576I01022,2026-09-10,489.9,481.1,483.4,23678
equity,INE576I01022,2026-09-11,481.75,475,475.85,37901
equity,INE576I01022,2026-09-15,486.95,470,473.15,61527
equity,INE576I01022,2026-09-16,490,466,480.4,50757
equity,INE567L01025,2026-09-08,85.69,82.4,83.97,218982
equity,INE567L01025,2026-09-09,84.8,83,83.12,190699
equity,INE567L01025,2026-09-10,84.34,82,82.95,148219
equity,INE567L01025,2026-09-11,83.94,79.51,82.53,374945
equity,INE567L01025,2026-09-15,84,80.1,81.22,389076
equity,INE884A01027,2026-09-08,217.95,214.5,215.98,166004
equity,INE884A01027,2026-09-09,218.12,213.1,214.25,178200
equity,INE884A01027,2026-09-10,221.79,213,215.96,257975
equity,INE884A01027,2026-09-11,216.1,210,212.58,187970
equity,INE884A01027,2026-09-15,217.98,208.9,209.3,158830
equity,INE884A01027,2026-09-16,211.34,204.05,210.66,196654
equity,INE0MWH01014,2026-09-07,433.85,420,424.1,73764
equity,INE0MWH01014,2026-09-08,425.5,410.85,415.7,139457
equity,INE0MWH01014,2026-09-09,428.6,415,421.15,119790
equity,INE0MWH01014,2026-09-10,424.05,414.35,419.65,92623
equity,INE0MWH01014,2026-09-11,423.95,413.55,416.35,99815
equity,INE0MWH01014,2026-09-15,428,400,411.65,224114
equity,INE0MWH01014,2026-09-16,427.5,407,422.7,454449
equity,INE063E01061,2026-09-08,477.35,466.5,469.45,198450
equity,INE063E01061,2026-09-09,479.4,465,466.95,581693
equity,INE063E01061,2026-09-10,470,454.05,457.55,411795
equity,INE063E01061,2026-09-11,462.95,445.05,454.15,414804
equity,INE063E01061,2026-09-15,459.55,432.1,435.3,443507
equity,INE063E01061,2026-09-16,468.35,427.6,452.9,1246747
equity,INE415I01015,2026-09-07,603.95,565.05,583.2,3877065
equity,INE415I01015,2026-09-08,603.5,569,588.1,2404145
equity,INE415I01015,2026-09-09,600.5,546.6,550.75,2378104
equity,INE415I01015,2026-09-10,556.4,520.55,523.1,1189208
equity,INE415I01015,2026-09-11,541,512.1,537.35,1067749
equity,INE415I01015,2026-09-14,537.35,537.35,537.35,
equity,INE415I01015,2026-09-15,544.15,520,522.85,551796
equity,INE415I01015,2026-09-16,526.2,492,513.4,797097
equity,INE578A01017,2026-09-07,155.0306,152.5739,153.482,428563
equity,INE578A01017,2026-09-08,154.371,151.6275,152.679,341014
equity,INE578A01017,2026-09-09,153.4246,152.4592,152.8128,326934
equity,INE578A01017,2026-09-10,153.1952,151.0444,151.79,467802
equity,INE578A01017,2026-09-11,150.95,147.8,149.8,314126
equity,INE578A01017,2026-09-14,149.8,149.8,149.8,
equity,INE578A01017,2026-09-15,154,145.1,145.97,283324
equity,INE578A01017,2026-09-16,145.93,139.95,141.2,291014
equity,INE764D01017,2026-09-07,4182.6924,4087.4869,4106.2695,6410
equity,INE764D01017,2026-09-08,4138.0711,4093.6487,4101.897,3982
equity,INE764D01017,2026-09-09,4111.835,4038.7909,4049.0271,9863
equity,INE764D01017,2026-09-10,4094.7415,4036.9028,4055.9836,5896
equity,INE764D01017,2026-09-11,4063.5364,4001.3249,4017.8218,6213
equity,INE764D01017,2026-09-14,4017.8218,4017.8218,4017.8218,
equity,INE764D01017,2026-09-15,4059.6607,3984.5295,4005.3,7195
equity,INE764D01017,2026-09-16,4060.6001,3950,3996.5,7697
equity,INE0S3G01027,2026-09-07,171.72,159.99,161.09,1573488
equity,INE0S3G01027,2026-09-08,164,156.73,160.31,946446
equity,INE0S3G01027,2026-09-09,163.5,158.8,160.68,802379
equity,INE0S3G01027,2026-09-10,161.9,158.3,159,517537
equity,INE0S3G01027,2026-09-11,159.8,155.71,158.33,474369
equity,INE0S3G01027,2026-09-14,158.33,158.33,158.33,
equity,INE0S3G01027,2026-09-15,161.97,152.9,153.6,628622
equity,INE0S3G01027,2026-09-16,155.29,150.25,152.5,657101
equity,INE365D01021,2026-09-08,350.85,345,346.3,18213
equity,INE365D01021,2026-09-09,350,345.05,349.1,18098
equity,INE365D01021,2026-09-10,352,344.9,347.9,19176
equity,INE365D01021,2026-09-11,349.75,340,346.75,26317
equity,INE365D01021,2026-09-15,346.4,340.5,341.9,26206
equity,INE365D01021,2026-09-16,354.4,332.95,348.35,47881
equity,INE0AJG01018,2026-09-08,125.44,124.05,124.41,227721
equity,INE0AJG01018,2026-09-09,125.4,122.15,123.18,310633
equity,INE0AJG01018,2026-09-10,123.75,120.51,120.95,409114
equity,INE0AJG01018,2026-09-11,121.48,119.21,120.62,254402
equity,INE0AJG01018,2026-09-14,120.62,120.62,120.62,
equity,INE0AJG01018,2026-09-15,122.97,116.2,117.18,524451
equity,INE0AJG01018,2026-09-16,118.05,115.2,117.67,159925
equity,INE391J01032,2026-09-07,92.2911,87.8772,89.3851,2749009
equity,INE391J01032,2026-09-08,90.2739,87.6376,89.4251,3728512
equity,INE391J01032,2026-09-09,89.9144,85.5804,87.6775,3517545
equity,INE391J01032,2026-09-10,91.2325,87.0484,89.475,4005608
equity,INE391J01032,2026-09-11,89.39,86.4,88.68,2156849
equity,INE391J01032,2026-09-14,88.68,88.68,88.68,
equity,INE391J01032,2026-09-15,89.39,80.25,82.47,3227041
equity,INE391J01032,2026-09-16,85.1,79.36,84.6,3750486
equity,INE189B01011,2026-09-08,2145,2063,2114.8999,63027
equity,INE189B01011,2026-09-09,2155,2102.7,2146.5,47541
equity,INE189B01011,2026-09-10,2170,2135,2142.8999,28582
equity,INE189B01011,2026-09-11,2127.5,2100,2113.1001,34221
equity,INE189B01011,2026-09-15,2130.1001,2018.3,2034.2,22209
equity,INE189B01011,2026-09-16,2091.3999,2015,2059.7,32770
equity,INE229H01012,2026-09-07,636.9941,622.1629,624.5519,38469
equity,INE229H01012,2026-09-08,661.3312,616.9372,652.0741,527875
equity,INE229H01012,2026-09-09,659.9377,644.2107,648.2419,109474
equity,INE229H01012,2026-09-10,662.4261,630.4246,646.5,188865
equity,INE229H01012,2026-09-11,652.95,636.55,651.05,63163
equity,INE229H01012,2026-09-15,665,640.25,643.15,182683
equity,INE229H01012,2026-09-16,640.35,615.25,628,122404
equity,INE0FFK01017,2026-09-08,1753.5,1692.2,1716.5,22167
equity,INE0FFK01017,2026-09-09,1745,1621,1680.5,71432
equity,INE0FFK01017,2026-09-10,1742,1664.1,1718.5,25134
equity,INE0FFK01017,2026-09-11,1723.1,1663.4,1686.1,20477
equity,INE0FFK01017,2026-09-15,1700,1630,1639.5,27585
equity,INE0FFK01017,2026-09-16,1934,1673.5,1834.6,3027973
equity,INE050H01012,2026-09-08,1423.5,1350.9,1390,207077
equity,INE050H01012,2026-09-09,1408.8,1356.2,1364.3,77426
equity,INE050H01012,2026-09-10,1440,1361.7,1408.9,187566
equity,INE050H01012,2026-09-11,1415.9,1340.1,1360,72216
equity,INE050H01012,2026-09-14,1360,1360,1360,
equity,INE050H01012,2026-09-15,1371.6,1300,1306.5,36201
equity,INE050H01012,2026-09-16,1320,1229.8,1268.1,72986
equity,INE294Z01018,2026-09-08,1775.9,1717,1725.6,22344
equity,INE294Z01018,2026-09-09,1760,1710.1,1744.5,16835
equity,INE294Z01018,2026-09-10,1760.9,1703,1719.4,16776
equity,INE294Z01018,2026-09-11,1708,1650,1664.3,34067
equity,INE294Z01018,2026-09-15,1679,1611.1,1616.1,24723
equity,INE294Z01018,2026-09-16,1667.4,1582,1637,22345
equity,INE863B01029,2026-09-08,678.8,663.1,677.7,317368
equity,INE863B01029,2026-09-09,679,664.05,666.6,572139
equity,INE863B01029,2026-09-10,672,666,667.05,239866
equity,INE863B01029,2026-09-11,668.85,663.35,668,98184
equity,INE863B01029,2026-09-15,669.95,663.2,668.3,192979
equity,INE863B01029,2026-09-16,668.75,663.1,667.85,188663
equity,INE495A01022,2026-09-07,463,441,447.8,292054
equity,INE495A01022,2026-09-08,457.2,439,450.35,113835
equity,INE495A01022,2026-09-09,453,431.1,433,204730
equity,INE495A01022,2026-09-10,442.5,429,431.5,150046
equity,INE495A01022,2026-09-11,436.9,414,417.35,313193
equity,INE495A01022,2026-09-14,417.35,417.35,417.35,
equity,INE495A01022,2026-09-15,416.55,396,398.2,191352
equity,INE495A01022,2026-09-16,401.65,386.85,393.1,145874
equity,INE978A01027,2026-09-08,385.15,376.5,382.15,264313
equity,INE978A01027,2026-09-09,383.3,377,380.1,279635
equity,INE978A01027,2026-09-10,403.5,376.3,398.05,2057299
equity,INE978A01027,2026-09-11,425,389,417.4,3638335
equity,INE978A01027,2026-09-14,417.4,417.4,417.4,
equity,INE978A01027,2026-09-15,419.95,391.3,393.85,572936
equity,INE978A01027,2026-09-16,413.6,384.3,408.65,774943
equity,INE710A01016,2026-09-07,208.5,205.97,206.96,94351
equity,INE710A01016,2026-09-08,207.5,205.5,206.74,87161
equity,INE710A01016,2026-09-09,209.31,205.1,208.59,122818
equity,INE710A01016,2026-09-10,208.77,205.7,206.46,96791
equity,INE710A01016,2026-09-11,206.45,203,203.93,169400
equity,INE710A01016,2026-09-14,203.93,203.93,203.93,
equity,INE710A01016,2026-09-15,206.49,202.1,203.4,101421
equity,INE710A01016,2026-09-16,204.2,201,202.14,107614
equity,INE150G01020,2026-09-08,1169.9,1121.1,1128.4,28385
equity,INE150G01020,2026-09-09,1138.8,1118.1,1122.6,14747
equity,INE150G01020,2026-09-10,1136.8,1105.1,1109.2,8661
equity,INE150G01020,2026-09-11,1118.4,1097,1098.6,16241
equity,INE150G01020,2026-09-15,1139.8,1052.2,1056.7,34774
equity,INE150G01020,2026-09-16,1063.8,1030,1032.4,36476
equity,INE1SY401010,2026-09-07,558.8,530,553.7,510573
equity,INE1SY401010,2026-09-08,592.2,549.3,582.5,872805
equity,INE1SY401010,2026-09-09,596.15,563.6,580.65,684383
equity,INE1SY401010,2026-09-10,580.95,567.1,572.05,277667
equity,INE1SY401010,2026-09-11,585.6,565,583.55,650450
equity,INE1SY401010,2026-09-14,583.55,583.55,583.55,
equity,INE1SY401010,2026-09-15,615,575,584,2720847
equity,INE1SY401010,2026-09-16,593.85,561.1,565.35,509994
equity,INE050M01012,2026-09-08,363.3,351.3,356.6,71289
equity,INE050M01012,2026-09-09,368.1,352.8,362.75,78919
equity,INE050M01012,2026-09-10,423.85,363,392,8306199
equity,INE050M01012,2026-09-11,405,381.25,397.45,621233
equity,INE050M01012,2026-09-15,401.4,382,389.1,203103
equity,INE050M01012,2026-09-16,410.5,379.15,405.85,383697
equity,INE634I01029,2026-09-07,125.39,121.7074,122.5058,995698
equity,INE634I01029,2026-09-08,122.2263,118.3141,119.4818,860201
equity,INE634I01029,2026-09-09,124.2523,118.2742,122.6555,1894420
equity,INE634I01029,2026-09-10,127.4459,121.9269,123.4339,2823405
equity,INE634I01029,2026-09-11,126.2883,119.372,125.41,2245207
equity,INE634I01029,2026-09-14,125.41,125.41,125.41,
equity,INE634I01029,2026-09-15,126.45,120.62,121.22,956758
equity,INE634I01029,2026-09-16,122.82,117.49,121.82,1757869
equity,INE046W01019,2026-09-07,206.5,196.3,197.93,654148
equity,INE046W01019,2026-09-08,202.45,196.2,201.57,146026
equity,INE046W01019,2026-09-09,202,196,197.1,242835
equity,INE046W01019,2026-09-10,198.3,195.78,196.13,140143
equity,INE046W01019,2026-09-11,197,190.25,196.48,130018
equity,INE046W01019,2026-09-14,196.48,196.48,196.48,
equity,INE046W01019,2026-09-15,199.31,183.6,187.61,333669
equity,INE046W01019,2026-09-16,192.3,185.34,187.41,216939
equity,INE0LLY01014,2026-09-07,204.7,197.25,198.33,824767
equity,INE0LLY01014,2026-09-08,200,195.68,196.2,1029574
equity,INE0LLY01014,2026-09-09,215,203.75,206.06,13186612
equity,INE0LLY01014,2026-09-10,215.74,209,211.65,5829468
equity,INE0LLY01014,2026-09-11,209,202.09,207.11,1550750
equity,INE0LLY01014,2026-09-14,207.11,207.11,207.11,
equity,INE0LLY01014,2026-09-15,208.25,196,196.91,875481
equity,INE0LLY01014,2026-09-16,198.99,190.5,194.87,495748
equity,INE950I01011,2026-09-08,195.51,193.4,195.3,29713
equity,INE950I01011,2026-09-09,195.98,190.22,190.55,99526
equity,INE950I01011,2026-09-10,193.8,189,189.67,65563
equity,INE950I01011,2026-09-11,191.94,188.1,190.79,45053
equity,INE950I01011,2026-09-15,191.74,184,184.73,119959
equity,INE950I01011,2026-09-16,188.3,182.51,186.49,46882
equity,INE185Q01025,2026-09-07,121,114.4,114.82,44559124
equity,INE185Q01025,2026-09-08,118,107.2,108.12,21758832
equity,INE185Q01025,2026-09-09,110.25,105.41,106.32,20414218
equity,INE185Q01025,2026-09-10,110.75,102.5,107.93,19091007
equity,INE185Q01025,2026-09-11,112.8,105.65,108.81,22447623
equity,INE185Q01025,2026-09-14,108.81,108.81,108.81,
equity,INE185Q01025,2026-09-15,110.64,100.62,103.16,7645621
equity,INE185Q01025,2026-09-16,102.99,98.05,100.29,9170859
equity,INE812G01025,2026-09-07,443.567,387.0722,397.5619,3870958
equity,INE812G01025,2026-09-08,409.0007,393.7656,398.7607,634613
equity,INE812G01025,2026-09-09,417.2927,401.6579,406.9028,523724
equity,INE812G01025,2026-09-10,420.5894,406.6031,417.0429,561774
equity,INE812G01025,2026-09-11,468.5426,414.1457,462.998,10401534
equity,INE812G01025,2026-09-14,462.998,462.998,462.998,
equity,INE812G01025,2026-09-15,481.5299,397.1123,409.75,4315277
equity,INE812G01025,2026-09-16,413.35,393.25,402.95,802581
equity,INE488V01015,2026-09-08,886.45,858.85,875.4,37405
equity,INE488V01015,2026-09-09,896,865.4,879.95,48818
equity,INE488V01015,2026-09-10,882.7,864,865.05,17189
equity,INE488V01015,2026-09-11,865,840.2,846.4,52797
equity,INE488V01015,2026-09-15,854.85,813,821.3,58315
equity,INE488V01015,2026-09-16,829,796.75,813.75,37931
equity,INE976R01033,2026-09-07,291,275.55,277.15,1078054
equity,INE976R01033,2026-09-08,276.55,270.05,271.65,297151
equity,INE976R01033,2026-09-09,302.65,269.05,283.2,8760571
equity,INE976R01033,2026-09-10,292.8,275.55,276.7,1376698
equity,INE976R01033,2026-09-11,275.2,271,272.95,223061
equity,INE976R01033,2026-09-15,274.85,255.8,264.15,382898
equity,INE976R01033,2026-09-16,273,260.05,262.4,972013
equity,INE870D01012,2026-09-08,70.2126,69.0601,69.2965,444515
equity,INE870D01012,2026-09-09,69.3162,68.6563,68.9321,421662
equity,INE870D01012,2026-09-10,70.0353,68.2031,68.41,738161
equity,INE870D01012,2026-09-11,68.74,67.6,68.49,498200
equity,INE870D01012,2026-09-14,68.49,68.49,68.49,
equity,INE870D01012,2026-09-15,68.86,67.1,67.18,471098
equity,INE870D01012,2026-09-16,67.13,65.3,66.29,543894
equity,INE816B01035,2026-09-07,79.4165,75.9883,76.3271,990763
equity,INE816B01035,2026-09-08,76.9749,74.6031,76.1777,704694
equity,INE816B01035,2026-09-09,76.646,74.8024,75.2907,994318
equity,INE816B01035,2026-09-10,76.2673,74.902,75.9883,654464
equity,INE816B01035,2026-09-11,90.588,74.0151,87.11,38898608
equity,INE816B01035,2026-09-14,87.11,87.11,87.11,
equity,INE816B01035,2026-09-15,91.3,80.05,82.41,8356838
equity,INE816B01035,2026-09-16,88,80.3,87.22,4977769
equity,INE414D01027,2026-09-08,261.6,258.35,259.05,67906
equity,INE414D01027,2026-09-09,265.95,256.6,262.55,43494
equity,INE414D01027,2026-09-10,264.45,257.5,258.2,25913
equity,INE414D01027,2026-09-11,261,254.6,258.75,21384
equity,INE414D01027,2026-09-15,258.75,246.1,250,54531
equity,INE414D01027,2026-09-16,251.5,242,244.25,89444
equity,INE08U801020,2026-09-08,158.09,153.42,155.61,806381
equity,INE08U801020,2026-09-09,156.2,151.82,152.43,989725
equity,INE08U801020,2026-09-10,172.5,151.1,160.2,14028183
equity,INE08U801020,2026-09-11,160,156.13,157.07,1091697
equity,INE08U801020,2026-09-14,157.07,157.07,157.07,
equity,INE08U801020,2026-09-15,158.99,152.25,152.73,468454
equity,INE08U801020,2026-09-16,164,149,160.27,4543493
equity,INE552U01010,2026-09-08,3712.3501,3422.05,3669.25,20704
equity,INE552U01010,2026-09-09,3771,3552.8501,3579.8501,6980
equity,INE552U01010,2026-09-10,3600,3469.55,3514.3999,4038
equity,INE552U01010,2026-09-11,3700,3423.8,3642.5,7809
equity,INE552U01010,2026-09-15,3748.1001,3400,3445,2817
equity,INE066O01014,2026-09-08,532,515,518.4,43440
equity,INE066O01014,2026-09-09,524.95,510.2,517.1,29909
equity,INE066O01014,2026-09-10,521.45,517.15,519.05,17917
equity,INE066O01014,2026-09-11,530.45,504.1,520.95,73285
equity,INE066O01014,2026-09-15,530.15,510,514.2,73992
equity,INE066O01014,2026-09-16,520,504.65,517.6,54569
equity,INE0JA001018,2026-09-08,1987,1785,1949.9,1040708
equity,INE0JA001018,2026-09-09,1998,1907,1930.1,287398
equity,INE0JA001018,2026-09-10,1992.2,1909.6,1949.1,171606
equity,INE0JA001018,2026-09-11,2044.4,1909.4,2020.1,301736
equity,INE0JA001018,2026-09-14,2020.1,2020.1,2020.1,
equity,INE0JA001018,2026-09-15,2033.9,1931.1,1941.6,238550
equity,INE0JA001018,2026-09-16,1969.4,1860,1938.1,218548
equity,INE03CC01015,2026-09-07,2273.8999,2191.1001,2206.6001,8080
equity,INE03CC01015,2026-09-08,2230,2160.3999,2177.8,4836
equity,INE03CC01015,2026-09-09,2223.3,2170,2191.1001,2958
equity,INE03CC01015,2026-09-10,2211.7,2093,2101,11340
equity,INE03CC01015,2026-09-11,2142,2041,2105.8,7884
equity,INE03CC01015,2026-09-15,2151.8999,2079,2082,4591
equity,INE03CC01015,2026-09-16,2114.8999,2052,2096.3999,4036
equity,INE0RUV01018,2026-09-07,1635,1541.05,1622.5,34000
equity,INE0RUV01018,2026-09-08,1686.9,1619.7,1681.35,27000
equity,INE0RUV01018,2026-09-09,1679,1642,1656.35,21000
equity,INE0RUV01018,2026-09-10,1775.95,1657,1748.55,72200
equity,INE0RUV01018,2026-09-11,1800,1746.9,1772.95,50800
equity,INE0RUV01018,2026-09-15,1798.95,1645,1656.35,63000
equity,INE818A01017,2026-09-07,1024,930,985.3,2854173
equity,INE818A01017,2026-09-08,1127.5,971.4,1099.15,9401224
equity,INE818A01017,2026-09-09,1218.3,1107.45,1169.4,13072209
equity,INE818A01017,2026-09-10,1169.9,1090.5,1124.1,2976174
equity,INE818A01017,2026-09-11,1200,1114.15,1139.35,4164751
equity,INE818A01017,2026-09-14,1139.35,1139.35,1139.35,
equity,INE818A01017,2026-09-15,1173.15,1036.95,1057.8,1129576
equity,INE818A01017,2026-09-16,1214.45,996.1,1170.95,4318807
equity,INE643A01035,2026-09-08,122.46,120.1,121.28,94919
equity,INE643A01035,2026-09-09,122,120,121.26,124349
equity,INE643A01035,2026-09-10,121.8,119.5,119.93,172948
equity,INE643A01035,2026-09-11,121.25,118.52,120.55,79648
equity,INE643A01035,2026-09-14,120.55,120.55,120.55,
equity,INE643A01035,2026-09-15,121.74,117,117.36,93642
equity,INE643A01035,2026-09-16,118.09,114.82,117.12,70000
equity,INE124E01038,2026-09-08,332.8,319.35,331.6,76516
equity,INE124E01038,2026-09-09,336.2,320.35,324.8,78377
equity,INE124E01038,2026-09-10,330.35,321.5,323.55,45339
equity,INE124E01038,2026-09-11,328.75,315,325.25,102466
equity,INE124E01038,2026-09-14,325.25,325.25,325.25,
equity,INE124E01038,2026-09-15,330,311,312.75,49977
equity,INE124E01038,2026-09-16,314.65,292.2,299.25,290998
equity,INE0L9R01028,2026-09-07,267.9,263.5,266.3,92027
equity,INE0L9R01028,2026-09-08,267.7,263,264.2,91892
equity,INE0L9R01028,2026-09-09,264,261,261.85,53441
equity,INE0L9R01028,2026-09-10,263.85,259,260.5,86921
equity,INE0L9R01028,2026-09-11,260.85,253.45,257.35,94401
equity,INE0L9R01028,2026-09-15,259.95,248.1,249.3,99187
equity,INE0L9R01028,2026-09-16,257.95,248,254.4,117717
equity,INE0I0M01023,2026-09-07,245,231,243.39,1535655
equity,INE0I0M01023,2026-09-08,260,244.05,253.55,1160678
equity,INE0I0M01023,2026-09-09,262.8,242.46,246.58,597234
equity,INE0I0M01023,2026-09-10,252.1,244.43,247.58,118160
equity,INE0I0M01023,2026-09-11,247,230.4,244.64,816981
equity,INE0I0M01023,2026-09-14,244.64,244.64,244.64,
equity,INE0I0M01023,2026-09-15,251,235.25,239.42,307312
equity,INE0I0M01023,2026-09-16,239.5,222.85,226.58,175244
equity,INE116A01032,2026-09-08,633.05,601,612.15,262125
equity,INE116A01032,2026-09-09,618.9,606.05,615.45,67048
equity,INE116A01032,2026-09-10,618.9,601.2,603.8,81232
equity,INE116A01032,2026-09-11,604.55,590,601.15,92249
equity,INE116A01032,2026-09-15,610,575,576.7,118177
equity,INE116A01032,2026-09-16,591.1,560.85,581.1,157464
equity,INE11XY01018,2026-09-07,506.9,483.6,490.25,495341
equity,INE11XY01018,2026-09-08,496,481,484.35,273491
equity,INE11XY01018,2026-09-09,493.4,481.35,486.3,245505
equity,INE11XY01018,2026-09-10,489.9,468,470.8,333760
equity,INE11XY01018,2026-09-11,480.35,460,474.15,290791
equity,INE11XY01018,2026-09-15,486.3,467,474.7,292036
equity,INE11XY01018,2026-09-16,484.6,468,475.4,380300
equity,INE139R01012,2026-09-08,203.33,197.82,202.06,508211
equity,INE139R01012,2026-09-09,201,194,194.93,787463
equity,INE139R01012,2026-09-10,196.68,189.98,190.68,702387
equity,INE139R01012,2026-09-11,193.45,184.42,189.72,1012761
equity,INE139R01012,2026-09-15,193.68,187.45,188.18,495689
equity,INE139R01012,2026-09-16,188.97,182.13,182.73,528706
equity,INE837H01020,2026-09-08,301.75,296.3,298.85,180305
equity,INE837H01020,2026-09-09,302.9,296,299.5,159172
equity,INE837H01020,2026-09-10,311,298.8,303.35,461639
equity,INE837H01020,2026-09-11,303.35,292,293.4,216076
equity,INE837H01020,2026-09-15,297,286.15,287.7,247159
equity,INE837H01020,2026-09-16,293.2,282.05,287.85,179412
equity,INE549H01021,2026-09-07,524.7,508.3,516.3,133960
equity,INE549H01021,2026-09-08,515.55,508.4,513.65,101733
equity,INE549H01021,2026-09-09,513,505,505.55,81100
equity,INE549H01021,2026-09-10,510,500,502.05,81397
equity,INE549H01021,2026-09-11,501,488,490.25,176505
equity,INE549H01021,2026-09-14,490.25,490.25,490.25,
equity,INE549H01021,2026-09-15,499.9,475.05,479.65,149916
equity,INE549H01021,2026-09-16,514.75,470.55,496.95,261121
equity,INE482D01024,2026-09-07,1165,1105.1,1152.6,198641
equity,INE482D01024,2026-09-08,1194,1140,1155,147684
equity,INE482D01024,2026-09-09,1188.9,1156,1180.3,113525
equity,INE482D01024,2026-09-10,1211,1170.3,1178.5,150482
equity,INE482D01024,2026-09-11,1172,1145.3,1161.9,67653
equity,INE482D01024,2026-09-15,1164.5,1123,1126.8,73083
equity,INE482D01024,2026-09-16,1131.6,1091.3,1118.4,74682
equity,INE442H01029,2026-09-08,115.6,113.56,114.27,633887
equity,INE442H01029,2026-09-09,114.09,113.25,113.58,473674
equity,INE442H01029,2026-09-10,114.5,112.85,113.53,492184
equity,INE442H01029,2026-09-11,114.24,111.15,113.86,682933
equity,INE442H01029,2026-09-14,113.86,113.86,113.86,
equity,INE442H01029,2026-09-15,114.32,110.9,111.37,542158
equity,INE442H01029,2026-09-16,111.67,107.37,108.76,768105
equity,INE707A01012,2026-09-07,2952.6001,2750.3,2765,214917
equity,INE707A01012,2026-09-08,2824.5,2690,2793.7,91884
equity,INE707A01012,2026-09-09,2951,2777.8,2916.3999,163314
equity,INE707A01012,2026-09-10,2948.6001,2800.1001,2818.3,61035
equity,INE707A01012,2026-09-11,2865.5,2760.6001,2813.5,64033
equity,INE707A01012,2026-09-14,2813.5,2813.5,2813.5,
equity,INE707A01012,2026-09-15,2842.3999,2600,2617.7,100076
equity,INE707A01012,2026-09-16,2631.8999,2486.7,2586.5,71256
equity,INE855C01023,2026-09-07,75.5601,73.6564,74.9621,1728404
equity,INE855C01023,2026-09-08,75.8691,74.0551,74.7627,1637073
equity,INE855C01023,2026-09-09,78.5004,74.7627,78.1017,3125206
equity,INE855C01023,2026-09-10,79.0884,74.8524,75.1415,1982685
equity,INE855C01023,2026-09-11,76.6963,73.8059,75.59,1825883
equity,INE855C01023,2026-09-14,75.59,75.59,75.59,
equity,INE855C01023,2026-09-15,75.8,72.1,72.75,1752314
equity,INE855C01023,2026-09-16,74.14,71.1,72.11,1827052
equity,INE440T01028,2026-09-08,204.15,197,198.35,16208
equity,INE440T01028,2026-09-09,200.9,193.2,194.45,20614
equity,INE440T01028,2026-09-10,229.95,190.05,195.05,10187
equity,INE440T01028,2026-09-11,195.65,190.9,192.75,16615
equity,INE440T01028,2026-09-15,194.95,186.85,190.55,61505
equity,INE266Y01019,2026-09-08,1437.9,1400.2,1411.6,10491
equity,INE266Y01019,2026-09-09,1411,1380,1397.7,16777
equity,INE266Y01019,2026-09-10,1406.7,1355,1369.3,19756
equity,INE266Y01019,2026-09-11,1369.9,1325.4,1340.6,23180
equity,INE266Y01019,2026-09-14,1340.6,1340.6,1340.6,
equity,INE266Y01019,2026-09-15,1359.9,1330,1337.5,18910
equity,INE266Y01019,2026-09-16,1340.9,1290,1321.6,17595
equity,INE899L01030,2026-09-08,218.05,218.05,218.05,3358
equity,INE899L01030,2026-09-09,215.31,207.15,207.15,24874
equity,INE899L01030,2026-09-10,206.8,196.8,196.8,34173
equity,INE899L01030,2026-09-11,206.64,186.96,206.64,41410
equity,INE899L01030,2026-09-14,206.64,206.64,206.64,
equity,INE899L01030,2026-09-15,216.97,207,215.54,50156
equity,INE899L01030,2026-09-16,214,204.77,204.77,18587
equity,INE0L1C01019,2026-09-08,1180,1150,1150.05,11200
equity,INE0L1C01019,2026-09-09,1180,1150,1176.5,13900
equity,INE0L1C01019,2026-09-10,1200,1165,1170,12900
equity,INE0L1C01019,2026-09-11,1194.15,1153,1179.95,13600
equity,INE0L1C01019,2026-09-15,1170,1152,1156.95,13500
equity,INE760L01018,2026-09-08,555.3,555.3,555.3,188891
equity,INE760L01018,2026-09-09,583.05,527.55,527.6,5742152
equity,INE760L01018,2026-09-10,542.9,501.25,501.25,1594014
equity,INE760L01018,2026-09-11,526.3,476.2,526.3,2734893
equity,INE760L01018,2026-09-14,526.3,526.3,526.3,
equity,INE760L01018,2026-09-15,552.6,511.4,524.45,1933695
equity,INE760L01018,2026-09-16,550.65,505.1,547.5,1564532
equity,INE681B01017,2026-09-08,356.2,348.45,355.15,126540
equity,INE681B01017,2026-09-09,362,352,360.2,217284
equity,INE681B01017,2026-09-10,362.55,358,360,106996
equity,INE681B01017,2026-09-11,356.2,344.1,355,185246
equity,INE681B01017,2026-09-14,355,355,355,
equity,INE681B01017,2026-09-15,360,351.35,354.55,259219
equity,INE681B01017,2026-09-16,360.3,351.25,356.55,171771
equity,INE206N01018,2026-09-07,160.95,156.71,159.21,198563
equity,INE206N01018,2026-09-08,160.58,154.26,155.39,109145
equity,INE206N01018,2026-09-09,156.69,150.5,151.94,99769
equity,INE206N01018,2026-09-10,161.1,151.16,155.08,231262
equity,INE206N01018,2026-09-11,157.8,151.72,155.64,145106
equity,INE206N01018,2026-09-15,157.5,147.55,148.9,106567
equity,INE206N01018,2026-09-16,150.99,143.41,147.96,58078
equity,INE266D01021,2026-09-08,72.6963,70.0447,71.5145,306863
equity,INE266D01021,2026-09-09,73.2922,70.5512,72.17,306598
equity,INE266D01021,2026-09-10,77.47,72,76.48,1086631
equity,INE266D01021,2026-09-11,77.1,73.74,75.6,839285
equity,INE266D01021,2026-09-14,75.6,75.6,75.6,
equity,INE266D01021,2026-09-15,77,72.8,73.08,415681
equity,INE266D01021,2026-09-16,75.04,70.4,73.56,517563
equity,INE040D01038,2026-09-08,752.35,702,740.55,248868
equity,INE040D01038,2026-09-09,760,731.15,735.95,98651
equity,INE040D01038,2026-09-10,765.9,735.25,756.55,128849
equity,INE040D01038,2026-09-11,755,738.3,740.05,80412
equity,INE040D01038,2026-09-15,770.75,725,745.2,314452
equity,INE040D01038,2026-09-16,751.15,719.45,741.2,113516
equity,INE162A01010,2026-09-08,197.8661,194.1631,197.0041,325313
equity,INE162A01010,2026-09-09,199.9821,196.4163,196.9453,368579
equity,INE162A01010,2026-09-10,200.325,195.9363,197.2,352513
equity,INE162A01010,2026-09-11,204,195.01,199.72,428319
equity,INE162A01010,2026-09-14,199.72,199.72,199.72,
equity,INE162A01010,2026-09-15,200.5,187,188.31,638722
equity,INE162A01010,2026-09-16,191.75,181.1,185.14,489843
equity,INE0BYP01024,2026-09-07,281,273.7,274.4,458203
equity,INE0BYP01024,2026-09-08,277.7,272.05,274.8,394684
equity,INE0BYP01024,2026-09-09,287.75,273,282.75,704387
equity,INE0BYP01024,2026-09-10,293.6,281.45,283.6,919613
equity,INE0BYP01024,2026-09-11,283.5,276.4,282.45,289556
equity,INE0BYP01024,2026-09-15,289.2,274.3,275.45,347502
equity,INE0BYP01024,2026-09-16,276.85,266.45,269.85,273818
equity,INE683C01011,2026-09-07,1195,1098.1,1103.85,993839
equity,INE683C01011,2026-09-08,1119.4,1058.45,1061.2,147472
equity,INE683C01011,2026-09-09,1089.9,1035.6,1077,283553
equity,INE683C01011,2026-09-10,1094.55,1050,1055.6,80381
equity,INE683C01011,2026-09-11,1058,1026.55,1045.85,91972
equity,INE683C01011,2026-09-15,1051.7,1002,1006.05,80106
equity,INE683C01011,2026-09-16,1010,974.45,994.45,70638
equity,INE922A01025,2026-09-07,128.57,125.01,126.84,1042410
equity,INE922A01025,2026-09-08,134.5,125.75,133.84,5773995
equity,INE922A01025,2026-09-09,136,131.8,133.56,2507926
equity,INE922A01025,2026-09-10,135.99,129.5,130.29,1382749
equity,INE922A01025,2026-09-11,129.76,126.26,128.08,1126927
equity,INE922A01025,2026-09-15,129.3,120,120.69,1830786
equity,INE922A01025,2026-09-16,126.08,118.32,124.92,1288860
equity,INE401H01017,2026-09-08,508.95,498.1,501.5,21476
equity,INE401H01017,2026-09-09,516,496.9,513.55,35975
equity,INE401H01017,2026-09-10,518.9,500,501.7,27395
equity,INE401H01017,2026-09-11,505.95,492.15,494.9,45845
equity,INE401H01017,2026-09-15,501.95,480.75,498.6,108121
equity,INE401H01017,2026-09-16,498.7,483.95,485.55,32995
equity,INE450U01017,2026-09-08,512.1,500.55,502.55,56368
equity,INE450U01017,2026-09-09,506.3,497.1,502.75,76517
equity,INE450U01017,2026-09-10,506.95,499.2,500.75,59372
equity,INE450U01017,2026-09-11,502,491,493.55,158844
equity,INE450U01017,2026-09-14,493.55,493.55,493.55,
equity,INE450U01017,2026-09-15,505.9,480,481.9,216143
equity,INE450U01017,2026-09-16,488.1,471.3,480.7,283334
equity,INE310A01015,2026-09-07,2141.8,2050,2063.2,30738
equity,INE310A01015,2026-09-08,2134,2060,2112,26213
equity,INE310A01015,2026-09-09,2123.5,2045.1,2056.7,13217
equity,INE310A01015,2026-09-10,2085.3,2036.2,2077.3999,11826
equity,INE310A01015,2026-09-11,2067.1001,2005,2050.8,24037
equity,INE310A01015,2026-09-15,2069.8999,1989,2017.9,19596
equity,INE310A01015,2026-09-16,2012.4,1880,1920.5,41077
equity,INE0Q8P01029,2026-09-08,279.95,274,274.5,82200
equity,INE0Q8P01029,2026-09-09,299.9,270,288.6,369400
equity,INE0Q8P01029,2026-09-10,297,286.7,289.35,157000
equity,INE0Q8P01029,2026-09-11,290,280.05,281.6,97400
equity,INE0Q8P01029,2026-09-15,284.95,274.7,275.25,80800
equity,INE24OJ01011,2026-09-07,1320,1255,1271.4,119206
equity,INE24OJ01011,2026-09-08,1320,1221.7,1301.1,139888
equity,INE24OJ01011,2026-09-09,1314.9,1294,1302.7,36344
equity,INE24OJ01011,2026-09-10,1360,1264.2,1272.2,119521
equity,INE24OJ01011,2026-09-11,1274,1240,1252.5,38794
equity,INE24OJ01011,2026-09-14,1252.5,1252.5,1252.5,
equity,INE24OJ01011,2026-09-15,1334,1274.8,1283,95748
equity,INE24OJ01011,2026-09-16,1309.4,1252.7,1271,43122
equity,INE052A01021,2026-09-08,311.5,302.45,305.6,27781
equity,INE052A01021,2026-09-09,306.2,299.65,301.45,20771
equity,INE052A01021,2026-09-10,305,296.6,298.9,31335
equity,INE052A01021,2026-09-11,304.95,292,300.65,53705
equity,INE052A01021,2026-09-15,306,283.8,300.7,472746
equity,INE052A01021,2026-09-16,303.15,287.55,295.3,78476
equity,INE926X01010,2026-09-08,488.35,477.85,484.55,39924
equity,INE926X01010,2026-09-09,483.15,476.25,478.55,26825
equity,INE926X01010,2026-09-10,495,476,487.25,83596
equity,INE926X01010,2026-09-11,490,476.55,484,29567
equity,INE926X01010,2026-09-14,484,484,484,
equity,INE926X01010,2026-09-15,484,471,471.8,46258
equity,INE926X01010,2026-09-16,473.95,460.1,461.5,54377
equity,INE883N01014,2026-09-07,257.85,243.95,250.25,1227989
equity,INE883N01014,2026-09-08,256.5,246.3,254.4,917296
equity,INE883N01014,2026-09-09,256,252.3,253.6,521490
equity,INE883N01014,2026-09-10,275,253.3,264.85,7361793
equity,INE883N01014,2026-09-11,273.2,261,268.5,2611943
equity,INE883N01014,2026-09-14,268.5,268.5,268.5,
equity,INE883N01014,2026-09-15,276.75,250,252.15,1542890
equity,INE883N01014,2026-09-16,272.45,246.3,269.1,2509207
equity,INE172N01012,2026-09-07,57.44,54.5,54.86,1374657
equity,INE172N01012,2026-09-08,56.51,54.3,54.43,653308
equity,INE172N01012,2026-09-09,55.59,53.25,54.8,1005224
equity,INE172N01012,2026-09-10,55.1,52.2,53.2,683962
equity,INE172N01012,2026-09-11,53.15,51.8,52.33,449274
equity,INE172N01012,2026-09-15,52.68,50.05,50.43,686219
equity,INE172N01012,2026-09-16,56.34,49.25,52.99,2091858
equity,INE689W01016,2026-09-08,288.9851,277.0769,284.75,329475
equity,INE689W01016,2026-09-09,286.45,280.25,280.75,111190
equity,INE689W01016,2026-09-10,285.65,278.55,279.9,138600
equity,INE689W01016,2026-09-11,278.45,264.15,266.65,328545
equity,INE689W01016,2026-09-14,266.65,266.65,266.65,
equity,INE689W01016,2026-09-15,272.4,258,259.05,208774
equity,INE689W01016,2026-09-16,261.85,251.8,257.3,103383
equity,INE342G01023,2026-09-08,225,220.21,223.51,89450
equity,INE342G01023,2026-09-09,225,220,221.54,53748
equity,INE342G01023,2026-09-10,226.8,221.01,224.64,64725
equity,INE342G01023,2026-09-11,237.93,219.44,229.84,1468129
equity,INE342G01023,2026-09-15,238.45,227.82,232.02,297370
equity,INE342G01023,2026-09-16,232.02,222.16,223.79,88940
equity,INE094B01013,2026-09-08,424.4776,416.4874,419.9332,193
equity,INE094B01013,2026-09-09,421.4813,404.5022,414.5398,3305
equity,INE094B01013,2026-09-10,419.3838,404.4023,406.25,3154
equity,INE094B01013,2026-09-11,419,391.1,411.75,1393
equity,INE094B01013,2026-09-15,419.9,399,410,1594
equity,INE445C01015,2026-09-07,1408.7,1326,1362,340774
equity,INE445C01015,2026-09-08,1398.8,1345,1389.7,161994
equity,INE445C01015,2026-09-09,1393.8,1291.8,1301.4,85041
equity,INE445C01015,2026-09-10,1311.8,1251,1265.5,53097
equity,INE445C01015,2026-09-11,1309.2,1239.2,1294.7,50993
equity,INE445C01015,2026-09-15,1295,1259.9,1268.2,54197
equity,INE445C01015,2026-09-16,1273,1220,1255.7,31096
equity,INE02PY01013,2026-09-08,257.4,252.17,255.54,95659
equity,INE02PY01013,2026-09-09,256.7,252.14,255.46,73476
equity,INE02PY01013,2026-09-10,274.86,253.61,263.78,1214319
equity,INE02PY01013,2026-09-11,262.88,255.4,257.48,117326
equity,INE02PY01013,2026-09-15,263.4,247.14,248.33,135344
equity,INE02PY01013,2026-09-16,250,240.64,246.76,130444
equity,INE915B01019,2026-09-08,401.45,368.7,388.3,2095086
equity,INE915B01019,2026-09-09,404,381.35,388.55,704593
equity,INE915B01019,2026-09-10,387.45,375.25,377.5,372420
equity,INE915B01019,2026-09-11,391.4,372.3,385.35,565658
equity,INE915B01019,2026-09-15,394.6,376,378.75,366134
equity,INE915B01019,2026-09-16,379.7,320.2,363.9,1637008
equity,INE314H01012,2026-09-08,4949.9502,4717.75,4838.1499,233
equity,INE314H01012,2026-09-09,4950,4670.6001,4868.0498,88
equity,INE314H01012,2026-09-10,4950,4711,4839.8999,21
equity,INE314H01012,2026-09-11,4808,4766,4766.9502,336
equity,INE314H01012,2026-09-15,4701.6499,4528.6499,4551.4502,133
equity,INE624Z01016,2026-09-07,711,639.15,697.05,2187893
equity,INE624Z01016,2026-09-08,719,683.05,701.8,800696
equity,INE624Z01016,2026-09-09,707.95,688.05,690.5,271068
equity,INE624Z01016,2026-09-10,749.8,690,707.25,1463549
equity,INE624Z01016,2026-09-11,759.55,697.4,749.15,1159874
equity,INE624Z01016,2026-09-14,749.15,749.15,749.15,
equity,INE624Z01016,2026-09-15,774,711.1,715.8,696761
equity,INE624Z01016,2026-09-16,730,669,711.5,730183
equity,INE202H01019,2026-09-08,1775.9,1713,1732,171873
equity,INE202H01019,2026-09-09,1754.9,1706,1716.2,200570
equity,INE202H01019,2026-09-10,1794.4,1690.1,1709.5,189892
equity,INE202H01019,2026-09-11,1750,1673.1,1732.1,144751
equity,INE202H01019,2026-09-15,1750,1650,1656.3,124877
equity,INE202H01019,2026-09-16,1679,1593,1648.3,213613
equity,INE01FR01028,2026-09-07,409.7,397.4,399.5,1380118
equity,INE01FR01028,2026-09-08,401.45,386.05,387.3,404411
equity,INE01FR01028,2026-09-09,405,383.05,397.7,821639
equity,INE01FR01028,2026-09-10,401,387.8,388.95,379221
equity,INE01FR01028,2026-09-11,394.05,378,388.1,488731
equity,INE01FR01028,2026-09-15,395.45,374.4,376.05,431277
equity,INE01FR01028,2026-09-16,379.05,362.05,372.3,712450
equity,INE506A01018,2026-09-08,1068,1037.5,1049.1,90354
equity,INE506A01018,2026-09-09,1066,1032.7,1040.5,76183
equity,INE506A01018,2026-09-10,1054,1022.1,1030.7,57460
equity,INE506A01018,2026-09-11,1046,1009.1,1039.7,59951
equity,INE506A01018,2026-09-14,1039.7,1039.7,1039.7,
equity,INE506A01018,2026-09-15,1047,985.1,994,75067
equity,INE506A01018,2026-09-16,994.9,961.1,987.8,45490
equity,INE164A01016,2026-09-08,173.6348,171.4202,172.0739,143306
equity,INE164A01016,2026-09-09,172.6787,170.9617,171.3129,112860
equity,INE164A01016,2026-09-10,172.2592,167.8983,169.83,436931
equity,INE164A01016,2026-09-11,170.25,167.41,168.72,170327
equity,INE164A01016,2026-09-14,168.72,168.72,168.72,
equity,INE164A01016,2026-09-15,169,163.25,164.24,203640
equity,INE164A01016,2026-09-16,163.81,160.7,162.1,158413
equity,INE227C01017,2026-09-08,623.05,603.3,615.85,85647
equity,INE227C01017,2026-09-09,628.75,609.4,616.95,91871
equity,INE227C01017,2026-09-10,648.35,616.1,644.1,213941
equity,INE227C01017,2026-09-11,644.7,626.6,631.7,71004
equity,INE227C01017,2026-09-15,633.65,583.5,593.8,198758
equity,INE227C01017,2026-09-16,611.6,578.2,606.95,109301
equity,INE411H01032,2026-09-08,251.44,245,245.89,82877
equity,INE411H01032,2026-09-09,248.74,238.63,243.27,260433
equity,INE411H01032,2026-09-10,245.15,240.04,243.05,107915
equity,INE411H01032,2026-09-11,243.57,238,240.36,89858
equity,INE411H01032,2026-09-15,252.74,240,240.47,217291
equity,INE411H01032,2026-09-16,244.9,235.37,240.74,140217
equity,INE0V7W01012,2026-09-07,544.9,526,540.45,167274
equity,INE0V7W01012,2026-09-08,548,535.55,538.85,56002
equity,INE0V7W01012,2026-09-09,542.8,533.65,538.85,48909
equity,INE0V7W01012,2026-09-10,564.5,531.05,551.95,125406
equity,INE0V7W01012,2026-09-11,549.75,533,538.45,90810
equity,INE0V7W01012,2026-09-15,539,519,521,95342
equity,INE0V7W01012,2026-09-16,521,506.1,508.85,65059
equity,INE039O01029,2026-09-08,519.9498,503.7326,517.6545,195333
equity,INE039O01029,2026-09-09,526.9357,512.7643,517.7043,167761
equity,INE039O01029,2026-09-10,526.8359,511.0178,520.3989,189537
equity,INE039O01029,2026-09-11,519.351,508.5229,513.0138,90550
equity,INE039O01029,2026-09-15,522.8939,494.0022,495.1,94635
equity,INE039O01029,2026-09-16,505.95,482.05,488.9,114528
equity,INE347A01017,2026-09-08,1095,1054,1062.5,72542
equity,INE347A01017,2026-09-09,1068,1034.6,1049.6,86283
equity,INE347A01017,2026-09-10,1057,1005.5,1026.7,77092
equity,INE347A01017,2026-09-11,1038.2,1014.7,1028,75011
equity,INE347A01017,2026-09-15,1022.4,983.8,989.4,49675
equity,INE347A01017,2026-09-16,998.3,972,988.8,54115
equity,INE305C01029,2026-09-07,504.9,480.1,481.35,245862
equity,INE305C01029,2026-09-08,489.1,473,483.15,160244
equity,INE305C01029,2026-09-09,505,481.1,498.4,791161
equity,INE305C01029,2026-09-10,502.7,488.15,491.65,169128
equity,INE305C01029,2026-09-11,495,479,483.15,196478
equity,INE305C01029,2026-09-14,483.15,483.15,483.15,
equity,INE305C01029,2026-09-15,476.9,445.15,450.75,455986
equity,INE305C01029,2026-09-16,454.75,436.85,451.55,187246
equity,INE903D01011,2026-09-08,385.05,378.65,382.45,164913
equity,INE903D01011,2026-09-09,381.7,369.9,370.95,113673
equity,INE903D01011,2026-09-10,378.25,368.4,370.95,130223
equity,INE903D01011,2026-09-11,376,363.3,373.95,125966
equity,INE903D01011,2026-09-15,374,365.55,366.5,73907
equity,INE903D01011,2026-09-16,371,350.45,368.95,269952
equity,INE579B01039,2026-09-08,178,173.95,176.15,331
equity,INE579B01039,2026-09-09,175,173.65,174.95,1148
equity,INE579B01039,2026-09-10,174.95,171,173.75,610
equity,INE579B01039,2026-09-11,174,172.65,173.55,2146
equity,INE579B01039,2026-09-15,173.9,169.35,172.1,12603
equity,INE182D01020,2026-09-08,467.4,443.65,446.35,161308
equity,INE182D01020,2026-09-09,448.3,435.2,436.9,92861
equity,INE182D01020,2026-09-10,443.95,431.6,438.5,113729
equity,INE182D01020,2026-09-11,444,428,435.45,87056
equity,INE182D01020,2026-09-15,435.45,410.2,414,56871
equity,INE182D01020,2026-09-16,419.9,397.25,415.05,97373
equity,INE034S01021,2026-09-08,653.55,626,629.65,40077
equity,INE034S01021,2026-09-09,628.5,603.15,605.25,69778
equity,INE034S01021,2026-09-10,610,595,597.05,42075
equity,INE034S01021,2026-09-11,602.9,585.15,598.05,60418
equity,INE034S01021,2026-09-15,586.1,554.1,564.15,232819
equity,INE034S01021,2026-09-16,564.2,546.05,549.2,106214
equity,INE197D01010,2026-09-08,706,680,683.8,11020
equity,INE197D01010,2026-09-09,699,670.1,675.7,9912
equity,INE197D01010,2026-09-10,689.75,675.05,677.3,6824
equity,INE197D01010,2026-09-11,693.75,670,671.3,9891
equity,INE197D01010,2026-09-14,671.3,671.3,671.3,
equity,INE197D01010,2026-09-15,738.4,666,737.9,346025
equity,INE197D01010,2026-09-16,800,725.1,742.4,423768
equity,INE023A01030,2026-09-08,5723,5650,5660,973
equity,INE023A01030,2026-09-09,5667.5,5600.5,5621,1373
equity,INE023A01030,2026-09-10,5668.5,5594,5604,1715
equity,INE023A01030,2026-09-11,5638,5510.5,5551,2296
equity,INE023A01030,2026-09-15,5623,5400,5409.5,1651
equity,INE023A01030,2026-09-16,5489.5,5312.5,5397.5,1168
equity,INE045A01017,2026-09-08,1650,1600,1626.2,44887
equity,INE045A01017,2026-09-09,1697.5,1623.1,1628.2,59288
equity,INE045A01017,2026-09-10,1641.2,1610,1623.4,20760
equity,INE045A01017,2026-09-11,1633.9,1579.4,1603.7,30109
equity,INE045A01017,2026-09-15,1620,1541.3,1548.2,31262
equity,INE045A01017,2026-09-16,1563.9,1487.1,1536.2,26973
equity,INE885H01029,2026-09-08,224,208.71,215.6,571188
equity,INE885H01029,2026-09-09,219.97,212.22,217.39,171997
equity,INE885H01029,2026-09-10,220,211.99,215.83,180996
equity,INE885H01029,2026-09-11,215.6,210.61,214.77,182419
equity,INE885H01029,2026-09-15,215,199,201.01,471319
equity,INE885H01029,2026-09-16,203.6,196.22,200.96,252465
equity,INE982B01027,2026-09-08,274.35,261.85,273.7,228769
equity,INE982B01027,2026-09-09,279.65,268.35,278.2,212691
equity,INE982B01027,2026-09-10,278,270.55,274.05,72441
equity,INE982B01027,2026-09-11,271.65,267.15,269.55,66092
equity,INE982B01027,2026-09-15,270.9,260.1,261.3,65591
equity,INE982B01027,2026-09-16,274.95,248.8,267.15,159715
equity,INE495C01010,2026-09-08,587,566.6,580,19148
equity,INE495C01010,2026-09-09,595,572.05,581.8,16843
equity,INE495C01010,2026-09-10,584.35,573.8,577.05,6591
equity,INE495C01010,2026-09-11,579.9,562.55,574.4,19897
equity,INE495C01010,2026-09-15,573.4,552.35,565.65,34764
equity,INE495C01010,2026-09-16,575.55,557.8,566.55,9376
equity,INE0NLT01010,2026-09-07,330.2323,316.8034,318.95,384135
equity,INE0NLT01010,2026-09-08,324.7,315.1,322.05,434327
equity,INE0NLT01010,2026-09-09,328.5,318.15,320.6,178708
equity,INE0NLT01010,2026-09-10,321.9,311.3,316.6,372453
equity,INE0NLT01010,2026-09-11,316.05,307.05,312.8,356250
equity,INE0NLT01010,2026-09-15,315.95,307.25,310.1,302523
equity,INE0NLT01010,2026-09-16,315,300,313.55,420085
equity,INE060A01024,2026-09-08,131.6,130,130.16,32431
equity,INE060A01024,2026-09-09,131.08,126,127,181942
equity,INE060A01024,2026-09-10,128.39,127.2,127.69,41286
equity,INE060A01024,2026-09-11,128.3,126.61,127.85,49863
equity,INE060A01024,2026-09-15,127.8,123.81,124.1,90749
equity,INE060A01024,2026-09-16,126,122.1,125.03,58197
equity,INE713R01022,2026-09-07,623.276,592.9903,599.6761,203559
equity,INE713R01022,2026-09-08,605.4139,479.7808,529.8744,2530958
equity,INE713R01022,2026-09-09,530.2736,478.9326,490.3084,1797785
equity,INE713R01022,2026-09-10,493.5516,469.0037,470.75,252463
equity,INE713R01022,2026-09-11,485.4,464.95,471.25,184008
equity,INE713R01022,2026-09-15,486.45,465,472.35,389136
equity,INE713R01022,2026-09-16,489,472,482.95,503995
equity,INE163A01018,2026-09-07,175.85,170.55,172.23,416468
equity,INE163A01018,2026-09-08,186.8,171.35,185.07,6480440
equity,INE163A01018,2026-09-09,189.5,181,188.28,2843821
equity,INE163A01018,2026-09-10,200.49,187.12,195.31,7274037
equity,INE163A01018,2026-09-11,194.3,188.03,189.65,1202651
equity,INE163A01018,2026-09-14,189.65,189.65,189.65,
equity,INE163A01018,2026-09-15,192,182.15,183.6,1291473
equity,INE163A01018,2026-09-16,186.86,179.21,181.95,1428893
equity,INE615I01010,2026-09-08,894.5,852.1,861.45,241474
equity,INE615I01010,2026-09-09,865,847.1,849.8,114371
equity,INE615I01010,2026-09-10,854.7,835,837.55,88143
equity,INE615I01010,2026-09-11,843.45,822.1,839.75,65575
equity,INE615I01010,2026-09-15,843.55,810.25,820.55,116617
equity,INE615I01010,2026-09-16,844,810.9,839.05,57612
equity,INE0Q3R01026,2026-09-07,1313.1,1262.7,1299.4,6938
equity,INE0Q3R01026,2026-09-08,1313.5,1288.1,1293.4,4262
equity,INE0Q3R01026,2026-09-09,1305,1285,1286,3555
equity,INE0Q3R01026,2026-09-10,1311,1282,1295.2,4028
equity,INE0Q3R01026,2026-09-11,1304,1276.7,1298.3,3732
equity,INE0Q3R01026,2026-09-15,1318.9,1239,1250.2,6584
equity,INE0Q3R01026,2026-09-16,1272.5,1198.3,1257.4,13674
equity,INE00M901018,2026-09-07,1714.9,1688,1703.5,31615
equity,INE00M901018,2026-09-08,1765.9,1685,1753.5,112094
equity,INE00M901018,2026-09-09,1788,1725,1761,69673
equity,INE00M901018,2026-09-10,1772.5,1722,1729.4,27908
equity,INE00M901018,2026-09-11,1762.7,1700,1728.2,36252
equity,INE00M901018,2026-09-15,1751,1668.5,1684.3,49337
equity,INE00M901018,2026-09-16,1689.2,1625,1660.8,46263
equity,INE426A01027,2026-09-07,114.34,107.53,108.05,1721715
equity,INE426A01027,2026-09-08,112.08,107.24,109.73,1417837
equity,INE426A01027,2026-09-09,109.73,106.08,106.95,694090
equity,INE426A01027,2026-09-10,109.9,105.55,106.5,819704
equity,INE426A01027,2026-09-11,105.9,103.14,104.33,698680
equity,INE426A01027,2026-09-14,104.33,104.33,104.33,
equity,INE426A01027,2026-09-15,106.49,100,100.51,840743
equity,INE426A01027,2026-09-16,101.57,97.4,98.95,707870
equity,INE886D01026,2026-09-07,194.79,190.61,191.74,571486
equity,INE886D01026,2026-09-08,193,185.82,186.53,188815
equity,INE886D01026,2026-09-09,191.7,182.04,189.52,350498
equity,INE886D01026,2026-09-10,190.74,186.45,188.04,109913
equity,INE886D01026,2026-09-11,187.99,184,185.18,85983
equity,INE886D01026,2026-09-15,187.78,180.45,182.64,171436
equity,INE886D01026,2026-09-16,184.37,176.98,178.06,196331
equity,INE0N2P01017,2026-09-08,822.8,800.05,808.3,227115
equity,INE0N2P01017,2026-09-09,852,802,815.9,379932
equity,INE0N2P01017,2026-09-10,824.75,793.55,809.55,171348
equity,INE0N2P01017,2026-09-11,848.4,800,829.6,223706
equity,INE0N2P01017,2026-09-15,830,772.7,779.5,224609
equity,INE0N2P01017,2026-09-16,786.55,726.5,758.55,371428
equity,INE231F01020,2026-09-08,1917.9,1825,1894.3,30095
equity,INE231F01020,2026-09-09,1897.5,1840,1857.1,16837
equity,INE231F01020,2026-09-10,1894,1770,1777.6,32982
equity,INE231F01020,2026-09-11,1818.9,1728,1783.6,29817
equity,INE231F01020,2026-09-15,1801.6,1714,1722.2,55350
equity,INE231F01020,2026-09-16,1736.8,1650.1,1681.5,27960
equity,INE579C01029,2026-09-08,647.7,622,625.8,186817
equity,INE579C01029,2026-09-09,638.75,617.35,628.15,176456
equity,INE579C01029,2026-09-10,641.25,625.1,634.95,104764
equity,INE579C01029,2026-09-11,635.8,623.25,629.6,75010
equity,INE579C01029,2026-09-15,642,613,616,121161
equity,INE579C01029,2026-09-16,619.1,580,598.45,286652
equity,INE0HR601026,2026-09-07,278.95,272.3,274.75,102212
equity,INE0HR601026,2026-09-08,274.95,268.9,269.45,76809
equity,INE0HR601026,2026-09-09,269.45,262.95,265.55,82663
equity,INE0HR601026,2026-09-10,266.9,253.1,256,282659
equity,INE0HR601026,2026-09-11,260.4,249.7,256.8,169491
equity,INE0HR601026,2026-09-15,257.7,250,250.65,77123
equity,INE0HR601026,2026-09-16,255.1,245.6,252.2,86381
equity,INE614A01028,2026-09-08,324.35,318.75,321.5,73261
equity,INE614A01028,2026-09-09,321.9,315.1,319.45,89199
equity,INE614A01028,2026-09-10,321.9,314.6,319.55,75109
equity,INE614A01028,2026-09-11,323.95,310.95,322.25,157854
equity,INE614A01028,2026-09-15,325.25,312,318.4,83193
equity,INE614A01028,2026-09-16,322.8,305.8,320.85,125104
equity,INE0S4R01014,2026-09-07,164.79,160.11,162.15,199395
equity,INE0S4R01014,2026-09-08,178.36,170.97,171.94,1555453
equity,INE0S4R01014,2026-09-09,178,168.41,176.04,420545
equity,INE0S4R01014,2026-09-10,180.99,174.12,179.7,242717
equity,INE0S4R01014,2026-09-11,187.5,175.1,186.68,631557
equity,INE0S4R01014,2026-09-14,186.68,186.68,186.68,
equity,INE0S4R01014,2026-09-15,192,178.12,179.89,323052
equity,INE0S4R01014,2026-09-16,179.9,171.1,176.02,212621
equity,INE529A01010,2026-09-07,494,462.9,482.05,1455155
equity,INE529A01010,2026-09-08,482.1,466.75,469.25,572679
equity,INE529A01010,2026-09-09,477.15,451.2,455.45,550860
equity,INE529A01010,2026-09-10,463.55,441.3,443.55,503177
equity,INE529A01010,2026-09-11,464.95,431.2,461,611438
equity,INE529A01010,2026-09-15,466.4,441,445.65,274593
equity,INE529A01010,2026-09-16,453.65,432.5,446.8,286161
equity,INE393P01035,2026-09-08,1168.3,1125,1129.3,30348
equity,INE393P01035,2026-09-09,1131.4,1113.9,1123.6,4765
equity,INE393P01035,2026-09-10,1126.8,1101.6,1115.6,14173
equity,INE393P01035,2026-09-11,1110,1093,1108.4,6366
equity,INE393P01035,2026-09-15,1150,1076.3,1107.4,11209
equity,INE393P01035,2026-09-16,1119.9,1088.8,1102.2,6122
equity,INE00IN01015,2026-09-08,864.95,829.1,839.45,77207
equity,INE00IN01015,2026-09-09,849.8,830.55,839.3,77414
equity,INE00IN01015,2026-09-10,847.9,835.1,840.05,48566
equity,INE00IN01015,2026-09-11,832.95,809.1,814.9,106138
equity,INE00IN01015,2026-09-15,828.95,800.75,804.7,105247
equity,INE00IN01015,2026-09-16,833,797,828.55,109498
equity,INE425Y01011,2026-09-08,825.95,803.4,819.05,13979
equity,INE425Y01011,2026-09-09,888.8,803.15,863.7,136757
equity,INE425Y01011,2026-09-10,863.6,836.5,840.2,43298
equity,INE425Y01011,2026-09-11,844.85,828.2,831.8,9494
equity,INE425Y01011,2026-09-15,869.9,826.05,829.35,38746
equity,INE425Y01011,2026-09-16,840.05,820,823.7,13165
equity,INE475B01022,2026-09-07,257,218.82,243,31089358
equity,INE475B01022,2026-09-08,253.8,238.19,246.01,6560890
equity,INE475B01022,2026-09-09,245.9,238.76,240.69,1270796
equity,INE475B01022,2026-09-10,245,233.1,234.78,774444
equity,INE475B01022,2026-09-11,232.39,221.98,224.95,902881
equity,INE475B01022,2026-09-14,224.95,224.95,224.95,
equity,INE475B01022,2026-09-15,227.87,210.15,212.22,851825
equity,INE475B01022,2026-09-16,226,203.83,224.38,1817130
equity,INE552D01024,2026-09-07,85.2,82,82.18,2942312
equity,INE552D01024,2026-09-08,85,82,82.49,3653848
equity,INE552D01024,2026-09-09,91.3,82.98,90.66,15689882
equity,INE552D01024,2026-09-10,90.95,87.01,87.84,3216537
equity,INE552D01024,2026-09-11,90.5,86.95,89.22,4722048
equity,INE552D01024,2026-09-15,91.65,84.1,86.1,4869333
equity,INE552D01024,2026-09-16,88,82.1,86.58,2646137
equity,INE382M01027,2026-09-08,722,671.7,717.6,49617
equity,INE382M01027,2026-09-09,719.85,695,704,19392
equity,INE382M01027,2026-09-10,725,690.45,712.85,15944
equity,INE382M01027,2026-09-11,712,685.1,698.85,17971
equity,INE382M01027,2026-09-15,714.85,664.05,679.15,42478
equity,INE382M01027,2026-09-16,713.1,650,708,31744
equity,INE385W01011,2026-09-07,175,170.72,171.53,139366
equity,INE385W01011,2026-09-08,174.89,170.51,173.98,138425
equity,INE385W01011,2026-09-09,174.29,169.99,170.59,148123
equity,INE385W01011,2026-09-10,172.13,166.98,167.49,134059
equity,INE385W01011,2026-09-11,168.35,163.57,167.25,115563
equity,INE385W01011,2026-09-15,177.57,160.77,163.16,903157
equity,INE385W01011,2026-09-16,167.99,158.5,162.08,183858
equity,INE079J01017,2026-09-08,54.96,53.5,53.94,1065075
equity,INE079J01017,2026-09-09,54.1,53.3,53.51,411512
equity,INE079J01017,2026-09-10,54.5,53.35,53.65,347943
equity,INE079J01017,2026-09-11,53.7,53.02,53.35,552261
equity,INE079J01017,2026-09-14,53.35,53.35,53.35,
equity,INE079J01017,2026-09-15,54,52.35,52.49,543148
equity,INE079J01017,2026-09-16,53.5,51.51,52.34,366855
equity,INE317W01030,2026-09-08,132.4,132.4,132.4,
equity,INE317W01030,2026-09-09,132.4,132.4,132.4,
equity,INE317W01030,2026-09-10,132.4,132.4,132.4,
equity,INE317W01030,2026-09-11,132.4,132.4,132.4,
equity,INE317W01030,2026-09-14,132.4,132.4,132.4,
equity,INE317W01030,2026-09-15,131.1,131.1,131.1,655
equity,INE08KJ01020,2026-09-07,138.68,135.26,136.17,310297
equity,INE08KJ01020,2026-09-08,138.33,135,135.35,616664
equity,INE08KJ01020,2026-09-09,135.99,134.2,134.83,444682
equity,INE08KJ01020,2026-09-10,135.95,133.7,135.22,475498
equity,INE08KJ01020,2026-09-11,135.84,133.6,134.76,233975
equity,INE08KJ01020,2026-09-15,135.9,131.31,132.49,403703
equity,INE08KJ01020,2026-09-16,132.99,125.02,130.56,724976
equity,INE00GK01023,2026-09-07,968.9,940,963,377500
equity,INE00GK01023,2026-09-08,976,952.05,961.25,56750
equity,INE00GK01023,2026-09-09,959,932.4,951.35,63250
equity,INE00GK01023,2026-09-10,957,944,954.95,32750
equity,INE00GK01023,2026-09-11,950.5,940,945.55,48000
equity,INE00GK01023,2026-09-15,994,940,943.75,109000
equity,INE00GK01023,2026-09-16,993.95,894,975.9,139000
equity,INE244B01030,2026-09-08,27.22,26.72,26.93,1875076
equity,INE244B01030,2026-09-09,27.22,26.75,27.1,1587356
equity,INE244B01030,2026-09-10,27.49,26.65,26.87,2216158
equity,INE244B01030,2026-09-11,26.74,26.11,26.61,1915972
equity,INE244B01030,2026-09-14,26.61,26.61,26.61,
equity,INE244B01030,2026-09-15,27.65,26,26.08,1903899
equity,INE244B01030,2026-09-16,26.21,25.38,25.62,1973985
equity,INE920A01037,2026-09-08,731,680.35,687.75,73643
equity,INE920A01037,2026-09-09,714.9,676.2,685,70925
equity,INE920A01037,2026-09-10,694.55,645.3,654,33629
equity,INE920A01037,2026-09-11,668.7,627.2,649,66808
equity,INE920A01037,2026-09-15,685,644.1,651.05,52528
equity,INE920A01037,2026-09-16,651,610,635.1,35409
equity,INE198501012,2026-09-07,263.55,255.4,257,190094
equity,INE198501012,2026-09-08,259.6,254.55,256.95,162490
equity,INE198501012,2026-09-09,258.65,253.1,254.4,171857
equity,INE198501012,2026-09-10,256.9,244.8,247.75,261511
equity,INE198501012,2026-09-11,255.3,238.1,245.7,196361
equity,INE198501012,2026-09-14,245.7,245.7,245.7,
equity,INE198501012,2026-09-15,250.05,238,240.5,231445
equity,INE198501012,2026-09-16,249.35,233.5,240.05,153537
equity,INE212I01016,2026-09-08,1080.6,1038.2,1048.9,32767
equity,INE212I01016,2026-09-09,1054.9,1002,1012.5,128022
equity,INE212I01016,2026-09-10,1059,1009.3,1029.7,54077
equity,INE212I01016,2026-09-11,1027,1003.9,1023,54987
equity,INE212I01016,2026-09-14,1023,1023,1023,
equity,INE212I01016,2026-09-15,1027.9,965.3,973.8,53942
equity,INE212I01016,2026-09-16,986.9,939.4,974.9,65492
equity,INE488A01050,2026-09-08,187.32,178.25,180.76,811176
equity,INE488A01050,2026-09-09,180.91,174.12,176.88,391876
equity,INE488A01050,2026-09-10,183.18,175.15,176.15,347681
equity,INE488A01050,2026-09-11,176.16,170,171.35,215773
equity,INE488A01050,2026-09-14,171.35,171.35,171.35,
equity,INE488A01050,2026-09-15,174.45,164.29,165.12,241434
equity,INE488A01050,2026-09-16,169.44,161,166.12,170758
equity,INE703H01016,2026-09-08,190,184.59,185.56,331640
equity,INE703H01016,2026-09-09,188.99,182,184,459997
equity,INE703H01016,2026-09-10,185.82,182,183.22,202127
equity,INE703H01016,2026-09-11,183,178.72,181.21,181732
equity,INE703H01016,2026-09-14,181.21,181.21,181.21,
equity,INE703H01016,2026-09-15,182.28,172.2,173.18,309472
equity,INE703H01016,2026-09-16,180.09,169.11,176.39,380751
equity,INE845D01014,2026-09-08,1040.7184,975.1441,1036.8318,156348
equity,INE845D01014,2026-09-09,1037.4297,1000.5566,1017,98699
equity,INE845D01014,2026-09-10,1062.4,1009.6,1048.6,110267
equity,INE845D01014,2026-09-11,1037.9,1008.4,1013.3,60954
equity,INE845D01014,2026-09-15,1024.8,993,1007,80714
equity,INE845D01014,2026-09-16,1016,983.2,1000.2,45692
equity,INE126J01016,2026-09-07,611.3,597,601,115502
equity,INE126J01016,2026-09-08,603.95,586.2,591.2,87773
equity,INE126J01016,2026-09-09,593.5,574.1,577.6,132926
equity,INE126J01016,2026-09-10,589.5,566.65,569.35,130281
equity,INE126J01016,2026-09-11,569.35,550,554.9,328830
equity,INE126J01016,2026-09-15,554.15,516.45,520.2,406249
equity,INE126J01016,2026-09-16,519.95,496.5,508.9,370429
equity,INE876N01018,2026-09-07,130.3,125.1,126.56,315036
equity,INE876N01018,2026-09-08,127.59,125.01,126.42,378422
equity,INE876N01018,2026-09-09,127.9,125.72,126.28,241975
equity,INE876N01018,2026-09-10,126.68,125.1,126.06,320950
equity,INE876N01018,2026-09-11,126.28,123,125.58,258021
equity,INE876N01018,2026-09-15,125.99,121.2,121.98,433788
equity,INE876N01018,2026-09-16,122.59,120.6,121.64,731583
equity,INE520G01024,2026-09-08,578.6732,578.6732,578.6732,977
equity,INE520G01024,2026-09-09,590.2117,590.1618,590.2117,762
equity,INE520G01024,2026-09-10,601.9999,601.9999,601.9999,1501
equity,INE520G01024,2026-09-11,614.65,590.55,614.65,19864
equity,INE520G01024,2026-09-15,626.9,602.4,616.5,14478
equity,INE092B01025,2026-09-08,1135.9,1092,1122.3,41478
equity,INE092B01025,2026-09-09,1346.7,1111.2,1313.3,1613322
equity,INE092B01025,2026-09-10,1564,1336.5,1369,2823252
equity,INE092B01025,2026-09-11,1404,1300,1358.9,274425
equity,INE092B01025,2026-09-14,1358.9,1358.9,1358.9,
equity,INE092B01025,2026-09-15,1364.9,1261.6,1279,96043
equity,INE092B01025,2026-09-16,1298.2,1214.9,1240.5,189869
equity,INE717W01049,2026-09-07,271.8,261.8,264.85,719670
equity,INE717W01049,2026-09-08,265.95,261.3,264.05,528915
equity,INE717W01049,2026-09-09,273.45,263,265.85,926450
equity,INE717W01049,2026-09-10,278,269,271.3,1490894
equity,INE717W01049,2026-09-11,274.95,266.55,272.7,748277
equity,INE717W01049,2026-09-15,275.85,257.8,260.45,886074
equity,INE717W01049,2026-09-16,262.95,247.05,258.95,888404
equity,INE1AG301022,2026-09-07,131.67,127.41,129.46,248778
equity,INE1AG301022,2026-09-08,133.88,127.51,129.61,362678
equity,INE1AG301022,2026-09-09,129.87,126.91,127.21,328663
equity,INE1AG301022,2026-09-10,132,127.5,128.01,515968
equity,INE1AG301022,2026-09-11,128.31,125.3,127.85,215251
equity,INE1AG301022,2026-09-14,127.85,127.85,127.85,
equity,INE1AG301022,2026-09-15,127.85,122.28,123.57,220707
equity,INE1AG301022,2026-09-16,123.6,119.61,119.91,356629
equity,INE735W01017,2026-09-08,16.49,14.94,15.69,102828979
equity,INE735W01017,2026-09-09,16.48,15.21,15.9,50487332
equity,INE735W01017,2026-09-10,15.9,14.01,14.8,53894436
equity,INE735W01017,2026-09-11,14.76,14.29,14.52,14252337
equity,INE735W01017,2026-09-14,14.52,14.52,14.52,
equity,INE735W01017,2026-09-15,14.75,14.14,14.2,10678279
equity,INE735W01017,2026-09-16,14.39,13.76,13.82,13855437
equity,INE464A01036,2026-09-08,2291.7,2219.8999,2240.1001,33928
equity,INE464A01036,2026-09-09,2281.8999,2221,2245.5,15266
equity,INE464A01036,2026-09-10,2268.2,2225,2231.2,11549
equity,INE464A01036,2026-09-11,2269.2,2189,2246.5,18662
equity,INE464A01036,2026-09-15,2275.5,2166.6001,2180.1001,28880
equity,INE464A01036,2026-09-16,2231.3,2131.5,2178.2,22867
equity,INE725E01024,2026-09-08,4260,4178,4198.7002,4495
equity,INE725E01024,2026-09-09,4201.3999,4141.5,4153.5,4202
equity,INE725E01024,2026-09-10,4241.8999,4057.1001,4074.5,5995
equity,INE725E01024,2026-09-11,4100,3948,3955.2,10318
equity,INE725E01024,2026-09-15,4037.3999,3832.8,3877.8999,10016
equity,INE725E01024,2026-09-16,3927,3795.5,3829.3999,12535
equity,INE484C01030,2026-09-08,1462.8,1450,1454,4738
equity,INE484C01030,2026-09-09,1467.1,1435.6,1437,8441
equity,INE484C01030,2026-09-10,1455,1432.5,1437.7,5202
equity,INE484C01030,2026-09-11,1437.7,1422,1428.5,8081
equity,INE484C01030,2026-09-15,1439.7,1378,1382.5,15287
equity,INE484C01030,2026-09-16,1389.9,1361,1375.3,5836
equity,INE602G01020,2026-09-08,129.4,125.51,127.1,304944
equity,INE602G01020,2026-09-09,127.37,125.2,126.68,262578
equity,INE602G01020,2026-09-10,128.95,125,125.65,189187
equity,INE602G01020,2026-09-11,125.4,123.6,123.87,247724
equity,INE602G01020,2026-09-15,125.79,118.5,119.13,375463
equity,INE602G01020,2026-09-16,120.82,116.9,118.58,409195
equity,INE00Y201027,2026-09-07,244.8,239.15,240.22,98923
equity,INE00Y201027,2026-09-08,250,234.95,236.96,634998
equity,INE00Y201027,2026-09-09,245.95,235,238.56,87625
equity,INE00Y201027,2026-09-10,241.9,236.56,238.54,98152
equity,INE00Y201027,2026-09-11,238.43,234.01,236.08,71616
equity,INE00Y201027,2026-09-14,236.08,236.08,236.08,
equity,INE00Y201027,2026-09-15,244.65,232.02,233.73,69539
equity,INE00Y201027,2026-09-16,236.17,228,231.89,67634
equity,INE488B01017,2026-09-08,9947,9826,9853,999
equity,INE488B01017,2026-09-09,9948,9801,9824,1538
equity,INE488B01017,2026-09-10,10368,9734,10201,6020
equity,INE488B01017,2026-09-11,10339,10074,10273,2921
equity,INE488B01017,2026-09-15,10386,9900,9927,3830
equity,INE488B01017,2026-09-16,10163,9742,9936,2439
equity,INE449A01011,2026-09-08,1685,1658.1,1664.4,4754
equity,INE449A01011,2026-09-09,1667.9,1652,1658.5,3945
equity,INE449A01011,2026-09-10,1684,1652.2,1657.9,4446
equity,INE449A01011,2026-09-11,1690,1650,1678,4539
equity,INE449A01011,2026-09-15,1715.9,1655.1,1661.6,3806
equity,INE449A01011,2026-09-16,1686.3,1646,1659,2634
equity,INE02A801020,2026-09-08,458.95,453.5,454.6,48650
equity,INE02A801020,2026-09-09,459.45,450.3,452.1,42336
equity,INE02A801020,2026-09-10,461.2,448,449.5,46876
equity,INE02A801020,2026-09-11,449.65,440.85,446.15,36449
equity,INE02A801020,2026-09-14,446.15,446.15,446.15,
equity,INE02A801020,2026-09-15,448.6,433.3,435.4,59590
equity,INE02A801020,2026-09-16,441.45,428.3,437.8,57741
equity,INE456Z01021,2026-09-07,342.8144,331.0875,334.4167,108756
equity,INE456Z01021,2026-09-08,336.8019,327.957,329.1992,123852
equity,INE456Z01021,2026-09-09,332.6776,324.9259,326.6153,82663
equity,INE456Z01021,2026-09-10,328.8514,317.6214,321.05,112697
equity,INE456Z01021,2026-09-11,321,311.05,316.4,178119
equity,INE456Z01021,2026-09-15,321.4,308,309.9,149893
equity,INE456Z01021,2026-09-16,318,308,312.5,118389
equity,INE934C01018,2026-09-08,5343,5253,5309.4502,153
equity,INE934C01018,2026-09-09,5300,5220,5232.1499,154
equity,INE934C01018,2026-09-10,5345,5210.5,5315.75,83
equity,INE934C01018,2026-09-11,5356.9502,5235.2998,5310,190
equity,INE934C01018,2026-09-15,5390,5111,5136.3999,381
equity,INE637C01025,2026-09-08,814.9,782,786.65,161959
equity,INE637C01025,2026-09-09,786.65,768.3,779.35,84126
equity,INE637C01025,2026-09-10,879.95,768.8,780.45,1363747
equity,INE637C01025,2026-09-11,819,753.35,804.15,314231
equity,INE637C01025,2026-09-14,804.15,804.15,804.15,
equity,INE637C01025,2026-09-15,808.9,750.1,758.25,102781
equity,INE637C01025,2026-09-16,765.8,740,750.5,70555
equity,INE451D01029,2026-09-07,508.3,485.45,488.8,75607
equity,INE451D01029,2026-09-08,499.8,486.3,496.8,73019
equity,INE451D01029,2026-09-09,529.95,490.55,520.85,285802
equity,INE451D01029,2026-09-10,534.8,505.85,509.65,120155
equity,INE451D01029,2026-09-11,507.45,492.8,498.15,79238
equity,INE451D01029,2026-09-15,498.1,474.8,485.1,153932
equity,INE451D01029,2026-09-16,481,460.6,462.95,109073
equity,INE187D01029,2026-09-07,441.2717,411.3109,431.2348,1798087
equity,INE187D01029,2026-09-08,431.2348,419.4502,423.445,150372
equity,INE187D01029,2026-09-09,426.3412,416.5041,419.8997,106061
equity,INE187D01029,2026-09-10,422.3464,414.4568,419.65,72274
equity,INE187D01029,2026-09-11,427.2,414.9,423.75,164443
equity,INE187D01029,2026-09-15,443.45,418,421.3,454628
equity,INE187D01029,2026-09-16,429.45,410.05,418.8,207967
equity,INE276G01015,2026-09-08,565.7,507.6,553.55,1715686
equity,INE276G01015,2026-09-09,562,532.05,535.5,475711
equity,INE276G01015,2026-09-10,542,530.55,533.95,161522
equity,INE276G01015,2026-09-11,553.55,523.5,535.1,492430
equity,INE276G01015,2026-09-14,535.1,535.1,535.1,
equity,INE276G01015,2026-09-15,541.75,477.5,485.25,855416
equity,INE276G01015,2026-09-16,510.25,457.75,494.1,736571
equity,INE076B01028,2026-09-08,569.25,551.2,554.05,25896
equity,INE076B01028,2026-09-09,553.85,527.1,530.45,80328
equity,INE076B01028,2026-09-10,551,533.1,547,34024
equity,INE076B01028,2026-09-11,543.75,528.65,535.15,38397
equity,INE076B01028,2026-09-15,539.6,516.4,520.95,26520
equity,INE076B01028,2026-09-16,529.35,508.35,516.05,41973
equity,INE750A01020,2026-09-07,140.26,138.1,139.11,347072
equity,INE750A01020,2026-09-08,141.68,138.37,140.54,428985
equity,INE750A01020,2026-09-09,140.82,139.27,139.98,724013
equity,INE750A01020,2026-09-10,142.11,138.8,139.81,352137
equity,INE750A01020,2026-09-11,145,137.35,141.35,466572
equity,INE750A01020,2026-09-15,144,138.5,138.98,1117544
equity,INE750A01020,2026-09-16,139.55,135.92,138.59,1125124
equity,INE209A01019,2026-09-08,665,655.15,659.3,5103
equity,INE209A01019,2026-09-09,674.85,651.5,668.1,50091
equity,INE209A01019,2026-09-10,685,662.05,669.15,37446
equity,INE209A01019,2026-09-11,673.8,656.1,662,8117
equity,INE209A01019,2026-09-15,666.05,653,653.4,5387
equity,INE209A01019,2026-09-16,664.2,645.5,653.15,8010
equity,INE771F01041,2026-09-07,36.34,35.5,35.72,250781
equity,INE771F01041,2026-09-08,36.29,35.4,35.56,300427
equity,INE771F01041,2026-09-09,36.01,34.5,34.78,669109
equity,INE771F01041,2026-09-10,35.55,34.59,34.9,451549
equity,INE771F01041,2026-09-11,36.14,33.68,35.87,580113
equity,INE771F01041,2026-09-15,35.98,33.7,34.02,300708
equity,INE771F01041,2026-09-16,34.71,32.96,33.5,366426
equity,INE792Z01011,2026-09-08,438.25,432.5,434.4,156436
equity,INE792Z01011,2026-09-09,437,429.2,430.6,201874
equity,INE792Z01011,2026-09-10,441.8,429,431.55,313161
equity,INE792Z01011,2026-09-11,432.75,425.45,427.35,166249
equity,INE792Z01011,2026-09-15,434,414,418.15,200970
equity,INE792Z01011,2026-09-16,420.95,399.8,403.25,225766
equity,INE800H01010,2026-09-08,131.85,126.2,127.58,799127
equity,INE800H01010,2026-09-09,128.9,120.77,121.36,1138054
equity,INE800H01010,2026-09-10,124.75,121,122.42,742271
equity,INE800H01010,2026-09-11,126.2,117.51,123.98,1063265
equity,INE800H01010,2026-09-15,123.54,116.65,118.04,801155
equity,INE800H01010,2026-09-16,118.9,113.71,115.07,725819
equity,INE0OAF01028,2026-09-07,450,428.85,435.35,69670
equity,INE0OAF01028,2026-09-08,450,432.5,440.5,71281
equity,INE0OAF01028,2026-09-09,445,428.05,430.85,58816
equity,INE0OAF01028,2026-09-10,438.2,420.2,428.85,92881
equity,INE0OAF01028,2026-09-11,433.9,416.85,422.4,61081
equity,INE0OAF01028,2026-09-15,432.2,411,415.05,142537
equity,INE0OAF01028,2026-09-16,426.4,394.9,407.2,305381
equity,INE777F01014,2026-09-07,187.6,178,184.33,4232220
equity,INE777F01014,2026-09-08,189.17,180.12,181.65,2500549
equity,INE777F01014,2026-09-09,185.49,170.99,180.42,3180545
equity,INE777F01014,2026-09-10,183.8,175.1,176.73,1218667
equity,INE777F01014,2026-09-11,183.5,172.17,182.28,1693706
equity,INE777F01014,2026-09-14,182.28,182.28,182.28,
equity,INE777F01014,2026-09-15,184.34,167,168.43,1644397
equity,INE777F01014,2026-09-16,171.99,156.29,162.72,1815351
equity,INE498Q01014,2026-09-07,185.5,170.48,178.88,4026692
equity,INE498Q01014,2026-09-08,181.8,175.28,178.34,2118171
equity,INE498Q01014,2026-09-09,179.7,174.67,178.4,2464634
equity,INE498Q01014,2026-09-10,183,176.18,176.93,3362417
equity,INE498Q01014,2026-09-11,180.61,173.05,174.35,1851750
equity,INE498Q01014,2026-09-14,174.35,174.35,174.35,
equity,INE498Q01014,2026-09-15,179,165.81,166.54,2128186
equity,INE498Q01014,2026-09-16,168.48,161.91,167.27,1939584
equity,INE351Y01019,2026-09-08,2173.8999,2115,2139.8,13277
equity,INE351Y01019,2026-09-09,2163.8999,2105,2107.6001,9360
equity,INE351Y01019,2026-09-10,2107.5,2073,2085.8,11535
equity,INE351Y01019,2026-09-11,2147.8,2013.8,2118.5,18068
equity,INE351Y01019,2026-09-15,2214.8999,2079.1001,2105.2,34753
equity,INE351Y01019,2026-09-16,2094.7,2002.6,2064.8999,13984
equity,INE343B01030,2026-09-07,84.99,78.87,79.72,136629
equity,INE343B01030,2026-09-08,80.96,76.78,79.61,106273
equity,INE343B01030,2026-09-09,82.61,78.56,79.05,100479
equity,INE343B01030,2026-09-10,80,78,79.35,67128
equity,INE343B01030,2026-09-11,80.48,78,78.3,81802
equity,INE343B01030,2026-09-15,80.43,76.3,76.47,105441
equity,INE343B01030,2026-09-16,78.48,75,76.74,90945
equity,INE0OUT01019,2026-09-08,1230,1210,1217.65,33300
equity,INE0OUT01019,2026-09-09,1247,1212,1233.4,36300
equity,INE0OUT01019,2026-09-10,1245,1218,1222.2,41475
equity,INE0OUT01019,2026-09-11,1244.1,1201,1227.25,42300
equity,INE0OUT01019,2026-09-14,1227.25,1227.25,1227.25,
equity,INE0OUT01019,2026-09-15,1305,1230,1270.75,86475
equity,INE345A01011,2026-09-07,193.99,184.46,188.85,2651804
equity,INE345A01011,2026-09-08,194.99,187.01,193.66,1852355
equity,INE345A01011,2026-09-09,201.44,193.9,195.83,3991694
equity,INE345A01011,2026-09-10,195.98,187,187.66,1268291
equity,INE345A01011,2026-09-11,192.4,184.5,185.22,1154009
equity,INE345A01011,2026-09-15,186.3,174.01,175.72,844381
equity,INE345A01011,2026-09-16,183,170.1,180.44,971183
equity,INE751B01018,2026-09-08,1754.8,1710,1722,16266
equity,INE751B01018,2026-09-09,1761.9,1715.5,1746.4,13287
equity,INE751B01018,2026-09-10,1753,1721,1728.3,7959
equity,INE751B01018,2026-09-11,1750,1709.9,1722.1,10173
equity,INE751B01018,2026-09-15,1757,1710,1734,12970
equity,INE751B01018,2026-09-16,1749.3,1711.6,1724.6,9230
equity,INE836B01017,2026-09-08,220.48,214.75,217.49,141022
equity,INE836B01017,2026-09-09,219,213.02,214.88,148870
equity,INE836B01017,2026-09-10,217.9,210,217.21,307384
equity,INE836B01017,2026-09-11,220.89,215.03,216.68,136042
equity,INE836B01017,2026-09-15,217.63,212,214.88,158812
equity,INE836B01017,2026-09-16,219.4,210,217.88,208980
equity,INE07K301024,2026-09-08,183.6,179,180.11,529099
equity,INE07K301024,2026-09-09,181.01,176.15,177.06,813875
equity,INE07K301024,2026-09-10,185.85,176.13,183.93,2600981
equity,INE07K301024,2026-09-11,187.88,180.34,187,1685484
equity,INE07K301024,2026-09-14,187,187,187,
equity,INE07K301024,2026-09-15,188.54,178.42,179.41,1178475
equity,INE07K301024,2026-09-16,180.6,174.6,177.81,782713
equity,INE858F01012,2026-09-08,94.39,92.46,93.46,414124
equity,INE858F01012,2026-09-09,94,92.1,92.53,262356
equity,INE858F01012,2026-09-10,95.5,92.4,95.23,246641
equity,INE858F01012,2026-09-11,94.3,91.5,93.71,329886
equity,INE858F01012,2026-09-15,94.03,87.15,88.24,464560
equity,INE858F01012,2026-09-16,89.05,83.25,85.17,684232
equity,INE873D01024,2026-09-08,256.6578,242.7898,244.0387,176170
equity,INE873D01024,2026-09-09,246.0769,229.3015,230.98,569994
equity,INE873D01024,2026-09-10,269.9,229,254.25,6015331
equity,INE873D01024,2026-09-11,276.98,251.5,263.02,5002402
equity,INE873D01024,2026-09-14,263.02,263.02,263.02,
equity,INE873D01024,2026-09-15,265.92,238.5,241.39,354504
equity,INE873D01024,2026-09-16,258,235,254,644141
equity,INE757A01017,2026-09-08,935.4,905,909.15,40826
equity,INE757A01017,2026-09-09,914.9,899.8,906.75,48300
equity,INE757A01017,2026-09-10,914.7,877.6,880.65,56270
equity,INE757A01017,2026-09-11,884.4,858.2,874.9,51751
equity,INE757A01017,2026-09-14,874.9,874.9,874.9,
equity,INE757A01017,2026-09-15,884.6,858,861.35,54106
equity,INE757A01017,2026-09-16,898,842.5,878.05,56750
equity,INE874I01013,2026-09-08,340.65,335.2,337.6,21327
equity,INE874I01013,2026-09-09,341.45,336.55,339,15041
equity,INE874I01013,2026-09-10,340.5,335,335.9,15021
equity,INE874I01013,2026-09-11,335.65,327.05,332.1,36614
equity,INE874I01013,2026-09-15,334.95,312.65,314.8,47492
equity,INE874I01013,2026-09-16,318,308.85,311.75,39434
equity,INE0RYC01010,2026-09-07,208.99,201.6,202.64,362233
equity,INE0RYC01010,2026-09-08,212.77,202.42,212.77,226048
equity,INE0RYC01010,2026-09-09,223.4,215.1,223.4,201491
equity,INE0RYC01010,2026-09-10,234.57,225.4,234.26,955209
equity,INE0RYC01010,2026-09-11,229.7,223,225.09,389412
equity,INE0RYC01010,2026-09-15,223.95,213.84,213.84,255501
equity,INE0RYC01010,2026-09-16,218.65,203.67,212.79,283630
equity,INE988S01028,2026-09-07,113.1,110.98,111.21,61379
equity,INE988S01028,2026-09-08,114.19,110.71,113.11,228241
equity,INE988S01028,2026-09-09,113.28,110.97,111.64,62584
equity,INE988S01028,2026-09-10,113.19,110.6,111.63,74993
equity,INE988S01028,2026-09-11,111.79,109.2,110.77,113025
equity,INE988S01028,2026-09-15,111.85,105.6,106.83,151020
equity,INE988S01028,2026-09-16,108.24,105,105.85,132228
equity,INE415B01044,2026-09-08,133.55,128.85,131.3,128862
equity,INE415B01044,2026-09-09,135.9,129.6,135.1,156006
equity,INE415B01044,2026-09-10,141.5,124.3,125.3,287842
equity,INE415B01044,2026-09-11,128,122.6,127.15,81806
equity,INE415B01044,2026-09-15,128.7,121,121.35,78162
equity,INE934S01014,2026-09-08,564,543.8,553.4,227103
equity,INE934S01014,2026-09-09,562,536.5,539.55,303293
equity,INE934S01014,2026-09-10,559,540,553.95,297519
equity,INE934S01014,2026-09-11,558.3,539,551.1,293874
equity,INE934S01014,2026-09-15,555,527.25,532.6,183815
equity,INE934S01014,2026-09-16,539.7,504.2,529.85,210286
equity,INE600Y01019,2026-09-08,475,452.35,460.6,1016331
equity,INE600Y01019,2026-09-09,468.9,449,456.5,426020
equity,INE600Y01019,2026-09-10,477,452,454.65,856388
equity,INE600Y01019,2026-09-11,462.3,442.05,455.45,397841
equity,INE600Y01019,2026-09-15,459.75,430.2,432.6,406393
equity,INE600Y01019,2026-09-16,438.15,416.65,433,387376
equity,INE0H5O01029,2026-09-07,1181.9,1145,1154.75,275989
equity,INE0H5O01029,2026-09-08,1164,1123.25,1146.1,113115
equity,INE0H5O01029,2026-09-09,1174.75,1132.75,1142.45,145841
equity,INE0H5O01029,2026-09-10,1157,1125.05,1129.4,57449
equity,INE0H5O01029,2026-09-11,1141.9,1110.75,1129.25,66749
equity,INE0H5O01029,2026-09-15,1144,1084,1098.15,83578
equity,INE0H5O01029,2026-09-16,1099.95,1050.8,1075.05,113546
equity,INE0ALI01010,2026-09-07,2157.3008,2068.1876,2094.3621,49298
equity,INE0ALI01010,2026-09-08,2170.7877,2082.6735,2151.8062,66017
equity,INE0ALI01010,2026-09-09,2161.8965,2074.1818,2089.6667,44532
equity,INE0ALI01010,2026-09-10,2103.853,2034.021,2055.6001,39928
equity,INE0ALI01010,2026-09-11,2086.7,2014.4,2065,34152
equity,INE0ALI01010,2026-09-15,2083.8999,2000,2007,34911
equity,INE0ALI01010,2026-09-16,2019.9,1941.5,1996.3,38672
equity,INE384A01010,2026-09-07,1705,1651,1673,37763
equity,INE384A01010,2026-09-08,1738,1657.8,1691.8,23261
equity,INE384A01010,2026-09-09,1703.9,1659,1686.4,15103
equity,INE384A01010,2026-09-10,1717.7,1675,1704.8,6820
equity,INE384A01010,2026-09-11,1706.2,1675,1696.2,6389
equity,INE384A01010,2026-09-14,1696.2,1696.2,1696.2,
equity,INE384A01010,2026-09-15,1699.9,1641.5,1669,15327
equity,INE384A01010,2026-09-16,1662.4,1602.6,1630.3,6233
equity,INE155D01018,2026-09-07,2007,1890.15,1983.35,7017
equity,INE155D01018,2026-09-08,1974.9,1920.1,1937.95,1665
equity,INE155D01018,2026-09-09,1949.85,1876.7,1919.25,3237
equity,INE155D01018,2026-09-10,1920.05,1834,1888.55,3150
equity,INE155D01018,2026-09-11,1910.05,1850,1901,2204
equity,INE155D01018,2026-09-15,1929.6,1806.1,1816.3,3819
equity,INE155D01018,2026-09-16,1844.85,1731.7,1801.45,6920
equity,INE893J01029,2026-09-08,705.8471,690.9626,694.497,30371
equity,INE893J01029,2026-09-09,696.8865,682.1513,687.1792,63868
equity,INE893J01029,2026-09-10,689.7678,682.002,682.45,14862
equity,INE893J01029,2026-09-11,685,662.85,676.45,45072
equity,INE893J01029,2026-09-15,677.45,650.25,652.1,53186
equity,INE893J01029,2026-09-16,670,633,661.45,40145
equity,INE0MB501011,2026-09-07,608.1,577.4,581.35,285713
equity,INE0MB501011,2026-09-08,623,582,611.2,571020
equity,INE0MB501011,2026-09-09,631,601.05,619.5,521969
equity,INE0MB501011,2026-09-10,629,585.7,595,463039
equity,INE0MB501011,2026-09-11,595.1,575.6,592.05,335069
equity,INE0MB501011,2026-09-15,600,561.1,564.65,249766
equity,INE0MB501011,2026-09-16,589,544.95,582.9,277512
equity,INE032A01023,2026-09-07,113.66,112,112.21,233902
equity,INE032A01023,2026-09-08,116.89,111.05,114.27,1292100
equity,INE032A01023,2026-09-09,113.9,112.6,112.86,293411
equity,INE032A01023,2026-09-10,114.18,111.65,112.51,326804
equity,INE032A01023,2026-09-11,111.9,109.8,111.27,447712
equity,INE032A01023,2026-09-14,111.27,111.27,111.27,
equity,INE032A01023,2026-09-15,112.1,107,107.58,754544
equity,INE032A01023,2026-09-16,108.1,105.01,107.16,514465
equity,INE398A01010,2026-09-08,1731.7932,1634.8645,1698.9866,184656
equity,INE398A01010,2026-09-09,1717.6764,1670.1564,1684.7703,62910
equity,INE398A01010,2026-09-10,1729.8049,1672.2441,1696.7,83868
equity,INE398A01010,2026-09-11,1795,1676.2,1787.2,254979
equity,INE398A01010,2026-09-14,1787.2,1787.2,1787.2,
equity,INE398A01010,2026-09-15,1814.9,1702,1713.6,115324
equity,INE398A01010,2026-09-16,1725,1638.7,1670.6,89813
equity,INE0IQ001011,2026-09-08,243.14,229.66,232.73,527402
equity,INE0IQ001011,2026-09-09,236.7,230.49,233.79,146699
equity,INE0IQ001011,2026-09-10,235.59,229.65,230.51,90890
equity,INE0IQ001011,2026-09-11,232.86,223.66,225.24,334713
equity,INE0IQ001011,2026-09-15,228.78,216.65,218.28,149157
equity,INE0IQ001011,2026-09-16,219.9,211.2,217.97,158113
equity,INE922B01023,2026-09-07,383,376.6,378.4,45995
equity,INE922B01023,2026-09-08,398,377.6,391.85,101506
equity,INE922B01023,2026-09-09,400,388.1,393.8,143042
equity,INE922B01023,2026-09-10,399,387.45,388.65,101111
equity,INE922B01023,2026-09-11,399.95,383.45,397.65,89281
equity,INE922B01023,2026-09-14,397.65,397.65,397.65,
equity,INE922B01023,2026-09-15,396.95,371,375.75,292361
equity,INE922B01023,2026-09-16,378.9,361.95,367.15,107393
equity,INE036A01016,2026-09-08,58.7,57,57,268676
equity,INE036A01016,2026-09-09,58,55.86,55.86,231937
equity,INE036A01016,2026-09-10,56,54.75,54.75,323185
equity,INE036A01016,2026-09-11,54.75,53.66,53.66,110612
equity,INE036A01016,2026-09-15,54,52.59,52.59,63092
equity,INE036A01016,2026-09-16,52,51.54,51.54,79034
equity,INE0MLS01022,2026-09-07,233.07,228.15,230.44,232605
equity,INE0MLS01022,2026-09-08,238.8,231.01,234,560975
equity,INE0MLS01022,2026-09-09,250.9,231.21,248.14,1620115
equity,INE0MLS01022,2026-09-10,249.71,238.2,239.03,358765
equity,INE0MLS01022,2026-09-11,242.49,229.41,240.44,1131348
equity,INE0MLS01022,2026-09-15,245.65,215.46,221.26,705316
equity,INE0MLS01022,2026-09-16,224,213.22,221.47,428063
equity,INE0QRL01017,2026-09-07,125.77,123.85,124.82,121170
equity,INE0QRL01017,2026-09-08,125.99,122.5,123.09,94801
equity,INE0QRL01017,2026-09-09,126.85,122.36,122.95,244733
equity,INE0QRL01017,2026-09-10,123.57,121.92,122.94,154761
equity,INE0QRL01017,2026-09-11,123.85,120,122.03,241772
equity,INE0QRL01017,2026-09-15,122.99,115.21,116.42,194033
equity,INE0QRL01017,2026-09-16,117.9,114.5,115.76,113779
equity,INE298G01035,2026-09-08,118.8517,115.0056,117.0674,329876
equity,INE298G01035,2026-09-09,117.2359,114.2919,116.096,540312
equity,INE298G01035,2026-09-10,119.8925,115.2336,117.7018,614428
equity,INE298G01035,2026-09-11,117.117,113.6575,115.7292,411339
equity,INE298G01035,2026-09-15,116.5817,110.8522,113.37,421507
equity,INE298G01035,2026-09-16,114.5,109.33,113.51,264603
equity,INE461D01028,2026-09-08,345,328.15,334.5,315202
equity,INE461D01028,2026-09-09,367.95,333.05,367.95,846199
equity,INE461D01028,2026-09-10,396.6,364.35,367.6,1484997
equity,INE461D01028,2026-09-11,404.35,363,404.35,870661
equity,INE461D01028,2026-09-15,429.8,388.9,395.4,745010
equity,INE461D01028,2026-09-16,433.8,388.05,416.85,1167622
equity,INE128A01029,2026-09-07,331,315,327.15,116376
equity,INE128A01029,2026-09-08,351.55,324.4,348.85,421499
equity,INE128A01029,2026-09-09,351.6,343.2,349.4,151411
equity,INE128A01029,2026-09-10,369.4,347.65,366.2,742503
equity,INE128A01029,2026-09-11,368.9,355.7,363,205568
equity,INE128A01029,2026-09-15,362.95,329.6,336.75,204803
equity,INE128A01029,2026-09-16,341.8,327.9,333.95,61394
equity,INE007B01023,2026-09-08,83.04,77.85,81.08,342199
equity,INE007B01023,2026-09-09,81.25,79.47,80.12,235168
equity,INE007B01023,2026-09-10,80.93,79.01,79.47,255965
equity,INE007B01023,2026-09-11,79.74,78,78.6,165423
equity,INE007B01023,2026-09-15,79.99,76.6,77.27,214765
equity,INE007B01023,2026-09-16,78,75.36,76.9,227487
equity,INE121N01019,2026-09-08,2168.8999,2130,2134.1001,2282
equity,INE121N01019,2026-09-09,2175.8,2095,2150.1001,5976
equity,INE121N01019,2026-09-10,2220,2140.7,2197.3999,8107
equity,INE121N01019,2026-09-11,2231.8999,2158,2192.6001,19444
equity,INE121N01019,2026-09-15,2250,2160.6001,2175.2,14877
equity,INE121N01019,2026-09-16,2179.3999,2081,2156.8,4749
equity,INE246B01019,2026-09-08,616,589.75,609.15,99742
equity,INE246B01019,2026-09-09,609.5,595,596.7,58410
equity,INE246B01019,2026-09-10,616.8,595.1,610.6,71037
equity,INE246B01019,2026-09-11,610.55,591,594.55,41056
equity,INE246B01019,2026-09-15,600.95,564.85,567.8,46824
equity,INE246B01019,2026-09-16,567.8,543.95,558.65,62642
equity,INE0H9F01037,2026-09-07,524,513.75,516.45,98724
equity,INE0H9F01037,2026-09-08,534,518,529.7,63249
equity,INE0H9F01037,2026-09-09,533.45,521.35,526.15,68600
equity,INE0H9F01037,2026-09-10,529,516,522.55,61345
equity,INE0H9F01037,2026-09-11,527.9,515.55,523.35,39054
equity,INE0H9F01037,2026-09-15,520.85,503,506.35,74691
equity,INE0H9F01037,2026-09-16,519,491.25,516.45,101957
equity,INE17QZ01016,2026-09-07,190,185,185.93,664588
equity,INE17QZ01016,2026-09-08,186.69,182.7,183.91,638148
equity,INE17QZ01016,2026-09-09,186.04,180.8,182.1,778843
equity,INE17QZ01016,2026-09-10,189.39,183.46,186.96,703290
equity,INE17QZ01016,2026-09-11,185.74,181.51,183.27,429457
equity,INE17QZ01016,2026-09-15,184.18,177.27,178.58,656445
equity,INE17QZ01016,2026-09-16,182.1,171.1,179.69,805422
equity,INE932A01024,2026-09-07,178.68,169.5,175.96,1301524
equity,INE932A01024,2026-09-08,182.5,175.5,180.62,1266398
equity,INE932A01024,2026-09-09,181.42,176.21,178.08,603270
equity,INE932A01024,2026-09-10,181.08,177,177.34,318619
equity,INE932A01024,2026-09-11,178.3,171.01,175.54,471310
equity,INE932A01024,2026-09-15,175.58,166.69,167.3,338236
equity,INE932A01024,2026-09-16,168.99,162,166.79,494586
equity,INE355A01028,2026-09-08,564,555.4,562.65,68944
equity,INE355A01028,2026-09-09,561.75,551.6,553.5,93463
equity,INE355A01028,2026-09-10,572.65,554.15,559.7,88278
equity,INE355A01028,2026-09-11,571,550.6,565.2,101279
equity,INE355A01028,2026-09-14,565.2,565.2,565.2,
equity,INE355A01028,2026-09-15,568,544,550.8,76905
equity,INE355A01028,2026-09-16,561.9,529.65,555.15,103578
equity,INE551C01044,2026-09-08,56,52.17,54.15,618899
equity,INE551C01044,2026-09-09,57.25,54.21,56.3,285488
equity,INE551C01044,2026-09-10,57.84,53.86,53.92,779126
equity,INE551C01044,2026-09-11,55.5,53.74,53.94,297154
equity,INE551C01044,2026-09-15,56.2,54.19,55.29,231041
equity,INE18UN01038,2026-09-07,161.99,154.2,155.42,1078393
equity,INE18UN01038,2026-09-08,157.2,152.54,153.64,555867
equity,INE18UN01038,2026-09-09,160,152.61,158.69,1067431
equity,INE18UN01038,2026-09-10,163.9,153.25,155.33,1928025
equity,INE18UN01038,2026-09-11,155.2,151,152.6,695770
equity,INE18UN01038,2026-09-15,153.09,141.2,142.55,792538
equity,INE18UN01038,2026-09-16,144.45,137.5,138.83,551874
equity,INE029L01018,2026-09-08,5234.5,5074.5,5144,982
equity,INE029L01018,2026-09-09,5134.5,5001,5021.5,1227
equity,INE029L01018,2026-09-10,5144,5010,5083.5,1083
equity,INE029L01018,2026-09-11,5083,5014,5040.5,524
equity,INE029L01018,2026-09-15,5198,4802,4846.5,1570
equity,INE029L01018,2026-09-16,4950,4746,4779.5,5039
equity,INE411B01019,2026-09-08,1683.7,1606.2,1625.2,25267
equity,INE411B01019,2026-09-09,1700,1620,1650.2,25233
equity,INE411B01019,2026-09-10,1674.6,1618,1624.2,12804
equity,INE411B01019,2026-09-11,1655,1580,1616.3,16535
equity,INE411B01019,2026-09-15,1645,1538,1545.4,34832
equity,INE411B01019,2026-09-16,1569.6,1475,1535.1,38705
equity,INE0P9J01013,2026-09-07,2258,2161.1001,2217.6001,94700
equity,INE0P9J01013,2026-09-08,2250,2206.2,2245.25,63600
equity,INE0P9J01013,2026-09-09,2319.3999,2248,2256.75,101500
equity,INE0P9J01013,2026-09-10,2321.95,2260,2285.55,55400
equity,INE0P9J01013,2026-09-11,2375,2275,2357.25,135100
equity,INE0P9J01013,2026-09-15,2408,2268,2296.75,49000
equity,INE622Q01027,2026-09-08,307.15,300,300.1,41961
equity,INE622Q01027,2026-09-09,305,288,289.45,39285
equity,INE622Q01027,2026-09-10,288.6,277.2,284.4,42465
equity,INE622Q01027,2026-09-11,289.9,272,278,31868
equity,INE622Q01027,2026-09-15,288,275.05,279.95,20126
equity,INE732S01012,2026-09-08,1211,1112.05,1157.85,580120
equity,INE732S01012,2026-09-09,1178.95,1114,1152.35,141701
equity,INE732S01012,2026-09-10,1165.9,1084,1117.3,91278
equity,INE732S01012,2026-09-11,1195,1096.05,1158.55,181225
equity,INE732S01012,2026-09-14,1158.55,1158.55,1158.55,
equity,INE732S01012,2026-09-15,1179,1117.1,1137.55,119031
equity,INE732S01012,2026-09-16,1143.9,1042.7,1105.4,164405
equity,INE879K01018,2026-09-08,139,135,137.75,23480
equity,INE879K01018,2026-09-09,139.5,135.65,138.2,50258
equity,INE879K01018,2026-09-10,139.95,136.5,137.2,12783
equity,INE879K01018,2026-09-11,139.5,134.6,138.6,31157
equity,INE879K01018,2026-09-15,138.9,132.5,133.05,55706
equity,INE603A01013,2026-09-07,124.7717,122.4374,123.1958,445797
equity,INE603A01013,2026-09-08,127.9333,123.2253,125.3824,682134
equity,INE603A01013,2026-09-09,126.2589,123.5799,124.5058,437689
equity,INE603A01013,2026-09-10,126.0324,121.6396,121.9154,461514
equity,INE603A01013,2026-09-11,122.1321,120.1622,121.285,280763
equity,INE603A01013,2026-09-14,121.285,121.285,121.285,
equity,INE603A01013,2026-09-15,122.1419,116.2126,117.69,716947
equity,INE603A01013,2026-09-16,118.9,115.01,118.48,357884
equity,INE03NU01014,2026-09-07,59.9,57.11,57.34,333568
equity,INE03NU01014,2026-09-08,57.99,57,57.14,109899
equity,INE03NU01014,2026-09-09,57.15,56.22,56.43,105118
equity,INE03NU01014,2026-09-10,56.69,56,56.36,104697
equity,INE03NU01014,2026-09-11,56.69,55.75,56.51,65944
equity,INE03NU01014,2026-09-15,56.98,55.75,56.14,72260
equity,INE03NU01014,2026-09-16,56.9,55.75,55.85,101262
equity,INE612J01015,2026-09-07,361,355.3,358.75,48377
equity,INE612J01015,2026-09-08,365.95,356.8,361.35,64962
equity,INE612J01015,2026-09-09,364.85,355.35,356.8,94098
equity,INE612J01015,2026-09-10,360,352.55,353.8,64220
equity,INE612J01015,2026-09-11,361.95,348.85,359.6,106122
equity,INE612J01015,2026-09-15,361.7,345,348.75,159662
equity,INE612J01015,2026-09-16,351.95,340.65,346.7,69214
equity,INE338F01015,2026-09-08,462,450.45,459.2,25645
equity,INE338F01015,2026-09-09,478.7,450.1,466.2,27427
equity,INE338F01015,2026-09-10,491.1,466.9,477.55,21247
equity,INE338F01015,2026-09-11,488.55,465.55,486.7,29164
equity,INE338F01015,2026-09-15,483,457.55,467.15,16409
equity,INE0N0J01014,2026-09-08,2390,2210.2,2345.55,9250
equity,INE0N0J01014,2026-09-09,2610,2400,2494.5,19950
equity,INE0N0J01014,2026-09-10,2625,2420,2453.55,15400
equity,INE0N0J01014,2026-09-11,2468.2,2325,2405.45,4100
equity,INE0N0J01014,2026-09-15,2439.95,2312,2378.2,3100
equity,INE0Q7P01013,2026-09-08,1550,1510,1534,5300
equity,INE0Q7P01013,2026-09-09,1527.6,1480,1506,4200
equity,INE0Q7P01013,2026-09-10,1506,1450,1475.7,5400
equity,INE0Q7P01013,2026-09-11,1490,1426,1470,4900
equity,INE0Q7P01013,2026-09-15,1470,1396.5,1411,5800
equity,INE175A01038,2026-09-08,32.54,30.9,31.12,3667616
equity,INE175A01038,2026-09-09,31,30.27,30.51,1453828
equity,INE175A01038,2026-09-10,30.84,29.83,30.02,1433440
equity,INE175A01038,2026-09-11,29.94,28.97,29.71,2167782
equity,INE175A01038,2026-09-15,29.83,29.15,29.23,1419781
equity,INE175A01038,2026-09-16,29.34,28.58,29.07,1129898
equity,INE392H01026,2026-09-08,304.85,289.65,289.65,8942
equity,INE392H01026,2026-09-09,285.5,275.2,276.85,11405
equity,INE392H01026,2026-09-10,290.65,270,280.95,5698
equity,INE392H01026,2026-09-11,279.95,269,276.95,2745
equity,INE392H01026,2026-09-15,274,263.15,267.8,2914
equity,INE07O001026,2026-09-08,6.08,5.88,5.94,28001359
equity,INE07O001026,2026-09-09,6.06,5.86,5.97,17088715
equity,INE07O001026,2026-09-10,5.99,5.78,5.79,32925809
equity,INE07O001026,2026-09-11,5.94,5.74,5.83,17129400
equity,INE07O001026,2026-09-14,5.83,5.83,5.83,
equity,INE07O001026,2026-09-15,5.93,5.77,5.78,14324287
equity,INE07O001026,2026-09-16,5.88,5.76,5.78,14917946
equity,INE04AK01028,2026-09-08,47.58,46.62,46.77,8596009
equity,INE04AK01028,2026-09-09,49,47.04,48.68,12797508
equity,INE04AK01028,2026-09-10,49.38,48,48.05,10039752
equity,INE04AK01028,2026-09-11,48.39,47.7,48.33,8267285
equity,INE04AK01028,2026-09-15,48.55,47.35,47.73,9919587
equity,INE04AK01028,2026-09-16,48,45.75,47.63,8700051
equity,INE05CZ01011,2026-09-08,309.35,295.05,297.8,2092906
equity,INE05CZ01011,2026-09-09,303,290.8,299.9,2550769
equity,INE05CZ01011,2026-09-10,312.2,299,310.6,3836811
equity,INE05CZ01011,2026-09-11,310.4,283.15,288.3,4371239
equity,INE05CZ01011,2026-09-14,288.3,288.3,288.3,
equity,INE05CZ01011,2026-09-15,296.3,278.3,289.6,6487828
equity,INE05CZ01011,2026-09-16,294.9,275.2,286.75,11887223
equity,INE0R4701017,2026-09-07,950,900,933.9,116600
equity,INE0R4701017,2026-09-08,950.05,880.15,924.9,65000
equity,INE0R4701017,2026-09-09,924.9,900,920.75,42200
equity,INE0R4701017,2026-09-10,932,895,898.9,30700
equity,INE0R4701017,2026-09-11,940,881.1,934.2,45200
equity,INE0R4701017,2026-09-15,948.8,890,906.35,44900
equity,INE109C01017,2026-09-08,2050.1001,2001,2037.5,14516
equity,INE109C01017,2026-09-09,2075,2000,2037.1,27412
equity,INE109C01017,2026-09-10,2084.8999,2030.1,2036.5,16638
equity,INE109C01017,2026-09-11,2024,1960.5,2011.3,13661
equity,INE109C01017,2026-09-15,2025,1900.4,1918.1,37939
equity,INE109C01017,2026-09-16,1948,1806.6,1873.5,66916
equity,INE903A01025,2026-09-08,162.39,156.28,159.87,301645
equity,INE903A01025,2026-09-09,173.5,159.55,168.94,1531650
equity,INE903A01025,2026-09-10,170.69,162.72,165.09,235338
equity,INE903A01025,2026-09-11,168,160.22,165.32,256432
equity,INE903A01025,2026-09-14,165.32,165.32,165.32,
equity,INE903A01025,2026-09-15,169.5,156.25,158.45,519085
equity,INE903A01025,2026-09-16,160.2,152.4,154.77,273295
equity,INE927X01018,2026-09-08,106999.9531,105525.5,106499.9531,6
equity,INE927X01018,2026-09-09,106999.9531,106562,106562,3
equity,INE927X01018,2026-09-10,107000,105018,105018,13
equity,INE927X01018,2026-09-11,105018,105018,105018,
equity,INE927X01018,2026-09-14,105018,105018,105018,
equity,INE927X01018,2026-09-15,105000,105000,105000,1
equity,INE074B01023,2026-09-07,67.32,65.16,65.61,1407319
equity,INE074B01023,2026-09-08,69.5,64.85,69.05,4828599
equity,INE074B01023,2026-09-09,70.9,66.05,66.45,3622562
equity,INE074B01023,2026-09-10,68.24,65.51,65.69,1118932
equity,INE074B01023,2026-09-11,65.71,63.2,64.87,1513296
equity,INE074B01023,2026-09-14,64.87,64.87,64.87,
equity,INE074B01023,2026-09-15,65.29,61,61.31,1879764
equity,INE074B01023,2026-09-16,62.09,58.96,60.83,1472183
equity,INE059B01024,2026-09-08,264.7,256,257.4,70097
equity,INE059B01024,2026-09-09,264.55,255.1,259.35,75525
equity,INE059B01024,2026-09-10,265.8,252.6,255.75,100611
equity,INE059B01024,2026-09-11,257.55,249.65,255.1,108268
equity,INE059B01024,2026-09-15,256,238.9,242.85,110563
equity,INE059B01024,2026-09-16,250.2,233.05,248.85,165011
equity,INE818W01011,2026-09-07,42.02,40.52,41.76,445009
equity,INE818W01011,2026-09-08,41.69,40.5,41.47,602956
equity,INE818W01011,2026-09-09,41.77,40.4,40.85,362765
equity,INE818W01011,2026-09-10,41.48,40.25,40.39,243128
equity,INE818W01011,2026-09-11,40.25,38.83,39.61,466788
equity,INE818W01011,2026-09-15,40.1,38.4,38.98,435491
equity,INE818W01011,2026-09-16,39.88,37.11,38.96,463010
equity,INE625X01026,2026-09-08,165.21,160.2,161.1,413174
equity,INE625X01026,2026-09-09,165.65,157.99,159.96,418255
equity,INE625X01026,2026-09-10,161.1,143.97,152,2242513
equity,INE625X01026,2026-09-11,157.59,150,152.49,529921
equity,INE625X01026,2026-09-14,152.49,152.49,152.49,
equity,INE625X01026,2026-09-15,157.9,146.12,149.66,420284
equity,INE625X01026,2026-09-16,157,148.85,153.05,370310
equity,INE0OV601013,2026-09-08,385,376,378.4,164742
equity,INE0OV601013,2026-09-09,398.95,379.9,385.8,885127
equity,INE0OV601013,2026-09-10,393,382,391.4,298288
equity,INE0OV601013,2026-09-11,387.95,379.5,383.1,170750
equity,INE0OV601013,2026-09-15,387,371.05,373.95,200788
equity,INE0OV601013,2026-09-16,374.85,355.35,362.25,240626
equity,INE0KQN01018,2026-09-07,187.92,182.41,187.45,535172
equity,INE0KQN01018,2026-09-08,187.3,182.12,183.62,105390
equity,INE0KQN01018,2026-09-09,184.9,182,183.93,90712
equity,INE0KQN01018,2026-09-10,183.9,176.6,177.42,237404
equity,INE0KQN01018,2026-09-11,181.25,175,179.89,136248
equity,INE0KQN01018,2026-09-15,182.6,168.01,168.87,305666
equity,INE0KQN01018,2026-09-16,171.94,165,169.16,121724
equity,INE586V01016,2026-09-08,556.85,545.35,550.45,35817
equity,INE586V01016,2026-09-09,549.7,535.6,540.05,33793
equity,INE586V01016,2026-09-10,542.45,532.35,535.4,15584
equity,INE586V01016,2026-09-11,535.1,509,514.6,32945
equity,INE586V01016,2026-09-15,519.5,490.35,494.3,25494
equity,INE586V01016,2026-09-16,497.3,480,489.1,21265
equity,INE077F01035,2026-09-07,439.5,426.3,436.95,182392
equity,INE077F01035,2026-09-08,441.9,433,435.6,183004
equity,INE077F01035,2026-09-09,439.9,430,431.7,111213
equity,INE077F01035,2026-09-10,437.55,429.9,432.2,82309
equity,INE077F01035,2026-09-11,446.35,426.55,441.55,203952
equity,INE077F01035,2026-09-15,448,432.05,435.65,209907
equity,INE077F01035,2026-09-16,440,415.85,428.4,199597
equity,INE438E01032,2026-09-08,1025.8,981.1,1015,7429
equity,INE438E01032,2026-09-09,1019.9,990,997.55,3068
equity,INE438E01032,2026-09-10,1059.5,988,1026.2,13060
equity,INE438E01032,2026-09-11,1110,996.4,1086.9,61150
equity,INE438E01032,2026-09-15,1100.95,1025.85,1036.45,16693
equity,INE559R01029,2026-09-08,506,490.85,497.95,81462
equity,INE559R01029,2026-09-09,505.95,487.2,491.5,55947
equity,INE559R01029,2026-09-10,494.8,480.25,484.1,72927
equity,INE559R01029,2026-09-11,494.95,473.95,487.95,110531
equity,INE559R01029,2026-09-15,493.95,470,470.35,61400
equity,INE559R01029,2026-09-16,484,454.05,476.6,111985
equity,INE00HZ01011,2026-09-08,210.3,210,210,6
equity,INE00HZ01011,2026-09-09,210,210,210,
equity,INE00HZ01011,2026-09-10,210,200.4,200.4,38
equity,INE00HZ01011,2026-09-11,200.4,200.4,200.4,
equity,INE00HZ01011,2026-09-14,200.4,200.4,200.4,
equity,INE00HZ01011,2026-09-15,200.4,200.4,200.4,
equity,INE451L01014,2026-09-08,1343.4,1255,1291.4,2908
equity,INE451L01014,2026-09-09,1340,1226.9,1325.6,4953
equity,INE451L01014,2026-09-10,1360,1270.4,1331.6,2443
equity,INE451L01014,2026-09-11,1345,1265.1,1276.1,4655
equity,INE451L01014,2026-09-15,1298.5,1212.3,1294.5,10124
equity,INE451L01014,2026-09-16,1274,1229.8,1265.1,7469
equity,INE194R01017,2026-09-08,1427.1,1320,1362.05,33132
equity,INE194R01017,2026-09-09,1450,1349.4,1435.4,17375
equity,INE194R01017,2026-09-10,1492.75,1419.7,1467.15,7255
equity,INE194R01017,2026-09-11,1448.05,1392.55,1413.55,9149
equity,INE194R01017,2026-09-15,1417.8,1313.15,1325.05,18185
equity,INE075D01018,2026-09-08,941.4,921.35,927.75,20463
equity,INE075D01018,2026-09-09,927.75,912.9,917.7,23995
equity,INE075D01018,2026-09-10,926,911,912.5,19971
equity,INE075D01018,2026-09-11,921.95,900.5,910.9,21159
equity,INE075D01018,2026-09-15,914,901.6,905.7,19543
equity,INE075D01018,2026-09-16,917,883.05,912.65,29171
equity,INE1B3L01017,2026-09-07,225,216.1,218.59,658203
equity,INE1B3L01017,2026-09-08,219.8,216.5,217.44,289705
equity,INE1B3L01017,2026-09-09,220,216.51,218.7,104841
equity,INE1B3L01017,2026-09-10,220,216.1,216.79,186044
equity,INE1B3L01017,2026-09-11,218,214.04,217.27,148214
equity,INE1B3L01017,2026-09-15,218.01,209.55,211.05,157933
equity,INE1B3L01017,2026-09-16,217,205.17,209.49,231182
equity,INE985S01024,2026-09-08,1285.6,1243.8,1256.5,14408
equity,INE985S01024,2026-09-09,1295,1240.5,1281.5,20453
equity,INE985S01024,2026-09-10,1280.5,1251.2,1253.9,11448
equity,INE985S01024,2026-09-11,1252,1232.3,1241.4,14460
equity,INE985S01024,2026-09-15,1241.3,1213.1,1229.6,14425
equity,INE985S01024,2026-09-16,1240,1213.2,1228,5297
equity,INE805C01028,2026-09-08,164.08,161.78,162.11,57528
equity,INE805C01028,2026-09-09,162.44,160.52,161.91,60961
equity,INE805C01028,2026-09-10,163.25,161.11,162.21,59944
equity,INE805C01028,2026-09-11,163.15,160.05,162.4,88951
equity,INE805C01028,2026-09-15,162.94,158.18,159.15,118488
equity,INE805C01028,2026-09-16,159.16,155.42,158.64,56006
equity,INE500L01026,2026-09-08,149.89,144.1,145.59,599257
equity,INE500L01026,2026-09-09,148.87,143.94,144.98,298967
equity,INE500L01026,2026-09-10,146.73,143.01,143.58,216431
equity,INE500L01026,2026-09-11,142.96,138.88,141.22,231464
equity,INE500L01026,2026-09-15,141.88,135,135.89,298458
equity,INE500L01026,2026-09-16,135.95,131,133.42,600689
equity,INE586B01026,2026-09-08,338.4,326.9,332.75,102199
equity,INE586B01026,2026-09-09,335.7,329.4,332.15,57365
equity,INE586B01026,2026-09-10,347.7,330.05,342.6,188257
equity,INE586B01026,2026-09-11,342,333.2,334.8,51864
equity,INE586B01026,2026-09-15,335.4,325.1,325.85,58026
equity,INE586B01026,2026-09-16,328.1,318.55,327.4,50327
equity,INE809Q01020,2026-09-08,290,282.75,287.6,5757
equity,INE809Q01020,2026-09-09,289.9,275,288.5,7987
equity,INE809Q01020,2026-09-10,288.5,283.4,287.1,1920
equity,INE809Q01020,2026-09-11,288.95,274,286.15,4402
equity,INE809Q01020,2026-09-15,288.8,272.05,280.45,1778
equity,INE045B01015,2026-09-08,1019,917.6,973.1,1910138
equity,INE045B01015,2026-09-09,992.1,953.3,958.3,381192
equity,INE045B01015,2026-09-10,973.2,935,937.55,166262
equity,INE045B01015,2026-09-11,955,919.6,947.25,159706
equity,INE045B01015,2026-09-14,947.25,947.25,947.25,
equity,INE045B01015,2026-09-15,960.65,912.5,924.3,220149
equity,INE045B01015,2026-09-16,954.5,904.55,938.05,223585
equity,INE0U4101014,2026-09-07,138.96,135.05,137.19,216374
equity,INE0U4101014,2026-09-08,138.32,123.48,123.61,705528
equity,INE0U4101014,2026-09-09,134.9,120.75,130.52,661581
equity,INE0U4101014,2026-09-10,139.5,129.21,137.45,835035
equity,INE0U4101014,2026-09-11,136.3,130.21,131.48,388095
equity,INE0U4101014,2026-09-14,131.48,131.48,131.48,
equity,INE0U4101014,2026-09-15,132.85,123.61,125.27,214823
equity,INE0U4101014,2026-09-16,128.46,112.75,124.46,575164
equity,INE149O01018,2026-09-07,1336.6,1312.8,1318,29295
equity,INE149O01018,2026-09-08,1357.8,1310,1331.5,44934
equity,INE149O01018,2026-09-09,1337.7,1310,1313.3,25348
equity,INE149O01018,2026-09-10,1319.9,1287.1,1298.2,34841
equity,INE149O01018,2026-09-11,1298,1266.5,1282.4,40817
equity,INE149O01018,2026-09-15,1295,1218,1224.4,39048
equity,INE149O01018,2026-09-16,1254.6,1188,1212,51037
equity,INE219W01012,2026-09-08,436.5,407.55,428,25795
equity,INE219W01012,2026-09-09,429.75,415,422.25,20090
equity,INE219W01012,2026-09-10,443.35,419.1,443.35,63619
equity,INE219W01012,2026-09-11,458.05,430.6,449.5,21932
equity,INE219W01012,2026-09-15,452,430,436.75,38040
equity,INE634A01018,2026-09-08,2018.2,1976,1981.7,2018
equity,INE634A01018,2026-09-09,1999.7,1949,1964.2,3084
equity,INE634A01018,2026-09-10,1988,1945,1969.5,2818
equity,INE634A01018,2026-09-11,1979.8,1941.2,1953,4009
equity,INE634A01018,2026-09-15,1979.9,1904.5,1926.6,3003
equity,INE634A01018,2026-09-16,1931.9,1890,1922.9,1842
equity,INE667G01023,2026-09-07,155.04,150.66,151.77,199363
equity,INE667G01023,2026-09-08,151.98,149.2,149.98,215339
equity,INE667G01023,2026-09-09,152.5,147.3,151.41,243104
equity,INE667G01023,2026-09-10,151.54,145.43,146.87,236398
equity,INE667G01023,2026-09-11,147.5,145,146.49,211197
equity,INE667G01023,2026-09-15,150.98,141,142.25,505365
equity,INE667G01023,2026-09-16,143.21,137.62,141.18,225685
equity,INE782E01017,2026-09-08,2369.8999,2290,2318.3,5572
equity,INE782E01017,2026-09-09,2360,2257.3999,2322.6001,3779
equity,INE782E01017,2026-09-10,2343.8999,2267.5,2279,3073
equity,INE782E01017,2026-09-11,2298.8999,2238.3,2264.8999,5276
equity,INE782E01017,2026-09-15,2299,2151.5,2171.8,4443
equity,INE782E01017,2026-09-16,2305,2130,2207.7,4568
equity,INE243D01012,2026-09-08,537.2,523,526.55,40778
equity,INE243D01012,2026-09-09,537.8,520.1,521.85,43773
equity,INE243D01012,2026-09-10,567.5,516.05,544.45,482912
equity,INE243D01012,2026-09-11,567,528.9,548.9,275682
equity,INE243D01012,2026-09-15,550.05,521,528.2,40177
equity,INE243D01012,2026-09-16,534.55,512,520.35,31854
equity,INE323C01030,2026-09-08,395,385.6,388.9,33597
equity,INE323C01030,2026-09-09,394.2,376.4,379.55,45110
equity,INE323C01030,2026-09-10,380.75,365.4,367,77703
equity,INE323C01030,2026-09-11,375,362.25,369.55,30095
equity,INE323C01030,2026-09-15,372.45,351.7,354,31542
equity,INE323C01030,2026-09-16,359.9,341.25,349,22690
equity,INE002E01010,2026-09-08,4704.2002,4480.2002,4704.2002,18
equity,INE002E01010,2026-09-09,4939.3999,4704.2002,4939.3999,20
equity,INE002E01010,2026-09-10,5186.3501,5186.3501,5186.3501,5
equity,INE002E01010,2026-09-11,5445.6499,5445.6499,5445.6499,14
equity,INE002E01010,2026-09-15,5717.8999,5700,5717.7998,23
equity,INE068L01024,2026-09-08,239.28,235.35,236.87,59495
equity,INE068L01024,2026-09-09,240.9,233.5,238.8,127507
equity,INE068L01024,2026-09-10,241.17,237.2,240.06,53432
equity,INE068L01024,2026-09-11,241.58,234.6,240.21,142609
equity,INE068L01024,2026-09-15,245.79,238,240.3,198186
equity,INE068L01024,2026-09-16,243.2,237.02,238.95,227852
equity,INE08NE01025,2026-09-07,112.05,108.8,110.01,228597
equity,INE08NE01025,2026-09-08,110.93,108.8,109.62,136076
equity,INE08NE01025,2026-09-09,111.47,108.5,108.99,126988
equity,INE08NE01025,2026-09-10,110,106.5,107.38,86730
equity,INE08NE01025,2026-09-11,111.2,105.55,110.53,202115
equity,INE08NE01025,2026-09-15,111.6,109.59,110.76,130368
equity,INE08NE01025,2026-09-16,114.77,107.21,112.81,193954
equity,INE0KKN01029,2026-09-07,26.69,26.68,26.68,8256003
equity,INE0KKN01029,2026-09-08,28.01,28,28,9758911
equity,INE0KKN01029,2026-09-09,28.9,26.6,26.6,55311416
equity,INE0KKN01029,2026-09-10,25.27,25.27,25.27,90500
equity,INE0KKN01029,2026-09-11,24.01,24.01,24.01,72250
equity,INE0KKN01029,2026-09-15,22.81,22.81,22.81,246294
equity,INE0KKN01029,2026-09-16,21.67,21.67,21.67,118798
equity,INE900B01029,2026-09-07,642,587,634.5,759426
equity,INE900B01029,2026-09-08,677.75,639,656.45,524936
equity,INE900B01029,2026-09-09,678.95,636.15,662.95,233277
equity,INE900B01029,2026-09-10,717,655,707.55,773333
equity,INE900B01029,2026-09-11,733,690.6,723.15,479794
equity,INE900B01029,2026-09-15,741.9,650.85,650.85,313142
equity,INE900B01029,2026-09-16,650,585.8,628.1,651037
equity,INE004A01022,2026-09-07,517.75,493.2,515.4,393890
equity,INE004A01022,2026-09-08,514.85,498,499.65,211683
equity,INE004A01022,2026-09-09,499.85,491.05,493.35,135622
equity,INE004A01022,2026-09-10,499.05,483.55,492.75,207573
equity,INE004A01022,2026-09-11,502,486.35,492.35,194728
equity,INE004A01022,2026-09-15,501.9,485.2,488.85,234669
equity,INE004A01022,2026-09-16,500.3,484.1,485.35,257801
equity,INE05TO01019,2026-09-07,202.3,195,198.03,994634
equity,INE05TO01019,2026-09-08,202,193.36,199.31,592688
equity,INE05TO01019,2026-09-09,204,196.52,199.47,287505
equity,INE05TO01019,2026-09-10,209.44,200.1,206.9,1976088
equity,INE05TO01019,2026-09-11,207.5,196.56,205.13,4850211
equity,INE05TO01019,2026-09-15,205.13,195,199.72,921171
equity,INE05TO01019,2026-09-16,199.39,189.8,195.67,613769
equity,INE806C01018,2026-09-08,255,246.05,250.64,96941
equity,INE806C01018,2026-09-09,255,248.1,248.97,41106
equity,INE806C01018,2026-09-10,253,243.6,246.24,34848
equity,INE806C01018,2026-09-11,258.55,235.1,255.3,170916
equity,INE806C01018,2026-09-14,255.3,255.3,255.3,
equity,INE806C01018,2026-09-15,256,242.54,244.6,58074
equity,INE806C01018,2026-09-16,248,238.02,243.75,87272
equity,INE752G01015,2026-09-08,35.2,34.53,34.95,279294
equity,INE752G01015,2026-09-09,35.1,34.2,34.43,1130276
equity,INE752G01015,2026-09-10,34.87,34.2,34.4,340364
equity,INE752G01015,2026-09-11,34.53,33.06,33.96,493940
equity,INE752G01015,2026-09-15,34.9,32.6,32.96,721973
equity,INE752G01015,2026-09-16,33.84,31.8,33.48,561971
equity,INE229C01021,2026-09-08,155.5,151.1,151.82,108825
equity,INE229C01021,2026-09-09,155,149.82,150.94,52413
equity,INE229C01021,2026-09-10,153.74,148,150.34,50091
equity,INE229C01021,2026-09-11,150.34,145.5,146.25,121275
equity,INE229C01021,2026-09-15,149.38,146.25,146.8,35191
equity,INE229C01021,2026-09-16,148.74,141.52,147.99,59078
equity,INE0OWZ01020,2026-09-07,841.1,725,806.45,20414269
equity,INE0OWZ01020,2026-09-08,917.8,815.2,883.25,18775267
equity,INE0OWZ01020,2026-09-09,948,880,917.5,16480312
equity,INE0OWZ01020,2026-09-10,911.45,826.1,835.45,5082721
equity,INE0OWZ01020,2026-09-11,874.25,817.5,841.7,4580933
equity,INE0OWZ01020,2026-09-14,841.7,841.7,841.7,
equity,INE0OWZ01020,2026-09-15,856,757.55,777,1768387
equity,INE0OWZ01020,2026-09-16,845.7,736,819.05,4325767
equity,INE0LGX01024,2026-09-08,95.46,90.45,93.14,70738
equity,INE0LGX01024,2026-09-09,93.75,90.6,90.74,69495
equity,INE0LGX01024,2026-09-10,94.94,90.61,92.95,109099
equity,INE0LGX01024,2026-09-11,93.71,90.72,93.04,71025
equity,INE0LGX01024,2026-09-15,90.11,85,87.15,269862
equity,INE052I01032,2026-09-07,103.9,101.1,101.68,283654
equity,INE052I01032,2026-09-08,106.62,101.62,104.15,1119448
equity,INE052I01032,2026-09-09,105.3,102.84,103.8,399410
equity,INE052I01032,2026-09-10,106,103.11,103.57,320150
equity,INE052I01032,2026-09-11,102.65,100.89,101.68,388816
equity,INE052I01032,2026-09-15,103.9,97.75,99.21,634588
equity,INE052I01032,2026-09-16,100.99,97.1,98.12,379356
equity,INE06ZD01017,2026-09-07,277,260.41,270.72,4067799
equity,INE06ZD01017,2026-09-08,273.97,260.02,264.26,1505201
equity,INE06ZD01017,2026-09-09,268.8,260,261.29,1281587
equity,INE06ZD01017,2026-09-10,264.5,254.52,257.29,1253608
equity,INE06ZD01017,2026-09-11,259.75,247.53,258.17,1074560
equity,INE06ZD01017,2026-09-14,258.17,258.17,258.17,
equity,INE06ZD01017,2026-09-15,262.04,246.36,247.89,888493
equity,INE06ZD01017,2026-09-16,253.99,238.82,243.95,1104510
equity,INE0OLS01010,2026-09-08,1596,1500,1587.5,18600
equity,INE0OLS01010,2026-09-09,1619.35,1570.35,1592.45,8800
equity,INE0OLS01010,2026-09-10,1612.9,1532.05,1553.5,8600
equity,INE0OLS01010,2026-09-11,1579.9,1515,1548,5900
equity,INE0OLS01010,2026-09-15,1547.4,1461,1477.1,8600
equity,INE338D01028,2026-09-08,186,174.34,184.05,5497858
equity,INE338D01028,2026-09-09,189.68,174.85,174.85,3521966
equity,INE338D01028,2026-09-10,169.9,166.11,166.11,2774629
equity,INE338D01028,2026-09-11,174,157.81,172.4,7456837
equity,INE338D01028,2026-09-14,172.4,172.4,172.4,
equity,INE338D01028,2026-09-15,181.02,172,176.66,2894993
equity,INE338D01028,2026-09-16,178.76,167.83,173.46,1821045
equity,INE495S01016,2026-09-08,305.55,300.3,303,66069
equity,INE495S01016,2026-09-09,305.45,298.05,298.65,83546
equity,INE495S01016,2026-09-10,304,294.9,295.8,64754
equity,INE495S01016,2026-09-11,294,281.9,292,129096
equity,INE495S01016,2026-09-14,292,292,292,
equity,INE495S01016,2026-09-15,294,282,283.2,76209
equity,INE495S01016,2026-09-16,283.3,274.05,278,116850
equity,INE838B01021,2026-09-08,1176.9,1152,1159.5,8773
equity,INE838B01021,2026-09-09,1175,1154,1167,7263
equity,INE838B01021,2026-09-10,1228.9,1150.1,1168.2,39675
equity,INE838B01021,2026-09-11,1168.9,1154,1157.9,11351
equity,INE838B01021,2026-09-15,1170,1125.1,1128.9,12759
equity,INE838B01021,2026-09-16,1179.9,1101,1157.4,16435
equity,INE304A01026,2026-09-08,138.2,135.45,137.66,72527
equity,INE304A01026,2026-09-09,141,135.21,139.69,172124
equity,INE304A01026,2026-09-10,146.5,139.69,142.57,329153
equity,INE304A01026,2026-09-11,140.89,137.81,139.48,78890
equity,INE304A01026,2026-09-15,143.48,135.2,135.62,53683
equity,INE304A01026,2026-09-16,136.27,129.91,134.89,134607
equity,INE08ZM01014,2026-09-08,164.44,160.5,161.69,351454
equity,INE08ZM01014,2026-09-09,164.25,158.01,160.67,180431
equity,INE08ZM01014,2026-09-10,163.95,159.5,159.99,645667
equity,INE08ZM01014,2026-09-11,159.97,152.91,153.6,484400
equity,INE08ZM01014,2026-09-14,153.6,153.6,153.6,
equity,INE08ZM01014,2026-09-15,155.85,150.25,151.24,312484
equity,INE08ZM01014,2026-09-16,154.25,148.51,152.77,620970
equity,INE777X01017,2026-09-08,1273,1255.35,1258.95,61875
equity,INE777X01017,2026-09-09,1265,1250,1261.05,107500
equity,INE777X01017,2026-09-10,1266,1256.4,1263.4,76750
equity,INE777X01017,2026-09-11,1272,1256,1260.2,78000
equity,INE777X01017,2026-09-15,1298.7,1257.1,1265.9,86125
equity,INE111F01024,2026-09-07,790.9,760,763.1,19900
equity,INE111F01024,2026-09-08,780.95,744.35,770.7,36424
equity,INE111F01024,2026-09-09,780,741.6,754.3,32142
equity,INE111F01024,2026-09-10,757.9,730,734.05,31771
equity,INE111F01024,2026-09-11,748.6,723.8,729.6,55605
equity,INE111F01024,2026-09-15,736.45,675.3,682.8,35145
equity,INE111F01024,2026-09-16,725.55,675.05,715.35,64217
equity,INE312C01025,2026-09-07,20.57,19.73,20.27,11295960
equity,INE312C01025,2026-09-08,21.5,20.4,20.97,12467529
equity,INE312C01025,2026-09-09,21.32,20.05,20.14,6347357
equity,INE312C01025,2026-09-10,20.28,19.06,19.26,8403583
equity,INE312C01025,2026-09-11,20.1,18.51,19.46,9148018
equity,INE312C01025,2026-09-15,19.85,18.44,18.53,5369736
equity,INE312C01025,2026-09-16,18.88,16.61,18.41,10523818
equity,INE059D01020,2026-09-07,174.59,171.2,171.96,38975
equity,INE059D01020,2026-09-08,171.78,169.3,169.92,82971
equity,INE059D01020,2026-09-09,170.97,166.81,167.46,103970
equity,INE059D01020,2026-09-10,168.4,162,162.4,237695
equity,INE059D01020,2026-09-11,161.79,158.51,158.93,142467
equity,INE059D01020,2026-09-14,158.93,158.93,158.93,
equity,INE059D01020,2026-09-15,165.79,158.7,160.63,442956
equity,INE059D01020,2026-09-16,162.13,155,156.01,336499
equity,INE0NJ001013,2026-09-08,1003.9,985.05,991.55,13000
equity,INE0NJ001013,2026-09-09,997,975,978.2,22600
equity,INE0NJ001013,2026-09-10,992.95,976.5,981.95,15600
equity,INE0NJ001013,2026-09-11,975.05,952.25,957.2,28000
equity,INE0NJ001013,2026-09-15,986,964.2,974.9,61000
equity,INE275B01026,2026-09-08,253.2,247.5,250.7,122791
equity,INE275B01026,2026-09-09,269.4,249,267.85,970555
equity,INE275B01026,2026-09-10,277.7,260.1,262.05,799014
equity,INE275B01026,2026-09-11,260,250.25,254.4,211803
equity,INE275B01026,2026-09-15,258,239.45,242.15,241632
equity,INE275B01026,2026-09-16,249.35,238.65,243.05,188031
equity,INE742C01031,2026-09-08,684,656.3,678,424593
equity,INE742C01031,2026-09-09,693,666.1,673.75,656825
equity,INE742C01031,2026-09-10,704.4,646.15,654.2,777024
equity,INE742C01031,2026-09-11,697,630.25,633.25,2159907
equity,INE742C01031,2026-09-15,643.8,596,598.65,319605
equity,INE742C01031,2026-09-16,603.75,576.05,595.15,273892
equity,INE096B01018,2026-09-08,720.45,712.3,717.45,8575
equity,INE096B01018,2026-09-09,717.15,704.7,706.1,9393
equity,INE096B01018,2026-09-10,708.95,698,701.05,13973
equity,INE096B01018,2026-09-11,701.05,690.1,696.45,13685
equity,INE096B01018,2026-09-15,707.55,691.4,696.4,20850
equity,INE096B01018,2026-09-16,697.65,689,692.45,9512
equity,INE572J01011,2026-09-08,240.75,236.22,239.74,48135
equity,INE572J01011,2026-09-09,239,232.02,232.61,88510
equity,INE572J01011,2026-09-10,235.18,229.93,232.17,102678
equity,INE572J01011,2026-09-11,236.79,228.37,235.37,102898
equity,INE572J01011,2026-09-15,235.51,226.15,226.96,188234
equity,INE572J01011,2026-09-16,229.39,222.35,225.8,152012
equity,INE14UN01029,2026-09-07,90.99,87.55,88.15,876024
equity,INE14UN01029,2026-09-08,90.89,86.66,89.09,1044051
equity,INE14UN01029,2026-09-09,91.7,88.67,89.76,974594
equity,INE14UN01029,2026-09-10,91.5,89.31,90.21,700002
equity,INE14UN01029,2026-09-11,89.59,87.4,88.25,606031
equity,INE14UN01029,2026-09-14,88.25,88.25,88.25,
equity,INE14UN01029,2026-09-15,89.9,84,85.12,707334
equity,INE14UN01029,2026-09-16,85.98,82,84.93,1005103
equity,INE1EEM01017,2026-09-07,483,456,478.3,2567920
equity,INE1EEM01017,2026-09-08,485,448,451.05,2671760
equity,INE1EEM01017,2026-09-09,465.8,451.15,456.75,1056205
equity,INE1EEM01017,2026-09-10,461.65,437.15,441.6,563397
equity,INE1EEM01017,2026-09-11,445.05,429,442.15,733830
equity,INE1EEM01017,2026-09-14,442.15,442.15,442.15,
equity,INE1EEM01017,2026-09-15,447.7,433.85,439.65,646232
equity,INE1EEM01017,2026-09-16,436.7,415,428.4,589709
equity,INE155Z01011,2026-09-08,1888.4938,1807.3586,1872.6064,25766
equity,INE155Z01011,2026-09-09,1931.3597,1848.5258,1862.3148,28773
equity,INE155Z01011,2026-09-10,1888.194,1858.5177,1868.9094,15621
equity,INE155Z01011,2026-09-11,1870.1084,1778.6814,1841.5313,20730
equity,INE155Z01011,2026-09-14,1841.5313,1841.5313,1841.5313,
equity,INE155Z01011,2026-09-15,1948.4461,1784.7765,1880.8,51674
equity,INE155Z01011,2026-09-16,1930,1732.2,1889.6,53070
equity,INE156A01020,2026-09-07,78,71.8,73.56,2102406
equity,INE156A01020,2026-09-08,76,70.72,74.98,1050466
equity,INE156A01020,2026-09-09,88.2,72.76,86.13,7613089
equity,INE156A01020,2026-09-10,90,81.75,82.93,3197552
equity,INE156A01020,2026-09-11,87.64,80,86.5,1794174
equity,INE156A01020,2026-09-14,86.5,86.5,86.5,
equity,INE156A01020,2026-09-15,96.5,81.56,82.81,4750924
equity,INE156A01020,2026-09-16,89.9,81.1,85.6,3645124
equity,INE926B01016,2026-09-08,36.99,34.55,34.67,698
equity,INE926B01016,2026-09-09,36.4,34.8,36.39,3705
equity,INE926B01016,2026-09-10,38.2,36,36.06,1374
equity,INE926B01016,2026-09-11,36.06,36.06,36.06,
equity,INE926B01016,2026-09-14,36.06,36.06,36.06,
equity,INE926B01016,2026-09-15,36.11,34.8,35.77,2227
equity,INE0I0T01010,2026-09-08,574.4,523.65,547.9,10978
equity,INE0I0T01010,2026-09-09,555.2,532,552.55,15811
equity,INE0I0T01010,2026-09-10,555.55,528.25,531.35,11703
equity,INE0I0T01010,2026-09-11,525,505.9,516.25,13516
equity,INE0I0T01010,2026-09-15,522.2,488.4,495.1,21376
equity,INE338A01024,2026-09-08,159.8,153,157.9,259105
equity,INE338A01024,2026-09-09,161,156.71,157.81,339118
equity,INE338A01024,2026-09-10,163.7,157,157.52,474593
equity,INE338A01024,2026-09-11,157.7,153.55,155.98,432083
equity,INE338A01024,2026-09-15,162.5,153.1,154.48,646717
equity,INE338A01024,2026-09-16,156.52,152.6,154.19,283227
equity,INE0OWC01011,2026-09-08,764.05,758,758.2,13250
equity,INE0OWC01011,2026-09-09,767.95,755,765.85,26000
equity,INE0OWC01011,2026-09-10,767,760,761.4,18250
equity,INE0OWC01011,2026-09-11,758.05,753,755,18000
equity,INE0OWC01011,2026-09-15,756.95,740,744.55,27750
equity,INE0KL801015,2026-09-08,178.15,173.17,174.09,482554
equity,INE0KL801015,2026-09-09,174.97,170.8,171.27,273660
equity,INE0KL801015,2026-09-10,172.97,166.52,167.56,339818
equity,INE0KL801015,2026-09-11,167.8,163.55,166.63,315264
equity,INE0KL801015,2026-09-14,166.63,166.63,166.63,
equity,INE0KL801015,2026-09-15,168.7,160,161.62,430267
equity,INE0KL801015,2026-09-16,162.39,156.12,160.76,768053
equity,INE108V01019,2026-09-07,264,254.15,255.2,304253
equity,INE108V01019,2026-09-08,255.85,250.1,253,167070
equity,INE108V01019,2026-09-09,255.5,251.05,253.9,128291
equity,INE108V01019,2026-09-10,255.65,247.05,249.6,318609
equity,INE108V01019,2026-09-11,299.45,244.1,293.2,23945553
equity,INE108V01019,2026-09-14,293.2,293.2,293.2,
equity,INE108V01019,2026-09-15,304.5,268.3,275.15,3801941
equity,INE108V01019,2026-09-16,275.9,264.2,271.1,621344
equity,INE418H01029,2026-09-07,12.78,12.25,12.67,15107126
equity,INE418H01029,2026-09-08,13.24,12.6,13.02,25792094
equity,INE418H01029,2026-09-09,13.3,12.5,12.75,22061311
equity,INE418H01029,2026-09-10,12.84,12.08,12.26,11337840
equity,INE418H01029,2026-09-11,12.31,12,12.16,10086572
equity,INE418H01029,2026-09-14,12.16,12.16,12.16,
equity,INE418H01029,2026-09-15,12.4,11.38,11.6,11548427
equity,INE418H01029,2026-09-16,11.57,10.77,11.18,13507438
equity,INE982F01036,2026-09-07,10.53,10.36,10.38,922339
equity,INE982F01036,2026-09-08,10.39,10.26,10.29,1064614
equity,INE982F01036,2026-09-09,10.3,10.21,10.22,847215
equity,INE982F01036,2026-09-10,10.3,10.1,10.17,976509
equity,INE982F01036,2026-09-11,10.29,10,10.23,1406853
equity,INE982F01036,2026-09-14,10.23,10.23,10.23,
equity,INE982F01036,2026-09-15,10.25,9.8,9.95,1951309
equity,INE982F01036,2026-09-16,10.12,9.86,10,1263447
equity,INE1B3501014,2026-09-07,866,861.35,861.4,4500
equity,INE1B3501014,2026-09-08,845,844.2,844.2,4500
equity,INE1B3501014,2026-09-09,827.35,827.35,827.35,3000
equity,INE1B3501014,2026-09-10,834,812,829,13000
equity,INE1B3501014,2026-09-11,845.55,829,845.55,8500
equity,INE1B3501014,2026-09-15,880.2,845.55,871.95,20000
equity,INE1B3501014,2026-09-16,857,828.4,833.7,18500
equity,INE1SRC01010,2026-09-07,1083,1031,1038.85,119200
equity,INE1SRC01010,2026-09-08,1140,1030.3,1121.65,130400
equity,INE1SRC01010,2026-09-09,1234,1140,1170.2,241200
equity,INE1SRC01010,2026-09-10,1175,1119.9,1125.05,98000
equity,INE1SRC01010,2026-09-11,1183.95,1106,1175.3,104000
equity,INE1SRC01010,2026-09-15,1218,1142,1158.4,75600
equity,INE1SRC01010,2026-09-16,1142,1042.05,1109.8,122000
equity,INE704B01017,2026-09-07,1606.4,1553,1573.7,27158
equity,INE704B01017,2026-09-08,1580.8,1527.2,1540.2,21693
equity,INE704B01017,2026-09-09,1647.8,1523.1,1633.9,98666
equity,INE704B01017,2026-09-10,1669.9,1568.5,1588.2,35327
equity,INE704B01017,2026-09-11,1856,1551,1756.7,1142834
equity,INE704B01017,2026-09-15,1850,1685.2,1755.2,219097
equity,INE704B01017,2026-09-16,1892,1726.5,1852.4,258870
equity,INE170I01016,2026-09-08,398.4,382.8,387.95,23781
equity,INE170I01016,2026-09-09,393.9,381,384.75,11159
equity,INE170I01016,2026-09-10,390,382.3,383.85,5883
equity,INE170I01016,2026-09-11,383.85,377,381.45,9177
equity,INE170I01016,2026-09-14,381.45,381.45,381.45,
equity,INE170I01016,2026-09-15,391.5,380.05,381.6,8605
equity,INE170I01016,2026-09-16,391.35,375.15,386.05,9360
equity,INE0PB301013,2026-09-07,39.85,39.1,39.27,172331
equity,INE0PB301013,2026-09-08,39.49,37,38.77,305630
equity,INE0PB301013,2026-09-09,39,38.27,38.43,141169
equity,INE0PB301013,2026-09-10,38.95,38,38.46,200962
equity,INE0PB301013,2026-09-11,38.94,37.9,38.14,212235
equity,INE0PB301013,2026-09-14,38.14,38.14,38.14,
equity,INE0PB301013,2026-09-15,38.85,37.15,37.34,182150
equity,INE0PB301013,2026-09-16,37.99,36.8,37.91,180789
equity,INE015C01016,2026-09-07,1034.8688,992.1563,1009.65,49466
equity,INE015C01016,2026-09-08,1027.45,997,1019,59543
equity,INE015C01016,2026-09-09,1111,1011.05,1047.9,221674
equity,INE015C01016,2026-09-10,1055.9,1020.15,1028.6,40611
equity,INE015C01016,2026-09-11,1043.2,1004.1,1034.05,33404
equity,INE015C01016,2026-09-15,1043.95,955.05,965,86015
equity,INE015C01016,2026-09-16,1010.95,940,1002.5,59505
equity,INE264T01014,2026-09-08,206.82,198.65,199.72,572086
equity,INE264T01014,2026-09-09,200.58,194.9,199.59,444240
equity,INE264T01014,2026-09-10,201.99,195,196.25,257180
equity,INE264T01014,2026-09-11,195.56,190.96,191.98,455544
equity,INE264T01014,2026-09-15,196.53,187.75,189.57,319841
equity,INE264T01014,2026-09-16,191.44,185.25,186.88,290635
equity,INE193B01039,2026-09-08,330,311.4,320.1,137382
equity,INE193B01039,2026-09-09,328,304.6,311.3,91725
equity,INE193B01039,2026-09-10,317.2,291,293.1,149205
equity,INE193B01039,2026-09-11,294.9,280.5,281.65,93298
equity,INE193B01039,2026-09-15,284.55,268,269.1,73158
equity,INE193B01039,2026-09-16,295.5,261.25,270.8,318358
equity,INE985W01018,2026-09-08,1215,1131,1149.2,64047
equity,INE985W01018,2026-09-09,1194.8,1130,1141.4,16131
equity,INE985W01018,2026-09-10,1139.9,1075,1086.3,44305
equity,INE985W01018,2026-09-11,1139,1077.3,1116.9,40193
equity,INE985W01018,2026-09-15,1139.2,1050.1,1068.6,20384
equity,INE985W01018,2026-09-16,1088,1050,1065.5,27962
equity,INE0G5901015,2026-09-07,190.94,185.15,186.33,278336
equity,INE0G5901015,2026-09-08,190.24,186,187.38,327225
equity,INE0G5901015,2026-09-09,192.95,185.41,188.15,491145
equity,INE0G5901015,2026-09-10,189.77,186.81,188.14,315594
equity,INE0G5901015,2026-09-11,187.85,184,185.15,281411
equity,INE0G5901015,2026-09-15,186.79,176.72,177.7,422360
equity,INE0G5901015,2026-09-16,181.32,175.04,178.09,354381
equity,INE08LI01020,2026-09-08,565.25,544.1,546.15,76502
equity,INE08LI01020,2026-09-09,565,542.55,560.95,114869
equity,INE08LI01020,2026-09-10,565.5,556.7,564.4,56292
equity,INE08LI01020,2026-09-11,557.6,548,550.05,40893
equity,INE08LI01020,2026-09-15,552.6,540,541.65,38940
equity,INE08LI01020,2026-09-16,549,525,536.4,42893
equity,INE276C01014,2026-09-08,299.9,293,295.7,11850
equity,INE276C01014,2026-09-09,300.6,292,293.3,13571
equity,INE276C01014,2026-09-10,295.15,290,291.55,9363
equity,INE276C01014,2026-09-11,293.2,284.6,287.45,15104
equity,INE276C01014,2026-09-15,292.05,280.1,281.3,20478
equity,INE276C01014,2026-09-16,288.85,278.1,287,17383
equity,INE192H01020,2026-09-08,88.91,85.01,88.17,1436766
equity,INE192H01020,2026-09-09,88.99,85.46,88.14,1430309
equity,INE192H01020,2026-09-10,88.99,86.37,87.48,1190958
equity,INE192H01020,2026-09-11,87.38,82.2,84.45,1178962
equity,INE192H01020,2026-09-14,84.45,84.45,84.45,
equity,INE192H01020,2026-09-15,85.9,82,82.7,1030464
equity,INE192H01020,2026-09-16,83.85,79.34,82.02,1048318
equity,INE598D01035,2026-09-07,66,63.5,63.89,1553966
equity,INE598D01035,2026-09-08,64.4,63.5,63.7,926998
equity,INE598D01035,2026-09-09,65.5,63.08,63.79,1285564
equity,INE598D01035,2026-09-10,66.95,63.5,63.94,1336644
equity,INE598D01035,2026-09-11,65.55,63.5,64.61,1630807
equity,INE598D01035,2026-09-14,64.61,64.61,64.61,
equity,INE598D01035,2026-09-15,66.59,63.5,64.13,1404240
equity,INE598D01035,2026-09-16,65.65,64.01,65.15,1129861
equity,INE425B01027,2026-09-07,9.79,9.05,9.62,18043444
equity,INE425B01027,2026-09-08,11.18,9.67,10.57,67429127
equity,INE425B01027,2026-09-09,10.93,10.13,10.23,18035174
equity,INE425B01027,2026-09-10,10.39,9.96,10.1,9302127
equity,INE425B01027,2026-09-11,10.26,9.83,9.99,8199526
equity,INE425B01027,2026-09-14,9.99,9.99,9.99,
equity,INE425B01027,2026-09-15,10.4,9.74,9.85,10744108
equity,INE425B01027,2026-09-16,9.91,9.63,9.78,5047346
equity,INE071D01033,2026-09-08,319.2,291.05,291.05,71699
equity,INE071D01033,2026-09-09,305.6,276.5,305.5,133876
equity,INE071D01033,2026-09-10,313,292.05,301.65,38353
equity,INE071D01033,2026-09-11,305.05,286.6,297.5,49421
equity,INE071D01033,2026-09-15,312,287.05,304.35,65394
equity,INE071D01033,2026-09-16,300,289.15,297.15,53188
equity,INE631E01024,2026-09-08,28.47,28.46,28.47,745462
equity,INE631E01024,2026-09-09,29.89,29.88,29.89,1504333
equity,INE631E01024,2026-09-10,31.38,31.37,31.38,1076579
equity,INE631E01024,2026-09-11,32.94,32.93,32.94,1127145
equity,INE631E01024,2026-09-15,34.58,34.57,34.58,919148
equity,INE070I01018,2026-09-08,612.95,602.55,610.2,10805
equity,INE070I01018,2026-09-09,634.9,601.15,623.6,36377
equity,INE070I01018,2026-09-10,630.4,610,612.5,11623
equity,INE070I01018,2026-09-11,619,595.1,609.7,26007
equity,INE070I01018,2026-09-15,618,591.05,594.8,10796
equity,INE070I01018,2026-09-16,604.9,585,595.2,15018
equity,INE782X01033,2026-09-08,79.9,77.85,79.06,228870
equity,INE782X01033,2026-09-09,79.9,77.12,77.84,367678
equity,INE782X01033,2026-09-10,79.29,77.06,77.62,221576
equity,INE782X01033,2026-09-11,77.62,76.26,77.28,356343
equity,INE782X01033,2026-09-15,76.91,72.31,72.86,844722
equity,INE782X01033,2026-09-16,75.8,71,73.24,897041
equity,INE887E01022,2026-09-08,2911.8,2736.6001,2811.6001,9484
equity,INE887E01022,2026-09-09,2834.2,2750,2758.3,2466
equity,INE887E01022,2026-09-10,2790.3999,2700,2725.7,4059
equity,INE887E01022,2026-09-11,2723.5,2578,2657.2,8524
equity,INE887E01022,2026-09-15,2690.8999,2541.5,2581.8,7736
equity,INE887E01022,2026-09-16,2738.8999,2505.1001,2673.8,11722
equity,INE737E01011,2026-09-08,111.35,105.25,111.15,5959
equity,INE737E01011,2026-09-09,114,110.05,110.5,2214
equity,INE737E01011,2026-09-10,114.45,108.3,113.15,3647
equity,INE737E01011,2026-09-11,115.75,110.35,114.8,5312
equity,INE737E01011,2026-09-15,118,109.1,109.45,7383
equity,INE150C01029,2026-09-08,422.45,394.8,400.25,34766
equity,INE150C01029,2026-09-09,420.25,390,419.9,36303
equity,INE150C01029,2026-09-10,438,406.1,434.25,31024
equity,INE150C01029,2026-09-11,443,418,437.15,24686
equity,INE150C01029,2026-09-15,437.8,415.3,416.1,15816
equity,INE144Z01023,2026-09-08,330.2,321.15,325.15,67588
equity,INE144Z01023,2026-09-09,329.05,315.05,321.35,113511
equity,INE144Z01023,2026-09-10,333.9,311.35,317.65,136445
equity,INE144Z01023,2026-09-11,317.65,304,311.2,159992
equity,INE144Z01023,2026-09-15,312.45,301,303.15,98302
equity,INE144Z01023,2026-09-16,305.8,287.1,302.3,107349
equity,INE0PX301025,2026-09-07,123.09,112,113.91,9718981
equity,INE0PX301025,2026-09-08,115.72,106.82,110.22,6417199
equity,INE0PX301025,2026-09-09,117.95,109.33,113.59,5424457
equity,INE0PX301025,2026-09-10,114.2,109.3,111.19,2803163
equity,INE0PX301025,2026-09-11,117.5,108.5,116.01,4483291
equity,INE0PX301025,2026-09-15,117.5,110.31,111.29,1875473
equity,INE0PX301025,2026-09-16,114.5,108.54,113.42,1863930
equity,INE0JR601024,2026-09-08,115.73,112.6,113.64,1684406
equity,INE0JR601024,2026-09-09,115.99,112.9,115.17,1456925
equity,INE0JR601024,2026-09-10,116.7,113.56,113.98,790965
equity,INE0JR601024,2026-09-11,116.95,111.25,115.42,1430101
equity,INE0JR601024,2026-09-14,115.42,115.42,115.42,
equity,INE0JR601024,2026-09-15,115.67,107.5,107.96,969513
equity,INE0JR601024,2026-09-16,108.98,101.67,102.46,1660635
equity,INE542Z01028,2026-09-08,577.05,561,573.65,21702
equity,INE542Z01028,2026-09-09,572.7,563,564.3,22942
equity,INE542Z01028,2026-09-10,589.9,563,584.95,77377
equity,INE542Z01028,2026-09-11,597.85,578.55,588.2,63762
equity,INE542Z01028,2026-09-15,590,550.2,563.45,45325
equity,INE542Z01028,2026-09-16,580,540.85,577.15,43954
equity,INE184O01015,2026-09-07,479,444,454.4,545618
equity,INE184O01015,2026-09-08,459.75,441,442.5,273122
equity,INE184O01015,2026-09-09,464.8,436.05,440.55,301159
equity,INE184O01015,2026-09-10,457.95,436.1,449.55,213290
equity,INE184O01015,2026-09-11,459.95,442,449.5,124277
equity,INE184O01015,2026-09-15,459.25,423.25,427.25,231431
equity,INE184O01015,2026-09-16,435,415.1,428.7,112103
equity,INE661I01014,2026-09-08,265,248.3,257.06,21204
equity,INE661I01014,2026-09-09,260,248,248.87,24453
equity,INE661I01014,2026-09-10,251,238.52,243.22,42440
equity,INE661I01014,2026-09-11,245,231.5,232.78,116498
equity,INE661I01014,2026-09-14,232.78,232.78,232.78,
equity,INE661I01014,2026-09-15,238.4,221.15,221.15,72438
equity,INE661I01014,2026-09-16,232,218,231.86,49930
equity,INE362A01016,2026-09-07,71,64.55,65.16,2458317
equity,INE362A01016,2026-09-08,67.22,62.51,64.07,2145805
equity,INE362A01016,2026-09-09,65.9,60.87,64.54,2883236
equity,INE362A01016,2026-09-10,67.2,63.49,66.1,1507975
equity,INE362A01016,2026-09-11,66,63.2,64.82,1157979
equity,INE362A01016,2026-09-14,64.82,64.82,64.82,
equity,INE362A01016,2026-09-15,64.79,61.58,61.58,853205
equity,INE362A01016,2026-09-16,60.79,58.51,58.51,341859
equity,INE878K01010,2026-09-08,460.95,445.25,451.15,25262
equity,INE878K01010,2026-09-09,455.5,448,449.7,12979
equity,INE878K01010,2026-09-10,463.9,441.3,448.6,52557
equity,INE878K01010,2026-09-11,453.9,440.55,448.3,19703
equity,INE878K01010,2026-09-15,453.7,434.7,435.5,25747
equity,INE878K01010,2026-09-16,439.8,425.55,432.05,14566
equity,INE209B01025,2026-09-07,135.95,129.08,135.47,2142105
equity,INE209B01025,2026-09-08,136.25,131.28,132.38,670884
equity,INE209B01025,2026-09-09,133.2,129.36,130.42,679050
equity,INE209B01025,2026-09-10,131.5,129.6,130.31,416899
equity,INE209B01025,2026-09-11,136,127.11,134.17,1711893
equity,INE209B01025,2026-09-14,134.17,134.17,134.17,
equity,INE209B01025,2026-09-15,135.7,128.21,128.58,643528
equity,INE209B01025,2026-09-16,129.45,123.62,125.86,903542
equity,INE0BJS01011,2026-09-08,330.95,325.45,327.45,59977
equity,INE0BJS01011,2026-09-09,330.2,323,325.85,39458
equity,INE0BJS01011,2026-09-10,326,316.4,318.45,53673
equity,INE0BJS01011,2026-09-11,328.2,314.85,324.75,89664
equity,INE0BJS01011,2026-09-15,328.05,301.25,304.9,186618
equity,INE0BJS01011,2026-09-16,310.2,298,303.6,79416
equity,INE716F01012,2026-09-08,644.95,624.65,626.2,2190
equity,INE716F01012,2026-09-09,638.55,620,629.3,2117
equity,INE716F01012,2026-09-10,639.85,617,617.45,1505
equity,INE716F01012,2026-09-11,617,602.85,611,1182
equity,INE716F01012,2026-09-15,648.95,599,608.9,3706
equity,INE0XNF01022,2026-09-07,57.7,54.66,56.09,4068340
equity,INE0XNF01022,2026-09-08,56.2,54.51,54.74,3009161
equity,INE0XNF01022,2026-09-09,55,52.65,53.27,3960688
equity,INE0XNF01022,2026-09-10,54.5,52.39,52.62,3003161
equity,INE0XNF01022,2026-09-11,52.5,50.48,50.91,4081585
equity,INE0XNF01022,2026-09-14,50.91,50.91,50.91,
equity,INE0XNF01022,2026-09-15,52.65,47.5,47.78,5215440
equity,INE0XNF01022,2026-09-16,48.83,46.5,47.42,3671052
equity,INE959C01023,2026-09-08,545.95,500,530.95,79913
equity,INE959C01023,2026-09-09,553,522.2,540.3,79289
equity,INE959C01023,2026-09-10,559.7,521.8,524.7,64967
equity,INE959C01023,2026-09-11,544.8,511,532.1,43221
equity,INE959C01023,2026-09-14,532.1,532.1,532.1,
equity,INE959C01023,2026-09-15,559.8,505.5,510.95,101439
equity,INE959C01023,2026-09-16,527.85,478.1,508.85,28836
equity,INE204A01010,2026-09-08,590,560.15,584.55,152994
equity,INE204A01010,2026-09-09,587.95,555,557.2,102555
equity,INE204A01010,2026-09-10,565,552,553.5,44341
equity,INE204A01010,2026-09-11,555.9,535.7,547.05,58951
equity,INE204A01010,2026-09-15,547,516.4,525.25,69170
equity,INE204A01010,2026-09-16,536.45,508.65,533.3,55598
equity,INE070D01027,2026-09-08,99,97.11,98.3,221980
equity,INE070D01027,2026-09-09,98.97,97.18,97.5,209651
equity,INE070D01027,2026-09-10,98.45,96.32,96.84,249253
equity,INE070D01027,2026-09-11,96.59,94.9,95.73,285725
equity,INE070D01027,2026-09-15,97.4,92.3,92.64,336929
equity,INE070D01027,2026-09-16,94.21,90.42,92.63,240037
equity,INE560A01023,2026-09-08,287,274.7,287,168877
equity,INE560A01023,2026-09-09,301.3,300,301.3,101181
equity,INE560A01023,2026-09-10,316.3,291,310.4,395575
equity,INE560A01023,2026-09-11,310,294.9,294.9,164145
equity,INE560A01023,2026-09-15,291.8,280.2,280.2,52712
equity,INE560A01023,2026-09-16,266.2,266.2,266.2,39539
equity,INE131C01011,2026-09-08,11964.9502,11550,11550,53
equity,INE131C01011,2026-09-09,11978,11767.6504,11800,39
equity,INE131C01011,2026-09-10,11800,11800,11800,
equity,INE131C01011,2026-09-11,11900,11700,11835.25,23
equity,INE131C01011,2026-09-15,11900,11900,11900,3
equity,INE632C01026,2026-09-08,360,335.1,356.45,64248
equity,INE632C01026,2026-09-09,365,347.55,350.2,59111
equity,INE632C01026,2026-09-10,349.9,338.1,338.9,17805
equity,INE632C01026,2026-09-11,337.9,328.85,334.45,17238
equity,INE632C01026,2026-09-15,334.45,320,320.65,23677
equity,INE632C01026,2026-09-16,344.7,314.55,337.4,39645
equity,INE877V01027,2026-09-07,345,328.95,338.9,102949
equity,INE877V01027,2026-09-08,345,335.05,340.1,74971
equity,INE877V01027,2026-09-09,349,333.6,335.65,117233
equity,INE877V01027,2026-09-10,338.35,325.65,327.85,44852
equity,INE877V01027,2026-09-11,330.1,318.1,323.75,50564
equity,INE877V01027,2026-09-15,328.85,317.7,323.05,70378
equity,INE877V01027,2026-09-16,334,300,326.8,98905
equity,INE560K01014,2026-09-08,27.79,27.11,27.71,1295363
equity,INE560K01014,2026-09-09,27.75,26.99,27.21,430257
equity,INE560K01014,2026-09-10,27.74,26.4,27.47,585575
equity,INE560K01014,2026-09-11,27.83,26.99,27.42,511300
equity,INE560K01014,2026-09-15,27.49,26.41,26.51,303757
equity,INE560K01014,2026-09-16,26.9,25.9,26.06,390809
equity,INE898S01029,2026-09-08,228,223.78,227.26,56616
equity,INE898S01029,2026-09-09,228.75,218,220.17,140276
equity,INE898S01029,2026-09-10,222.5,218.44,220.38,65446
equity,INE898S01029,2026-09-11,226.16,218.4,224.02,74800
equity,INE898S01029,2026-09-15,227.18,220.75,221.36,121746
equity,INE898S01029,2026-09-16,221.78,215.4,219.81,89898
equity,INE039D01014,2026-09-08,198,186.15,193.75,18546
equity,INE039D01014,2026-09-09,193,185.05,190.1,2998
equity,INE039D01014,2026-09-10,190.9,180.6,186.85,35923
equity,INE039D01014,2026-09-11,196.15,182,186.85,11259
equity,INE039D01014,2026-09-15,194,177.55,177.55,11506
equity,INE07OG01012,2026-09-08,727.15,710.05,717.65,10845
equity,INE07OG01012,2026-09-09,721,706.05,714.9,8117
equity,INE07OG01012,2026-09-10,719,693,702.25,16993
equity,INE07OG01012,2026-09-11,701.15,684.9,692.85,13350
equity,INE07OG01012,2026-09-15,697.15,660.5,672.85,44559
equity,INE07OG01012,2026-09-16,676.4,653.3,670.55,16270
equity,INE533A01012,2026-09-08,731.9,723.7,727.65,911
equity,INE533A01012,2026-09-09,730.9,717.5,729.2,619
equity,INE533A01012,2026-09-10,748,723.15,724.95,212
equity,INE533A01012,2026-09-11,729,717,725.45,691
equity,INE533A01012,2026-09-15,732.4,712,715.7,445
equity,INE103C01036,2026-09-08,86.77,83.39,85.31,1381128
equity,INE103C01036,2026-09-09,85.47,83.22,83.93,804605
equity,INE103C01036,2026-09-10,95,82.5,85.64,35904423
equity,INE103C01036,2026-09-11,87.59,84.29,86,3491875
equity,INE103C01036,2026-09-14,86,86,86,
equity,INE103C01036,2026-09-15,87.29,81.16,81.94,1251208
equity,INE103C01036,2026-09-16,82.04,78.83,80.57,959934
equity,INE0CT101020,2026-09-08,67.68,64.85,65.82,1508309
equity,INE0CT101020,2026-09-09,66,63.18,63.54,1003497
equity,INE0CT101020,2026-09-10,64.91,62.2,62.55,607889
equity,INE0CT101020,2026-09-11,63.25,60.61,62.52,903722
equity,INE0CT101020,2026-09-15,63.15,58.58,58.86,828296
equity,INE0CT101020,2026-09-16,59.95,56.95,58.5,825463
equity,INE793A01012,2026-09-08,1133,1121,1124.4,4962
equity,INE793A01012,2026-09-09,1131.4,1115,1119.9,4845
equity,INE793A01012,2026-09-10,1128.8,1110,1118.1,5259
equity,INE793A01012,2026-09-11,1120.9,1111.1,1118.4,5762
equity,INE793A01012,2026-09-14,1118.4,1118.4,1118.4,
equity,INE793A01012,2026-09-15,1126,1108,1112.2,5132
equity,INE793A01012,2026-09-16,1118.4,1106.1,1116.1,5452
equity,INE127T01021,2026-09-07,254.85,240.77,241.85,303324
equity,INE127T01021,2026-09-08,242.21,235,235.88,359793
equity,INE127T01021,2026-09-09,241.5,231.5,232.83,384870
equity,INE127T01021,2026-09-10,235.8,223,224.13,438999
equity,INE127T01021,2026-09-11,225,213.82,214.91,618562
equity,INE127T01021,2026-09-15,219.94,208.15,210.24,324350
equity,INE127T01021,2026-09-16,214,206.52,210.32,208789
equity,INE153A01019,2026-09-07,26.63,25.9,26.05,826835
equity,INE153A01019,2026-09-08,26.14,25.3,25.35,971725
equity,INE153A01019,2026-09-09,25.44,25.15,25.21,501277
equity,INE153A01019,2026-09-10,25.49,25.04,25.1,458177
equity,INE153A01019,2026-09-11,25.06,24.61,24.74,581753
equity,INE153A01019,2026-09-14,24.74,24.74,24.74,
equity,INE153A01019,2026-09-15,25.12,23.62,23.7,1071039
equity,INE153A01019,2026-09-16,24.14,23.3,23.84,597123
equity,INE0LRY01011,2026-09-07,432.6,414.35,415.65,432652
equity,INE0LRY01011,2026-09-08,444,415,441,1096145
equity,INE0LRY01011,2026-09-09,452,433.05,439.85,584350
equity,INE0LRY01011,2026-09-10,447.4,429.25,435.8,431820
equity,INE0LRY01011,2026-09-11,511.8,428.2,478.5,10362562
equity,INE0LRY01011,2026-09-14,478.5,478.5,478.5,
equity,INE0LRY01011,2026-09-15,519.6,473.6,484.6,4009846
equity,INE0LRY01011,2026-09-16,497,466.95,491.95,1127165
equity,INE00Q601028,2026-09-07,438,418,419.95,80163
equity,INE00Q601028,2026-09-08,429.95,418.85,421.85,53941
equity,INE00Q601028,2026-09-09,424,410,414.6,46514
equity,INE00Q601028,2026-09-10,421,414,418.4,46750
equity,INE00Q601028,2026-09-11,424.2,410,418.65,44136
equity,INE00Q601028,2026-09-15,422.05,410,410.7,20247
equity,INE00Q601028,2026-09-16,418,402.55,404.85,50714
equity,INE0JVO01026,2026-09-07,180,176.81,178.63,211606
equity,INE0JVO01026,2026-09-08,198.39,181.15,183.61,12283756
equity,INE0JVO01026,2026-09-09,186.79,180.29,181.95,1610615
equity,INE0JVO01026,2026-09-10,183.19,177.65,179.29,680295
equity,INE0JVO01026,2026-09-11,183.7,175.25,181.9,747410
equity,INE0JVO01026,2026-09-15,184.17,175,176.05,384253
equity,INE0JVO01026,2026-09-16,177.98,170.7,175.98,449655
equity,INE803D01021,2026-09-07,542.8,501,503.95,392536
equity,INE803D01021,2026-09-08,515.45,503.1,511.05,95162
equity,INE803D01021,2026-09-09,522,510,510.95,92970
equity,INE803D01021,2026-09-10,517.5,476.2,483.45,238232
equity,INE803D01021,2026-09-11,492.45,465.25,484.55,125334
equity,INE803D01021,2026-09-14,484.55,484.55,484.55,
equity,INE803D01021,2026-09-15,485.35,457.2,460.8,103157
equity,INE803D01021,2026-09-16,477.95,442.55,470.3,112370
equity,INE597J01018,2026-09-08,153.01,149.2,149.82,58413
equity,INE597J01018,2026-09-09,152,147.6,148.48,87527
equity,INE597J01018,2026-09-10,149.99,145.25,145.96,87771
equity,INE597J01018,2026-09-11,146.99,141.7,144.78,112748
equity,INE597J01018,2026-09-14,144.78,144.78,144.78,
equity,INE597J01018,2026-09-15,149,136.35,137.21,364825
equity,INE597J01018,2026-09-16,138.54,131.81,135.74,244844
equity,INE0LOJ01019,2026-09-08,226.78,201.98,219.73,2263360
equity,INE0LOJ01019,2026-09-09,228.78,218.12,219.94,697005
equity,INE0LOJ01019,2026-09-10,235,220.4,231.73,2436372
equity,INE0LOJ01019,2026-09-11,238.8,221.42,223.87,1450380
equity,INE0LOJ01019,2026-09-14,223.87,223.87,223.87,
equity,INE0LOJ01019,2026-09-15,223.87,210,211.06,350513
equity,INE0LOJ01019,2026-09-16,213,199.19,202.78,500722
equity,INE363A01022,2026-09-08,423.8,384.8,405.75,142759
equity,INE363A01022,2026-09-09,419.2,393.05,404.5,27418
equity,INE363A01022,2026-09-10,404.3,380,382.15,13812
equity,INE363A01022,2026-09-11,404,370.1,378.8,26340
equity,INE363A01022,2026-09-15,409,375.35,385.45,111275
equity,INE363A01022,2026-09-16,399,363.05,388.55,33702
equity,INE1RDG01013,2026-09-07,564.5,519.05,540.15,502653
equity,INE1RDG01013,2026-09-08,554.7,530.25,546.55,252382
equity,INE1RDG01013,2026-09-09,550.45,513.25,519.7,265641
equity,INE1RDG01013,2026-09-10,520.95,503,504.7,121081
equity,INE1RDG01013,2026-09-11,517.45,500,512.7,79334
equity,INE1RDG01013,2026-09-15,518,488.85,494.2,228691
equity,INE1RDG01013,2026-09-16,506.5,481.7,496.95,133694
equity,INE274C01019,2026-09-08,8578,8290,8419,9265
equity,INE274C01019,2026-09-09,8450,8200,8230.5,5305
equity,INE274C01019,2026-09-10,8939,8225,8669.5,98896
equity,INE274C01019,2026-09-11,8900,8461,8812.5,28678
equity,INE274C01019,2026-09-15,9100,8521,8580,38273
equity,INE274C01019,2026-09-16,8855,8349,8663.5,16389
equity,INE0FRK01020,2026-09-07,17.44,16.4,16.77,50923605
equity,INE0FRK01020,2026-09-08,16.86,15.83,16.13,23666142
equity,INE0FRK01020,2026-09-09,16.73,16.06,16.25,31830543
equity,INE0FRK01020,2026-09-10,16.54,15.86,16.01,15121349
equity,INE0FRK01020,2026-09-11,16.1,15.62,15.95,10279100
equity,INE0FRK01020,2026-09-15,16.09,15.32,15.47,9434969
equity,INE0FRK01020,2026-09-16,16.87,15.02,16.62,92110874
equity,INE349W01017,2026-09-08,844.5,825,836.25,59362
equity,INE349W01017,2026-09-09,843,805,822.3,118788
equity,INE349W01017,2026-09-10,829,784.1,794.45,70563
equity,INE349W01017,2026-09-11,812,763.3,769.6,185275
equity,INE349W01017,2026-09-15,777,724,732.7,195986
equity,INE349W01017,2026-09-16,740,709.1,726.2,99568
equity,INE428Q01011,2026-09-08,157.17,151.22,154.86,270869
equity,INE428Q01011,2026-09-09,155.5,152.1,153.42,151992
equity,INE428Q01011,2026-09-10,153.9,150.5,151.06,132570
equity,INE428Q01011,2026-09-11,150,146.75,148.05,400335
equity,INE428Q01011,2026-09-15,150.36,143.43,144.81,322480
equity,INE428Q01011,2026-09-16,146,142.01,143.61,146184
equity,INE200D01020,2026-09-08,14.95,13.7,14.08,9001
equity,INE200D01020,2026-09-09,14.12,13.48,13.75,15857
equity,INE200D01020,2026-09-10,14.3,13.51,13.97,8031
equity,INE200D01020,2026-09-11,14.1,13.38,13.65,5249
equity,INE200D01020,2026-09-15,14,13.02,13.76,18243
equity,INE525F01025,2026-09-08,70.8615,69.8352,70.0772,27306
equity,INE525F01025,2026-09-09,70.4161,68.9541,69.7868,38334
equity,INE525F01025,2026-09-10,70.0579,68.9348,69.08,55369
equity,INE525F01025,2026-09-11,69.85,68.11,68.49,38473
equity,INE525F01025,2026-09-15,68.79,67,67.15,42285
equity,INE893C01032,2026-09-08,139.95,128.7,128.7,288202
equity,INE893C01032,2026-09-09,122.45,115.85,115.85,25258
equity,INE893C01032,2026-09-10,127.4,115.85,127.4,257226
equity,INE893C01032,2026-09-11,140.1,140.05,140.1,277817
equity,INE893C01032,2026-09-15,154.1,126.1,152.05,291224
equity,INE065D01027,2026-09-07,156,142.55,154.73,3260028
equity,INE065D01027,2026-09-08,159.6,150.25,152.65,1601272
equity,INE065D01027,2026-09-09,152.55,140.7,142.95,1381011
equity,INE065D01027,2026-09-10,147.04,132.41,135.01,1779021
equity,INE065D01027,2026-09-11,139,130.54,137.09,981278
equity,INE065D01027,2026-09-15,137.77,113.85,116.93,1916380
equity,INE065D01027,2026-09-16,119.9,108,113.35,1723080
equity,INE618L01018,2026-09-07,344.85,337.05,339.85,29942
equity,INE618L01018,2026-09-08,342,335,337.4,16944
equity,INE618L01018,2026-09-09,338.95,327.55,334.3,55842
equity,INE618L01018,2026-09-10,338.95,328.3,332.5,28304
equity,INE618L01018,2026-09-11,331.8,322.35,326.55,38072
equity,INE618L01018,2026-09-14,326.55,326.55,326.55,
equity,INE618L01018,2026-09-15,327.9,311.3,313.2,40835
equity,INE618L01018,2026-09-16,319,307.2,316.85,33376
equity,INE722H01024,2026-09-07,157,148.11,153.1,1856449
equity,INE722H01024,2026-09-08,153.09,146.1,150,854180
equity,INE722H01024,2026-09-09,150.9,145.25,147.19,394708
equity,INE722H01024,2026-09-10,158,144.57,156.48,2423183
equity,INE722H01024,2026-09-11,161.2,154.25,155.49,1372451
equity,INE722H01024,2026-09-15,163.45,151.2,151.77,1223848
equity,INE722H01024,2026-09-16,153.79,146.4,149.5,585544
equity,INE250K01012,2026-09-08,449.95,440.05,443,31082
equity,INE250K01012,2026-09-09,441.7,435.05,436.05,48956
equity,INE250K01012,2026-09-10,439.2,432.1,433.8,44139
equity,INE250K01012,2026-09-11,437.2,428.85,434.25,42937
equity,INE250K01012,2026-09-14,434.25,434.25,434.25,
equity,INE250K01012,2026-09-15,436,414.3,417.05,110182
equity,INE250K01012,2026-09-16,420.75,406.3,418,56767
equity,INE851I01011,2026-09-08,221,206.21,215.77,498239
equity,INE851I01011,2026-09-09,217.02,205.64,207.42,449284
equity,INE851I01011,2026-09-10,215.13,203,214.07,328911
equity,INE851I01011,2026-09-11,211.88,206.06,207.5,83336
equity,INE851I01011,2026-09-15,210,194.15,197.04,95017
equity,INE851I01011,2026-09-16,198.77,187.16,190.6,193391
equity,INE048B01035,2026-09-08,241.33,236.1,237.72,59503
equity,INE048B01035,2026-09-09,239.38,229.02,235.39,69845
equity,INE048B01035,2026-09-10,239.17,231.11,232.99,47327
equity,INE048B01035,2026-09-11,234.6,228.01,232.89,51421
equity,INE048B01035,2026-09-14,232.89,232.89,232.89,
equity,INE048B01035,2026-09-15,234.99,223.16,225.83,57007
equity,INE048B01035,2026-09-16,230.95,217.81,228.28,56444
equity,INE0D6701023,2026-09-08,136.79,133.9,134.65,129674
equity,INE0D6701023,2026-09-09,136.98,133.52,136.06,87601
equity,INE0D6701023,2026-09-10,137.5,135.05,135.74,45366
equity,INE0D6701023,2026-09-11,135.65,133.3,133.69,100420
equity,INE0D6701023,2026-09-14,133.69,133.69,133.69,
equity,INE0D6701023,2026-09-15,134.28,132.01,132.68,99694
equity,INE0D6701023,2026-09-16,152.28,134.26,137.77,28418649
equity,INE344S01016,2026-09-08,160.13,157.1,158.61,202682
equity,INE344S01016,2026-09-09,159.8,155,155.56,250394
equity,INE344S01016,2026-09-10,157.43,154.5,155.2,144218
equity,INE344S01016,2026-09-11,155.2,152.91,154.01,153246
equity,INE344S01016,2026-09-15,161.75,152.15,153.13,416949
equity,INE344S01016,2026-09-16,156.12,148.03,150.98,182718
equity,INE01R501028,2026-09-07,61.37,59.88,60.6,1147055
equity,INE01R501028,2026-09-08,60.46,59.02,59.14,631175
equity,INE01R501028,2026-09-09,59.19,58.3,58.5,589225
equity,INE01R501028,2026-09-10,59.1,57.5,57.64,769420
equity,INE01R501028,2026-09-11,57.5,56.3,57.08,856569
equity,INE01R501028,2026-09-15,57.8,55.2,55.54,936506
equity,INE01R501028,2026-09-16,56.35,53.85,56.06,926479
equity,INE519C01017,2026-09-08,1436.8,1400,1404.1,2339
equity,INE519C01017,2026-09-09,1460.5,1402.5,1411.8,7674
equity,INE519C01017,2026-09-10,1465,1415.2,1438.6,5431
equity,INE519C01017,2026-09-11,1441.9,1400,1409.2,2388
equity,INE519C01017,2026-09-15,1426.5,1390,1393.6,4644
equity,INE519C01017,2026-09-16,1403.1,1370,1391.7,1752
equity,INE898Q01015,2026-09-08,725.5,700,704.7,33212
equity,INE898Q01015,2026-09-09,717,668,688.85,51355
equity,INE898Q01015,2026-09-10,717.45,677.2,690.55,27948
equity,INE898Q01015,2026-09-11,701.85,670.35,677.7,33213
equity,INE898Q01015,2026-09-15,693.95,661,666,40184
equity,INE910C01018,2026-09-08,1213.1,1090,1191,215583
equity,INE910C01018,2026-09-09,1247,1166.3,1184,244268
equity,INE910C01018,2026-09-10,1193.3,1117,1134.4,64448
equity,INE910C01018,2026-09-11,1146.5,1112.1,1115.4,34353
equity,INE910C01018,2026-09-15,1125.9,1067.9,1074.6,33869
equity,INE910C01018,2026-09-16,1082.9,1059,1065.1,18487
equity,INE613C01026,2026-09-07,26.5,25.9,25.97,1770283
equity,INE613C01026,2026-09-08,26.2,25.81,25.92,1633160
equity,INE613C01026,2026-09-09,26.12,25.75,25.94,914261
equity,INE613C01026,2026-09-10,26.16,25.8,25.99,1096841
equity,INE613C01026,2026-09-11,26.01,25.55,25.67,940129
equity,INE613C01026,2026-09-15,27.1,25.55,25.58,1685258
equity,INE613C01026,2026-09-16,26,24.84,25.17,1055451
equity,INE08N601015,2026-09-07,270.1772,265.0466,267.0391,37808
equity,INE08N601015,2026-09-08,271.3727,260.7628,266.6904,199642
equity,INE08N601015,2026-09-09,266.7402,262.556,264.15,44511
equity,INE08N601015,2026-09-10,268.7,257.1,259.35,146192
equity,INE08N601015,2026-09-11,259.3,249.65,254.2,220155
equity,INE08N601015,2026-09-14,254.2,254.2,254.2,
equity,INE08N601015,2026-09-15,263.7,250.05,252.65,230610
equity,INE08N601015,2026-09-16,260.65,249.95,254.4,122018
equity,INE727B01026,2026-09-07,241.9,227.03,240.16,670463
equity,INE727B01026,2026-09-08,288.19,239.5,288.19,8754555
equity,INE727B01026,2026-09-09,297.4,271.1,274.31,3610543
equity,INE727B01026,2026-09-10,323.23,265.63,299.67,9166324
equity,INE727B01026,2026-09-11,316.94,286.98,307.81,2809027
equity,INE727B01026,2026-09-14,307.81,307.81,307.81,
equity,INE727B01026,2026-09-15,314.49,280.19,285.51,945103
equity,INE727B01026,2026-09-16,295.88,270.1,276.71,1017541
equity,INE106T01025,2026-09-07,77.6,75.51,75.96,514424
equity,INE106T01025,2026-09-08,75.9,74.5,75.4,377605
equity,INE106T01025,2026-09-09,77.14,74.58,76.79,1108418
equity,INE106T01025,2026-09-10,79.7,76.31,77.4,1896207
equity,INE106T01025,2026-09-11,76.89,75.46,76.39,643983
equity,INE106T01025,2026-09-15,77,73.23,73.61,553825
equity,INE106T01025,2026-09-16,74.28,71.76,73.36,444635
equity,INE480C01038,2026-09-07,77.5,74,75.02,1759825
equity,INE480C01038,2026-09-08,75.17,72.1,72.39,493821
equity,INE480C01038,2026-09-09,73.5,71.25,71.68,408987
equity,INE480C01038,2026-09-10,72.29,70.69,70.87,425579
equity,INE480C01038,2026-09-11,71.55,69.35,70.07,386681
equity,INE480C01038,2026-09-15,71.96,67.75,68.13,535458
equity,INE480C01038,2026-09-16,68,66.1,67.29,474100
equity,INE712K01011,2026-09-07,535.4,478,514.9,399174
equity,INE712K01011,2026-09-08,545.2,505.1,510.05,233531
equity,INE712K01011,2026-09-09,513.9,499.1,501.2,46803
equity,INE712K01011,2026-09-10,511.45,489.1,491.6,85810
equity,INE712K01011,2026-09-11,506.45,478.8,486.9,157309
equity,INE712K01011,2026-09-14,486.9,486.9,486.9,
equity,INE712K01011,2026-09-15,524,470,501.45,310949
equity,INE712K01011,2026-09-16,514.85,482,506.95,123748
equity,INE207H01018,2026-09-08,117.7,106.7,109.63,85570
equity,INE207H01018,2026-09-09,111.9,108.6,109.02,34090
equity,INE207H01018,2026-09-10,110.2,107.29,107.81,15292
equity,INE207H01018,2026-09-11,108.4,103.42,104.05,27000
equity,INE207H01018,2026-09-15,104.61,102.17,102.58,14257
equity,INE05AN01011,2026-09-08,182.54,180,180.28,45845
equity,INE05AN01011,2026-09-09,183.9,179,179.66,81549
equity,INE05AN01011,2026-09-10,191.95,180.12,181.67,253483
equity,INE05AN01011,2026-09-11,181.67,177.94,178.4,63015
equity,INE05AN01011,2026-09-15,181.29,174,174.42,75927
equity,INE05AN01011,2026-09-16,176.09,171,171.93,80014
equity,INE937A01023,2026-09-08,183.44,175,176.31,311586
equity,INE937A01023,2026-09-09,179.1,173,173.93,206020
equity,INE937A01023,2026-09-10,176.55,172.5,173,97588
equity,INE937A01023,2026-09-11,172.72,169.51,171.63,140993
equity,INE937A01023,2026-09-15,171.89,167,168.47,163272
equity,INE937A01023,2026-09-16,173,163.54,172.03,122560
equity,INE737D01021,2026-09-07,491.95,452,475.6,336826
equity,INE737D01021,2026-09-08,499.35,475.05,499.35,243641
equity,INE737D01021,2026-09-09,522.4,481,490.3,268225
equity,INE737D01021,2026-09-10,514.8,485.05,514.8,170543
equity,INE737D01021,2026-09-11,517,495,503.05,92092
equity,INE737D01021,2026-09-15,510.8,477.9,478.15,76958
equity,INE737D01021,2026-09-16,468.6,454.25,455.05,80044
equity,INE572D01014,2026-09-08,1272.65,1250,1258.5,2495
equity,INE572D01014,2026-09-09,1278.7,1238.4,1263.75,2719
equity,INE572D01014,2026-09-10,1277.2,1250,1254.5,1539
equity,INE572D01014,2026-09-11,1255.55,1228.85,1239.65,1906
equity,INE572D01014,2026-09-15,1241.25,1195,1227.35,1997
equity,INE313L01016,2026-09-07,187.8814,181.0004,185.5378,322525
equity,INE313L01016,2026-09-08,191.4715,185.5378,189.6864,297716
equity,INE313L01016,2026-09-09,192.2393,186.7944,189.5667,144256
equity,INE313L01016,2026-09-10,192.0798,185.488,186.186,172767
equity,INE313L01016,2026-09-11,191.4615,183.5034,189.5767,379349
equity,INE313L01016,2026-09-15,192.5584,179.5045,181.13,670942
equity,INE313L01016,2026-09-16,184.25,171.41,180.84,470606
equity,INE0J5601015,2026-09-08,1122,1075.8,1111.6,191647
equity,INE0J5601015,2026-09-09,1136.3,1080,1087.2,79580
equity,INE0J5601015,2026-09-10,1099.7,1062.7,1070,65190
equity,INE0J5601015,2026-09-11,1075,1047.1,1065.5,70159
equity,INE0J5601015,2026-09-15,1088.8,1021.4,1027.8,121172
equity,INE0J5601015,2026-09-16,1034.1,975.8,1002.4,99849
equity,INE0HLU01028,2026-09-07,195.95,189.61,194.24,796100
equity,INE0HLU01028,2026-09-08,197.8,191.9,194.14,670210
equity,INE0HLU01028,2026-09-09,198.9,192.25,195.3,671589
equity,INE0HLU01028,2026-09-10,198.24,193.35,194.68,722711
equity,INE0HLU01028,2026-09-11,220.22,193.21,209.7,18106631
equity,INE0HLU01028,2026-09-15,215.7,197.7,200.86,3070663
equity,INE0HLU01028,2026-09-16,213.99,195,198.37,10302517
equity,INE124G01033,2026-09-07,56.8,56,56.2,457673
equity,INE124G01033,2026-09-08,56.36,55.2,55.44,536646
equity,INE124G01033,2026-09-09,55.92,54.8,55.25,713513
equity,INE124G01033,2026-09-10,55.59,54.2,54.34,782143
equity,INE124G01033,2026-09-11,55.4,53.1,54.15,1394247
equity,INE124G01033,2026-09-14,54.15,54.15,54.15,
equity,INE124G01033,2026-09-15,54.53,52.82,53.79,983195
equity,INE124G01033,2026-09-16,57.1,51.66,55.19,2596467
equity,INE419D01026,2026-09-08,308,296,305.65,125406
equity,INE419D01026,2026-09-09,315.7,303.1,305.2,117675
equity,INE419D01026,2026-09-10,305.35,299.35,302.55,57907
equity,INE419D01026,2026-09-11,299,294.45,296.5,41516
equity,INE419D01026,2026-09-15,301.5,280,281.6,80059
equity,INE419D01026,2026-09-16,305.95,274.1,298.25,200647
equity,INE840Y01029,2026-09-07,59.7,56.87,57.73,1177260
equity,INE840Y01029,2026-09-08,58.25,56.07,56.36,279089
equity,INE840Y01029,2026-09-09,58.7,55.11,58.07,847505
equity,INE840Y01029,2026-09-10,59.4,57.42,57.74,661574
equity,INE840Y01029,2026-09-11,57.7,55.99,56.39,363820
equity,INE840Y01029,2026-09-15,61.38,56,56.68,5466042
equity,INE840Y01029,2026-09-16,58.77,55.41,56.28,1942119
equity,INE325C01035,2026-09-08,265.95,260,264.75,70109
equity,INE325C01035,2026-09-09,276.45,261.15,273.1,189227
equity,INE325C01035,2026-09-10,275.2,268.05,271.8,81680
equity,INE325C01035,2026-09-11,276.9,265.6,273.55,119178
equity,INE325C01035,2026-09-15,276.9,261.05,262.95,46906
equity,INE325C01035,2026-09-16,268.8,259.05,266.8,66963
equity,INE373T01047,2026-09-08,20.04,19.62,19.76,421674
equity,INE373T01047,2026-09-09,19.87,19.53,19.71,405528
equity,INE373T01047,2026-09-10,19.95,19.36,19.44,516456
equity,INE373T01047,2026-09-11,19.4,19.12,19.18,155483
equity,INE373T01047,2026-09-15,20.37,19.1,19.21,509119
equity,INE0FMZ01045,2026-09-07,437.4,420.55,424.85,325000
equity,INE0FMZ01045,2026-09-08,438.95,421,422.05,161500
equity,INE0FMZ01045,2026-09-09,424.9,399,404.45,327500
equity,INE0FMZ01045,2026-09-10,415,400,403.9,231500
equity,INE0FMZ01045,2026-09-11,408,395.1,400.3,181000
equity,INE0FMZ01045,2026-09-15,404,365,371.7,430500
equity,INE0FMZ01045,2026-09-16,390,352.15,386.6,421500
equity,INE859A01011,2026-09-08,84.98,80.75,81.26,596996
equity,INE859A01011,2026-09-09,81.33,79,79.46,283795
equity,INE859A01011,2026-09-10,83,79.46,80.36,476519
equity,INE859A01011,2026-09-11,81,79.04,80.34,230861
equity,INE859A01011,2026-09-14,80.34,80.34,80.34,
equity,INE859A01011,2026-09-15,80.8,76.01,76.29,569582
equity,INE859A01011,2026-09-16,80.24,74.03,77.91,626313
equity,INE265B01019,2026-09-08,1692.95,1652.5,1691.25,384
equity,INE265B01019,2026-09-09,1682.15,1653.25,1655.1,186
equity,INE265B01019,2026-09-10,1699.9,1639,1658.2,225
equity,INE265B01019,2026-09-11,1652,1586,1648.95,2165
equity,INE265B01019,2026-09-15,1800.6,1601.05,1684.1,2878
equity,INE201A01024,2026-09-07,88.14,84.67,86.16,2321723
equity,INE201A01024,2026-09-08,93,85,90.08,8519441
equity,INE201A01024,2026-09-09,92,86.5,87.15,3298224
equity,INE201A01024,2026-09-10,89.55,85.72,86.27,1530559
equity,INE201A01024,2026-09-11,87.65,82.22,84.93,2153198
equity,INE201A01024,2026-09-15,87.4,79,80.19,1729990
equity,INE201A01024,2026-09-16,85.5,79.5,82.37,2636747
equity,INE022I01019,2026-09-07,51.22,49.32,49.85,2616485
equity,INE022I01019,2026-09-08,50.5,49.41,50.04,2076110
equity,INE022I01019,2026-09-09,50.98,49.26,50.47,3910136
equity,INE022I01019,2026-09-10,51.12,47.37,50.39,5267540
equity,INE022I01019,2026-09-11,50.95,48.77,50.34,5492697
equity,INE022I01019,2026-09-15,50.44,48.86,50.03,2855354
equity,INE022I01019,2026-09-16,50.17,48.45,49.93,834208
equity,INE221H01019,2026-09-08,1.22,1.17,1.18,35870401
equity,INE221H01019,2026-09-09,1.18,1.16,1.16,33191149
equity,INE221H01019,2026-09-10,1.18,1.16,1.16,22019197
equity,INE221H01019,2026-09-11,1.17,1.15,1.16,19959792
equity,INE221H01019,2026-09-14,1.16,1.16,1.16,
equity,INE221H01019,2026-09-15,1.17,1.12,1.13,39824241
equity,INE221H01019,2026-09-16,1.14,1.11,1.11,23915927
equity,INE173M01012,2026-09-08,443.75,426,443.75,106418
equity,INE173M01012,2026-09-09,463.2,446.6,454.2,70460
equity,INE173M01012,2026-09-10,466.95,431.5,460.4,213285
equity,INE173M01012,2026-09-11,460.9,437.4,437.95,89286
equity,INE173M01012,2026-09-15,424.7,416.1,416.1,92120
equity,INE048C01025,2026-09-08,121.85,119.99,120.57,35606
equity,INE048C01025,2026-09-09,122.04,117.53,119.2,25699
equity,INE048C01025,2026-09-10,120.75,117.04,119.52,18365
equity,INE048C01025,2026-09-11,120.55,116,118.98,12124
equity,INE048C01025,2026-09-15,122.5,117.4,120.81,34703
equity,INE048C01025,2026-09-16,126.85,116,126.85,71786
equity,INE0Q5D01013,2026-09-07,624.2,615.3,623.6,59500
equity,INE0Q5D01013,2026-09-08,653.9,618.45,642.95,77500
equity,INE0Q5D01013,2026-09-09,699,646.3,694.05,161500
equity,INE0Q5D01013,2026-09-10,714,688,706.9,105500
equity,INE0Q5D01013,2026-09-11,730,691.65,725.75,76500
equity,INE0Q5D01013,2026-09-15,731.7,680,686.55,141000
equity,INE133Y01011,2026-09-08,205.56,195,198.22,36372
equity,INE133Y01011,2026-09-09,225.98,197,214.65,638605
equity,INE133Y01011,2026-09-10,219.05,211,212.54,56193
equity,INE133Y01011,2026-09-11,212.2,203.67,206.08,41185
equity,INE133Y01011,2026-09-15,206.6,198.2,200.33,26283
equity,INE133Y01011,2026-09-16,201.8,192.91,198.27,16938
equity,INE363L01045,2026-09-08,1014,985,996.7,2706
equity,INE363L01045,2026-09-09,1016.95,979,983.95,6284
equity,INE363L01045,2026-09-10,999.9,985,989.15,2273
equity,INE363L01045,2026-09-11,989,976.1,983.9,2115
equity,INE363L01045,2026-09-15,1015,952.35,978.4,4318
equity,INE784R01023,2026-09-07,98.86,87.72,95.27,4760846
equity,INE784R01023,2026-09-08,97.16,91.03,91.36,1199300
equity,INE784R01023,2026-09-09,92.99,88.47,88.77,684659
equity,INE784R01023,2026-09-10,91.33,87.51,88.07,674744
equity,INE784R01023,2026-09-11,88.61,85.14,85.98,791089
equity,INE784R01023,2026-09-15,86.51,82.02,82.72,1085971
equity,INE784R01023,2026-09-16,83.45,80.84,82.68,725329
equity,INE630A01024,2026-09-07,248.79,232,242.37,250778
equity,INE630A01024,2026-09-08,249.2,240,243.98,134513
equity,INE630A01024,2026-09-09,245.4,241.5,243.68,74510
equity,INE630A01024,2026-09-10,250.19,239.01,246.96,102354
equity,INE630A01024,2026-09-11,255,242.41,251.14,179922
equity,INE630A01024,2026-09-15,251.48,241.6,242.8,43579
equity,INE630A01024,2026-09-16,248.08,239.12,246.72,35200
equity,INE225B01021,2026-09-08,493,472.15,482.15,8080
equity,INE225B01021,2026-09-09,507,475.05,493.95,20886
equity,INE225B01021,2026-09-10,496.8,480,483.3,5723
equity,INE225B01021,2026-09-11,485.95,471.75,475.05,3844
equity,INE225B01021,2026-09-15,479.8,466.4,471.2,11497
equity,INE435C01024,2026-09-08,121.3,117.5,120.03,1152328
equity,INE435C01024,2026-09-09,121.29,112.52,115.23,380617
equity,INE435C01024,2026-09-10,116.78,113.51,114.21,277127
equity,INE435C01024,2026-09-11,117,112.1,115.52,140099
equity,INE435C01024,2026-09-15,116.07,113.47,114.07,226217
equity,INE435C01024,2026-09-16,118,111.63,116.25,173065
equity,INE098F01031,2026-09-08,500.8877,490.1015,497.5077,42167
equity,INE098F01031,2026-09-09,508.9898,491.0956,501.0368,74607
equity,INE098F01031,2026-09-10,505.5103,489.3062,490.35,53900
equity,INE098F01031,2026-09-11,498,485.05,490.95,73521
equity,INE098F01031,2026-09-15,494.85,485,489.6,26954
equity,INE098F01031,2026-09-16,493.7,476.5,490.4,54792
equity,INE1WFC01025,2026-09-07,106.85,99.8,102.37,10083730
equity,INE1WFC01025,2026-09-08,106.7,93.22,94.89,10007242
equity,INE1WFC01025,2026-09-09,99,95.13,97.93,3732363
equity,INE1WFC01025,2026-09-10,101,97.3,98.41,3637976
equity,INE1WFC01025,2026-09-11,115.9,100,101.3,53876821
equity,INE1WFC01025,2026-09-14,101.3,101.3,101.3,
equity,INE1WFC01025,2026-09-15,104.19,92.22,94.35,5763565
equity,INE1WFC01025,2026-09-16,95.99,87.31,89.55,5410499
equity,INE147A01011,2026-09-08,72.5,70.58,71.07,720567
equity,INE147A01011,2026-09-09,71.48,69.95,70.13,398972
equity,INE147A01011,2026-09-10,71.12,68.76,69.3,457757
equity,INE147A01011,2026-09-11,69.3,68.16,69,246359
equity,INE147A01011,2026-09-14,69,69,69,
equity,INE147A01011,2026-09-15,69.17,67,67.38,418875
equity,INE147A01011,2026-09-16,67.63,65.1,66.83,460572
equity,INE1D0W01018,2026-09-07,397.4,363.1,388.95,2343237
equity,INE1D0W01018,2026-09-08,406.95,389.1,403.85,1678026
equity,INE1D0W01018,2026-09-09,416.5,401,409,1401837
equity,INE1D0W01018,2026-09-10,453,410,439.4,4534860
equity,INE1D0W01018,2026-09-11,459.8,425.5,442.3,2759682
equity,INE1D0W01018,2026-09-14,442.3,442.3,442.3,
equity,INE1D0W01018,2026-09-15,446.05,414.9,424.35,1500330
equity,INE1D0W01018,2026-09-16,443.9,422.15,439.4,1423939
equity,INE278M01019,2026-09-08,96.97,94.11,94.75,224450
equity,INE278M01019,2026-09-09,95.71,94.02,94.3,176714
equity,INE278M01019,2026-09-10,95.1,92.34,93.85,339324
equity,INE278M01019,2026-09-11,94.28,92.6,93.58,143303
equity,INE278M01019,2026-09-15,93.9,90.6,91.58,261219
equity,INE278M01019,2026-09-16,92.07,84.8,85.56,1882658
equity,INE0U4701011,2026-09-07,98.37,94.5,95.77,196958
equity,INE0U4701011,2026-09-08,96.06,92.49,93.42,293637
equity,INE0U4701011,2026-09-09,95,92.12,92.69,115088
equity,INE0U4701011,2026-09-10,94.14,87.8,88.28,360528
equity,INE0U4701011,2026-09-11,90.31,86.25,88.75,238604
equity,INE0U4701011,2026-09-15,89.66,84.1,85.06,220676
equity,INE0U4701011,2026-09-16,88.08,82.6,86.25,188492
equity,INE503B01021,2026-09-08,12.08,11.02,11.53,12644699
equity,INE503B01021,2026-09-09,12.89,11.47,12,57173683
equity,INE503B01021,2026-09-10,12.9,12,12.17,28145206
equity,INE503B01021,2026-09-11,12.53,12.01,12.14,11073848
equity,INE503B01021,2026-09-14,12.14,12.14,12.14,
equity,INE503B01021,2026-09-15,12.25,11.3,11.44,5762202
equity,INE503B01021,2026-09-16,11.6,10.9,11.07,6061027
equity,INE0SCO01019,2026-09-07,603,576,600.75,119500
equity,INE0SCO01019,2026-09-08,627.75,604.05,621.75,109000
equity,INE0SCO01019,2026-09-09,638.9,626,636.35,54500
equity,INE0SCO01019,2026-09-10,655,634,641.9,112000
equity,INE0SCO01019,2026-09-11,645.05,631,634.95,63000
equity,INE0SCO01019,2026-09-15,648.9,628,629,52000
equity,INE0QVH01025,2026-09-07,288.4,278.65,279.5,74000
equity,INE0QVH01025,2026-09-08,282,270.3,279.75,118250
equity,INE0QVH01025,2026-09-09,280,270.05,275.1,49750
equity,INE0QVH01025,2026-09-10,273.25,268.15,268.55,92500
equity,INE0QVH01025,2026-09-11,270,260.5,268.7,61750
equity,INE0QVH01025,2026-09-15,269,262.65,264.1,33000
equity,INE0QVH01025,2026-09-16,269,262,266.4,29500
equity,INE199P01028,2026-09-07,613.2,595.5,601.85,1222825
equity,INE199P01028,2026-09-08,608.8,595.65,598.25,518013
equity,INE199P01028,2026-09-09,608,594.3,601.9,268383
equity,INE199P01028,2026-09-10,616.9,603.85,614.8,241437
equity,INE199P01028,2026-09-11,613.45,598.1,600.7,862249
equity,INE199P01028,2026-09-15,610.9,588.35,601.55,1181049
equity,INE199P01028,2026-09-16,604.6,560,594.75,1045600
equity,INE301D01026,2026-09-08,458.8,439.55,450.3,38798
equity,INE301D01026,2026-09-09,488.3,444.55,474.85,50253
equity,INE301D01026,2026-09-10,485,441.2,445.9,31500
equity,INE301D01026,2026-09-11,463.8,426.95,455.1,11703
equity,INE301D01026,2026-09-15,468,420.6,432.4,13641
equity,INE301D01026,2026-09-16,468.65,398.4,462.1,90740
equity,INE972A01020,2026-09-08,138,132,137.15,3709
equity,INE972A01020,2026-09-09,141.6,135.35,137.35,1310
equity,INE972A01020,2026-09-10,159.9,138.25,153.75,19832
equity,INE972A01020,2026-09-11,150.85,133,135.45,24218
equity,INE972A01020,2026-09-15,133.15,126.35,127.1,12990
equity,INE760B01019,2026-09-08,1353.4118,1283.741,1318.9011,21857
equity,INE760B01019,2026-09-09,1348.2677,1308.5128,1319.8,8046
equity,INE760B01019,2026-09-10,1349.9,1290,1345,27646
equity,INE760B01019,2026-09-11,1351,1290,1323.5,14089
equity,INE760B01019,2026-09-15,1339.6,1240.2,1246,12844
equity,INE795B01031,2026-09-08,106.55,106.55,106.55,
equity,INE795B01031,2026-09-09,106.55,106.55,106.55,
equity,INE795B01031,2026-09-10,106.55,106.55,106.55,
equity,INE795B01031,2026-09-11,106.55,106.55,106.55,
equity,INE795B01031,2026-09-14,106.55,106.55,106.55,
equity,INE795B01031,2026-09-15,106.55,106.55,106.55,
equity,INE016Q01014,2026-09-08,720.7,697.3,702.4,13171
equity,INE016Q01014,2026-09-09,705,685.6,688.3,7825
equity,INE016Q01014,2026-09-10,714.9,680.55,686.2,8371
equity,INE016Q01014,2026-09-11,716.45,673.25,706.8,17251
equity,INE016Q01014,2026-09-15,714.8,673,676.95,5205
equity,INE711A01022,2026-09-07,225.5,206.91,223.36,2190611
equity,INE711A01022,2026-09-08,227.98,214.85,219.1,752985
equity,INE711A01022,2026-09-09,218.43,210.68,211.78,447376
equity,INE711A01022,2026-09-10,214.99,207.41,208.92,264577
equity,INE711A01022,2026-09-11,214.74,203.5,210.1,1276691
equity,INE711A01022,2026-09-14,210.1,210.1,210.1,
equity,INE711A01022,2026-09-15,212.4,199,200.03,668236
equity,INE711A01022,2026-09-16,199.9,192.36,197.08,812935
equity,INE390G01014,2026-09-08,113,110.5,111.42,143162
equity,INE390G01014,2026-09-09,114.71,109.92,111.39,374389
equity,INE390G01014,2026-09-10,114.8,112.12,113.47,239257
equity,INE390G01014,2026-09-11,113,111,112.21,59297
equity,INE390G01014,2026-09-15,113.24,109.25,111.72,131226
equity,INE390G01014,2026-09-16,112.51,109.65,111,114845
equity,INE724A01017,2026-09-08,189,185.45,185.8,5070
equity,INE724A01017,2026-09-09,187.65,180,180.85,1733
equity,INE724A01017,2026-09-10,187.9,179.55,187.9,5668
equity,INE724A01017,2026-09-11,185.8,174.1,174.45,9895
equity,INE724A01017,2026-09-15,178.5,175.6,177.4,2165
equity,INE1VXE01018,2026-09-07,30.31,29.5,30.31,1989195
equity,INE1VXE01018,2026-09-08,31.82,30.5,31.62,6414014
equity,INE1VXE01018,2026-09-09,33.2,30.71,33.2,12406425
equity,INE1VXE01018,2026-09-10,34.86,33.63,34.86,8127111
equity,INE1VXE01018,2026-09-11,36.6,35.57,36.6,5579818
equity,INE1VXE01018,2026-09-14,36.6,36.6,36.6,
equity,INE1VXE01018,2026-09-15,38.43,35.37,37.2,14945148
equity,INE1VXE01018,2026-09-16,39.06,35.34,38.97,15347052
equity,INE0VN801010,2026-09-07,830,783,826.45,34300
equity,INE0VN801010,2026-09-08,837,809,812.6,21700
equity,INE0VN801010,2026-09-09,815.45,805,809.5,12600
equity,INE0VN801010,2026-09-10,819.95,796.05,802.7,19600
equity,INE0VN801010,2026-09-11,807.75,793.5,795.45,15100
equity,INE0VN801010,2026-09-15,797.95,760.1,763.1,40100
equity,INE0VN801010,2026-09-16,774.95,754,760.9,21600
equity,INE524T01011,2026-09-08,4540.7002,4458.2002,4523.25,1478
equity,INE524T01011,2026-09-09,4949.9502,4554.6499,4888.7002,3368
equity,INE524T01011,2026-09-10,5242,4849,5188.2998,2592
equity,INE524T01011,2026-09-11,5550,5210.1499,5367.1001,2123
equity,INE524T01011,2026-09-15,5554.9502,4971.3999,5005.4502,2018
equity,INE201K01015,2026-09-07,922,895,899.55,32051
equity,INE201K01015,2026-09-08,903.9,881.7,887.95,20997
equity,INE201K01015,2026-09-09,891.55,870.6,877.6,31062
equity,INE201K01015,2026-09-10,898,875.35,883.8,17439
equity,INE201K01015,2026-09-11,892.95,873.2,889.5,9546
equity,INE201K01015,2026-09-14,889.5,889.5,889.5,
equity,INE201K01015,2026-09-15,914,860,862.6,33126
equity,INE201K01015,2026-09-16,890,842,879.85,44424
equity,INE547E01014,2026-09-08,1170,1090.5,1151.5,15807
equity,INE547E01014,2026-09-09,1154.9,1120,1128.7,4177
equity,INE547E01014,2026-09-10,1155,1124,1127.7,3127
equity,INE547E01014,2026-09-11,1134.8,1105,1113.2,1166
equity,INE547E01014,2026-09-15,1120.5,1074.9,1077.8,2157
equity,INE547E01014,2026-09-16,1087.9,1056.3,1065,2141
equity,INE669R01026,2026-09-08,7.85,7.85,7.85,141596
equity,INE669R01026,2026-09-09,7.46,7.46,7.46,144007
equity,INE669R01026,2026-09-10,7.83,7.09,7.8,10299701
equity,INE669R01026,2026-09-11,8.19,7.93,8.19,2645029
equity,INE669R01026,2026-09-15,8.59,8.35,8.58,2282461
equity,INE312M01024,2026-09-08,221.85,215,221.85,82380
equity,INE312M01024,2026-09-09,228.4,221.9,222.25,174980
equity,INE312M01024,2026-09-10,230,222.55,226.2,109169
equity,INE312M01024,2026-09-11,221.7,221.7,221.7,726
equity,INE312M01024,2026-09-15,217.3,217.3,217.3,755
equity,INE488D01021,2026-09-08,91.58,88.9,90.35,162418
equity,INE488D01021,2026-09-09,93.05,90,92.42,432223
equity,INE488D01021,2026-09-10,93.33,90.1,90.6,216414
equity,INE488D01021,2026-09-11,90.98,87.71,90.13,180833
equity,INE488D01021,2026-09-15,90.19,84.54,86.24,279706
equity,INE488D01021,2026-09-16,88,84.42,85.72,126738
equity,INE1B3O01011,2026-09-07,492.9,444.9,486.3,3585788
equity,INE1B3O01011,2026-09-08,495.9,471.5,489.15,2339186
equity,INE1B3O01011,2026-09-09,498.6,476.35,481.2,850225
equity,INE1B3O01011,2026-09-10,522,483.65,509.7,2019949
equity,INE1B3O01011,2026-09-11,524.95,407.8,407.8,3900142
equity,INE1B3O01011,2026-09-14,407.8,407.8,407.8,
equity,INE1B3O01011,2026-09-15,394.6,326.25,333.95,7326036
equity,INE1B3O01011,2026-09-16,367.3,332.35,363.7,3703580
equity,INE384C01016,2026-09-08,1050.95,968.1,1017.35,23733
equity,INE384C01016,2026-09-09,1084,1000.1,1067.7,38375
equity,INE384C01016,2026-09-10,1134.7,1061.3,1085.7,120552
equity,INE384C01016,2026-09-11,1124.85,1060.55,1113.75,35432
equity,INE384C01016,2026-09-15,1124,1046,1077.6,43272
equity,INE384C01016,2026-09-16,1153.85,1029.35,1134.95,66920
equity,INE449C01025,2026-09-08,27.79,26.8,27.18,60113
equity,INE449C01025,2026-09-09,27.98,26.53,26.73,70262
equity,INE449C01025,2026-09-10,27.19,26.55,26.77,35796
equity,INE449C01025,2026-09-11,27.2,25.81,26.24,64991
equity,INE449C01025,2026-09-15,26.89,25.31,25.65,63569
equity,INE449C01025,2026-09-16,26.78,25.11,25.88,59473
equity,INE0O6601022,2026-09-07,212.99,208.12,209.13,103699
equity,INE0O6601022,2026-09-08,212.09,205.36,211.28,229386
equity,INE0O6601022,2026-09-09,220.9,208.91,219.67,793389
equity,INE0O6601022,2026-09-10,240.8,220,231.54,8960812
equity,INE0O6601022,2026-09-11,239.8,222.84,239.07,2135648
equity,INE0O6601022,2026-09-14,239.07,239.07,239.07,
equity,INE0O6601022,2026-09-15,243.29,226.01,228.87,885883
equity,INE0O6601022,2026-09-16,229.79,220.42,225.86,554508
equity,INE0V0W01025,2026-09-07,177.9,172.83,176.34,382407
equity,INE0V0W01025,2026-09-08,179.8,174,175.19,381320
equity,INE0V0W01025,2026-09-09,180.9,172.5,176.02,520724
equity,INE0V0W01025,2026-09-10,177.01,172.87,173.22,142017
equity,INE0V0W01025,2026-09-11,176.45,170,171.09,120195
equity,INE0V0W01025,2026-09-15,183.05,170,173.6,852318
equity,INE0V0W01025,2026-09-16,175.83,163.94,172.33,505195
equity,INE500A01029,2026-09-07,48.99,45.67,47.99,5474375
equity,INE500A01029,2026-09-08,49.25,46.85,47.65,2432635
equity,INE500A01029,2026-09-09,49.3,47.39,48.14,2937582
equity,INE500A01029,2026-09-10,48.85,46.85,47.06,1159726
equity,INE500A01029,2026-09-11,46.86,45.75,46.63,839230
equity,INE500A01029,2026-09-14,46.63,46.63,46.63,
equity,INE500A01029,2026-09-15,46.84,44.5,44.72,962522
equity,INE500A01029,2026-09-16,44.84,43.19,44.26,850790
equity,INE161A01038,2026-09-07,101.16,97,97.22,303377
equity,INE161A01038,2026-09-08,99.37,95.01,95.34,233060
equity,INE161A01038,2026-09-09,96.28,93.71,94.99,153514
equity,INE161A01038,2026-09-10,95.46,93.5,94.09,140966
equity,INE161A01038,2026-09-11,94.25,92,92.49,219228
equity,INE161A01038,2026-09-15,94.29,86.69,87.32,391512
equity,INE161A01038,2026-09-16,88.89,84.86,85.35,351912
equity,INE411D01023,2026-09-07,257.694,243.3169,245.6053,276867
equity,INE411D01023,2026-09-08,255.6046,245.2571,252.0725,186137
equity,INE411D01023,2026-09-09,253.6644,247.7444,249.6349,123540
equity,INE411D01023,2026-09-10,252.5203,245.5555,246.65,149927
equity,INE411D01023,2026-09-11,247.65,240,241.3,151658
equity,INE411D01023,2026-09-15,242.95,231,231.9,116381
equity,INE411D01023,2026-09-16,234.05,224.1,229.6,247687
equity,INE848A01014,2026-09-08,935,905.25,927.15,97787
equity,INE848A01014,2026-09-09,933.8,907,912.3,83938
equity,INE848A01014,2026-09-10,923.3,895,900.2,80261
equity,INE848A01014,2026-09-11,916.8,866.4,906.8,117769
equity,INE848A01014,2026-09-15,940,891.05,896.05,183154
equity,INE848A01014,2026-09-16,891.7,860,880,82300
equity,INE0GV601021,2026-09-07,216.25,206.49,214.65,264900
equity,INE0GV601021,2026-09-08,216,209.5,211.46,38728
equity,INE0GV601021,2026-09-09,215,204.81,213.54,120873
equity,INE0GV601021,2026-09-10,214.93,209.06,210.16,29906
equity,INE0GV601021,2026-09-11,225.76,200,221.15,431750
equity,INE0GV601021,2026-09-15,223.5,212,213.38,111414
equity,INE0GV601021,2026-09-16,212.42,203.72,206.42,45105
equity,INE277B01014,2026-09-08,1105.8,1081.5,1094.9,2946
equity,INE277B01014,2026-09-09,1104,1086,1096.1,3866
equity,INE277B01014,2026-09-10,1113.7,1088,1091.8,2534
equity,INE277B01014,2026-09-11,1095.2,1061.4,1065.3,2438
equity,INE277B01014,2026-09-15,1079.9,1030,1041.2,9565
equity,INE277B01014,2026-09-16,1080,1020.1,1071.2,5859
equity,INE715B01021,2026-09-07,101.89,98.82,99.4,443882
equity,INE715B01021,2026-09-08,100.99,97.01,98.79,505786
equity,INE715B01021,2026-09-09,99.57,97.1,97.75,311807
equity,INE715B01021,2026-09-10,98.5,96.11,96.5,221478
equity,INE715B01021,2026-09-11,97.39,93.97,96.38,486239
equity,INE715B01021,2026-09-15,97.6,94,94.66,366347
equity,INE715B01021,2026-09-16,94.33,91.21,93.39,311145
equity,INE1YPB01014,2026-09-07,13.71,13.46,13.58,8294166
equity,INE1YPB01014,2026-09-08,16.23,13.55,16.02,54467549
equity,INE1YPB01014,2026-09-09,16.38,15.32,15.55,7575417
equity,INE1YPB01014,2026-09-10,16.1,15.05,15.51,3759448
equity,INE1YPB01014,2026-09-11,15.69,15,15.13,3154038
equity,INE1YPB01014,2026-09-14,15.13,15.13,15.13,
equity,INE1YPB01014,2026-09-15,15.23,14.01,14.23,2608653
equity,INE1YPB01014,2026-09-16,14.26,13.63,14.03,2126782
equity,INE417B01040,2026-09-08,1082,1024.6,1061.7,28453
equity,INE417B01040,2026-09-09,1062.6,1018.6,1022,25777
equity,INE417B01040,2026-09-10,1040.8,1022,1032.2,22889
equity,INE417B01040,2026-09-11,1080,1015.3,1059.1,32122
equity,INE417B01040,2026-09-15,1104.7,1027.6,1034.4,38862
equity,INE417B01040,2026-09-16,1047.5,1011.6,1018.8,22429
equity,INE583D01011,2026-09-07,87.25,84.92,85.42,117768
equity,INE583D01011,2026-09-08,85.89,84.64,85.06,115764
equity,INE583D01011,2026-09-09,85,83.23,83.44,164949
equity,INE583D01011,2026-09-10,84.25,82.99,83.17,114156
equity,INE583D01011,2026-09-11,84.54,81.5,83.66,244074
equity,INE583D01011,2026-09-15,86.42,82.8,83.28,189556
equity,INE583D01011,2026-09-16,85.79,81.27,83.5,229125
equity,INE073G01016,2026-09-08,708.1596,687.9678,694.15,38235
equity,INE073G01016,2026-09-09,698.5,680.05,686.7,26427
equity,INE073G01016,2026-09-10,703.35,666,698.25,75970
equity,INE073G01016,2026-09-11,694,675,676.7,47216
equity,INE073G01016,2026-09-15,690.15,660.3,661.9,38899
equity,INE073G01016,2026-09-16,673.45,644.55,649.55,40568
equity,INE350H01032,2026-09-08,57.29,55.92,56.8,295619
equity,INE350H01032,2026-09-09,57.52,55,55.41,428673
equity,INE350H01032,2026-09-10,56.79,55,55.55,421323
equity,INE350H01032,2026-09-11,55.11,52.79,53.91,557333
equity,INE350H01032,2026-09-15,54.79,51,51.5,679073
equity,INE350H01032,2026-09-16,51.79,49.89,51.33,373401
equity,INE947J01015,2026-09-08,27.99,26.55,27.18,336140
equity,INE947J01015,2026-09-09,27.7,27.08,27.21,219114
equity,INE947J01015,2026-09-10,27.36,27,27.05,269174
equity,INE947J01015,2026-09-11,27.13,26.5,26.98,264336
equity,INE947J01015,2026-09-15,27.19,26.51,26.62,260934
equity,INE947J01015,2026-09-16,26.68,26.12,26.42,231818
equity,INE188B01013,2026-09-07,428.45,413.6,415.15,58243
equity,INE188B01013,2026-09-08,417.5,412.05,415.6,27204
equity,INE188B01013,2026-09-09,420.85,406.4,410.3,39856
equity,INE188B01013,2026-09-10,415.45,406,408.3,39876
equity,INE188B01013,2026-09-11,418.45,402.05,414.3,45453
equity,INE188B01013,2026-09-14,414.3,414.3,414.3,
equity,INE188B01013,2026-09-15,476.9,411,437.05,13011373
equity,INE188B01013,2026-09-16,443,421.65,428.4,509006
equity,INE485A01015,2026-09-08,611.65,586.55,589.2,78032
equity,INE485A01015,2026-09-09,596.95,566.2,570.8,131150
equity,INE485A01015,2026-09-10,576.2,563.9,569.1,139334
equity,INE485A01015,2026-09-11,569.45,552.3,565.4,67709
equity,INE485A01015,2026-09-14,565.4,565.4,565.4,
equity,INE485A01015,2026-09-15,570.1,546.55,550.4,42064
equity,INE485A01015,2026-09-16,565,535.8,561.45,51388
equity,INE354C01027,2026-09-08,335.8,321,335.8,263098
equity,INE354C01027,2026-09-09,342,319.05,319.05,167841
equity,INE354C01027,2026-09-10,303.1,303.1,303.1,34751
equity,INE354C01027,2026-09-11,318.25,287.95,317.05,395692
equity,INE354C01027,2026-09-15,329,305,306.5,176159
equity,INE354C01027,2026-09-16,311,291.5,303.7,86277
equity,INE415D01024,2026-09-07,232,209,227.65,737108
equity,INE415D01024,2026-09-08,228.79,221.75,226.85,230364
equity,INE415D01024,2026-09-09,227.84,221.01,222,65367
equity,INE415D01024,2026-09-10,224.59,215.15,217.08,77910
equity,INE415D01024,2026-09-11,218.59,211.2,217.47,128822
equity,INE415D01024,2026-09-15,219.72,206.6,208.62,128545
equity,INE415D01024,2026-09-16,208.9,198.36,205.26,108418
equity,INE0D0K01022,2026-09-08,35.82,33.62,34.7,6169969
equity,INE0D0K01022,2026-09-09,35.8,34.26,35.27,3396501
equity,INE0D0K01022,2026-09-10,38.77,35.36,37.56,13529422
equity,INE0D0K01022,2026-09-11,38.5,36.7,37.93,4502407
equity,INE0D0K01022,2026-09-14,37.93,37.93,37.93,
equity,INE0D0K01022,2026-09-15,37.8,30.35,31.51,20492367
equity,INE0D0K01022,2026-09-16,32.26,29.81,31.16,5298467
equity,INE199G01027,2026-09-08,63,61.66,62.54,284044
equity,INE199G01027,2026-09-09,62.74,61.97,62.35,154323
equity,INE199G01027,2026-09-10,62.75,61.36,62.01,268360
equity,INE199G01027,2026-09-11,62.56,61.5,62.09,143137
equity,INE199G01027,2026-09-15,62.93,61.32,61.72,189794
equity,INE199G01027,2026-09-16,62.78,60.95,61.22,169560
equity,INE438K01021,2026-09-08,86.4,84.5,85.37,434600
equity,INE438K01021,2026-09-09,85.74,84.01,84.92,518967
equity,INE438K01021,2026-09-10,85.95,83.48,83.64,564322
equity,INE438K01021,2026-09-11,83.64,82.05,82.57,345687
equity,INE438K01021,2026-09-14,82.57,82.57,82.57,
equity,INE438K01021,2026-09-15,83.04,78.45,78.97,748945
equity,INE438K01021,2026-09-16,79.86,76.7,77.78,467814
equity,INE664D01019,2026-09-08,10249,10200,10200,43
equity,INE664D01019,2026-09-09,10690,10050,10601.3496,404
equity,INE664D01019,2026-09-10,11010,10305.0498,10710.4004,103
equity,INE664D01019,2026-09-11,11090.9502,10678,11074.2002,117
equity,INE664D01019,2026-09-15,11429.8496,10550,11000,49
equity,INE395U01014,2026-09-08,715,703.2,709.1,3691
equity,INE395U01014,2026-09-09,717.9,704.1,710.75,3177
equity,INE395U01014,2026-09-10,714.25,701.15,708.45,3174
equity,INE395U01014,2026-09-11,716.7,705,710.7,3308
equity,INE395U01014,2026-09-15,725,700.05,710.75,3821
equity,INE395U01014,2026-09-16,714.9,687.05,709.35,4210
equity,INE571B01036,2026-09-08,120.69,114.19,116.5,487526
equity,INE571B01036,2026-09-09,119.79,114.35,117.28,224099
equity,INE571B01036,2026-09-10,121.95,115.7,117.53,464405
equity,INE571B01036,2026-09-11,120,114.84,116.58,333020
equity,INE571B01036,2026-09-15,119.13,110.8,112.34,383222
equity,INE571B01036,2026-09-16,114.75,108.1,113.02,243808
equity,INE0RE001014,2026-09-07,1055,1012.3,1037.4,30325
equity,INE0RE001014,2026-09-08,1058.4,1020,1054.9,21610
equity,INE0RE001014,2026-09-09,1085.4,1038.2,1048.1,19177
equity,INE0RE001014,2026-09-10,1054.9,1015,1038,21452
equity,INE0RE001014,2026-09-11,1043.5,1013.4,1031,26357
equity,INE0RE001014,2026-09-14,1031,1031,1031,
equity,INE0RE001014,2026-09-15,1051,985,992.1,25832
equity,INE0RE001014,2026-09-16,1016.8,969,999.9,30890
equity,INE217L01019,2026-09-08,75.75,74.26,74.63,244665
equity,INE217L01019,2026-09-09,74.95,72.2,72.51,410646
equity,INE217L01019,2026-09-10,73.99,72.3,72.62,214076
equity,INE217L01019,2026-09-11,72.61,70.96,71.83,365745
equity,INE217L01019,2026-09-15,72.6,70.2,70.41,287955
equity,INE217L01019,2026-09-16,71.39,69.25,70.57,363848
equity,INE690J01011,2026-09-08,142.65,142.65,142.65,
equity,INE690J01011,2026-09-09,142.65,142.65,142.65,
equity,INE690J01011,2026-09-10,142.65,142.65,142.65,
equity,INE690J01011,2026-09-11,142.65,142.65,142.65,
equity,INE690J01011,2026-09-14,142.65,142.65,142.65,
equity,INE690J01011,2026-09-15,144.05,144.05,144.05,107235
equity,INE0PA801013,2026-09-08,134.29,131.18,131.96,403571
equity,INE0PA801013,2026-09-09,134.9,130.73,133.67,580475
equity,INE0PA801013,2026-09-10,134.88,130.5,132.54,233354
equity,INE0PA801013,2026-09-11,134.4,129.22,130.76,509572
equity,INE0PA801013,2026-09-14,130.76,130.76,130.76,
equity,INE0PA801013,2026-09-15,132.08,118.11,119.62,1302642
equity,INE0PA801013,2026-09-16,124.08,117.03,121.68,550120
equity,INE0KGZ01021,2026-09-07,284.4679,242.1471,268.9968,3876593
equity,INE0KGZ01021,2026-09-08,275.7342,260.5127,264.0561,244701
equity,INE0KGZ01021,2026-09-09,283.4698,259.1153,270.2445,1028495
equity,INE0KGZ01021,2026-09-10,279.4273,264.8047,267.3,83178
equity,INE0KGZ01021,2026-09-11,279,260.15,276.25,102421
equity,INE0KGZ01021,2026-09-15,278.5,261.9,264.65,57010
equity,INE0KGZ01021,2026-09-16,271.2,255.1,263.55,64789
equity,INE158B01016,2026-09-08,2305,2250,2258.2,16406
equity,INE158B01016,2026-09-09,2297.6001,2205,2221.6001,14430
equity,INE158B01016,2026-09-10,2344.5,2205,2291.3999,45900
equity,INE158B01016,2026-09-11,2335,2255.3999,2325.5,27993
equity,INE158B01016,2026-09-15,2348.8,2233,2242.2,26475
equity,INE158B01016,2026-09-16,2339.8999,2211.1001,2277.1001,58309
equity,INE830Q01018,2026-09-08,124,118.15,122.93,184446
equity,INE830Q01018,2026-09-09,127.9,123,126.42,707413
equity,INE830Q01018,2026-09-10,133.28,123.3,124.37,2551453
equity,INE830Q01018,2026-09-11,129.8,121.53,128.53,734495
equity,INE830Q01018,2026-09-15,130.5,123.36,124.19,148602
equity,INE830Q01018,2026-09-16,126.9,119.5,125.96,382017
equity,INE486R01017,2026-09-07,162,158.57,161.37,173981
equity,INE486R01017,2026-09-08,164.4,159,160.7,145874
equity,INE486R01017,2026-09-09,163.26,158.86,162.63,119726
equity,INE486R01017,2026-09-10,165.4,160.1,161.29,145904
equity,INE486R01017,2026-09-11,161.2,157.12,159.38,97541
equity,INE486R01017,2026-09-15,161.26,155,159.45,140502
equity,INE486R01017,2026-09-16,164.06,155,163.3,135814
equity,INE369A01029,2026-09-07,1036.1,999,1002.6,11574
equity,INE369A01029,2026-09-08,1004,984.1,993,8141
equity,INE369A01029,2026-09-09,1001.9,985,989.4,10303
equity,INE369A01029,2026-09-10,1001,989.4,992.6,4803
equity,INE369A01029,2026-09-11,995,961.2,980.8,11159
equity,INE369A01029,2026-09-15,1002.9,959.8,965.7,12066
equity,INE369A01029,2026-09-16,980.2,940.1,966.8,12900
equity,INE0V9N01017,2026-09-07,1224.4,1224.4,1224.4,7600
equity,INE0V9N01017,2026-09-08,1248.85,1248.85,1248.85,24400
equity,INE0V9N01017,2026-09-09,1225,1223.9,1223.9,14400
equity,INE0V9N01017,2026-09-10,1238,1199.45,1217.15,14400
equity,INE0V9N01017,2026-09-11,1210,1200,1200,8400
equity,INE0V9N01017,2026-09-15,1176,1176,1176,5600
equity,INE0TY101024,2026-09-07,151.99,147.01,147.9,97974
equity,INE0TY101024,2026-09-08,153,147.56,147.99,555468
equity,INE0TY101024,2026-09-09,149,145.05,145.59,109693
equity,INE0TY101024,2026-09-10,146.39,140.5,140.98,292863
equity,INE0TY101024,2026-09-11,142.53,137.31,141.48,276812
equity,INE0TY101024,2026-09-14,141.48,141.48,141.48,
equity,INE0TY101024,2026-09-15,143.45,130.15,131.42,463874
equity,INE0TY101024,2026-09-16,135,128.16,133.76,273403
equity,INE124Y01028,2026-09-08,87,79.2,81.02,227818
equity,INE124Y01028,2026-09-09,82.7,80,81,41925
equity,INE124Y01028,2026-09-10,86,80.08,80.24,142256
equity,INE124Y01028,2026-09-11,84.7,79.98,80.73,139989
equity,INE124Y01028,2026-09-15,82.49,79.95,80.04,67301
equity,INE124Y01028,2026-09-16,81.25,79.1,79.74,221927
equity,INE951D01028,2026-09-08,460.8049,454.249,455.8383,80477
equity,INE951D01028,2026-09-09,456.931,451.9643,453.057,46298
equity,INE951D01028,2026-09-10,454.845,444.117,446.65,96646
equity,INE951D01028,2026-09-11,449.8,439.85,445.6,59361
equity,INE951D01028,2026-09-14,445.6,445.6,445.6,
equity,INE951D01028,2026-09-15,460,435.15,438.45,132601
equity,INE951D01028,2026-09-16,443,427.2,436.4,63313
equity,INE435A01051,2026-09-07,77.34,61.99,72.2,27336653
equity,INE435A01051,2026-09-08,79.79,67,72.09,29596575
equity,INE435A01051,2026-09-09,71.56,67.5,68.08,2940986
equity,INE435A01051,2026-09-10,73.52,67.55,72.58,4500334
equity,INE435A01051,2026-09-11,73.95,70.84,73.36,1705341
equity,INE435A01051,2026-09-15,75,71,71.64,1506455
equity,INE435A01051,2026-09-16,74.01,70,73.32,769199
equity,INE831A01028,2026-09-08,35.74,34.12,34.76,340380
equity,INE831A01028,2026-09-09,34.73,33.9,34.26,346700
equity,INE831A01028,2026-09-10,34.48,32.65,32.98,466678
equity,INE831A01028,2026-09-11,32.99,31.62,32.18,510143
equity,INE831A01028,2026-09-15,33.78,32,33.33,1068890
equity,INE831A01028,2026-09-16,33.85,32.35,33.05,264250
equity,INE288301026,2026-09-07,666,620.6,647.65,152800
equity,INE288301026,2026-09-08,672.95,645,658.75,103600
equity,INE288301026,2026-09-09,680,645.1,674.35,110400
equity,INE288301026,2026-09-10,722.6,679,719.95,150800
equity,INE288301026,2026-09-11,729.5,683,706.95,90800
equity,INE288301026,2026-09-15,727.95,684,704.35,98800
equity,INE288301026,2026-09-16,715,645,681.2,106400
equity,INE646H01017,2026-09-07,286.5,273.85,277.9,38251
equity,INE646H01017,2026-09-08,281.95,275,277,23273
equity,INE646H01017,2026-09-09,280.95,276.45,279.4,14170
equity,INE646H01017,2026-09-10,283.3,270.6,272.15,22130
equity,INE646H01017,2026-09-11,274.95,269.6,271.35,13631
equity,INE646H01017,2026-09-15,277.2,267.15,269.7,31682
equity,INE646H01017,2026-09-16,275,269.05,273.25,6767
equity,INE405A01021,2026-09-08,439.1,419.55,424.05,11843
equity,INE405A01021,2026-09-09,434,421.05,427.4,6458
equity,INE405A01021,2026-09-10,436.9,425.45,434.1,4688
equity,INE405A01021,2026-09-11,432,419.65,428.4,6999
equity,INE405A01021,2026-09-15,430.5,415,416.15,19467
equity,INE958L01034,2026-09-08,9.49,8.81,8.89,3096749
equity,INE958L01034,2026-09-09,9.07,8.55,8.76,990730
equity,INE958L01034,2026-09-10,8.87,8.33,8.51,1967836
equity,INE958L01034,2026-09-11,8.46,8.09,8.13,1357357
equity,INE958L01034,2026-09-15,8.53,8.1,8.43,1700647
equity,INE155E01016,2026-09-08,1326.5,1326.5,1326.5,1886
equity,INE155E01016,2026-09-09,1353,1353,1353,1849
equity,INE155E01016,2026-09-10,1380.05,1380.05,1380.05,1632
equity,INE155E01016,2026-09-11,1407.65,1407.65,1407.65,11577
equity,INE155E01016,2026-09-15,1379.5,1379.5,1379.5,3404
equity,INE0PT501018,2026-09-07,239.5,232,233.73,88487
equity,INE0PT501018,2026-09-08,235.93,230.3,232.47,52015
equity,INE0PT501018,2026-09-09,232,225,226.04,88798
equity,INE0PT501018,2026-09-10,228.99,217.6,221.04,35143
equity,INE0PT501018,2026-09-11,223,218.42,221.05,33790
equity,INE0PT501018,2026-09-15,221.9,216,218.88,39048
equity,INE0PT501018,2026-09-16,220,211.41,217.03,26600
equity,INE433O01024,2026-09-08,567.2,567.2,567.2,
equity,INE433O01024,2026-09-09,567.2,567.2,567.2,
equity,INE433O01024,2026-09-10,567.2,567.2,567.2,
equity,INE433O01024,2026-09-11,567.2,567.2,567.2,
equity,INE433O01024,2026-09-14,567.2,567.2,567.2,
equity,INE433O01024,2026-09-15,567.2,567.2,567.2,
equity,INE056801025,2026-09-07,235.95,225.65,227.02,114721
equity,INE056801025,2026-09-08,238.8,227.06,235.31,253667
equity,INE056801025,2026-09-09,237.2,232.1,233.71,80752
equity,INE056801025,2026-09-10,237.29,226,226.62,83324
equity,INE056801025,2026-09-11,229.27,219.6,223.35,119413
equity,INE056801025,2026-09-14,223.35,223.35,223.35,
equity,INE056801025,2026-09-15,233.78,223.35,225.7,112181
equity,INE056801025,2026-09-16,235.99,226,230.45,273584
equity,INE142Q01026,2026-09-08,147.99,145.25,146.5,152179
equity,INE142Q01026,2026-09-09,144.1,138.4,139.35,1328109
equity,INE142Q01026,2026-09-10,141.3,138.07,138.28,341494
equity,INE142Q01026,2026-09-11,138.13,135.75,136.38,349596
equity,INE142Q01026,2026-09-15,138.89,134,134.14,354017
equity,INE142Q01026,2026-09-16,145.61,132.06,136.52,3167561
equity,INE680A01011,2026-09-07,31.99,30.97,31.36,691890
equity,INE680A01011,2026-09-08,31.42,30.95,31.11,342786
equity,INE680A01011,2026-09-09,31.12,30.5,30.68,304141
equity,INE680A01011,2026-09-10,31.07,30.35,30.73,221381
equity,INE680A01011,2026-09-11,31.5,30.15,31.15,372461
equity,INE680A01011,2026-09-15,31.3,29.54,29.79,593184
equity,INE680A01011,2026-09-16,30.18,29.05,29.42,511194
equity,INE994E01018,2026-09-08,1560,1426.5,1457.35,4552
equity,INE994E01018,2026-09-09,1498,1448.15,1472.1,1878
equity,INE994E01018,2026-09-10,1491.3,1432.6,1446.4,580
equity,INE994E01018,2026-09-11,1442.6,1390,1423.95,4503
equity,INE994E01018,2026-09-15,1471.95,1352.05,1355,3767
equity,INE881E01017,2026-09-08,12043.8496,12043.8496,12043.8496,282
equity,INE881E01017,2026-09-09,12284.7002,11803,11806,4051
equity,INE881E01017,2026-09-10,12042.0996,11569.9004,12042.0996,1645
equity,INE881E01017,2026-09-11,11979,11801.2998,11801.2998,958
equity,INE881E01017,2026-09-15,11565.2998,11565.2998,11565.2998,152
equity,INE302D01024,2026-09-08,192.15,179.35,183.85,263617
equity,INE302D01024,2026-09-09,191.35,181.85,184.9,141599
equity,INE302D01024,2026-09-10,191,176.15,177.45,191889
equity,INE302D01024,2026-09-11,180.85,172.4,177.15,126557
equity,INE302D01024,2026-09-15,182.55,170.1,171.5,49301
equity,INE822G01016,2026-09-08,981.3,961.2,964.6,6936
equity,INE822G01016,2026-09-09,971.9,950,965,10148
equity,INE822G01016,2026-09-10,968.3,940,943,13574
equity,INE822G01016,2026-09-11,972,934.65,956.3,225365
equity,INE822G01016,2026-09-15,988.3,926.5,945.35,16105
equity,INE822G01016,2026-09-16,957.9,916.05,941.15,6788
equity,INE966A01022,2026-09-08,70.95,68.9,70.7,128937
equity,INE966A01022,2026-09-09,70.7,69,69.38,76139
equity,INE966A01022,2026-09-10,70.95,69.01,69.77,80374
equity,INE966A01022,2026-09-11,69.98,68.02,69.32,89632
equity,INE966A01022,2026-09-15,69.82,68.01,68.25,126104
equity,INE966A01022,2026-09-16,68.43,66.21,67.47,127563
equity,INE967G01019,2026-09-08,11700,11700,11700,
equity,INE967G01019,2026-09-09,11700,11700,11700,
equity,INE967G01019,2026-09-10,11700,11700,11700,
equity,INE967G01019,2026-09-11,10900,9800,10900,18
equity,INE967G01019,2026-09-15,10954.5,10300,10300,20
equity,INE754D01018,2026-09-08,1595,1453.5,1488.45,788
equity,INE754D01018,2026-09-09,1488,1414.05,1416.45,827
equity,INE754D01018,2026-09-10,1466.3,1400,1413.8,708
equity,INE754D01018,2026-09-11,1449,1343.5,1393.3,1743
equity,INE754D01018,2026-09-15,1459,1323.65,1325,676
equity,INE316L01019,2026-09-08,179.59,175,176.19,68008
equity,INE316L01019,2026-09-09,177.88,170.23,171.84,154260
equity,INE316L01019,2026-09-10,175.73,171,173.2,111621
equity,INE316L01019,2026-09-11,173.89,168.5,172.48,90466
equity,INE316L01019,2026-09-14,172.48,172.48,172.48,
equity,INE316L01019,2026-09-15,179.7,166.1,168.08,170021
equity,INE316L01019,2026-09-16,171.09,163.62,167.69,118340
equity,INE285B01017,2026-09-08,9.7,9.45,9.59,4310463
equity,INE285B01017,2026-09-09,9.51,9.32,9.39,5439189
equity,INE285B01017,2026-09-10,9.39,8.85,8.89,8681865
equity,INE285B01017,2026-09-11,8.82,8.43,8.55,10298080
equity,INE285B01017,2026-09-15,8.59,8,8.02,10736207
equity,INE405C01035,2026-09-08,646.5603,631.6527,637.9847,110673
equity,INE405C01035,2026-09-09,641.0759,630.5558,635.6912,31329
equity,INE405C01035,2026-09-10,645.2141,629.2097,632.6,27777
equity,INE405C01035,2026-09-11,635,619.1,623.5,34328
equity,INE405C01035,2026-09-15,630.9,600,602.6,62529
equity,INE405C01035,2026-09-16,609.95,586.1,590.7,33074
equity,INE458B01036,2026-09-08,392.05,380,392.05,194589
equity,INE458B01036,2026-09-09,411.65,391,411.65,471785
equity,INE458B01036,2026-09-10,432.2,415.75,432.2,487769
equity,INE458B01036,2026-09-11,431.75,410.6,422.55,540725
equity,INE458B01036,2026-09-14,422.55,422.55,422.55,
equity,INE458B01036,2026-09-15,429,401.55,405,183392
equity,INE458B01036,2026-09-16,425.25,387,425.25,328669
equity,INE497S01012,2026-09-07,248,241.31,244.95,86089
equity,INE497S01012,2026-09-08,246.89,240,244.37,57244
equity,INE497S01012,2026-09-09,244.19,237.5,238.46,53461
equity,INE497S01012,2026-09-10,240.6,233.91,235.82,78228
equity,INE497S01012,2026-09-11,237.9,230.82,233.65,93278
equity,INE497S01012,2026-09-15,236.89,225.02,226.63,65919
equity,INE497S01012,2026-09-16,258.87,224,236.94,9405915
equity,INE563J01010,2026-09-07,559.3,540,552.35,41084
equity,INE563J01010,2026-09-08,662.8,551.2,662.8,1270916
equity,INE563J01010,2026-09-09,779.35,690,761,5356635
equity,INE563J01010,2026-09-10,751,693.4,715.8,524163
equity,INE563J01010,2026-09-11,722.4,694,699.8,83837
equity,INE563J01010,2026-09-15,708.7,663.05,673.7,47020
equity,INE563J01010,2026-09-16,673.6,640.55,661.95,34108
equity,INE1SJO01012,2026-09-07,288.3,270.4,276.32,1832168
equity,INE1SJO01012,2026-09-08,283.95,266.94,275.04,848380
equity,INE1SJO01012,2026-09-09,285,271.13,277.98,714676
equity,INE1SJO01012,2026-09-10,289,263,267.51,742523
equity,INE1SJO01012,2026-09-11,273.96,261,269.28,368989
equity,INE1SJO01012,2026-09-15,269.17,250,253.22,537792
equity,INE1SJO01012,2026-09-16,258,242.01,252.05,333114
equity,INE533D01032,2026-09-08,21.9,21.22,21.34,2147
equity,INE533D01032,2026-09-09,21.75,21.02,21.42,1165
equity,INE533D01032,2026-09-10,21.79,21.1,21.19,2427
equity,INE533D01032,2026-09-11,21.39,20.78,21.1,8744
equity,INE533D01032,2026-09-15,21.45,20.87,20.97,2090
equity,INE533D01032,2026-09-16,20.97,20.58,20.91,2601
equity,INE570D01018,2026-09-08,818.9323,786.1353,795.7756,14571
equity,INE570D01018,2026-09-09,805.0185,787.6261,798.0615,9843
equity,INE570D01018,2026-09-10,812.8699,771.3269,786.831,17443
equity,INE570D01018,2026-09-11,813.9134,775.203,808,19342
equity,INE570D01018,2026-09-14,808,808,808,
equity,INE570D01018,2026-09-15,883.85,815.25,838.55,225224
equity,INE570D01018,2026-09-16,952.75,827,907.45,311513
equity,INE835G01018,2026-09-08,813.6,801.55,804.9,4118
equity,INE835G01018,2026-09-09,818.55,800,802.7,5053
equity,INE835G01018,2026-09-10,810.7,800,802.7,3897
equity,INE835G01018,2026-09-11,802.7,795.15,797.3,1925
equity,INE835G01018,2026-09-15,806.95,795,799.5,2913
equity,INE835G01018,2026-09-16,803.5,783.2,792.5,2974
equity,INE535D01037,2026-09-08,67.45,63.19,65.44,1146304
equity,INE535D01037,2026-09-09,67.4,64.37,65.67,863803
equity,INE535D01037,2026-09-10,67.18,64.66,65.07,325196
equity,INE535D01037,2026-09-11,65.55,63.27,64.29,258884
equity,INE535D01037,2026-09-15,64.68,62.57,63.01,289946
equity,INE535D01037,2026-09-16,63.32,60.15,62.13,267153
equity,INE0NG701011,2026-09-07,281.08,236.58,279.83,13668382
equity,INE0NG701011,2026-09-08,291.99,260.56,266.7,10431097
equity,INE0NG701011,2026-09-09,293.37,268.52,293.37,5261019
equity,INE0NG701011,2026-09-10,304.8,278.3,285.59,4898567
equity,INE0NG701011,2026-09-11,288.89,270,271.34,1232212
equity,INE0NG701011,2026-09-14,271.34,271.34,271.34,
equity,INE0NG701011,2026-09-15,292.94,271,276.09,2631980
equity,INE0NG701011,2026-09-16,288,248.49,283.03,2262740
equity,INE828A01016,2026-09-08,947,907,936.85,14559
equity,INE828A01016,2026-09-09,1124.2,915.1,1108.2,191572
equity,INE828A01016,2026-09-10,1150,1055,1081.7,50377
equity,INE828A01016,2026-09-11,1097,1030.2,1073,17520
equity,INE828A01016,2026-09-15,1095.5,1025,1027.55,12076
equity,INE828A01016,2026-09-16,1081.75,995,1036.25,12435
equity,INE963C01033,2026-09-08,500,494,497.3,7008
equity,INE963C01033,2026-09-09,494.95,481,484.8,9833
equity,INE963C01033,2026-09-10,492.25,482.1,486.4,8746
equity,INE963C01033,2026-09-11,498.9,474.05,489.45,13163
equity,INE963C01033,2026-09-15,491.45,465,467.85,16501
equity,INE963C01033,2026-09-16,475.05,445,447.2,33939
equity,INE01GN01025,2026-09-08,62.5,60.71,61.62,321368
equity,INE01GN01025,2026-09-09,62.58,60.61,61.3,528736
equity,INE01GN01025,2026-09-10,63.8,60.7,62.29,1407913
equity,INE01GN01025,2026-09-11,62.84,60.9,61.47,437736
equity,INE01GN01025,2026-09-15,62.42,57.21,58.09,514737
equity,INE01GN01025,2026-09-16,59,55.62,58.18,724226
equity,INE073V01015,2026-09-07,304,291.8,294.2,242835
equity,INE073V01015,2026-09-08,307.2,286.1,301.85,1546418
equity,INE073V01015,2026-09-09,307,298.3,301.15,618722
equity,INE073V01015,2026-09-10,304.45,297.05,299,468907
equity,INE073V01015,2026-09-11,304.9,297.1,299.15,71613
equity,INE073V01015,2026-09-15,303,281.35,289.8,208274
equity,INE073V01015,2026-09-16,301.45,271,294.75,839631
equity,INE737G01016,2026-09-08,57.95,57.95,57.95,
equity,INE737G01016,2026-09-09,58,58,58,100
equity,INE737G01016,2026-09-10,58,58,58,100
equity,INE737G01016,2026-09-11,60,60,60,200
equity,INE737G01016,2026-09-15,60,60,60,100
equity,INE0ORA01015,2026-09-08,1265,1189.6,1210.65,16200
equity,INE0ORA01015,2026-09-09,1271.15,1220,1270.9,19200
equity,INE0ORA01015,2026-09-10,1334.4,1285,1334.4,16000
equity,INE0ORA01015,2026-09-11,1394,1300.6,1342.75,15000
equity,INE0ORA01015,2026-09-15,1383.95,1275.65,1279.95,5100
equity,INE184H01027,2026-09-07,106.42,102.91,104.7,182166
equity,INE184H01027,2026-09-08,104.6,102.3,103.14,162005
equity,INE184H01027,2026-09-09,104.75,102.81,103.3,83747
equity,INE184H01027,2026-09-10,104.08,102,102.39,89007
equity,INE184H01027,2026-09-11,102.61,100,101.8,101748
equity,INE184H01027,2026-09-14,101.8,101.8,101.8,
equity,INE184H01027,2026-09-15,102.39,98.1,98.8,215796
equity,INE184H01027,2026-09-16,99.7,96.49,98.75,186889
equity,INE148A01019,2026-09-07,135.5,130.77,131.73,701145
equity,INE148A01019,2026-09-08,146.99,130.25,139.18,6949799
equity,INE148A01019,2026-09-09,144.75,136.45,137.6,1993687
equity,INE148A01019,2026-09-10,139.69,132.14,133.14,854501
equity,INE148A01019,2026-09-11,146,126.41,128.9,5650401
equity,INE148A01019,2026-09-15,132.9,122.68,125.71,1021991
equity,INE148A01019,2026-09-16,128.9,120.2,127.72,947864
equity,INE258R01028,2026-09-08,49.95,47.25,48.26,59894
equity,INE258R01028,2026-09-09,49.62,46.7,47.61,47920
equity,INE258R01028,2026-09-10,54.9,47.81,52.88,243844
equity,INE258R01028,2026-09-11,55.57,51,53.43,81729
equity,INE258R01028,2026-09-15,55.99,50.71,52.2,81349
equity,INE950M01013,2026-09-07,584,571.55,575.45,61489
equity,INE950M01013,2026-09-08,576.7,554.8,558.5,99569
equity,INE950M01013,2026-09-09,563.8,548.35,553.3,88323
equity,INE950M01013,2026-09-10,560.6,553,556.05,28781
equity,INE950M01013,2026-09-11,557.8,548,555.45,35635
equity,INE950M01013,2026-09-15,560.9,548,552.35,63656
equity,INE950M01013,2026-09-16,570,540.05,549.95,50115
equity,INE197A01024,2026-09-08,10.85,10.05,10.42,14533173
equity,INE197A01024,2026-09-09,10.47,10,10.08,4126612
equity,INE197A01024,2026-09-10,10.23,9.93,9.98,3647204
equity,INE197A01024,2026-09-11,9.97,9.55,9.69,7294287
equity,INE197A01024,2026-09-14,9.69,9.69,9.69,
equity,INE197A01024,2026-09-15,9.9,9.04,9.21,10215578
equity,INE197A01024,2026-09-16,9.25,8.9,9.02,8018275
equity,INE284B01028,2026-09-08,111.8,108.65,109.25,49148
equity,INE284B01028,2026-09-09,110.2,106.3,106.85,28072
equity,INE284B01028,2026-09-10,109.5,105.8,107.5,29847
equity,INE284B01028,2026-09-11,107.1,104,105.75,38893
equity,INE284B01028,2026-09-15,108,103.5,104.05,30879
equity,INE484I01029,2026-09-07,126,122.77,123.98,117683
equity,INE484I01029,2026-09-08,124.39,121.1,121.71,137481
equity,INE484I01029,2026-09-09,122.12,119.2,119.91,107492
equity,INE484I01029,2026-09-10,121.74,117.5,118.05,86119
equity,INE484I01029,2026-09-11,119.9,114.54,116.81,166363
equity,INE484I01029,2026-09-15,118.17,112.4,113.69,244954
equity,INE484I01029,2026-09-16,114.96,111.61,112.81,126301
equity,INE658G01014,2026-09-08,83.4,78.35,79.63,555238
equity,INE658G01014,2026-09-09,80.85,77,79.19,697277
equity,INE658G01014,2026-09-10,79.59,75.5,76.63,288268
equity,INE658G01014,2026-09-11,76.69,74,74.81,418767
equity,INE658G01014,2026-09-15,75.55,71.07,71.07,351889
equity,INE658G01014,2026-09-16,74.62,67.6,74.62,574738
equity,INE02L001032,2026-09-07,133.32,129.21,130.65,30777
equity,INE02L001032,2026-09-08,132.5,127,129.63,41466
equity,INE02L001032,2026-09-09,130.54,126.99,127.19,30256
equity,INE02L001032,2026-09-10,130.18,124.7,125.29,124569
equity,INE02L001032,2026-09-11,126.9,123.9,125.28,17100
equity,INE02L001032,2026-09-14,125.28,125.28,125.28,
equity,INE02L001032,2026-09-15,126.89,118.61,120.02,61828
equity,INE02L001032,2026-09-16,122.9,115.54,118.52,58547
equity,INE346W01013,2026-09-08,385.4014,363.6452,381.676,296621
equity,INE346W01013,2026-09-09,383.4145,373.5299,378.05,93004
equity,INE346W01013,2026-09-10,378.6,373.45,374.7,50528
equity,INE346W01013,2026-09-11,371.95,366.25,368.5,64885
equity,INE346W01013,2026-09-15,369.7,355,358.95,81885
equity,INE346W01013,2026-09-16,366.2,341.05,347.95,151672
equity,INE0XBS01012,2026-09-07,535.05,491.95,508.5,321500
equity,INE0XBS01012,2026-09-08,564.9,509.05,548.15,254500
equity,INE0XBS01012,2026-09-09,576,543,573.6,147500
equity,INE0XBS01012,2026-09-10,592.9,500,540.3,155500
equity,INE0XBS01012,2026-09-11,554,521.25,542.55,134000
equity,INE0XBS01012,2026-09-15,569.7,521.6,522.5,85500
equity,INE0XBS01012,2026-09-16,534.9,487.25,530.5,236000
equity,INE520Y01019,2026-09-08,733,720,730.35,9205
equity,INE520Y01019,2026-09-09,745,723,725.7,9869
equity,INE520Y01019,2026-09-10,760,721,727.9,17732
equity,INE520Y01019,2026-09-11,739,721,730.1,11852
equity,INE520Y01019,2026-09-15,728,691.25,695.55,33055
equity,INE520Y01019,2026-09-16,690.4,668.2,671.8,43401
equity,INE255D01024,2026-09-07,187.55,182.35,183.04,121930
equity,INE255D01024,2026-09-08,184.2,180,181.96,195570
equity,INE255D01024,2026-09-09,183.1,179.2,179.86,155791
equity,INE255D01024,2026-09-10,180.75,176.4,176.68,155336
equity,INE255D01024,2026-09-11,176.62,173,174.84,160780
equity,INE255D01024,2026-09-15,176,169.2,170.03,150847
equity,INE255D01024,2026-09-16,170.6,165.06,168.89,135546
equity,INE02NC01014,2026-09-08,142.37,137.5,139.97,223021
equity,INE02NC01014,2026-09-09,140,137.1,137.64,105045
equity,INE02NC01014,2026-09-10,141.54,137.41,139.95,463691
equity,INE02NC01014,2026-09-11,141.78,137.21,139.83,229846
equity,INE02NC01014,2026-09-15,141.96,137.03,137.73,136375
equity,INE02NC01014,2026-09-16,146.8,135.2,136.05,504273
equity,INE701A01023,2026-09-08,3680,3576,3631.3999,754
equity,INE701A01023,2026-09-09,3681,3420.2,3453.6001,3434
equity,INE701A01023,2026-09-10,3549.8999,3404.5,3443,512
equity,INE701A01023,2026-09-11,3483.3999,3407,3447.8999,337
equity,INE701A01023,2026-09-15,3470,3382.1001,3403,495
equity,INE701A01023,2026-09-16,3436.3999,3358,3396.8,199
equity,INE07U701015,2026-09-07,286.464,279.5013,282.9827,64263
equity,INE07U701015,2026-09-08,285.917,278.5067,280.7447,76125
equity,INE07U701015,2026-09-09,284.3255,279.5014,281.3415,58949
equity,INE07U701015,2026-09-10,285.1709,277.3131,279.75,71084
equity,INE07U701015,2026-09-11,284.9,274.3,280.25,57018
equity,INE07U701015,2026-09-15,283.4,265.05,266.5,78878
equity,INE07U701015,2026-09-16,267.9,258.45,264.15,59978
equity,INE895B01021,2026-09-08,139.9455,138.0372,139.143,68578
equity,INE895B01021,2026-09-09,140.2293,137.2053,138.0176,97808
equity,INE895B01021,2026-09-10,140.1706,137.1173,137.45,120378
equity,INE895B01021,2026-09-11,138.9,135.8,137.48,105141
equity,INE895B01021,2026-09-14,137.48,137.48,137.48,
equity,INE895B01021,2026-09-15,137.8,133,133.49,98326
equity,INE895B01021,2026-09-16,134.01,130,132.08,117220
equity,INE374E01021,2026-09-08,54.5,50.59,53.1,391183
equity,INE374E01021,2026-09-09,59.26,53.1,55.74,1169430
equity,INE374E01021,2026-09-10,58.49,55,55.99,225053
equity,INE374E01021,2026-09-11,56.35,53.55,54.38,215461
equity,INE374E01021,2026-09-15,56,50.57,51.21,201159
equity,INE701G01012,2026-09-08,1760,1740,1758.35,448
equity,INE701G01012,2026-09-09,1757.95,1686,1699.1,1260
equity,INE701G01012,2026-09-10,1735.05,1685,1705.2,1137
equity,INE701G01012,2026-09-11,1720,1651,1713,577
equity,INE701G01012,2026-09-15,1710,1675.65,1710,553
equity,INE0JYY01029,2026-09-08,39.35,37.51,37.65,242086
equity,INE0JYY01029,2026-09-09,38.5,37.2,37.76,254374
equity,INE0JYY01029,2026-09-10,43.93,37.43,39.56,18773791
equity,INE0JYY01029,2026-09-11,41.9,38.25,40.6,1344494
equity,INE0JYY01029,2026-09-15,48,39.29,41.03,7108354
equity,INE0JYY01029,2026-09-16,41.26,38.52,39.74,1184603
equity,INE0PRF01011,2026-09-08,723,698,717.15,15500
equity,INE0PRF01011,2026-09-09,723,706,720,3500
equity,INE0PRF01011,2026-09-10,728,706,724.95,15000
equity,INE0PRF01011,2026-09-11,718.8,710,712,7500
equity,INE0PRF01011,2026-09-15,721,686,688.15,10000
equity,INE072A01029,2026-09-08,31.89,25.8,27.38,8024931
equity,INE072A01029,2026-09-09,29.4,26.5,27.11,1181593
equity,INE072A01029,2026-09-10,27.7,25.16,25.62,1848626
equity,INE072A01029,2026-09-11,27.25,24.3,26.9,2917397
equity,INE072A01029,2026-09-15,27.2,26.22,26.74,287871
equity,INE794B01026,2026-09-07,96.01,90.1,91.81,181918
equity,INE794B01026,2026-09-08,95,91.9,93.42,310562
equity,INE794B01026,2026-09-09,94.9,91.75,92.85,83298
equity,INE794B01026,2026-09-10,93.19,91.35,91.81,78249
equity,INE794B01026,2026-09-11,91.89,89.21,90.63,168159
equity,INE794B01026,2026-09-14,90.63,90.63,90.63,
equity,INE794B01026,2026-09-15,98,90.51,95.48,1605822
equity,INE794B01026,2026-09-16,96.42,91.8,92.1,211758
equity,INE671K01027,2026-09-08,376.05,370,374.15,1676
equity,INE671K01027,2026-09-09,373.95,370.4,371.75,6312
equity,INE671K01027,2026-09-10,377,372.7,375,5904
equity,INE671K01027,2026-09-11,378,375,377.5,5233
equity,INE671K01027,2026-09-15,379.95,361.7,364.95,4274
equity,INE0OLH01013,2026-09-08,1109.8,1090,1099.45,6600
equity,INE0OLH01013,2026-09-09,1121.95,1033,1093,2475
equity,INE0OLH01013,2026-09-10,1123,1090,1095.6,7260
equity,INE0OLH01013,2026-09-11,1110,1090.1,1105,2805
equity,INE0OLH01013,2026-09-15,1099.95,1030,1035.05,3630
equity,INE046A01015,2026-09-07,753,730,732.4,83105
equity,INE046A01015,2026-09-08,739.45,727.2,729.7,35438
equity,INE046A01015,2026-09-09,738.3,723.3,724.95,44392
equity,INE046A01015,2026-09-10,733.85,711,714.85,52712
equity,INE046A01015,2026-09-11,714.5,704.55,710.75,35302
equity,INE046A01015,2026-09-15,719.7,694.7,697.25,36914
equity,INE046A01015,2026-09-16,708.95,681,693.65,38754
equity,INE869Y01028,2026-09-07,60.5,57.61,58.43,4643901
equity,INE869Y01028,2026-09-08,59.62,58,58.17,869954
equity,INE869Y01028,2026-09-09,58.5,57.36,57.45,487518
equity,INE869Y01028,2026-09-10,57.89,57,57.12,345675
equity,INE869Y01028,2026-09-11,57,56,56.08,1259812
equity,INE869Y01028,2026-09-15,56.98,55.1,55.52,967188
equity,INE869Y01028,2026-09-16,57,54.25,56.48,967666
equity,INE866K01023,2026-09-08,267.4,261.2,262.05,52149
equity,INE866K01023,2026-09-09,270,259.1,261.1,83420
equity,INE866K01023,2026-09-10,262.95,257.5,258.25,59046
equity,INE866K01023,2026-09-11,261.95,251,251.95,206769
equity,INE866K01023,2026-09-15,259.5,245.1,249.4,92977
equity,INE866K01023,2026-09-16,253.2,241.1,246.95,74225
equity,INE800A01015,2026-09-08,339.9,339.9,339.9,50176
equity,INE800A01015,2026-09-09,356.85,326,356.85,1334884
equity,INE800A01015,2026-09-10,374.65,360.4,374.65,929542
equity,INE800A01015,2026-09-11,393.35,362.25,392.35,996485
equity,INE800A01015,2026-09-15,411.95,372.75,377.95,1025099
equity,INE800A01015,2026-09-16,395,359.1,382.55,734775
equity,INE062D01024,2026-09-08,700,670,695.45,29919
equity,INE062D01024,2026-09-09,743,663,737.65,108118
equity,INE062D01024,2026-09-10,763.9,735,740.6,53814
equity,INE062D01024,2026-09-11,743.85,712.4,733.4,18905
equity,INE062D01024,2026-09-15,739.95,690,697.2,11860
equity,INE062D01024,2026-09-16,708.75,672.9,688.35,30852
equity,INE082A01010,2026-09-08,249.99,235,239.51,809220
equity,INE082A01010,2026-09-09,238.9,231.39,234.37,363944
equity,INE082A01010,2026-09-10,242.9,234.3,235.82,282347
equity,INE082A01010,2026-09-11,237.6,226.2,235.26,399882
equity,INE082A01010,2026-09-14,235.26,235.26,235.26,
equity,INE082A01010,2026-09-15,267,233.15,249.9,15857726
equity,INE082A01010,2026-09-16,274.78,237.78,260.86,14223879
equity,INE672B01032,2026-09-07,117.94,111.41,116.04,1017431
equity,INE672B01032,2026-09-08,115.99,112.3,112.8,319567
equity,INE672B01032,2026-09-09,113.07,109.33,109.83,418680
equity,INE672B01032,2026-09-10,111.08,108.41,109.17,231004
equity,INE672B01032,2026-09-11,109.01,105.1,106.64,457549
equity,INE672B01032,2026-09-15,108.24,103.09,103.8,299371
equity,INE672B01032,2026-09-16,103.67,98.96,102.06,296079
equity,INE577L01016,2026-09-08,615.1,597.2,601.4,2050
equity,INE577L01016,2026-09-09,607.6,577.6,590,4063
equity,INE577L01016,2026-09-10,603.75,579.2,590.2,4036
equity,INE577L01016,2026-09-11,620.6,589,611.1,4670
equity,INE577L01016,2026-09-15,611.1,581.5,597.9,3096
equity,INE577L01016,2026-09-16,605,596,602.05,4630
equity,INE295F01017,2026-09-08,630,609.7,614.55,20105
equity,INE295F01017,2026-09-09,620,610.05,616.3,8492
equity,INE295F01017,2026-09-10,621.7,608.1,610.35,5449
equity,INE295F01017,2026-09-11,610.1,579.95,586.25,36028
equity,INE295F01017,2026-09-15,634.8,577.05,580.25,89943
equity,INE295F01017,2026-09-16,590,566,576.85,14047
equity,INE00EV01017,2026-09-08,377,358,371.7,141126
equity,INE00EV01017,2026-09-09,372,365,366.15,89526
equity,INE00EV01017,2026-09-10,369.75,360.15,361.8,46893
equity,INE00EV01017,2026-09-11,364.95,351,359.2,66567
equity,INE00EV01017,2026-09-15,358.95,348.5,351.6,64036
equity,INE00EV01017,2026-09-16,356.95,346.1,350.35,104806
equity,INE083B01024,2026-09-08,134.9,129.01,132.17,335531
equity,INE083B01024,2026-09-09,136.2,130.94,132.71,305033
equity,INE083B01024,2026-09-10,134,131.5,132.07,80188
equity,INE083B01024,2026-09-11,132.02,126.16,128.25,110605
equity,INE083B01024,2026-09-15,129.85,120.1,121.57,127347
equity,INE083B01024,2026-09-16,123.48,116,119.76,61249
equity,INE833A01016,2026-09-08,2420,2382,2385,323
equity,INE833A01016,2026-09-09,2355,2337.3,2337.3,477
equity,INE833A01016,2026-09-10,2300.05,2290.6499,2300.05,737
equity,INE833A01016,2026-09-11,2299.95,2261.2,2299.95,536
equity,INE833A01016,2026-09-15,2299.95,2259,2259,231
equity,INE390H01020,2026-09-08,40.95,39.6,40.25,844372
equity,INE390H01020,2026-09-09,40.89,39,39.38,732140
equity,INE390H01020,2026-09-10,40.72,38.5,39.22,519572
equity,INE390H01020,2026-09-11,40,37.65,39.09,860023
equity,INE390H01020,2026-09-15,39.7,38.1,38.66,432685
equity,INE390H01020,2026-09-16,39,36.76,38.83,1085219
equity,INE0HLJ01013,2026-09-08,498,451.3,491.3,20820
equity,INE0HLJ01013,2026-09-09,511.4,466.75,506.5,25725
equity,INE0HLJ01013,2026-09-10,520,481.65,510.05,13384
equity,INE0HLJ01013,2026-09-11,510,484.65,510,14907
equity,INE0HLJ01013,2026-09-15,521.5,500,500,9241
equity,INE232A01011,2026-09-08,72.2115,70.022,71.6,73777
equity,INE232A01011,2026-09-09,72,70.6,70.96,94661
equity,INE232A01011,2026-09-10,71.47,68.4,69.09,114970
equity,INE232A01011,2026-09-11,69.51,68,68.49,56640
equity,INE232A01011,2026-09-15,70,65.46,65.87,130681
equity,INE232A01011,2026-09-16,67.5,65,66.19,85455
equity,INE451C01013,2026-09-08,1800.55,1767.2,1776.8,217
equity,INE451C01013,2026-09-09,1798.9,1731,1792,260
equity,INE451C01013,2026-09-10,1800.95,1751,1752.5,116
equity,INE451C01013,2026-09-11,1929,1725.05,1799.6,951
equity,INE451C01013,2026-09-15,1800.6,1725.05,1737.8,469
equity,INE660C01027,2026-09-08,22.85,22.25,22.57,122608
equity,INE660C01027,2026-09-09,22.63,22.07,22.4,151636
equity,INE660C01027,2026-09-10,22.68,21.7,21.91,617593
equity,INE660C01027,2026-09-11,22.99,21.7,22.34,104669
equity,INE660C01027,2026-09-15,22.54,21.57,21.65,128168
equity,INE660C01027,2026-09-16,21.99,20.92,21.52,150400
equity,INE677D01037,2026-09-07,92.93,87,88.86,1260805
equity,INE677D01037,2026-09-08,100,87.79,92.09,4022552
equity,INE677D01037,2026-09-09,96.5,90.64,93.07,1314880
equity,INE677D01037,2026-09-10,94.05,90.81,92.35,627564
equity,INE677D01037,2026-09-11,93.4,88.77,90.61,346480
equity,INE677D01037,2026-09-14,90.61,90.61,90.61,
equity,INE677D01037,2026-09-15,90.38,83.45,87.55,1302449
equity,INE677D01037,2026-09-16,89,84.84,85.38,496413
equity,INE0WO601020,2026-09-07,200.01,196.75,197.73,26034
equity,INE0WO601020,2026-09-08,200,193.1,199.25,87536
equity,INE0WO601020,2026-09-09,201.79,195.68,201.14,102202
equity,INE0WO601020,2026-09-10,205,199.75,202.56,94776
equity,INE0WO601020,2026-09-11,204,197.01,202.84,52887
equity,INE0WO601020,2026-09-15,205,196,197.46,65633
equity,INE0WO601020,2026-09-16,198.56,190.81,195.43,50757
equity,INE041A01016,2026-09-07,176.89,170.5,171.28,893333
equity,INE041A01016,2026-09-08,173.75,166.95,168.88,450077
equity,INE041A01016,2026-09-09,171.4,165.51,170.93,465136
equity,INE041A01016,2026-09-10,172.79,165.25,166.33,379032
equity,INE041A01016,2026-09-11,168.35,162,163.59,644277
equity,INE041A01016,2026-09-14,163.59,163.59,163.59,
equity,INE041A01016,2026-09-15,165,155,156.61,529298
equity,INE041A01016,2026-09-16,157.4,150.1,152.74,664942
equity,INE866R01028,2026-09-08,522.45,514,516.05,13400
equity,INE866R01028,2026-09-09,528.3,508,515.75,15412
equity,INE866R01028,2026-09-10,514.95,508.6,510.6,7124
equity,INE866R01028,2026-09-11,519,502.65,514.8,11096
equity,INE866R01028,2026-09-15,516.55,492,497.8,13536
equity,INE866R01028,2026-09-16,536,497.8,533.4,40915
equity,INE524B01027,2026-09-08,904,878,892.95,4925
equity,INE524B01027,2026-09-09,902,883,898.8,6229
equity,INE524B01027,2026-09-10,902.95,889.1,899.3,2826
equity,INE524B01027,2026-09-11,899.3,886,887.75,3500
equity,INE524B01027,2026-09-15,887.75,870.05,871.2,3736
equity,INE524B01027,2026-09-16,914.5,850,900.9,9851
equity,INE0PPK01015,2026-09-07,237.9,234,235.16,122613
equity,INE0PPK01015,2026-09-08,237,232,233.43,60257
equity,INE0PPK01015,2026-09-09,233.52,229,229.65,89252
equity,INE0PPK01015,2026-09-10,244.17,230,235.36,266345
equity,INE0PPK01015,2026-09-11,274.5,233.7,249.64,8430139
equity,INE0PPK01015,2026-09-14,249.64,249.64,249.64,
equity,INE0PPK01015,2026-09-15,256,240.25,242.28,345230
equity,INE0PPK01015,2026-09-16,245.76,230.56,233.32,241264
equity,INE557A01011,2026-09-08,1457.3,1425,1433.2,6962
equity,INE557A01011,2026-09-09,1432.8,1394,1407.8,6435
equity,INE557A01011,2026-09-10,1505,1410,1434.6,22823
equity,INE557A01011,2026-09-11,1465,1404,1448.4,10843
equity,INE557A01011,2026-09-15,1459,1385.9,1395.5,8252
equity,INE557A01011,2026-09-16,1407.3,1345,1387.1,11149
equity,INE999K01014,2026-09-08,9.29,9.1,9.14,2268132
equity,INE999K01014,2026-09-09,10.49,9.06,9.54,46749101
equity,INE999K01014,2026-09-10,9.59,9.35,9.36,3898629
equity,INE999K01014,2026-09-11,9.48,9.2,9.31,1717718
equity,INE999K01014,2026-09-14,9.31,9.31,9.31,
equity,INE999K01014,2026-09-15,9.36,8.88,9.09,2901357
equity,INE999K01014,2026-09-16,9.21,8.91,9.06,2506909
equity,INE0WKY01013,2026-09-07,490,460,484.45,48000
equity,INE0WKY01013,2026-09-08,515,484.45,510.1,135000
equity,INE0WKY01013,2026-09-09,512,495.3,500.9,47000
equity,INE0WKY01013,2026-09-10,528,500,514.85,76000
equity,INE0WKY01013,2026-09-11,531,514.95,528.1,90000
equity,INE0WKY01013,2026-09-15,520.95,490,497.8,73000
equity,INE0WKY01013,2026-09-16,493,435,489.55,137000
equity,INE411U01027,2026-09-07,331.5014,318.6594,327.3203,184124
equity,INE411U01027,2026-09-08,337.1757,327.37,335.1847,196328
equity,INE411U01027,2026-09-09,337.6735,329.7592,332.1982,83482
equity,INE411U01027,2026-09-10,336.3793,330.0081,331.8,62427
equity,INE411U01027,2026-09-11,338.4,325,334.05,131431
equity,INE411U01027,2026-09-15,334.1,318.6,320.9,95072
equity,INE411U01027,2026-09-16,324,313.05,321.1,95502
equity,INE412G01024,2026-09-08,36.88,35.77,36,353778
equity,INE412G01024,2026-09-09,35.99,34.9,35.49,606197
equity,INE412G01024,2026-09-10,35.59,35.01,35.12,253699
equity,INE412G01024,2026-09-11,35.06,34.01,34.18,573427
equity,INE412G01024,2026-09-15,34.64,32.1,32.95,648439
equity,INE412G01024,2026-09-16,34.04,32.11,32.98,756852
equity,INE107A01015,2026-09-08,164.8,158.41,161.41,734222
equity,INE107A01015,2026-09-09,162.19,155,155.34,188419
equity,INE107A01015,2026-09-10,158.49,153.5,154.03,364842
equity,INE107A01015,2026-09-11,155.26,151.1,153.27,185071
equity,INE107A01015,2026-09-14,153.27,153.27,153.27,
equity,INE107A01015,2026-09-15,156.6,151.56,152.39,240597
equity,INE107A01015,2026-09-16,153.15,148.51,152.09,218621
equity,INE137I01015,2026-09-08,2042,1962,2001.4,981
equity,INE137I01015,2026-09-09,2040,1980,2026.9,1215
equity,INE137I01015,2026-09-10,2024.9,1983.1,1992.5,608
equity,INE137I01015,2026-09-11,1989.8,1885.5,1925.1,1612
equity,INE137I01015,2026-09-15,2050,1925.1,2046.2,20058
equity,INE137I01015,2026-09-16,2046.2,1916.1,1979.3,2182
equity,INE786F01031,2026-09-08,287.3336,278.5619,285.0044,175245
equity,INE786F01031,2026-09-09,287.4327,277.1248,281.238,213906
equity,INE786F01031,2026-09-10,284.4593,275.7372,279.9,179791
equity,INE786F01031,2026-09-11,287,275.8,279.85,205674
equity,INE786F01031,2026-09-14,279.85,279.85,279.85,
equity,INE786F01031,2026-09-15,280.7,255.5,256.65,240789
equity,INE786F01031,2026-09-16,258.35,244.1,250.7,243694
equity,INE694A01020,2026-09-07,4.44,4.16,4.22,17838014
equity,INE694A01020,2026-09-08,4.25,4.01,4.04,8195532
equity,INE694A01020,2026-09-09,4.1,3.88,3.92,6591605
equity,INE694A01020,2026-09-10,4.31,3.92,4.22,17405158
equity,INE694A01020,2026-09-11,4.22,4.06,4.17,3308451
equity,INE694A01020,2026-09-15,4.4,4.02,4.21,10640815
equity,INE694A01020,2026-09-16,4.55,4.15,4.46,14235489
equity,INE127B01011,2026-09-08,582,565,570,2353
equity,INE127B01011,2026-09-09,586.9,562,582.45,2753
equity,INE127B01011,2026-09-10,591.9,562,579.45,1409
equity,INE127B01011,2026-09-11,579.45,565,567.45,1520
equity,INE127B01011,2026-09-15,572,545,551.8,1883
equity,INE127B01011,2026-09-16,579,526,527.5,4707
equity,INE0R6Z01013,2026-09-07,477.45,458.1,460.05,102399
equity,INE0R6Z01013,2026-09-08,465,450.15,461.05,82127
equity,INE0R6Z01013,2026-09-09,462.9,450,452.85,43801
equity,INE0R6Z01013,2026-09-10,459.45,445.95,447.7,35913
equity,INE0R6Z01013,2026-09-11,447.7,437.15,439.35,64564
equity,INE0R6Z01013,2026-09-14,439.35,439.35,439.35,
equity,INE0R6Z01013,2026-09-15,444.6,417,419.9,63636
equity,INE0R6Z01013,2026-09-16,429.2,406.35,419.8,91639
equity,INE670O01013,2026-09-08,537.9,512.2,533.2,4549
equity,INE670O01013,2026-09-09,544.95,523.85,540.25,5593
equity,INE670O01013,2026-09-10,550,518.8,543.35,3773
equity,INE670O01013,2026-09-11,544.9,535.4,541.2,688
equity,INE670O01013,2026-09-15,547,514.15,519.35,13310
equity,INE620D01011,2026-09-08,6399.9502,5911.1001,6180,95
equity,INE620D01011,2026-09-09,6350,5912,6175,91
equity,INE620D01011,2026-09-10,6289.9502,6282.4502,6285.75,4
equity,INE620D01011,2026-09-11,6388.8999,6180,6301,9
equity,INE620D01011,2026-09-15,6350,6100,6100,27
equity,INE365Y01019,2026-09-08,1586.1264,1558.9939,1573.9843,81
equity,INE365Y01019,2026-09-09,1573.9842,1531.062,1531.2118,306
equity,INE365Y01019,2026-09-10,1645.3382,1526.8646,1549.55,38
equity,INE365Y01019,2026-09-11,1530,1457.55,1516.35,821
equity,INE365Y01019,2026-09-15,1612.95,1532.2,1546.7,222
equity,INE01BK01022,2026-09-08,372.45,361,365.75,73249
equity,INE01BK01022,2026-09-09,384,362.55,376.15,145249
equity,INE01BK01022,2026-09-10,379.55,372,373.15,43898
equity,INE01BK01022,2026-09-11,372.3,360,366.5,85509
equity,INE01BK01022,2026-09-14,366.5,366.5,366.5,
equity,INE01BK01022,2026-09-15,367.75,351.75,354.1,82561
equity,INE01BK01022,2026-09-16,355.25,337.55,345.5,191944
equity,INE0H9P01028,2026-09-07,129.5,126.1,126.32,539906
equity,INE0H9P01028,2026-09-08,134.52,126,127.22,3067027
equity,INE0H9P01028,2026-09-09,129.8,126.4,127.85,672875
equity,INE0H9P01028,2026-09-10,131.88,125.33,126.98,2028975
equity,INE0H9P01028,2026-09-11,127,122,125.46,1150625
equity,INE0H9P01028,2026-09-15,127.26,119.15,120.63,1323454
equity,INE0H9P01028,2026-09-16,121,115.75,116.53,605531
equity,INE998U01015,2026-09-07,434.95,416.05,430.35,28000
equity,INE998U01015,2026-09-08,451.05,410.05,427.2,32000
equity,INE998U01015,2026-09-09,444,427.2,436.95,32400
equity,INE998U01015,2026-09-10,438.05,432.5,437.2,11600
equity,INE998U01015,2026-09-11,436,413.6,434,12000
equity,INE998U01015,2026-09-15,438.7,429.65,435.75,13600
equity,INE414A01015,2026-09-08,66.2,64.16,64.37,63088
equity,INE414A01015,2026-09-09,64.8,61.5,63.03,66282
equity,INE414A01015,2026-09-10,63.79,62.3,62.6,54809
equity,INE414A01015,2026-09-11,62.64,61.51,61.83,52408
equity,INE414A01015,2026-09-15,62.99,60.01,60.52,36951
equity,INE414A01015,2026-09-16,61.43,59.57,60.27,48477
equity,INE0O5T01011,2026-09-08,916.6,884.85,912.75,9500
equity,INE0O5T01011,2026-09-09,932,894.5,928.85,11700
equity,INE0O5T01011,2026-09-10,924,880,893.05,3800
equity,INE0O5T01011,2026-09-11,892.95,870,880,5900
equity,INE0O5T01011,2026-09-15,891.8,854,884.8,6500
equity,INE147P01019,2026-09-08,1011.9,983.9,994.45,5471
equity,INE147P01019,2026-09-09,997.95,988,994.05,2455
equity,INE147P01019,2026-09-10,1000.5,986.1,996.7,2795
equity,INE147P01019,2026-09-11,997,984.05,989.5,822
equity,INE147P01019,2026-09-15,1030,965,967.05,23363
equity,INE147P01019,2026-09-16,990.95,961,983.7,3276
equity,INE887D01024,2026-09-07,44.2,40.65,40.95,83667
equity,INE887D01024,2026-09-08,49.1,39.35,49.05,246203
equity,INE887D01024,2026-09-09,58.8,45.7,51.75,1500125
equity,INE887D01024,2026-09-10,58.9,51.75,53.5,1804156
equity,INE887D01024,2026-09-11,57.25,54.4,55.3,1096489
equity,INE887D01024,2026-09-15,56.95,52.75,54.6,435860
equity,INE796G01012,2026-09-08,1039,1014.5,1015.5,1280
equity,INE796G01012,2026-09-09,1025.6,1009.6,1019.2,628
equity,INE796G01012,2026-09-10,1029.3,1001,1001.6,1501
equity,INE796G01012,2026-09-11,1019.5,980.4,1010.9,1935
equity,INE796G01012,2026-09-14,1010.9,1010.9,1010.9,
equity,INE796G01012,2026-09-15,1154,1001.5,1099.6,83635
equity,INE796G01012,2026-09-16,1130,1075,1125.6,9876
equity,INE290A01027,2026-09-08,294.5,276,277.55,100649
equity,INE290A01027,2026-09-09,281.2,276.4,277.3,26272
equity,INE290A01027,2026-09-10,280.1,268,270.8,42431
equity,INE290A01027,2026-09-11,275,264.8,273.1,22807
equity,INE290A01027,2026-09-15,279,255,261.65,17043
equity,INE290A01027,2026-09-16,268.2,258.1,261.8,17468
equity,INE0ECP01024,2026-09-08,21.08,19.9,20.01,2220160
equity,INE0ECP01024,2026-09-09,20.3,19.8,20.02,1106812
equity,INE0ECP01024,2026-09-10,20.36,19.09,19.98,10117074
equity,INE0ECP01024,2026-09-11,20.24,19.68,20.07,982208
equity,INE0ECP01024,2026-09-14,20.07,20.07,20.07,
equity,INE0ECP01024,2026-09-15,24.05,19.99,23.41,35613186
equity,INE0ECP01024,2026-09-16,24.99,22.2,23.04,11553997
equity,INE577D01013,2026-09-08,870.9795,857.5684,869,4021
equity,INE577D01013,2026-09-09,877,853.05,868.85,5172
equity,INE577D01013,2026-09-10,879.4,859.9,876.95,3027
equity,INE577D01013,2026-09-11,873.85,860.3,869.25,4766
equity,INE577D01013,2026-09-15,866.85,840,842.95,4880
equity,INE068B01017,2026-09-08,114.7,112.5,113.45,13813
equity,INE068B01017,2026-09-09,113.95,110.5,111.8,13562
equity,INE068B01017,2026-09-10,113.4,111.25,111.95,4059
equity,INE068B01017,2026-09-11,112.4,109.4,110,13149
equity,INE068B01017,2026-09-15,112.1,106.25,107,20412
equity,INE611A01016,2026-09-08,228.57,217.69,225.7,109970
equity,INE611A01016,2026-09-09,225,215.5,218.2,58589
equity,INE611A01016,2026-09-10,220,212,214.46,27751
equity,INE611A01016,2026-09-11,219,208,218.23,30165
equity,INE611A01016,2026-09-15,222,208.05,209.41,38344
equity,INE611A01016,2026-09-16,217,201.3,210.67,25671
equity,INE964H01014,2026-09-08,5.4,5.32,5.34,5736412
equity,INE964H01014,2026-09-09,5.44,5.31,5.36,6609217
equity,INE964H01014,2026-09-10,5.4,5.25,5.29,6530129
equity,INE964H01014,2026-09-11,5.3,5.17,5.27,7963406
equity,INE964H01014,2026-09-15,5.32,5.08,5.12,8695082
equity,INE964H01014,2026-09-16,5.19,5,5.11,6615229
equity,INE00ZE01026,2026-09-08,205.7,201,201.16,15736
equity,INE00ZE01026,2026-09-09,204.4,201.05,201.21,4021
equity,INE00ZE01026,2026-09-10,203.12,201,201.27,4088
equity,INE00ZE01026,2026-09-11,201.9,201,201,28715
equity,INE00ZE01026,2026-09-15,202.5,201,201.03,7901
equity,INE00ZE01026,2026-09-16,201.8,201,201.02,8483
equity,INE511Y01018,2026-09-08,485,449.5,478.5,482392
equity,INE511Y01018,2026-09-09,483,453,460.25,82983
equity,INE511Y01018,2026-09-10,468.7,436.8,447.8,50469
equity,INE511Y01018,2026-09-11,475,439.7,469.95,94390
equity,INE511Y01018,2026-09-15,498,453.25,457.7,68004
equity,INE511Y01018,2026-09-16,466.15,430.75,456.35,64179
equity,INE284H01025,2026-09-07,145.21,143,143.38,155993
equity,INE284H01025,2026-09-08,147.2,142.67,145.29,353726
equity,INE284H01025,2026-09-09,146.31,144.01,144.87,225379
equity,INE284H01025,2026-09-10,146,142.5,142.78,189257
equity,INE284H01025,2026-09-11,143,140.32,142.43,162057
equity,INE284H01025,2026-09-15,144.09,138.05,138.93,215682
equity,INE284H01025,2026-09-16,141.2,134.39,135.99,231175
equity,INE559D01011,2026-09-08,368,356.5,362.35,7147
equity,INE559D01011,2026-09-09,364.2,354.1,361.35,3154
equity,INE559D01011,2026-09-10,375,350,357.4,6487
equity,INE559D01011,2026-09-11,361.45,354,355.25,285
equity,INE559D01011,2026-09-15,357.95,347.5,354.65,6243
equity,INE559D01011,2026-09-16,360.95,355,359.95,14808
equity,INE02WG01024,2026-09-08,72.19,68.62,69.39,1428171
equity,INE02WG01024,2026-09-09,72.85,68.04,72.85,1058750
equity,INE02WG01024,2026-09-10,76.49,73.28,74.2,1202294
equity,INE02WG01024,2026-09-11,72.85,70.7,72.34,401778
equity,INE02WG01024,2026-09-15,73.6,68.73,69.18,697448
equity,INE02WG01024,2026-09-16,71.12,68.11,69.42,430609
equity,INE189I01024,2026-09-08,115.9,113,114.18,53757
equity,INE189I01024,2026-09-09,117,113,113.94,47071
equity,INE189I01024,2026-09-10,115.88,109.27,110,147086
equity,INE189I01024,2026-09-11,110,107.71,108.56,67750
equity,INE189I01024,2026-09-15,109.04,103.8,104.91,50573
equity,INE189I01024,2026-09-16,106.99,102.32,103.85,66254
equity,INE477B01010,2026-09-08,300.1,290.55,292.05,14117
equity,INE477B01010,2026-09-09,293.85,286.1,289.2,17683
equity,INE477B01010,2026-09-10,291.5,280.05,285.1,17742
equity,INE477B01010,2026-09-11,290,282.45,286.2,8642
equity,INE477B01010,2026-09-15,287.9,281.5,282.7,13896
equity,INE477B01010,2026-09-16,281.95,270.9,275.2,15512
equity,INE0TO701015,2026-09-07,424.65,402,413.5,63489
equity,INE0TO701015,2026-09-08,428.9,410,425.7,107076
equity,INE0TO701015,2026-09-09,439.95,417.5,419.4,100223
equity,INE0TO701015,2026-09-10,419.65,407.1,409.45,36419
equity,INE0TO701015,2026-09-11,417,403.4,407.85,22417
equity,INE0TO701015,2026-09-15,413.55,392.25,396.65,46873
equity,INE0TO701015,2026-09-16,405.35,388,391.55,56046
equity,INE599F01020,2026-09-08,1810,1742,1772,2018
equity,INE599F01020,2026-09-09,1810,1750,1764,2131
equity,INE599F01020,2026-09-10,2050,1761,1996.8,38565
equity,INE599F01020,2026-09-11,2005,1951.2,1977.15,8907
equity,INE599F01020,2026-09-15,2115,1962.9,1982.85,10282
equity,INE734I01027,2026-09-07,77,70.21,71.45,65750
equity,INE734I01027,2026-09-08,72.05,66.1,69.09,130557
equity,INE734I01027,2026-09-09,70.98,64.62,67.57,111424
equity,INE734I01027,2026-09-10,70.49,66.5,66.73,129793
equity,INE734I01027,2026-09-11,74.92,66.16,72.49,794258
equity,INE734I01027,2026-09-15,76.83,70.3,72.68,389220
equity,INE734I01027,2026-09-16,78.99,71.2,72.99,420501
equity,INE336H01023,2026-09-08,23.28,22.3,23.26,2694235
equity,INE336H01023,2026-09-09,24.42,23.3,23.64,3083761
equity,INE336H01023,2026-09-10,24.82,23.3,24.8,2185895
equity,INE336H01023,2026-09-11,26.04,24.5,26.03,2686464
equity,INE336H01023,2026-09-15,27.33,24.73,26.15,3617474
equity,INE336H01023,2026-09-16,27,24.85,24.85,1543447
equity,INE199E01014,2026-09-08,1299,1225,1233.3,542
equity,INE199E01014,2026-09-09,1242,1210,1229.75,383
equity,INE199E01014,2026-09-10,1249,1213.95,1228.75,613
equity,INE199E01014,2026-09-11,1230,1187,1205.1,1044
equity,INE199E01014,2026-09-15,1271.9,1190,1203.65,2086
equity,INE799B01025,2026-09-08,467.7,467.7,467.7,
equity,INE799B01025,2026-09-09,467.7,467.7,467.7,
equity,INE799B01025,2026-09-10,467.7,467.7,467.7,
equity,INE799B01025,2026-09-11,467.7,467.7,467.7,
equity,INE799B01025,2026-09-14,467.7,467.7,467.7,
equity,INE799B01025,2026-09-15,472.35,472.35,472.35,3578
equity,INE309M01020,2026-09-08,92.89,89.9,90.56,184768
equity,INE309M01020,2026-09-09,93,88.18,89.73,201085
equity,INE309M01020,2026-09-10,92.39,87.02,87.99,189665
equity,INE309M01020,2026-09-11,87.69,85.01,85.91,224408
equity,INE309M01020,2026-09-14,85.91,85.91,85.91,
equity,INE309M01020,2026-09-15,86.06,80.16,81.9,359684
equity,INE309M01020,2026-09-16,84.95,79,82.62,260231
equity,INE740D01017,2026-09-08,648.3,589.95,644.35,144623
equity,INE740D01017,2026-09-09,650,604.95,611.2,41453
equity,INE740D01017,2026-09-10,635.2,588.1,595.3,39747
equity,INE740D01017,2026-09-11,634,561.65,627.9,40702
equity,INE740D01017,2026-09-14,627.9,627.9,627.9,
equity,INE740D01017,2026-09-15,685,631,638.85,113606
equity,INE740D01017,2026-09-16,659.95,603.95,621.4,31401
equity,INE643K01018,2026-09-08,238.8279,231.3863,232.3353,1802
equity,INE643K01018,2026-09-09,231.1866,216.753,221.5476,31761
equity,INE643K01018,2026-09-10,228.5396,216.8529,219.4,8100
equity,INE643K01018,2026-09-11,222.4,215,218.45,2989
equity,INE643K01018,2026-09-15,219.9,210,213.95,4749
equity,INE643K01018,2026-09-16,224,209.05,220.45,2643
equity,INE00YJ01010,2026-09-07,447.4,441,443.4,102854
equity,INE00YJ01010,2026-09-08,448.1,440,441.4,90685
equity,INE00YJ01010,2026-09-09,440.95,436.5,437.95,100093
equity,INE00YJ01010,2026-09-10,467,433,456.25,185812
equity,INE00YJ01010,2026-09-11,460,446.25,454.05,93689
equity,INE00YJ01010,2026-09-15,478.2,454.05,469.95,330906
equity,INE00YJ01010,2026-09-16,476.75,459.5,467.95,114750
equity,INE583V01021,2026-09-07,97.4,84.61,94.28,31907643
equity,INE583V01021,2026-09-08,97.5,86.37,87.96,8196082
equity,INE583V01021,2026-09-09,91.99,85.02,87.14,5875923
equity,INE583V01021,2026-09-10,90.38,83.15,84.15,2401430
equity,INE583V01021,2026-09-11,84.99,81.46,83.21,1473665
equity,INE583V01021,2026-09-14,83.21,83.21,83.21,
equity,INE583V01021,2026-09-15,85.99,73.61,75.47,1325850
equity,INE583V01021,2026-09-16,74.7,71.7,71.7,90870
equity,INE361D01012,2026-09-08,4786,4600,4711.6001,535
equity,INE361D01012,2026-09-09,4738,4500.2002,4700,684
equity,INE361D01012,2026-09-10,4769,4505.0498,4744.6001,1156
equity,INE361D01012,2026-09-11,4725,4507.3999,4599.7002,1934
equity,INE361D01012,2026-09-15,4599,4350,4398.1001,864
equity,INE0GGO01015,2026-09-08,419.2,414.25,418,53879
equity,INE0GGO01015,2026-09-09,419.05,414.5,417.65,38015
equity,INE0GGO01015,2026-09-10,419.9,416.7,418.15,11235
equity,INE0GGO01015,2026-09-11,420,417.25,419.95,11258
equity,INE0GGO01015,2026-09-15,421.1,418,419.5,7459
equity,INE0GGO01015,2026-09-16,421.5,417.75,419.4,6512
equity,INE0LEX01011,2026-09-08,934.75,880,887.85,37650
equity,INE0LEX01011,2026-09-09,915,887.75,898.65,16800
equity,INE0LEX01011,2026-09-10,927,895,905.35,17550
equity,INE0LEX01011,2026-09-11,914,898,904.45,13950
equity,INE0LEX01011,2026-09-15,910,885,899,22950
equity,INE778B01029,2026-09-07,94.4,90.95,91.54,92014
equity,INE778B01029,2026-09-08,92.39,91.02,91.43,49070
equity,INE778B01029,2026-09-09,92.8,90.01,91.02,156917
equity,INE778B01029,2026-09-10,92.5,90.03,90.54,50678
equity,INE778B01029,2026-09-11,90.48,89.12,89.89,32880
equity,INE778B01029,2026-09-15,93.85,86.2,87.03,59979
equity,INE778B01029,2026-09-16,87.69,85.05,86.24,40282
equity,INE00U401027,2026-09-07,88.38,85,85.36,288190
equity,INE00U401027,2026-09-08,85.7,83.26,84.13,324519
equity,INE00U401027,2026-09-09,86.08,82.55,85.5,308642
equity,INE00U401027,2026-09-10,86,84.35,84.77,121873
equity,INE00U401027,2026-09-11,84.8,82.69,83.33,208793
equity,INE00U401027,2026-09-14,83.33,83.33,83.33,
equity,INE00U401027,2026-09-15,84.84,81.75,82.2,152701
equity,INE00U401027,2026-09-16,82,79.65,80.94,181216
equity,INE457F01013,2026-09-08,572.95,544,550.55,56573
equity,INE457F01013,2026-09-09,558.85,548.25,552.15,21705
equity,INE457F01013,2026-09-10,557.4,543.85,550.15,30610
equity,INE457F01013,2026-09-11,558.95,544.25,550.55,39771
equity,INE457F01013,2026-09-15,551.6,530,531.45,34986
equity,INE457F01013,2026-09-16,573.95,520,557.85,196508
equity,INE754A01055,2026-09-08,19.58,16.7,19.23,31292634
equity,INE754A01055,2026-09-09,20.28,17.61,18.8,23896769
equity,INE754A01055,2026-09-10,19.99,18.9,19.76,15258452
equity,INE754A01055,2026-09-11,21,19.2,20.8,34488169
equity,INE754A01055,2026-09-14,20.8,20.8,20.8,
equity,INE754A01055,2026-09-15,21.85,20.05,20.44,25531437
equity,INE754A01055,2026-09-16,20.94,19.3,19.59,15275252
equity,INE032B01021,2026-09-08,286.2,276.35,279.45,34338
equity,INE032B01021,2026-09-09,282.95,276.2,280.1,22760
equity,INE032B01021,2026-09-10,282,274.05,276.75,24310
equity,INE032B01021,2026-09-11,284.9,274,283.05,90543
equity,INE032B01021,2026-09-15,281,275.4,277.5,4273
equity,INE032B01021,2026-09-16,288,275.05,283.75,18774
equity,INE528A01020,2026-09-08,1584,1550,1551.7,508
equity,INE528A01020,2026-09-09,1600,1562,1588.8,229
equity,INE528A01020,2026-09-10,1572.2,1550,1556.3,114
equity,INE528A01020,2026-09-11,1591.8,1540.8,1584.8,248
equity,INE528A01020,2026-09-15,1599,1551,1554,423
equity,INE528A01020,2026-09-16,1607,1522.9,1589.2,251
equity,INE032Z01020,2026-09-08,93,89,91.17,8027
equity,INE032Z01020,2026-09-09,93,89.1,89.42,3534
equity,INE032Z01020,2026-09-10,90.9,87,88.84,3781
equity,INE032Z01020,2026-09-11,93.5,85.41,88.8,17879
equity,INE032Z01020,2026-09-15,89.99,83.4,85.42,3443
equity,INE032Z01020,2026-09-16,88,84.46,84.78,11809
equity,INE368U01029,2026-09-08,43,41.5,42.78,129764
equity,INE368U01029,2026-09-09,43,41.84,42.93,110087
equity,INE368U01029,2026-09-10,44,42.3,43.07,88234
equity,INE368U01029,2026-09-11,44,41,43.28,144169
equity,INE368U01029,2026-09-15,45.05,42.5,42.75,129163
equity,INE368U01029,2026-09-16,44.4,41.5,43.19,143829
equity,INE0IZQ01016,2026-09-08,998,900.15,910.85,7600
equity,INE0IZQ01016,2026-09-09,910.85,910.85,910.85,
equity,INE0IZQ01016,2026-09-10,910.85,910.85,910.85,
equity,INE0IZQ01016,2026-09-11,925,920,920,800
equity,INE0IZQ01016,2026-09-15,935,935,935,400
equity,INE019J01013,2026-09-08,312.4,300,302.6,3540
equity,INE019J01013,2026-09-09,304,297,299.5,4355
equity,INE019J01013,2026-09-10,306.4,285,305.35,19198
equity,INE019J01013,2026-09-11,310,295.05,308.15,3397
equity,INE019J01013,2026-09-15,309,301,305.55,1370
equity,INE019J01013,2026-09-16,306.9,293.95,298.1,3534
equity,INE413D01011,2026-09-08,959.9,908.55,918.45,234
equity,INE413D01011,2026-09-09,934.75,880,894.15,485
equity,INE413D01011,2026-09-10,903.65,862.95,870.8,140
equity,INE413D01011,2026-09-11,938,938,938,2
equity,INE413D01011,2026-09-15,949,845.75,867.45,472
equity,INE417D01020,2026-09-08,48.78,47.8,48,46678
equity,INE417D01020,2026-09-09,48.85,47.16,48.55,240779
equity,INE417D01020,2026-09-10,50.4,48.31,48.45,131157
equity,INE417D01020,2026-09-11,49.02,48.47,48.51,78709
equity,INE417D01020,2026-09-15,49.89,47.06,49.08,208307
equity,INE275D01022,2026-09-07,173.3224,165.8547,167.7191,4663
equity,INE275D01022,2026-09-08,173.1828,165.0271,167.3203,5113
equity,INE275D01022,2026-09-09,169.4639,164.5087,167.4898,3023
equity,INE275D01022,2026-09-10,173.0831,166.5027,167.42,3607
equity,INE275D01022,2026-09-11,169.95,164,165.26,1476
equity,INE275D01022,2026-09-15,169.9,164,165.52,1450
equity,INE275D01022,2026-09-16,169.75,160,160.4,2735
equity,INE663B01015,2026-09-08,602,592.5,593.3,12773
equity,INE663B01015,2026-09-09,592.65,582.5,587.4,18172
equity,INE663B01015,2026-09-10,590.85,571.1,572.95,20559
equity,INE663B01015,2026-09-11,597.95,576,588.7,84948
equity,INE663B01015,2026-09-14,588.7,588.7,588.7,
equity,INE663B01015,2026-09-15,586,568.9,574.8,22163
equity,INE663B01015,2026-09-16,596.05,563.2,591.5,39907
equity,INE00TV01023,2026-09-08,42.28,40,42.15,180000
equity,INE00TV01023,2026-09-09,42.5,40.05,40.11,404000
equity,INE00TV01023,2026-09-10,40,39.45,39.49,24000
equity,INE00TV01023,2026-09-11,40.38,38.2,39.45,192000
equity,INE00TV01023,2026-09-15,41.24,39,39.44,292000
equity,INE840M01016,2026-09-07,231.1,223.53,226.85,123314
equity,INE840M01016,2026-09-08,229.89,225.87,227.96,74087
equity,INE840M01016,2026-09-09,228.8,224.41,225.63,42224
equity,INE840M01016,2026-09-10,226.59,221.5,223.04,37607
equity,INE840M01016,2026-09-11,221.01,218.02,220.42,62275
equity,INE840M01016,2026-09-15,222.12,210.1,212.4,103154
equity,INE840M01016,2026-09-16,214.3,204.11,209.3,73779
equity,INE0GMR01016,2026-09-08,362.9,350.1,354.8,74854
equity,INE0GMR01016,2026-09-09,356.25,352.15,353.15,57362
equity,INE0GMR01016,2026-09-10,364.4,352,352.75,122887
equity,INE0GMR01016,2026-09-11,353.9,335.15,335.15,110904
equity,INE0GMR01016,2026-09-15,318.4,318.4,318.4,3185
equity,INE0GMR01016,2026-09-16,303,302.5,302.5,23627
equity,INE670C01026,2026-09-08,144,137.5,141.15,11054
equity,INE670C01026,2026-09-09,144,134.2,138.6,12239
equity,INE670C01026,2026-09-10,143.95,137,137.65,3400
equity,INE670C01026,2026-09-11,144.5,136.3,144.05,82416
equity,INE670C01026,2026-09-15,148.4,136.85,145.55,16026
equity,INE00QT01015,2026-09-08,606.55,585.05,588.5,16342
equity,INE00QT01015,2026-09-09,609,578.7,600.55,10782
equity,INE00QT01015,2026-09-10,606.4,600,602,3236
equity,INE00QT01015,2026-09-11,602.45,590,592.2,8771
equity,INE00QT01015,2026-09-15,608,586,590.9,16573
equity,INE00QT01015,2026-09-16,594.2,565.9,581.5,5232
equity,INE0CG401037,2026-09-07,33.22,31.11,32.15,5209798
equity,INE0CG401037,2026-09-08,32.78,30.34,30.72,1863127
equity,INE0CG401037,2026-09-09,31.2,28.16,29.86,1716557
equity,INE0CG401037,2026-09-10,31,29.87,30.57,873584
equity,INE0CG401037,2026-09-11,33,28.56,32.17,1909923
equity,INE0CG401037,2026-09-15,33.29,30.95,31.39,2284101
equity,INE0CG401037,2026-09-16,31.31,29.26,29.53,1355101
equity,INE540G01014,2026-09-08,1658.9,1613.5,1631.9,19513
equity,INE540G01014,2026-09-09,1640.8,1613.6,1617.2,7772
equity,INE540G01014,2026-09-10,1628,1603.1,1606.9,7441
equity,INE540G01014,2026-09-11,1614.9,1588.6,1593.1,15561
equity,INE540G01014,2026-09-15,1605,1575,1579.6,10233
equity,INE540G01014,2026-09-16,1587.7,1536.7,1564.9,11248
equity,INE455D01012,2026-09-08,400.85,364.05,400.35,1548
equity,INE455D01012,2026-09-09,420,417.8,418.7,2142
equity,INE455D01012,2026-09-10,439,397.8,410,879
equity,INE455D01012,2026-09-11,424.95,389.5,390,532
equity,INE455D01012,2026-09-15,409.5,370.5,399,2526
equity,INE337E01010,2026-09-08,305.35,296,300.5,10687
equity,INE337E01010,2026-09-09,309,300.55,308,12393
equity,INE337E01010,2026-09-10,323.4,311,323.4,32229
equity,INE337E01010,2026-09-11,339.55,324.05,339.55,30409
equity,INE337E01010,2026-09-15,356.5,354,356.5,42515
equity,INE025A01027,2026-09-08,316.2607,290.5857,315.9124,88010
equity,INE025A01027,2026-09-09,313.4743,300.1392,303.5725,9735
equity,INE025A01027,2026-09-10,313.325,300.5373,302.03,3305
equity,INE025A01027,2026-09-11,311.4,301.4,301.5,2225
equity,INE025A01027,2026-09-15,310,300,302,8390
equity,INE025A01027,2026-09-16,308.4,300.15,303.15,1942
equity,INE194D01017,2026-09-08,598,598,598,2
equity,INE194D01017,2026-09-09,580,567,571.6,133
equity,INE194D01017,2026-09-10,571.6,571.6,571.6,
equity,INE194D01017,2026-09-11,571.6,571.6,571.6,
equity,INE194D01017,2026-09-14,571.6,571.6,571.6,
equity,INE194D01017,2026-09-15,571.6,571.6,571.6,2
equity,INE535F01024,2026-09-07,54.16,52,54.16,496256
equity,INE535F01024,2026-09-08,56.8,52,53.7,403364
equity,INE535F01024,2026-09-09,56.35,52.05,55.9,449747
equity,INE535F01024,2026-09-10,57,54.15,54.89,176989
equity,INE535F01024,2026-09-11,56.15,52.63,55.19,253434
equity,INE535F01024,2026-09-15,56.1,53.3,53.96,169325
equity,INE535F01024,2026-09-16,54.99,51.27,52.26,169408
equity,INE841D01013,2026-09-08,763.95,750,757.35,1536
equity,INE841D01013,2026-09-09,757.35,738.5,741.9,622
equity,INE841D01013,2026-09-10,762.5,736.05,758.1,4133
equity,INE841D01013,2026-09-11,747.85,737,740.45,1495
equity,INE841D01013,2026-09-15,740.45,702,707.35,6248
equity,INE00CE01017,2026-09-08,819,800,800.2,552
equity,INE00CE01017,2026-09-09,812,790,790.5,661
equity,INE00CE01017,2026-09-10,812,790.5,793.1,3154
equity,INE00CE01017,2026-09-11,810,775,785.05,4356
equity,INE00CE01017,2026-09-15,829.4,790,790.4,1173
equity,INE00CE01017,2026-09-16,821,799.3,804.2,1647
equity,INE0QN801017,2026-09-07,665.8966,648.4386,659.911,12891
equity,INE0QN801017,2026-09-08,666.0961,646.1441,662.3551,3892
equity,INE0QN801017,2026-09-09,666.0462,628.3869,632.7264,22132
equity,INE0QN801017,2026-09-10,634.4723,621.5035,622.95,4591
equity,INE0QN801017,2026-09-11,624.45,608.6,614.45,9449
equity,INE0QN801017,2026-09-15,623.6,604,607.8,8328
equity,INE0QN801017,2026-09-16,668.5,600.25,655.6,174509
equity,INE760F01028,2026-09-08,128.4,125.5,127.06,62530
equity,INE760F01028,2026-09-09,128.75,124.25,127.25,67298
equity,INE760F01028,2026-09-10,128.65,125.5,127.87,26964
equity,INE760F01028,2026-09-11,128,124.65,126.92,30597
equity,INE760F01028,2026-09-15,127.4,122.11,122.67,29985
equity,INE760F01028,2026-09-16,126,117.7,123.06,31453
equity,INE00OQ01016,2026-09-08,271.05,265.55,269.75,42227
equity,INE00OQ01016,2026-09-09,272.5,268.8,270.2,19747
equity,INE00OQ01016,2026-09-10,271,267.3,270,24634
equity,INE00OQ01016,2026-09-11,271,262.8,269.35,58585
equity,INE00OQ01016,2026-09-15,271.2,264.95,268.25,39754
equity,INE00OQ01016,2026-09-16,271.95,266.15,269.4,48930
equity,INE0MHO01029,2026-09-07,89,86.9166,87.8835,165613
equity,INE0MHO01029,2026-09-08,88.4119,86.7272,87.0262,102928
equity,INE0MHO01029,2026-09-09,87.5944,84.235,85.5309,260510
equity,INE0MHO01029,2026-09-10,86.9764,85.2319,85.4612,110269
equity,INE0MHO01029,2026-09-11,85.3116,82.0419,83.4475,296792
equity,INE0MHO01029,2026-09-15,84.5939,78.7722,79.47,301749
equity,INE0MHO01029,2026-09-16,81.01,77.71,80.59,120947
equity,INE917H01012,2026-09-08,540,525.1,527.9,13080
equity,INE917H01012,2026-09-09,537.5,527.05,531.9,14320
equity,INE917H01012,2026-09-10,534.55,514,517.1,18403
equity,INE917H01012,2026-09-11,528.1,518.5,523.8,18998
equity,INE917H01012,2026-09-15,535,488,497.4,59413
equity,INE917H01012,2026-09-16,512.75,490.2,509.7,17233
equity,INE0SOY01013,2026-09-07,434.9,420.5,425.2,28800
equity,INE0SOY01013,2026-09-08,444,427,435.35,39400
equity,INE0SOY01013,2026-09-09,457.1,434.6,457.1,74200
equity,INE0SOY01013,2026-09-10,478.1,445.6,469.2,41600
equity,INE0SOY01013,2026-09-11,472.6,453.2,466.9,27000
equity,INE0SOY01013,2026-09-15,485.9,460.4,464.75,41200
equity,INE170V01027,2026-09-07,5.26,5.01,5.09,6552808
equity,INE170V01027,2026-09-08,5.19,5,5.14,4457217
equity,INE170V01027,2026-09-09,5.15,5.05,5.08,3215266
equity,INE170V01027,2026-09-10,5.12,5.02,5.03,3374525
equity,INE170V01027,2026-09-11,5.15,4.96,5.05,4132123
equity,INE170V01027,2026-09-15,5.09,4.71,4.81,11156788
equity,INE170V01027,2026-09-16,4.97,4.72,4.93,5327739
equity,INE414Y01015,2026-09-08,716.95,688.1,698.1,3175
equity,INE414Y01015,2026-09-09,709.9,655,665.65,6725
equity,INE414Y01015,2026-09-10,679,618,629.45,4250
equity,INE414Y01015,2026-09-11,663.3,621.45,660,5078
equity,INE414Y01015,2026-09-15,692.4,649.05,654.95,3701
equity,INE219Y01026,2026-09-08,22.93,22,22.91,556873
equity,INE219Y01026,2026-09-09,24.04,22.94,23.89,526283
equity,INE219Y01026,2026-09-10,24.75,23,23.33,400763
equity,INE219Y01026,2026-09-11,23.97,23.5,23.55,456419
equity,INE219Y01026,2026-09-15,24.02,23.5,23.5,385005
equity,INE219Y01026,2026-09-16,23.79,22.33,23.23,1384412
equity,INE049A01027,2026-09-07,71.69,69.82,70.15,549464
equity,INE049A01027,2026-09-08,70.24,68.8,69.46,362515
equity,INE049A01027,2026-09-09,70.3,69.24,69.44,175080
equity,INE049A01027,2026-09-10,69.98,68.52,68.85,246426
equity,INE049A01027,2026-09-11,68.7,66.63,67.83,420697
equity,INE049A01027,2026-09-14,67.83,67.83,67.83,
equity,INE049A01027,2026-09-15,68.21,64.81,65.12,571755
equity,INE049A01027,2026-09-16,65.35,63.25,64.76,353499
equity,INE319Y01024,2026-09-08,71.79,69,70.02,128662
equity,INE319Y01024,2026-09-09,70.65,68.6,69.29,138698
equity,INE319Y01024,2026-09-10,70.9,69.16,70.48,153680
equity,INE319Y01024,2026-09-11,71.3,69,69.12,140025
equity,INE319Y01024,2026-09-15,70.5,65.7,68.52,264217
equity,INE319Y01024,2026-09-16,68.89,65.5,65.91,248780
equity,INE565V01010,2026-09-08,342.4,327.15,342.4,57724
equity,INE565V01010,2026-09-09,359.5,346.05,359.5,61630
equity,INE565V01010,2026-09-10,377.45,345,377.45,228476
equity,INE565V01010,2026-09-11,396.3,358.6,396.3,133752
equity,INE565V01010,2026-09-15,414,379.1,388.35,74859
equity,INE565V01010,2026-09-16,402,369,389,58340
equity,INE658T01017,2026-09-08,844.8,831.6,835.75,964
equity,INE658T01017,2026-09-09,854,841,848.35,695
equity,INE658T01017,2026-09-10,853,823.9,839.3,1604
equity,INE658T01017,2026-09-11,852.9,815.3,845.25,1525
equity,INE658T01017,2026-09-14,845.25,845.25,845.25,
equity,INE658T01017,2026-09-15,845,820,825.3,2078
equity,INE658T01017,2026-09-16,839.1,810.2,837.45,2053
equity,INE435D01014,2026-09-08,695.2,660.3,674.35,102
equity,INE435D01014,2026-09-09,687.2,674.35,686.5,61
equity,INE435D01014,2026-09-10,683.5,678,680,2501
equity,INE435D01014,2026-09-11,679.05,650.95,673.55,1933
equity,INE435D01014,2026-09-15,675,665.15,674.6,102
equity,INE388A01029,2026-09-08,135.85,126.25,129.6,594797
equity,INE388A01029,2026-09-09,133.5,125.1,128.19,269989
equity,INE388A01029,2026-09-10,134.5,126.5,133.35,311838
equity,INE388A01029,2026-09-11,134.5,130,131.63,118200
equity,INE388A01029,2026-09-15,134.95,125.05,125.35,119026
equity,INE388A01029,2026-09-16,125,119.09,119.24,108181
equity,INE316A01038,2026-09-08,459.8,450.1,450.45,4619
equity,INE316A01038,2026-09-09,456.5,444.7,445.35,10897
equity,INE316A01038,2026-09-10,450,433.85,436.15,9092
equity,INE316A01038,2026-09-11,446,430,441.45,2125
equity,INE316A01038,2026-09-15,440,424.25,425.55,4710
equity,INE287C01037,2026-09-08,37,36.3,36.32,92604
equity,INE287C01037,2026-09-09,36.3,36,36,94150
equity,INE287C01037,2026-09-10,36,35.85,35.85,72500
equity,INE287C01037,2026-09-11,35.49,35.49,35.49,136226
equity,INE287C01037,2026-09-15,35.14,34.79,34.79,104800
equity,INE287C01037,2026-09-16,34.4,34.3,34.3,58994
equity,INE865T01018,2026-09-08,104.72,98.1,99.61,699525
equity,INE865T01018,2026-09-09,99.61,94.57,96.74,293437
equity,INE865T01018,2026-09-10,103.3,95.82,98.77,864939
equity,INE865T01018,2026-09-11,99.79,96.15,97.7,231141
equity,INE865T01018,2026-09-15,107.49,95.15,96.81,1160437
equity,INE865T01018,2026-09-16,99.5,94.21,97.95,367043
equity,INE492A01029,2026-09-08,390,380,385.35,8513
equity,INE492A01029,2026-09-09,385.5,380,380.55,3623
equity,INE492A01029,2026-09-10,385.2,380.1,380.9,2765
equity,INE492A01029,2026-09-11,391.25,375.25,378.4,5571
equity,INE492A01029,2026-09-15,388.7,374,375.1,5728
equity,INE492A01029,2026-09-16,376,370,370.5,2703
equity,INE029Q01017,2026-09-08,835,810,829.5,17250
equity,INE029Q01017,2026-09-09,843,811,826.35,18375
equity,INE029Q01017,2026-09-10,840.5,825,828.65,15375
equity,INE029Q01017,2026-09-11,839,816.25,820.85,17250
equity,INE029Q01017,2026-09-15,839,770,780.75,48000
equity,INE0OSJ01014,2026-09-08,599,588.5,593.2,5500
equity,INE0OSJ01014,2026-09-09,593,590,590,1000
equity,INE0OSJ01014,2026-09-10,590,585,585,500
equity,INE0OSJ01014,2026-09-11,585,570.85,578.65,6500
equity,INE0OSJ01014,2026-09-15,590,575,590,9750
equity,INE310B01013,2026-09-08,1787.85,1660,1715.05,5042
equity,INE310B01013,2026-09-09,1785,1641.3,1739.8,4941
equity,INE310B01013,2026-09-10,1800,1672,1684.8,3478
equity,INE310B01013,2026-09-11,1750,1632,1670.25,2077
equity,INE310B01013,2026-09-15,1720,1586.75,1609.7,8342
equity,INE0KNT01012,2026-09-08,233.99,205.25,210.72,3734364
equity,INE0KNT01012,2026-09-09,224.33,201.6,214.64,1334420
equity,INE0KNT01012,2026-09-10,222,208,208.78,258423
equity,INE0KNT01012,2026-09-11,208.7,195.6,197.37,332881
equity,INE0KNT01012,2026-09-14,197.37,197.37,197.37,
equity,INE0KNT01012,2026-09-15,212,193.23,196.05,407195
equity,INE0KNT01012,2026-09-16,209.9,185.15,207.16,672307
equity,INE258Y01016,2026-09-08,177.97,170.99,175.21,5650
equity,INE258Y01016,2026-09-09,177.31,169.81,172.23,7819
equity,INE258Y01016,2026-09-10,198.01,168.66,189.49,52140
equity,INE258Y01016,2026-09-11,199,180,183.99,8290
equity,INE258Y01016,2026-09-15,187,175.86,185.11,11020
equity,INE258Y01016,2026-09-16,196,173.52,187.04,49306
equity,INE535P01015,2026-09-08,633.5,633.5,633.5,
equity,INE535P01015,2026-09-09,633.5,633.5,633.5,
equity,INE535P01015,2026-09-10,633.5,633.5,633.5,
equity,INE535P01015,2026-09-11,633.5,633.5,633.5,
equity,INE535P01015,2026-09-14,633.5,633.5,633.5,
equity,INE535P01015,2026-09-15,627.2,627.2,627.2,15
equity,INE693D01018,2026-09-08,10950,10371,10398.7998,77
equity,INE693D01018,2026-09-09,10501,10470,10470,22
equity,INE693D01018,2026-09-10,10500,10460,10471,22
equity,INE693D01018,2026-09-11,10500,10400,10400,40
equity,INE693D01018,2026-09-15,10440,10400,10440,14
equity,INE366A01041,2026-09-08,48.55,46.61,47.96,2299108
equity,INE366A01041,2026-09-09,48,46.4,46.72,1320702
equity,INE366A01041,2026-09-10,47.44,45.4,45.78,1547426
equity,INE366A01041,2026-09-11,47.45,44.52,44.74,4383063
equity,INE366A01041,2026-09-14,44.74,44.74,44.74,
equity,INE366A01041,2026-09-15,45.15,41.51,41.72,3030956
equity,INE366A01041,2026-09-16,41.78,40.32,41.04,2114929
equity,INE0JM501013,2026-09-08,137.79,126.15,130.46,112645
equity,INE0JM501013,2026-09-09,133,128,129.5,45722
equity,INE0JM501013,2026-09-10,135.97,128.2,134.84,115844
equity,INE0JM501013,2026-09-11,138,132,133.06,39928
equity,INE0JM501013,2026-09-15,136.5,126.41,135.35,118553
equity,INE0JM501013,2026-09-16,139,128.59,133.98,80531
equity,INE270B01035,2026-09-08,121.95,120.15,120.25,9459
equity,INE270B01035,2026-09-09,122.65,121,121.4,1588
equity,INE270B01035,2026-09-10,123,120.4,122.55,2270
equity,INE270B01035,2026-09-11,123.5,122.2,122.95,3338
equity,INE270B01035,2026-09-15,126,120.5,122.8,16448
equity,INE420B01036,2026-09-08,78.88,77.18,78.54,80820
equity,INE420B01036,2026-09-09,78.39,76.5,77.06,98959
equity,INE420B01036,2026-09-10,77.78,76.31,76.47,77332
equity,INE420B01036,2026-09-11,79.44,74.52,79,273519
equity,INE420B01036,2026-09-15,83,79.13,81.45,1185062
equity,INE420B01036,2026-09-16,83.5,79.55,80.45,579106
equity,INE750M01017,2026-09-08,165.9,157.11,157.34,1576
equity,INE750M01017,2026-09-09,160.8,156.15,156.24,10694
equity,INE750M01017,2026-09-10,158,155.15,156.88,660
equity,INE750M01017,2026-09-11,159.99,155.3,155.81,765
equity,INE750M01017,2026-09-15,158.5,155.99,156.06,5215
equity,INE750M01017,2026-09-16,158.99,154,156.37,1415
equity,INE409B01013,2026-09-08,608,573.6,583.8,31409
equity,INE409B01013,2026-09-09,594.8,571,576.6,15629
equity,INE409B01013,2026-09-10,581.55,563,568.15,11018
equity,INE409B01013,2026-09-11,582,561.05,567.4,15589
equity,INE409B01013,2026-09-15,572,547,551.4,14842
equity,INE409B01013,2026-09-16,559.4,533.1,543.45,9448
equity,INE0AZY01017,2026-09-07,360.95,354.15,356.3,60500
equity,INE0AZY01017,2026-09-08,356.6,351,353.6,19750
equity,INE0AZY01017,2026-09-09,353.75,344,349.45,30500
equity,INE0AZY01017,2026-09-10,355.9,346.05,349.95,24500
equity,INE0AZY01017,2026-09-11,349.95,340.4,346,21750
equity,INE0AZY01017,2026-09-15,346,325,328.9,47750
equity,INE748A01024,2026-09-08,285.42,285.42,285.42,870
equity,INE748A01024,2026-09-09,299.69,299.69,299.69,1022
equity,INE748A01024,2026-09-10,314.67,314.67,314.67,2474
equity,INE748A01024,2026-09-11,330.4,330.4,330.4,1091
equity,INE748A01024,2026-09-15,346.92,346.92,346.92,1134
equity,INE748A01024,2026-09-16,364.26,329.58,364.26,28195
equity,INE107F01022,2026-09-08,256.7,246.6,247.7,103951
equity,INE107F01022,2026-09-09,249.75,243.1,244.75,60141
equity,INE107F01022,2026-09-10,249.7,240.4,241.45,60101
equity,INE107F01022,2026-09-11,240.4,234.75,239.35,59568
equity,INE107F01022,2026-09-15,240.5,220.35,223.1,227244
equity,INE107F01022,2026-09-16,229.3,219,222.6,160579
equity,INE0DNW01011,2026-09-08,647,616.2,629.7,42006
equity,INE0DNW01011,2026-09-09,644,620.05,636.85,8741
equity,INE0DNW01011,2026-09-10,644.4,627.05,634.5,5527
equity,INE0DNW01011,2026-09-11,632,621,623.95,3729
equity,INE0DNW01011,2026-09-15,639.9,605,608.85,5990
equity,INE0DNW01011,2026-09-16,624.9,585.2,619.25,7995
equity,INE442P01014,2026-09-07,738.4951,710.2374,717.4266,60317
equity,INE442P01014,2026-09-08,738.8945,704.496,712.5839,38569
equity,INE442P01014,2026-09-09,738.6948,679.3836,688.3202,77111
equity,INE442P01014,2026-09-10,698.9543,661.2108,668.4,27272
equity,INE442P01014,2026-09-11,679.6,645.05,650.5,46738
equity,INE442P01014,2026-09-15,664.75,639,643.6,25996
equity,INE442P01014,2026-09-16,668.8,643.05,657.35,17222
equity,INE075B01020,2026-09-07,106,101.97,102.98,21475
equity,INE075B01020,2026-09-08,103.8,99.25,101.85,18022
equity,INE075B01020,2026-09-09,103.25,99.71,100.56,14315
equity,INE075B01020,2026-09-10,102,98,98.47,19427
equity,INE075B01020,2026-09-11,99.99,95.1,98,22513
equity,INE075B01020,2026-09-15,101.94,94.25,94.42,12466
equity,INE075B01020,2026-09-16,95.9,91.3,93.07,14751
equity,INE770A01010,2026-09-08,486,486,486,
equity,INE770A01010,2026-09-09,499,480,484.15,1583
equity,INE770A01010,2026-09-10,491,480.15,491,2098
equity,INE770A01010,2026-09-11,495,491,494.95,25
equity,INE770A01010,2026-09-15,492.05,470.25,471.25,1256
equity,INE01EG01016,2026-09-08,328.15,315.4,318.45,121488
equity,INE01EG01016,2026-09-09,327.7,312,317.45,142503
equity,INE01EG01016,2026-09-10,317.55,303.1,305.35,50250
equity,INE01EG01016,2026-09-11,308.55,296.75,300.7,49147
equity,INE01EG01016,2026-09-15,309.45,289.4,291.35,60571
equity,INE01EG01016,2026-09-16,299.5,280.1,294.75,80345
equity,INE868X01014,2026-09-08,27580,27580,27580,
equity,INE868X01014,2026-09-09,27110.0508,27000,27110,12
equity,INE868X01014,2026-09-10,27050,26851,26851,3
equity,INE868X01014,2026-09-11,26386,26302,26386,6
equity,INE868X01014,2026-09-15,26000,26000,26000,14
equity,INE843S01025,2026-09-07,181.39,175,176.09,310830
equity,INE843S01025,2026-09-08,178.8,173.01,173.92,218552
equity,INE843S01025,2026-09-09,179.99,166.25,169.91,385372
equity,INE843S01025,2026-09-10,179.47,170,177,362659
equity,INE843S01025,2026-09-11,175.49,172.5,174.59,44125
equity,INE843S01025,2026-09-15,179.59,168.85,169.85,123897
equity,INE843S01025,2026-09-16,171,166,168.69,45106
equity,INE730A01022,2026-09-08,55.48,52.25,53.16,38106
equity,INE730A01022,2026-09-09,53.97,51.88,52.08,18760
equity,INE730A01022,2026-09-10,53.69,51.27,51.65,19885
equity,INE730A01022,2026-09-11,53,51.2,51.39,48345
equity,INE730A01022,2026-09-15,53.43,51.16,51.31,18903
equity,INE730A01022,2026-09-16,52.8,51.2,51.38,43753
equity,INE0CJF01024,2026-09-07,84.45,82.5,82.78,55033
equity,INE0CJF01024,2026-09-08,83.39,81.76,82.48,95413
equity,INE0CJF01024,2026-09-09,85.99,82.1,84.14,121217
equity,INE0CJF01024,2026-09-10,86.99,83.91,84.42,102129
equity,INE0CJF01024,2026-09-11,89.4,84.63,87.51,446170
equity,INE0CJF01024,2026-09-14,87.51,87.51,87.51,
equity,INE0CJF01024,2026-09-15,93.39,87.44,91.45,455441
equity,INE0CJF01024,2026-09-16,93,87.92,90.24,283914
equity,INE0CG601016,2026-09-08,150.73,147,147.22,38514
equity,INE0CG601016,2026-09-09,150.84,146.5,148.65,57870
equity,INE0CG601016,2026-09-10,150,147.03,147.42,45761
equity,INE0CG601016,2026-09-11,147.31,144.47,146,45617
equity,INE0CG601016,2026-09-15,149.71,137.36,139.12,80771
equity,INE0CG601016,2026-09-16,142.94,135.3,139.64,88956
equity,INE0P8B01020,2026-09-07,118,112.01,112.76,176755
equity,INE0P8B01020,2026-09-08,118.39,110.61,118.39,86378
equity,INE0P8B01020,2026-09-09,123.89,115.7,116.56,144468
equity,INE0P8B01020,2026-09-10,118.8,114,115.26,105156
equity,INE0P8B01020,2026-09-11,121.02,111.75,117.75,241339
equity,INE0P8B01020,2026-09-15,125.5,113.6,114.42,217265
equity,INE0P8B01020,2026-09-16,118.9,111.4,116.42,135695
equity,INE076C01018,2026-09-08,914.2,884.05,887.05,3184
equity,INE076C01018,2026-09-09,895,875,879.55,3776
equity,INE076C01018,2026-09-10,896.25,867,874.8,3778
equity,INE076C01018,2026-09-11,894.9,860,884.45,5292
equity,INE076C01018,2026-09-15,898,859,861.1,2760
equity,INE076C01018,2026-09-16,873,842.6,861.4,3154
equity,INE06XZ01023,2026-09-07,166.69,157.5,158.19,70224
equity,INE06XZ01023,2026-09-08,164.69,157.3,161.86,81302
equity,INE06XZ01023,2026-09-09,168,160.3,164.83,113076
equity,INE06XZ01023,2026-09-10,172.6,163.5,165.09,111999
equity,INE06XZ01023,2026-09-11,164.44,159.29,160.87,84214
equity,INE06XZ01023,2026-09-15,163.45,157.12,158.08,100204
equity,INE06XZ01023,2026-09-16,158.82,154,156.07,65058
equity,INE457G01029,2026-09-08,130.85,126,127.55,23903
equity,INE457G01029,2026-09-09,130,126,126.55,8529
equity,INE457G01029,2026-09-10,129,122,122.65,14716
equity,INE457G01029,2026-09-11,124.85,116.8,124,35816
equity,INE457G01029,2026-09-15,124,117.2,118.4,14792
equity,INE895W01019,2026-09-08,526,515.6,515.6,4808
equity,INE895W01019,2026-09-09,525,510,525,5506
equity,INE895W01019,2026-09-10,525,519,519,2417
equity,INE895W01019,2026-09-11,519,510,519,2302
equity,INE895W01019,2026-09-15,529,509.65,529,11038
equity,INE895W01019,2026-09-16,521,518.45,520,6894
equity,INE134B01017,2026-09-08,126.35,119.59,121.14,127638
equity,INE134B01017,2026-09-09,125.53,120.6,122.64,87809
equity,INE134B01017,2026-09-10,128.3,120.51,126.36,126560
equity,INE134B01017,2026-09-11,129.4,120.35,124.21,152390
equity,INE134B01017,2026-09-15,124.6,118.2,119.47,107901
equity,INE134B01017,2026-09-16,121.44,115.05,120.02,80545
equity,INE709A01018,2026-09-08,248.8,244.75,246.08,7058
equity,INE709A01018,2026-09-09,247.92,245,246.31,6221
equity,INE709A01018,2026-09-10,248.4,243.61,244.68,7585
equity,INE709A01018,2026-09-11,246.38,241,244,12116
equity,INE709A01018,2026-09-15,247.55,231.95,235.33,23045
equity,INE709A01018,2026-09-16,246,233.03,241.88,7848
equity,INE091E01039,2026-09-08,21.5,21.5,21.5,
equity,INE091E01039,2026-09-09,21.5,21.5,21.5,
equity,INE091E01039,2026-09-10,21.5,21.5,21.5,
equity,INE091E01039,2026-09-11,21.5,21.5,21.5,
equity,INE091E01039,2026-09-14,21.5,21.5,21.5,
equity,INE091E01039,2026-09-15,21.5,21.4,21.5,25
equity,INE155G01029,2026-09-08,74.8,72.15,73.03,43052
equity,INE155G01029,2026-09-09,74.49,72.21,73.73,77952
equity,INE155G01029,2026-09-10,74.95,71,72.29,48449
equity,INE155G01029,2026-09-11,72.61,70.1,72.02,89989
equity,INE155G01029,2026-09-15,72.8,70.05,70.43,58950
equity,INE155G01029,2026-09-16,71.91,68.75,69.74,40111
equity,INE283A01014,2026-09-08,702.45,676.05,682.9,4798
equity,INE283A01014,2026-09-09,686.2,658.2,660.15,9739
equity,INE283A01014,2026-09-10,690,656.05,670.75,2297
equity,INE283A01014,2026-09-11,675.35,653,658.3,5108
equity,INE283A01014,2026-09-15,689,648,656.1,3291
equity,INE283A01014,2026-09-16,660,643,654.45,586
equity,INE453D01025,2026-09-08,102.19,100,101.47,34886
equity,INE453D01025,2026-09-09,103.5,100.5,101.46,45112
equity,INE453D01025,2026-09-10,102.78,100.7,101.31,31694
equity,INE453D01025,2026-09-11,101.98,99.62,100.22,107369
equity,INE453D01025,2026-09-15,102.78,96.11,96.7,102414
equity,INE453D01025,2026-09-16,98.75,93.5,95.22,78562
equity,INE232E01013,2026-09-08,1937,1871,1900,168
equity,INE232E01013,2026-09-09,1899,1851,1855,120
equity,INE232E01013,2026-09-10,1945,1816.6,1931.05,254
equity,INE232E01013,2026-09-11,1929.9,1871,1884.65,57
equity,INE232E01013,2026-09-15,1871.7,1854.1,1854.1,68
equity,INE13VU01016,2026-09-07,539.65,539.65,539.65,1600
equity,INE13VU01016,2026-09-08,528.9,528.9,528.9,800
equity,INE13VU01016,2026-09-09,539.45,539,539.1,32000
equity,INE13VU01016,2026-09-10,549.85,548,549.85,11200
equity,INE13VU01016,2026-09-11,560.8,560.8,560.8,6400
equity,INE13VU01016,2026-09-15,572,572,572,12000
equity,INE13VU01016,2026-09-16,583.4,583.4,583.4,14400
equity,INE0U9101019,2026-09-07,375,351.05,370,12400
equity,INE0U9101019,2026-09-08,375,360,360.5,5600
equity,INE0U9101019,2026-09-09,379,360,372,15600
equity,INE0U9101019,2026-09-10,377.7,365,371.65,12400
equity,INE0U9101019,2026-09-11,378.95,369,374.95,20000
equity,INE0U9101019,2026-09-15,380,350.05,357.05,30000
equity,INE140B01048,2026-09-08,870.95,857.95,870.95,5267
equity,INE140B01048,2026-09-09,888.35,888.35,888.35,5422
equity,INE140B01048,2026-09-10,906.1,870.6,905.9,21252
equity,INE140B01048,2026-09-11,924,887.8,891.6,10330
equity,INE140B01048,2026-09-15,891.6,873.8,873.8,2393
equity,INE0I3401014,2026-09-08,127.5,125.01,126.12,83928
equity,INE0I3401014,2026-09-09,127.5,122.35,123.12,186892
equity,INE0I3401014,2026-09-10,124.06,120,120.38,152749
equity,INE0I3401014,2026-09-11,123.25,117.58,118.55,321135
equity,INE0I3401014,2026-09-15,121.23,111,113.26,264141
equity,INE0I3401014,2026-09-16,114.79,110.65,113.41,85045
equity,INE0QRV01016,2026-09-07,347.75,321,336.75,169500
equity,INE0QRV01016,2026-09-08,340,310.3,330.7,115000
equity,INE0QRV01016,2026-09-09,336.4,315,320.15,66000
equity,INE0QRV01016,2026-09-10,326,314,319.45,50500
equity,INE0QRV01016,2026-09-11,324.8,304,316,111500
equity,INE0QRV01016,2026-09-15,330,300,303.5,70000
equity,INE0JUI01012,2026-09-07,67.22,65,65.72,135136
equity,INE0JUI01012,2026-09-08,66.75,63.5,64.21,969542
equity,INE0JUI01012,2026-09-09,67.42,62.5,67.42,226751
equity,INE0JUI01012,2026-09-10,70.79,66.5,68.17,1057255
equity,INE0JUI01012,2026-09-11,70,66.75,67.99,310047
equity,INE0JUI01012,2026-09-15,69,64.31,64.54,140022
equity,INE0JUI01012,2026-09-16,65.27,63,63.96,872829
equity,INE217A01012,2026-09-08,281.6588,273.1901,277.4244,33313
equity,INE217A01012,2026-09-09,278.4705,271.9945,272.5424,32325
equity,INE217A01012,2026-09-10,275.3819,269.8026,270.5,33644
equity,INE217A01012,2026-09-11,276.8,265,273.15,49536
equity,INE217A01012,2026-09-15,273.6,264.25,265.3,52743
equity,INE217A01012,2026-09-16,265.7,246.8,254.85,157037
equity,INE356B01024,2026-09-07,63.24,62.4,63.24,10694
equity,INE356B01024,2026-09-08,66.4,66.4,66.4,18393
equity,INE356B01024,2026-09-09,69.72,69.72,69.72,14471
equity,INE356B01024,2026-09-10,71.11,71.11,71.11,21780
equity,INE356B01024,2026-09-11,72.53,72.53,72.53,27101
equity,INE356B01024,2026-09-15,72.53,70.99,70.99,14593
equity,INE356B01024,2026-09-16,71.5,69.58,71.25,10456
equity,INE16SF01016,2026-09-07,339,304.65,325.25,103211
equity,INE16SF01016,2026-09-08,335,315,319.95,22287
equity,INE16SF01016,2026-09-09,319.05,313.05,316.2,8005
equity,INE16SF01016,2026-09-10,324.45,316.1,317.65,8546
equity,INE16SF01016,2026-09-11,319.5,308.85,313.4,10383
equity,INE16SF01016,2026-09-15,322,298,303.5,56889
equity,INE16SF01016,2026-09-16,309.35,298,303.05,38658
equity,INE0PK601023,2026-09-07,168,160,164.42,49800
equity,INE0PK601023,2026-09-08,166,163.02,164.84,43831
equity,INE0PK601023,2026-09-09,168.8,163,164.68,76133
equity,INE0PK601023,2026-09-10,167,162,163.91,17924
equity,INE0PK601023,2026-09-11,166.8,157.2,159.41,48957
equity,INE0PK601023,2026-09-14,159.41,159.41,159.41,
equity,INE0PK601023,2026-09-15,163,151.44,151.64,57150
equity,INE0PK601023,2026-09-16,151,144.06,147.29,41985
equity,INE283H01019,2026-09-08,310,298,308,33605
equity,INE283H01019,2026-09-09,313.8,302.4,304.75,16081
equity,INE283H01019,2026-09-10,312.8,304.5,307.2,11856
equity,INE283H01019,2026-09-11,308.95,302.05,306.3,8615
equity,INE283H01019,2026-09-15,313.95,294,298.5,20115
equity,INE283H01019,2026-09-16,300.35,292,296.1,12894
equity,INE026D01011,2026-09-08,610.75,585,591.4,4949
equity,INE026D01011,2026-09-09,602.95,578.7,590.05,1044
equity,INE026D01011,2026-09-10,649,580,601.6,878
equity,INE026D01011,2026-09-11,601.5,582.3,587.25,775
equity,INE026D01011,2026-09-15,601.95,574.1,575.35,805
equity,INE389K01018,2026-09-08,2320.8,2320.7,2320.7,351
equity,INE389K01018,2026-09-09,2367.1001,2274.3,2339,129
equity,INE389K01018,2026-09-10,2345,2292.3,2345,278
equity,INE389K01018,2026-09-11,2322,2321,2322,236
equity,INE389K01018,2026-09-15,2322,2275.6001,2276,292
equity,INE389K01018,2026-09-16,2275.8,2230.5,2230.5,76
equity,INE0MEG01014,2026-09-08,794.9,725.1,740.85,27600
equity,INE0MEG01014,2026-09-09,773.9,732.05,769.55,33047
equity,INE0MEG01014,2026-09-10,795,758,769.15,24002
equity,INE0MEG01014,2026-09-11,774.75,748,752.15,12940
equity,INE0MEG01014,2026-09-15,748.4,705,710.9,22028
equity,INE0MEG01014,2026-09-16,750,687.05,701.2,32589
equity,INE550H01011,2026-09-08,86.21,83.15,85.1,72493
equity,INE550H01011,2026-09-09,86.5,83,85.54,42204
equity,INE550H01011,2026-09-10,92.25,83.05,88.73,288397
equity,INE550H01011,2026-09-11,87.98,84,85.04,56316
equity,INE550H01011,2026-09-15,86,81.25,81.4,33793
equity,INE550H01011,2026-09-16,84.5,79.35,79.66,29915
equity,INE239D01028,2026-09-08,84.8,80.75,81.96,46884
equity,INE239D01028,2026-09-09,82.94,81.05,81.67,37997
equity,INE239D01028,2026-09-10,83.31,79.61,80.8,56813
equity,INE239D01028,2026-09-11,82,78.85,79.59,50982
equity,INE239D01028,2026-09-15,88,78.2,80.25,219096
equity,INE239D01028,2026-09-16,80.99,77.43,80.42,39905
equity,INE489G01022,2026-09-07,91.8,82,90.29,1069062
equity,INE489G01022,2026-09-08,99.5,91.79,95.53,1749719
equity,INE489G01022,2026-09-09,99.5,96,96.74,626549
equity,INE489G01022,2026-09-10,98.88,90.2,91.21,400127
equity,INE489G01022,2026-09-11,95.88,90.79,94.86,222204
equity,INE489G01022,2026-09-15,97.5,89.91,90.33,208793
equity,INE489G01022,2026-09-16,91.99,87.01,89.22,141169
equity,INE090501011,2026-09-07,136.5,129.3,130.33,204606
equity,INE090501011,2026-09-08,131.2,128.61,129.85,117731
equity,INE090501011,2026-09-09,132.9,129.01,130.99,228232
equity,INE090501011,2026-09-10,132.08,128.82,129.21,92022
equity,INE090501011,2026-09-11,131,127.21,129.82,79209
equity,INE090501011,2026-09-15,132.9,125.5,126.23,123440
equity,INE090501011,2026-09-16,126.24,118.6,124.34,232154
equity,INE760A01029,2026-09-07,81,78.88,79.43,55343
equity,INE760A01029,2026-09-08,80.84,78.7,79.04,19504
equity,INE760A01029,2026-09-09,79.95,78.2,78.9,19650
equity,INE760A01029,2026-09-10,79.99,78.2,78.94,17115
equity,INE760A01029,2026-09-11,78.97,77.3,77.91,23988
equity,INE760A01029,2026-09-15,78.89,76.9,77,27082
equity,INE760A01029,2026-09-16,78.36,76.1,76.6,27445
equity,INE606N01019,2026-09-07,70.39,66.9,68.26,583097
equity,INE606N01019,2026-09-08,69.9,68.5,69.06,244261
equity,INE606N01019,2026-09-09,78.8,67,75.23,15422814
equity,INE606N01019,2026-09-10,83.4,74.06,80.08,9554776
equity,INE606N01019,2026-09-11,81.84,79.26,81.03,2108387
equity,INE606N01019,2026-09-14,81.03,81.03,81.03,
equity,INE606N01019,2026-09-15,84.7,76.15,77.63,2340141
equity,INE606N01019,2026-09-16,82,75.31,80.17,2760983
equity,INE060901027,2026-09-08,206.86,202.09,203.77,29995
equity,INE060901027,2026-09-09,230.4,201.9,221.61,1147269
equity,INE060901027,2026-09-10,228.84,212.11,213.71,76883
equity,INE060901027,2026-09-11,219.9,209.95,217.07,88740
equity,INE060901027,2026-09-15,234,208,222.22,176186
equity,INE060901027,2026-09-16,239.95,207,227.33,378760
equity,INE392A01021,2026-09-08,94.8,91.2,93.12,236688
equity,INE392A01021,2026-09-09,93.1,91.35,91.99,143775
equity,INE392A01021,2026-09-10,94.8,91.2,91.91,216486
equity,INE392A01021,2026-09-11,91.37,89.31,90.45,142149
equity,INE392A01021,2026-09-15,91.68,88.1,88.47,124953
equity,INE392A01021,2026-09-16,88.66,85.11,87.15,144247
equity,INE888C01040,2026-09-08,2.82,2.77,2.82,2643882
equity,INE888C01040,2026-09-09,2.81,2.78,2.81,1051201
equity,INE888C01040,2026-09-10,2.86,2.77,2.86,972054
equity,INE888C01040,2026-09-11,2.86,2.83,2.84,529521
equity,INE888C01040,2026-09-15,2.84,2.8,2.8,888546
equity,INE888C01040,2026-09-16,2.78,2.75,2.75,823455
equity,INE334A01023,2026-09-08,221.45,215.55,218.68,14559
equity,INE334A01023,2026-09-09,219,215,217.42,11117
equity,INE334A01023,2026-09-10,218.5,212.55,216.21,8894
equity,INE334A01023,2026-09-11,216.99,212,214.66,13342
equity,INE334A01023,2026-09-14,214.66,214.66,214.66,
equity,INE334A01023,2026-09-15,222,210.52,212.64,10880
equity,INE334A01023,2026-09-16,216.8,209,212.51,13533
equity,INE732C01016,2026-09-08,175.6552,173.8457,174.6664,11552
equity,INE732C01016,2026-09-09,179.808,173.2821,177.1086,27116
equity,INE732C01016,2026-09-10,178.7698,174.0731,176.11,32644
equity,INE732C01016,2026-09-11,177.89,171.82,175.05,60944
equity,INE732C01016,2026-09-15,175.5,171.1,173.02,39682
equity,INE732C01016,2026-09-16,173.99,168.6,172.42,38821
equity,INE0PEQ01016,2026-09-07,199,186.18,190.71,1090155
equity,INE0PEQ01016,2026-09-08,191.9,181.18,181.18,173557
equity,INE0PEQ01016,2026-09-09,189,172.13,173.6,240256
equity,INE0PEQ01016,2026-09-10,181.4,170,178.67,157181
equity,INE0PEQ01016,2026-09-11,182.99,170.06,174.19,110293
equity,INE0PEQ01016,2026-09-15,176.4,165.49,165.7,82350
equity,INE0PEQ01016,2026-09-16,165.69,157.42,162.3,84383
equity,INE213D01015,2026-09-08,439.7,423.2,431.1,943
equity,INE213D01015,2026-09-09,428.95,418,427,2124
equity,INE213D01015,2026-09-10,439,427,429.3,2302
equity,INE213D01015,2026-09-11,443.5,423,427,777
equity,INE213D01015,2026-09-15,441.35,427,428.25,970
equity,INE312B01027,2026-09-08,186.25,186.25,186.25,
equity,INE312B01027,2026-09-09,186.25,186.25,186.25,
equity,INE312B01027,2026-09-10,186.25,186.25,186.25,
equity,INE312B01027,2026-09-11,186.25,186.25,186.25,
equity,INE312B01027,2026-09-14,186.25,186.25,186.25,
equity,INE312B01027,2026-09-15,188.1,188.1,188.1,61
equity,INE235C01036,2026-09-08,11.7,11.25,11.39,1209924
equity,INE235C01036,2026-09-09,11.5,11.26,11.28,957437
equity,INE235C01036,2026-09-10,11.39,10.8,10.95,1464680
equity,INE235C01036,2026-09-11,11.04,10.72,10.77,715081
equity,INE235C01036,2026-09-14,10.77,10.77,10.77,
equity,INE235C01036,2026-09-15,10.82,10.24,10.24,1550724
equity,INE235C01036,2026-09-16,10.18,9.73,9.73,1666396
equity,INE583C01021,2026-09-08,578.15,564,567.75,11865
equity,INE583C01021,2026-09-09,570.55,565.1,565.5,4122
equity,INE583C01021,2026-09-10,574.9,560.4,571.75,21447
equity,INE583C01021,2026-09-11,625.75,563,573.7,161187
equity,INE583C01021,2026-09-15,599.65,561.55,566.05,84609
equity,INE583C01021,2026-09-16,579.95,555.55,570,26043
equity,INE00U801010,2026-09-08,730,698,705.3,12500
equity,INE00U801010,2026-09-09,730,700,720,3750
equity,INE00U801010,2026-09-10,729.95,692.2,705.7,16500
equity,INE00U801010,2026-09-11,707,675,687.1,16500
equity,INE00U801010,2026-09-15,713,680,710.7,15000
equity,INE583B01015,2026-09-08,1064.7,1051,1051.1,1472
equity,INE583B01015,2026-09-09,1069.9,1020,1028.7,2318
equity,INE583B01015,2026-09-10,1045.6,1016,1021.1,377
equity,INE583B01015,2026-09-11,1032,1000,1014.6,1545
equity,INE583B01015,2026-09-14,1014.6,1014.6,1014.6,
equity,INE583B01015,2026-09-15,1042,1010,1018.8,502
equity,INE583B01015,2026-09-16,1051,997,1032.3,1115
equity,INE397H01017,2026-09-08,371.6,348.45,363.5,66524
equity,INE397H01017,2026-09-09,365,351.8,356.85,27167
equity,INE397H01017,2026-09-10,359.9,345,347.25,31555
equity,INE397H01017,2026-09-11,354.9,336.55,347.15,33450
equity,INE397H01017,2026-09-15,350.75,330,332.2,24268
equity,INE397H01017,2026-09-16,354.8,322.45,348.25,55160
equity,INE0BX301013,2026-09-07,143.95,135.32,138.86,638920
equity,INE0BX301013,2026-09-08,139.03,135,135.23,122880
equity,INE0BX301013,2026-09-09,136.88,133.92,135.64,119684
equity,INE0BX301013,2026-09-10,139,132.8,134.78,217946
equity,INE0BX301013,2026-09-11,136,132.5,133.63,128408
equity,INE0BX301013,2026-09-15,133.57,125.11,126.04,284943
equity,INE0BX301013,2026-09-16,130.69,124.03,127.95,202290
equity,INE896J01014,2026-09-08,158,143,151.75,4369
equity,INE896J01014,2026-09-09,157.9,144.2,157,3578
equity,INE896J01014,2026-09-10,163.9,149.5,157.1,2977
equity,INE896J01014,2026-09-11,157.1,150.15,155,1132
equity,INE896J01014,2026-09-15,155,147.25,149,235
equity,INE0PKD01011,2026-09-07,285.95,277.15,279.25,68490
equity,INE0PKD01011,2026-09-08,290,276.95,286.7,58432
equity,INE0PKD01011,2026-09-09,289.4,280.25,283.45,24599
equity,INE0PKD01011,2026-09-10,285.45,278.45,280.2,23529
equity,INE0PKD01011,2026-09-11,284,272,282.1,33612
equity,INE0PKD01011,2026-09-15,284,271,276.55,57165
equity,INE0PKD01011,2026-09-16,274.7,262.55,268.6,44633
equity,INE506D01020,2026-09-08,145.25,141.65,141.8,6972
equity,INE506D01020,2026-09-09,145.35,140.6,141.7,9731
equity,INE506D01020,2026-09-10,145,138.1,141.95,8287
equity,INE506D01020,2026-09-11,149,141.65,147.55,6873
equity,INE506D01020,2026-09-15,150,140.2,141.05,7140
equity,INE443P01038,2026-09-08,9.06,9.06,9.06,250
equity,INE443P01038,2026-09-09,9.24,9.24,9.24,250
equity,INE443P01038,2026-09-10,9.42,9.39,9.42,5700
equity,INE443P01038,2026-09-11,9.6,9.6,9.6,250
equity,INE443P01038,2026-09-15,9.79,9.79,9.79,250
equity,INE443P01038,2026-09-16,9.98,9.98,9.98,500
equity,INE144J01027,2026-09-08,227.23,218.79,219.28,108144
equity,INE144J01027,2026-09-09,220.99,216.75,218.06,78133
equity,INE144J01027,2026-09-10,220.9,210.73,211.87,115259
equity,INE144J01027,2026-09-11,211.75,204.01,207.86,163867
equity,INE144J01027,2026-09-15,208.77,198.51,201.29,111270
equity,INE144J01027,2026-09-16,206,194.05,203.23,142761
equity,INE236G01019,2026-09-08,424.95,410.3,411.75,14200
equity,INE236G01019,2026-09-09,427,410,414.85,30987
equity,INE236G01019,2026-09-10,417.2,409,410.45,15852
equity,INE236G01019,2026-09-11,418,402.05,413.85,26088
equity,INE236G01019,2026-09-15,415.2,395,399.4,27977
equity,INE236G01019,2026-09-16,407.85,387.6,401.5,23954
equity,INE687A01016,2026-09-08,1399,1350,1365.95,272
equity,INE687A01016,2026-09-09,1365,1321.5,1337.4,486
equity,INE687A01016,2026-09-10,1359.95,1281,1287,88
equity,INE687A01016,2026-09-11,1320,1271,1305.45,230
equity,INE687A01016,2026-09-15,1370.7,1296.05,1296.5,353
equity,INE1ABX01018,2026-09-07,413,390.1,404.6,153600
equity,INE1ABX01018,2026-09-08,405,385.3,392.5,40800
equity,INE1ABX01018,2026-09-09,389,372.05,378.35,56000
equity,INE1ABX01018,2026-09-10,382,376.1,377.35,31600
equity,INE1ABX01018,2026-09-11,382,375,379.4,40000
equity,INE1ABX01018,2026-09-15,380,368,372.3,29600
equity,INE1ABX01018,2026-09-16,380,368.1,375,31200
equity,INE880Y01017,2026-09-08,729.5,710.6,725.05,15357
equity,INE880Y01017,2026-09-09,729.8,712.8,715.6,16403
equity,INE880Y01017,2026-09-10,724.9,651.2,705.25,22358
equity,INE880Y01017,2026-09-11,710.9,677.6,698.6,28447
equity,INE880Y01017,2026-09-15,700.45,661,668.9,61445
equity,INE880Y01017,2026-09-16,675.05,652.05,657.65,20225
equity,INE863T01013,2026-09-08,309.9,300,306.5,11991
equity,INE863T01013,2026-09-09,309.7,301.25,304.95,8268
equity,INE863T01013,2026-09-10,310,297.55,300.95,38698
equity,INE863T01013,2026-09-11,303.75,287,290.35,32081
equity,INE863T01013,2026-09-15,291,275.6,279.35,27837
equity,INE863T01013,2026-09-16,282.9,272.6,278,23711
equity,INE345H01024,2026-09-07,20.75,19.56,19.89,1286514
equity,INE345H01024,2026-09-08,20.69,19.86,20.16,309086
equity,INE345H01024,2026-09-09,20.49,19.9,20.12,95857
equity,INE345H01024,2026-09-10,20.3,19.91,20.19,95083
equity,INE345H01024,2026-09-11,20.36,19.9,20.2,247154
equity,INE345H01024,2026-09-15,20.26,19.45,19.53,23450
equity,INE345H01024,2026-09-16,20.63,18.56,20.2,375881
equity,INE0OMO01025,2026-09-08,31.95,30,31.75,1671000
equity,INE0OMO01025,2026-09-09,32.4,31.7,31.75,108000
equity,INE0OMO01025,2026-09-10,32,31,31.1,84000
equity,INE0OMO01025,2026-09-11,30.9,30.3,30.6,171000
equity,INE0OMO01025,2026-09-15,30.95,30.5,30.65,78000
equity,INE347W01011,2026-09-08,578.05,559.75,563.8,15988
equity,INE347W01011,2026-09-09,566.4,553.05,562.2,10950
equity,INE347W01011,2026-09-10,569,551,554.65,15235
equity,INE347W01011,2026-09-11,554.9,530.3,543.8,39314
equity,INE347W01011,2026-09-15,548.95,515,520.15,18117
equity,INE347W01011,2026-09-16,520.2,494.1,505.7,25430
equity,INE668G01021,2026-09-08,787.8074,768.0875,786.5224,158
equity,INE668G01021,2026-09-09,787.5603,766.0611,766.4565,951
equity,INE668G01021,2026-09-10,789.7843,766.0611,772.585,205
equity,INE668G01021,2026-09-11,786.7201,771.0034,774.4631,367
equity,INE668G01021,2026-09-15,806.3905,766.0611,771.3,1007
equity,INE668G01021,2026-09-16,775,754.2,769.15,888
equity,INE01A001028,2026-09-07,138.39,135.52,137.16,68522
equity,INE01A001028,2026-09-08,141.8,135.53,138.59,112955
equity,INE01A001028,2026-09-09,140.5,137.01,138.41,74144
equity,INE01A001028,2026-09-10,139.45,136.14,137.43,89312
equity,INE01A001028,2026-09-11,137.97,135,135.6,76185
equity,INE01A001028,2026-09-15,138,134.85,135.02,114098
equity,INE01A001028,2026-09-16,136.49,134.37,135.72,88724
equity,INE720A01015,2026-09-08,150.6,131.2,144.29,660992
equity,INE720A01015,2026-09-09,150.75,141.76,148.9,251482
equity,INE720A01015,2026-09-10,148.58,142.51,143.21,80350
equity,INE720A01015,2026-09-11,143.06,136.33,138.57,35052
equity,INE720A01015,2026-09-15,140.54,129,130.35,123365
equity,INE720A01015,2026-09-16,134.62,130.02,133.03,66598
equity,INE0OMI01019,2026-09-08,357.9,354,354.75,3000
equity,INE0OMI01019,2026-09-09,356.95,352.05,352.05,1500
equity,INE0OMI01019,2026-09-10,388.5,355,355.9,3000
equity,INE0OMI01019,2026-09-11,358,347,350,4500
equity,INE0OMI01019,2026-09-15,350.95,350,350,9375
equity,INE916G01016,2026-09-08,379.6,362.6,368.5,3004
equity,INE916G01016,2026-09-09,371.4,361.45,363.95,1750
equity,INE916G01016,2026-09-10,374.65,360.1,370.05,2131
equity,INE916G01016,2026-09-11,370.05,355,364.55,6469
equity,INE916G01016,2026-09-15,372.75,350,350.1,2008
equity,INE916G01016,2026-09-16,367.6,334.05,367.15,3782
equity,INE306L01010,2026-09-07,164.43,147,153.16,833659
equity,INE306L01010,2026-09-08,161,152.8,153.44,147505
equity,INE306L01010,2026-09-09,154.66,151.27,152.36,70585
equity,INE306L01010,2026-09-10,153.51,146.5,147.48,73128
equity,INE306L01010,2026-09-11,150,145.01,147.52,90015
equity,INE306L01010,2026-09-15,172,155.15,158.81,2076441
equity,INE306L01010,2026-09-16,164.8,151.18,157.33,346008
equity,INE418E01018,2026-09-08,893,856.55,863.05,2047
equity,INE418E01018,2026-09-09,860,841,845.7,1664
equity,INE418E01018,2026-09-10,872,823.05,866.95,994
equity,INE418E01018,2026-09-11,871,855.7,856.5,176
equity,INE418E01018,2026-09-15,861.95,826.05,830.4,558
equity,INE195N01013,2026-09-08,49.4,47.5,48.92,189943
equity,INE195N01013,2026-09-09,50.5,47.81,49.88,263133
equity,INE195N01013,2026-09-10,52.6,48.52,52.3,493674
equity,INE195N01013,2026-09-11,53.48,50.65,52.88,257438
equity,INE195N01013,2026-09-15,53.49,51.12,52.72,311137
equity,INE195N01013,2026-09-16,53.75,49.5,52.61,332568
equity,INE032E01017,2026-09-08,639.9,615.05,639.9,2
equity,INE032E01017,2026-09-09,640,605,612.35,1014
equity,INE032E01017,2026-09-10,621.95,620.5,620.5,35
equity,INE032E01017,2026-09-11,640,615,615.2,301
equity,INE032E01017,2026-09-15,620,620,620,50
equity,INE289B01019,2026-09-07,142.44,140.1,140.42,62788
equity,INE289B01019,2026-09-08,141.9,138.5,138.73,63413
equity,INE289B01019,2026-09-09,139.16,136.95,137.15,73159
equity,INE289B01019,2026-09-10,138.51,135.6,136.12,77138
equity,INE289B01019,2026-09-11,138.7,134.72,136.84,110463
equity,INE289B01019,2026-09-14,136.84,136.84,136.84,
equity,INE289B01019,2026-09-15,137.5,134.5,134.89,50826
equity,INE289B01019,2026-09-16,136,132.94,134.92,64056
equity,INE1B0W01010,2026-09-07,119.8,115.9,116.43,95430
equity,INE1B0W01010,2026-09-08,118.14,114.58,115.53,79416
equity,INE1B0W01010,2026-09-09,116.19,113.31,113.85,78694
equity,INE1B0W01010,2026-09-10,123.38,113.85,119.03,447365
equity,INE1B0W01010,2026-09-11,119.03,116.62,117.85,65560
equity,INE1B0W01010,2026-09-15,119.76,113.5,113.95,66283
equity,INE1B0W01010,2026-09-16,114.9,108.6,110.15,358455
equity,INE684B01029,2026-09-08,665,647,647.4,111
equity,INE684B01029,2026-09-09,670,645.6,653,385
equity,INE684B01029,2026-09-10,680.6,654,660.6,191
equity,INE684B01029,2026-09-11,664,642,655.35,177
equity,INE684B01029,2026-09-15,665,647,653.7,321
equity,INE084K01015,2026-09-07,197.91,197.91,197.91,19409
equity,INE084K01015,2026-09-08,201.86,201.86,201.86,50138
equity,INE084K01015,2026-09-09,205.89,205.89,205.89,37745
equity,INE084K01015,2026-09-10,209.95,201.78,201.78,38220
equity,INE084K01015,2026-09-11,197.75,197.75,197.75,19137
equity,INE084K01015,2026-09-15,193.8,193.8,193.8,15941
equity,INE084K01015,2026-09-16,189.93,189.93,189.93,12454
equity,INE1E4401010,2026-09-07,778,747.3,756.95,25500
equity,INE1E4401010,2026-09-08,777.5,740,776.9,26500
equity,INE1E4401010,2026-09-09,785.95,759,765.05,11500
equity,INE1E4401010,2026-09-10,779.8,765.1,770,12500
equity,INE1E4401010,2026-09-11,760,735.25,753.95,13000
equity,INE1E4401010,2026-09-15,753.95,716.3,716.3,12500
equity,INE1E4401010,2026-09-16,714.95,680.5,695.9,19500
equity,INE900C01027,2026-09-07,479.7,459,470.1,18318
equity,INE900C01027,2026-09-08,472,466,468.45,10901
equity,INE900C01027,2026-09-09,477.95,463,468.3,9447
equity,INE900C01027,2026-09-10,473.9,464.05,466.55,5668
equity,INE900C01027,2026-09-11,465.5,458.5,462.4,6191
equity,INE900C01027,2026-09-14,462.4,462.4,462.4,
equity,INE900C01027,2026-09-15,469,445.2,447.85,19416
equity,INE900C01027,2026-09-16,450,431.05,444.55,13461
equity,INE955I01044,2026-09-08,672.45,646.1,651.35,7849
equity,INE955I01044,2026-09-09,657,645.2,645.6,2864
equity,INE955I01044,2026-09-10,676,646.65,672,3755
equity,INE955I01044,2026-09-11,673,639,646.3,7569
equity,INE955I01044,2026-09-15,663.2,616.5,618.35,6101
equity,INE955I01044,2026-09-16,649.25,587.45,649.25,112757
equity,INE726E01014,2026-09-08,1390,1379.9,1390,24
equity,INE726E01014,2026-09-09,1360,1360,1360,10
equity,INE726E01014,2026-09-10,1428,1325.5,1428,30
equity,INE726E01014,2026-09-11,1499.4,1460,1460,23
equity,INE726E01014,2026-09-15,1531,1475,1475,13
equity,INE574A01016,2026-09-08,161.9,150,152.95,10943
equity,INE574A01016,2026-09-09,155.65,147,151.3,15790
equity,INE574A01016,2026-09-10,154.85,150,150.1,13517
equity,INE574A01016,2026-09-11,151,146.55,149.55,3896
equity,INE574A01016,2026-09-15,157,149,157,15599
equity,INE0L0L01012,2026-09-07,385.35,378,383.05,26315
equity,INE0L0L01012,2026-09-08,387.55,369.5,376,38222
equity,INE0L0L01012,2026-09-09,379.95,370,371.45,18094
equity,INE0L0L01012,2026-09-10,379,368.1,373.85,11202
equity,INE0L0L01012,2026-09-11,373.3,364.05,365.5,10813
equity,INE0L0L01012,2026-09-15,365.7,350.1,354.4,14475
equity,INE0L0L01012,2026-09-16,363.25,339.5,352.7,33722
equity,INE296H01011,2026-09-08,265.15,260,260.7,19955
equity,INE296H01011,2026-09-09,264.7,248,250.75,109423
equity,INE296H01011,2026-09-10,254.7,248.6,249.2,10735
equity,INE296H01011,2026-09-11,253.8,242.4,250.9,16946
equity,INE296H01011,2026-09-15,254.45,240,241.45,26566
equity,INE296H01011,2026-09-16,243.85,235,242.3,15157
equity,INE164B01030,2026-09-08,14.09,13.56,13.69,1924147
equity,INE164B01030,2026-09-09,13.84,13.55,13.65,1101373
equity,INE164B01030,2026-09-10,13.75,13.45,13.51,1023316
equity,INE164B01030,2026-09-11,15.19,13.35,13.77,9142272
equity,INE164B01030,2026-09-14,13.77,13.77,13.77,
equity,INE164B01030,2026-09-15,14.7,13.45,13.65,5613507
equity,INE164B01030,2026-09-16,13.91,13.4,13.5,2802031
equity,INE400A01014,2026-09-08,62.95,59.11,60,1418
equity,INE400A01014,2026-09-09,60.85,58.25,58.68,6676
equity,INE400A01014,2026-09-10,59.89,57.04,58.15,4757
equity,INE400A01014,2026-09-11,59.8,58,59.67,3712
equity,INE400A01014,2026-09-15,60.6,58.31,59.98,3307
equity,INE0R4L01018,2026-09-07,280.6871,270.183,278.1106,128930
equity,INE0R4L01018,2026-09-08,280.1916,273.6514,277.1197,79481
equity,INE0R4L01018,2026-09-09,293.7677,277.0701,280.6376,308512
equity,INE0R4L01018,2026-09-10,291.2407,282.124,284.8491,152520
equity,INE0R4L01018,2026-09-11,288.9616,277.7143,285.1464,91603
equity,INE0R4L01018,2026-09-14,285.1464,285.1464,285.1464,
equity,INE0R4L01018,2026-09-15,289.2588,270.5299,273.8,83817
equity,INE0R4L01018,2026-09-16,296.3,267.35,282.05,300266
equity,INE0MGA01012,2026-09-08,122.8,119.75,121.55,284000
equity,INE0MGA01012,2026-09-09,124,119.7,120.95,377000
equity,INE0MGA01012,2026-09-10,124,120.25,120.5,30000
equity,INE0MGA01012,2026-09-11,122.65,117.5,119.25,34000
equity,INE0MGA01012,2026-09-15,120.1,116.2,116.65,35000
equity,INE296E01026,2026-09-08,791.5,770.4,785,191
equity,INE296E01026,2026-09-09,788,750,769.95,1030
equity,INE296E01026,2026-09-10,788.9,747,755.2,727
equity,INE296E01026,2026-09-11,777.2,747,775.1,402
equity,INE296E01026,2026-09-15,775.5,749.1,755,215
equity,INE505A01010,2026-09-07,297,291.8,293.3,24500
equity,INE505A01010,2026-09-08,295.75,289.25,290.4,36462
equity,INE505A01010,2026-09-09,293.8,286.45,288.9,28914
equity,INE505A01010,2026-09-10,297.4,284.1,291.95,40701
equity,INE505A01010,2026-09-11,292.8,284.55,287.55,79664
equity,INE505A01010,2026-09-15,290,263.5,265.5,109990
equity,INE505A01010,2026-09-16,270.1,256.9,259.3,87873
equity,INE772T01024,2026-09-07,105.15,100,100.54,38417
equity,INE772T01024,2026-09-08,103.93,99.52,101.63,25283
equity,INE772T01024,2026-09-09,102.04,100.1,100.6,12038
equity,INE772T01024,2026-09-10,102,99.13,100.53,10011
equity,INE772T01024,2026-09-11,102.31,98.01,101.3,28536
equity,INE772T01024,2026-09-15,101.1,97.3,97.93,12722
equity,INE772T01024,2026-09-16,101,97.51,99.32,10100
equity,INE0R8B01010,2026-09-07,228,215.66,217.99,82912
equity,INE0R8B01010,2026-09-08,218.79,214.17,215.2,90636
equity,INE0R8B01010,2026-09-09,216.95,213.35,214.93,67218
equity,INE0R8B01010,2026-09-10,218.01,210.63,211.9,59871
equity,INE0R8B01010,2026-09-11,214,205.82,211.05,101683
equity,INE0R8B01010,2026-09-15,211,205.44,207.44,61869
equity,INE0R8B01010,2026-09-16,209.9,201.25,202.92,144589
equity,INE03YM01018,2026-09-08,209.53,198.03,209.53,88574
equity,INE03YM01018,2026-09-09,220,212,220,139577
equity,INE03YM01018,2026-09-10,228.2,209,213.61,125537
equity,INE03YM01018,2026-09-11,222,205.25,217.23,61940
equity,INE03YM01018,2026-09-14,217.23,217.23,217.23,
equity,INE03YM01018,2026-09-15,224.5,211.3,213.88,72440
equity,INE03YM01018,2026-09-16,217.99,204.01,212.1,37182
equity,INE070K01014,2026-09-08,54.89,52,53.51,3510
equity,INE070K01014,2026-09-09,53.51,52,52.26,5522
equity,INE070K01014,2026-09-10,54.79,50.75,51.24,9026
equity,INE070K01014,2026-09-11,52.74,50.5,50.94,9461
equity,INE070K01014,2026-09-15,51.95,48.6,50.35,12145
equity,INE28GN01010,2026-09-07,135.65,132,133.19,123600
equity,INE28GN01010,2026-09-08,134.24,129,132.78,300842
equity,INE28GN01010,2026-09-09,132.88,130,130.32,72649
equity,INE28GN01010,2026-09-10,133,129.05,132.39,70220
equity,INE28GN01010,2026-09-11,132,127,128.56,108834
equity,INE28GN01010,2026-09-14,128.56,128.56,128.56,
equity,INE28GN01010,2026-09-15,136,125.11,126.42,361220
equity,INE28GN01010,2026-09-16,129.37,123.75,124.71,125726
equity,INE00YB01025,2026-09-08,11.6,11.16,11.51,1291691
equity,INE00YB01025,2026-09-09,11.7,11.15,11.59,156073
equity,INE00YB01025,2026-09-10,11.7,11.22,11.31,596997
equity,INE00YB01025,2026-09-11,11.5,11.11,11.34,96146
equity,INE00YB01025,2026-09-15,11.4,10.91,11.11,133271
equity,INE00YB01025,2026-09-16,11.66,10.61,11.38,229237
equity,INE692C01020,2026-09-08,285.95,273.05,276.4,5989
equity,INE692C01020,2026-09-09,277.75,271,272.35,6553
equity,INE692C01020,2026-09-10,279.6,241.8,251.75,30623
equity,INE692C01020,2026-09-11,269,242.1,265.7,27869
equity,INE692C01020,2026-09-15,289,263.1,263.3,4223
equity,INE0ISZ01012,2026-09-07,479.95,462.4,467.65,14700
equity,INE0ISZ01012,2026-09-08,473.9,450,457.6,38700
equity,INE0ISZ01012,2026-09-09,471.75,447.1,465.05,27000
equity,INE0ISZ01012,2026-09-10,471.2,451.5,452,5400
equity,INE0ISZ01012,2026-09-11,458.95,432,434.95,26400
equity,INE0ISZ01012,2026-09-15,450,400,425.25,34200
equity,INE0UZO01024,2026-09-07,195.65,182,194.65,168800
equity,INE0UZO01024,2026-09-08,203,184.95,188.25,151200
equity,INE0UZO01024,2026-09-09,197.65,182.05,197.65,100800
equity,INE0UZO01024,2026-09-10,207.5,198,206.65,147200
equity,INE0UZO01024,2026-09-11,216.95,196.35,216,181600
equity,INE0UZO01024,2026-09-15,217.45,205.2,205.2,148800
equity,INE0UZO01024,2026-09-16,210,194.95,202.65,100800
equity,INE0H8H01019,2026-09-08,319,309,310.6,36000
equity,INE0H8H01019,2026-09-09,315.75,305.05,310.3,36500
equity,INE0H8H01019,2026-09-10,313.5,307.5,308.1,14500
equity,INE0H8H01019,2026-09-11,313.3,309,311.2,21500
equity,INE0H8H01019,2026-09-15,310.05,299,300.2,28500
equity,INE515H01014,2026-09-08,1152.8704,1123.1869,1127.4,2294
equity,INE515H01014,2026-09-09,1111,1067,1076.8,3945
equity,INE515H01014,2026-09-10,1078.65,1042,1064.15,3650
equity,INE515H01014,2026-09-11,1059.95,1049.25,1053.2,1729
equity,INE515H01014,2026-09-15,1053.25,1022,1025.1,580
equity,INE335Q01026,2026-09-08,104.2,100.65,103.02,127146
equity,INE335Q01026,2026-09-09,104.9,98.6,99.63,61581
equity,INE335Q01026,2026-09-10,102,98.5,99.08,42555
equity,INE335Q01026,2026-09-11,100,95.1,99.93,80607
equity,INE335Q01026,2026-09-15,100.98,94.94,94.94,57696
equity,INE849C01026,2026-09-08,86.8,82.4,84.12,251218
equity,INE849C01026,2026-09-09,85.5,82,83.86,110746
equity,INE849C01026,2026-09-10,86.5,82.4,85.44,396308
equity,INE849C01026,2026-09-11,86.45,84.8,85.73,139971
equity,INE849C01026,2026-09-15,89,81.45,81.79,88280
equity,INE849C01026,2026-09-16,83.5,78.4,81.92,146601
equity,INE865C01022,2026-09-08,125.93,124.25,124.85,23168
equity,INE865C01022,2026-09-09,126.98,122.62,123.25,35673
equity,INE865C01022,2026-09-10,124.97,122,122.9,24305
equity,INE865C01022,2026-09-11,123.79,118.26,121.19,53016
equity,INE865C01022,2026-09-15,123.87,117.31,118.22,36546
equity,INE865C01022,2026-09-16,120.25,115.62,117.93,29866
equity,INE0O9T01021,2026-09-07,227.38,221.71,222.26,10012
equity,INE0O9T01021,2026-09-08,226.89,220.02,220.95,7155
equity,INE0O9T01021,2026-09-09,222.58,220.1,221.46,12456
equity,INE0O9T01021,2026-09-10,222.5,219.99,221.03,19297
equity,INE0O9T01021,2026-09-11,237,219.61,228.57,44398
equity,INE0O9T01021,2026-09-15,234.31,220.06,220.69,10651
equity,INE0O9T01021,2026-09-16,220.78,214.01,215.36,12566
equity,INE0TT901016,2026-09-07,143.2,137.4,142.55,20088
equity,INE0TT901016,2026-09-08,160,142,155.4,139567
equity,INE0TT901016,2026-09-09,170.55,151.1,166.1,127263
equity,INE0TT901016,2026-09-10,173.95,159,165.15,69752
equity,INE0TT901016,2026-09-11,169.3,156.6,161.2,42640
equity,INE0TT901016,2026-09-15,187.8,165,166.6,168921
equity,INE130L01014,2026-09-08,406.95,395.2,397.1,2934
equity,INE130L01014,2026-09-09,403,395,399.95,1514
equity,INE130L01014,2026-09-10,404.1,390,391.9,1180
equity,INE130L01014,2026-09-11,406.75,396.25,405,358
equity,INE130L01014,2026-09-15,418,395,395,390
equity,INE2L0V01019,2026-09-07,366.55,331.65,332.8,155000
equity,INE2L0V01019,2026-09-08,339,316.2,316.2,122000
equity,INE2L0V01019,2026-09-09,332,305.8,329.35,138000
equity,INE2L0V01019,2026-09-10,340.8,316,331.5,95000
equity,INE2L0V01019,2026-09-11,327.5,316,319.1,107000
equity,INE2L0V01019,2026-09-15,324.95,303.15,303.15,75000
equity,INE2L0V01019,2026-09-16,305,288,303.85,103000
equity,INE064H01021,2026-09-08,137,130.1,132.2,19263
equity,INE064H01021,2026-09-09,136,131.1,133.6,14212
equity,INE064H01021,2026-09-10,137,130,135.55,24469
equity,INE064H01021,2026-09-11,135.9,130.6,132,22224
equity,INE064H01021,2026-09-15,132,125.4,125.4,35859
equity,INE215I01027,2026-09-08,119.78,113.3,114.34,54608
equity,INE215I01027,2026-09-09,116.7,110.5,111.27,125023
equity,INE215I01027,2026-09-10,113.01,109.82,110.79,92719
equity,INE215I01027,2026-09-11,111.38,108,110.4,36365
equity,INE215I01027,2026-09-15,111.96,105,106.14,90260
equity,INE215I01027,2026-09-16,107.87,101.8,103.41,73650
equity,INE893I01013,2026-09-08,30.15,29.76,29.87,224163
equity,INE893I01013,2026-09-09,30.69,29.6,29.7,236751
equity,INE893I01013,2026-09-10,30.33,29.65,30.15,225491
equity,INE893I01013,2026-09-11,30.34,29.62,30.08,205831
equity,INE893I01013,2026-09-15,30.48,28.86,29.1,368759
equity,INE893I01013,2026-09-16,30.95,28.25,29.57,258921
equity,INE652V01016,2026-09-07,178.75,168.25,169.59,155960
equity,INE652V01016,2026-09-08,172.04,167.5,169.71,620162
equity,INE652V01016,2026-09-09,174,166.47,167.58,362392
equity,INE652V01016,2026-09-10,170,165.5,166.98,317609
equity,INE652V01016,2026-09-11,169.49,165.25,167.36,278416
equity,INE652V01016,2026-09-15,168.54,163.25,163.79,70307
equity,INE652V01016,2026-09-16,164.32,160.42,163.07,61120
equity,INE824Q01011,2026-09-08,107.5,104,104.33,47505
equity,INE824Q01011,2026-09-09,109.54,103.9,109.54,59230
equity,INE824Q01011,2026-09-10,115.01,115.01,115.01,50215
equity,INE824Q01011,2026-09-11,120.76,112.1,117.91,149999
equity,INE824Q01011,2026-09-15,119.9,112.02,112.02,57388
equity,INE824Q01011,2026-09-16,110,106.42,106.42,75116
equity,INE0N6U01018,2026-09-07,993.3,905,916.3,13500
equity,INE0N6U01018,2026-09-08,928,875.05,927.95,7250
equity,INE0N6U01018,2026-09-09,998,942,945.05,7250
equity,INE0N6U01018,2026-09-10,995,932.05,969.35,10000
equity,INE0N6U01018,2026-09-11,1148,970,1123.6,63250
equity,INE0N6U01018,2026-09-15,1223.95,1139.95,1159.85,25000
equity,INE830C01026,2026-09-07,121.71,116.5,121.34,111945
equity,INE830C01026,2026-09-08,124,116.21,119.68,33686
equity,INE830C01026,2026-09-09,122.35,115,116.67,33133
equity,INE830C01026,2026-09-10,118,113.56,117.74,20531
equity,INE830C01026,2026-09-11,119,113.11,116,14352
equity,INE830C01026,2026-09-15,117.8,113,113,25983
equity,INE830C01026,2026-09-16,114.76,107.87,111.56,37534
equity,INE878I01022,2026-09-08,307.75,307.75,307.75,6169
equity,INE878I01022,2026-09-09,303.1,301.6,301.6,4475
equity,INE878I01022,2026-09-10,307.6,295.6,307.6,9236
equity,INE878I01022,2026-09-11,301.45,301.45,301.45,11743
equity,INE878I01022,2026-09-15,307.45,301.55,307.3,12177
equity,INE878I01022,2026-09-16,309,308.1,309,6535
equity,INE0LEG01024,2026-09-07,75.45,72,73.25,1163441
equity,INE0LEG01024,2026-09-08,75.08,72,73.96,1164694
equity,INE0LEG01024,2026-09-09,77.65,73.5,77.65,1719401
equity,INE0LEG01024,2026-09-10,81.53,81.53,81.53,538142
equity,INE0LEG01024,2026-09-11,85.6,80,85.6,3058271
equity,INE0LEG01024,2026-09-14,85.6,85.6,85.6,
equity,INE0LEG01024,2026-09-15,86.45,81.32,81.32,1461646
equity,INE0LEG01024,2026-09-16,78.4,71.79,74.21,3850262
equity,INE485D01043,2026-09-08,181.55,181.55,181.55,950
equity,INE485D01043,2026-09-09,185.15,185.15,185.15,1978
equity,INE485D01043,2026-09-10,188.85,188.85,188.85,1073
equity,INE485D01043,2026-09-11,192.6,192.6,192.6,236
equity,INE485D01043,2026-09-15,196.45,188.75,188.75,290487
equity,INE763M01028,2026-09-08,38.7,36.69,38.31,79575
equity,INE763M01028,2026-09-09,39.09,37.39,37.54,212300
equity,INE763M01028,2026-09-10,41.29,37.81,41.29,521823
equity,INE763M01028,2026-09-11,44,40.9,41.75,399517
equity,INE763M01028,2026-09-15,43.95,40.63,40.75,179828
equity,INE722B01019,2026-09-08,279.8,258.95,271.25,36559
equity,INE722B01019,2026-09-09,276.8,262.3,264.8,7734
equity,INE722B01019,2026-09-10,272,260,266.35,10401
equity,INE722B01019,2026-09-11,264.05,260,263.85,8621
equity,INE722B01019,2026-09-15,265.8,253.75,255.4,12067
equity,INE694N01015,2026-09-08,175.99,169.21,172.8,32314
equity,INE694N01015,2026-09-09,174.97,170.51,173.93,31477
equity,INE694N01015,2026-09-10,176.18,171.77,172.3,18572
equity,INE694N01015,2026-09-11,174,168.5,171.58,43044
equity,INE694N01015,2026-09-15,173.79,165,165.95,25094
equity,INE694N01015,2026-09-16,169.89,161.04,163.31,36171
equity,INE290E01011,2026-09-08,162,158,160.05,265
equity,INE290E01011,2026-09-09,163,160.95,161,206
equity,INE290E01011,2026-09-10,160.2,155.3,157.15,61
equity,INE290E01011,2026-09-11,165,157.1,160.95,256
equity,INE290E01011,2026-09-15,162,159.05,161.4,535
equity,INE980Y01015,2026-09-08,234.4,217.35,230.38,606636
equity,INE980Y01015,2026-09-09,244.4,224.17,226.81,1192055
equity,INE980Y01015,2026-09-10,230.45,215.31,216.19,370671
equity,INE980Y01015,2026-09-11,217.77,212.04,213.35,203063
equity,INE980Y01015,2026-09-15,213.35,200.05,201.59,304793
equity,INE980Y01015,2026-09-16,203.24,193.72,198.58,286651
equity,INE06WU01026,2026-09-07,136.75,130.37,130.89,299362
equity,INE06WU01026,2026-09-08,132.9,129.16,129.99,123289
equity,INE06WU01026,2026-09-09,135.2,127.25,132.05,426097
equity,INE06WU01026,2026-09-10,134.87,126.35,127.88,377674
equity,INE06WU01026,2026-09-11,131.11,125.5,129.07,162049
equity,INE06WU01026,2026-09-15,130,120.3,121.59,330864
equity,INE06WU01026,2026-09-16,124.8,117.25,119.85,198799
equity,INE335K01011,2026-09-07,34.26,31,31.13,2063142
equity,INE335K01011,2026-09-08,34.24,30.7,34.24,2194138
equity,INE335K01011,2026-09-09,35.34,32.52,33.15,1715870
equity,INE335K01011,2026-09-10,33.59,31.71,31.99,600390
equity,INE335K01011,2026-09-11,31.82,31.1,31.67,619170
equity,INE335K01011,2026-09-14,31.67,31.67,31.67,
equity,INE335K01011,2026-09-15,32.47,30.12,30.37,693779
equity,INE335K01011,2026-09-16,31,29.66,30.4,521794
equity,INE474O01010,2026-09-08,233,225.5,226.9,208
equity,INE474O01010,2026-09-09,250,225.2,248,1881
equity,INE474O01010,2026-09-10,236.15,228.95,236.15,118
equity,INE474O01010,2026-09-11,250,225,249.2,639
equity,INE474O01010,2026-09-15,249.2,230,231.05,1400
equity,INE785A01026,2026-09-08,256,227.21,249.04,266571
equity,INE785A01026,2026-09-09,265,248,256.9,140900
equity,INE785A01026,2026-09-10,265,253,258.18,75360
equity,INE785A01026,2026-09-11,257,239.09,244.13,47854
equity,INE785A01026,2026-09-15,244.13,223.13,227.39,35008
equity,INE785A01026,2026-09-16,234.9,217.52,231.66,36723
equity,INE655A01013,2026-09-08,114.68,113.15,113.72,11336
equity,INE655A01013,2026-09-09,115.5,113.1,113.74,11312
equity,INE655A01013,2026-09-10,114.78,113.21,113.25,13252
equity,INE655A01013,2026-09-11,113.5,112.11,112.6,8404
equity,INE655A01013,2026-09-15,114.43,111,111.26,11964
equity,INE655A01013,2026-09-16,112.6,110.1,111.08,11187
equity,INE360C01024,2026-09-08,7.32,7.05,7.24,70892
equity,INE360C01024,2026-09-09,7.26,7.12,7.19,49018
equity,INE360C01024,2026-09-10,7.25,7.01,7.05,49883
equity,INE360C01024,2026-09-11,7.29,7,7.14,54041
equity,INE360C01024,2026-09-15,7.28,7.02,7.05,71833
equity,INE360C01024,2026-09-16,7.2,6.92,7.07,46259
equity,INE538A01037,2026-09-08,63.59,59.21,60.17,299897
equity,INE538A01037,2026-09-09,61.4,56.62,57.35,137857
equity,INE538A01037,2026-09-10,59.9,57.16,58.44,107699
equity,INE538A01037,2026-09-11,59.9,56.42,58.27,128897
equity,INE538A01037,2026-09-15,58.27,54.19,54.69,88311
equity,INE538A01037,2026-09-16,56.23,53.49,54.65,50994
equity,INE546V01010,2026-09-08,265,263.55,265,3197
equity,INE546V01010,2026-09-09,270.3,259.7,270.3,5881
equity,INE546V01010,2026-09-10,275.7,275.7,275.7,2416
equity,INE546V01010,2026-09-11,281.2,281,281.2,3955
equity,INE546V01010,2026-09-15,275.6,275.6,275.6,45
equity,INE546V01010,2026-09-16,270.1,270.1,270.1,146
equity,INE252A01019,2026-09-08,149.7,145.35,146.35,11403
equity,INE252A01019,2026-09-09,148.7,144.95,145.8,11802
equity,INE252A01019,2026-09-10,145.8,145.8,145.8,
equity,INE252A01019,2026-09-11,145.8,145.8,145.8,
equity,INE252A01019,2026-09-14,145.8,145.8,145.8,
equity,INE252A01019,2026-09-15,138.75,138.55,138.55,7532
equity,INE0ATZ01017,2026-09-07,186.4158,178.5882,179.5754,117149
equity,INE0ATZ01017,2026-09-08,183.9229,172.0071,174.47,103904
equity,INE0ATZ01017,2026-09-09,180,166.01,172.55,129647
equity,INE0ATZ01017,2026-09-10,175.99,170,171.96,65582
equity,INE0ATZ01017,2026-09-11,178.5,170,175.92,71650
equity,INE0ATZ01017,2026-09-15,175.92,169,170.36,39393
equity,INE0ATZ01017,2026-09-16,173.45,163.85,171.53,51269
equity,INE0N5801013,2026-09-08,413.95,400.5,404.4,7500
equity,INE0N5801013,2026-09-09,418.95,393.25,399.2,21000
equity,INE0N5801013,2026-09-10,405,389,390,13750
equity,INE0N5801013,2026-09-11,400,383,390,11750
equity,INE0N5801013,2026-09-15,404.6,380,386.35,32000
equity,INE0TGX01019,2026-09-07,267.15,253,267.15,9181
equity,INE0TGX01019,2026-09-08,274,256.2,259.95,6271
equity,INE0TGX01019,2026-09-09,265.95,250,251.75,12707
equity,INE0TGX01019,2026-09-10,257,246,249.75,4895
equity,INE0TGX01019,2026-09-11,262.2,243.6,262.2,8561
equity,INE0TGX01019,2026-09-15,275.3,263,264.75,15600
equity,INE0TGX01019,2026-09-16,272,252.1,270.75,6762
equity,INE052T01021,2026-09-08,20.4,19.41,19.6,802902
equity,INE052T01021,2026-09-09,19.93,19.16,19.5,599344
equity,INE052T01021,2026-09-10,19.56,19.05,19.14,353461
equity,INE052T01021,2026-09-11,19.35,18.63,19.05,493330
equity,INE052T01021,2026-09-15,19.48,18.06,18.39,767826
equity,INE052T01021,2026-09-16,18.87,17.73,18.44,601821
equity,INE692G01013,2026-09-08,65.85,63.7,64.08,212407
equity,INE692G01013,2026-09-09,64.99,62.04,63.28,78595
equity,INE692G01013,2026-09-10,64.23,62.96,63.62,69094
equity,INE692G01013,2026-09-11,64.94,61.78,62.34,82421
equity,INE692G01013,2026-09-14,62.34,62.34,62.34,
equity,INE692G01013,2026-09-15,66.5,62.32,64.5,511238
equity,INE692G01013,2026-09-16,65.78,62.4,63.08,91818
equity,INE06HJ01020,2026-09-07,116.4,111.3,111.75,72911
equity,INE06HJ01020,2026-09-08,113.5,111.5,111.87,40799
equity,INE06HJ01020,2026-09-09,112.56,110.49,111.44,40648
equity,INE06HJ01020,2026-09-10,112.99,111.1,111.73,36273
equity,INE06HJ01020,2026-09-11,112.98,109.82,111.68,36406
equity,INE06HJ01020,2026-09-15,112.91,106,107.47,96779
equity,INE06HJ01020,2026-09-16,108.19,105.29,106.37,45853
equity,INE138C01024,2026-09-08,161.5,152.8,158.9,28552
equity,INE138C01024,2026-09-09,166.84,161.55,166.8,94989
equity,INE138C01024,2026-09-10,175.14,169,175.14,100439
equity,INE138C01024,2026-09-11,180.99,166.39,169.64,85705
equity,INE138C01024,2026-09-14,169.64,169.64,169.64,
equity,INE138C01024,2026-09-15,178.12,178.12,178.12,67464
equity,INE138C01024,2026-09-16,187.02,169.5,186.97,214032
equity,INE501Y01019,2026-09-08,671.5,647,662.2,12176
equity,INE501Y01019,2026-09-09,680,643,648.1,15443
equity,INE501Y01019,2026-09-10,655,641,643.45,1701
equity,INE501Y01019,2026-09-11,660,632,646.8,3724
equity,INE501Y01019,2026-09-15,654,630.05,636.05,3939
equity,INE501Y01019,2026-09-16,648,630,635.2,5340
equity,INE974B01016,2026-09-08,1234.9,1208,1214.6,2630
equity,INE974B01016,2026-09-09,1224.3,1180.1,1184.9,1489
equity,INE974B01016,2026-09-10,1205,1180.1,1195.9,1408
equity,INE974B01016,2026-09-11,1225,1180.1,1207.8,1164
equity,INE974B01016,2026-09-15,1235,1170,1172.3,1305
equity,INE974B01016,2026-09-16,1179,1160.1,1175.1,1194
equity,INE204E01012,2026-09-08,449.65,432.1,440.9,47875
equity,INE204E01012,2026-09-09,449.95,435.35,447.25,29437
equity,INE204E01012,2026-09-10,447.1,430.6,433.85,37587
equity,INE204E01012,2026-09-11,434.5,421,431.75,45584
equity,INE204E01012,2026-09-15,436.95,417.5,421,51633
equity,INE204E01012,2026-09-16,427.9,407.95,409.6,46728
equity,INE0O3901029,2026-09-08,27.75,26,26.72,161113
equity,INE0O3901029,2026-09-09,27.31,26.05,26.99,213848
equity,INE0O3901029,2026-09-10,27.53,26.7,26.94,70457
equity,INE0O3901029,2026-09-11,27.39,26,26.97,157483
equity,INE0O3901029,2026-09-15,27.9,25.17,25.71,82719
equity,INE0O3901029,2026-09-16,27.24,25.15,27.03,136134
equity,INE518E01015,2026-09-08,133.89,125.56,129.1,49305
equity,INE518E01015,2026-09-09,135,126.76,133.35,170175
equity,INE518E01015,2026-09-10,144.49,133.35,136.43,458670
equity,INE518E01015,2026-09-11,141.5,132,139.22,119406
equity,INE518E01015,2026-09-15,138.96,128.02,133.61,146082
equity,INE518E01015,2026-09-16,138.99,127.81,136.78,104649
equity,INE247M01014,2026-09-08,136.4,132,133.78,10889
equity,INE247M01014,2026-09-09,136,131.5,135.13,17330
equity,INE247M01014,2026-09-10,141.88,131.2,141.76,47006
equity,INE247M01014,2026-09-11,147,137.49,141.7,41348
equity,INE247M01014,2026-09-15,140.99,136.9,137.63,9049
equity,INE247M01014,2026-09-16,138.98,133.3,135.06,15219
equity,INE295A01018,2026-09-08,429.8,420,426.3,16352
equity,INE295A01018,2026-09-09,434,421.5,425,8146
equity,INE295A01018,2026-09-10,424,414,415.45,2509
equity,INE295A01018,2026-09-11,419.95,400,408,10247
equity,INE295A01018,2026-09-15,409.9,398,399,9599
equity,INE295A01018,2026-09-16,405,390,401.35,2278
equity,INE0N7W01012,2026-09-08,163.07,159.49,161.92,33224
equity,INE0N7W01012,2026-09-09,163.45,160,161.34,14801
equity,INE0N7W01012,2026-09-10,163,161,161.23,12629
equity,INE0N7W01012,2026-09-11,162.01,158,161.47,12189
equity,INE0N7W01012,2026-09-15,163.84,160.03,161.01,47310
equity,INE0N7W01012,2026-09-16,163,159.21,161.99,12181
equity,INE645H01027,2026-09-08,42,39.55,40.6,35681
equity,INE645H01027,2026-09-09,41.6,39.25,39.95,18727
equity,INE645H01027,2026-09-10,41.73,39.01,39.64,26585
equity,INE645H01027,2026-09-11,40.9,38.9,39.27,20479
equity,INE645H01027,2026-09-15,39.5,38,38.28,68463
equity,INE645H01027,2026-09-16,39,36.5,38.73,48820
equity,INE672K01025,2026-09-08,223.8,206.55,211,17440
equity,INE672K01025,2026-09-09,214,200.45,209.85,17084
equity,INE672K01025,2026-09-10,213.7,202,210.7,21873
equity,INE672K01025,2026-09-11,209,200.2,201.15,18653
equity,INE672K01025,2026-09-15,202.85,191.1,197.9,26268
equity,INE0HF201011,2026-09-07,150.2,148.35,148.47,35383
equity,INE0HF201011,2026-09-08,149.39,146.5,146.91,57323
equity,INE0HF201011,2026-09-09,149.93,146.52,147.65,64651
equity,INE0HF201011,2026-09-10,154.45,146.15,147.42,213570
equity,INE0HF201011,2026-09-11,148.35,146,147.02,80611
equity,INE0HF201011,2026-09-15,148.6,145.21,146.3,95273
equity,INE0HF201011,2026-09-16,146.68,142.52,145.66,55594
equity,INE967C01018,2026-09-08,234.79,223.02,232.18,103818
equity,INE967C01018,2026-09-09,233,223.94,226.46,131332
equity,INE967C01018,2026-09-10,228.4,220.2,224.68,79870
equity,INE967C01018,2026-09-11,225.77,220.21,224.2,38878
equity,INE967C01018,2026-09-15,225.89,202.85,207.6,118268
equity,INE967C01018,2026-09-16,214.25,202,209.88,71866
equity,INE0NN701020,2026-09-08,26.44,24.85,25.82,362830
equity,INE0NN701020,2026-09-09,25.78,24.61,24.89,171806
equity,INE0NN701020,2026-09-10,24.85,24.41,24.61,127832
equity,INE0NN701020,2026-09-11,25.7,24.2,25.18,242102
equity,INE0NN701020,2026-09-15,25.4,24.2,24.33,162315
equity,INE0NN701020,2026-09-16,24.83,23.12,23.89,233170
equity,INE038F01029,2026-09-07,111.48,107.62,110.68,28994
equity,INE038F01029,2026-09-08,113.43,110.18,110.99,18635
equity,INE038F01029,2026-09-09,112.7,110,110.06,17754
equity,INE038F01029,2026-09-10,112.63,108.63,109.7,25559
equity,INE038F01029,2026-09-11,109.98,108,109.3,18765
equity,INE038F01029,2026-09-15,109.97,104.51,105.68,93068
equity,INE038F01029,2026-09-16,106,102.48,103.49,34294
equity,INE869I01013,2026-09-08,59.13,57.67,58.08,26510
equity,INE869I01013,2026-09-09,58.89,57.52,58.29,35618
equity,INE869I01013,2026-09-10,61.59,58.29,59.75,99581
equity,INE869I01013,2026-09-11,60.86,59,59.81,58766
equity,INE869I01013,2026-09-14,59.81,59.81,59.81,
equity,INE869I01013,2026-09-15,60.7,57.3,57.83,88762
equity,INE869I01013,2026-09-16,58.74,55.8,56.46,49980
equity,INE0ONE01016,2026-09-08,1800,1710,1760,720
equity,INE0ONE01016,2026-09-09,1760,1658,1750,800
equity,INE0ONE01016,2026-09-10,1750,1750,1750,
equity,INE0ONE01016,2026-09-11,1750,1675,1721,800
equity,INE0ONE01016,2026-09-15,1670,1670,1670,80
equity,INE230R01035,2026-09-08,4.18,4.17,4.17,1166637
equity,INE230R01035,2026-09-09,4.09,4.09,4.09,1269165
equity,INE230R01035,2026-09-10,4.01,4.01,4.01,1643160
equity,INE230R01035,2026-09-11,3.93,3.93,3.93,3936136
equity,INE230R01035,2026-09-15,4.1,3.74,3.74,6593055
equity,INE230R01035,2026-09-16,3.92,3.68,3.92,2722764
equity,INE350Z01018,2026-09-07,629,586.5,603.4,1178
equity,INE350Z01018,2026-09-08,614.5,591.1,598.8,641
equity,INE350Z01018,2026-09-09,610,595.2,597.55,418
equity,INE350Z01018,2026-09-10,607.5,590,599.45,653
equity,INE350Z01018,2026-09-11,605.8,581,583.1,1352
equity,INE350Z01018,2026-09-15,588,575,575.1,2489
equity,INE350Z01018,2026-09-16,589.9,570,578.95,465
equity,INE298I01015,2026-09-08,498,461.7,483.15,16363
equity,INE298I01015,2026-09-09,493.25,470,486.15,32661
equity,INE298I01015,2026-09-10,489,461.85,468.6,18982
equity,INE298I01015,2026-09-11,485,445.2,475.6,24528
equity,INE298I01015,2026-09-15,482,453,473.3,25734
equity,INE298I01015,2026-09-16,483,456.55,480.7,14050
equity,INE037A01022,2026-09-08,95.45,93.26,93.55,7826
equity,INE037A01022,2026-09-09,94.99,92.07,92.56,11028
equity,INE037A01022,2026-09-10,94,91.5,91.55,4203
equity,INE037A01022,2026-09-11,92.98,91.01,91.32,1757
equity,INE037A01022,2026-09-15,92.9,88.05,89.22,12219
equity,INE037A01022,2026-09-16,91.99,88.43,89.05,2263
equity,INE939X01013,2026-09-07,131.98,129.5,130.79,50373
equity,INE939X01013,2026-09-08,134.38,129.5,130.67,73039
equity,INE939X01013,2026-09-09,132.79,129.2,130.16,108399
equity,INE939X01013,2026-09-10,134,129.14,131.48,66636
equity,INE939X01013,2026-09-11,133.99,130.21,132.47,58753
equity,INE939X01013,2026-09-15,135.99,131.12,133.87,104730
equity,INE939X01013,2026-09-16,135.99,125.55,130.67,93447
equity,INE529I01021,2026-09-08,81.28,76.35,77.92,243518
equity,INE529I01021,2026-09-09,78.44,75,75.61,76052
equity,INE529I01021,2026-09-10,77.65,75,75.49,87247
equity,INE529I01021,2026-09-11,78.49,75.01,76.43,117403
equity,INE529I01021,2026-09-15,80.49,75.15,75.99,324561
equity,INE529I01021,2026-09-16,77.13,75.25,75.69,49275
equity,INE0D6I01023,2026-09-08,270,265.15,268.2,27200
equity,INE0D6I01023,2026-09-09,271.8,265,269.45,27480
equity,INE0D6I01023,2026-09-10,273.55,257.3,259.1,59528
equity,INE0D6I01023,2026-09-11,261.9,254,258.1,33182
equity,INE0D6I01023,2026-09-14,258.1,258.1,258.1,
equity,INE0D6I01023,2026-09-15,264.95,251,252.1,43296
equity,INE0D6I01023,2026-09-16,261.9,249,255.75,35656
equity,INE622H01018,2026-09-07,135,131,131.65,72717
equity,INE622H01018,2026-09-08,150.19,138.92,144.16,2435816
equity,INE622H01018,2026-09-09,144.95,139,144.18,162637
equity,INE622H01018,2026-09-10,143.94,140,140.32,86499
equity,INE622H01018,2026-09-11,144.03,135.83,141.66,131169
equity,INE622H01018,2026-09-15,142.01,135.1,136.07,72050
equity,INE622H01018,2026-09-16,138,130,132.92,108430
equity,INE285C01015,2026-09-08,1497.95,1417,1497.05,139
equity,INE285C01015,2026-09-09,1510.9,1475.05,1483.75,123
equity,INE285C01015,2026-09-10,1502,1475,1489,85
equity,INE285C01015,2026-09-11,1465.05,1455,1456.85,37
equity,INE285C01015,2026-09-15,1457.3,1440.05,1457.3,36
equity,INE626A01014,2026-09-07,58.02,55.5,55.8,110734
equity,INE626A01014,2026-09-08,56.66,55.25,56.11,84201
equity,INE626A01014,2026-09-09,56.66,55.5,55.78,23875
equity,INE626A01014,2026-09-10,56.16,55,55.48,30104
equity,INE626A01014,2026-09-11,55.84,54,54.76,60190
equity,INE626A01014,2026-09-15,55.99,52.7,53.03,107268
equity,INE626A01014,2026-09-16,55.88,51.8,52.33,122216
equity,INE480D01010,2026-09-08,56.98,55,55.5,28562
equity,INE480D01010,2026-09-09,56.85,54,54.34,29950
equity,INE480D01010,2026-09-10,58.99,54.56,56.63,41899
equity,INE480D01010,2026-09-11,56.63,50,53.57,89907
equity,INE480D01010,2026-09-15,55.8,50.4,51.47,18007
equity,INE220Z01013,2026-09-08,166.9,160,161.3,65166
equity,INE220Z01013,2026-09-09,161.45,160,160.55,37414
equity,INE220Z01013,2026-09-10,162.4,160.15,162.25,7406
equity,INE220Z01013,2026-09-11,164.5,159.05,163.85,39452
equity,INE220Z01013,2026-09-15,166,159.25,162.65,18100
equity,INE429I01024,2026-09-08,14.4,14,14.09,123596
equity,INE429I01024,2026-09-09,14.3,13.95,14.12,229188
equity,INE429I01024,2026-09-10,14.44,14,14.15,72588
equity,INE429I01024,2026-09-11,14.38,13.7,13.91,245082
equity,INE429I01024,2026-09-15,14.11,13.73,13.99,158953
equity,INE429I01024,2026-09-16,14.18,13.52,13.61,170456
equity,INE1IJQ01026,2026-09-07,307.45,282.5,295.65,72000
equity,INE1IJQ01026,2026-09-08,293,280.9,280.9,32400
equity,INE1IJQ01026,2026-09-09,293.3,280,283.85,20400
equity,INE1IJQ01026,2026-09-10,293,269.7,289.5,50400
equity,INE1IJQ01026,2026-09-11,302,275.05,299,71400
equity,INE1IJQ01026,2026-09-15,313.95,300,312.2,103200
equity,INE1IJQ01026,2026-09-16,308,296.6,306.35,34200
equity,INE389C01015,2026-09-08,999.9,962.55,981.65,3595
equity,INE389C01015,2026-09-09,983.45,971.25,977.85,3467
equity,INE389C01015,2026-09-10,999,972,976.3,1439
equity,INE389C01015,2026-09-11,980,943,952.15,8524
equity,INE389C01015,2026-09-15,959.05,905.15,911.95,3685
equity,INE389C01015,2026-09-16,932.4,912,924.3,1187
equity,INE333I01044,2026-09-08,12.36,11.57,12.03,37465
equity,INE333I01044,2026-09-09,12.4,11.61,11.9,17728
equity,INE333I01044,2026-09-10,12.48,11.8,12.05,29607
equity,INE333I01044,2026-09-11,12.28,11.58,11.96,37376
equity,INE333I01044,2026-09-15,11.95,11.37,11.38,31418
equity,INE333I01044,2026-09-16,11.37,10.82,11.09,35557
equity,INE231G01010,2026-09-08,240.97,233.2,239.43,2784
equity,INE231G01010,2026-09-09,237.99,231.5,233,709
equity,INE231G01010,2026-09-10,241.8,232,237,1497
equity,INE231G01010,2026-09-11,244,232.4,237,484
equity,INE231G01010,2026-09-15,240.99,228,234.42,1386
equity,INE231G01010,2026-09-16,241.72,223.01,224.59,7592
equity,INE170E01023,2026-09-08,69.7,66,67.83,274991
equity,INE170E01023,2026-09-09,68.19,66.21,66.51,119974
equity,INE170E01023,2026-09-10,69.45,66.2,68.57,185198
equity,INE170E01023,2026-09-11,68.43,66,68.01,115287
equity,INE170E01023,2026-09-15,68.67,66.22,66.51,106260
equity,INE170E01023,2026-09-16,68.5,65.33,68.11,101252
equity,INE767C01012,2026-09-08,411.6,390,409.8,2652
equity,INE767C01012,2026-09-09,450,422.5,432.6,9359
equity,INE767C01012,2026-09-10,443.85,420.15,427.15,486
equity,INE767C01012,2026-09-11,443.9,411,441.15,1700
equity,INE767C01012,2026-09-15,454,421,431.95,3601
equity,INE229A01017,2026-09-08,292,282.35,286.3,48760
equity,INE229A01017,2026-09-09,290,280.3,285.75,35966
equity,INE229A01017,2026-09-10,298,282.15,288.65,55205
equity,INE229A01017,2026-09-11,287.15,281,283.65,13987
equity,INE229A01017,2026-09-15,290,280.1,281.55,20077
equity,INE229A01017,2026-09-16,288.9,274.8,278.6,16389
equity,INE729D01010,2026-09-08,192,181.3,187.88,33104
equity,INE729D01010,2026-09-09,190.01,182.5,188.45,16972
equity,INE729D01010,2026-09-10,190,181.5,185.03,10194
equity,INE729D01010,2026-09-11,189.9,180,185.97,22611
equity,INE729D01010,2026-09-15,194,185,190.2,28652
equity,INE729D01010,2026-09-16,191.8,186,188.82,9185
equity,INE19QK01022,2026-09-07,411,365,397.2,351000
equity,INE19QK01022,2026-09-08,455,407,438.95,305000
equity,INE19QK01022,2026-09-09,444.85,397.35,407.95,279000
equity,INE19QK01022,2026-09-10,411,387.6,396.15,89000
equity,INE19QK01022,2026-09-11,411,380,408.6,92000
equity,INE19QK01022,2026-09-15,411,388.2,388.2,55000
equity,INE19QK01022,2026-09-16,377,368.8,371.25,75000
equity,INE403Y01018,2026-09-08,314.4,300.1,300.55,32871
equity,INE403Y01018,2026-09-09,309.95,295.05,303.2,91112
equity,INE403Y01018,2026-09-10,315.7,299.4,309.3,92386
equity,INE403Y01018,2026-09-11,334,300.1,327,50677
equity,INE403Y01018,2026-09-15,336.35,303,306.1,29412
equity,INE403Y01018,2026-09-16,314.35,300.1,301.3,21908
equity,INE311M01018,2026-09-08,161.05,152.15,155.95,198
equity,INE311M01018,2026-09-09,159.35,148.25,150.6,944
equity,INE311M01018,2026-09-10,156.75,147.75,147.75,178
equity,INE311M01018,2026-09-11,156.45,146.25,155.7,65
equity,INE311M01018,2026-09-15,154,146.65,147.1,1124
equity,INE0Q1S01010,2026-09-08,1025,993,998.55,8375
equity,INE0Q1S01010,2026-09-09,1012,963,983,8125
equity,INE0Q1S01010,2026-09-10,1000,954.2,977.9,7625
equity,INE0Q1S01010,2026-09-11,972,950,965.05,4875
equity,INE0Q1S01010,2026-09-15,1005,957.1,983.35,10000
equity,INE051B01021,2026-09-07,5.81,5.61,5.66,1770839
equity,INE051B01021,2026-09-08,5.7,5.58,5.62,1093585
equity,INE051B01021,2026-09-09,5.66,5.5,5.52,1423887
equity,INE051B01021,2026-09-10,5.55,5.4,5.47,939918
equity,INE051B01021,2026-09-11,5.49,5.3,5.37,1038339
equity,INE051B01021,2026-09-15,5.45,5.24,5.27,1176438
equity,INE051B01021,2026-09-16,5.45,5.13,5.25,1288190
equity,INE050001010,2026-09-08,274.1082,264.3434,271.6794,23357
equity,INE050001010,2026-09-09,285.2609,270.6385,285.0626,79281
equity,INE050001010,2026-09-10,293.2413,277.578,288.3837,42204
equity,INE050001010,2026-09-11,284.7157,276.6857,283.0799,32412
equity,INE050001010,2026-09-15,282.4851,270.6881,275.05,35468
equity,INE050001010,2026-09-16,282.95,262.1,272.25,23499
equity,INE133D01023,2026-09-08,179.5,168.2,168.2,12948
equity,INE133D01023,2026-09-09,173.95,161.3,163.25,10764
equity,INE133D01023,2026-09-10,166.95,163.25,165.25,4629
equity,INE133D01023,2026-09-11,173.5,158.1,167.9,36452
equity,INE133D01023,2026-09-15,176.25,162.6,176.15,39655
equity,INE626Z01029,2026-09-08,9.25,9.01,9.14,1019996
equity,INE626Z01029,2026-09-09,9.2,7.61,8.93,1117076
equity,INE626Z01029,2026-09-10,9.54,9.01,9.12,1908231
equity,INE626Z01029,2026-09-11,9.2,9.04,9.16,496044
equity,INE626Z01029,2026-09-15,9.25,8.81,9.06,3135827
equity,INE626Z01029,2026-09-16,9.11,8.97,9.04,2829919
equity,INE320L01011,2026-09-08,1041.65,1008.75,1014.5,301
equity,INE320L01011,2026-09-09,1017.15,991.2,999.9,675
equity,INE320L01011,2026-09-10,1015,982,991.5,605
equity,INE320L01011,2026-09-11,1007.65,980.2,995,304
equity,INE320L01011,2026-09-15,1028,975,978.45,570
equity,INE320L01011,2026-09-16,988.6,962,977.2,429
equity,INE871K01015,2026-09-08,83.5,80.7,81.98,77539
equity,INE871K01015,2026-09-09,82.3,78.2,80.42,24250
equity,INE871K01015,2026-09-10,79.99,77.94,78.76,5824
equity,INE871K01015,2026-09-11,80.35,76,79.9,3987
equity,INE871K01015,2026-09-15,81.7,77.75,78.03,2537
equity,INE871K01015,2026-09-16,79.5,77.01,78.31,4610
equity,INE915K01010,2026-09-08,522,505.05,515.5,1174
equity,INE915K01010,2026-09-09,538.95,506,516,663
equity,INE915K01010,2026-09-10,526,503.1,526,56
equity,INE915K01010,2026-09-11,505,499.7,505,165
equity,INE915K01010,2026-09-15,530.25,505,506.4,882
equity,INE915K01010,2026-09-16,531.7,491.05,530.65,1425
equity,INE734N01019,2026-09-08,37.26,36,36.83,118533
equity,INE734N01019,2026-09-09,37.2,36.33,36.82,75581
equity,INE734N01019,2026-09-10,36.81,36,36.16,97879
equity,INE734N01019,2026-09-11,36.16,35.51,35.91,72438
equity,INE734N01019,2026-09-15,36.11,34.55,35.03,188142
equity,INE734N01019,2026-09-16,36.39,34.15,34.54,128352
equity,INE607D01018,2026-09-08,424.95,407,410.3,37419
equity,INE607D01018,2026-09-09,422.5,395.8,420.1,41864
equity,INE607D01018,2026-09-10,421.8,410.1,412,16716
equity,INE607D01018,2026-09-11,412,400.2,401.95,22419
equity,INE607D01018,2026-09-14,401.95,401.95,401.95,
equity,INE607D01018,2026-09-15,414,386.4,390.45,55451
equity,INE607D01018,2026-09-16,395.85,377.6,384.2,47962
equity,INE099F01013,2026-09-08,292,276,287.51,26819
equity,INE099F01013,2026-09-09,345.01,287.5,345.01,635232
equity,INE099F01013,2026-09-10,400,350.5,370.3,487582
equity,INE099F01013,2026-09-11,365.8,333.27,333.27,129115
equity,INE099F01013,2026-09-15,323,316.61,316.61,15954
equity,INE099F01013,2026-09-16,303,300.78,300.78,10682
equity,INE694E01014,2026-09-08,246,233.55,242.1,25065
equity,INE694E01014,2026-09-09,253.7,239,251.4,24441
equity,INE694E01014,2026-09-10,254.2,248,251.7,10832
equity,INE694E01014,2026-09-11,277.45,247.5,264.6,72663
equity,INE694E01014,2026-09-14,264.6,264.6,264.6,
equity,INE694E01014,2026-09-15,264.6,241.3,246,24653
equity,INE694E01014,2026-09-16,270,243.15,265.85,27577
equity,INE291W01037,2026-09-08,129.4,120.46,126.62,385486
equity,INE291W01037,2026-09-09,128.24,123.47,125.94,118903
equity,INE291W01037,2026-09-10,128.54,121.94,123.56,81499
equity,INE291W01037,2026-09-11,128,122,126.91,180836
equity,INE291W01037,2026-09-15,128.09,123.11,126.23,86903
equity,INE291W01037,2026-09-16,131.98,124.5,128.89,214390
equity,INE467D01017,2026-09-08,475,422,453.55,7972
equity,INE467D01017,2026-09-09,475.65,445.55,445.7,1832
equity,INE467D01017,2026-09-10,458.45,435,449.65,14728
equity,INE467D01017,2026-09-11,455,442.1,448.85,3908
equity,INE467D01017,2026-09-15,466,406.6,424.05,88
equity,INE266B01017,2026-09-08,226.45,212.65,218.75,66282
equity,INE266B01017,2026-09-09,222,214,221.7,59005
equity,INE266B01017,2026-09-10,232.75,220,232.75,31125
equity,INE266B01017,2026-09-11,244.2,221.5,229.35,267625
equity,INE266B01017,2026-09-15,228.45,218.25,219.95,24672
equity,INE719F01016,2026-09-08,470,451.5,461.2,14907
equity,INE719F01016,2026-09-09,465,460.55,464.35,1445
equity,INE719F01016,2026-09-10,476,400,461.45,898031
equity,INE719F01016,2026-09-11,476,462.05,465.4,13315
equity,INE719F01016,2026-09-15,484.9,463.5,470,815
equity,INE719F01016,2026-09-16,475.8,469,469,1900
equity,INE0O8901016,2026-09-08,477.4,457,468.9,18000
equity,INE0O8901016,2026-09-09,485,460,480.15,29750
equity,INE0O8901016,2026-09-10,489,477,481.2,25000
equity,INE0O8901016,2026-09-11,483.7,475.5,477.65,18000
equity,INE0O8901016,2026-09-15,474,465,471,15750
equity,INE501G01024,2026-09-08,26.15,25.11,25.41,111032
equity,INE501G01024,2026-09-09,25.91,24.5,24.67,122745
equity,INE501G01024,2026-09-10,25.25,23.91,24.32,86924
equity,INE501G01024,2026-09-11,25.35,23.99,24.92,115860
equity,INE501G01024,2026-09-15,25.49,22.81,23.55,254895
equity,INE501G01024,2026-09-16,23.9,22.75,22.99,246224
equity,INE0ADB01012,2026-09-07,260,254.9,256.25,8908
equity,INE0ADB01012,2026-09-08,258.9,250.75,252,8849
equity,INE0ADB01012,2026-09-09,296.45,265,280.3,1409333
equity,INE0ADB01012,2026-09-10,276,265.2,266.8,55275
equity,INE0ADB01012,2026-09-11,265,258.85,260.35,22172
equity,INE0ADB01012,2026-09-15,261,255,255.35,13741
equity,INE0ADB01012,2026-09-16,258.7,253.25,255.45,12480
equity,INE562X01013,2026-09-08,170,164.1,164.79,38439
equity,INE562X01013,2026-09-09,166.49,160.25,163.35,46744
equity,INE562X01013,2026-09-10,163.99,158,160.3,41455
equity,INE562X01013,2026-09-11,159.9,152.5,153,91258
equity,INE562X01013,2026-09-15,157,145.35,145.37,72668
equity,INE562X01013,2026-09-16,145,138.11,138.11,46659
equity,INE116C01012,2026-09-08,682.9,670,674.3,473
equity,INE116C01012,2026-09-09,681.95,670,676.45,130
equity,INE116C01012,2026-09-10,793,661.15,739.8,7757
equity,INE116C01012,2026-09-11,776,725.6,769.1,1302
equity,INE116C01012,2026-09-15,790,757,762,1318
equity,INE818B01023,2026-09-08,68.34,66.3,67.12,46773
equity,INE818B01023,2026-09-09,69.1,66.16,67.91,68933
equity,INE818B01023,2026-09-10,68.88,67.12,67.76,41488
equity,INE818B01023,2026-09-11,67.87,66.06,67.08,32213
equity,INE818B01023,2026-09-14,67.08,67.08,67.08,
equity,INE818B01023,2026-09-15,72.8,68.1,70.48,667184
equity,INE818B01023,2026-09-16,72.39,66.18,68.07,159716
equity,INE437D01010,2026-09-08,1449.9,1373.2,1414.55,2230
equity,INE437D01010,2026-09-09,1450,1376.2,1439.4,778
equity,INE437D01010,2026-09-10,1460,1373.3,1422.6,1275
equity,INE437D01010,2026-09-11,1435,1371.15,1398.8,871
equity,INE437D01010,2026-09-15,1454.8,1322.2,1327.9,828
equity,INE835B01035,2026-09-08,224.8554,210.9876,216.2078,86969
equity,INE835B01035,2026-09-09,222.2799,208.016,210.5023,35303
equity,INE835B01035,2026-09-10,215.7423,206.0349,209.69,23425
equity,INE835B01035,2026-09-11,217,201.35,207.39,46074
equity,INE835B01035,2026-09-15,213,197.03,197.03,28727
equity,INE835B01035,2026-09-16,192.08,187.18,187.18,18831
equity,INE25E901019,2026-09-07,178,169.06,170.31,142210
equity,INE25E901019,2026-09-08,171.73,168.31,170,34886
equity,INE25E901019,2026-09-09,171.56,168.01,168.7,34790
equity,INE25E901019,2026-09-10,171,167,168.11,35105
equity,INE25E901019,2026-09-11,174.95,165,171.54,206438
equity,INE25E901019,2026-09-15,173.72,165.35,168.2,103029
equity,INE25E901019,2026-09-16,168.19,162.1,164.82,96074
equity,INE308A01027,2026-09-07,252.99,236.1,238.38,11368
equity,INE308A01027,2026-09-08,244.9,234,243.18,11880
equity,INE308A01027,2026-09-09,242.19,236,236.55,6160
equity,INE308A01027,2026-09-10,239.04,232.42,233.77,4604
equity,INE308A01027,2026-09-11,240.92,230.1,231.87,3654
equity,INE308A01027,2026-09-15,234.76,225,226.24,9176
equity,INE308A01027,2026-09-16,233,225,225.84,6869
equity,INE071E01023,2026-09-07,55.85,53.82,54.19,656681
equity,INE071E01023,2026-09-08,54.85,52.66,53.29,256047
equity,INE071E01023,2026-09-09,53.51,50,50.49,369523
equity,INE071E01023,2026-09-10,51.56,49.5,49.92,298195
equity,INE071E01023,2026-09-11,58.99,48.49,54.3,11275075
equity,INE071E01023,2026-09-15,57.5,52.36,53.22,1194220
equity,INE071E01023,2026-09-16,53.88,51.21,53.39,840604
equity,INE919M01026,2026-09-08,301.6,301.6,301.6,
equity,INE919M01026,2026-09-09,301.6,301.6,301.6,
equity,INE919M01026,2026-09-10,301.6,301.6,301.6,
equity,INE919M01026,2026-09-11,301.6,301.6,301.6,
equity,INE919M01026,2026-09-14,301.6,301.6,301.6,
equity,INE919M01026,2026-09-15,298.6,298.6,298.6,2
equity,INE0TJ801010,2026-09-07,328.65,328,328.65,20800
equity,INE0TJ801010,2026-09-08,345.05,345.05,345.05,19200
equity,INE0TJ801010,2026-09-09,362.3,355.05,362.3,68800
equity,INE0TJ801010,2026-09-10,380.4,368,371.45,221600
equity,INE0TJ801010,2026-09-11,378.45,353.1,377.5,49600
equity,INE0TJ801010,2026-09-15,380,358.65,358.65,43200
equity,INE0TJ801010,2026-09-16,351.5,351.5,351.5,14400
equity,INE0OU201013,2026-09-07,69.79,67,67.42,65873
equity,INE0OU201013,2026-09-08,71.98,67.89,69.09,61329
equity,INE0OU201013,2026-09-09,71.4,68.7,69.78,48268
equity,INE0OU201013,2026-09-10,75.4,69.1,72.36,139970
equity,INE0OU201013,2026-09-11,73.99,69.72,71.04,188725
equity,INE0OU201013,2026-09-15,73.79,68.03,69.25,117329
equity,INE0OU201013,2026-09-16,70.87,67.52,69.28,65733
equity,INE0Q0M01015,2026-09-08,236.95,227.1,228,14000
equity,INE0Q0M01015,2026-09-09,235,223,234.85,21400
equity,INE0Q0M01015,2026-09-10,237,227,229,12200
equity,INE0Q0M01015,2026-09-11,254,225.05,250.7,43200
equity,INE0Q0M01015,2026-09-15,264,249,252.7,32600
equity,INE175N01023,2026-09-08,38.39,38.39,38.39,36632
equity,INE175N01023,2026-09-09,37.63,37.63,37.63,14329
equity,INE175N01023,2026-09-10,36.88,36.88,36.88,45708
equity,INE175N01023,2026-09-11,36.15,36.15,36.15,175919
equity,INE175N01023,2026-09-15,35.43,35.43,35.43,277952
equity,INE1RQS01010,2026-09-07,345.5,319,322.55,149000
equity,INE1RQS01010,2026-09-08,329,318.05,325.55,76000
equity,INE1RQS01010,2026-09-09,329,314.05,324.25,59000
equity,INE1RQS01010,2026-09-10,382.95,325.2,365.25,374000
equity,INE1RQS01010,2026-09-11,392,359.95,387.85,272000
equity,INE1RQS01010,2026-09-15,407,362.35,376.65,203000
equity,INE1RQS01010,2026-09-16,388.95,360,376.2,116000
equity,INE289A01011,2026-09-08,140.8,135.73,137.43,13028
equity,INE289A01011,2026-09-09,138.52,133.34,134.1,15546
equity,INE289A01011,2026-09-10,136.59,133.1,133.89,14916
equity,INE289A01011,2026-09-11,134.7,130.1,131.62,14797
equity,INE289A01011,2026-09-15,135.59,126.22,127.37,15027
equity,INE289A01011,2026-09-16,130.19,124,127.3,36593
equity,INE412U01025,2026-09-08,42.1,41,41.19,19372
equity,INE412U01025,2026-09-09,41.43,40.45,40.82,33278
equity,INE412U01025,2026-09-10,41.45,40.02,40.57,38315
equity,INE412U01025,2026-09-11,41.1,39.61,40.79,23710
equity,INE412U01025,2026-09-15,40.73,39,39.14,53036
equity,INE412U01025,2026-09-16,40,38,39.51,45536
equity,INE673E01018,2026-09-08,357.3,323.95,327.2,1089
equity,INE673E01018,2026-09-09,339.05,320,333,331
equity,INE673E01018,2026-09-10,333,329,331.35,61
equity,INE673E01018,2026-09-11,347.7,331,344.75,300
equity,INE673E01018,2026-09-15,361.95,337.2,360.9,4137
equity,INE931X01010,2026-09-08,255,255,255,
equity,INE931X01010,2026-09-09,243,243,243,1500
equity,INE931X01010,2026-09-10,243,243,243,
equity,INE931X01010,2026-09-11,243,243,243,
equity,INE931X01010,2026-09-14,243,243,243,
equity,INE931X01010,2026-09-15,243,243,243,
equity,INE102I01027,2026-09-07,103.99,100.21,101.46,126207
equity,INE102I01027,2026-09-08,102,99.75,101.23,91732
equity,INE102I01027,2026-09-09,102.38,99.12,99.68,92053
equity,INE102I01027,2026-09-10,101.49,97.5,98.54,91385
equity,INE102I01027,2026-09-11,101,97.05,100.21,98156
equity,INE102I01027,2026-09-15,101.6,96.15,97.02,112407
equity,INE102I01027,2026-09-16,98.5,94.02,95.26,114360
equity,INE879A01019,2026-09-08,43.7,41.43,42.27,80828
equity,INE879A01019,2026-09-09,49.91,41.14,45,417234
equity,INE879A01019,2026-09-10,47.3,44.22,45.88,207997
equity,INE879A01019,2026-09-11,47.4,45,47.12,107895
equity,INE879A01019,2026-09-15,47.08,43.61,44.23,84445
equity,INE879A01019,2026-09-16,44.97,43.5,43.98,53769
equity,INE318C01014,2026-09-08,328,305,328,45
equity,INE318C01014,2026-09-09,309,296.15,309,194
equity,INE318C01014,2026-09-10,326.9,302,321.6,41333
equity,INE318C01014,2026-09-11,324,320.1,320.1,124
equity,INE318C01014,2026-09-15,347,322.5,322.5,1467
equity,INE728Z01015,2026-09-08,447,421,438,4536
equity,INE728Z01015,2026-09-09,446.95,430.15,441.65,2570
equity,INE728Z01015,2026-09-10,452.7,425.1,435,1259
equity,INE728Z01015,2026-09-11,455.9,433.85,452.35,7424
equity,INE728Z01015,2026-09-15,474.95,452.35,474.95,13382
equity,INE728Z01015,2026-09-16,485,451.25,476.9,9640
equity,INE365I01020,2026-09-08,2024,1962,1970,5642
equity,INE365I01020,2026-09-09,2075,1961,1993,9475
equity,INE365I01020,2026-09-10,2024.9,1971.1,2010,5037
equity,INE365I01020,2026-09-11,2020,1960,2020,28
equity,INE365I01020,2026-09-15,2020,1966.1,1978.5,5209
equity,INE365I01020,2026-09-16,2049.5,1965.3,1993.6,5174
equity,INE1U6D01014,2026-09-15,284.4,262.6,262.6,60800
equity,INE1U6D01014,2026-09-16,270.5,249.5,264.05,131200
equity,INE310C01029,2026-09-08,400,382.75,395.35,9174
equity,INE310C01029,2026-09-09,400,380.2,387.05,4341
equity,INE310C01029,2026-09-10,393,380,381.45,3422
equity,INE310C01029,2026-09-11,390,375,376.45,6223
equity,INE310C01029,2026-09-15,385.9,372.55,379.45,2565
equity,INE310C01029,2026-09-16,380,367,374.3,2149
equity,INE440G01017,2026-09-08,1143.8,1116.75,1125.95,139
equity,INE440G01017,2026-09-09,1147,1101.05,1130.6,1139
equity,INE440G01017,2026-09-10,1159.7,1120,1138,268
equity,INE440G01017,2026-09-11,1154,1072.5,1092.55,1274
equity,INE440G01017,2026-09-15,1092.6,1041,1049.8,1650
equity,INE120D01012,2026-09-08,338.3,333.1,335.95,2645
equity,INE120D01012,2026-09-09,340,333.1,335.5,20809
equity,INE120D01012,2026-09-10,336,330.7,332.25,3038
equity,INE120D01012,2026-09-11,337.75,331.4,334.5,3865
equity,INE120D01012,2026-09-15,339,325.1,327.9,8272
equity,INE120D01012,2026-09-16,335,329.4,330.5,8225
equity,INE798F01010,2026-09-08,297,290,290,331
equity,INE798F01010,2026-09-09,300,291.1,298.3,138
equity,INE798F01010,2026-09-10,309.8,295,299.85,125
equity,INE798F01010,2026-09-11,299,299,299,25
equity,INE798F01010,2026-09-15,307.9,280.1,280.45,327
equity,INE0ZOM01013,2026-09-07,420,395,420,19600
equity,INE0ZOM01013,2026-09-08,441,430,440.9,12400
equity,INE0ZOM01013,2026-09-09,430,418.9,419.1,3200
equity,INE0ZOM01013,2026-09-10,440,398.25,399.4,25200
equity,INE0ZOM01013,2026-09-11,406,390.05,400,19200
equity,INE0ZOM01013,2026-09-15,409,399,400,29600
equity,INE0ZOM01013,2026-09-16,405,399.05,399.05,3600
equity,INE0JWS01017,2026-09-08,114.13,106,114.13,198717
equity,INE0JWS01017,2026-09-09,119.83,115.27,119.83,118328
equity,INE0JWS01017,2026-09-10,125.82,121,124.8,286847
equity,INE0JWS01017,2026-09-11,129.9,118.56,127.91,234978
equity,INE0JWS01017,2026-09-14,127.91,127.91,127.91,
equity,INE0JWS01017,2026-09-15,129.5,121.52,122.63,104961
equity,INE0JWS01017,2026-09-16,119.82,116.5,116.91,111457
equity,INE0A1101019,2026-09-08,352.8714,300.1407,300.6405,1111658
equity,INE0A1101019,2026-09-09,301.94,270.1016,270.7014,1464705
equity,INE0A1101019,2026-09-10,282.3971,271.0013,274.5,202786
equity,INE0A1101019,2026-09-11,276.8,270.5,271.7,86670
equity,INE0A1101019,2026-09-14,271.7,271.7,271.7,
equity,INE0A1101019,2026-09-15,295,251.15,264.7,4004396
equity,INE0A1101019,2026-09-16,280.8,255.6,264.15,376628
equity,INE0TQE01026,2026-09-07,62.04,58.05,59.62,66359
equity,INE0TQE01026,2026-09-08,60.86,56.8,57.13,135316
equity,INE0TQE01026,2026-09-09,59.48,56.5,59.03,58650
equity,INE0TQE01026,2026-09-10,60.37,58.5,58.74,43296
equity,INE0TQE01026,2026-09-11,59.99,57,59.04,43281
equity,INE0TQE01026,2026-09-15,59.42,58,59.03,26442
equity,INE0TQE01026,2026-09-16,59.03,57,58.01,34936
equity,INE718F01018,2026-09-08,238.1522,230.5224,231.8164,37446
equity,INE718F01018,2026-09-09,236.168,228.5191,233.3021,73631
equity,INE718F01018,2026-09-10,234.8357,229.5639,231.04,59861
equity,INE718F01018,2026-09-11,234.54,217.12,220.98,149373
equity,INE718F01018,2026-09-14,220.98,220.98,220.98,
equity,INE718F01018,2026-09-15,223.13,215.02,215.37,78193
equity,INE718F01018,2026-09-16,217.8,210.5,214.26,76689
equity,INE761G01016,2026-09-08,114.85,111.45,112,2239
equity,INE761G01016,2026-09-09,113.95,110.35,112.75,1948
equity,INE761G01016,2026-09-10,112.75,109.05,110.65,2321
equity,INE761G01016,2026-09-11,114,106.25,107.5,3449
equity,INE761G01016,2026-09-15,109.85,105.15,106.9,1557
equity,INE953E01022,2026-09-08,181.95,177.1,179.95,7055
equity,INE953E01022,2026-09-09,181.3,177.15,177.5,2096
equity,INE953E01022,2026-09-10,180.3,177.85,178.65,598
equity,INE953E01022,2026-09-11,178.45,176,177.4,998
equity,INE953E01022,2026-09-15,180,175.6,176.7,6753
equity,INE222F01029,2026-09-08,56.84,55.3,56.49,3965
equity,INE222F01029,2026-09-09,57,55.55,55.89,2456
equity,INE222F01029,2026-09-10,56.9,52.02,52.69,6473
equity,INE222F01029,2026-09-11,52.58,48.2,48.86,22157
equity,INE222F01029,2026-09-15,48.9,41.1,42.63,149742
equity,INE0NT601018,2026-09-08,573,550,568,25000
equity,INE0NT601018,2026-09-09,589.9,575,584.85,7500
equity,INE0NT601018,2026-09-10,588,560,567.3,9000
equity,INE0NT601018,2026-09-11,618,560.6,604.2,16500
equity,INE0NT601018,2026-09-15,650,598.95,602.75,20000
equity,INE1KLZ01011,2026-09-07,282.85,255.75,277.45,135600
equity,INE1KLZ01011,2026-09-08,284,272.05,281.75,70200
equity,INE1KLZ01011,2026-09-09,286,266.25,276.35,66600
equity,INE1KLZ01011,2026-09-10,296,275,277.15,210000
equity,INE1KLZ01011,2026-09-11,277.9,265,271.85,45600
equity,INE1KLZ01011,2026-09-15,278.95,265,274.45,72000
equity,INE1KLZ01011,2026-09-16,280,264,271.05,45600
equity,INE491D01017,2026-09-08,128.2,124.95,125,1181
equity,INE491D01017,2026-09-09,121,118.75,121,122
equity,INE491D01017,2026-09-10,127.05,125,127,212
equity,INE491D01017,2026-09-11,122.05,120.65,122,371
equity,INE491D01017,2026-09-15,126,115.9,115.95,1241
equity,INE416A01051,2026-09-08,24.65,22.37,23.1,2178820
equity,INE416A01051,2026-09-09,23.1,22.51,22.61,211570
equity,INE416A01051,2026-09-10,22.99,21.6,21.88,387396
equity,INE416A01051,2026-09-11,22.34,20.89,21.24,515179
equity,INE416A01051,2026-09-14,21.24,21.24,21.24,
equity,INE416A01051,2026-09-15,21.9,20.18,20.71,4195907
equity,INE416A01051,2026-09-16,20.55,19.68,19.71,608258
equity,INE636A01039,2026-09-07,150.99,143.3,145.11,304058
equity,INE636A01039,2026-09-08,146.11,142.11,142.51,122119
equity,INE636A01039,2026-09-09,142.11,138.48,139.79,179141
equity,INE636A01039,2026-09-10,142.09,135.13,135.7,199436
equity,INE636A01039,2026-09-11,138.19,132.4,134.63,308048
equity,INE636A01039,2026-09-15,136.08,127,129,195212
equity,INE636A01039,2026-09-16,128.69,122.81,125.16,292894
equity,INE303A01010,2026-09-08,638.3,613,622.85,6121
equity,INE303A01010,2026-09-09,635.9,615,617.6,6544
equity,INE303A01010,2026-09-10,630,598,601.25,2387
equity,INE303A01010,2026-09-11,619.75,600,602.1,2447
equity,INE303A01010,2026-09-15,628.7,586.3,593.15,6058
equity,INE303A01010,2026-09-16,623.6,590.05,610.3,3625
equity,INE371F01024,2026-09-08,15.84,15.84,15.84,22306
equity,INE371F01024,2026-09-09,15.53,15.53,15.53,14374
equity,INE371F01024,2026-09-10,15.22,15.22,15.22,6355
equity,INE371F01024,2026-09-11,14.92,14.92,14.92,6630
equity,INE371F01024,2026-09-15,14.63,14.63,14.63,9222
equity,INE498D01012,2026-09-08,285.85,285.85,285.85,
equity,INE498D01012,2026-09-09,285.85,285.85,285.85,
equity,INE498D01012,2026-09-10,285.85,285.85,285.85,
equity,INE498D01012,2026-09-11,285.85,285.85,285.85,
equity,INE498D01012,2026-09-14,285.85,285.85,285.85,
equity,INE498D01012,2026-09-15,288.7,288.2,288.7,969
equity,INE0MIS01010,2026-09-08,153.1032,150.5116,151.1794,26098
equity,INE0MIS01010,2026-09-09,153.0434,149.5148,150.0232,31370
equity,INE0MIS01010,2026-09-10,154.9771,150.9003,154.09,24175
equity,INE0MIS01010,2026-09-11,160,151.11,157.74,116058
equity,INE0MIS01010,2026-09-15,158,152.1,154.96,41198
equity,INE0MIS01010,2026-09-16,157,151.5,153.93,43737
equity,INE802B01027,2026-09-08,98.274,95.3199,96.8068,34538
equity,INE802B01027,2026-09-09,98.4709,94.6306,96.6,10519
equity,INE802B01027,2026-09-10,98.75,95,97.3,12355
equity,INE802B01027,2026-09-11,98.42,94.1,95.61,8862
equity,INE802B01027,2026-09-15,97.41,94,95.02,5415
equity,INE802B01027,2026-09-16,95.5,89.5,90.37,29059
equity,INE984B01023,2026-09-08,179.5,168.3,172.95,8085
equity,INE984B01023,2026-09-09,183,170.55,177.4,12912
equity,INE984B01023,2026-09-10,191,171,176.75,45660
equity,INE984B01023,2026-09-11,177.6,171.6,173.8,6515
equity,INE984B01023,2026-09-15,176.9,168,168.05,8653
equity,INE13YH01017,2026-09-07,474.9,463.5,470.45,21000
equity,INE13YH01017,2026-09-08,490,475,487.55,36000
equity,INE13YH01017,2026-09-09,502,490,494.4,40000
equity,INE13YH01017,2026-09-10,502,494,500,53000
equity,INE13YH01017,2026-09-11,495,486,486.5,18000
equity,INE13YH01017,2026-09-15,487,480,480,4000
equity,INE13YH01017,2026-09-16,478,456,461.05,33000
equity,INE555P01013,2026-09-08,206,202,202.95,197
equity,INE555P01013,2026-09-09,205.9,200.85,205.9,65
equity,INE555P01013,2026-09-10,227,207.15,208,4415
equity,INE555P01013,2026-09-11,208.9,198,203.2,311
equity,INE555P01013,2026-09-15,204.55,199.9,200,478
equity,INE597Z01014,2026-09-07,345,345,345,
equity,INE597Z01014,2026-09-08,349,337.25,346.9,23200
equity,INE597Z01014,2026-09-09,346.9,346.9,346.9,
equity,INE597Z01014,2026-09-10,346.9,346.9,346.9,
equity,INE597Z01014,2026-09-11,362,362,362,800
equity,INE597Z01014,2026-09-15,340,340,340,1600
equity,INE401Z01019,2026-09-08,142.2,130.3,134.6,74731
equity,INE401Z01019,2026-09-09,137.3,129,131,9954
equity,INE401Z01019,2026-09-10,136.25,129,129,11428
equity,INE401Z01019,2026-09-11,132.35,123.05,129.85,4885
equity,INE401Z01019,2026-09-15,130,123.5,123.7,5974
equity,INE0PSK01027,2026-09-08,335,316.1,333.8,29400
equity,INE0PSK01027,2026-09-09,342.75,325,333.75,36600
equity,INE0PSK01027,2026-09-10,350.4,334,350.4,30600
equity,INE0PSK01027,2026-09-11,355.45,337.6,345.4,9000
equity,INE0PSK01027,2026-09-15,362.65,340.15,362,37800
equity,INE413G01022,2026-09-08,69.33,66.07,67.69,187605
equity,INE413G01022,2026-09-09,68.95,67.33,68.03,115475
equity,INE413G01022,2026-09-10,68.99,67.33,68.2,129788
equity,INE413G01022,2026-09-11,69.1,67.13,68.48,124603
equity,INE413G01022,2026-09-15,68.49,64.21,65.27,153584
equity,INE413G01022,2026-09-16,65.99,63.42,64.63,147166
equity,INE286H01012,2026-09-08,37.61,36.1,36.93,19729
equity,INE286H01012,2026-09-09,38.45,35.09,35.09,102411
equity,INE286H01012,2026-09-10,36.32,34.55,34.9,26010
equity,INE286H01012,2026-09-11,36.39,34.8,35.03,12397
equity,INE286H01012,2026-09-15,35.89,33.28,33.53,10883
equity,INE286H01012,2026-09-16,35.2,31.86,31.86,69916
equity,INE938C01019,2026-09-08,7853.3501,7853.3501,7853.3501,
equity,INE938C01019,2026-09-09,7998,7749.9502,7998,2
equity,INE938C01019,2026-09-10,7998,7998,7998,
equity,INE938C01019,2026-09-11,7900,7629.9502,7793.9502,6
equity,INE938C01019,2026-09-15,7793.9502,7701,7701,6
equity,INE0QHG01026,2026-09-07,238.9,229,233.85,113000
equity,INE0QHG01026,2026-09-08,237.1,230.1,233.35,38000
equity,INE0QHG01026,2026-09-09,232.4,223.15,226.75,54500
equity,INE0QHG01026,2026-09-10,226.05,220.75,222.1,42500
equity,INE0QHG01026,2026-09-11,222,214.05,216.75,91500
equity,INE0QHG01026,2026-09-15,216.65,206,209.4,71500
equity,INE0R8C01018,2026-09-07,224.5,218.05,219.3,31200
equity,INE0R8C01018,2026-09-08,219.5,215.5,216.3,37500
equity,INE0R8C01018,2026-09-09,220.7,211.05,214.35,27900
equity,INE0R8C01018,2026-09-10,215.9,209.4,215.55,33300
equity,INE0R8C01018,2026-09-11,217.65,209,215.5,23700
equity,INE0R8C01018,2026-09-15,219.9,206,206.65,30300
equity,INE260R01016,2026-09-08,518,478,512.4,4614
equity,INE260R01016,2026-09-09,524.4,505,508,2203
equity,INE260R01016,2026-09-10,525,510.1,521,510
equity,INE260R01016,2026-09-11,515,495.15,509.4,2987
equity,INE260R01016,2026-09-15,514,487.05,508,2050
equity,INE564J01026,2026-09-08,679.75,635.6,647.2,263
equity,INE564J01026,2026-09-09,647.15,616.3,632,221
equity,INE564J01026,2026-09-10,657,647.5,650.15,156
equity,INE564J01026,2026-09-11,664,615.1,660,340
equity,INE564J01026,2026-09-15,660,624.2,644.45,278
equity,INE15XJ01010,2026-09-07,326.85,326.85,326.85,1600
equity,INE15XJ01010,2026-09-08,333.35,333.35,333.35,4800
equity,INE15XJ01010,2026-09-09,340,334.9,340,25200
equity,INE15XJ01010,2026-09-10,341.7,333.2,333.25,21600
equity,INE15XJ01010,2026-09-11,339.9,326.6,339.9,19200
equity,INE15XJ01010,2026-09-15,346.65,344.95,346.65,9600
equity,INE15XJ01010,2026-09-16,353.55,353.55,353.55,12000
equity,INE138A01028,2026-09-08,16.28,15.3,15.67,117089
equity,INE138A01028,2026-09-09,16.23,15.3,15.56,70378
equity,INE138A01028,2026-09-10,16.16,15.12,15.32,128977
equity,INE138A01028,2026-09-11,15.82,15.21,15.59,116121
equity,INE138A01028,2026-09-14,15.59,15.59,15.59,
equity,INE138A01028,2026-09-15,15.87,14.8,14.98,100074
equity,INE138A01028,2026-09-16,15.67,14.18,14.62,151536
equity,INE0WDX01010,2026-09-07,515,500,515,7000
equity,INE0WDX01010,2026-09-08,501,489.25,496.5,1600
equity,INE0WDX01010,2026-09-09,500,489,489,3200
equity,INE0WDX01010,2026-09-10,489.15,471,478.65,1200
equity,INE0WDX01010,2026-09-11,466,454.75,456.4,3000
equity,INE0WDX01010,2026-09-15,458.2,433.6,440,5400
equity,INE0WDX01010,2026-09-16,440,434,438,275000
equity,INE864K01010,2026-09-08,268.13,253,254.67,21579
equity,INE864K01010,2026-09-09,257.8,249.83,253.91,16457
equity,INE864K01010,2026-09-10,256,248.37,249.08,8537
equity,INE864K01010,2026-09-11,249,243.85,245.39,12982
equity,INE864K01010,2026-09-15,251.39,233.42,237.78,28017
equity,INE864K01010,2026-09-16,244.9,228.91,234.84,22712
equity,INE249D01019,2026-09-08,779.75,711.4,762.8,1274
equity,INE249D01019,2026-09-09,769,735,755,868
equity,INE249D01019,2026-09-10,765,734,740.05,1552
equity,INE249D01019,2026-09-11,756,735,740,1240
equity,INE249D01019,2026-09-15,774.95,730,750.4,867
equity,INE0S7E01015,2026-09-07,446.9,415,417.9,27800
equity,INE0S7E01015,2026-09-08,418.95,400,408.7,14800
equity,INE0S7E01015,2026-09-09,415,402,410.95,17200
equity,INE0S7E01015,2026-09-10,410,399,400.9,24200
equity,INE0S7E01015,2026-09-11,418,387,411.6,23400
equity,INE0S7E01015,2026-09-15,406.95,395,398.8,9400
equity,INE037Z01029,2026-09-07,269,260,265.25,38769
equity,INE037Z01029,2026-09-08,269.9,262.15,267,37639
equity,INE037Z01029,2026-09-09,284.3,264.05,280.3,384572
equity,INE037Z01029,2026-09-10,289.9,275,279.9,285665
equity,INE037Z01029,2026-09-11,289.7,278,284.7,378859
equity,INE037Z01029,2026-09-15,286.7,273.3,276.15,142855
equity,INE037Z01029,2026-09-16,278,256.4,259.35,95411
equity,INE885E01042,2026-09-08,278,262,271.75,21694
equity,INE885E01042,2026-09-09,275,260,271.7,11617
equity,INE885E01042,2026-09-10,270.75,258.5,261,6151
equity,INE885E01042,2026-09-11,265.8,252.65,255.25,5715
equity,INE885E01042,2026-09-15,264.45,252.5,255.9,14212
equity,INE885E01042,2026-09-16,264.5,250,250.95,22311
equity,INE783E01023,2026-09-08,610,590,594.2,7149
equity,INE783E01023,2026-09-09,603.95,586.1,594.4,5209
equity,INE783E01023,2026-09-10,609,586,589.25,25863
equity,INE783E01023,2026-09-11,600,581.2,594.1,5252
equity,INE783E01023,2026-09-15,635,573.5,601.95,20817
equity,INE110B01017,2026-09-08,171.97,160.1,165,59413
equity,INE110B01017,2026-09-09,167.09,162.04,162.68,24891
equity,INE110B01017,2026-09-10,167.06,159,160,45843
equity,INE110B01017,2026-09-11,161.39,156.61,158.61,35491
equity,INE110B01017,2026-09-15,162.28,151.8,154.36,44745
equity,INE110B01017,2026-09-16,157.19,153,154.47,20656
equity,INE966H01019,2026-09-08,8.2,7.51,7.94,2288521
equity,INE966H01019,2026-09-09,7.95,7.58,7.7,1750424
equity,INE966H01019,2026-09-10,7.81,7.64,7.67,1117559
equity,INE966H01019,2026-09-11,7.65,7.26,7.43,2297783
equity,INE966H01019,2026-09-15,7.56,7.25,7.27,1749367
equity,INE966H01019,2026-09-16,7.49,7.15,7.37,1396432
equity,INE03V001013,2026-09-08,540.6,522,540.6,5091
equity,INE03V001013,2026-09-09,567.6,531,566.25,7505
equity,INE03V001013,2026-09-10,580,540.05,540.5,1614
equity,INE03V001013,2026-09-11,540.4,514.15,540.15,889
equity,INE03V001013,2026-09-15,567.15,513.2,566.75,15446
equity,INE03V001013,2026-09-16,595.05,567,595.05,19469
equity,INE0HSD01011,2026-09-07,500,469.5,470.5,34400
equity,INE0HSD01011,2026-09-08,491.3,450,454.6,35600
equity,INE0HSD01011,2026-09-09,483,444.05,470,45200
equity,INE0HSD01011,2026-09-10,493.95,472.25,483,44800
equity,INE0HSD01011,2026-09-11,490,463,469.3,43200
equity,INE0HSD01011,2026-09-15,480,454,454.15,13600
equity,INE0HSD01011,2026-09-16,457,425,449.25,9600
equity,INE745B01028,2026-09-08,54.41,52.23,52.83,149643
equity,INE745B01028,2026-09-09,53.48,52.28,52.97,110462
equity,INE745B01028,2026-09-10,53.58,52.48,52.68,63268
equity,INE745B01028,2026-09-11,55.55,51.22,54.03,402804
equity,INE745B01028,2026-09-15,54.5,50.11,50.6,260512
equity,INE745B01028,2026-09-16,51.9,49.41,50.47,158836
equity,INE569C01020,2026-09-08,45.9,43.86,45,68672
equity,INE569C01020,2026-09-09,48.89,44,47.3,353849
equity,INE569C01020,2026-09-10,48.5,46.2,46.68,140327
equity,INE569C01020,2026-09-11,46.7,45.15,46.01,58539
equity,INE569C01020,2026-09-15,47.4,44.5,44.79,89199
equity,INE569C01020,2026-09-16,45.97,42.5,44.82,53118
equity,INE834C01028,2026-09-08,44.01,43,43.56,2100
equity,INE834C01028,2026-09-09,45.73,43.49,45.73,2000
equity,INE834C01028,2026-09-10,44.01,43.45,43.45,5500
equity,INE834C01028,2026-09-11,42.51,41.41,41.51,1300
equity,INE834C01028,2026-09-15,41.49,39.5,39.51,900
equity,INE587G01015,2026-09-07,362.35,349,362.3,20277
equity,INE587G01015,2026-09-08,379.5,348,356,28671
equity,INE587G01015,2026-09-09,363,349.1,350,7689
equity,INE587G01015,2026-09-10,350,333.3,338.05,9721
equity,INE587G01015,2026-09-11,337,323,331.7,6333
equity,INE587G01015,2026-09-15,330.9,315.2,316.1,4822
equity,INE587G01015,2026-09-16,316.1,300.3,309.35,10338
equity,INE14LM01012,2026-09-07,218,215,215,13800
equity,INE14LM01012,2026-09-08,215.2,214.2,214.2,7200
equity,INE14LM01012,2026-09-09,215,214.8,214.8,4200
equity,INE14LM01012,2026-09-10,220,215,215,10800
equity,INE14LM01012,2026-09-11,211,209.6,211,7800
equity,INE14LM01012,2026-09-15,219.95,211,212,12000
equity,INE14LM01012,2026-09-16,212,212,212,1200
equity,INE143A01010,2026-09-08,20.44,20.01,20.29,100368
equity,INE143A01010,2026-09-09,20.34,20.1,20.15,77391
equity,INE143A01010,2026-09-10,20.35,19.5,19.79,123485
equity,INE143A01010,2026-09-11,20.09,19.65,20.01,43802
equity,INE143A01010,2026-09-14,20.01,20.01,20.01,
equity,INE143A01010,2026-09-15,20.36,19.5,19.59,101172
equity,INE143A01010,2026-09-16,20.11,18.55,19.29,294654
equity,INE0XX801016,2026-09-07,230,217.5,221.8,45000
equity,INE0XX801016,2026-09-08,230,222.7,228.4,31000
equity,INE0XX801016,2026-09-09,240,225,235,50000
equity,INE0XX801016,2026-09-10,275.8,241.3,269.8,194000
equity,INE0XX801016,2026-09-11,283.5,255,277.55,170000
equity,INE0XX801016,2026-09-15,296.8,267,289.2,122000
equity,INE0XX801016,2026-09-16,289.2,249,266.85,165000
equity,INE697V01011,2026-09-08,301.2,290,290.8,2968
equity,INE697V01011,2026-09-09,303.1,280,281.2,909
equity,INE697V01011,2026-09-10,295,287.5,293,1891
equity,INE697V01011,2026-09-11,292.5,275.3,281.5,1995
equity,INE697V01011,2026-09-15,299,275,282.15,312
equity,INE697V01011,2026-09-16,297,275,291.7,828
equity,INE348N01042,2026-09-08,48.65,47.14,47.47,11261
equity,INE348N01042,2026-09-09,50.08,45.61,49.99,24415
equity,INE348N01042,2026-09-10,51.05,48.46,50.51,14801
equity,INE348N01042,2026-09-11,50.45,48,49.22,5836
equity,INE348N01042,2026-09-15,52,46,47.06,4079
equity,INE575C01027,2026-09-08,81.02,79.1,79.61,31494
equity,INE575C01027,2026-09-09,79.58,75.05,76.96,88078
equity,INE575C01027,2026-09-10,78.69,76.71,77.16,28120
equity,INE575C01027,2026-09-11,78.88,76.39,78.27,32019
equity,INE575C01027,2026-09-14,78.27,78.27,78.27,
equity,INE575C01027,2026-09-15,79.8,75.2,76.04,38383
equity,INE575C01027,2026-09-16,77.7,75.01,75.39,23067
equity,INE783X01023,2026-09-08,364.45,350.15,354.9,2418
equity,INE783X01023,2026-09-09,398.15,351.4,373.75,15562
equity,INE783X01023,2026-09-10,399.5,370.2,384.5,14633
equity,INE783X01023,2026-09-11,399,369.75,379.35,4288
equity,INE783X01023,2026-09-15,384.45,365.05,372.15,2148
equity,INE783X01023,2026-09-16,366.8,353.1,358,2640
equity,INE266F01018,2026-09-07,90.98,89,89.47,60244
equity,INE266F01018,2026-09-08,90.49,88.05,89.69,60790
equity,INE266F01018,2026-09-09,90.4,88.21,89.07,50373
equity,INE266F01018,2026-09-10,89.79,85.5,87.49,54611
equity,INE266F01018,2026-09-11,89,85.68,88.2,39120
equity,INE266F01018,2026-09-15,90,86,86.38,47241
equity,INE266F01018,2026-09-16,87.8,85.5,86.97,20893
equity,INE317D01014,2026-09-08,182.95,174.7,182.95,536
equity,INE317D01014,2026-09-09,192.05,183,184,1596
equity,INE317D01014,2026-09-10,184,181,184,2225
equity,INE317D01014,2026-09-11,193,180.35,184.05,475
equity,INE317D01014,2026-09-15,185,184.05,184.05,44
equity,INE577A01027,2026-09-08,130.59,126,128.75,35204
equity,INE577A01027,2026-09-09,130.38,127.3,128.19,21573
equity,INE577A01027,2026-09-10,128.9,126.82,127.07,15778
equity,INE577A01027,2026-09-11,128.4,125.42,127.66,14894
equity,INE577A01027,2026-09-14,127.66,127.66,127.66,
equity,INE577A01027,2026-09-15,128.88,125,125.28,18586
equity,INE577A01027,2026-09-16,126.59,123.31,124.67,15812
equity,INE439N01031,2026-09-08,8.9,8.33,8.44,39744
equity,INE439N01031,2026-09-09,8.65,8.41,8.52,19464
equity,INE439N01031,2026-09-10,8.77,8.13,8.48,18530
equity,INE439N01031,2026-09-11,8.65,8.17,8.35,23903
equity,INE439N01031,2026-09-15,8.7,8.09,8.22,31162
equity,INE788J01021,2026-09-08,323.9,308.65,320.75,56701
equity,INE788J01021,2026-09-09,384.9,318.3,384.9,471778
equity,INE788J01021,2026-09-10,411.8,362.75,366.8,375449
equity,INE788J01021,2026-09-11,365.65,349.55,362.05,115411
equity,INE788J01021,2026-09-14,362.05,362.05,362.05,
equity,INE788J01021,2026-09-15,373.15,350,353.9,97952
equity,INE788J01021,2026-09-16,406.55,341.85,389.15,289221
equity,INE809I01019,2026-09-08,49.15,48.25,48.25,28804
equity,INE809I01019,2026-09-09,48.25,47.3,47.35,20520
equity,INE809I01019,2026-09-10,47.29,46.99,46.99,17665
equity,INE809I01019,2026-09-11,47,46.28,47,42356
equity,INE809I01019,2026-09-15,49.35,46.74,49.35,77699
equity,INE809I01019,2026-09-16,51.81,49.52,51.81,60699
equity,INE607A01022,2026-09-07,21.35,20.85,20.87,56833
equity,INE607A01022,2026-09-08,21.14,19.26,20.41,198332
equity,INE607A01022,2026-09-09,21.74,20.26,21.27,162572
equity,INE607A01022,2026-09-10,22.1,21.26,21.7,167025
equity,INE607A01022,2026-09-11,24.67,21.43,23.71,1605579
equity,INE607A01022,2026-09-15,24.59,22.06,22.31,179451
equity,INE607A01022,2026-09-16,23.2,20.91,21.35,203469
equity,INE229R01011,2026-09-08,422.9,410,420.8,284
equity,INE229R01011,2026-09-09,419.95,419.95,419.95,1
equity,INE229R01011,2026-09-10,417,407,417,166
equity,INE229R01011,2026-09-11,423,417,423,12
equity,INE229R01011,2026-09-15,425,400.2,416.9,76
equity,INE834D01018,2026-09-08,275,266,270.75,3034
equity,INE834D01018,2026-09-09,275,267.55,270.3,5431
equity,INE834D01018,2026-09-10,273.8,265.6,271.05,3160
equity,INE834D01018,2026-09-11,277,262.85,268.9,8459
equity,INE834D01018,2026-09-15,270,256,260.05,4044
equity,INE034D01049,2026-09-08,38.93,38.11,38.43,65200
equity,INE034D01049,2026-09-09,38.78,38,38.03,35094
equity,INE034D01049,2026-09-10,38.47,38.03,38.17,21129
equity,INE034D01049,2026-09-11,38.79,38.06,38.43,25926
equity,INE034D01049,2026-09-15,38.84,38.01,38.15,23165
equity,INE034D01049,2026-09-16,38.64,37.75,38.05,25247
equity,INE2B5L01011,2026-09-07,263.3,256,263.3,102000
equity,INE2B5L01011,2026-09-08,276.45,264.5,273.15,76000
equity,INE2B5L01011,2026-09-09,285,264,279.25,66000
equity,INE2B5L01011,2026-09-10,291,277,282,49000
equity,INE2B5L01011,2026-09-11,295,280,294.85,36000
equity,INE2B5L01011,2026-09-15,309.55,286.05,300,101000
equity,INE2B5L01011,2026-09-16,315,285,305.4,93000
equity,INE550C01020,2026-09-07,9.2,9,9.12,594104
equity,INE550C01020,2026-09-08,9.14,9.06,9.08,432845
equity,INE550C01020,2026-09-09,9.18,9.02,9.05,777063
equity,INE550C01020,2026-09-10,9.14,8.99,9,505944
equity,INE550C01020,2026-09-11,9.05,8.8,9.02,452061
equity,INE550C01020,2026-09-15,9.15,8.8,8.81,719687
equity,INE550C01020,2026-09-16,8.99,8.72,8.77,593625
equity,INE0TL001013,2026-09-07,364.85,364.85,364.85,24750
equity,INE0TL001013,2026-09-08,372.1,372.1,372.1,11250
equity,INE0TL001013,2026-09-09,379.5,379.5,379.5,3000
equity,INE0TL001013,2026-09-10,387.05,387.05,387.05,3750
equity,INE0TL001013,2026-09-11,394.75,390,394.75,63000
equity,INE0TL001013,2026-09-15,402.6,386.9,386.9,30750
equity,INE0TL001013,2026-09-16,379.2,379.2,379.2,1500
equity,INE923A01015,2026-09-08,479.9,460,462.4,801
equity,INE923A01015,2026-09-09,465,453,461.45,1855
equity,INE923A01015,2026-09-10,467.3,445.25,451,1527
equity,INE923A01015,2026-09-11,475.4,445,463.8,3697
equity,INE923A01015,2026-09-15,478,440.5,444.95,1485
equity,INE923A01015,2026-09-16,452,436.55,440.1,1033
equity,INE0KNW01016,2026-09-08,203.96,199.81,202.25,5211
equity,INE0KNW01016,2026-09-09,204.2,195.1,198.21,5602
equity,INE0KNW01016,2026-09-10,199.9,194,195.02,11321
equity,INE0KNW01016,2026-09-11,197.9,192.75,193.74,9965
equity,INE0KNW01016,2026-09-15,196.7,191.75,192.52,6861
equity,INE0KNW01016,2026-09-16,196.6,163.55,180.25,9108
equity,INE0U6201010,2026-09-07,213.9,205,205,2400
equity,INE0U6201010,2026-09-08,211,207,207,4800
equity,INE0U6201010,2026-09-09,210,204.95,210,4000
equity,INE0U6201010,2026-09-10,203.35,202.15,203.35,1600
equity,INE0U6201010,2026-09-11,211,203,203,1600
equity,INE0U6201010,2026-09-15,202,196.8,196.8,4800
equity,INE0U6201010,2026-09-16,199.55,192.55,195,8800
equity,INE924D01017,2026-09-08,98.99,95.05,96.28,8569
equity,INE924D01017,2026-09-09,100.8,96,97.46,11001
equity,INE924D01017,2026-09-10,100,96.5,97.34,5406
equity,INE924D01017,2026-09-11,99,94.66,96.8,5797
equity,INE924D01017,2026-09-14,96.8,96.8,96.8,
equity,INE924D01017,2026-09-15,99,95.44,96.18,4818
equity,INE924D01017,2026-09-16,97.97,91.89,95.13,9567
equity,INE450E01029,2026-09-08,163,157.55,160.49,66512
equity,INE450E01029,2026-09-09,164.95,158.3,160.03,91683
equity,INE450E01029,2026-09-10,162.76,159.05,159.99,24992
equity,INE450E01029,2026-09-11,161,158.11,159.78,13568
equity,INE450E01029,2026-09-15,165.67,160.95,161.72,29472
equity,INE450E01029,2026-09-16,163.5,158.08,159.22,44293
equity,INE142A01012,2026-09-08,36.85,35.64,36.21,70117
equity,INE142A01012,2026-09-09,37.24,35.1,35.83,21502
equity,INE142A01012,2026-09-10,36,34,34.34,61424
equity,INE142A01012,2026-09-11,35.97,34.91,35.6,58945
equity,INE142A01012,2026-09-15,35.6,34.12,34.25,16012
equity,INE142A01012,2026-09-16,34.12,32.36,33.43,30407
equity,INE220Q01020,2026-09-07,76.48,72.9,74,62838
equity,INE220Q01020,2026-09-08,74.8,73.3,73.91,41870
equity,INE220Q01020,2026-09-09,75.59,72.35,74.66,98309
equity,INE220Q01020,2026-09-10,77,73.21,74.09,86212
equity,INE220Q01020,2026-09-11,74.5,72.5,72.78,70139
equity,INE220Q01020,2026-09-15,73.5,72,72.49,57214
equity,INE220Q01020,2026-09-16,73,71.61,72.34,43530
equity,INE0P0001010,2026-09-07,250,241,242.5,9000
equity,INE0P0001010,2026-09-08,254,242.5,250.6,14750
equity,INE0P0001010,2026-09-09,257.9,246.9,246.9,15000
equity,INE0P0001010,2026-09-10,245.3,236.9,237.95,27750
equity,INE0P0001010,2026-09-11,244.85,235,239.3,14750
equity,INE0P0001010,2026-09-15,241,232.85,233.35,18000
equity,INE1OOT01028,2026-09-07,173.15,166.45,173.15,76800
equity,INE1OOT01028,2026-09-08,176.6,176.6,176.6,48000
equity,INE1OOT01028,2026-09-09,180.1,180.1,180.1,4800
equity,INE1OOT01028,2026-09-10,183.7,183.5,183.7,43200
equity,INE1OOT01028,2026-09-11,187.35,184.05,187.35,22800
equity,INE1OOT01028,2026-09-15,191.05,188,191.05,49200
equity,INE1OOT01028,2026-09-16,191.05,187.25,187.25,40800
equity,INE872E01016,2026-09-08,558.4,525,547.05,4443
equity,INE872E01016,2026-09-09,601.75,536,601.75,17638
equity,INE872E01016,2026-09-10,661.9,631.05,661.9,39021
equity,INE872E01016,2026-09-11,728.05,672,727.5,80601
equity,INE872E01016,2026-09-15,763,692.1,732.05,28243
equity,INE155C01010,2026-09-08,867.8,840,844.05,6478
equity,INE155C01010,2026-09-09,854,832.3,850.55,3812
equity,INE155C01010,2026-09-10,861,838.6,850,1634
equity,INE155C01010,2026-09-11,850.45,835.5,844.35,2805
equity,INE155C01010,2026-09-15,862.85,832,851.9,5779
equity,INE155C01010,2026-09-16,870.05,835,860.45,4783
equity,INE566M01017,2026-09-08,91.45,89,89.93,8622
equity,INE566M01017,2026-09-09,90.99,89,89.57,12312
equity,INE566M01017,2026-09-10,90.9,86,87.51,4477
equity,INE566M01017,2026-09-11,89,86.01,87.13,1987
equity,INE566M01017,2026-09-15,87.93,83.5,85.19,1044
equity,INE1E1V01017,2026-09-07,250.05,249.55,249.55,4000
equity,INE1E1V01017,2026-09-08,250.7,250,250,189600
equity,INE1E1V01017,2026-09-09,250.05,249,249.55,10800
equity,INE1E1V01017,2026-09-10,270.25,250.3,258.5,201200
equity,INE1E1V01017,2026-09-11,257,253,256.45,177200
equity,INE1E1V01017,2026-09-15,256,255.9,255.9,12000
equity,INE1E1V01017,2026-09-16,254,254,254,400
equity,INE145Y01023,2026-09-08,14.84,14,14.45,2223075
equity,INE145Y01023,2026-09-09,15.7,14.25,15.57,3300019
equity,INE145Y01023,2026-09-10,16.95,16,16.46,3191944
equity,INE145Y01023,2026-09-11,17.5,14.82,14.82,4117192
equity,INE145Y01023,2026-09-15,15.98,14.47,14.83,3609109
equity,INE265F01028,2026-09-08,103.19,99.57,100.21,73276
equity,INE265F01028,2026-09-09,101.67,99,100.72,33254
equity,INE265F01028,2026-09-10,104.72,100.25,101.74,11082
equity,INE265F01028,2026-09-11,102,99.02,101.24,8264
equity,INE265F01028,2026-09-15,103.8,99.61,100.4,9593
equity,INE265F01028,2026-09-16,102.79,99.26,100.34,7608
equity,INE882B01037,2026-09-08,21.83,21.1,21.31,171549
equity,INE882B01037,2026-09-09,21.68,20.75,21,364221
equity,INE882B01037,2026-09-10,21.34,20.71,21.03,201536
equity,INE882B01037,2026-09-11,21.3,20.5,20.92,179141
equity,INE882B01037,2026-09-15,23,20.5,20.73,1005215
equity,INE083C01022,2026-09-07,197.69,185,193.14,57836
equity,INE083C01022,2026-09-08,196.78,190,191.23,26956
equity,INE083C01022,2026-09-09,193.42,187.2,189.3,13063
equity,INE083C01022,2026-09-10,197,188.14,194.15,42721
equity,INE083C01022,2026-09-11,195.04,186.73,192.78,28068
equity,INE083C01022,2026-09-15,196.08,182.96,185.18,24239
equity,INE083C01022,2026-09-16,188.09,180.86,182.75,12388
equity,INE0ZK601013,2026-09-07,95,92.67,93.57,104718
equity,INE0ZK601013,2026-09-08,95.24,93,94.13,51809
equity,INE0ZK601013,2026-09-09,94.95,92.8,93.31,46723
equity,INE0ZK601013,2026-09-10,97.64,92.28,94.96,892772
equity,INE0ZK601013,2026-09-11,101.15,76.26,83.44,2772772
equity,INE0ZK601013,2026-09-14,83.44,83.44,83.44,
equity,INE0ZK601013,2026-09-15,95,81.59,89.85,1303153
equity,INE0ZK601013,2026-09-16,103.45,88.68,96.22,6076520
equity,INE14VP01014,2026-09-07,220,210.6,210.95,59200
equity,INE14VP01014,2026-09-08,210.95,201.6,204.7,165600
equity,INE14VP01014,2026-09-09,205.95,197.9,198.65,129600
equity,INE14VP01014,2026-09-10,206.85,199.5,200.35,47200
equity,INE14VP01014,2026-09-11,199.65,191.6,192.7,68800
equity,INE14VP01014,2026-09-15,194.85,187.6,190,60800
equity,INE14VP01014,2026-09-16,190,182.4,187.4,141600
equity,INE589N01017,2026-09-08,73.5,73.5,73.5,30
equity,INE589N01017,2026-09-09,73.5,73.5,73.5,
equity,INE589N01017,2026-09-10,73.14,73.14,73.14,160
equity,INE589N01017,2026-09-11,74,73.14,73.86,19
equity,INE589N01017,2026-09-15,73.86,72.39,72.39,378
equity,INE0GYI01028,2026-09-08,497,443.55,480.55,200800
equity,INE0GYI01028,2026-09-09,482,460.05,467.6,35600
equity,INE0GYI01028,2026-09-10,478.7,452.05,461.45,24400
equity,INE0GYI01028,2026-09-11,475,445.15,468.25,19600
equity,INE0GYI01028,2026-09-15,480,423,435.05,10400
equity,INE942G01012,2026-09-08,45.9,44.7,44.96,241071
equity,INE942G01012,2026-09-09,45.22,44.22,44.54,230024
equity,INE942G01012,2026-09-10,45.04,43.74,44.05,176730
equity,INE942G01012,2026-09-11,44.51,42.15,43.28,258616
equity,INE942G01012,2026-09-15,43.69,41.15,41.57,364882
equity,INE942G01012,2026-09-16,43.39,40.36,42.55,413926
equity,INE0F3301020,2026-09-07,320,315.1,319.35,29000
equity,INE0F3301020,2026-09-08,323,316.55,318.65,33000
equity,INE0F3301020,2026-09-09,326.9,316.55,320.15,23750
equity,INE0F3301020,2026-09-10,323.55,318.3,318.65,23500
equity,INE0F3301020,2026-09-11,320.95,313.5,317.35,36500
equity,INE0F3301020,2026-09-15,317.35,311.05,312.9,27750
equity,INE545L01039,2026-09-07,227.7658,224.208,226.1613,64748
equity,INE545L01039,2026-09-08,226.6098,217.3516,220.4609,142107
equity,INE545L01039,2026-09-09,223.2314,217.4912,219.4345,141076
equity,INE545L01039,2026-09-10,221.4276,215.7571,217.83,155276
equity,INE545L01039,2026-09-11,222,215.25,219.9,17559
equity,INE545L01039,2026-09-14,219.9,219.9,219.9,
equity,INE545L01039,2026-09-15,224.9,214,215.36,145803
equity,INE545L01039,2026-09-16,221.69,210.99,215.24,133509
equity,INE369I01014,2026-09-08,36.85,35.25,36,8080
equity,INE369I01014,2026-09-09,37.8,35.51,37.8,61277
equity,INE369I01014,2026-09-10,39.49,36.78,39.09,26977
equity,INE369I01014,2026-09-11,39.9,37.5,38.54,62188
equity,INE369I01014,2026-09-15,39.98,37.5,39.17,25777
equity,INE369I01014,2026-09-16,40.05,38.5,39.93,36753
equity,INE00S901012,2026-09-08,13.2,12.18,12.78,3152074
equity,INE00S901012,2026-09-09,12.98,11.97,12.16,3056613
equity,INE00S901012,2026-09-10,12.41,12.1,12.14,579752
equity,INE00S901012,2026-09-11,12.46,11.99,12.28,1502397
equity,INE00S901012,2026-09-14,12.28,12.28,12.28,
equity,INE00S901012,2026-09-15,12.56,12,12.23,1058264
equity,INE00S901012,2026-09-16,12.8,11.81,12.56,1927596
equity,INE300A01016,2026-09-08,223,213,221.5,9199
equity,INE300A01016,2026-09-09,223.1,216.15,222.2,13258
equity,INE300A01016,2026-09-10,229.8,220.1,221,27859
equity,INE300A01016,2026-09-11,221.5,215.1,217.35,14851
equity,INE300A01016,2026-09-15,228.9,217.5,218.35,3590
equity,INE807K01035,2026-09-08,138,133.01,136.64,21528
equity,INE807K01035,2026-09-09,137.99,132.3,135.01,21258
equity,INE807K01035,2026-09-10,136,134.1,135.42,11634
equity,INE807K01035,2026-09-11,138,134.96,137.72,36456
equity,INE807K01035,2026-09-15,137.72,133.19,133.74,17433
equity,INE807K01035,2026-09-16,134.66,127.73,133.28,41303
equity,INE965W01036,2026-09-07,55.7,54.7,55.21,61090
equity,INE965W01036,2026-09-08,55.98,54.5,54.8,51941
equity,INE965W01036,2026-09-09,54.99,54,54.18,62136
equity,INE965W01036,2026-09-10,54.89,54.22,54.59,26343
equity,INE965W01036,2026-09-11,54.6,53.45,54.05,32634
equity,INE965W01036,2026-09-15,54.35,50.16,51.61,133104
equity,INE965W01036,2026-09-16,59,50.7,51.8,649332
equity,INE668D01028,2026-09-08,91.49,86.16,86.79,60206
equity,INE668D01028,2026-09-09,89.4,85.01,85.54,19989
equity,INE668D01028,2026-09-10,87.19,85.01,85.21,11551
equity,INE668D01028,2026-09-11,85.99,84.01,85.03,13507
equity,INE668D01028,2026-09-15,85.03,82.26,82.46,15977
equity,INE668D01028,2026-09-16,83.5,82.01,82.06,10669
equity,INE0A0S01028,2026-09-08,47.7522,46.4766,46.6843,49956
equity,INE0A0S01028,2026-09-09,47.4655,45.1911,45.3196,112657
equity,INE0A0S01028,2026-09-10,45.9822,43.7671,44.4692,111147
equity,INE0A0S01028,2026-09-11,44.3308,43.51,43.6979,64453
equity,INE0A0S01028,2026-09-15,46.269,42.8673,44.4,139128
equity,INE0A0S01028,2026-09-16,46.49,41.21,45.6,306226
equity,INE0OJ401014,2026-09-08,91.29,91.29,91.29,4800
equity,INE0OJ401014,2026-09-09,95.85,95.85,95.85,6000
equity,INE0OJ401014,2026-09-10,100.64,91.06,100.64,98400
equity,INE0OJ401014,2026-09-11,105.67,102.01,105.67,128400
equity,INE0OJ401014,2026-09-15,110.95,110.49,110.95,32400
equity,INE320I01017,2026-09-08,162.9,157.5,158.15,1397
equity,INE320I01017,2026-09-09,160.4,156,158.8,1649
equity,INE320I01017,2026-09-10,162,157.2,159.5,2435
equity,INE320I01017,2026-09-11,158.05,152.95,157.7,2485
equity,INE320I01017,2026-09-15,157.35,150.15,152.05,3275
equity,INE551B01012,2026-09-08,176,157.4,166.85,49696
equity,INE551B01012,2026-09-09,176.75,167.95,174.7,37106
equity,INE551B01012,2026-09-10,181.45,173.65,175.9,11918
equity,INE551B01012,2026-09-11,178.7,169.85,171.2,6751
equity,INE551B01012,2026-09-15,184.4,160,161,1310
equity,INE0NQ801033,2026-09-07,94.79,92.37,93.66,49297
equity,INE0NQ801033,2026-09-08,96,93.21,94.34,19078
equity,INE0NQ801033,2026-09-09,96,93,93.04,34636
equity,INE0NQ801033,2026-09-10,95.06,90.3,91.47,25219
equity,INE0NQ801033,2026-09-11,94,91,92.94,13763
equity,INE0NQ801033,2026-09-15,94.8,86.83,89.46,44355
equity,INE0NQ801033,2026-09-16,91.7,87.91,88.33,32265
equity,INE337M01021,2026-09-08,39.3093,39.3093,39.3093,59211
equity,INE337M01021,2026-09-09,41.2747,41.2747,41.2747,56636
equity,INE337M01021,2026-09-10,43.33,43.33,43.33,97714
equity,INE337M01021,2026-09-11,45.49,41.17,41.17,20200138
equity,INE337M01021,2026-09-14,41.17,41.17,41.17,
equity,INE337M01021,2026-09-15,40,39.12,39.12,690854
equity,INE337M01021,2026-09-16,37.17,37.17,37.17,134619
equity,INE050401020,2026-09-08,100,95.38,98.42,349113
equity,INE050401020,2026-09-09,97.88,95.6,96.29,112960
equity,INE050401020,2026-09-10,96.95,92.2,92.62,217355
equity,INE050401020,2026-09-11,93.11,90.5,90.96,159232
equity,INE050401020,2026-09-15,92.49,86.02,87.15,169405
equity,INE050401020,2026-09-16,89,83.97,88.71,185837
equity,INE0SMW01011,2026-09-07,299,297.4,299,4800
equity,INE0SMW01011,2026-09-08,299,287,296.25,12000
equity,INE0SMW01011,2026-09-09,302,293,298.95,7200
equity,INE0SMW01011,2026-09-10,303,293.15,299.9,9600
equity,INE0SMW01011,2026-09-11,301,289,298.75,27600
equity,INE0SMW01011,2026-09-15,302,288,291,12000
equity,INE0SMW01011,2026-09-16,298.5,280.5,292.5,19200
equity,INE638A01035,2026-09-08,77.89,74,75.93,10162
equity,INE638A01035,2026-09-09,76.5,74.37,74.99,1879
equity,INE638A01035,2026-09-10,76.56,69.29,73.66,24993
equity,INE638A01035,2026-09-11,76.46,73.23,76.34,4705
equity,INE638A01035,2026-09-15,76.32,74,74.67,16573
equity,INE836F01026,2026-09-08,2.57,2.49,2.54,1298327
equity,INE836F01026,2026-09-09,2.56,2.48,2.5,997546
equity,INE836F01026,2026-09-10,2.51,2.39,2.39,1705526
equity,INE836F01026,2026-09-11,2.5,2.33,2.5,1281496
equity,INE836F01026,2026-09-15,2.62,2.57,2.62,1142262
equity,INE836F01026,2026-09-16,2.75,2.61,2.66,3311191
equity,INE555C01029,2026-09-08,16.18,15.72,16.08,29808
equity,INE555C01029,2026-09-09,16.28,15.85,15.87,8293
equity,INE555C01029,2026-09-10,16.15,15.87,16.1,3866
equity,INE555C01029,2026-09-11,16.1,15.3,15.91,31929
equity,INE555C01029,2026-09-15,16.24,15.7,15.73,29986
equity,INE01EE01011,2026-09-08,235,225.55,229.89,4569
equity,INE01EE01011,2026-09-09,235,225.25,228.05,6549
equity,INE01EE01011,2026-09-10,237.9,227.6,235.33,3137
equity,INE01EE01011,2026-09-11,233.99,226.76,227.51,5488
equity,INE01EE01011,2026-09-15,232.79,221.35,224.92,4937
equity,INE01EE01011,2026-09-16,229.9,223,224,1138
equity,INE573K01025,2026-09-07,16.4187,15.7707,15.99,513661
equity,INE573K01025,2026-09-08,16.34,15.67,16.07,285323
equity,INE573K01025,2026-09-09,16.34,15.8,16.07,286105
equity,INE573K01025,2026-09-10,16.25,16,16.01,144936
equity,INE573K01025,2026-09-11,16.19,15.65,15.91,258300
equity,INE573K01025,2026-09-15,16.23,15.41,15.59,229040
equity,INE573K01025,2026-09-16,15.85,15.06,15.33,380523
equity,INE0APB01032,2026-09-08,16.2,15.41,15.5,5958460
equity,INE0APB01032,2026-09-09,17,14.51,15.84,14242508
equity,INE0APB01032,2026-09-10,16.6,15.54,16.03,1085311
equity,INE0APB01032,2026-09-11,16.6,15.6,15.86,337674
equity,INE0APB01032,2026-09-15,16.2,15.5,15.53,227004
equity,INE0APB01032,2026-09-16,15.88,15.41,15.6,226843
equity,INE142E01022,2026-09-08,111,107,108.5,12934
equity,INE142E01022,2026-09-09,109.85,108,109.4,5037
equity,INE142E01022,2026-09-10,109.95,105.75,107.35,2929
equity,INE142E01022,2026-09-11,109.75,105.1,109,9176
equity,INE142E01022,2026-09-15,109,104.1,107.8,4700
equity,INE278B01020,2026-09-08,34.3,32.66,33.74,151147
equity,INE278B01020,2026-09-09,34.5,32.66,32.69,11958
equity,INE278B01020,2026-09-10,33.02,32.1,32.15,8566
equity,INE278B01020,2026-09-11,32.79,30.52,30.95,55690
equity,INE278B01020,2026-09-15,32.71,30.5,30.94,16171
equity,INE278B01020,2026-09-16,31.57,30,30.16,13260
equity,INE037B01020,2026-09-08,54.51,53.72,53.8,151
equity,INE037B01020,2026-09-09,54.5,53.85,54.5,2478
equity,INE037B01020,2026-09-10,56.98,54.19,54.88,4181
equity,INE037B01020,2026-09-11,55.95,54.6,55.46,5482
equity,INE037B01020,2026-09-15,55.4,53.45,53.45,7956
equity,INE09EO01013,2026-09-08,550,525.2,538.75,11047
equity,INE09EO01013,2026-09-09,536,511.85,512.6,20036
equity,INE09EO01013,2026-09-10,518.8,487,500.85,53683
equity,INE09EO01013,2026-09-11,515,488.15,506.65,32083
equity,INE09EO01013,2026-09-15,515,506.9,513.2,14974
equity,INE09EO01013,2026-09-16,518,488.25,500.45,18912
equity,INE748C01038,2026-09-08,22.7,22.1,22.32,189516
equity,INE748C01038,2026-09-09,22.58,22.1,22.5,150908
equity,INE748C01038,2026-09-10,22.55,22.36,22.4,303343
equity,INE748C01038,2026-09-11,22.97,21.78,22.85,374143
equity,INE748C01038,2026-09-14,22.85,22.85,22.85,
equity,INE748C01038,2026-09-15,23.99,22.5,23.99,733982
equity,INE748C01038,2026-09-16,25.1,23.3,25.02,579918
equity,INE655I01032,2026-09-08,18.32,17.07,17.23,33323
equity,INE655I01032,2026-09-09,17.79,16.85,17.18,37729
equity,INE655I01032,2026-09-10,16.98,16.33,16.33,84109
equity,INE655I01032,2026-09-11,15.99,15.52,15.73,51977
equity,INE655I01032,2026-09-15,15.82,14.95,15,29709
equity,INE755Q01025,2026-09-08,18.88,18.41,18.48,9891
equity,INE755Q01025,2026-09-09,18.59,18.15,18.29,14459
equity,INE755Q01025,2026-09-10,18.66,17.62,18.27,19296
equity,INE755Q01025,2026-09-11,18.68,17.8,18.45,6471
equity,INE755Q01025,2026-09-15,18.9,18.15,18.32,8868
equity,INE359U01028,2026-09-08,13.5,12.4,12.66,85868
equity,INE359U01028,2026-09-09,13,12.47,12.93,40093
equity,INE359U01028,2026-09-10,12.94,12.58,12.87,93162
equity,INE359U01028,2026-09-11,12.9,12.56,12.71,57982
equity,INE359U01028,2026-09-15,13.48,12.39,12.52,35448
equity,INE826C01016,2026-09-08,348.6,341.5,342.2,4003
equity,INE826C01016,2026-09-09,348.4,340.05,345,5966
equity,INE826C01016,2026-09-10,349,336,338.35,8316
equity,INE826C01016,2026-09-11,350,333,348.1,12367
equity,INE826C01016,2026-09-15,346.4,334.75,340.85,126274
equity,INE826C01016,2026-09-16,344,332.2,338.1,50739
equity,INE05J901018,2026-09-07,73.75,68.16,72.48,83569
equity,INE05J901018,2026-09-08,73.47,72.1,72.54,177043
equity,INE05J901018,2026-09-09,73,71.15,72.74,154387
equity,INE05J901018,2026-09-10,72.99,72.1,72.4,105778
equity,INE05J901018,2026-09-11,72.38,67.16,67.61,265110
equity,INE05J901018,2026-09-15,67.99,62.63,65.59,238447
equity,INE05J901018,2026-09-16,67.5,64.02,65.27,120978
equity,INE00ST01011,2026-09-07,190.9,183.35,185,18000
equity,INE00ST01011,2026-09-08,185,183,183,4000
equity,INE00ST01011,2026-09-09,189.9,181.2,183.35,142000
equity,INE00ST01011,2026-09-10,192.5,180,185.05,109000
equity,INE00ST01011,2026-09-11,194.3,183,183.3,129000
equity,INE00ST01011,2026-09-15,181.1,178.05,181,5000
equity,INE00ST01011,2026-09-16,184,180,184,42000
equity,INE0GAO01018,2026-09-08,389.95,381,387.85,7000
equity,INE0GAO01018,2026-09-09,388.9,381.5,386.75,5600
equity,INE0GAO01018,2026-09-10,395,375,390.85,103400
equity,INE0GAO01018,2026-09-11,438.8,386,407,65800
equity,INE0GAO01018,2026-09-15,407,380,382.45,17200
equity,INE461B01014,2026-09-08,326.3,318,319.4,4269
equity,INE461B01014,2026-09-09,321.8,312,314,2610
equity,INE461B01014,2026-09-10,315.2,303.25,306.9,154399
equity,INE461B01014,2026-09-11,313.55,306.05,309.5,4874
equity,INE461B01014,2026-09-15,314.6,285.2,296.4,9288
equity,INE461B01014,2026-09-16,306.6,288.1,297.95,20159
equity,INE100D01014,2026-09-08,61.32,59.05,59.75,54961
equity,INE100D01014,2026-09-09,62,58.91,59.11,57431
equity,INE100D01014,2026-09-10,60.47,57.61,58.83,29567
equity,INE100D01014,2026-09-11,63.8,58.22,61.92,146840
equity,INE100D01014,2026-09-15,62.5,59,59.92,72062
equity,INE100D01014,2026-09-16,61.45,54.01,56.04,169308
equity,INE208H01016,2026-09-07,409.9,381.05,399.9,2858
equity,INE208H01016,2026-09-08,404.95,377.45,397.85,4067
equity,INE208H01016,2026-09-09,404.45,381.95,391.45,5021
equity,INE208H01016,2026-09-10,398.95,377.95,385.05,4127
equity,INE208H01016,2026-09-11,402.05,380.95,394.9,5351
equity,INE208H01016,2026-09-15,427.05,391,394.15,7391
equity,INE208H01016,2026-09-16,400.05,380,393.2,8506
equity,INE961D01019,2026-09-08,235.3459,228.5648,233.511,36771
equity,INE961D01019,2026-09-09,239.3049,226.3709,229.7216,22373
equity,INE961D01019,2026-09-10,234.3487,227.4678,229.8313,18261
equity,INE961D01019,2026-09-11,232.3542,225.2241,230.3099,15876
equity,INE961D01019,2026-09-15,241.3193,213.008,215.89,42891
equity,INE961D01019,2026-09-16,223.9,202.98,218.77,35350
equity,INE08PH01015,2026-09-08,214.7,203.1,207.99,7227
equity,INE08PH01015,2026-09-09,214.2,204,205.71,1477
equity,INE08PH01015,2026-09-10,206.64,200.1,205.55,5619
equity,INE08PH01015,2026-09-11,211,201.6,203.06,1253
equity,INE08PH01015,2026-09-15,213.59,200.7,206.04,6697
equity,INE08PH01015,2026-09-16,211.9,201.02,204.63,1377
equity,INE199C01026,2026-09-07,49.98,49,49.12,19626
equity,INE199C01026,2026-09-08,49.8,49,49.14,27336
equity,INE199C01026,2026-09-09,49.56,47.63,48.74,21032
equity,INE199C01026,2026-09-10,49.48,48,48.43,24668
equity,INE199C01026,2026-09-11,50,48,49.18,16431
equity,INE199C01026,2026-09-15,49.06,47.5,47.98,35019
equity,INE199C01026,2026-09-16,48.99,46.75,47.18,31561
equity,INE777G01012,2026-09-08,279,267.2,271,1589
equity,INE777G01012,2026-09-09,272,257.2,260.05,7005
equity,INE777G01012,2026-09-10,263.9,252.1,252.95,3243
equity,INE777G01012,2026-09-11,279,247.55,259.9,5602
equity,INE777G01012,2026-09-15,273.9,245.5,251.35,7168
equity,INE354A01013,2026-09-08,1055.2,1030.05,1055.2,6
equity,INE354A01013,2026-09-09,1054.95,1020.8,1023.8,802
equity,INE354A01013,2026-09-10,1044.75,1013.05,1038.4,825
equity,INE354A01013,2026-09-11,1036.85,1000,1006.7,794
equity,INE354A01013,2026-09-15,1028.8,948.3,983.75,672
equity,INE926R01012,2026-09-08,103,102,103,1816
equity,INE926R01012,2026-09-09,103.1,103.1,103.1,6260
equity,INE926R01012,2026-09-10,103.1,103,103,3212
equity,INE926R01012,2026-09-11,103,99,102.9,2231
equity,INE926R01012,2026-09-15,102.9,102,102,22
equity,INE377D01026,2026-09-08,5.48,5.36,5.48,15125451
equity,INE377D01026,2026-09-09,5.75,5.67,5.75,12985313
equity,INE377D01026,2026-09-10,6.03,5.95,6.03,8320766
equity,INE377D01026,2026-09-11,6.33,5.73,5.78,34803593
equity,INE377D01026,2026-09-15,5.69,5.5,5.5,2549636
equity,INE537F01012,2026-09-07,347.65,339.05,344.8,4172
equity,INE537F01012,2026-09-08,358,340.35,353.6,9512
equity,INE537F01012,2026-09-09,363,345,349.1,3983
equity,INE537F01012,2026-09-10,362,346.1,355.3,4303
equity,INE537F01012,2026-09-11,362.15,335.1,339.7,15368
equity,INE537F01012,2026-09-15,347.9,336.25,338,7810
equity,INE537F01012,2026-09-16,341.8,323,326,6152
equity,INE0AE001013,2026-09-08,37.9,34.61,36.35,1388778
equity,INE0AE001013,2026-09-09,37.7,34.85,35.11,814216
equity,INE0AE001013,2026-09-10,39,34.7,37.12,2532059
equity,INE0AE001013,2026-09-11,37,35.8,36.17,413477
equity,INE0AE001013,2026-09-14,36.17,36.17,36.17,
equity,INE0AE001013,2026-09-15,36.68,30.76,32.26,723981
equity,INE0AE001013,2026-09-16,32.84,31,31.79,1042175
equity,INE12Z301012,2026-09-07,251.5,245.05,247.05,15000
equity,INE12Z301012,2026-09-08,252,247.05,251.5,6600
equity,INE12Z301012,2026-09-09,301.8,246.15,299.95,309600
equity,INE12Z301012,2026-09-10,313,279,300.4,123600
equity,INE12Z301012,2026-09-11,304.95,290,297.25,40800
equity,INE12Z301012,2026-09-15,314,285,290.35,23400
equity,INE12Z301012,2026-09-16,290,278,282.3,51600
equity,INE0PUC01020,2026-09-07,92,89.1,89.85,67000
equity,INE0PUC01020,2026-09-08,89,86.5,87.2,90000
equity,INE0PUC01020,2026-09-09,88,85.05,85.5,66500
equity,INE0PUC01020,2026-09-10,87,83.1,83.5,65000
equity,INE0PUC01020,2026-09-11,85.5,79.05,79.9,236000
equity,INE0PUC01020,2026-09-15,82.95,77.15,77.7,56500
equity,INE0PMR01017,2026-09-07,430,418,422.1,27200
equity,INE0PMR01017,2026-09-08,434.95,420,427.75,14400
equity,INE0PMR01017,2026-09-09,430.1,428.95,430,53600
equity,INE0PMR01017,2026-09-10,438.95,429,430,8800
equity,INE0PMR01017,2026-09-11,432.5,429,432.5,20800
equity,INE0PMR01017,2026-09-15,430,430,430,2400
equity,INE103001017,2026-09-07,64.82,64.82,64.82,124866
equity,INE103001017,2026-09-08,61.58,61.58,61.58,166981
equity,INE103001017,2026-09-09,58.51,58.51,58.51,188774
equity,INE103001017,2026-09-10,61.43,56.5,61.42,2362524
equity,INE103001017,2026-09-11,59.7,58.35,58.35,291772
equity,INE103001017,2026-09-15,55.44,55.44,55.44,129616
equity,INE103001017,2026-09-16,52.67,52.67,52.67,94001
equity,INE757T01025,2026-09-08,18.44,17.6,18.11,6951
equity,INE757T01025,2026-09-09,18.49,16.96,17.05,12739
equity,INE757T01025,2026-09-10,18.2,17.2,17.96,14068
equity,INE757T01025,2026-09-11,18.3,17.01,17.54,8567
equity,INE757T01025,2026-09-15,17.85,15.89,16.15,6106
equity,INE788D01016,2026-09-08,227,215,225.35,40147
equity,INE788D01016,2026-09-09,236.6,225.45,236.6,35931
equity,INE788D01016,2026-09-10,248.4,242.5,248.4,77938
equity,INE788D01016,2026-09-11,260.8,249,260.8,64827
equity,INE788D01016,2026-09-15,273.8,252,264.9,74433
equity,INE855R01021,2026-09-08,40.695,38.4816,38.6785,426592
equity,INE855R01021,2026-09-09,38.6691,37.3936,37.75,687614
equity,INE855R01021,2026-09-10,38.2,36.4,37.53,577686
equity,INE855R01021,2026-09-11,37.69,35.26,35.99,485582
equity,INE855R01021,2026-09-15,36.62,34.95,35.89,362902
equity,INE855R01021,2026-09-16,39.49,36.31,38.05,647586
equity,INE0MM001019,2026-09-08,187.8,180.05,186,66000
equity,INE0MM001019,2026-09-09,187.55,183.9,184.45,41000
equity,INE0MM001019,2026-09-10,197.7,183.55,190.8,253000
equity,INE0MM001019,2026-09-11,197.65,190,195.05,85000
equity,INE0MM001019,2026-09-15,194.2,180.75,183.1,68000
equity,INE0QQJ01021,2026-09-07,294.95,286,294.95,14000
equity,INE0QQJ01021,2026-09-08,294.95,277.1,283.4,25000
equity,INE0QQJ01021,2026-09-09,311.7,290,311.7,51000
equity,INE0QQJ01021,2026-09-10,342.85,331,342.85,179000
equity,INE0QQJ01021,2026-09-11,339,321,330.05,91000
equity,INE0QQJ01021,2026-09-15,329.95,310.2,326.95,41000
equity,INE0QQJ01021,2026-09-16,325,318,322.2,9000
equity,INE550F01049,2026-09-08,20.24,19.48,19.91,80218
equity,INE550F01049,2026-09-09,20.69,19.7,19.95,147365
equity,INE550F01049,2026-09-10,20.17,19.5,19.62,44477
equity,INE550F01049,2026-09-11,20.43,18.98,19.17,37161
equity,INE550F01049,2026-09-15,19.94,18.6,18.71,55603
equity,INE1I1301016,2026-09-07,378.4,344.95,378.4,95400
equity,INE1I1301016,2026-09-08,416.2,390,416.2,209400
equity,INE1I1301016,2026-09-09,434,395.4,426.5,111000
equity,INE1I1301016,2026-09-10,447.8,413.55,447.8,96600
equity,INE1I1301016,2026-09-11,470.15,455,470.15,66000
equity,INE1I1301016,2026-09-15,472,446.65,446.65,43200
equity,INE1I1301016,2026-09-16,451.8,424.35,437.8,47400
equity,INE184D01026,2026-09-08,57.6,55.4,55.5,3277
equity,INE184D01026,2026-09-09,57.7,57.5,57.55,3011943
equity,INE184D01026,2026-09-10,57.8,57.6,57.7,8607
equity,INE184D01026,2026-09-11,57.9,57.7,57.8,4113
equity,INE184D01026,2026-09-15,58,57.9,57.9,29442
equity,INE019B01010,2026-09-08,374.4,365,366.5,582
equity,INE019B01010,2026-09-09,384,368,375.1,3754
equity,INE019B01010,2026-09-10,381.9,372.5,379.55,2099
equity,INE019B01010,2026-09-11,388,378,381.15,6519
equity,INE019B01010,2026-09-15,385,374.5,374.5,563
equity,INE228I01012,2026-09-08,389,381.2,385.35,16905
equity,INE228I01012,2026-09-09,391,380,389.9,15423
equity,INE228I01012,2026-09-10,392.55,375.05,375.65,11155
equity,INE228I01012,2026-09-11,370,356.9,363.95,22015
equity,INE228I01012,2026-09-15,367.95,353,354.55,8660
equity,INE228I01012,2026-09-16,360,341.2,347.95,8191
equity,INE320X01016,2026-09-08,1497.4,1445.5,1448.1,465
equity,INE320X01016,2026-09-09,1497.3,1450,1470.9,733
equity,INE320X01016,2026-09-10,1498,1450,1450.6,171
equity,INE320X01016,2026-09-11,1500,1437,1462.5,382
equity,INE320X01016,2026-09-15,1496,1470,1488.9,1964
equity,INE320X01016,2026-09-16,1524,1450.6,1507.9,2124
equity,INE0OCC01013,2026-09-08,187.5,185.3,185.55,5700
equity,INE0OCC01013,2026-09-09,192,185,189.8,7500
equity,INE0OCC01013,2026-09-10,198,193.45,193.9,15000
equity,INE0OCC01013,2026-09-11,195,188.5,191.1,6600
equity,INE0OCC01013,2026-09-15,191.05,186,187.45,4800
equity,INE0S6S01017,2026-09-07,1010,990,990,4875
equity,INE0S6S01017,2026-09-08,999.95,970.2,970.2,6375
equity,INE0S6S01017,2026-09-09,950.8,950.8,950.8,2250
equity,INE0S6S01017,2026-09-10,935,931.8,931.8,6375
equity,INE0S6S01017,2026-09-11,913.5,913.2,913.2,5625
equity,INE0S6S01017,2026-09-15,913.1,894.95,894.95,4875
equity,INE049I01012,2026-09-08,259.85,255.2,258.9,1771
equity,INE049I01012,2026-09-09,262,254.5,257.65,1663
equity,INE049I01012,2026-09-10,264.4,255.5,256.9,2468
equity,INE049I01012,2026-09-11,259,252,258.9,1192
equity,INE049I01012,2026-09-15,261.9,248,252.65,6628
equity,INE049I01012,2026-09-16,255.65,242.2,250.05,1758
equity,INE445D01013,2026-09-08,1490,1458.65,1480.4,608
equity,INE445D01013,2026-09-09,1508.1,1466.35,1479.05,904
equity,INE445D01013,2026-09-10,1479.75,1443.65,1455.25,356
equity,INE445D01013,2026-09-11,1456.25,1440.05,1451.85,160
equity,INE445D01013,2026-09-15,1465.95,1431,1434.75,172
equity,INE035S01028,2026-09-08,149.8,144,144.4,8136
equity,INE035S01028,2026-09-09,144.95,142.2,143.3,20616
equity,INE035S01028,2026-09-10,144.5,140,140.9,13081
equity,INE035S01028,2026-09-11,141.7,138.3,140.1,16250
equity,INE035S01028,2026-09-15,146.15,139,139.85,9085
equity,INE809A01032,2026-09-08,125.88,124,124.74,14324
equity,INE809A01032,2026-09-09,125.59,122.55,123.07,10645
equity,INE809A01032,2026-09-10,125.99,122.5,123.57,12925
equity,INE809A01032,2026-09-11,124.84,120.71,122.67,31234
equity,INE809A01032,2026-09-15,123.5,118.51,118.86,28796
equity,INE809A01032,2026-09-16,119.49,113.86,115.18,46737
equity,INE432F01032,2026-09-08,20.99,19.5,20.05,3061
equity,INE432F01032,2026-09-09,20.05,19.5,19.77,5400
equity,INE432F01032,2026-09-10,20.26,19.57,19.66,6409
equity,INE432F01032,2026-09-11,20.6,19.5,19.66,36661
equity,INE432F01032,2026-09-15,20.6,19.03,19.28,3686
equity,INE044N01021,2026-09-08,282.25,276.1,276.1,103
equity,INE044N01021,2026-09-09,281.8,276.1,278.3,192
equity,INE044N01021,2026-09-10,287.85,266.05,270,769
equity,INE044N01021,2026-09-11,280,270,279,319
equity,INE044N01021,2026-09-15,287.8,268,268,172
equity,INE15EH01014,2026-09-07,245,229.43,229.92,730027
equity,INE15EH01014,2026-09-08,227.1,218.43,218.53,428308
equity,INE15EH01014,2026-09-09,229.45,215,229.45,352389
equity,INE15EH01014,2026-09-10,231,220.5,226.92,181325
equity,INE15EH01014,2026-09-11,231,220,228.8,139869
equity,INE15EH01014,2026-09-15,234,217.61,220.64,118719
equity,INE15EH01014,2026-09-16,228.05,209.61,221.55,180041
equity,INE379J01029,2026-09-08,161.3,159,161.2,1131
equity,INE379J01029,2026-09-09,164.4,158.25,164.4,1859
equity,INE379J01029,2026-09-10,167.65,162.15,167,5924
equity,INE379J01029,2026-09-11,167,164,164.5,3494
equity,INE379J01029,2026-09-15,167.5,161.25,161.25,2445
equity,INE798K01010,2026-09-08,84.8,81.53,82.14,11169
equity,INE798K01010,2026-09-09,84,81.15,82.05,11043
equity,INE798K01010,2026-09-10,83.49,81,81.98,12535
equity,INE798K01010,2026-09-11,81.98,80.1,80.52,6426
equity,INE798K01010,2026-09-15,82.79,79.51,80.78,9657
equity,INE798K01010,2026-09-16,81,79,80.3,9859
equity,INE0V0L01028,2026-09-07,328,296.5,325.4,184200
equity,INE0V0L01028,2026-09-08,331.05,311,313.1,62400
equity,INE0V0L01028,2026-09-09,318,285.05,301.6,68400
equity,INE0V0L01028,2026-09-10,307,295.5,300,10800
equity,INE0V0L01028,2026-09-11,299.5,290.5,290.55,19200
equity,INE0V0L01028,2026-09-15,290.75,268,269.3,22200
equity,INE0V0L01028,2026-09-16,264.15,251,256.35,49800
equity,INE244A01016,2026-09-08,829.8467,796.213,801.9844,5325
equity,INE244A01016,2026-09-09,825.9161,798.0539,801.7854,4503
equity,INE244A01016,2026-09-10,810.3929,797.0588,798.1036,1190
equity,INE244A01016,2026-09-11,810.1939,762.231,794.5214,6410
equity,INE244A01016,2026-09-15,815.9653,788.1031,808.95,2684
equity,INE244A01016,2026-09-16,809.95,781.55,788.1,1735
equity,INE531R01010,2026-09-07,231,220,220.5,9600
equity,INE531R01010,2026-09-08,237.4,220,227.75,34000
equity,INE531R01010,2026-09-09,247.8,232.95,243,110800
equity,INE531R01010,2026-09-10,245,231.05,235.05,20400
equity,INE531R01010,2026-09-11,253.5,239,251,126800
equity,INE531R01010,2026-09-15,284,257,265.25,82000
equity,INE280H01015,2026-09-08,395,373.05,385,18574
equity,INE280H01015,2026-09-09,385.55,375,377.05,11550
equity,INE280H01015,2026-09-10,386.55,369.65,383.35,11752
equity,INE280H01015,2026-09-11,396.45,374.45,390.9,17080
equity,INE280H01015,2026-09-15,408.95,358,363.15,27611
equity,INE280H01015,2026-09-16,376.7,355,361.3,8746
equity,INE0Q1R01012,2026-09-07,452,432.5,450.95,13600
equity,INE0Q1R01012,2026-09-08,510.95,446,490.75,46000
equity,INE0Q1R01012,2026-09-09,519.9,483,500.05,42400
equity,INE0Q1R01012,2026-09-10,535,498.95,522.65,42400
equity,INE0Q1R01012,2026-09-11,560,503.5,556.35,82000
equity,INE0Q1R01012,2026-09-15,628.5,565,619.2,56400
equity,INE2KRP01017,2026-09-07,351,316.15,332.25,168000
equity,INE2KRP01017,2026-09-08,353.95,325,350.65,56400
equity,INE2KRP01017,2026-09-09,363.35,336,352.25,75600
equity,INE2KRP01017,2026-09-10,352.95,333.05,351,66000
equity,INE2KRP01017,2026-09-11,349,338.2,348,37200
equity,INE2KRP01017,2026-09-15,353,330.6,330.6,61200
equity,INE2KRP01017,2026-09-16,347.1,314.1,347.1,79200
equity,INE593W01028,2026-09-08,63.87,61,61.59,102474
equity,INE593W01028,2026-09-09,62,59.64,60.92,62335
equity,INE593W01028,2026-09-10,62.5,61.05,61.97,100777
equity,INE593W01028,2026-09-11,62.5,59.56,61.84,22532
equity,INE593W01028,2026-09-15,62,60.13,60.87,13306
equity,INE593W01028,2026-09-16,61.39,59.25,60.67,13908
equity,INE985A01022,2026-09-07,86.0768,82.6298,83.65,64110
equity,INE985A01022,2026-09-08,86.79,83.56,84.03,45494
equity,INE985A01022,2026-09-09,84.79,81.38,82.96,54639
equity,INE985A01022,2026-09-10,83.69,80.36,81.58,20693
equity,INE985A01022,2026-09-11,81.58,79.62,80.28,17030
equity,INE985A01022,2026-09-15,81,78.1,78.41,46998
equity,INE985A01022,2026-09-16,79.9,77.1,77.92,22330
equity,INE771A01026,2026-09-07,31.79,30.56,31.01,120081
equity,INE771A01026,2026-09-08,31.4,30.5,30.73,63648
equity,INE771A01026,2026-09-09,32.3,30.5,31.28,202011
equity,INE771A01026,2026-09-10,31.74,30.68,30.81,63473
equity,INE771A01026,2026-09-11,31,30.31,30.63,55731
equity,INE771A01026,2026-09-14,30.63,30.63,30.63,
equity,INE771A01026,2026-09-15,31.48,29.03,29.4,299174
equity,INE771A01026,2026-09-16,29.94,28.51,29.02,83103
equity,INE102A01024,2026-09-08,6.5,6.3,6.4,134222
equity,INE102A01024,2026-09-09,6.57,6.32,6.47,139783
equity,INE102A01024,2026-09-10,6.47,6.31,6.38,119034
equity,INE102A01024,2026-09-11,6.4,6.3,6.38,148728
equity,INE102A01024,2026-09-15,6.55,6.22,6.26,150511
equity,INE102A01024,2026-09-16,7,6.27,6.79,814825
equity,INE177C01022,2026-09-08,89.09,87.02,87.28,399
equity,INE177C01022,2026-09-09,89.34,86.04,87.37,5680
equity,INE177C01022,2026-09-10,88.57,85.5,85.69,2440
equity,INE177C01022,2026-09-11,86.03,84,85.66,4737
equity,INE177C01022,2026-09-15,86.08,83.1,84.19,4613
equity,INE250B01029,2026-09-08,231.5,221,224.57,7437
equity,INE250B01029,2026-09-09,228,222,222.62,5240
equity,INE250B01029,2026-09-10,225.89,220.11,221.63,4739
equity,INE250B01029,2026-09-11,224,219.02,219.93,4847
equity,INE250B01029,2026-09-15,226,218,218.59,7205
equity,INE250B01029,2026-09-16,220.17,213.28,215,4098
equity,INE020J01029,2026-09-08,44.4,42.02,42.54,154949
equity,INE020J01029,2026-09-09,43.27,42.12,42.78,171792
equity,INE020J01029,2026-09-10,43.8,41.6,42.61,242171
equity,INE020J01029,2026-09-11,43.67,41.27,42.03,233417
equity,INE020J01029,2026-09-15,42.03,39.51,39.92,194895
equity,INE020J01029,2026-09-16,40.65,38.75,39.39,157381
equity,INE547B01028,2026-09-07,32.45,31,32,71432
equity,INE547B01028,2026-09-08,31.99,31,31.11,32037
equity,INE547B01028,2026-09-09,31.89,29.5,30.87,51263
equity,INE547B01028,2026-09-10,31.4,30,30.04,30411
equity,INE547B01028,2026-09-11,30.9,29.5,29.53,25934
equity,INE547B01028,2026-09-15,31.8,29.25,29.45,82382
equity,INE547B01028,2026-09-16,30.15,27.91,29.05,21078
equity,INE784W01015,2026-09-08,240,223,232.8,157491
equity,INE784W01015,2026-09-09,235.89,227.38,229.73,147302
equity,INE784W01015,2026-09-10,235.59,230,234.86,143102
equity,INE784W01015,2026-09-11,236,231.27,234.19,118616
equity,INE784W01015,2026-09-15,239.8,224.5,228.71,116912
equity,INE784W01015,2026-09-16,230.81,221.28,223.85,129033
equity,INE219M01021,2026-09-08,42.85,40.15,41.97,36691
equity,INE219M01021,2026-09-09,42.9,40.5,41.05,52994
equity,INE219M01021,2026-09-10,42,40,40.35,53864
equity,INE219M01021,2026-09-11,40.99,39.5,40.74,139956
equity,INE219M01021,2026-09-15,42.4,41.04,41.04,51972
equity,INE976E01023,2026-09-08,57.99,55.25,56.08,32938
equity,INE976E01023,2026-09-09,58.5,54.61,57.98,95582
equity,INE976E01023,2026-09-10,59.7,55.35,56.77,116129
equity,INE976E01023,2026-09-11,55.95,54.01,55.23,93506
equity,INE976E01023,2026-09-15,55.23,53.02,53.49,50438
equity,INE976E01023,2026-09-16,53.98,49.15,51.98,138960
equity,INE658D01029,2026-09-08,106,100.1,102.5,404766
equity,INE658D01029,2026-09-09,107,103.1,104.05,244185
equity,INE658D01029,2026-09-10,112.9,104.1,106.1,1478096
equity,INE658D01029,2026-09-11,115.2,106.05,113.7,255204
equity,INE658D01029,2026-09-15,132,112,113.05,894197
equity,INE846D01012,2026-09-08,141,137.5,138.23,9111
equity,INE846D01012,2026-09-09,141.4,136.1,139.66,18982
equity,INE846D01012,2026-09-10,142.44,136.01,139.08,13339
equity,INE846D01012,2026-09-11,139.96,135,137.67,10254
equity,INE846D01012,2026-09-15,138.99,129.68,131.1,11716
equity,INE846D01012,2026-09-16,136.48,130.31,133.49,6679
equity,INE353A01023,2026-09-08,128.8,121.1,126.18,23689
equity,INE353A01023,2026-09-09,128.99,123,124.69,22755
equity,INE353A01023,2026-09-10,129.99,122.53,126.46,14377
equity,INE353A01023,2026-09-11,131.5,121.07,125.43,55538
equity,INE353A01023,2026-09-15,127.97,118.3,118.87,40636
equity,INE353A01023,2026-09-16,123.01,115.89,116.65,36791
equity,INE277E01026,2026-09-08,58.19,57.55,58.19,701
equity,INE277E01026,2026-09-09,61.09,59,61.09,4318
equity,INE277E01026,2026-09-10,64.14,61.09,64.14,4556
equity,INE277E01026,2026-09-11,67.3,60.94,60.94,5814
equity,INE277E01026,2026-09-15,59.73,59.73,59.73,532
equity,INE370D01013,2026-09-08,505.45,476.15,496.75,10371
equity,INE370D01013,2026-09-09,498.9,476.55,480.7,5184
equity,INE370D01013,2026-09-10,492.3,457,458.8,15595
equity,INE370D01013,2026-09-11,470.05,450.25,466.45,7599
equity,INE370D01013,2026-09-15,475,450.1,454.3,11510
equity,INE370D01013,2026-09-16,463.35,448.05,451.05,9473
equity,INE0LR101013,2026-09-08,690,661,680,4000
equity,INE0LR101013,2026-09-09,660,640,647,6800
equity,INE0LR101013,2026-09-10,665,652,665,2000
equity,INE0LR101013,2026-09-11,695,675,691.65,3600
equity,INE0LR101013,2026-09-15,699.95,661.15,672.75,3600
equity,INE0U9D01019,2026-09-07,180,178.35,179.75,7200
equity,INE0U9D01019,2026-09-08,186.9,182.95,183,15600
equity,INE0U9D01019,2026-09-09,193,185.35,185.45,22800
equity,INE0U9D01019,2026-09-10,194,182,183,8400
equity,INE0U9D01019,2026-09-11,186.5,176.05,177.75,25200
equity,INE0U9D01019,2026-09-15,181.5,176.1,176.1,8400
equity,INE0U9D01019,2026-09-16,181.5,175.7,178.45,8400
equity,INE341Z01025,2026-09-08,32.45,31.26,32.01,115305
equity,INE341Z01025,2026-09-09,32.45,30.5,32,207473
equity,INE341Z01025,2026-09-10,32.68,31.12,32.39,147821
equity,INE341Z01025,2026-09-11,33.24,31.15,32.96,466846
equity,INE341Z01025,2026-09-15,34.98,33,34.21,489618
equity,INE510U01018,2026-09-07,266.75,260,266.7,10400
equity,INE510U01018,2026-09-08,269.4,263,268.15,10400
equity,INE510U01018,2026-09-09,264.65,260.55,263.95,10400
equity,INE510U01018,2026-09-10,268,260.25,260.5,12000
equity,INE510U01018,2026-09-11,270,260.15,267.75,21600
equity,INE510U01018,2026-09-15,274.9,263,269,20800
equity,INE05ST01028,2026-09-08,24.8166,23.6827,23.6827,13937
equity,INE05ST01028,2026-09-09,24.5679,23.5434,23.8617,30066
equity,INE05ST01028,2026-09-10,24.1502,19.0973,22.32,485912
equity,INE05ST01028,2026-09-11,23.4,21.31,21.56,95640
equity,INE05ST01028,2026-09-15,22.63,21.05,21.33,56281
equity,INE05ST01028,2026-09-16,22.01,20,21.49,39935
equity,INE324X01026,2026-09-08,4.03,3.75,4.03,13974925
equity,INE324X01026,2026-09-09,4.17,3.74,3.78,7131865
equity,INE324X01026,2026-09-10,4.12,3.71,3.99,10094104
equity,INE324X01026,2026-09-11,4.1,3.89,4.01,4826620
equity,INE324X01026,2026-09-15,4.04,3.78,3.85,1905933
equity,INE324X01026,2026-09-16,3.87,3.67,3.79,1717583
equity,INE015D01022,2026-09-08,70,65.01,67.72,256172
equity,INE015D01022,2026-09-09,68.9,65.74,66.21,48915
equity,INE015D01022,2026-09-10,73.1,66.85,70.51,553126
equity,INE015D01022,2026-09-11,73.4,68.91,70.95,221417
equity,INE015D01022,2026-09-15,72.95,67.35,68.01,62854
equity,INE015D01022,2026-09-16,67.3,64,64.41,102871
equity,INE296Q01012,2026-09-07,59.99,56,56.83,19082
equity,INE296Q01012,2026-09-08,59,56,56.01,8469
equity,INE296Q01012,2026-09-09,57,44.81,44.81,349519
equity,INE296Q01012,2026-09-10,40.75,35.85,37.15,1459080
equity,INE296Q01012,2026-09-11,40.86,36,40.86,182568
equity,INE296Q01012,2026-09-15,44.94,42.19,44.94,85676
equity,INE296Q01012,2026-09-16,49.43,49.43,49.43,16118
equity,INE0O4601016,2026-09-08,376,375,375,10260
equity,INE0O4601016,2026-09-09,382,371.25,380,7380
equity,INE0O4601016,2026-09-10,381,380,380,4860
equity,INE0O4601016,2026-09-11,382,370.25,370.3,3060
equity,INE0O4601016,2026-09-15,382,366.6,376.05,12420
equity,INE792I01017,2026-09-07,324,302,313.35,194076
equity,INE792I01017,2026-09-08,376,303,372.75,1937988
equity,INE792I01017,2026-09-09,394.9,341.6,362.65,1551687
equity,INE792I01017,2026-09-10,384,355.6,363.1,376600
equity,INE792I01017,2026-09-11,382.8,353.15,373.4,522110
equity,INE792I01017,2026-09-14,373.4,373.4,373.4,
equity,INE792I01017,2026-09-15,379,350.1,354.25,181308
equity,INE792I01017,2026-09-16,363.75,303.65,348.25,340527
equity,INE0PQ001012,2026-09-08,157.1,154.75,155,27500
equity,INE0PQ001012,2026-09-09,155.9,150,151.4,35000
equity,INE0PQ001012,2026-09-10,156.25,149.95,156.25,11000
equity,INE0PQ001012,2026-09-11,156.9,155,156.9,3000
equity,INE0PQ001012,2026-09-15,153,146,149.6,16500
equity,INE875G01048,2026-09-07,3.06,2.79,2.98,2614796
equity,INE875G01048,2026-09-08,3.03,2.91,2.92,1104958
equity,INE875G01048,2026-09-09,3,2.88,2.93,1338011
equity,INE875G01048,2026-09-10,2.98,2.89,2.9,876630
equity,INE875G01048,2026-09-11,2.95,2.82,2.86,711856
equity,INE875G01048,2026-09-15,2.88,2.65,2.75,1065293
equity,INE875G01048,2026-09-16,3.2,2.64,2.89,1433690
equity,INE0PT101017,2026-09-08,125.55,122.5,124.25,191000
equity,INE0PT101017,2026-09-09,124.25,124.25,124.25,1000
equity,INE0PT101017,2026-09-10,124.7,121.75,122.85,30000
equity,INE0PT101017,2026-09-11,125.65,122.85,125.3,10000
equity,INE0PT101017,2026-09-15,129.5,123.55,123.55,6000
equity,INE05CY01014,2026-09-08,63.5,60.5,62.11,58041
equity,INE05CY01014,2026-09-09,63.4,55.9,55.9,172985
equity,INE05CY01014,2026-09-10,57.3,50.61,54.6,54034
equity,INE05CY01014,2026-09-11,57.8,50.51,52.85,49418
equity,INE05CY01014,2026-09-15,53.8,49.11,52.04,13236
equity,INE296G01013,2026-09-08,244.8,231.1,234.39,12823
equity,INE296G01013,2026-09-09,236,233,235.33,5157
equity,INE296G01013,2026-09-10,240.25,230.37,232.44,8204
equity,INE296G01013,2026-09-11,235.02,225,226.85,11199
equity,INE296G01013,2026-09-15,233.79,220.8,222.9,11449
equity,INE296G01013,2026-09-16,235.26,216.54,234.02,34493
equity,INE214A01019,2026-09-08,140.7,133,139.26,29551
equity,INE214A01019,2026-09-09,142.95,140,142.27,29578
equity,INE214A01019,2026-09-10,144.73,139,140.78,19759
equity,INE214A01019,2026-09-11,142.62,135.8,140.53,16480
equity,INE214A01019,2026-09-15,146,139,140.43,14910
equity,INE214A01019,2026-09-16,142.5,138,141.16,7636
equity,INE641C01019,2026-09-07,72.97,65.61,66.51,1750897
equity,INE641C01019,2026-09-08,68.5,63,64.62,521569
equity,INE641C01019,2026-09-09,67.83,62.2,63.19,283464
equity,INE641C01019,2026-09-10,75.82,61,74.77,2362626
equity,INE641C01019,2026-09-11,73.8,68.2,69.33,1320997
equity,INE641C01019,2026-09-14,69.33,69.33,69.33,
equity,INE641C01019,2026-09-15,80,63.8,75.17,2090584
equity,INE641C01019,2026-09-16,79.9,70.11,73.43,1470347
equity,INE554H01021,2026-09-08,267,242.5,258.5,1664
equity,INE554H01021,2026-09-09,260,245.6,246.9,2508
equity,INE554H01021,2026-09-10,256,236.05,255,4870
equity,INE554H01021,2026-09-11,263,242.3,258,1365
equity,INE554H01021,2026-09-15,269.9,245.1,258,1209
equity,INE147C01017,2026-09-08,72,68.3,69.49,354
equity,INE147C01017,2026-09-09,69.8,67.9,68.15,16162
equity,INE147C01017,2026-09-10,72.97,65.01,68.1,17157
equity,INE147C01017,2026-09-11,79.99,66,71,16010
equity,INE147C01017,2026-09-15,75,68,68.05,16880
equity,INE823A01017,2026-09-08,67.9,66.3,66.43,5661
equity,INE823A01017,2026-09-09,68.19,66,66.5,5918
equity,INE823A01017,2026-09-10,68.01,65.5,65.76,7310
equity,INE823A01017,2026-09-11,66.2,64.83,65.78,3613
equity,INE823A01017,2026-09-15,67.61,65,65.03,7715
equity,INE823A01017,2026-09-16,66,63,64.14,5375
equity,INE0S2V01010,2026-09-07,124,121.53,122.14,9594
equity,INE0S2V01010,2026-09-08,123.7,121,121.44,11216
equity,INE0S2V01010,2026-09-09,125.5,120.5,124.5,29237
equity,INE0S2V01010,2026-09-10,129,122.06,126.31,20881
equity,INE0S2V01010,2026-09-11,126.5,124,125.5,31941
equity,INE0S2V01010,2026-09-15,127,123.3,125.08,18615
equity,INE0S2V01010,2026-09-16,125.1,121.2,122.25,8978
equity,INE916Y01027,2026-09-07,9.39,9.06,9.14,552669
equity,INE916Y01027,2026-09-08,9.28,9.02,9.07,338110
equity,INE916Y01027,2026-09-09,9.45,8.9,9.01,446375
equity,INE916Y01027,2026-09-10,9.19,8.67,8.94,519018
equity,INE916Y01027,2026-09-11,9.1,8.8,8.92,234271
equity,INE916Y01027,2026-09-15,9,8.39,8.54,634241
equity,INE916Y01027,2026-09-16,8.6,8.31,8.37,371881
equity,INE385O01018,2026-09-08,259.8,238,258.2,41600
equity,INE385O01018,2026-09-09,270.45,255,257.95,52000
equity,INE385O01018,2026-09-10,270,250.5,263.05,48000
equity,INE385O01018,2026-09-11,267.65,251.1,263.1,20400
equity,INE385O01018,2026-09-15,301.5,251.05,265,114400
equity,INE629D01020,2026-09-08,116,113.1,115,23714
equity,INE629D01020,2026-09-09,116.89,112.54,113.42,25897
equity,INE629D01020,2026-09-10,117,112.6,113.04,30780
equity,INE629D01020,2026-09-11,113.9,110.66,112.84,13011
equity,INE629D01020,2026-09-15,114.97,109,110.03,9076
equity,INE629D01020,2026-09-16,113.93,107.56,109.34,16707
equity,INE902B01017,2026-09-08,350.7,330.4,350.7,5869
equity,INE902B01017,2026-09-09,359.9,333.4,342.05,7426
equity,INE902B01017,2026-09-10,355.9,331.3,342.6,3172
equity,INE902B01017,2026-09-11,359,333.05,350.35,2806
equity,INE902B01017,2026-09-15,344,332.85,332.85,2992
equity,INE902B01017,2026-09-16,344.9,316.25,321.35,2830
equity,INE666E01020,2026-09-08,43.97,42,42.29,29632
equity,INE666E01020,2026-09-09,43.49,42.5,43.21,5707
equity,INE666E01020,2026-09-10,43.8,42.3,42.68,8422
equity,INE666E01020,2026-09-11,42.94,41.5,42.7,32848
equity,INE666E01020,2026-09-15,43.5,41.85,42.55,4611
equity,INE666E01020,2026-09-16,43.5,41.9,42.7,14356
equity,INE585A01020,2026-09-08,692.8225,664.9455,682.57,3032
equity,INE585A01020,2026-09-09,695,672,674.35,1925
equity,INE585A01020,2026-09-10,676,662,675.9,1012
equity,INE585A01020,2026-09-11,677,650.3,654.2,1282
equity,INE585A01020,2026-09-15,668,647.1,648.1,477
equity,INE04VX01019,2026-09-07,340,340,340,500
equity,INE04VX01019,2026-09-08,350,342,350,2500
equity,INE04VX01019,2026-09-09,349.9,348.5,349.75,6000
equity,INE04VX01019,2026-09-10,352.5,349,350.25,67500
equity,INE04VX01019,2026-09-11,353,352.1,353,1000
equity,INE04VX01019,2026-09-15,360,354,355,5500
equity,INE927C01020,2026-09-08,17.1,16.71,16.91,42404
equity,INE927C01020,2026-09-09,17.09,16.07,16.31,179178
equity,INE927C01020,2026-09-10,16.82,16.01,16.53,109229
equity,INE927C01020,2026-09-11,17.35,16.21,16.87,141198
equity,INE927C01020,2026-09-15,17.68,16.12,16.33,161772
equity,INE927C01020,2026-09-16,16.92,15.8,16.45,136926
equity,INE0VDK01019,2026-09-07,408.85,408.85,408.85,2000
equity,INE0VDK01019,2026-09-08,388.45,388.45,388.45,1000
equity,INE0VDK01019,2026-09-09,407.85,369.05,407.85,41000
equity,INE0VDK01019,2026-09-10,428.2,404.5,428.2,13000
equity,INE0VDK01019,2026-09-11,406.85,406.8,406.8,2000
equity,INE0VDK01019,2026-09-15,387,386.5,387,2000
equity,INE0VDK01019,2026-09-16,406.3,367.65,406.3,10000
equity,INE557B01019,2026-09-08,234.97,225.3,226.85,18116
equity,INE557B01019,2026-09-09,240.88,226.81,233.05,47059
equity,INE557B01019,2026-09-10,239.45,228.1,229.41,20773
equity,INE557B01019,2026-09-11,233,225.3,228.68,9747
equity,INE557B01019,2026-09-15,228.68,217.5,218.62,49862
equity,INE557B01019,2026-09-16,222,215,217.94,28444
equity,INE650G01029,2026-09-08,85.88,82.6,84.07,33412
equity,INE650G01029,2026-09-09,85,79.5,80.36,25163
equity,INE650G01029,2026-09-10,81.9,76.35,76.35,15547
equity,INE650G01029,2026-09-11,80.15,72.75,78.5,13453
equity,INE650G01029,2026-09-15,77.8,75.02,75.5,6273
equity,INE767M01029,2026-09-08,33.49,32.51,32.7,38302
equity,INE767M01029,2026-09-09,32.95,31.5,32.9,20874
equity,INE767M01029,2026-09-10,33.4,32.36,33.33,34463
equity,INE767M01029,2026-09-11,35.99,32,34.36,591940
equity,INE767M01029,2026-09-15,35.05,32.98,33.4,93737
equity,INE874A01010,2026-09-08,1019.95,970,1003.1,234
equity,INE874A01010,2026-09-09,1016.95,986,1001,254
equity,INE874A01010,2026-09-10,1028.25,1006,1006,32
equity,INE874A01010,2026-09-11,1099.95,976.1,988.5,383
equity,INE874A01010,2026-09-15,1020,970,976.1,370
index,^GSPC,2026-09-10,7612.8599,7580.0601,7591.7002,4893500000
index,^GSPC,2026-09-11,7677.02,7636.75,7656.98,4722480000
index,^GSPC,2026-09-14,7647.9902,7592.2798,7619.98,4963750000
index,^GSPC,2026-09-15,7617.2598,7572.6899,7585.73,5154930000
index,^GSPC,2026-09-16,7626.79,7507.77,7551.8101,2887890000
index,^NDX,2026-09-10,29250.4102,29038.2207,29103.5098,7174170000
index,^NDX,2026-09-11,29473.1191,29313.5098,29368.4395,6587900000
index,^NDX,2026-09-14,29285.5,28867.6699,29127.1602,7179780000
index,^NDX,2026-09-15,29142.8008,28899.4297,28937.8398,7934200000
index,^NDX,2026-09-16,29235.8906,28753.2949,28945.0605,1086228000
index,^RUT,2026-09-10,2908.52,2886.96,2890.95,4893500000
index,^RUT,2026-09-11,2926.6899,2902.8999,2903.9399,4722480000
index,^RUT,2026-09-14,2908.52,2885.54,2892.24,4963750000
index,^RUT,2026-09-15,2890.6399,2861.73,2870.29,5154930000
index,^RUT,2026-09-16,2887.8157,2832.3708,2854.7957,
index,^DJI,2026-09-10,52291.8516,51962.7109,52064.1016,397900000
index,^DJI,2026-09-11,52720.2383,52204.4609,52573.2891,354460000
index,^DJI,2026-09-14,52750.8789,52278.8906,52421.1992,442650000
index,^DJI,2026-09-15,52336.6094,51875.6484,52093.1094,374460000
index,^DJI,2026-09-16,52173.6992,51186.6719,51461.8984,393277762
index,^NSEI,2026-09-10,23494.9492,23380.0996,23477.8008,253200
index,^NSEI,2026-09-11,23448.0996,23231.4004,23398.0996,293000
index,^NSEI,2026-09-15,23592.8496,23118.5996,23118.5996,338800
index,^NSEI,2026-09-16,23284.75,23116.0996,23217.5996,
index,^FTSE,2026-09-10,10688,10594.2998,10608.9004,527847300
index,^FTSE,2026-09-11,10714.7002,10602.0996,10650.4004,452884300
index,^FTSE,2026-09-14,10734.9004,10650.9004,10697.5996,870740300
index,^FTSE,2026-09-15,10697.7998,10586.4004,10658.0996,1282245100
index,^FTSE,2026-09-16,10735.3398,10655.8203,10688.4697,
index,^GDAXI,2026-09-10,25612.0898,25361.1504,25361.1504,49936000
index,^GDAXI,2026-09-11,25581.2207,25396.3809,25568.5605,45275400
index,^GDAXI,2026-09-14,25548.7793,25325.5195,25440.8105,56050700
index,^GDAXI,2026-09-15,25478.9805,25172.8906,25402.2793,48815100
index,^GDAXI,2026-09-16,25599.0703,25361.6992,25537.75,
index,^FCHI,2026-09-10,8190.0801,8114,8116.7598,49671000
index,^FCHI,2026-09-11,8207.71,8140.7998,8179.77,46054500
index,^FCHI,2026-09-14,8165.1001,8086.3999,8117.7798,55466300
index,^FCHI,2026-09-15,8110.5801,8033.04,8090.2798,49491200
index,^FCHI,2026-09-16,8155.5098,8088.1299,8140.5898,
index,^STOXX50E,2026-09-10,6329.48,6262.48,6268.9702,14905700
index,^STOXX50E,2026-09-11,6341.4399,6285.1099,6325.1299,15644800
index,^STOXX50E,2026-09-14,6308.9502,6234.3301,6260.3799,17625000
index,^STOXX50E,2026-09-15,6265.25,6194.1802,6236.5,17347000
index,^STOXX50E,2026-09-16,6282.5601,6240.6602,6266.5,
index,^N225,2026-09-10,65270.9492,64186.6797,65270.9492,153400000
index,^N225,2026-09-11,64312.0195,63208.6289,64011.3398,168000000
index,^N225,2026-09-14,63691.5313,62726.1797,63492.9883,135800000
index,^N225,2026-09-15,64101,63067.1797,63484.1016,135000000
index,^N225,2026-09-16,63923,63209.9219,63923,
index,^HSI,2026-09-10,25021.8105,24889.6406,24954.4707,2814600000
index,^HSI,2026-09-11,24851.1797,24570.2402,24805.6309,3138300000
index,^HSI,2026-09-14,24926.2402,24662.1094,24917.5996,2514800000
index,^HSI,2026-09-15,24934.0605,24657.0098,24667.2402,2321000000
index,^HSI,2026-09-16,24789.9102,24574.75,24713.7793,
index,000001.SS,2026-09-10,3949.2549,3927.3469,3934.4041,484700
index,000001.SS,2026-09-11,3912.325,3852.032,3888.1111,579100
index,000001.SS,2026-09-14,3895.51,3867.021,3885.333,458900
index,000001.SS,2026-09-15,3891.6201,3858.1499,3864.2791,440900
index,000001.SS,2026-09-16,3894.6636,3842.7212,3891.6006,2962837840
index,000300.SS,2026-09-15,4496.9556,4444.6279,4450.04,1386907612
index,000300.SS,2026-09-16,4483.3564,4417.5972,4480.2681,3464550412
index,^AXJO,2026-09-10,8911.4004,8742.5996,8819.4004,836900
index,^AXJO,2026-09-11,8819.4004,8699.7998,8741.2002,704400
index,^AXJO,2026-09-14,8768.2998,8734,8749.9004,690800
index,^AXJO,2026-09-15,8749.9004,8657.0996,8672.5,773500
index,^AXJO,2026-09-16,8705.5996,8668.0996,8696.5,
index,^KS11,2026-09-10,7072.79,6898.4502,7033.9199,422600
index,^KS11,2026-09-11,6948.8301,6802.5,6909.9102,268900
index,^KS11,2026-09-14,6773.9702,6654.8198,6684.3701,297200
index,^KS11,2026-09-15,6715.46,6582.2002,6627.2598,287900
index,^KS11,2026-09-16,6717.9702,6598.8701,6717.9702,209130
index,^TWII,2026-09-10,47130.9609,46573.4688,46940.4883,3857900
index,^TWII,2026-09-11,46651.2109,45942.4414,46184.8516,3896000
index,^TWII,2026-09-14,46050.2383,45398.4297,45862.5195,3400000
index,^TWII,2026-09-15,46009.8516,45491.9688,45511.4883,3225500
index,^TWII,2026-09-16,46077.8203,45546.5586,45848.8984,
index,^STI,2026-09-10,5712.8901,5684.0601,5689.75,271724100
index,^STI,2026-09-11,5710.9502,5669.2202,5695.9302,237580600
index,^STI,2026-09-14,5725.5601,5677.79,5718.02,305014800
index,^STI,2026-09-15,5720.9102,5632.1602,5638.6401,214160300
index,^STI,2026-09-16,5687.6299,5627.1899,5635.4102,
index,^BVSP,2026-09-10,188539,184601,188269,10299400
index,^BVSP,2026-09-11,188586,186208,187207,8480500
index,^BVSP,2026-09-14,187321,183813,185501,7537100
index,^BVSP,2026-09-15,187651,185056,186503,6681800
index,^BVSP,2026-09-16,186738.25,184753.9844,185478.6875,
index,^MXX,2026-09-10,64675.4688,64023.3203,64106.8203,114898100
index,^MXX,2026-09-11,64454.3008,63768.3984,63924.7695,100916900
index,^MXX,2026-09-14,64301.0898,63509.3398,64216.9805,107090600
index,^MXX,2026-09-15,64375.8516,63375.5195,63507.1094,136867100
index,^GSPTSE,2026-09-10,35739.3984,35427.5,35506.3008,275614700
index,^GSPTSE,2026-09-11,35857.3984,35578.5,35697.5,214351000
index,^GSPTSE,2026-09-14,35847.5,35520.8984,35702.5,301230600
index,^GSPTSE,2026-09-15,35705.3008,35405.6016,35582.1016,244283500
index,^GSPTSE,2026-09-16,35781.75,35243.3203,35491.2695,264629707
index,^IBEX,2026-09-10,19833.0996,19614.5,19659.8008,
index,^IBEX,2026-09-11,19884.4004,19736.0996,19838.5,
index,^IBEX,2026-09-14,19810.9004,19511.5,19565.5,
index,^IBEX,2026-09-15,19665,19392.5996,19555.9004,
index,^IBEX,2026-09-16,19708.1992,19557.6992,19635.8008,107858866
index,FTSEMIB.MI,2026-09-10,52229,51717,51807,198859200
index,FTSEMIB.MI,2026-09-11,52530,51995,52512,200886800
index,FTSEMIB.MI,2026-09-14,52378,51465,51629,232299500
index,FTSEMIB.MI,2026-09-15,51790,50819,51555,202624900
index,FTSEMIB.MI,2026-09-16,52091.8984,51685.0117,51969.1211,
index,^AEX,2026-09-10,1102.51,1091.77,1093.27,41756000
index,^AEX,2026-09-11,1103.46,1091.71,1098.76,42056800
index,^AEX,2026-09-14,1101.1801,1095.28,1098.35,46415000
index,^AEX,2026-09-15,1097.12,1089.41,1095.87,48960700
index,^AEX,2026-09-16,1100.63,1095.51,1096.14,
