AssetClass,Key,Date,High,Low,Close,Volume
equity,INE0V9Q01010,2025-08-06,195.0712,176.0422,194.9416,91822808
equity,INE0V9Q01010,2025-08-07,203.5893,189.6215,197.0637,35917913
equity,INE0V9Q01010,2025-08-08,216.7701,191.9827,208.9892,43861781
equity,INE0V9Q01010,2025-08-11,217.6767,199.654,201.3278,11852409
equity,INE0V9Q01010,2025-08-12,205.7313,193.4771,195.8682,6018286
equity,INE0V9Q01010,2025-08-13,204.0277,192.8893,194.304,7119543
equity,INE0V9Q01010,2025-08-14,197.5618,185.0586,186.8419,3871069
equity,INE0V9Q01010,2025-08-18,191.7535,179.6787,182.3586,4129003
equity,INE0V9Q01010,2025-08-19,192.2816,182.817,185.5069,4191162
equity,INE0V9Q01010,2025-08-20,188.5854,184.6401,186.3338,2314498
equity,INE0V9Q01010,2025-08-21,195.0712,188.0972,191.375,3404332
equity,INE0V9Q01010,2025-08-22,195.6689,189.7909,191.096,1990056
equity,INE0V9Q01010,2025-08-25,193.2778,185.3076,187.3301,1865846
equity,INE0V9Q01010,2025-08-26,193.228,183.8132,187.7684,3122924
equity,INE0V9Q01010,2025-08-28,186.7024,174.5478,179.3598,6451271
equity,INE0V9Q01010,2025-08-29,184.2018,178.8418,180.4358,1455813
equity,INE0V9Q01010,2025-09-01,182.5181,179.4396,180.7845,1011041
equity,INE0V9Q01010,2025-09-02,182.7173,178.1843,178.9115,1153725
equity,INE0V9Q01010,2025-09-03,185.7061,172.8542,182.8867,3983752
equity,INE0V9Q01010,2025-09-04,189.6414,181.3325,182.0797,2273055
equity,INE0V9Q01010,2025-09-05,184.9689,180.3262,183.2453,943638
equity,INE0V9Q01010,2025-09-08,184.3014,181.5218,182.2491,538116
equity,INE0V9Q01010,2025-09-09,182.6575,177.9352,179.4595,697635
equity,INE0V9Q01010,2025-09-10,187.8481,180.3362,185.0984,2406115
equity,INE0V9Q01010,2025-09-11,185.2479,175.853,177.6662,1511316
equity,INE0V9Q01010,2025-09-12,184.3114,175.2652,183.7236,2882045
equity,INE0V9Q01010,2025-09-15,186.0548,181.9801,183.2952,1088162
equity,INE0V9Q01010,2025-09-16,185.1582,180.924,182.5778,975260
equity,INE0V9Q01010,2025-09-17,183.0062,180.0274,180.8842,1179186
equity,INE0V9Q01010,2025-09-18,191.1857,181.0137,188.5356,4941614
equity,INE0V9Q01010,2025-09-19,193.1782,187.36,191.5144,3026365
equity,INE0V9Q01010,2025-09-22,192.172,186.6725,187.5991,1467883
equity,INE0V9Q01010,2025-09-23,188.7946,183.4147,184.6999,1086524
equity,INE0V9Q01010,2025-09-24,199.943,189.2927,194.2144,14788118
equity,INE0V9Q01010,2025-09-25,203.2406,193.3874,197.0936,8124098
equity,INE0V9Q01010,2025-09-26,199.1559,191.8432,192.8793,3988381
equity,INE0V9Q01010,2025-09-29,194.8121,187.7983,191.106,2081124
equity,INE0V9Q01010,2025-09-30,193.6664,186.553,188.3662,1939618
equity,INE0V9Q01010,2025-10-01,194.852,189.8008,190.6277,2545198
equity,INE0V9Q01010,2025-10-03,193.776,188.3463,189.3725,1984737
equity,INE0V9Q01010,2025-10-06,190.1695,184.6102,186.9714,1539715
equity,INE0V9Q01010,2025-10-07,188.2965,184.6102,185.8058,980801
equity,INE0V9Q01010,2025-10-08,186.553,182.4682,183.6837,901996
equity,INE0V9Q01010,2025-10-09,186.1047,183.1158,184.0922,786107
equity,INE0V9Q01010,2025-10-10,186.7024,183.9626,184.8693,669997
equity,INE0V9Q01010,2025-10-13,184.7397,182.269,182.5081,585652
equity,INE0V9Q01010,2025-10-14,183.7136,179.3499,180.0174,896976
equity,INE0V9Q01010,2025-10-15,183.7136,180.2266,181.8306,673082
equity,INE0V9Q01010,2025-10-16,183.7136,180.8244,181.5915,553372
equity,INE0V9Q01010,2025-10-17,182.9564,178.3337,178.9016,803830
equity,INE0V9Q01010,2025-10-20,187.6887,178.7023,184.3512,1322286
equity,INE0V9Q01010,2025-10-21,192.7797,185.3176,189.8805,1598878
equity,INE0V9Q01010,2025-10-23,191.0362,185.3574,186.3936,696861
equity,INE0V9Q01010,2025-10-24,187.1806,183.4745,184.6102,438286
equity,INE0V9Q01010,2025-10-27,185.2279,182.8169,183.2453,390274
equity,INE0V9Q01010,2025-10-28,186.2342,182.5679,183.6937,399339
equity,INE0V9Q01010,2025-10-29,186.1943,182.3188,183.0062,745524
equity,INE0V9Q01010,2025-10-30,189.7809,181.3225,183.1158,1217963
equity,INE0V9Q01010,2025-10-31,184.7896,181.3225,181.5417,427253
equity,INE0V9Q01010,2025-11-03,181.3325,176.1419,176.5105,1296002
equity,INE0V9Q01010,2025-11-04,178.3337,176.2415,177.1581,691575
equity,INE0V9Q01010,2025-11-06,178.1344,171.8579,172.7545,752252
equity,INE0V9Q01010,2025-11-07,176.3411,171.4594,174.5179,906870
equity,INE0V9Q01010,2025-11-10,176.3411,171.3199,175.0061,939568
equity,INE0V9Q01010,2025-11-11,175.843,170.4133,171.3598,870630
equity,INE0V9Q01010,2025-11-12,173.2427,169.8653,170.2041,595949
equity,INE0V9Q01010,2025-11-13,174.3486,169.5266,170.0347,928459
equity,INE0V9Q01010,2025-11-14,176.3411,170.3635,172.7047,1456907
equity,INE0V9Q01010,2025-11-17,174.3386,170.3435,170.7919,518872
equity,INE0V9Q01010,2025-11-18,171.8579,170.1244,170.4133,284069
equity,INE0V9Q01010,2025-11-19,171.021,167.8728,168.5203,1033899
equity,INE0V9Q01010,2025-11-20,176.8592,169.0085,170.2838,796039
equity,INE0V9Q01010,2025-11-21,172.2564,169.2178,169.3971,445054
equity,INE0V9Q01010,2025-11-24,171.4693,165.3821,166.8566,508098
equity,INE0V9Q01010,2025-11-25,171.3398,166.3584,169.5565,611849
equity,INE0V9Q01010,2025-11-26,170.3535,168.351,168.7894,232026
equity,INE0V9Q01010,2025-11-27,170.8218,167.6237,168.1916,178088
equity,INE0V9Q01010,2025-11-28,168.9886,166.8765,167.275,220313
equity,INE0V9Q01010,2025-12-01,168.6499,164.3858,165.2127,313441
equity,INE0V9Q01010,2025-12-02,170.8616,164.884,165.8503,1011539
equity,INE0V9Q01010,2025-12-03,166.2488,162.0146,162.8515,331571
equity,INE0V9Q01010,2025-12-04,163.1405,155.9374,156.3757,652415
equity,INE0V9Q01010,2025-12-05,157.4019,152.7293,153.4865,381679
equity,INE0V9Q01010,2025-12-08,157.093,152.7294,156.296,573978
equity,INE0V9Q01010,2025-12-09,159.2052,151.4143,157.4716,947927
equity,INE0V9Q01010,2025-12-10,160.3907,156.9137,159.1753,399509
equity,INE0V9Q01010,2025-12-11,163.3995,157.4119,159.6336,635787
equity,INE0V9Q01010,2025-12-12,161.1977,154.9212,155.9872,415843
equity,INE0V9Q01010,2025-12-15,155.2101,152.4305,153.0382,437856
equity,INE0V9Q01010,2025-12-16,156.4156,153.3172,155.7481,320838
equity,INE0V9Q01010,2025-12-17,155.8079,151.9323,152.3508,289155
equity,INE0V9Q01010,2025-12-18,152.3308,149.9398,150.3981,264300
equity,INE0V9Q01010,2025-12-19,155.4193,151.4441,154.3533,243329
equity,INE0V9Q01010,2025-12-22,157.4119,151.5936,154.433,339672
equity,INE0V9Q01010,2025-12-23,156.5152,152.4504,155.5986,399636
equity,INE0V9Q01010,2025-12-24,161.656,155.0706,155.7082,3466586
equity,INE0V9Q01010,2025-12-26,157.8402,153.9348,156.6945,478123
equity,INE0V9Q01010,2025-12-29,161.397,156.9137,159.8428,731029
equity,INE0V9Q01010,2025-12-30,160.8988,158.0196,159.2251,339516
equity,INE0V9Q01010,2025-12-31,161.397,155.0706,158.717,1176244
equity,INE0V9Q01010,2026-01-01,160.6099,157.3023,158.7668,274277
equity,INE0V9Q01010,2026-01-02,166.3784,158.4181,165.7407,1043986
equity,INE0V9Q01010,2026-01-05,170.0646,159.4742,161.0981,1606849
equity,INE0V9Q01010,2026-01-06,161.9449,159.4044,160.0719,362733
equity,INE0V9Q01010,2026-01-07,170.6524,157.7307,167.9425,2122254
equity,INE0V9Q01010,2026-01-08,177.9451,157.4617,158.5775,5054346
equity,INE0V9Q01010,2026-01-09,160.3011,155.4691,156.4455,1020920
equity,INE0V9Q01010,2026-01-12,157.8702,151.9423,153.7655,935531
equity,INE0V9Q01010,2026-01-13,156.8141,150.5376,151.2648,757635
equity,INE0V9Q01010,2026-01-14,153.2175,149.9398,150.3582,603943
equity,INE0V9Q01010,2026-01-15,150.3582,150.3582,150.3582,
equity,INE0V9Q01010,2026-01-16,152.3308,147.7579,151.0755,986081
equity,INE0V9Q01010,2026-01-19,155.9374,150.9361,152.2113,664024
equity,INE0V9Q01010,2026-01-20,152.4205,144.3008,145.2174,658424
equity,INE0V9Q01010,2026-01-21,145.7754,137.0878,137.8051,2579550
equity,INE0V9Q01010,2026-01-22,143.8326,140.246,142.6669,694642
equity,INE0V9Q01010,2026-01-23,156.9336,144.271,151.9323,5500836
equity,INE0V9Q01010,2026-01-27,153.2972,145.9547,147.0107,799836
equity,INE0V9Q01010,2026-01-28,159.9026,147.0008,156.7942,3473685
equity,INE0V9Q01010,2026-01-29,156.2163,146.4528,147.8277,1114956
equity,INE0V9Q01010,2026-01-30,151.3146,146.0842,149.3819,432542
equity,INE0V9Q01010,2026-02-02,149.0132,144.4702,147.0506,405268
equity,INE0V9Q01010,2026-02-03,155.4093,149.1427,150.2984,405018
equity,INE0V9Q01010,2026-02-04,153.6758,149.4416,151.7729,411061
equity,INE0V9Q01010,2026-02-05,152.4305,142.916,146.0244,1499308
equity,INE0V9Q01010,2026-02-06,148.8339,143.5835,146.2137,845542
equity,INE0V9Q01010,2026-02-09,151.4342,146.9709,149.1328,3230139
equity,INE0V9Q01010,2026-02-10,151.0158,146.2037,147.6284,1140125
equity,INE0V9Q01010,2026-02-11,148.8439,145.9547,146.5823,682425
equity,INE0V9Q01010,2026-02-12,152.5301,145.5761,151.0058,1575786
equity,INE0V9Q01010,2026-02-13,150.3383,143.0157,143.6234,1824842
equity,INE0V9Q01010,2026-02-16,145.4565,140.5748,141.043,1083579
equity,INE0V9Q01010,2026-02-17,145.7554,140.3954,144.0916,829002
equity,INE0V9Q01010,2026-02-18,147.1901,143.464,145.4266,612780
equity,INE0V9Q01010,2026-02-19,146.5524,142.4677,144.6495,585134
equity,INE0V9Q01010,2026-02-20,145.3569,137.9645,139.3693,2463634
equity,INE0V9Q01010,2026-02-23,152.4305,143.4042,145.2971,3259910
equity,INE0V9Q01010,2026-02-24,145.6359,139.7678,140.525,864319
equity,INE0V9Q01010,2026-02-25,144.0418,138.8313,141.6906,1235864
equity,INE0V9Q01010,2026-02-26,147.1303,141.6707,142.8463,1987425
equity,INE0V9Q01010,2026-02-27,144.3108,140.4253,140.7342,736691
equity,INE0V9Q01010,2026-03-02,137.9745,130.1139,132.0865,974907
equity,INE0V9Q01010,2026-03-04,130.353,125.531,126.1188,1163358
equity,INE0V9Q01010,2026-03-05,128.5796,121.9543,126.1088,1300633
equity,INE0V9Q01010,2026-03-06,127.922,120.171,120.7389,2095700
equity,INE0V9Q01010,2026-03-09,119.7825,112.0713,119.1946,1381849
equity,INE0V9Q01010,2026-03-10,128.1213,118.3677,127.8722,3359896
equity,INE0V9Q01010,2026-03-11,140.6544,127.7825,133.6506,13606118
equity,INE0V9Q01010,2026-03-12,129.9146,123.1001,123.658,2940724
equity,INE0V9Q01010,2026-03-13,125.2919,116.1859,119.0153,3866764
equity,INE0V9Q01010,2026-03-16,120.9481,115.0701,117.7301,1033644
equity,INE0V9Q01010,2026-03-17,120.6492,116.9431,119.5533,1080225
equity,INE0V9Q01010,2026-03-18,124.0465,119.8522,122.8211,1391066
equity,INE0V9Q01010,2026-03-19,120.5197,115.7176,116.3453,803491
equity,INE0V9Q01010,2026-03-20,119.1648,112.689,114.1535,2238717
equity,INE0V9Q01010,2026-03-23,114.9804,106.6017,107.2692,3596447
equity,INE0V9Q01010,2026-03-24,111.3838,106.9006,109.1123,1772053
equity,INE0V9Q01010,2026-03-25,115.4686,110.1883,112.9281,2019054
equity,INE0V9Q01010,2026-03-27,112.9181,107.4983,109.1821,4216378
equity,INE0V9Q01010,2026-03-30,110.0189,101.8196,102.4572,2085643
equity,INE0V9Q01010,2026-04-01,112.6989,105.5257,112.131,1864781
equity,INE0V9Q01010,2026-04-02,114.3727,107.0002,113.3565,769525
equity,INE0V9Q01010,2026-04-06,124.6841,109.7101,119.5832,2297559
equity,INE0V9Q01010,2026-04-07,127.0254,121.3068,125.7701,2061443
equity,INE0V9Q01010,2026-04-08,137.9845,128.6394,135.3842,2137805
equity,INE0V9Q01010,2026-04-09,141.3718,133.3816,134.0193,1133682
equity,INE0V9Q01010,2026-04-10,140.2759,132.0068,138.5424,1495142
equity,INE0V9Q01010,2026-04-13,140.4751,131.6182,138.8213,1278864
equity,INE0V9Q01010,2026-04-15,145.3967,141.4814,142.4577,1130080
equity,INE0V9Q01010,2026-04-16,145.4565,140.6744,142.2386,787578
equity,INE0V9Q01010,2026-04-17,143.5935,137.5959,139.4091,797959
equity,INE0V9Q01010,2026-04-20,146.3731,136.9882,144.7392,1636454
equity,INE0V9Q01010,2026-04-21,148.4454,142.9061,145.586,1116661
equity,INE0V9Q01010,2026-04-22,147.9472,145.0879,145.9248,431794
equity,INE0V9Q01010,2026-04-23,145.7753,139.977,141.5113,487111
equity,INE0V9Q01010,2026-04-24,145.2872,140.5349,144.271,649087
equity,INE0V9Q01010,2026-04-27,148.9435,143.7828,147.19,907387
equity,INE0V9Q01010,2026-04-28,148.5251,145.1975,146.7417,778334
equity,INE0V9Q01010,2026-04-29,148.4254,145.2573,145.8351,608975
equity,INE0V9Q01010,2026-04-30,146.3133,142.0393,142.5872,355144
equity,INE0V9Q01010,2026-05-01,142.5872,142.5872,142.5872,
equity,INE0V9Q01010,2026-05-04,145.6757,140.7242,141.9197,417051
equity,INE0V9Q01010,2026-05-05,143.2348,136.49,137.8649,899803
equity,INE0V9Q01010,2026-05-06,144.7492,137.5959,143.2249,1574660
equity,INE0V9Q01010,2026-05-07,147.9472,144.2012,146.6421,1003972
equity,INE0V9Q01010,2026-05-08,148.0966,144.251,146.2834,621067
equity,INE0V9Q01010,2026-05-11,149.2723,142.2684,145.5063,1418441
equity,INE0V9Q01010,2026-05-12,146.7318,140.784,141.8898,726101
equity,INE0V9Q01010,2026-05-13,147.748,136.4402,141.3817,1180355
equity,INE0V9Q01010,2026-05-14,143.464,139.0804,139.5785,490051
equity,INE0V9Q01010,2026-05-15,141.2722,137.7653,138.3829,293313
equity,INE0V9Q01010,2026-05-18,140.3755,134.8362,137.8151,512325
equity,INE0V9Q01010,2026-05-19,140.4652,137.4863,138.1538,177797
equity,INE0V9Q01010,2026-05-20,138.1538,136.1413,136.5498,163458
equity,INE0V9Q01010,2026-05-21,141.7205,137.4664,140.6544,360512
equity,INE0V9Q01010,2026-05-22,141.4714,137.8051,138.373,282431
equity,INE0V9Q01010,2026-05-25,142.3581,138.6021,140.6544,353139
equity,INE0V9Q01010,2026-05-26,142.4677,138.3829,138.7815,203770
equity,INE0V9Q01010,2026-05-27,140.4154,135.4938,135.7428,766115
equity,INE0V9Q01010,2026-05-28,135.7428,135.7428,135.7428,
equity,INE0V9Q01010,2026-05-29,139.2796,135.8026,137.3668,382446
equity,INE0V9Q01010,2026-06-01,139.9372,136.6893,138.642,390129
equity,INE0V9Q01010,2026-06-02,140.3755,136.0317,138.8412,221768
equity,INE0V9Q01010,2026-06-03,139.7778,136.0915,136.6694,210948
equity,INE0V9Q01010,2026-06-04,139.4789,135.8823,137.0878,233873
equity,INE0V9Q01010,2026-06-05,140.3755,135.8823,136.6494,369451
equity,INE0V9Q01010,2026-06-08,137.1675,131.8574,133.6905,845334
equity,INE0V9Q01010,2026-06-09,138.632,133.3518,136.5598,890204
equity,INE0V9Q01010,2026-06-10,137.2871,133.5012,135.0355,241809
equity,INE0V9Q01010,2026-06-11,134.3679,127.8224,128.7888,362763
equity,INE0V9Q01010,2026-06-12,134.089,131.3194,133.541,322548
equity,INE0V9Q01010,2026-06-15,144.2112,135.5037,142.4278,1193101
equity,INE0V9Q01010,2026-06-16,143.8326,140.9533,142.3681,409226
equity,INE0V9Q01010,2026-06-17,142.4577,139.2298,140.9334,401754
equity,INE0V9Q01010,2026-06-18,142.8662,139.977,140.6146,182403
equity,INE0V9Q01010,2026-06-19,143.6632,138.7317,141.9496,558127
equity,INE0V9Q01010,2026-06-22,147.3494,142.2186,146.0643,1147233
equity,INE0V9Q01010,2026-06-23,147.9373,141.0829,144.1514,822492
equity,INE0V9Q01010,2026-06-24,146.2635,141.7404,145.1975,380899
equity,INE0V9Q01010,2026-06-25,153.0282,144.6695,150.1291,2578185
equity,INE0V9Q01010,2026-06-26,150.1291,150.1291,150.1291,
equity,INE0V9Q01010,2026-06-29,153.8252,148.7741,151.753,1550949
equity,INE0V9Q01010,2026-06-30,152.9286,146.4628,147.8875,439617
equity,INE0V9Q01010,2026-07-01,151.6833,146.4628,148.8937,665128
equity,INE0V9Q01010,2026-07-02,150.5375,148.1564,149.4915,409179
equity,INE0V9Q01010,2026-07-03,150.3781,147.6483,148.1764,286523
equity,INE0V9Q01010,2026-07-06,150.6571,144.4603,146.2735,853182
equity,INE0V9Q01010,2026-07-07,147.5387,144.5599,145.6159,245390
equity,INE0V9Q01010,2026-07-08,145.048,137.5859,138.7815,592733
equity,INE0V9Q01010,2026-07-09,143.6632,138.9807,141.8301,370320
equity,INE0V9Q01010,2026-07-10,145.8949,142.129,144.8787,453765
equity,INE0V9Q01010,2026-07-13,146.1539,142.4677,143.9223,418839
equity,INE0V9Q01010,2026-07-14,144.261,140.0268,142.0094,246215
equity,INE0V9Q01010,2026-07-15,144.2411,140.1762,141.4814,278374
equity,INE0V9Q01010,2026-07-16,142.8562,140.0268,140.6445,180699
equity,INE0V9Q01010,2026-07-17,141.312,138.5822,139.429,241996
equity,INE0V9Q01010,2026-07-20,142.5673,136.5,140.4652,490023
equity,INE0V9Q01010,2026-07-21,150.3383,138.6818,147.6085,7328882
equity,INE0V9Q01010,2026-07-22,162.3634,150.4379,162.0944,18438054
equity,INE0V9Q01010,2026-07-23,173.2527,163.3895,172.9239,15477814
equity,INE0V9Q01010,2026-07-24,180.2266,173.8504,179.7185,13259101
equity,INE0V9Q01010,2026-07-27,187.6987,181.472,187.2504,7601080
equity,INE0V9Q01010,2026-07-28,191.1757,185.8556,188.1769,8127965
equity,INE0V9Q01010,2026-07-29,190.9864,187.9478,189.0437,4139547
equity,INE0V9Q01010,2026-07-30,193.2679,188.3961,192.5207,5983858
equity,INE0V9Q01010,2026-07-31,200.0525,193.1384,199.3751,3655461
equity,INE0V9Q01010,2026-08-03,206.7276,195.918,196.9242,9820738
equity,INE0V9Q01010,2026-08-04,201.4473,190.3388,192.9292,7058850
equity,INE0V9Q01010,2026-08-05,197.1135,190.9765,192.3115,3488592
equity,INE0V9Q01010,2026-08-06,195.3302,192.7299,194.8819,1034151
equity,INE0V9Q01010,2026-08-07,189.2928,185.1383,185.1383,1098639
equity,INE0V9Q01010,2026-08-10,185.6065,175.8828,175.8828,6114788
equity,INE0V9Q01010,2026-08-11,172.3461,167.0957,167.0957,1393329
equity,INE0V9Q01010,2026-08-12,175.4445,159.1553,173.2328,1556874
equity,INE0V9Q01010,2026-08-13,176.3411,167.3846,173.3822,954681
equity,INE0V9Q01010,2026-08-14,175.2452,165.392,171.8081,1513363
equity,INE0V9Q01010,2026-08-17,173.8504,168.3709,169.3373,1353967
equity,INE0V9Q01010,2026-08-18,171.7981,164.3858,169.2078,512916
equity,INE0V9Q01010,2026-08-19,168.2713,162.8914,163.4095,480005
equity,INE0V9Q01010,2026-08-20,169.2476,163.3397,165.5415,335886
equity,INE0V9Q01010,2026-08-21,168.351,163.6386,164.1965,282376
equity,INE0V9Q01010,2026-08-24,172.4058,163.8976,172.4058,1211782
equity,INE0V9Q01010,2026-08-25,181.0236,174.6375,180.8842,2831800
equity,INE0V9Q01010,2026-08-26,189.5418,182.4284,184.3014,790492
equity,INE0V9Q01010,2026-08-27,187.3002,179.33,185.5169,360313
equity,INE0V9Q01010,2026-08-28,189.2927,179.4296,185.9154,1014331
equity,INE0V9Q01010,2026-08-31,186.6028,179.3499,182.1793,229344
equity,INE0V9Q01010,2026-09-01,183.0859,177.0385,178.513,187972
equity,INE0V9Q01010,2026-09-02,182.2092,173.1531,175.295,851992
equity,INE0V9Q01010,2026-09-03,184.0523,173.6014,183.9527,469800
equity,INE0V9Q01010,2026-09-04,193.1483,181.8804,192.5306,1589932
equity,INE0V9Q01010,2026-09-07,200.9492,189.3426,198.9666,1307102
equity,INE0V9Q01010,2026-09-08,201.4473,194.3738,198.0699,1016159
equity,INE0V9Q01010,2026-09-09,200.1521,192.2816,197.253,818087
equity,INE0V9Q01010,2026-09-10,207.1062,194.2741,207.1062,14078555
equity,INE0V9Q01010,2026-09-11,214.5092,205.7792,208.7923,2083473
equity,INE0V9Q01010,2026-09-14,208.7923,208.7923,208.7923,
equity,INE0V9Q01010,2026-09-15,219.2285,201.1897,213.0526,2311800
equity,INE0V9Q01010,2026-09-16,219.8969,202.4069,215.9061,1914804
equity,INE0V9Q01010,2026-09-17,217.8017,209.5207,212.9029,883019
equity,INE0V9Q01010,2026-09-18,215.507,208.5728,214.639,557967
equity,INE0V9Q01010,2026-09-21,217.4026,209.7202,213.9306,613118
equity,INE0V9Q01010,2026-09-22,216.4847,212.1147,213.3519,396339
equity,INE0V9Q01010,2026-09-23,224.0175,213.0127,223.9477,1269546
equity,INE0V9Q01010,2026-09-24,225.4841,215.3573,218.55,450172
equity,INE0V9Q01010,2026-09-25,223.2,211.15,217.99,723532
equity,INE0V9Q01010,2026-09-28,220.9,207.1,208.05,2071422
equity,INE519N01014,2023-09-25,3.232,3.232,3.232,
equity,INE519N01014,2023-09-26,3.232,3.232,3.232,
equity,INE519N01014,2023-09-27,3.232,3.232,3.232,
equity,INE519N01014,2023-09-28,3.232,3.232,3.232,
equity,INE519N01014,2023-09-29,3.232,3.232,3.232,
equity,INE519N01014,2023-10-03,3.232,3.232,3.232,
equity,INE519N01014,2023-10-04,3.232,3.232,3.232,
equity,INE519N01014,2023-10-05,3.232,3.232,3.232,
equity,INE519N01014,2023-10-06,3.232,3.232,3.232,
equity,INE519N01014,2023-10-09,3.232,3.232,3.232,
equity,INE519N01014,2023-10-10,3.232,3.232,3.232,
equity,INE519N01014,2023-10-11,3.232,3.232,3.232,
equity,INE519N01014,2023-10-12,3.232,3.232,3.232,
equity,INE519N01014,2023-10-13,3.232,3.232,3.232,
equity,INE519N01014,2023-10-16,3.232,3.232,3.232,
equity,INE519N01014,2023-10-17,3.232,3.232,3.232,
equity,INE519N01014,2023-10-18,3.232,3.232,3.232,
equity,INE519N01014,2023-10-19,3.232,3.232,3.232,
equity,INE519N01014,2023-10-20,3.232,3.232,3.232,
equity,INE519N01014,2023-10-23,3.232,3.232,3.232,
equity,INE519N01014,2023-10-25,3.232,3.232,3.232,
equity,INE519N01014,2023-10-26,3.232,3.232,3.232,
equity,INE519N01014,2023-10-27,3.232,3.232,3.232,
equity,INE519N01014,2023-10-30,3.232,3.232,3.232,
equity,INE519N01014,2023-10-31,3.232,3.232,3.232,
equity,INE519N01014,2023-11-01,3.232,3.232,3.232,
equity,INE519N01014,2023-11-02,3.232,3.232,3.232,
equity,INE519N01014,2023-11-03,3.232,3.232,3.232,
equity,INE519N01014,2023-11-06,3.232,3.232,3.232,
equity,INE519N01014,2023-11-07,3.232,3.232,3.232,
equity,INE519N01014,2023-11-08,3.232,3.232,3.232,
equity,INE519N01014,2023-11-09,3.232,3.232,3.232,
equity,INE519N01014,2023-11-10,3.232,3.232,3.232,
equity,INE519N01014,2023-11-13,3.071,3.071,3.071,20
equity,INE519N01014,2023-11-15,3.071,3.071,3.071,
equity,INE519N01014,2023-11-16,3.071,3.071,3.071,
equity,INE519N01014,2023-11-17,3.071,3.071,3.071,
equity,INE519N01014,2023-11-20,2.918,2.918,2.918,770
equity,INE519N01014,2023-11-21,2.773,2.773,2.773,1000
equity,INE519N01014,2023-11-22,2.773,2.773,2.773,
equity,INE519N01014,2023-11-23,2.773,2.773,2.773,
equity,INE519N01014,2023-11-24,2.635,2.635,2.635,100
equity,INE519N01014,2023-11-28,2.504,2.504,2.504,2100
equity,INE519N01014,2023-11-29,2.554,2.379,2.379,1140
equity,INE519N01014,2023-11-30,2.379,2.379,2.379,
equity,INE519N01014,2023-12-01,2.261,2.261,2.261,6030
equity,INE519N01014,2023-12-04,2.261,2.148,2.15,11310
equity,INE519N01014,2023-12-05,2.15,2.043,2.043,1960
equity,INE519N01014,2023-12-06,2.043,1.941,1.941,2800
equity,INE519N01014,2023-12-07,1.941,1.844,1.844,7470
equity,INE519N01014,2023-12-08,1.844,1.844,1.844,
equity,INE519N01014,2023-12-11,2.032,2.032,2.032,3520
equity,INE519N01014,2023-12-12,2.133,2.133,2.133,2380
equity,INE519N01014,2023-12-13,2.239,2.239,2.239,720
equity,INE519N01014,2023-12-14,2.35,2.35,2.35,250
equity,INE519N01014,2023-12-15,2.467,2.467,2.467,1170
equity,INE519N01014,2023-12-18,2.59,2.59,2.59,820
equity,INE519N01014,2023-12-19,2.719,2.719,2.719,5280
equity,INE519N01014,2023-12-20,2.854,2.585,2.585,1280
equity,INE519N01014,2023-12-21,2.714,2.714,2.714,660
equity,INE519N01014,2023-12-22,2.849,2.849,2.849,900
equity,INE519N01014,2023-12-26,2.849,2.849,2.849,
equity,INE519N01014,2023-12-27,2.58,2.58,2.58,20
equity,INE519N01014,2023-12-28,2.451,2.451,2.451,20
equity,INE519N01014,2023-12-29,2.329,2.329,2.329,10
equity,INE519N01014,2024-01-01,2.329,2.329,2.329,
equity,INE519N01014,2024-01-02,2.329,2.329,2.329,
equity,INE519N01014,2024-01-03,2.214,2.213,2.214,410
equity,INE519N01014,2024-01-04,2.214,2.214,2.214,1550
equity,INE519N01014,2024-01-05,2.214,2.214,2.214,
equity,INE519N01014,2024-01-08,2.214,2.214,2.214,
equity,INE519N01014,2024-01-09,2.214,2.214,2.214,
equity,INE519N01014,2024-01-10,2.214,2.214,2.214,
equity,INE519N01014,2024-01-11,2.214,2.214,2.214,2750
equity,INE519N01014,2024-01-12,2.214,2.214,2.214,
equity,INE519N01014,2024-01-15,2.214,2.214,2.214,
equity,INE519N01014,2024-01-16,2.214,2.214,2.214,
equity,INE519N01014,2024-01-17,2.214,2.214,2.214,
equity,INE519N01014,2024-01-18,2.214,2.214,2.214,
equity,INE519N01014,2024-01-19,2.214,2.214,2.214,
equity,INE519N01014,2024-01-23,2.214,2.214,2.214,
equity,INE519N01014,2024-01-24,2.214,2.214,2.214,
equity,INE519N01014,2024-01-25,2.214,2.214,2.214,
equity,INE519N01014,2024-01-29,2.214,2.214,2.214,
equity,INE519N01014,2024-01-30,2.214,2.214,2.214,
equity,INE519N01014,2024-01-31,2.214,2.214,2.214,
equity,INE519N01014,2024-02-01,2.214,2.214,2.214,
equity,INE519N01014,2024-02-02,2.214,2.214,2.214,
equity,INE519N01014,2024-02-05,2.2,2.2,2.2,100
equity,INE519N01014,2024-02-06,2.2,2.2,2.2,
equity,INE519N01014,2024-02-07,2.2,2.2,2.2,1700
equity,INE519N01014,2024-02-08,2.2,2.2,2.2,
equity,INE519N01014,2024-02-09,2.2,2.2,2.2,
equity,INE519N01014,2024-02-12,2.2,2.2,2.2,
equity,INE519N01014,2024-02-13,2.2,2.2,2.2,
equity,INE519N01014,2024-02-14,2.2,2.2,2.2,
equity,INE519N01014,2024-02-15,2.2,2.2,2.2,
equity,INE519N01014,2024-02-16,2.09,2.09,2.09,100
equity,INE519N01014,2024-02-19,2.09,2.09,2.09,710
equity,INE519N01014,2024-02-20,2.194,1.986,1.986,200
equity,INE519N01014,2024-02-21,1.95,1.95,1.95,200
equity,INE519N01014,2024-02-22,1.95,1.95,1.95,
equity,INE519N01014,2024-02-23,1.853,1.853,1.853,110
equity,INE519N01014,2024-02-26,1.945,1.761,1.945,3690
equity,INE519N01014,2024-02-27,1.951,1.945,1.945,910
equity,INE519N01014,2024-02-28,2.042,1.945,1.945,1160
equity,INE519N01014,2024-02-29,1.945,1.945,1.945,
equity,INE519N01014,2024-03-01,1.945,1.945,1.945,100
equity,INE519N01014,2024-03-04,1.945,1.945,1.945,100
equity,INE519N01014,2024-03-05,1.945,1.945,1.945,
equity,INE519N01014,2024-03-06,1.945,1.945,1.945,1840
equity,INE519N01014,2024-03-07,1.945,1.945,1.945,
equity,INE519N01014,2024-03-11,2.042,1.848,1.848,200
equity,INE519N01014,2024-03-12,1.756,1.756,1.756,120
equity,INE519N01014,2024-03-13,1.756,1.756,1.756,110
equity,INE519N01014,2024-03-14,1.756,1.756,1.756,40
equity,INE519N01014,2024-03-15,1.756,1.756,1.756,
equity,INE519N01014,2024-03-18,1.843,1.669,1.843,810
equity,INE519N01014,2024-03-19,1.843,1.843,1.843,
equity,INE519N01014,2024-03-20,1.843,1.843,1.843,
equity,INE519N01014,2024-03-21,1.843,1.843,1.843,
equity,INE519N01014,2024-03-22,1.752,1.752,1.752,10
equity,INE519N01014,2024-03-26,1.752,1.752,1.752,
equity,INE519N01014,2024-03-27,1.752,1.752,1.752,
equity,INE519N01014,2024-03-28,1.752,1.673,1.673,1010
equity,INE519N01014,2024-04-01,1.673,1.6,1.6,100
equity,INE519N01014,2024-04-02,1.52,1.52,1.52,10
equity,INE519N01014,2024-04-03,1.52,1.52,1.52,
equity,INE519N01014,2024-04-04,1.52,1.52,1.52,
equity,INE519N01014,2024-04-05,1.596,1.596,1.596,500
equity,INE519N01014,2024-04-08,1.675,1.675,1.675,400
equity,INE519N01014,2024-04-09,1.758,1.592,1.592,110
equity,INE519N01014,2024-04-10,1.592,1.592,1.592,
equity,INE519N01014,2024-04-12,1.592,1.592,1.592,
equity,INE519N01014,2024-04-15,1.592,1.592,1.592,
equity,INE519N01014,2024-04-16,1.592,1.592,1.592,
equity,INE519N01014,2024-04-18,1.592,1.592,1.592,100
equity,INE519N01014,2024-04-19,1.671,1.671,1.671,4800
equity,INE519N01014,2024-04-22,1.671,1.671,1.671,
equity,INE519N01014,2024-04-23,1.671,1.671,1.671,
equity,INE519N01014,2024-04-24,1.671,1.671,1.671,
equity,INE519N01014,2024-04-25,1.671,1.671,1.671,
equity,INE519N01014,2024-04-26,1.671,1.671,1.671,
equity,INE519N01014,2024-04-29,1.671,1.671,1.671,
equity,INE519N01014,2024-04-30,1.671,1.671,1.671,
equity,INE519N01014,2024-05-02,1.671,1.671,1.671,
equity,INE519N01014,2024-05-03,1.671,1.671,1.671,
equity,INE519N01014,2024-05-06,1.671,1.671,1.671,100
equity,INE519N01014,2024-05-07,1.671,1.671,1.671,
equity,INE519N01014,2024-05-08,1.671,1.671,1.671,
equity,INE519N01014,2024-05-09,1.671,1.671,1.671,
equity,INE519N01014,2024-05-10,1.671,1.671,1.671,
equity,INE519N01014,2024-05-13,1.671,1.671,1.671,
equity,INE519N01014,2024-05-14,1.671,1.671,1.671,
equity,INE519N01014,2024-05-15,1.671,1.671,1.671,
equity,INE519N01014,2024-05-16,1.671,1.671,1.671,
equity,INE519N01014,2024-05-17,1.671,1.671,1.671,
equity,INE519N01014,2024-05-21,1.671,1.671,1.671,
equity,INE519N01014,2024-05-22,1.671,1.671,1.671,
equity,INE519N01014,2024-05-23,1.671,1.671,1.671,
equity,INE519N01014,2024-05-24,1.671,1.671,1.671,
equity,INE519N01014,2024-05-27,1.671,1.671,1.671,
equity,INE519N01014,2024-05-28,1.671,1.671,1.671,
equity,INE519N01014,2024-05-29,1.671,1.671,1.671,
equity,INE519N01014,2024-05-30,1.671,1.671,1.671,
equity,INE519N01014,2024-05-31,1.671,1.671,1.671,
equity,INE519N01014,2024-06-03,1.671,1.671,1.671,1050
equity,INE519N01014,2024-06-04,1.671,1.671,1.671,250
equity,INE519N01014,2024-06-05,1.671,1.671,1.671,
equity,INE519N01014,2024-06-06,1.671,1.671,1.671,
equity,INE519N01014,2024-06-07,1.672,1.672,1.672,30
equity,INE519N01014,2024-06-10,1.755,1.755,1.755,900
equity,INE519N01014,2024-06-11,1.842,1.842,1.842,700
equity,INE519N01014,2024-06-12,1.934,1.934,1.934,110
equity,INE519N01014,2024-06-13,2.03,2.03,2.03,270
equity,INE519N01014,2024-06-14,2.131,2.131,2.131,10
equity,INE519N01014,2024-06-18,2.131,2.131,2.131,600
equity,INE519N01014,2024-06-19,2.237,2.237,2.237,100
equity,INE519N01014,2024-06-20,2.348,2.348,2.348,10
equity,INE519N01014,2024-06-21,2.465,2.465,2.465,730
equity,INE519N01014,2024-06-24,2.588,2.588,2.588,810
equity,INE519N01014,2024-06-25,2.717,2.717,2.717,5710
equity,INE519N01014,2024-06-26,2.852,2.8,2.852,1650
equity,INE519N01014,2024-06-27,2.954,2.954,2.954,500
equity,INE519N01014,2024-06-28,2.954,2.954,2.954,
equity,INE519N01014,2024-07-01,3.101,2.955,3.101,1080
equity,INE519N01014,2024-07-02,3.256,3.256,3.256,2080
equity,INE519N01014,2024-07-03,3.418,3.418,3.418,2250
equity,INE519N01014,2024-07-04,3.588,3.588,3.588,1000
equity,INE519N01014,2024-07-05,3.767,3.75,3.767,4810
equity,INE519N01014,2024-07-08,3.955,3.85,3.889,13260
equity,INE519N01014,2024-07-09,4.083,3.867,4.075,1220
equity,INE519N01014,2024-07-10,4.278,3.872,4.278,5010
equity,INE519N01014,2024-07-11,4.2,4.2,4.2,210
equity,INE519N01014,2024-07-12,4.2,4.2,4.2,
equity,INE519N01014,2024-07-15,4.2,4.2,4.2,3940
equity,INE519N01014,2024-07-16,4.25,4.25,4.25,60
equity,INE519N01014,2024-07-18,4.25,4.25,4.25,
equity,INE519N01014,2024-07-19,4.25,4.25,4.25,100
equity,INE519N01014,2024-07-22,4.25,4.25,4.25,240
equity,INE519N01014,2024-07-23,4.25,4.25,4.25,
equity,INE519N01014,2024-07-24,4.25,4.25,4.25,
equity,INE519N01014,2024-07-25,4.25,4.25,4.25,700
equity,INE519N01014,2024-07-26,4.25,4.2,4.25,4750
equity,INE519N01014,2024-07-29,4.335,4.335,4.335,670
equity,INE519N01014,2024-07-30,4.421,4.421,4.421,410
equity,INE519N01014,2024-07-31,4.495,4.495,4.495,300
equity,INE519N01014,2024-08-01,4.584,4.538,4.538,300
equity,INE519N01014,2024-08-02,4.628,4.628,4.628,50
equity,INE519N01014,2024-08-05,4.628,4.628,4.628,
equity,INE519N01014,2024-08-06,4.628,4.628,4.628,110
equity,INE519N01014,2024-08-07,4.628,4.628,4.628,
equity,INE519N01014,2024-08-08,4.72,4.72,4.72,10
equity,INE519N01014,2024-08-09,4.78,4.78,4.78,7000
equity,INE519N01014,2024-08-12,4.78,4.78,4.78,
equity,INE519N01014,2024-08-13,4.78,4.78,4.78,
equity,INE519N01014,2024-08-14,4.875,4.7,4.875,2250
equity,INE519N01014,2024-08-16,4.972,4.972,4.972,3200
equity,INE519N01014,2024-08-19,5.071,5,5.071,8950
equity,INE519N01014,2024-08-20,5.172,5.172,5.172,1850
equity,INE519N01014,2024-08-21,5.275,5.275,5.275,3600
equity,INE519N01014,2024-08-22,5.38,5.38,5.38,100
equity,INE519N01014,2024-08-23,5.38,5.38,5.38,
equity,INE519N01014,2024-08-26,5.487,5.487,5.487,1940
equity,INE519N01014,2024-08-27,5.596,5.596,5.596,400
equity,INE519N01014,2024-08-28,5.707,5.707,5.707,1000
equity,INE519N01014,2024-08-29,5.821,5.821,5.821,10
equity,INE519N01014,2024-08-30,5.937,5.937,5.937,1000
equity,INE519N01014,2024-09-02,6.055,6,6,100
equity,INE519N01014,2024-09-03,6.12,6.12,6.12,990
equity,INE519N01014,2024-09-04,6.242,6.242,6.242,7610
equity,INE519N01014,2024-09-05,6.242,6.242,6.242,
equity,INE519N01014,2024-09-06,6.242,6.242,6.242,
equity,INE519N01014,2024-09-09,6.242,6.242,6.242,
equity,INE519N01014,2024-09-10,6.366,6.366,6.366,7540
equity,INE519N01014,2024-09-11,6.366,6.366,6.366,
equity,INE519N01014,2024-09-12,6.493,6.493,6.493,4000
equity,INE519N01014,2024-09-13,6.493,6.493,6.493,
equity,INE519N01014,2024-09-16,6.493,6.493,6.493,
equity,INE519N01014,2024-09-17,6.493,6.493,6.493,
equity,INE519N01014,2024-09-18,6.622,6.622,6.622,350
equity,INE519N01014,2024-09-19,6.754,6.754,6.754,220
equity,INE519N01014,2024-09-20,6.754,6.754,6.754,
equity,INE519N01014,2024-09-23,6.889,6.889,6.889,500
equity,INE519N01014,2024-09-24,6.889,6.889,6.889,
equity,INE519N01014,2024-09-25,6.889,6.889,6.889,
equity,INE519N01014,2024-09-26,6.889,6.889,6.889,
equity,INE519N01014,2024-09-27,7.026,7.026,7.026,1500
equity,INE519N01014,2024-09-30,7.026,7.026,7.026,
equity,INE519N01014,2024-10-01,7.026,7.026,7.026,
equity,INE519N01014,2024-10-03,7.166,7.166,7.166,100
equity,INE519N01014,2024-10-04,7.166,7.166,7.166,
equity,INE519N01014,2024-10-07,7.309,7.309,7.309,100
equity,INE519N01014,2024-10-08,7.309,7.309,7.309,
equity,INE519N01014,2024-10-09,7.455,7.455,7.455,220
equity,INE519N01014,2024-10-10,7.604,7.604,7.604,1000
equity,INE519N01014,2024-10-11,7.756,7.756,7.756,8800
equity,INE519N01014,2024-10-14,7.756,7.756,7.756,
equity,INE519N01014,2024-10-15,7.911,7.911,7.911,10
equity,INE519N01014,2024-10-16,7.911,7.911,7.911,
equity,INE519N01014,2024-10-17,8.069,8.069,8.069,600
equity,INE519N01014,2024-10-18,8.069,8.069,8.069,
equity,INE519N01014,2024-10-21,8.23,8.23,8.23,200
equity,INE519N01014,2024-10-22,8.394,8.394,8.394,24200
equity,INE519N01014,2024-10-23,8.394,8.394,8.394,
equity,INE519N01014,2024-10-24,8.394,8.394,8.394,
equity,INE519N01014,2024-10-25,8.394,8.394,8.394,
equity,INE519N01014,2024-10-28,8.394,8.394,8.394,
equity,INE519N01014,2024-10-29,8.394,8.394,8.394,
equity,INE519N01014,2024-10-30,8.394,8.394,8.394,
equity,INE519N01014,2024-10-31,8.394,8.394,8.394,
equity,INE519N01014,2024-11-01,8.394,8.394,8.394,
equity,INE519N01014,2024-11-04,8.394,8.394,8.394,
equity,INE519N01014,2024-11-05,8.561,8.561,8.561,200
equity,INE519N01014,2024-11-06,8.732,8.732,8.732,500
equity,INE519N01014,2024-11-07,8.732,8.732,8.732,
equity,INE519N01014,2024-11-08,8.732,8.732,8.732,
equity,INE519N01014,2024-11-11,8.732,8.732,8.732,
equity,INE519N01014,2024-11-12,8.732,8.732,8.732,
equity,INE519N01014,2024-11-13,8.732,8.732,8.732,
equity,INE519N01014,2024-11-14,8.732,8.732,8.732,
equity,INE519N01014,2024-11-18,8.732,8.732,8.732,
equity,INE519N01014,2024-11-19,8.732,8.732,8.732,
equity,INE519N01014,2024-11-21,9.084,9.084,9.084,100
equity,INE519N01014,2024-11-22,9.084,9.084,9.084,
equity,INE519N01014,2024-11-25,9.084,9.084,9.084,
equity,INE519N01014,2024-11-26,9.084,9.084,9.084,
equity,INE519N01014,2024-11-27,9.084,9.084,9.084,
equity,INE519N01014,2024-11-28,9.265,9.1,9.265,500
equity,INE519N01014,2024-11-29,9.265,9.265,9.265,
equity,INE519N01014,2024-12-02,9.265,9.265,9.265,
equity,INE519N01014,2024-12-03,9.265,9.265,9.265,
equity,INE519N01014,2024-12-04,9.265,9.265,9.265,
equity,INE519N01014,2024-12-05,9.265,9.265,9.265,
equity,INE519N01014,2024-12-06,9.265,9.265,9.265,
equity,INE519N01014,2024-12-09,9.265,9.265,9.265,
equity,INE519N01014,2024-12-10,9.265,9.265,9.265,
equity,INE519N01014,2024-12-11,9.265,9.265,9.265,
equity,INE519N01014,2024-12-12,9.45,9.45,9.45,2000
equity,INE519N01014,2024-12-13,9.639,9.639,9.639,250
equity,INE519N01014,2024-12-16,10.12,10.12,10.12,110
equity,INE519N01014,2024-12-17,10.12,10.12,10.12,
equity,INE519N01014,2024-12-18,10.12,10.12,10.12,
equity,INE519N01014,2024-12-19,10.12,10.12,10.12,
equity,INE519N01014,2024-12-20,10.12,10.12,10.12,
equity,INE519N01014,2024-12-23,10.12,10.12,10.12,
equity,INE519N01014,2024-12-24,10.12,10.12,10.12,
equity,INE519N01014,2024-12-26,10.12,10.12,10.12,
equity,INE519N01014,2024-12-27,10.12,10.12,10.12,
equity,INE519N01014,2024-12-30,11.157,11.157,11.157,200
equity,INE519N01014,2024-12-31,11.157,11.157,11.157,
equity,INE519N01014,2025-01-01,11.71,11.71,11.71,1000
equity,INE519N01014,2025-01-02,11.71,11.71,11.71,
equity,INE519N01014,2025-01-03,12.295,12.295,12.295,3000
equity,INE519N01014,2025-01-06,12.295,12.295,12.295,
equity,INE519N01014,2025-01-07,13.16,13.16,13.16,400
equity,INE519N01014,2025-01-08,13.42,13.42,13.42,1200
equity,INE519N01014,2025-01-09,13.42,13.42,13.42,
equity,INE519N01014,2025-01-10,13.42,13.42,13.42,
equity,INE519N01014,2025-01-13,13.42,13.42,13.42,
equity,INE519N01014,2025-01-14,13.42,13.42,13.42,
equity,INE519N01014,2025-01-15,13.42,13.42,13.42,
equity,INE519N01014,2025-01-16,13.42,13.42,13.42,
equity,INE519N01014,2025-01-17,13.42,13.42,13.42,
equity,INE519N01014,2025-01-20,13.42,13.42,13.42,
equity,INE519N01014,2025-01-21,14.51,14.51,14.51,100
equity,INE519N01014,2025-01-22,14.51,14.51,14.51,
equity,INE519N01014,2025-01-23,14.51,14.51,14.51,
equity,INE519N01014,2025-01-24,14.8,14.8,14.8,10
equity,INE519N01014,2025-01-27,15.095,15.095,15.095,300
equity,INE519N01014,2025-01-28,15.095,15.095,15.095,
equity,INE519N01014,2025-01-29,15.095,15.095,15.095,
equity,INE519N01014,2025-01-30,15.095,15.095,15.095,
equity,INE519N01014,2025-01-31,15.095,15.095,15.095,
equity,INE519N01014,2025-02-01,15.095,15.095,15.095,
equity,INE519N01014,2025-02-03,15.095,15.095,15.095,
equity,INE519N01014,2025-02-04,15.095,15.095,15.095,
equity,INE519N01014,2025-02-05,15.7,15.7,15.7,870
equity,INE519N01014,2025-02-06,15.7,15.7,15.7,
equity,INE519N01014,2025-02-07,16.33,16.33,16.33,370
equity,INE519N01014,2025-02-10,16.655,16.655,16.655,3020
equity,INE519N01014,2025-02-11,16.985,16.985,16.985,20
equity,INE519N01014,2025-02-12,17.32,17.32,17.32,1850
equity,INE519N01014,2025-02-13,17.665,17.665,17.665,8550
equity,INE519N01014,2025-02-14,18.015,18,18.015,600
equity,INE519N01014,2025-02-17,18.375,18.375,18.375,100
equity,INE519N01014,2025-02-18,18.375,18.375,18.375,
equity,INE519N01014,2025-02-19,19.11,19.11,19.11,13970
equity,INE519N01014,2025-02-20,19.49,19.49,19.49,20
equity,INE519N01014,2025-02-21,19.49,19.49,19.49,
equity,INE519N01014,2025-02-24,20.27,20.27,20.27,2020
equity,INE519N01014,2025-02-25,20.675,20.675,20.675,2200
equity,INE519N01014,2025-02-27,21.085,21.085,21.085,27510
equity,INE519N01014,2025-02-28,21.505,21.505,21.505,41520
equity,INE519N01014,2025-03-03,21.935,21.935,21.935,13200
equity,INE519N01014,2025-03-04,22.37,22.37,22.37,6000
equity,INE519N01014,2025-03-05,22.815,22.815,22.815,5220
equity,INE519N01014,2025-03-06,23.27,23.27,23.27,4000
equity,INE519N01014,2025-03-07,23.735,23.735,23.735,8900
equity,INE519N01014,2025-03-10,24.205,24.205,24.205,5350
equity,INE519N01014,2025-03-11,24.685,24.205,24.685,7220
equity,INE519N01014,2025-03-12,25.175,24.195,25.175,189910
equity,INE519N01014,2025-03-13,25.675,24.675,25.675,55900
equity,INE519N01014,2025-03-17,26.185,26.185,26.185,30540
equity,INE519N01014,2025-03-18,26.705,25.665,26.705,19580
equity,INE519N01014,2025-03-19,27.235,27.235,27.235,6460
equity,INE519N01014,2025-03-20,27.775,27.775,27.775,2170
equity,INE519N01014,2025-03-21,28.33,28.325,28.33,3820
equity,INE519N01014,2025-03-24,28.895,28.895,28.895,13100
equity,INE519N01014,2025-03-25,29.47,29.47,29.47,2210
equity,INE519N01014,2025-03-26,30.055,30.055,30.055,10600
equity,INE519N01014,2025-03-27,30.655,30.655,30.655,1260
equity,INE519N01014,2025-03-28,31.265,31.265,31.265,2780
equity,INE519N01014,2025-04-01,31.89,31.89,31.89,9210
equity,INE519N01014,2025-04-02,32.525,32.525,32.525,290
equity,INE519N01014,2025-04-03,33.175,33.175,33.175,5900
equity,INE519N01014,2025-04-04,33.835,33.835,33.835,1720
equity,INE519N01014,2025-04-07,34.51,34.51,34.51,4410
equity,INE519N01014,2025-04-08,35.2,35.2,35.2,1010
equity,INE519N01014,2025-04-09,35.9,35.9,35.9,10050
equity,INE519N01014,2025-04-11,36.6,36.6,36.6,700
equity,INE519N01014,2025-04-15,37.33,35.87,37.33,54960
equity,INE519N01014,2025-04-16,38.075,38.075,38.075,550
equity,INE519N01014,2025-04-17,38.835,38.645,38.835,1170
equity,INE519N01014,2025-04-21,39.61,38.06,39.61,6320
equity,INE519N01014,2025-04-22,40.4,40.4,40.4,200
equity,INE519N01014,2025-04-23,41.205,41.205,41.205,1700
equity,INE519N01014,2025-04-24,42.025,42.025,42.025,350
equity,INE519N01014,2025-04-25,42.865,41.185,42.865,14590
equity,INE519N01014,2025-04-28,43.72,42.01,43.72,15930
equity,INE519N01014,2025-04-29,44.59,44.495,44.59,8620
equity,INE519N01014,2025-04-30,45.48,43.7,45.48,16930
equity,INE519N01014,2025-05-02,46.385,45,46.29,7620
equity,INE519N01014,2025-05-05,46.29,45.365,45.365,13720
equity,INE519N01014,2025-05-06,44.46,44.46,44.46,4140
equity,INE519N01014,2025-05-07,43.575,43.575,43.575,10020
equity,INE519N01014,2025-05-08,43.5,42.705,43.5,59750
equity,INE519N01014,2025-05-09,44.37,42.63,44.37,15330
equity,INE519N01014,2025-05-12,45.255,45.255,45.255,5980
equity,INE519N01014,2025-05-13,46.16,44.5,46.14,16410
equity,INE519N01014,2025-05-14,47.06,46.5,47.06,7450
equity,INE519N01014,2025-05-15,48,48,48,2320
equity,INE519N01014,2025-05-16,48.96,48.96,48.96,2100
equity,INE519N01014,2025-05-19,49.935,49.935,49.935,3430
equity,INE519N01014,2025-05-20,50.93,50.93,50.93,2480
equity,INE519N01014,2025-05-21,51.945,51.945,51.945,2300
equity,INE519N01014,2025-05-22,52.98,52.98,52.98,760
equity,INE519N01014,2025-05-23,54.035,54.035,54.035,2850
equity,INE519N01014,2025-05-26,55.115,55.115,55.115,230
equity,INE519N01014,2025-05-27,56.215,56.215,56.215,550
equity,INE519N01014,2025-05-28,57.335,57.335,57.335,190
equity,INE519N01014,2025-05-29,58.48,58.48,58.48,6600
equity,INE519N01014,2025-05-30,59.645,59.645,59.645,1270
equity,INE519N01014,2025-06-02,60.835,60.835,60.835,750
equity,INE519N01014,2025-06-03,62.05,62.05,62.05,1310
equity,INE519N01014,2025-06-04,63.29,63.29,63.29,710
equity,INE519N01014,2025-06-05,64.555,64.555,64.555,810
equity,INE519N01014,2025-06-06,65.845,65.845,65.845,7460
equity,INE519N01014,2025-06-09,67.16,67.16,67.16,550
equity,INE519N01014,2025-06-10,68.5,68.5,68.5,1020
equity,INE519N01014,2025-06-11,69.87,69.87,69.87,540
equity,INE519N01014,2025-06-12,71.265,71.265,71.265,2150
equity,INE519N01014,2025-06-13,72.69,72.69,72.69,250
equity,INE519N01014,2025-06-16,74.14,74.14,74.14,2520
equity,INE519N01014,2025-06-17,75.62,75.62,75.62,70
equity,INE519N01014,2025-06-18,77.13,77.13,77.13,270
equity,INE519N01014,2025-06-19,78.67,78.67,78.67,1520
equity,INE519N01014,2025-06-20,80.24,80.24,80.24,1650
equity,INE519N01014,2025-06-23,81.84,81.84,81.84,1410
equity,INE519N01014,2025-06-24,83.475,83.475,83.475,1370
equity,INE519N01014,2025-06-25,85.14,85.14,85.14,110
equity,INE519N01014,2025-06-26,86.84,86.84,86.84,120
equity,INE519N01014,2025-06-27,88.575,88.575,88.575,4140
equity,INE519N01014,2025-06-30,90.345,90.345,90.345,6950
equity,INE519N01014,2025-07-01,92.15,92.15,92.15,11400
equity,INE519N01014,2025-07-02,93.99,93.99,93.99,19780
equity,INE519N01014,2025-07-03,95.865,92.115,95.865,82860
equity,INE519N01014,2025-07-04,97.78,97.78,97.78,17380
equity,INE519N01014,2025-07-07,99.735,99.735,99.735,29580
equity,INE519N01014,2025-07-08,101.725,101.725,101.725,14440
equity,INE519N01014,2025-07-09,103.755,103.755,103.755,28950
equity,INE519N01014,2025-07-10,105.8,105,105.8,40740
equity,INE519N01014,2025-07-11,107.915,103.685,107.915,17380
equity,INE519N01014,2025-07-14,110.07,110.07,110.07,7140
equity,INE519N01014,2025-07-15,112.27,112.27,112.27,5550
equity,INE519N01014,2025-07-16,114.515,114.515,114.515,6500
equity,INE519N01014,2025-07-17,116.805,116.805,116.805,12840
equity,INE519N01014,2025-07-18,119.14,119.14,119.14,7040
equity,INE519N01014,2025-07-21,121.52,121.52,121.52,1440
equity,INE519N01014,2025-07-22,123.95,123.945,123.95,33200
equity,INE519N01014,2025-07-23,126.425,126.425,126.425,560
equity,INE519N01014,2025-07-24,128.95,128.95,128.95,2120
equity,INE519N01014,2025-07-25,131.525,131.525,131.525,3050
equity,INE519N01014,2025-07-28,134.155,134.155,134.155,360
equity,INE519N01014,2025-07-29,136.835,136.835,136.835,2250
equity,INE519N01014,2025-07-30,139.57,139.57,139.57,900
equity,INE519N01014,2025-07-31,142.36,142.36,142.36,580
equity,INE519N01014,2025-08-01,145.205,145.205,145.205,310
equity,INE519N01014,2025-08-04,148.105,148.105,148.105,10250
equity,INE519N01014,2025-08-05,151.065,151.065,151.065,1380
equity,INE519N01014,2025-08-06,154.085,154.085,154.085,9140
equity,INE519N01014,2025-08-07,157.165,157.165,157.165,2620
equity,INE519N01014,2025-08-08,160.305,160.305,160.305,1440
equity,INE519N01014,2025-08-11,163.51,163.51,163.51,16480
equity,INE519N01014,2025-08-12,166.78,166.78,166.78,1510
equity,INE519N01014,2025-08-13,170.115,170.115,170.115,1370
equity,INE519N01014,2025-08-14,173.515,173.515,173.515,530
equity,INE519N01014,2025-08-18,176.985,176.985,176.985,260
equity,INE519N01014,2025-08-19,180.52,180.52,180.52,2820
equity,INE519N01014,2025-08-20,184.13,184.13,184.13,1900
equity,INE519N01014,2025-08-21,187.81,187.81,187.81,3120
equity,INE519N01014,2025-08-22,191.565,191.565,191.565,10990
equity,INE519N01014,2025-08-25,195.395,195.395,195.395,1590
equity,INE519N01014,2025-08-26,199.3,199.3,199.3,950
equity,INE519N01014,2025-08-28,203.285,195.315,203.285,73980
equity,INE519N01014,2025-08-29,207.35,207.35,207.35,17750
equity,INE519N01014,2025-09-01,211.3,210.7,211,17000
equity,INE519N01014,2025-09-02,206.78,206.78,206.78,13020
equity,INE519N01014,2025-09-03,202.645,202.645,202.645,19680
equity,INE519N01014,2025-09-04,206.695,200.1,205.9,99860
equity,INE519N01014,2025-09-05,201.785,201.785,201.785,37930
equity,INE519N01014,2025-09-08,197.75,197.75,197.75,30520
equity,INE519N01014,2025-09-09,193.795,193.795,193.795,16890
equity,INE519N01014,2025-09-10,189.92,189.92,189.92,12290
equity,INE519N01014,2025-09-11,186.125,186.125,186.125,5950
equity,INE519N01014,2025-09-12,189.8,182.405,189.8,108610
equity,INE519N01014,2025-09-15,199.29,194.2,199.29,117430
equity,INE519N01014,2025-09-16,209.25,208.5,209.25,17710
equity,INE519N01014,2025-09-17,219.71,219.71,219.71,1230
equity,INE519N01014,2025-09-18,230.695,230.695,230.695,2380
equity,INE519N01014,2025-09-19,242.225,242.225,242.225,6040
equity,INE519N01014,2025-09-22,254.335,254.335,254.335,8390
equity,INE519N01014,2025-09-23,267.05,241.62,267.05,69090
equity,INE519N01014,2025-09-24,262,261.71,261.71,40300
equity,INE519N01014,2025-09-25,256.48,256.48,256.48,6710
equity,INE519N01014,2025-09-26,261.605,251.355,261.605,64700
equity,INE519N01014,2025-09-29,266.835,256.375,266.835,62270
equity,INE519N01014,2025-09-30,272.17,272.095,272.17,10150
equity,INE519N01014,2025-10-01,273.5,267,267,31940
equity,INE519N01014,2025-10-03,261.66,261.66,261.66,5580
equity,INE519N01014,2025-10-06,256.43,256.43,256.43,1560
equity,INE519N01014,2025-10-07,251.305,251.305,251.305,1940
equity,INE519N01014,2025-10-08,246.28,246.28,246.28,1130
equity,INE519N01014,2025-10-09,241.355,241.355,241.355,4520
equity,INE519N01014,2025-10-10,236.53,236.53,236.53,6930
equity,INE519N01014,2025-10-13,231.8,231.8,231.8,2050
equity,INE519N01014,2025-10-14,227.165,227.165,227.165,92260
equity,INE519N01014,2025-10-15,222.625,222.625,222.625,73080
equity,INE519N01014,2025-10-16,218.175,218.175,218.175,53530
equity,INE519N01014,2025-10-17,213.815,213.815,213.815,2360
equity,INE519N01014,2025-10-20,209.54,209.54,209.54,2280
equity,INE519N01014,2025-10-21,209.54,209.54,209.54,
equity,INE519N01014,2025-10-23,202.96,202.96,202.96,40910
equity,INE519N01014,2025-10-24,207.015,198.905,207.015,214580
equity,INE519N01014,2025-10-27,211.155,203.1,211.155,39740
equity,INE519N01014,2025-10-28,215.375,215.375,215.375,10940
equity,INE519N01014,2025-10-29,219.68,219.68,219.68,60220
equity,INE519N01014,2025-10-30,224.07,223.97,223.97,91390
equity,INE519N01014,2025-10-31,228.245,219.495,228.245,22200
equity,INE519N01014,2025-11-03,239.655,238.405,239.655,94750
equity,INE519N01014,2025-11-04,251.635,235,251.635,43080
equity,INE519N01014,2025-11-06,264.215,239.2,264.215,126890
equity,INE519N01014,2025-11-07,277.425,251.005,258.655,86650
equity,INE519N01014,2025-11-10,269.4,246.005,256.525,26440
equity,INE519N01014,2025-11-11,269.35,243.7,268.77,60420
equity,INE519N01014,2025-11-12,282.205,268.77,282.205,51040
equity,INE519N01014,2025-11-13,296.315,287.85,296.315,99890
equity,INE519N01014,2025-11-14,311.13,290,311.13,93950
equity,INE519N01014,2025-11-17,326.685,320,326.685,57040
equity,INE519N01014,2025-11-18,343.015,335.8,343.015,37350
equity,INE519N01014,2025-11-19,360,325.865,325.865,152770
equity,INE519N01014,2025-11-20,324.235,309.575,309.935,85110
equity,INE519N01014,2025-11-21,307.7,294.44,294.44,21180
equity,INE519N01014,2025-11-24,309.16,279.72,309.16,58480
equity,INE519N01014,2025-11-25,324.615,295.57,324.615,72260
equity,INE519N01014,2025-11-26,340.845,310.12,340.34,97910
equity,INE519N01014,2025-11-27,357.355,324,356.8,111260
equity,INE519N01014,2025-11-28,374.64,345,374.64,121830
equity,INE519N01014,2025-12-01,392.9,382.1,392.22,74580
equity,INE519N01014,2025-12-02,409.9,372.61,377.965,74290
equity,INE519N01014,2025-12-03,377.8,359.07,359.07,29190
equity,INE519N01014,2025-12-04,354.985,341.12,341.12,25470
equity,INE519N01014,2025-12-05,348.3,324.065,324.065,49690
equity,INE519N01014,2025-12-08,340.265,314,340.265,75570
equity,INE519N01014,2025-12-09,357.275,323.255,357.21,74900
equity,INE519N01014,2025-12-10,374,346.1,373.27,79890
equity,INE519N01014,2025-12-11,390.9,354.61,390.635,96140
equity,INE519N01014,2025-12-12,409,382.5,404.885,80420
equity,INE519N01014,2025-12-15,420.1,386.645,419.57,72330
equity,INE519N01014,2025-12-16,419.57,398.595,406.16,44100
equity,INE519N01014,2025-12-17,398.04,385.855,390.645,35500
equity,INE519N01014,2025-12-18,408,372.115,405.98,58930
equity,INE519N01014,2025-12-19,422.275,417.1,419.305,35560
equity,INE519N01014,2025-12-22,434.27,404.04,427.925,32030
equity,INE519N01014,2025-12-23,445,436.485,444.215,27900
equity,INE519N01014,2025-12-24,465.8,440,462.27,110430
equity,INE519N01014,2025-12-26,483,468.5,475.215,50730
equity,INE519N01014,2025-12-29,492.1,474,487.255,81060
equity,INE519N01014,2025-12-30,505,462.895,488.895,138210
equity,INE519N01014,2025-12-31,498,466.1,489.125,134720
equity,INE519N01014,2026-01-01,485.51,464.67,469.175,43200
equity,INE519N01014,2026-01-02,478.995,445.72,454.88,52550
equity,INE519N01014,2026-01-05,470.12,445,458.68,24370
equity,INE519N01014,2026-01-06,466,435.75,459.14,26960
equity,INE519N01014,2026-01-07,469.1,445,450.985,24600
equity,INE519N01014,2026-01-08,465,428.44,429.245,25900
equity,INE519N01014,2026-01-09,429,407.785,407.785,19510
equity,INE519N01014,2026-01-12,428.17,387.4,425.81,26290
equity,INE519N01014,2026-01-13,447.1,425,444.46,30130
equity,INE519N01014,2026-01-14,466.68,448.1,466.21,36880
equity,INE519N01014,2026-01-15,466.21,466.21,466.21,
equity,INE519N01014,2026-01-16,487.5,455.3,483.77,41090
equity,INE519N01014,2026-01-19,498.1,459.585,461.945,31490
equity,INE519N01014,2026-01-20,454.5,438.85,438.85,13480
equity,INE519N01014,2026-01-21,430,416.91,416.91,13320
equity,INE519N01014,2026-01-22,437.755,396.065,436.78,25220
equity,INE519N01014,2026-01-23,458.615,439.11,458.615,34790
equity,INE519N01014,2026-01-27,481.545,435.7,479.33,63660
equity,INE519N01014,2026-01-28,503.295,465.5,501.25,61670
equity,INE519N01014,2026-01-29,526.31,476.7,524.465,83870
equity,INE519N01014,2026-01-30,550.685,503.045,550.01,68440
equity,INE519N01014,2026-02-02,590,549.655,571.01,16920
equity,INE519N01014,2026-02-03,580,542.46,552.985,57280
equity,INE519N01014,2026-02-04,550,525.34,525.34,44250
equity,INE519N01014,2026-02-05,551.605,499.075,541.095,74650
equity,INE519N01014,2026-02-06,568.1,543.8,560.3,39560
equity,INE519N01014,2026-02-09,580,532.285,533.775,70710
equity,INE519N01014,2026-02-10,558,507.09,509.665,63410
equity,INE519N01014,2026-02-11,532,484.185,511.2,116160
equity,INE519N01014,2026-02-12,529.885,485.64,510.055,95150
equity,INE519N01014,2026-02-13,530.055,484.95,517.28,201250
equity,INE519N01014,2026-02-16,543.1,491.42,509.41,130540
equity,INE519N01014,2026-02-17,513.785,483.94,484.525,36350
equity,INE519N01014,2026-02-18,487.9,460.3,460.3,49750
equity,INE519N01014,2026-02-19,454,437.285,437.285,13880
equity,INE519N01014,2026-02-20,415.425,415.425,415.425,11200
equity,INE519N01014,2026-02-23,436.195,394.655,431.335,120060
equity,INE519N01014,2026-02-24,452.9,410,450.385,43580
equity,INE519N01014,2026-02-25,464,434.87,458.025,94500
equity,INE519N01014,2026-02-26,480.925,435.125,477.62,116300
equity,INE519N01014,2026-02-27,498.5,465.005,493.365,211350
equity,INE519N01014,2026-03-02,482.895,468.7,468.7,22270
equity,INE519N01014,2026-03-04,445.265,445.265,445.265,4890
equity,INE519N01014,2026-03-05,445.195,423.005,424.77,29840
equity,INE519N01014,2026-03-06,430,403.535,404.435,26470
equity,INE519N01014,2026-03-09,399.29,384.215,384.215,13400
equity,INE519N01014,2026-03-10,401.5,381,401.5,27580
equity,INE519N01014,2026-03-11,419,401.5,418.445,23880
equity,INE519N01014,2026-03-12,436.995,401,430.195,44640
equity,INE519N01014,2026-03-13,448.995,408.69,447.05,60780
equity,INE519N01014,2026-03-16,445,429.7,442.725,133410
equity,INE519N01014,2026-03-17,442.5,425.59,430.35,67060
equity,INE519N01014,2026-03-18,429.8,408.835,409.46,46480
equity,INE519N01014,2026-03-19,427.4,388.99,425.75,46350
equity,INE519N01014,2026-03-20,444.5,405.1,441.275,45290
equity,INE519N01014,2026-03-23,459.995,419.215,454.105,101130
equity,INE519N01014,2026-03-24,470.5,435,467.925,75120
equity,INE519N01014,2026-03-25,490.1,455,482.535,98790
equity,INE519N01014,2026-03-27,505,463.51,503.085,76120
equity,INE519N01014,2026-03-30,517.3,479,512.21,173330
equity,INE519N01014,2026-04-01,512.255,486.6,492.535,40120
equity,INE519N01014,2026-04-02,479.5,467.91,467.91,9670
equity,INE519N01014,2026-04-06,454.5,444.515,444.515,8270
equity,INE519N01014,2026-04-07,466.24,422.29,462.32,21790
equity,INE519N01014,2026-04-08,479.895,464.63,471.055,17730
equity,INE519N01014,2026-04-09,487.5,452.505,463.42,14110
equity,INE519N01014,2026-04-10,470,450,455.315,9750
equity,INE519N01014,2026-04-13,459.9,433.5,442.085,11970
equity,INE519N01014,2026-04-15,464.185,419.985,462.07,76360
equity,INE519N01014,2026-04-16,461.8,443.1,445.92,24650
equity,INE519N01014,2026-04-17,445,429,431.33,19650
equity,INE519N01014,2026-04-20,442.895,420,422.885,15320
equity,INE519N01014,2026-04-21,430,415,421.355,11060
equity,INE519N01014,2026-04-22,431.9,411.4,416.78,11420
equity,INE519N01014,2026-04-23,427.615,408,409.71,9020
equity,INE519N01014,2026-04-24,419.99,399.9,406.985,19620
equity,INE519N01014,2026-04-27,415,400,410.065,7210
equity,INE519N01014,2026-04-28,430,410,424.165,18260
equity,INE519N01014,2026-04-29,434.9,420.2,431.69,14430
equity,INE519N01014,2026-04-30,440,422.11,434.83,16900
equity,INE519N01014,2026-05-01,434.83,434.83,434.83,
equity,INE519N01014,2026-05-04,434.7,413.09,413.54,10770
equity,INE519N01014,2026-05-05,412.2,400.87,403.98,5850
equity,INE519N01014,2026-05-06,404,400,401.84,10810
equity,INE519N01014,2026-05-07,410,395.8,406.46,9560
equity,INE519N01014,2026-05-08,406.46,388.5,395.625,9900
equity,INE519N01014,2026-05-11,414.905,375.845,407.51,31440
equity,INE519N01014,2026-05-12,426,390,417.165,33860
equity,INE519N01014,2026-05-13,428.4,401.31,426.055,39290
equity,INE519N01014,2026-05-14,444,414.755,438.71,37200
equity,INE519N01014,2026-05-15,460,430,454.695,57690
equity,INE519N01014,2026-05-18,454.5,442.1,445.365,9010
equity,INE519N01014,2026-05-19,436.46,423.6,424.34,12050
equity,INE519N01014,2026-05-20,433.995,405,413.5,5520
equity,INE519N01014,2026-05-21,432.1,405,429.17,14030
equity,INE519N01014,2026-05-22,449.6,423.2,430.205,31240
equity,INE519N01014,2026-05-25,459,418.645,454.685,43530
equity,INE519N01014,2026-05-26,472,432,467.395,623920
equity,INE519N01014,2026-05-27,480,444.03,474.92,158610
equity,INE519N01014,2026-05-28,474.92,474.92,474.92,
equity,INE519N01014,2026-05-29,490,451.175,485.355,84250
equity,INE519N01014,2026-06-01,475,461.09,461.69,20180
equity,INE519N01014,2026-06-02,445,438.61,438.61,10910
equity,INE519N01014,2026-06-03,433.99,417.68,420.645,34100
equity,INE519N01014,2026-06-04,425,399.615,402.345,61650
equity,INE519N01014,2026-06-05,416.4,395,399.275,21790
equity,INE519N01014,2026-06-08,407.9,386.1,390.01,34140
equity,INE519N01014,2026-06-09,405,374,400.17,22990
equity,INE519N01014,2026-06-10,408.8,390.2,398.415,35200
equity,INE519N01014,2026-06-11,400.9,385.1,386.01,11040
equity,INE519N01014,2026-06-12,390.995,381.1,389.115,5260
equity,INE519N01014,2026-06-15,402,382.25,390.63,39760
equity,INE519N01014,2026-06-16,404.9,375,389.365,66230
equity,INE519N01014,2026-06-17,405,375,388.105,65820
equity,INE519N01014,2026-06-18,397.5,377,386.54,72080
equity,INE519N01014,2026-06-19,396.9,376.1,391.015,103100
equity,INE519N01014,2026-06-22,402.1,385.255,399.8,23180
equity,INE519N01014,2026-06-23,419.79,390,410.9,73630
equity,INE519N01014,2026-06-24,431.445,390.855,430.595,77770
equity,INE519N01014,2026-06-25,450,409.07,444.44,98550
equity,INE519N01014,2026-06-26,444.44,444.44,444.44,
equity,INE519N01014,2026-06-29,461.8,422.22,459.185,99600
equity,INE519N01014,2026-06-30,475,438,467.795,90830
equity,INE519N01014,2026-07-01,460.1,444.41,444.475,58230
equity,INE519N01014,2026-07-02,422.255,422.255,422.255,8980
equity,INE519N01014,2026-07-03,419.9,401.145,407.545,18010
equity,INE519N01014,2026-07-06,418.4,406.1,410.15,8920
equity,INE519N01014,2026-07-07,424.65,412.5,417.31,7620
equity,INE519N01014,2026-07-08,426.25,408.51,414.72,9760
equity,INE519N01014,2026-07-09,420,398,406.865,6590
equity,INE519N01014,2026-07-10,406.865,398,400.05,24110
equity,INE519N01014,2026-07-13,419.55,387,409.515,35350
equity,INE519N01014,2026-07-14,416.8,389.04,404.015,19240
equity,INE519N01014,2026-07-15,404.7,384,384.825,31980
equity,INE519N01014,2026-07-16,388.675,378.5,380.3,15240
equity,INE519N01014,2026-07-17,384.2,361.285,379.87,33340
equity,INE519N01014,2026-07-20,385,366,377.955,9360
equity,INE519N01014,2026-07-21,390,359.06,359.985,65950
equity,INE519N01014,2026-07-22,367.98,341.99,351.855,36860
equity,INE519N01014,2026-07-23,366.8,334.265,361.545,57260
equity,INE519N01014,2026-07-24,379.62,345,375.7,51480
equity,INE519N01014,2026-07-27,387.4,361.915,382.055,58300
equity,INE519N01014,2026-07-28,385.9,371,382.005,58500
equity,INE519N01014,2026-07-29,387.7,372,384.19,68020
equity,INE519N01014,2026-07-30,388.395,376.005,382.52,83950
equity,INE519N01014,2026-07-31,385.9,374.87,378.1,113530
equity,INE519N01014,2026-08-03,384.9,372,377.895,22040
equity,INE519N01014,2026-08-04,376.48,359.005,359.005,24740
equity,INE519N01014,2026-08-05,362.595,341.055,342.42,24600
equity,INE519N01014,2026-08-06,341.055,325.3,326.46,24330
equity,INE519N01014,2026-08-07,332.78,311,315.55,19830
equity,INE519N01014,2026-08-10,317,300.275,310.21,19100
equity,INE519N01014,2026-08-11,310.1,294.7,296.75,27580
equity,INE519N01014,2026-08-12,311.585,281.915,311.585,36150
equity,INE519N01014,2026-08-13,327.16,325.9,327.16,6530
equity,INE519N01014,2026-08-14,343.515,343.515,343.515,3340
equity,INE519N01014,2026-08-17,360.69,335.695,353.82,51310
equity,INE519N01014,2026-08-18,359.8,340,353.925,33840
equity,INE519N01014,2026-08-19,365,343.505,358.305,26600
equity,INE519N01014,2026-08-20,369.8,348,367.955,17980
equity,INE519N01014,2026-08-21,379,360,377.1,62810
equity,INE519N01014,2026-08-24,390.5,367.11,388.96,88390
equity,INE519N01014,2026-08-25,403.8,379.995,395.32,79890
equity,INE519N01014,2026-08-26,404.3,390.7,401.44,75030
equity,INE519N01014,2026-08-27,407.395,381.37,394.58,79680
equity,INE519N01014,2026-08-28,407.2,391.005,400.955,138120
equity,INE519N01014,2026-08-31,409.9,393.055,408.05,118520
equity,INE519N01014,2026-09-01,413.995,398,404.9,83400
equity,INE519N01014,2026-09-02,407.5,385.2,388.05,201020
equity,INE519N01014,2026-09-03,392,372.1,385.75,22200
equity,INE519N01014,2026-09-04,387.7,371.145,379.32,20750
equity,INE519N01014,2026-09-07,380,371.105,378.74,11350
equity,INE519N01014,2026-09-08,384.8,372.32,379.755,8770
equity,INE519N01014,2026-09-09,375.025,369,372.12,13460
equity,INE519N01014,2026-09-10,375,355.74,373.325,7930
equity,INE519N01014,2026-09-11,370,354.66,358.915,45070
equity,INE519N01014,2026-09-14,358.915,358.915,358.915,
equity,INE519N01014,2026-09-15,369.89,353,358.915,21200
equity,INE519N01014,2026-09-16,369.88,346.55,348.84,26790
equity,INE519N01014,2026-09-17,355,335.35,349.655,26900
equity,INE519N01014,2026-09-18,360.89,349.005,353.17,60280
equity,INE519N01014,2026-09-21,361.695,347.6,351.085,81730
equity,INE519N01014,2026-09-22,368.635,349.1,356.445,61230
equity,INE519N01014,2026-09-23,373.8,356.48,361.435,107340
equity,INE519N01014,2026-09-24,363.08,347,357.43,76280
equity,INE519N01014,2026-09-25,375.3,341.05,369.45,49393
equity,INE519N01014,2026-09-28,385,355.95,376.6,75903
commodity,CL=F,2026-09-28,96.54,91.25,92.6,345783
commodity,CL=F,2026-09-29,94.74,89.06,89.27,307193
commodity,BZ=F,2026-09-28,108.81,103.8,105.28,28791
commodity,BZ=F,2026-09-29,100.29,95.71,96,62953
commodity,NG=F,2026-09-28,3.113,2.975,3,104862
commodity,NG=F,2026-09-29,3.156,3,3.01,175347
commodity,RB=F,2026-09-28,3.4566,3.323,3.3377,23699
commodity,RB=F,2026-09-29,3.1909,3.05,3.1235,55277
commodity,HO=F,2026-09-28,4.9079,4.6193,4.7553,24666
commodity,HO=F,2026-09-29,4.4672,4.2627,4.5211,52981
commodity,HG=F,2026-09-28,6.566,6.566,6.566,653
commodity,HG=F,2026-09-29,6.661,6.5795,6.649,32845
commodity,ALI=F,2026-09-28,3385.75,3385.75,3385.75,6
commodity,ALI=F,2026-09-29,3423.25,3326,3362,238
commodity,ZNC=F,2026-09-28,4193.5,4193.5,4193.5,
commodity,TIO=F,2026-09-28,97.06,96.92,96.92,
commodity,HRC=F,2026-09-28,1235,1232,1235,
commodity,HRC=F,2026-09-29,1327,1317,1319,128
commodity,GC=F,2026-09-28,4315.6001,4143.1001,4168.3999,140092
commodity,GC=F,2026-09-29,4209,4145.2002,4203,141971
commodity,SI=F,2026-09-28,61.385,61.22,61.22,49
commodity,SI=F,2026-09-29,61.83,60.63,61.71,36827
commodity,PL=F,2026-09-28,1721.2,1721.2,1721.2,
commodity,PL=F,2026-09-29,1741.2,1695.3,1719.9,20943
commodity,PA=F,2026-09-28,1219.5,1201.5,1209.8,
commodity,PA=F,2026-09-29,1245,1206.5,1229.5,6064
commodity,ZS=F,2026-09-28,1322.5,1279.25,1288.25,193676
commodity,ZS=F,2026-09-29,1304,1284,1297.75,129217
commodity,ZL=F,2026-09-28,67.6,66.06,67.11,42109
commodity,ZL=F,2026-09-29,68.85,67.51,68.21,92210
commodity,ZM=F,2026-09-28,373.9,361.1,361.7,38417
commodity,ZM=F,2026-09-29,363.6,353.9,359.2,98382
commodity,ZW=F,2026-09-28,703,683,688.75,90590
commodity,ZW=F,2026-09-29,694,681.5,693.25,60307
commodity,ZC=F,2026-09-28,529,517.25,523,356335
commodity,ZC=F,2026-09-29,526.5,519.25,522.25,170320
commodity,KC=F,2026-09-28,291.5,277.05,288.75,12465
commodity,KC=F,2026-09-29,293.4,281.8,292.7,15002
commodity,SB=F,2026-09-28,17.83,17.33,17.46,32204
commodity,SB=F,2026-09-29,19.02,18.4,18.84,85096
commodity,CC=F,2026-09-28,5741,5574,5589,12006
commodity,CC=F,2026-09-29,5665,5314,5354,16305
commodity,CT=F,2026-09-28,79.06,79.06,79.06,
commodity,CT=F,2026-09-29,82.91,80.66,78.86,46978
commodity,ZR=F,2026-09-28,16.59,16.25,16.48,512
commodity,ZR=F,2026-09-29,16.57,16.305,16.445,583
commodity,DC=F,2026-09-28,16.13,16.1,16.11,32
commodity,DC=F,2026-09-29,15.14,14.8,14.89,1401
commodity,CPO=F,2026-09-28,1192,1192,1192,
crypto,BTC-USD,2026-09-26,84423.1797,83781.1094,84406.4531,15169336375
crypto,BTC-USD,2026-09-27,85126.1094,84121.3281,84458.0859,19386591468
crypto,BTC-USD,2026-09-28,84972.6641,82570.7188,83502.6094,42589028679
crypto,BTC-USD,2026-09-29,84457.8125,82800.3984,83549.0234,27610232832
crypto,ETH-USD,2026-09-26,2696.9961,2665.8625,2695.2131,5046145364
crypto,ETH-USD,2026-09-27,2722.0393,2669.4727,2686.9268,8065975773
crypto,ETH-USD,2026-09-28,2718.8086,2635.4846,2688.6687,16445787505
crypto,ETH-USD,2026-09-29,2742.0239,2651.8135,2689.03,15149659136
crypto,USDT-USD,2026-09-26,0.99993,0.99951,0.9997,42510535382
crypto,USDT-USD,2026-09-27,0.99997,0.99939,0.99978,51754251781
crypto,USDT-USD,2026-09-28,1.0004,0.99928,0.99951,92976931170
crypto,USDT-USD,2026-09-29,1.0001,0.9994,0.9996,73832390656
crypto,BNB-USD,2026-09-26,777.3951,767.2744,773.2357,1106462253
crypto,BNB-USD,2026-09-27,782.6139,770.7808,778.8974,1145819414
crypto,BNB-USD,2026-09-28,783.4147,757.4295,763.801,1702249552
crypto,BNB-USD,2026-09-29,768.5209,750.8878,754.95,1549186304
crypto,XRP-USD,2026-09-26,1.5784,1.5058,1.5281,2644813950
crypto,XRP-USD,2026-09-27,1.5437,1.5054,1.5184,2775385647
crypto,XRP-USD,2026-09-28,1.5296,1.4717,1.4963,5021314461
crypto,XRP-USD,2026-09-29,1.5536,1.4685,1.493,4742241792
crypto,SOL-USD,2026-09-26,122.2458,119.8941,121.4256,2607847014
crypto,SOL-USD,2026-09-27,124.6174,120.1361,122.0587,3640855654
crypto,SOL-USD,2026-09-28,122.7202,117.3547,118.8367,3960586898
crypto,SOL-USD,2026-09-29,121.4561,116.5451,118.71,3563324672
crypto,TRX-USD,2026-09-26,0.33816,0.33406,0.33428,256851706
crypto,TRX-USD,2026-09-27,0.3345,0.33244,0.33338,359971343
crypto,TRX-USD,2026-09-28,0.3364,0.3331,0.33541,423762506
crypto,TRX-USD,2026-09-29,0.33597,0.334,0.33493,370736000
crypto,HYPE32196-USD,2026-09-26,92.619,91.1467,92.5175,516644726
crypto,HYPE32196-USD,2026-09-27,93.7828,91.1246,91.6873,763364274
crypto,HYPE32196-USD,2026-09-28,91.9739,86.4214,87.5277,949288644
crypto,HYPE32196-USD,2026-09-29,88.8696,85.353,85.05,675419904
crypto,DOGE-USD,2026-09-26,0.099385,0.095447,0.096766,761294016
crypto,DOGE-USD,2026-09-27,0.098788,0.095538,0.097034,951351908
crypto,DOGE-USD,2026-09-28,0.097677,0.091964,0.093875,1449317553
crypto,DOGE-USD,2026-09-29,0.096199,0.091949,0.09361,981620416
crypto,XMR-USD,2026-09-26,560.7574,546.5838,559.452,88728462
crypto,XMR-USD,2026-09-27,562.9414,541.1227,547.5547,91246509
crypto,XMR-USD,2026-09-28,552.7933,525.904,541.1022,131734565
crypto,XMR-USD,2026-09-29,548.9717,530.0143,538.1409,111750608
crypto,LINK-USD,2026-09-26,14.4491,13.8885,14.1549,482072291
crypto,LINK-USD,2026-09-27,14.4519,13.9239,14.0379,342351412
crypto,LINK-USD,2026-09-28,15.4796,13.5502,15.4426,1253609666
crypto,LINK-USD,2026-09-29,15.6834,14.5112,14.65,932351424
crypto,LEO-USD,2026-09-26,9.0089,8.811,8.9871,365026
crypto,LEO-USD,2026-09-27,9.0902,8.954,9.0592,385129
crypto,LEO-USD,2026-09-28,9.08,8.9845,9.0671,516528
crypto,LEO-USD,2026-09-29,9.0686,8.9876,9.0086,726568
crypto,ADA-USD,2026-09-26,0.26428,0.24875,0.25431,555297417
crypto,ADA-USD,2026-09-27,0.25916,0.25041,0.25552,412190928
crypto,ADA-USD,2026-09-28,0.25752,0.24012,0.24712,745896551
crypto,ADA-USD,2026-09-29,0.25415,0.23994,0.2432,586323840
crypto,XLM-USD,2026-09-26,0.22205,0.21377,0.21659,181574151
crypto,XLM-USD,2026-09-27,0.21955,0.21312,0.21613,190480001
crypto,XLM-USD,2026-09-28,0.23424,0.2071,0.23237,745085228
crypto,XLM-USD,2026-09-29,0.23635,0.22035,0.22137,534978720
crypto,DAI-USD,2026-09-26,1,0.99875,0.99981,14332442
crypto,DAI-USD,2026-09-27,0.99988,0.99819,0.99942,17876592
crypto,DAI-USD,2026-09-28,1.0004,0.9978,0.99989,34544490
crypto,DAI-USD,2026-09-29,1.0002,0.99881,0.99982,25191850
crypto,LTC-USD,2026-09-26,74.9098,71.0193,72.6343,526995008
crypto,LTC-USD,2026-09-27,72.6353,70.5502,71.3252,315180801
crypto,LTC-USD,2026-09-28,72.3335,68.7453,69.2245,619441381
crypto,LTC-USD,2026-09-29,69.3036,66.9914,67.275,403561280
crypto,HBAR-USD,2026-09-26,0.095623,0.092052,0.093547,66601064
crypto,HBAR-USD,2026-09-27,0.096033,0.092468,0.095921,90759529
crypto,HBAR-USD,2026-09-28,0.13057,0.094398,0.12187,1295760515
crypto,HBAR-USD,2026-09-29,0.12189,0.10351,0.10406,621950400
crypto,AVAX-USD,2026-09-26,11.1106,10.5271,10.8596,509639739
crypto,AVAX-USD,2026-09-27,11.243,10.6784,10.9112,526037374
crypto,AVAX-USD,2026-09-28,10.964,10.1641,10.5931,638886993
crypto,AVAX-USD,2026-09-29,11.9567,10.3463,11.328,1113945472
crypto,SUI20947-USD,2026-09-26,1.2,1.134,1.1646,847233053
crypto,SUI20947-USD,2026-09-27,1.2845,1.1559,1.2682,1253965801
crypto,SUI20947-USD,2026-09-28,1.2887,1.1349,1.1667,1636006754
crypto,SUI20947-USD,2026-09-29,1.1839,1.104,1.145,1102869632
crypto,SHIB-USD,2026-09-26,0.000006,0.000006,0.000006,79571915
crypto,SHIB-USD,2026-09-27,0.000006,0.000006,0.000006,72634075
crypto,SHIB-USD,2026-09-28,0.000006,0.000006,0.000006,99889083
crypto,SHIB-USD,2026-09-29,0.0000058938,0.000005514,0.00000574,95959968
crypto,NEAR-USD,2026-09-26,5.0322,4.7638,5.0242,990651497
crypto,NEAR-USD,2026-09-27,5.5543,5.0157,5.3749,1562715327
crypto,NEAR-USD,2026-09-28,5.4005,4.7002,4.8197,1603888653
crypto,NEAR-USD,2026-09-29,5.1441,4.5598,4.9662,1474085888
crypto,USDE29470-USD,2026-09-26,0.9999,0.99955,0.99971,33997010
crypto,USDE29470-USD,2026-09-27,0.99993,0.99965,0.99986,16022769
crypto,USDE29470-USD,2026-09-28,1.0001,0.99951,0.99975,23821709
crypto,USDE29470-USD,2026-09-29,1,0.9997,0.99997,21305368
crypto,POL28321-USD,2026-09-26,0.1206,0.11566,0.12058,152824988
crypto,POL28321-USD,2026-09-27,0.12479,0.11908,0.12202,137746368
crypto,POL28321-USD,2026-09-28,0.12314,0.11204,0.11715,219989722
crypto,POL28321-USD,2026-09-29,0.12507,0.11303,0.11732,203260368
crypto,UNI7083-USD,2026-09-26,9.796,9.4224,9.6966,601739146
crypto,UNI7083-USD,2026-09-27,10.1456,9.5703,9.6861,722993460
crypto,UNI7083-USD,2026-09-28,9.7415,8.6228,8.8047,1152452291
crypto,UNI7083-USD,2026-09-29,9.2263,8.4709,8.959,909397056
currency,DX-Y.NYB,2026-09-28,101.31,100.98,101.2,
currency,DX-Y.NYB,2026-09-29,101.612,101.177,101.42,
currency,EURUSD=X,2026-09-28,1.1392,1.1354,1.1378,
currency,EURUSD=X,2026-09-29,1.1378,1.1317,1.134,
currency,JPY=X,2026-09-28,157.85,156.531,157.463,
currency,JPY=X,2026-09-29,157.716,156.976,157.327,
currency,GBPUSD=X,2026-09-28,1.3274,1.3228,1.3229,
currency,GBPUSD=X,2026-09-29,1.3259,1.3203,1.3228,
currency,CHF=X,2026-09-28,0.83274,0.8289,0.82972,
currency,CHF=X,2026-09-29,0.83585,0.83091,0.83395,
currency,AUDUSD=X,2026-09-28,0.7031,0.70082,0.70091,
currency,AUDUSD=X,2026-09-29,0.70274,0.69691,0.69886,
currency,CAD=X,2026-09-28,1.4173,1.4146,1.4155,
currency,CAD=X,2026-09-29,1.4202,1.4168,1.4184,
currency,INR=X,2026-09-28,96.0396,95.4722,95.7883,
currency,INR=X,2026-09-29,96.1475,95.94,95.97,
currency,KRW=X,2026-09-28,1364.99,1355.1801,1354.51,
currency,KRW=X,2026-09-29,1361.38,1350.38,1353.1801,
currency,SEK=X,2026-09-28,9.9863,9.9139,9.9335,
currency,SEK=X,2026-09-29,10.0344,9.9301,9.9962,
currency,MXN=X,2026-09-28,17.8831,17.7053,17.7487,
currency,MXN=X,2026-09-29,18.151,17.8655,18.062,
currency,NZDUSD=X,2026-09-28,0.56745,0.56506,0.56514,
currency,NZDUSD=X,2026-09-29,0.56783,0.56281,0.56411,
currency,NOK=X,2026-09-28,9.53,9.489,9.5211,
currency,NOK=X,2026-09-29,9.6221,9.5189,9.5991,
currency,TWD=X,2026-09-28,31.818,31.728,31.7787,
currency,TWD=X,2026-09-29,31.92,31.76,31.815,
currency,BRL=X,2026-09-28,5.2257,5.1734,5.1875,
currency,BRL=X,2026-09-29,5.2411,5.1947,5.2132,
currency,ZAR=X,2026-09-28,16.4569,16.324,16.3414,
currency,ZAR=X,2026-09-29,16.4735,16.3456,16.4004,
currency,PLN=X,2026-09-28,3.8519,3.8346,3.8413,
currency,PLN=X,2026-09-29,3.8658,3.8377,3.8538,
currency,DKK=X,2026-09-28,6.5835,6.562,6.5694,
currency,DKK=X,2026-09-29,6.6082,6.5714,6.593,
currency,IDR=X,2026-09-28,18053,17912.5996,17950,
currency,IDR=X,2026-09-29,18000,17960,17993,
currency,TRY=X,2026-09-28,48.9825,48.9544,48.9714,
currency,TRY=X,2026-09-29,49.0624,48.9029,48.9944,
currency,THB=X,2026-09-28,33.637,33.41,33.43,
currency,THB=X,2026-09-29,33.68,33.46,33.56,
currency,ILS=X,2026-09-28,3.0795,3.0451,3.0472,
currency,ILS=X,2026-09-29,3.0786,3.0523,3.0682,
currency,HUF=X,2026-09-28,324.226,320.52,320.106,
currency,HUF=X,2026-09-29,325.247,322.09,323.627,
currency,CZK=X,2026-09-28,21.4853,21.3734,21.3976,
currency,CZK=X,2026-09-29,21.6035,21.4071,21.5492,
currency,CLP=X,2026-09-28,971.93,961.05,961.05,
currency,CLP=X,2026-09-29,974.75,961.86,972.83,
currency,PHP=X,2026-09-28,62.582,61.14,62.369,
currency,PHP=X,2026-09-29,62.623,62.344,62.45,
currency,COP=X,2026-09-28,3372.77,3303,3303,
currency,COP=X,2026-09-29,3364.79,3323.03,3325.99,
equity,INE002A01018,2026-09-28,1219.7,1197,1197.6,13602349
equity,INE397D01024,2026-09-28,1784.3,1763.7,1771.4,4683537
equity,INE040A01034,2026-09-28,733,718.1,719.05,21675579
equity,INE090A01021,2026-09-28,1323.8,1300,1302,6327946
equity,INE062A01020,2026-09-28,982.5,956.1,962,9846646
equity,INE467B01029,2026-09-28,2100,2051,2070.7,2457049
equity,INE296A01032,2026-09-28,992.3,974,985,7707443
equity,INE018A01030,2026-09-28,3858.2,3766.3999,3766.3999,1361601
equity,INE0J1Y01017,2026-09-28,408,400.5,400.65,5071575
equity,INE030A01027,2026-09-28,1933.2,1893.2,1896,1852879
equity,INE009A01021,2026-09-28,1009.5,986.6,1003.2,8567672
equity,INE044A01036,2026-09-28,1856.6,1838,1838,947719
equity,INE280A01028,2026-09-28,4881,4810,4819.5,632938
equity,INE237A01036,2026-09-28,403.7,395.75,401.55,15062655
equity,INE814H01029,2026-09-28,203.64,195.36,196.14,22266269
equity,INE585B01010,2026-09-28,12116,11944,12008,301830
equity,INE423A01024,2026-09-28,2924,2811,2831.1001,1259525
equity,INE238A01034,2026-09-28,1217.8,1205,1209.9,4771499
equity,INE101A01026,2026-09-28,3019.8999,2977.6001,2995,2078624
equity,INE742F01042,2026-09-28,1791.8,1736.6,1743.7,1262576
equity,INE860A01027,2026-09-28,1267.3,1241.8,1252.6,2272247
equity,INE481G01011,2026-09-28,11155,10978,11025,331811
equity,INE917I01010,2026-09-28,11270,10953,11024,241334
equity,INE154A01025,2026-09-28,269.3,265,265.2,7863377
equity,INE066F01020,2026-09-28,4793.8999,4720.7002,4738,810334
equity,INE019A01038,2026-09-28,1278.4,1254.1,1264.1,1216506
equity,INE733E01010,2026-09-28,326.6,320.2,321.1,5982092
equity,INE918I01026,2026-09-28,1769,1739.1,1752,536952
equity,INE758T01015,2026-09-28,335.1,328.45,330.95,19560239
equity,INE263A01024,2026-09-28,393.45,384.1,385.5,11661372
equity,INE213A01029,2026-09-28,235.85,229.85,230,9819757
equity,INE239A01024,2026-09-28,1356.8,1343.9,1346,702425
equity,INE522F01014,2026-09-28,429.3,421.2,422.5,5492668
equity,INE267A01025,2026-09-28,580.3,568.25,573,3911892
equity,INE752E01010,2026-09-28,269.9,261.85,261.85,10278456
equity,INE192R01011,2026-09-28,3833,3781,3803.5,361700
equity,INE721A01047,2026-09-28,991.3,970,976.3,4953660
equity,INE021A01026,2026-09-28,2441.6001,2412.8999,2420,1097754
equity,INE361B01024,2026-09-28,9655,9473,9550,380253
equity,INE081A01020,2026-09-28,188.58,185.25,186.3,13628891
equity,INE038A01020,2026-09-28,972.9,951.1,955.9,3354458
equity,INE047A01021,2026-09-28,3186,3138,3150,746885
equity,INE364U01010,2026-09-28,1295.4,1225.6,1235,1819424
equity,INE066A01021,2026-09-28,7323,7189,7213.5,423079
equity,INE494B01023,2026-09-28,4164,4057.6001,4095,574256
equity,INE242A01010,2026-09-28,135.58,133.04,133.32,5538248
equity,INE343H01029,2026-09-28,19750,18970,19150,159878
equity,INE646L01027,2026-09-28,4933,4845,4874.5,547789
equity,INE685A01028,2026-09-28,4996.5,4852.5,4869,402847
equity,INE0V6F01027,2026-09-28,2113,2040.5,2050.7,539910
equity,INE123W01016,2026-09-28,1752.8,1725,1728.1,1337514
equity,INE075A01022,2026-09-28,164.45,160.97,161.56,10309220
equity,INE931S01010,2026-09-28,1338,1283,1287.9,1230234
equity,INE1CDF01017,2026-09-28,426.75,414.65,420.05,2814025
equity,INE775A01035,2026-09-28,165.49,161.3,162.37,9738841
equity,INE271C01023,2026-09-28,680,663.55,663.55,2765032
equity,INE1TAE01010,2026-09-28,441.5,430.2,432.95,4528303
equity,INE318A01026,2026-09-28,1508,1486.8,1503,585752
equity,INE669E01016,2026-09-28,14.23,13.43,13.47,500546584
equity,INE976I01016,2026-09-28,338.45,327,328.1,1993842
equity,INE758E01017,2026-09-28,227,218.8,220.5,17931553
equity,INE117A01022,2026-09-28,7041.5,6910.5,6972.5,209202
equity,INE669C01036,2026-09-28,1557,1526.8,1542.2,1261918
equity,INE121A01024,2026-09-28,1660.4,1620.4,1634.2,1194338
equity,INE849A01020,2026-09-28,2663.8,2615.1001,2626,636905
equity,INE257A01026,2026-09-28,416.85,407.25,411.9,7754932
equity,INE346A01027,2026-09-28,3235,3133.2,3214.5,166130
equity,INE692A01016,2026-09-28,178.99,171.55,171.75,8523339
equity,INE003A01024,2026-09-28,3862.7,3772,3785.5,180360
equity,INE07Y701011,2026-09-28,30995,30000,30260,64781
equity,INE067A01029,2026-09-28,885.95,863.3,865,1878834
equity,INE298A01020,2026-09-28,4940,4820,4855,469449
equity,INE118H01025,2026-09-28,3180,3075.1001,3097.5,3931632
equity,INE323A01026,2026-09-28,48010,46910,47020,15211
equity,INE200M01039,2026-09-28,433.5,426.2,430,4707240
equity,INE029A01011,2026-09-28,308.5,301,302.25,2813265
equity,INE214T01019,2026-09-28,4132.3999,4018.2,4091.3999,408185
equity,INE160A01022,2026-09-28,116.55,112.07,112.6,14250157
equity,INE455K01017,2026-09-28,8400,8180,8191,274844
equity,INE437A01024,2026-09-28,8902.5,8804,8860,429429
equity,INE118A01012,2026-09-28,10940,10791,10800,31440
equity,INE028A01039,2026-09-28,234.99,227.5,227.5,7031453
equity,INE216A01030,2026-09-28,4933,4869,4915,305787
equity,INE670K01029,2026-09-28,1165,1115.1,1117.1,1158114
equity,INE0HOQ01053,2026-09-28,186.79,182.4,183.39,16299714
equity,INE956O01016,2026-09-28,682,651,655.2,4302872
equity,INE749A01030,2026-09-28,1160,1133.2,1139.6,713950
equity,INE795G01014,2026-09-28,534.5,525.9,531.6,2307139
equity,INE562A01011,2026-09-28,832.35,801,802.45,746603
equity,INE245A01021,2026-09-28,366.75,360.1,361.9,2982387
equity,INE134E01011,2026-09-28,338.55,329.05,330,10003097
equity,INE414G01012,2026-09-28,2810,2756.3999,2760,804121
equity,INE155A01022,2026-09-28,291.2,280.2,281.75,14063134
equity,INE640G01020,2026-09-28,531.15,521.05,522.9,837580
equity,INE129A01019,2026-09-28,174.71,171,172.45,11202821
equity,INE476A01022,2026-09-28,124.68,120.26,120.65,16272294
equity,INE010B01027,2026-09-28,1228.6,1201.2,1215,3986338
equity,INE059A01026,2026-09-28,1405,1380.5,1383.7,711020
equity,INE324D01010,2026-09-28,1741.5,1713.3,1730.7,596986
equity,INE1NPP01017,2026-09-28,3334.8999,3168.8,3189,306877
equity,INE674K01013,2026-09-28,388.85,380.8,382.7,1840670
equity,INE200A01026,2026-09-28,4307,4175,4203,399176
equity,INE053F01010,2026-09-28,79.95,78.36,78.55,8559481
equity,INE854D01024,2026-09-28,1420.1,1406,1415.4,338629
equity,INE982J01020,2026-09-28,1678.1,1625.7,1635.8,4017703
equity,INE205A01025,2026-09-28,264.4,258.2,259,7437078
equity,INE158A01026,2026-09-28,5390.5,5306,5390,340540
equity,INE196A01026,2026-09-28,815,804.2,813.25,1076911
equity,INE127D01025,2026-09-28,2366.2,2300.7,2302.3,877414
equity,INE881D01027,2026-09-28,10910,10599,10800,194825
equity,INE776C01039,2026-09-28,97.5,94.06,94.75,6334950
equity,INE281B01032,2026-09-28,1839.8,1807,1836.3,289529
equity,INE053A01029,2026-09-28,726.75,710.3,711,2741065
equity,INE079A01024,2026-09-28,383.8,374,374.35,1653664
equity,INE192A01025,2026-09-28,983.6,955.5,960,1307916
equity,INE249Z01020,2026-09-28,2199.3999,2131,2138,650380
equity,INE947Q01028,2026-09-28,2012.3,1984.8,2010.7,950451
equity,INE121J01017,2026-09-28,374.25,355.55,360,6106607
equity,INE208A01029,2026-09-28,158.88,154.7,155.22,12214126
equity,INE121E01018,2026-09-28,506.4,493.05,495,1583004
equity,INE008A01015,2026-09-28,85.4,82.25,84.39,14951776
equity,INE0VDM01015,2026-09-28,220.47,213.55,216.83,15872109
equity,INE326A01037,2026-09-28,2098.6001,2056,2062,529550
equity,INE634S01028,2026-09-28,2488.3,2430.3,2435.6001,388832
equity,INE089A01031,2026-09-28,1229.8,1204,1221,3401676
equity,INE406A01037,2026-09-28,1713.4,1686.8,1697.5,657590
equity,INE027H01010,2026-09-28,1015.8,989.1,1000.1,2647811
equity,INE459N01021,2026-09-28,730.65,710,722.5,624948
equity,INE388Y01029,2026-09-28,332.95,324,325.5,3504134
equity,INE465A01025,2026-09-28,1994.5,1951.2,1957,583093
equity,INE102D01028,2026-09-28,876.75,859.5,868,1193447
equity,INE262H01021,2026-09-28,5377.5,5285,5328.5,335528
equity,INE591G01025,2026-09-28,1786,1767.5,1773,1102782
equity,INE935N01020,2026-09-28,13766,13234,13640,571209
equity,INE070A01015,2026-09-28,22340,22055,22170,17002
equity,INE663F01032,2026-09-28,1263,1234.4,1253.9,1070424
equity,INE417T01026,2026-09-28,1213.5,1136.1,1151.3,10839191
equity,INE171A01029,2026-09-28,327.3,320.5,325,7819379
equity,INE020B01018,2026-09-28,311.6,303.25,303.25,6245559
equity,INE745G01043,2026-09-28,3321,3251.7,3263.5,1090601
equity,INE114A01011,2026-09-28,188.22,182.76,184.2,14311000
equity,INE949L01017,2026-09-28,1016.5,995,995.3,1347711
equity,INE274J01014,2026-09-28,476.45,463.4,468,1767496
equity,INE498L01015,2026-09-28,283.45,277.8,280.85,5648582
equity,INE095A01012,2026-09-28,913,889.4,909.7,1794894
equity,INE880J01026,2026-09-28,363.35,347,348.75,2908878
equity,INE848E01016,2026-09-28,75.9,74.3,74.5,5560492
equity,INE00H001014,2026-09-28,266.05,255.15,256,11465546
equity,INE094A01015,2026-09-28,349.35,340.45,342.45,4062685
equity,INE377N01017,2026-09-28,2509.2,2437,2455,581069
equity,INE647A01010,2026-09-28,2527.3,2487.3999,2491.5,183054
equity,INE765G01017,2026-09-28,1559.3,1526.2,1540,453608
equity,INE0ONG01011,2026-09-28,93.38,91.01,92.21,1621500
equity,INE343G01021,2026-09-28,1476.2,1422,1426.5,85873
equity,INE092T01019,2026-09-28,83.5,80.45,80.55,21063238
equity,INE584A01023,2026-09-28,80.9,77.43,77.43,24084137
equity,INE298J01013,2026-09-28,1155,1091.3,1093.9,1010185
equity,INE372A01015,2026-09-28,17770,17147,17263,128717
equity,INE176B01034,2026-09-28,1099.9,1074.5,1085,735161
equity,INE405E01023,2026-09-28,1214.2,1167.2,1173,605484
equity,INE726G01019,2026-09-28,464.2,450.65,458.7,1352420
equity,INE528G01035,2026-09-28,22.38,21.11,21.18,122415681
equity,INE211B01039,2026-09-28,1973.1,1940.1,1952.2,154647
equity,INE377Y01014,2026-09-28,83.14,82,82.52,2875733
equity,INE935A01035,2026-09-28,2392.5,2307.3,2325.7,985878
equity,INE139A01034,2026-09-28,354.75,344.35,349,7127278
equity,INE914M01019,2026-09-28,763,739,747.35,538794
equity,INE811K01011,2026-09-28,1470.8,1437.4,1470.8,576978
equity,INE191B01025,2026-09-28,2838,2684.5,2739.7,1348785
equity,INE061F01013,2026-09-28,840.2,817.25,830.75,2608914
equity,INE093I01010,2026-09-28,1855,1821.1,1830,364239
equity,INE016A01026,2026-09-28,386.5,381.85,385.75,2851715
equity,INE399L01023,2026-09-28,611.5,593,594.45,613169
equity,INE457A01014,2026-09-28,84.5,80.49,80.85,16655515
equity,INE084A01016,2026-09-28,137.5,129.31,129.99,10521208
equity,INE813H01021,2026-09-28,1256,1234.6,1237.2,87994
equity,INE376G01013,2026-09-28,381.15,374.05,374.9,2233035
equity,INE565A01014,2026-09-28,32.1,31.22,31.74,3114292
equity,INE976G01028,2026-09-28,413.85,404.3,407,1955370
equity,INE481Y01014,2026-09-28,339,328.2,329.3,453673
equity,INE0LEZ01016,2026-09-28,1520,1450,1454.9,3051399
equity,INE018E01016,2026-09-28,610,590.5,591,1388562
equity,INE702C01027,2026-09-28,2210.2,2174.8999,2197,319967
equity,INE338I01027,2026-09-28,1033.4,999.5,1011.6,709373
equity,INE040H01021,2026-09-28,40.93,39.52,39.66,67390402
equity,INE540L01014,2026-09-28,5273.5,5131,5175,101714
equity,INE303R01014,2026-09-28,573.75,559.25,564,2660336
equity,INE513A01022,2026-09-28,4009.8999,3941,3955.5,22236
equity,INE220G01021,2026-09-28,756,738.5,745.7,1278713
equity,INE944F01028,2026-09-28,4550.7002,4452.5,4478.2998,127711
equity,INE484J01027,2026-09-28,1708,1667,1669.8,422392
equity,INE169A01031,2026-09-28,1954,1894,1899.1,58461
equity,INE756I01012,2026-09-28,652.8,636.05,637.4,284024
equity,INE463A01038,2026-09-28,458.85,450.3,452.85,354792
equity,INE358A01014,2026-09-28,27175,26530,26740,5515
equity,INE883A01011,2026-09-28,124035,123195,123425,1620
equity,INE473A01011,2026-09-28,6370.5,6145,6191,33696
equity,INE180A01020,2026-09-28,1460.9,1432.1,1444,455773
equity,INE202B01038,2026-09-28,2170,2054.8999,2149,328989
equity,INE0CZ201020,2026-09-28,875.6,849,851.1,503134
equity,INE974X01010,2026-09-28,2523.2,2443.8999,2459,219494
equity,INE774D01024,2026-09-28,336.5,326.2,331.75,763309
equity,INE188A01015,2026-09-28,779.7,760,767.5,64977
equity,INE660A01013,2026-09-28,4508.1001,4388.8999,4453.3999,30546
equity,INE531E01026,2026-09-28,484.8,478.15,479.6,6075956
equity,INE159A01016,2026-09-28,2987,2790.1001,2896.3999,459963
equity,INE151A01013,2026-09-28,1666,1637,1655.3,145808
equity,INE09N301011,2026-09-28,4488,4380,4443.7002,33891
equity,INE571A01038,2026-09-28,1972.9,1902.3,1919.3,170123
equity,INE259A01022,2026-09-28,1857.9,1826.8,1845.9,427586
equity,INE01EA01019,2026-09-28,103.99,100.2,100.81,9107588
equity,INE073K01018,2026-09-28,827.9,805.1,807.9,3616948
equity,INE628A01036,2026-09-28,551.65,542.85,549.5,1557384
equity,INE068V01023,2026-09-28,2928,2884.2,2896,223663
equity,INE084101034,2026-09-28,1272.15,1215.1,1227.6,1251529
equity,INE878B01027,2026-09-28,4668.5,4510.5,4516,219657
equity,INE466L01038,2026-09-28,1074.8,1043.4,1045,575628
equity,INE356A01018,2026-09-28,2245.6001,2207.5,2237.5,310054
equity,INE171Z01026,2026-09-28,1140.9,1110.3,1115,1314080
equity,INE0BS701011,2026-09-28,912.7,883,906,1041474
equity,INE208C01025,2026-09-28,1366.6,1300,1308.1,373930
equity,INE415G01027,2026-09-28,206.38,202,202.75,2550019
equity,INE787D01026,2026-09-28,2178.6001,2148,2153.8,74316
equity,INE206F01022,2026-09-28,556.95,541.6,548.25,112054
equity,INE195A01028,2026-09-28,3560.7,3460,3499.8,198525
equity,INE048G01026,2026-09-28,8582.5,8385.5,8432.5,44157
equity,INE819V01029,2026-09-28,3833.8999,3710,3723.3999,164856
equity,INE152A01029,2026-09-28,3464.2,3365,3386,88773
equity,INE031B01049,2026-09-28,3560,3506,3525.2,97333
equity,INE347G01014,2026-09-28,293.05,285.75,289.85,2937411
equity,INE511C01022,2026-09-28,461.8,442.05,445.15,1095558
equity,INE930H01031,2026-09-28,1112,1087.2,1101.2,85203
equity,INE761H01022,2026-09-28,37680,37280,37500,15742
equity,INE006I01046,2026-09-28,1392.9,1363,1370.5,233641
equity,INE474Q01031,2026-09-28,1495.1,1426.6,1433.4,116663
equity,INE212H01026,2026-09-28,3939.3,3823.3,3841.3999,31144
equity,INE704P01025,2026-09-28,1372.4,1327,1329,450410
equity,INE823G01014,2026-09-28,5050,4954.5,4993.5,13802
equity,INE233A01035,2026-09-28,1107.6,1060.3,1076.1,124906
equity,INE913H01037,2026-09-28,2715,2606.5,2700.3999,83166
equity,INE226A01021,2026-09-28,1144.5,1120.2,1135.5,933414
equity,INE111A01025,2026-09-28,461.45,449,450,874795
equity,INE089C01029,2026-09-28,834.7,800.15,825.35,1026777
equity,INE335Y01020,2026-09-28,458.7,453,453.5,368467
equity,INE509F01029,2026-09-28,272.5,261.4,264.5,12661694
equity,INE410P01011,2026-09-28,1861.4,1814,1820.1,142536
equity,INE470Y01017,2026-09-28,178.4,168.3,169.84,1806851
equity,INE589A01014,2026-09-28,261.7,254.4,256.7,677193
equity,INE603J01030,2026-09-28,2398.3999,2318.5,2349,113053
equity,INE619A01035,2026-09-28,403.05,385.2,390.8,3491544
equity,INE010V01017,2026-09-28,3280,3157,3211.6001,35810
equity,INE470A01017,2026-09-28,33990,33230,33415,1497
equity,INE463V01026,2026-09-28,2164.1001,2112,2146.2,394039
equity,INE0LP301011,2026-09-28,134.19,126.41,128.07,7121679
equity,INE168P01015,2026-09-28,1948.8,1918.1,1927.8,39044
equity,INE031A01017,2026-09-28,174,168,168.66,1537626
equity,INE302A01020,2026-09-28,422.65,411,411.75,946136
equity,INE596F01018,2026-09-28,22040,21510,21685,8445
equity,INE548A01028,2026-09-28,209.16,201,205.92,5594279
equity,INE007A01025,2026-09-28,4706.2002,4450,4650.6001,135575
equity,INE148O01028,2026-09-28,421.9,405.05,407.5,4477983
equity,INE049B01025,2026-09-28,2267,2181,2187.6001,649952
equity,INE019C01026,2026-09-28,678.95,666.6,669.95,1391854
equity,INE686F01025,2026-09-28,1258.8,1215.2,1217.4,42919
equity,INE036D01028,2026-09-28,327,320.1,320.75,850213
equity,INE570L01029,2026-09-28,1611.1,1564.1,1582.8,273968
equity,INE379A01028,2026-09-28,161.95,158.3,158.57,1335661
equity,INE531F01023,2026-09-28,1668.9,1605.1,1640.6,516479
equity,INE042A01014,2026-09-28,2847.3999,2729.7,2740.7,98486
equity,INE01NH01023,2026-09-28,1578,1494,1504.2,711572
equity,INE00R701025,2026-09-28,1698.5,1650,1651.6,91040
equity,INE575P01011,2026-09-28,559.5,540.5,552.5,369082
equity,INE142M01025,2026-09-28,709.7,691.2,707.05,880603
equity,INE093A01041,2026-09-28,500.9,486.55,489.25,168826
equity,INE967H01025,2026-09-28,783.4,760.75,766.45,339252
equity,INE672A01026,2026-09-28,670.95,640,644.45,499514
equity,INE146L01010,2026-09-28,2160,2086.3,2141.2,388047
equity,INE260B01028,2026-09-28,1993.4,1921.8,1931.5,260451
equity,INE202E01016,2026-09-28,117.39,111.81,114.82,17078712
equity,INE797F01020,2026-09-28,485.6,476.5,478.7,1167993
equity,INE671A01010,2026-09-28,34040,33255,33855,2223
equity,INE0INX01018,2026-09-28,301.3,280.25,298.55,2120065
equity,INE600L01024,2026-09-28,1965.2,1907.5,1942.1,137296
equity,INE691A01018,2026-09-28,23.87,23.23,23.33,3548489
equity,INE115A01026,2026-09-28,574.7,562.5,564.15,2923229
equity,INE0NT901020,2026-09-28,4595,4456,4566.5,657592
equity,INE404A01024,2026-09-28,1015,980,987.7,141795
equity,INE103A01014,2026-09-28,173.6,163.5,169.8,21758950
equity,INE472A01039,2026-09-28,1593.5,1562.3,1575.4,1477339
equity,INE572E01012,2026-09-28,1098.1,1065.4,1085,988333
equity,INE115Q01022,2026-09-28,1815.8,1755.5,1768.4,137087
equity,INE00LO01017,2026-09-28,10762,10402,10534,49460
equity,INE810G01011,2026-09-28,1085.3,1065.2,1068.7,424830
equity,INE622W01025,2026-09-28,452.45,433.3,437.9,1868409
equity,INE839M01018,2026-09-28,1209.5,1180.9,1188.2,136099
equity,INE506V01022,2026-09-28,1685.9,1575.1,1592.8,215205
equity,INE736A01011,2026-09-28,1318,1286.3,1289,1109537
equity,INE794A01010,2026-09-28,21920,21395,21440,18960
equity,INE342J01019,2026-09-28,2354,2315.3,2332.8,92154
equity,INE891D01026,2026-09-28,409.75,399.1,404.85,4235911
equity,INE382Z01011,2026-09-28,2316,2236.8,2245.3,389363
equity,INE522D01027,2026-09-28,330.65,312.15,313,8621230
equity,INE149A01033,2026-09-28,1411.5,1378.8,1390.4,182371
equity,INE0DK501011,2026-09-28,212.32,205.21,206.59,2664801
equity,INE483A01010,2026-09-28,31.11,30.51,30.59,4229654
equity,INE0DYJ01015,2026-09-28,1781.9,1723.9,1746.4,1859395
equity,INE0CAZ01013,2026-09-28,171.25,160,161.21,5015852
equity,INE777K01022,2026-09-28,2536.5,2445.2,2459.8,140717
equity,INE530B01024,2026-09-28,609.9,593.05,598.15,1208016
equity,INE732I01021,2026-09-28,286.4,278.05,279.2,4741372
equity,INE039A01010,2026-09-28,73.85,70.31,70.55,34183109
equity,INE438A01022,2026-09-28,398.4,388.3,389.6,453772
equity,INE105A01035,2026-09-28,12663,12350,12436,3166
equity,INE180C01042,2026-09-28,254.85,247.5,248.9,2049335
equity,INE545U01014,2026-09-28,187,180.6,181,8979766
equity,INE371P01015,2026-09-28,7038.5,6880,6990,124117
equity,INE248A01017,2026-09-28,254.7,244.15,245.8,155783
equity,INE473B01035,2026-09-28,1165.4,1110,1119.4,33878
equity,INE00FF01025,2026-09-28,3273.1001,3184.3,3214.3999,202322
equity,INE0IX101010,2026-09-28,4421.8999,4261.1001,4276.7998,310265
equity,INE002L01015,2026-09-28,61.85,60.55,61.06,1991075
equity,INE387A01021,2026-09-28,1182.9,1160.7,1166.6,78217
equity,INE317I01021,2026-09-28,879.95,856.6,875.15,24456
equity,INE179A01014,2026-09-28,7112,6875,6888.5,22679
equity,INE844O01030,2026-09-28,237.45,233.8,235.07,951989
equity,INE258G01013,2026-09-28,448.2,432.05,433.75,221463
equity,INE439A01020,2026-09-28,959.65,931.2,933.55,114530
equity,INE699H01024,2026-09-28,184,180.2,180.66,686186
equity,INE0FS801015,2026-09-28,35.08,33.81,34.8,14877991
equity,INE918Z01012,2026-09-28,3695,3589,3658,983180
equity,INE012A01025,2026-09-28,1236.4,1210.8,1213.5,151619
equity,INE220B01022,2026-09-28,1424.8,1368,1375.6,184926
equity,INE524A01029,2026-09-28,1395.9,1344.2,1349.2,129660
equity,INE367G01038,2026-09-28,328,313.25,315.2,3939207
equity,INE322A01010,2026-09-28,7055,6900.5,6925.5,10574
equity,INE03JT01014,2026-09-28,267,252.1,263.25,4342796
equity,INE821I01022,2026-09-28,17.65,17.07,17.14,13407269
equity,INE953O01021,2026-09-28,4662.1001,4436,4457.2002,272710
equity,INE325A01013,2026-09-28,3221.1001,3134.5,3180.5,19209
equity,INE491A01021,2026-09-28,224.7,212.6,215.99,4824507
equity,INE095N01031,2026-09-28,82.5,80,80.21,5061781
equity,INE288B01029,2026-09-28,1589,1545.1,1550.8,100481
equity,INE880L01014,2026-09-28,342.5,328.4,331,74732
equity,INE741K01010,2026-09-28,1298.8,1252.3,1255.2,184340
equity,INE419M01035,2026-09-28,737.8,711.15,722,2434320
equity,INE451A01017,2026-09-28,17359,17042,17100,62439
equity,INE894V01022,2026-09-28,254.28,244.24,248.62,4151643
equity,INE980O01024,2026-09-28,1094.55,1025,1046.1,1202568
equity,INE00WC01027,2026-09-28,1575.5,1543.1,1548.4,100507
equity,INE791I01019,2026-09-28,600.85,580.35,583.9,174680
equity,INE1C6T01020,2026-09-28,322.6,314.55,315.55,1009042
equity,INE242C01024,2026-09-28,619.8,601.8,607.95,1047967
equity,INE686A01026,2026-09-28,1259.9,1220,1224.5,132371
equity,INE670A01012,2026-09-28,3212.6001,3161.7,3191,162425
equity,INE203G01027,2026-09-28,145.1,143,143.44,1200707
equity,INE864I01014,2026-09-28,7121,6750,7072.5,100584
equity,INE0W2G01015,2026-09-28,45,43.32,43.45,8041928
equity,INE536A01023,2026-09-28,1970.2,1912,1918.2,23175
equity,INE178A01016,2026-09-28,1445.6,1368.2,1408.1,2809248
equity,INE0BWX01014,2026-09-28,1785.2,1705,1739.2,318334
equity,INE120A01034,2026-09-28,1285.9,1237.2,1247.8,234625
equity,INE475E01026,2026-09-28,2869.8,2801.8,2854,121333
equity,INE883F01010,2026-09-28,442.25,435.05,436.95,161832
equity,INE330T01021,2026-09-28,2069,1981.3,1996.7,77145
equity,INE182A01018,2026-09-28,4028.8999,3952,3968,21087
equity,INE526E01018,2026-09-28,4843,4624,4645.2998,132283
equity,INE101D01020,2026-09-28,872.15,846.3,851.4,457582
equity,INE331A01037,2026-09-28,869.75,845.7,848.65,76181
equity,INE19RI01016,2026-09-28,513.45,501.05,502.15,301402
equity,INE616N01034,2026-09-28,2153.6001,2043.1,2051.1001,200260
equity,INE285A01027,2026-09-28,604,592.2,598.85,142523
equity,INE269B01029,2026-09-28,17176,16858,16966,3440
equity,INE192B01031,2026-09-28,229,221.8,227.95,4159923
equity,INE989C01038,2026-09-28,353.8,337,339.25,587309
equity,INE217B01036,2026-09-28,1217.7,1185.6,1189.5,113284
equity,INE427F01016,2026-09-28,887.85,862.9,868.95,69472
equity,INE017A01032,2026-09-28,1567.9,1490.1,1533.4,3277779
equity,INE324A01032,2026-09-28,283.55,275.25,276.15,1099233
equity,INE00IT01020,2026-09-28,327,304,315.12,1205187
equity,INE486A01021,2026-09-28,139.84,135.9,136.18,1339169
equity,INE292B01021,2026-09-28,829.9,782.2,785.65,4227965
equity,INE15B701018,2026-09-28,177.08,170.61,173.02,23290188
equity,INE703B01027,2026-09-28,2784,2724.1001,2748.3999,20543
equity,INE790G01031,2026-09-28,1039,998,1025.25,678050
equity,INE172A01027,2026-09-28,203.4,199.32,201.04,4886805
equity,INE100A01010,2026-09-28,6070,5941,5991,22706
equity,INE235A01022,2026-09-28,1460.9,1400,1408.1,431897
equity,INE596I01020,2026-09-28,709.3,690.2,691.55,826842
equity,INE424H01027,2026-09-28,533,506.1,519.9,1271129
equity,INE0AQ201015,2026-09-28,555,536.15,547.9,378363
equity,INE684F01012,2026-09-28,260.55,255.05,256,400591
equity,INE148I01020,2026-09-28,141,138.48,138.82,2900128
equity,INE152M01016,2026-09-28,559,544.15,551.65,312561
equity,INE673O01025,2026-09-28,1699,1640.3,1654.8,50648
equity,INE406M01024,2026-09-28,1269.5,1231.1,1236.3,31386
equity,INE230A01023,2026-09-28,296.95,289.3,295.1,150656
equity,INE02IJ01035,2026-09-28,2798,2673.1001,2723.2,439192
equity,INE462A01022,2026-09-28,3714.8999,3650,3671.8,55292
equity,INE738I01010,2026-09-28,1890,1806.2,1816.2,298542
equity,INE385C01021,2026-09-28,504.2,485.1,501.3,558287
equity,INE131A01031,2026-09-28,535.2,521,522.25,726751
equity,INE769A01020,2026-09-28,487.75,475.5,476.6,270786
equity,INE0LXG01040,2026-09-28,38.95,37.68,37.86,83934195
equity,INE013P01021,2026-09-28,1617.4,1560,1565.8,262280
equity,INE03QK01018,2026-09-28,459.25,445,453.3,568862
equity,INE05HV01027,2026-09-28,209.9,203.78,204.58,777876
equity,INE203A01020,2026-09-28,6477,6262,6280,10121
equity,INE825A01020,2026-09-28,554.8,538.6,540.55,268457
equity,INE205C01021,2026-09-28,1724.4,1611.2,1636.7,216866
equity,INE501A01019,2026-09-28,1367,1336,1350.5,106981
equity,INE872J01023,2026-09-28,135.17,128.31,131.09,3775990
equity,INE0K9O01026,2026-09-28,370.5,348.05,357.15,7423508
equity,INE258A01024,2026-09-28,2035,1974,1995.1,214132
equity,INE103V01028,2026-09-28,1220.9,1195.3,1203,22331
equity,INE552Z01027,2026-09-28,739,720.25,723.45,1807712
equity,INE102B01014,2026-09-28,799,741,756.9,403447
equity,INE768C01028,2026-09-28,525.4,514,524.4,159657
equity,INE718I01012,2026-09-28,115.9,112.25,112.49,1802272
equity,INE842C01021,2026-09-28,678.75,668.15,673,126782
equity,INE085A01013,2026-09-28,420.8,415.5,418.45,399648
equity,INE03Q201024,2026-09-28,1373.1,1337.5,1345.5,82952
equity,INE373A01013,2026-09-28,3580,3482.1001,3495.8,16965
equity,INE348B01021,2026-09-28,700.1,677,679.05,59130
equity,INE085J01014,2026-09-28,5137,5001.5,5011.5,38858
equity,INE168A01041,2026-09-28,145.88,142,142.25,1442913
equity,INE608A01012,2026-09-28,21.82,21.26,21.31,806110
equity,INE291A01017,2026-09-28,6738.5,6526.5,6653.5,33997
equity,INE386C01029,2026-09-28,1623.3,1585,1590.1,117344
equity,INE088F01024,2026-09-28,157.07,153.4,155.7,1861368
equity,INE943P01029,2026-09-28,506.5,488.65,503.6,341212
equity,INE251B01027,2026-09-28,1678.4,1638.2,1642.8,181301
equity,INE301O01023,2026-09-28,775,760,761.45,351373
equity,INE947N01017,2026-09-28,274,246.96,260.1,33667541
equity,INE177H01039,2026-09-28,228.36,223.5,225.46,1263135
equity,INE457L01029,2026-09-28,521,505.1,507,505897
equity,INE138Y01010,2026-09-28,890,874.05,884.05,393319
equity,INE548C01032,2026-09-28,390.05,379.95,388.75,2032711
equity,INE398R01022,2026-09-28,380,374,376,271472
equity,INE092A01019,2026-09-28,676.4,635.6,641.45,2286959
equity,INE499A01024,2026-09-28,979.1,942,944.6,52544
equity,INE685T01010,2026-09-28,52.4,50,51.79,5041297
equity,INE901L01018,2026-09-28,870,843.65,854.35,211650
equity,INE725A01030,2026-09-28,554.55,543.15,547,267941
equity,INE647U01026,2026-09-28,1475,1287.9,1373.1,15272105
equity,INE885A01032,2026-09-28,794.6,772.65,774.95,361593
equity,INE686Y01026,2026-09-28,5170.5,5034.5,5124,36014
equity,INE04I401011,2026-09-28,519,506,509,896865
equity,INE05XR01022,2026-09-28,33.45,32.28,32.51,13761887
equity,INE531A01024,2026-09-28,183.26,176.56,177.48,151243
equity,INE510A01028,2026-09-28,321.4,309,313.9,9838833
equity,INE228A01035,2026-09-28,520.05,501.7,508,418148
equity,INE288A01013,2026-09-28,13100,12721,12804,2210
equity,INE818H01020,2026-09-28,422,405.3,408.5,439195
equity,INE128S01021,2026-09-28,524,513.4,518.35,382316
equity,INE043W01024,2026-09-28,1513.3,1480.1,1501.4,104599
equity,INE0J5401028,2026-09-28,480.95,462.6,466.05,1531653
equity,INE055A01016,2026-09-28,1231,1181.2,1191.5,335640
equity,INE177A01018,2026-09-28,4285.1001,4170,4226.7998,11589
equity,INE12UN01015,2026-09-28,283.9,272.55,274.05,1972468
equity,INE05C901015,2026-09-28,275.15,261.95,269.95,1111652
equity,INE151G01028,2026-09-28,3159.1001,3022.2,3033.5,115998
equity,INE034A01011,2026-09-28,551.95,542,543.6,227662
equity,INE0QPI01025,2026-09-28,1192,1124.1,1138.8,146912
equity,INE299U01018,2026-09-28,221.3,214.51,218.8,2511271
equity,INE01TY01017,2026-09-28,150.99,146.01,147.78,621483
equity,INE704J01044,2026-09-28,34.34,33.25,33.3,10874615
equity,INE2J8701016,2026-09-28,2922.2,2850,2881.7,38212
equity,INE987B01026,2026-09-28,857.85,823,828.55,502079
equity,INE338H01029,2026-09-28,1453.6,1383.9,1392.7,109961
equity,INE995S01015,2026-09-28,77.57,74.72,75.73,863602
equity,INE750C01026,2026-09-28,341,329,331.55,1876478
equity,INE927D01051,2026-09-28,586.35,568.75,571.05,131363
equity,INE732A01036,2026-09-28,1780.6,1720.7,1732.3,27047
equity,INE421D01022,2026-09-28,1045,1025.7,1031.6,79845
equity,INE668A01016,2026-09-28,879.35,858,861.75,164364
equity,INE700A01033,2026-09-28,1077.9,1044.15,1060.45,95393
equity,INE961O01016,2026-09-28,1384.1,1347.6,1372.6,145801
equity,INE0LCL01028,2026-09-28,2364.6001,2296,2310.2,134421
equity,INE951I01027,2026-09-28,308.3,298.8,307.25,383502
equity,INE00E101023,2026-09-28,570.7,555.25,557.9,56338
equity,INE536H01010,2026-09-28,392.8,382,383.35,172421
equity,INE119A01028,2026-09-28,705.35,672.3,680.7,1951668
equity,INE290S01011,2026-09-28,3009,2860.1001,2880.1001,332576
equity,INE133A01011,2026-09-28,3230,3149.7,3169.8,22945
equity,INE663A01033,2026-09-28,884.3,858,864.85,90838
equity,INE065X01017,2026-09-28,620,600.05,613.3,744751
equity,INE933B01012,2026-09-28,960,900,930.4,304695
equity,INE0Z4F01028,2026-09-28,1625.9,1550.3,1613.3,118334
equity,INE825V01034,2026-09-28,543.25,520.25,541.3,165833
equity,INE371A01025,2026-09-28,820,794.55,799,1013536
equity,INE212S01015,2026-09-28,752.9,735,742.1,108146
equity,INE418L01047,2026-09-28,383.1,371.15,379.65,2307584
equity,INE999A01023,2026-09-28,815.1,797.25,801.25,56073
equity,INE930P01018,2026-09-28,1198,1178.5,1187.1,194981
equity,INE545A01024,2026-09-28,246.5,237,240,670735
equity,INE0Q9301021,2026-09-28,329.95,322.1,323.15,352640
equity,INE126A01031,2026-09-28,708.4,694.15,706.45,344029
equity,INE713T01028,2026-09-28,414.4,388,408.3,11506533
equity,INE00F201020,2026-09-28,3186.8999,3038.8,3171.3,27084
equity,INE297H01019,2026-09-28,545.85,534.35,536.55,33004
equity,INE1CLE01013,2026-09-28,32.94,31.15,31.42,18432933
equity,INE109A01011,2026-09-28,277.85,269.3,272.05,1401282
equity,INE781S01027,2026-09-28,575,555.5,558.9,29803
equity,INE410B01037,2026-09-28,1210.1,1190,1191,26786
equity,INE671H01015,2026-09-28,1233.6,1205.1,1218.7,51564
equity,INE0NNS01018,2026-09-28,43.11,41.61,41.78,7341732
equity,INE482A01020,2026-09-28,3352.2,3260,3274.7,60830
equity,INE321T01012,2026-09-28,2088.6001,2045,2046.5,31057
equity,INE731H01025,2026-09-28,1226.4,1197.5,1212.9,230428
equity,INE869T01028,2026-09-28,1273.8,1212.3,1237.5,736077
equity,INE694L01019,2026-09-28,33.11,32.11,32.15,6021208
equity,INE872H01027,2026-09-28,2057.3999,2014.4,2032,78664
equity,INE542F01020,2026-09-28,2739.8,2592.2,2631.3,6744
equity,INE133E01013,2026-09-28,578.95,560,561.65,541005
equity,INE12UR01024,2026-09-28,421.75,400.05,409.05,344148
equity,INE959A01019,2026-09-28,3637.2,3556.2,3605.3,81986
equity,INE852O01025,2026-09-28,244,237,237.47,710146
equity,INE532F01054,2026-09-28,138.6,134.23,135.45,6771515
equity,INE304W01038,2026-09-28,814,775.5,786.2,978972
equity,INE614B01018,2026-09-28,337.3,320.45,321.85,1096413
equity,INE066P01011,2026-09-28,74.83,72,72,5854850
equity,INE02ZQ01018,2026-09-28,2121,2044.8,2053.3,17222
equity,INE824G01012,2026-09-28,11265,10913,11026,1311
equity,INE399G01023,2026-09-28,715.45,690.15,703.1,773078
equity,INE481N01025,2026-09-28,1114.5,1081.6,1094,200561
equity,INE676A01027,2026-09-28,811.5,775.55,783.15,608541
equity,INE780C01023,2026-09-28,127.83,124.9,125.25,2219125
equity,INE665L01035,2026-09-28,863.8,821.05,848.35,275526
equity,INE00VM01036,2026-09-28,1888.4,1835.1,1865.1,111389
equity,INE118D01016,2026-09-28,337.6,324.15,325.85,220322
equity,INE551W01018,2026-09-28,64.97,63,63.09,15764038
equity,INE956G01038,2026-09-28,2008.4,1972,1977.2,213653
equity,INE602A01031,2026-09-28,339.6,329.9,332.55,905372
equity,INE00XB01019,2026-09-28,3595,3370,3547.8,659236
equity,INE850D01014,2026-09-28,662.5,640,642.5,107453
equity,INE683A01023,2026-09-28,50.19,48.01,48.64,15576178
equity,INE255Z01027,2026-09-28,650,622.25,625.9,462181
equity,INE119201023,2026-09-28,287.75,275.7,276.5,352758
equity,INE064C01022,2026-09-28,23.07,22.86,22.93,2151775
equity,INE024L01027,2026-09-28,1512.6,1470.6,1475.4,166667
equity,INE136B01020,2026-09-28,1099.1,1064.3,1082.3,246850
equity,INE112L01020,2026-09-28,582.6,567.45,572.3,94505
equity,INE491J01022,2026-09-28,664.15,634.9,650.35,430169
equity,INE121R01077,2026-09-28,579.85,558.5,560,197959
equity,INE093R01011,2026-09-28,99.35,95.1,95.97,19001411
equity,INE01IU01018,2026-09-28,812,791.1,796.95,976252
equity,INE09XN01023,2026-09-28,825,798,799.95,157385
equity,INE191H01014,2026-09-28,1257.4,1219,1225,396422
equity,INE233B01017,2026-09-28,4795,4705,4749.6001,6178
equity,INE615H01020,2026-09-28,836.4,811.1,818.65,542184
equity,INE807F01027,2026-09-28,244.35,239.15,241,1406271
equity,INE011K01018,2026-09-28,2090,2005.1,2011.5,267932
equity,INE0SII01026,2026-09-28,1593.6,1496.2,1592.7,365360
equity,INE785M01021,2026-09-28,14.64,13.46,13.52,404984641
equity,INE540H01012,2026-09-28,10724,10450,10513,14605
equity,INE713N01013,2026-09-28,8207.6504,8207.6504,8207.6504,
equity,INE045601023,2026-09-28,1332.8,1287,1315,626024
equity,INE285K01026,2026-09-28,1015,977.9,981.85,104260
equity,INE094J01016,2026-09-28,913.95,888,893.9,61353
equity,INE625G01013,2026-09-28,762,734.25,749.5,586516
equity,INE383A01012,2026-09-28,324.8,310.8,312.4,151875
equity,INE962Y01021,2026-09-28,105.95,102.82,103.25,1970376
equity,INE080I01025,2026-09-28,79.59,75.89,76.33,2598056
equity,INE903U01023,2026-09-28,828,761.25,780.35,1645065
equity,INE351F01018,2026-09-28,15.92,15.46,15.52,31879871
equity,INE423Y01016,2026-09-28,89.3,86.4,86.82,944832
equity,INE1B6101010,2026-09-28,761.9,741.5,752.8,798667
equity,INE010J01012,2026-09-28,505.3,489.95,491.1,1029480
equity,INE871C01038,2026-09-28,756.95,739,741.5,145610
equity,INE389H01022,2026-09-28,396.1,390,390.55,320330
equity,INE0BY001018,2026-09-28,673.5,646.45,654.8,658767
equity,INE002S01010,2026-09-28,1071.9,1041,1048.8,135973
equity,INE101I01011,2026-09-28,258,247.8,251.65,783149
equity,INE489L01022,2026-09-28,347.05,341.75,343.7,741465
equity,INE477A01020,2026-09-28,755,735,737.6,105181
equity,INE495B01038,2026-09-28,336,320.2,321.65,374676
equity,INE0UIZ01018,2026-09-28,609.3,595.15,601.2,449313
equity,INE022Q01020,2026-09-28,112.88,110.94,111.35,2050585
equity,INE573A01042,2026-09-28,343.95,337.1,337.8,385055
equity,INE940H01022,2026-09-28,1357.9,1288.8,1296.1,208612
equity,INE14LE01019,2026-09-28,78.85,76.91,77.17,397626
equity,INE520A01027,2026-09-28,452,432.5,436.7,2452523
equity,INE075I01017,2026-09-28,709.3,684,691.2,57603
equity,INE050A01025,2026-09-28,1435.3,1412.1,1415.7,30398
equity,INE209L01016,2026-09-28,226.73,221.85,222.23,627764
equity,INE385F01024,2026-09-28,746,720,729.5,121001
equity,INE933S01016,2026-09-28,1646,1620,1637,30046
equity,INE320J01015,2026-09-28,199.21,195.01,196.11,286377
equity,INE716A01013,2026-09-28,932,889.85,917.1,4140030
equity,INE216P01012,2026-09-28,1313.7,1250,1282.4,88608
equity,INE150B01039,2026-09-28,1845.9,1791,1799.8,35684
equity,INE717A01029,2026-09-28,4238.7002,4106,4134.1001,14285
equity,INE955D01029,2026-09-28,305.6,292.85,294.05,1266848
equity,INE260D01016,2026-09-28,1204,1166.4,1173.8,334384
equity,INE0CLI01024,2026-09-28,834,814.05,828.7,175709
equity,INE2KCE01013,2026-09-28,41.19,39.56,39.81,7340696
equity,INE0FOO01011,2026-09-28,122.8,118.26,120.9,2234171
equity,INE0KBH01020,2026-09-28,573.7,554.5,557.3,194888
equity,INE811A01038,2026-09-28,691,676.6,678.65,59000
equity,INE183A01024,2026-09-28,153.82,150.86,151.61,282696
equity,INE153T01027,2026-09-28,223.71,221,221.22,486201
equity,INE0Q3J01015,2026-09-28,1424.9,1381.8,1387.4,106026
equity,INE939A01011,2026-09-28,1186,1148.2,1151.4,115834
equity,INE659A01023,2026-09-28,1225.3,1193.1,1199.6,94601
equity,INE205B01031,2026-09-28,489.5,452.25,480.75,6723720
equity,INE280B01018,2026-09-28,14047,13427,13819,2060
equity,INE0UOS01011,2026-09-28,3997.5,3834.8999,3976.2,8695
equity,INE001B01026,2026-09-28,398.65,381.55,382.95,307046
equity,INE306R01017,2026-09-28,637.7,625.5,631.55,209648
equity,INE123F01029,2026-09-28,58.09,56.1,56.4,917770
equity,INE149K01016,2026-09-28,186.4,180.5,181.51,530234
equity,INE0YD401026,2026-09-28,286.6,280.15,281.75,413232
equity,INE0JO301016,2026-09-28,1129.3,1093.6,1100.4,325159
equity,INE979A01025,2026-09-28,496.9,487.05,489.6,136802
equity,INE02RE01045,2026-09-28,195.3,178.19,184.72,38456794
equity,INE868B01028,2026-09-28,133.9,130,130.29,1575538
equity,INE199A01012,2026-09-28,5490,5300,5399.5,9829
equity,INE682M01020,2026-09-28,267.25,258.75,263.85,179737
equity,INE284A01012,2026-09-28,5556,5480.5,5518.5,1978
equity,INE726V01018,2026-09-28,764.45,751.1,753.1,193298
equity,INE508G01029,2026-09-28,185.4,179.91,183.44,3582524
equity,INE085001019,2026-09-28,664.9,635.5,650.65,132927
equity,INE271B01025,2026-09-28,718.5,702.6,714.35,214768
equity,INE594H01019,2026-09-28,564.15,546.6,548.3,475888
equity,INE0DRI01029,2026-09-28,1672.5,1672.5,1672.5,20558
equity,INE614G01033,2026-09-28,20.56,19.8,19.96,15330993
equity,INE294B01019,2026-09-28,6884,6485,6515.5,67169
equity,INE763I01026,2026-09-28,276,269.25,270.45,669415
equity,INE202Z01029,2026-09-28,456.85,432.6,434.7,48385
equity,INE299N01021,2026-09-28,835,822.95,826.05,81752
equity,INE953R01016,2026-09-28,617.8,582,585.35,751318
equity,INE213C01025,2026-09-28,605,589.7,594.2,67195
equity,INE483B01026,2026-09-28,446.45,435,440.2,254620
equity,INE227W01023,2026-09-28,810,778.1,781.7,195349
equity,INE03EI01018,2026-09-28,592.6,569.1,571.85,91772
equity,INE621H01010,2026-09-28,242,233.05,234.32,222631
equity,INE665A01038,2026-09-28,294.7,288.6,289.7,538365
equity,INE256A01028,2026-09-28,77.63,76.07,76.5,11131489
equity,INE113A01013,2026-09-28,632.95,617.4,620.65,495792
equity,INE0DD101019,2026-09-28,265.3,255.05,256.15,453401
equity,INE176A01028,2026-09-28,633.7,621,624.7,118577
equity,INE854B01010,2026-09-28,89.13,86.8,87.98,2239053
equity,INE372C01037,2026-09-28,500,472.7,480.65,492667
equity,INE131B01039,2026-09-28,299,290,290.75,113003
equity,INE386A01023,2026-09-28,396.95,383,385.4,86994
equity,INE201P01022,2026-09-28,814.7,792.3,799.3,13514
equity,INE063P01018,2026-09-28,66.8,64.63,66.02,2363096
equity,INE970X01018,2026-09-28,106.15,102.96,103.82,2501244
equity,INE716B01029,2026-09-28,670.4,651.6,657.35,201981
equity,INE912T01018,2026-09-28,1729.5,1659.3,1703.9,54965
equity,INE274F01020,2026-09-28,587.15,562.05,579.85,91864
equity,INE16W401027,2026-09-28,965.65,896,965.65,979636
equity,INE0KCE01017,2026-09-28,372.95,359,361.3,125275
equity,INE050E01027,2026-09-28,2194.8999,2136,2153.8999,82299
equity,INE0M4D01010,2026-09-28,422.65,394,422.65,974559
equity,INE16NZ01023,2026-09-28,559.75,547.05,554.3,52237
equity,INE804L01022,2026-09-28,661.5,647,653,113837
equity,INE836A01035,2026-09-28,275.9,270,271.25,1023070
equity,INE262A01018,2026-09-28,62.4,58.25,59.04,31878
equity,INE473D01015,2026-09-28,6417,6195.5,6384,10603
equity,INE069I01010,2026-09-28,58.27,55.73,56.03,1625406
equity,INE269A01021,2026-09-28,279.35,272.55,274.05,261810
equity,INE010601016,2026-09-28,1821.7,1746.2,1790.1,183547
equity,INE276A01018,2026-09-28,779.95,762,772.85,30304
equity,INE255A01020,2026-09-28,238.1,233.1,235,1174162
equity,INE221B01012,2026-09-28,13500,13014,13139,44529
equity,INE945H01021,2026-09-28,214.52,208,211.22,682658
equity,INE099Z01011,2026-09-28,417.5,397.55,416,1357247
equity,INE738D01029,2026-09-28,80.5,80.5,80.5,937
equity,INE867C01010,2026-09-28,7144.8501,6721.1001,6771.2998,23785
equity,INE517F01014,2026-09-28,163.4,159.6,159.88,845144
equity,INE0LRU01027,2026-09-28,946.4,910.5,914,528118
equity,INE679V01027,2026-09-28,619.5,591.2,595.15,79663
equity,INE813A01018,2026-09-28,363.95,348.1,363.1,130765
equity,INE690A01028,2026-09-28,521.75,511.6,513.85,26198
equity,INE036B01030,2026-09-28,164.43,159.73,160.47,369358
equity,INE0CJD01029,2026-09-28,2899.8999,2802,2876.8999,55763
equity,INE460H01021,2026-09-28,187.18,182,182.42,115025
equity,INE640A01023,2026-09-28,1554.6,1498.1,1511.8,38728
equity,INE600K01018,2026-09-28,2249.3999,2185,2190.7,15238
equity,INE743M01012,2026-09-28,391.65,380.1,386.6,431637
equity,INE0U3I01011,2026-09-28,1672.8,1605,1616.2,154746
equity,INE884B01025,2026-09-28,481.35,465.3,468.95,44237
equity,INE0LMW01024,2026-09-28,340.35,327.65,332.6,232646
equity,INE411F01010,2026-09-28,2238.1001,2201,2203.6001,1443
equity,INE429E01023,2026-09-28,1474.8,1436,1453.2,23256
equity,INE0LZF01039,2026-09-28,105.7,101.81,102.64,826956
equity,INE619B01017,2026-09-28,488.9,472.4,474.4,347520
equity,INE04TZ01018,2026-09-28,2566.1001,2490,2518.2,31536
equity,INE739E01017,2026-09-28,5323,5165,5196,26598
equity,INE254N01026,2026-09-28,610.9,600.15,602.15,47842
equity,INE0CU601026,2026-09-28,102.49,97.74,101.9,2458573
equity,INE668F01031,2026-09-28,191.96,188.31,189.66,330391
equity,INE284S01014,2026-09-28,2310,2257.7,2261.7,60843
equity,INE317F01035,2026-09-28,1094.9,1040.4,1086.4,101738
equity,INE922K01024,2026-09-28,655,635,647.3,92868
equity,INE517B01013,2026-09-28,37.9,34.37,36.19,79429217
equity,INE987S01020,2026-09-28,1046.7,975.6,984.55,321967
equity,INE789E01012,2026-09-28,408,397.2,398.15,174854
equity,INE0HV901016,2026-09-28,158,154.05,155.08,770370
equity,INE666D01022,2026-09-28,462.65,449.9,452.25,308633
equity,INE806T01020,2026-09-28,223,214.61,216.68,398448
equity,INE211R01019,2026-09-28,2401.2,2355.3999,2364.3,24446
equity,INE555B01013,2026-09-28,1943.3,1861,1879.5,278673
equity,INE900L01028,2026-09-28,169.6,165.3,166.81,569002
equity,INE058A01010,2026-09-28,3149.8999,3075,3103.5,15027
equity,INE855B01025,2026-09-28,219,210.1,215.45,2291717
equity,INE545H01011,2026-09-28,3005.3999,2912.1001,2929.3999,17524
equity,INE416D01022,2026-09-28,739.9,705,737.65,2825169
equity,INE083K01017,2026-09-28,6275,5900,5938.5,1240
equity,INE024001021,2026-09-28,524.95,508.2,513.4,752491
equity,INE503A01015,2026-09-28,213.54,207,207.46,1466242
equity,INE916U01025,2026-09-28,642.4,623,629.3,112029
equity,INE510W01014,2026-09-28,172.32,167.8,170,1232418
equity,INE428V01029,2026-09-28,696.65,667.25,674,306073
equity,INE011E01029,2026-09-28,507.05,491.9,495.1,359232
equity,INE919H01018,2026-09-28,1224.4,1205,1207.8,56770
equity,INE495P01020,2026-09-28,215,210.4,211.52,502149
equity,INE221J01015,2026-09-28,750,727,729.1,140897
equity,INE899I01028,2026-09-28,1074.95,1001,1055.75,1700556
equity,INE07T201019,2026-09-28,94.49,91.1,91.61,2484463
equity,INE483C01032,2026-09-28,510.5,489.3,497.3,719957
equity,INE07RO01027,2026-09-28,1007.55,965.3,984.75,441132
equity,INE18JU01028,2026-09-28,677.85,640.5,672.15,598831
equity,INE340A01012,2026-09-28,852.35,835,839.1,26947
equity,INE278Y01022,2026-09-28,212.99,207.4,211.04,325125
equity,INE314T01033,2026-09-28,223.07,215.5,216.16,231235
equity,INE055S01018,2026-09-28,941.9,913.05,917.95,274823
equity,INE064A01026,2026-09-28,733.6,700.2,703.65,345455
equity,INE933K01021,2026-09-28,501.05,478.3,480.05,416106
equity,INE420C01059,2026-09-28,88.71,73.42,79.6,37593061
equity,INE0DUT01020,2026-09-28,1308.2,1260.3,1271.2,60672
equity,INE02YR01019,2026-09-28,204.5,190.15,192.89,4333655
equity,INE439E01022,2026-09-28,555,533.9,535.65,376724
equity,INE688A01022,2026-09-28,897.5,856.5,864.85,129472
equity,INE274Y01021,2026-09-28,618.05,585.2,589.9,174202
equity,INE0LXT01019,2026-09-28,121.05,117.01,119.97,333312
equity,INE921L01032,2026-09-28,594.25,555,562.95,142642
equity,INE305A01023,2026-09-28,141.9,135.9,139.68,21011736
equity,INE177F01017,2026-09-28,6155,5993,6025,4394
equity,INE00GO01025,2026-09-28,139.75,135,135.36,1000238
equity,INE0RB801010,2026-09-28,1374.7,1340,1351.8,122013
equity,INE399C01030,2026-09-28,487,479.1,483.6,40072
equity,INE665J01013,2026-09-28,769.8,747.3,766.5,62516
equity,INE917M01012,2026-09-28,412.45,402.6,406.9,258357
equity,INE0UH301010,2026-09-28,536.8,519.05,525.85,406817
equity,INE026A01025,2026-09-28,156.85,152.85,153.04,683059
equity,INE232I01014,2026-09-28,211.67,201.62,202.85,1280826
equity,INE647O01011,2026-09-28,49.6,47.25,47.59,3614922
equity,INE386D01027,2026-09-28,1156.9,1095,1110.2,177554
equity,INE639B01023,2026-09-28,3500,3352.3,3405.6499,11448
equity,INE021O01019,2026-09-28,1044.5,990,1008.7,30753
equity,INE0J5801029,2026-09-28,510.9,497,501.9,268010
equity,INE786A01032,2026-09-28,510.45,491.25,494.8,119319
equity,INE091G01026,2026-09-28,65.49,63.1,63.51,376888
equity,INE027A01015,2026-09-28,110.8,106.7,109.95,2259905
equity,INE460C01014,2026-09-28,732,707.1,718.55,32272
equity,INE083A01026,2026-09-28,126.22,119.42,120.71,19123218
equity,INE128X01021,2026-09-28,484.9,471.85,482.75,188120
equity,INE04VU01023,2026-09-28,381.15,365.05,370.35,99818
equity,INE0AG901020,2026-09-28,387,374,378.55,153927
equity,INE947A01014,2026-09-28,451.7,412.35,449.2,4467850
equity,INE0NAZ01010,2026-09-28,529.3,509,511.65,43089
equity,INE544R01021,2026-09-28,224.31,215.17,217.51,87062
equity,INE074A01025,2026-09-28,315.65,310.4,311.95,307499
equity,INE0QJW01029,2026-09-28,599.95,567,570.2,312247
equity,INE078V01014,2026-09-28,161.25,160.06,160.08,1535887
equity,INE285J01028,2026-09-28,418.4,378.5,394.2,1838678
equity,INE256C01024,2026-09-28,251.75,236.4,242.4,601490
equity,INE546C01010,2026-09-28,611.2,598.7,600.5,74499
equity,INE542W01025,2026-09-28,368.25,342,357.35,9434453
equity,INE007N01010,2026-09-28,151.44,148.21,150.72,1146789
equity,INE549A01026,2026-09-28,21.26,20.5,20.55,10738113
equity,INE570A01022,2026-09-28,425.9,411.75,422.9,239259
equity,INE045J01034,2026-09-28,61.4,56.86,57.4,28793221
equity,INE0ISX01025,2026-09-28,631.65,609.9,617.35,265287
equity,INE126M01010,2026-09-28,30.54,28.6,28.9,15268932
equity,INE01JE01028,2026-09-28,434.9,406.25,428.2,2468681
equity,INE955V01021,2026-09-28,416.3,410,413.75,98851
equity,INE993A01026,2026-09-28,1030.9,943.7,953.35,1294722
equity,INE599M01018,2026-09-28,669.05,655.5,658.95,59714
equity,INE602W01027,2026-09-28,331.1,310.15,318.3,2646412
equity,INE485C01029,2026-09-28,204,195.5,196.29,1563045
equity,INE136S01016,2026-09-28,2436.2,2345.8999,2396.3,175449
equity,INE908D01010,2026-09-28,473.8,459,465.15,399430
equity,INE858B01029,2026-09-28,893.9,870.3,886.45,103371
equity,INE887G01027,2026-09-28,689.3,666.8,671.85,627253
equity,INE162B01018,2026-09-28,5752.5,5560,5676,9100
equity,INE247D01039,2026-09-28,51,45.58,48.69,9005124
equity,INE454P01035,2026-09-28,468.95,448,449.65,454996
equity,INE395N01027,2026-09-28,129.8,127.18,128.5,501981
equity,INE239C01020,2026-09-28,3388.7,3250,3281.3,51893
equity,INE227J01012,2026-09-28,286.8,272.8,275.8,74370
equity,INE191A01027,2026-09-28,1075.65,1015,1023.4,60169
equity,INE679A01013,2026-09-28,333.7,319.8,323.75,316838
equity,INE506W01020,2026-09-28,187.49,182.2,186.42,613298
equity,INE802C01033,2026-09-28,390,376,388.65,1382064
equity,INE09VQ01012,2026-09-28,1144.3,1098.8,1110,52275
equity,INE953L01027,2026-09-28,541.1,496.2,499.2,1442186
equity,INE010A01011,2026-09-28,118.2,114.94,115.15,245697
equity,INE910A01012,2026-09-28,614.9,605,608,2031
equity,INE258B01022,2026-09-28,345.55,337.4,343.6,136780
equity,INE879I01012,2026-09-28,99.49,95.08,96.28,397975
equity,INE320B01020,2026-09-28,4801.8999,4538.8999,4571.2002,62217
equity,INE0I7C01011,2026-09-28,244.9,240.6,241.6,174798
equity,INE353K01014,2026-09-28,677.95,660.05,662.5,60121
equity,INE694D01016,2026-09-28,7587,7350.5,7397.5,5916
equity,INE759A01021,2026-09-28,1586.7,1541.5,1555.9,46247
equity,INE737H01014,2026-09-28,1976.8,1920,1926,39451
equity,INE483S01020,2026-09-28,15.99,15.36,15.41,6856447
equity,INE12F801023,2026-09-28,348.35,337.9,344.9,930341
equity,INE323I01011,2026-09-28,212.65,209,209.99,73425
equity,INE0J1F01024,2026-09-28,893,866.2,883.95,253607
equity,INE279A01012,2026-09-28,1504.7,1420,1427.1,85584
equity,INE337A01034,2026-09-28,1752.5,1723.8,1730.6,30315
equity,INE13B501022,2026-09-28,430,417.65,422.4,87172
equity,INE419U01012,2026-09-28,310.65,306.25,307.15,375445
equity,INE942C01045,2026-09-28,415,392.7,397.55,211072
equity,INE348L01012,2026-09-28,283.45,276.3,279.1,218436
equity,INE0BV301023,2026-09-28,895,861,866.1,86698
equity,INE186A01019,2026-09-28,629.15,601.65,606.2,53476
equity,INE615P01015,2026-09-28,350,335.3,340.9,675128
equity,INE635Q01029,2026-09-28,1114.1,1088.1,1110.5,47443
equity,INE559A01017,2026-09-28,1249.7,1206.9,1214.2,29042
equity,INE025R01021,2026-09-28,372,350.2,365.9,2092323
equity,INE025R01021,2026-09-29,369.6,360.4,366.6,522715
equity,INE348A01023,2026-09-28,510.9,500.05,502.6,288640
equity,INE071N01016,2026-09-28,1068.9,1029.3,1038,28476
equity,INE332A01027,2026-09-28,104.35,101.56,102.18,313618
equity,INE752H01013,2026-09-28,1634,1604.9,1628.4,46655
equity,INE207E01023,2026-09-28,584,559.75,568.2,244145
equity,INE306A01021,2026-09-28,21.05,20.28,20.45,13924733
equity,INE366I01010,2026-09-28,288.5,285,287,128046
equity,INE025B01025,2026-09-28,324.05,310.9,312.6,612243
equity,INE086A01029,2026-09-28,73.71,70.1,72.35,19655083
equity,INE255X01014,2026-09-28,743.8,705.1,710.4,141919
equity,INE541A01023,2026-09-28,1510,1457.2,1480.1,191005
equity,INE490G01020,2026-09-28,245.1,238,242.05,515276
equity,INE350C01017,2026-09-28,828.9,754,809.95,3028580
equity,INE087H01022,2026-09-28,23.84,22.78,22.91,14572179
equity,INE035D01020,2026-09-28,713.1,690.05,699.3,185315
equity,INE111Q01021,2026-09-28,359.15,347.9,349.5,103408
equity,INE597I01028,2026-09-28,978,936,945.1,62487
equity,INE949H01023,2026-09-28,131.95,126.1,127.43,4320307
equity,INE0FHS01024,2026-09-28,784.1,761,768,157606
equity,INE0E7301029,2026-09-28,142.3,137.8,138.57,195762
equity,INE218I01013,2026-09-28,230.95,224.1,225.4,243953
equity,INE00WV01027,2026-09-28,223.7,218.05,221.77,324806
equity,INE616Z01012,2026-09-28,4250.1001,4080.2,4117.8999,27243
equity,INE841L01016,2026-09-28,678,642.6,655.5,112383
equity,INE782A01015,2026-09-28,1865.4,1788.1,1802.4,62663
equity,INE301A01014,2026-09-28,1236,1142,1179.95,4864233
equity,INE0B9K01025,2026-09-28,335,310.6,317.6,326451
equity,INE850M01015,2026-09-28,300,289.9,291.1,859984
equity,INE516A01017,2026-09-28,669,638,641.95,116083
equity,INE696F01016,2026-09-28,217.44,211.49,214.76,125660
equity,INE039C01032,2026-09-28,141,134.99,139.68,3679842
equity,INE291D01011,2026-09-28,4116.5,3950,4014.1001,41785
equity,INE417C01014,2026-09-28,4052,3950,3997.5,1441
equity,INE576O01020,2026-09-28,183.28,176.5,177.47,881484
equity,INE631A01022,2026-09-28,669.8,633.25,633.3,55362
equity,INE459A01010,2026-09-28,3478.8,3355,3383.7,2059
equity,INE415A01038,2026-09-28,836.6,792.35,804.8,141280
equity,INE270I01022,2026-09-28,695,683,691.95,42782
equity,INE263M01029,2026-09-28,364.45,351,359.9,43367
equity,INE519A01011,2026-09-28,6502.5,6257,6298,14930
equity,INE621L01012,2026-09-28,127.16,122.88,123.14,2140844
equity,INE127I01024,2026-09-28,531.45,515,522,283018
equity,INE725G01011,2026-09-28,4398.7998,4305,4310.3999,20932
equity,INE335A01020,2026-09-28,227.97,219.01,220.1,511823
equity,INE195J01029,2026-09-28,138.4,130.1,131.26,1951752
equity,INE0GXK01018,2026-09-28,327,303.5,310.8,253500
equity,INE236E01022,2026-09-28,382.85,357,359.05,491837
equity,INE645S01024,2026-09-28,198.45,190.51,193.45,3173757
equity,INE1KZI01025,2026-09-28,538,521.15,530.5,766882
equity,INE024F01011,2026-09-28,4088.3999,4025,4061.3,9111
equity,INE287B01021,2026-09-28,720,694.8,700.3,37760
equity,INE877F01012,2026-09-28,155.79,154.2,154.88,1099040
equity,INE501X01029,2026-09-28,168.7,160.41,162.49,747879
equity,INE497B01018,2026-09-28,1719,1673,1684.3,29302
equity,INE435G01025,2026-09-28,968.9,951,954.4,29923
equity,INE224A01026,2026-09-28,237.79,229.4,230.4,2537265
equity,INE943D01017,2026-09-28,2688.6001,2616.5,2631.7,8672
equity,INE618R01015,2026-09-28,609.7,585.25,589.75,167602
equity,INE365B01017,2026-09-28,825,781,784.2,116301
equity,INE105J01010,2026-09-28,3087.8999,2930.7,2955.1001,46167
equity,INE742B01025,2026-09-28,425.05,413.6,420.4,58238
equity,INE054A01027,2026-09-28,301,295.15,296.25,114218
equity,INE979B01015,2026-09-28,8148,7940.5,8082.5,31652
equity,INE805D01034,2026-09-28,282.15,275.1,276.75,163885
equity,INE870H01013,2026-09-28,26.79,25.86,25.98,2723516
equity,INE878A01011,2026-09-28,674.95,647.95,651.4,113522
equity,INE00M201021,2026-09-28,175.91,169.5,170.74,902418
equity,INE01QM01018,2026-09-28,666.6,638.05,649.25,447539
equity,INE0OJW01016,2026-09-28,1410.8,1342.2,1398.8,151249
equity,INE349A01021,2026-09-28,559.9,524.2,541.5,1413609
equity,INE765D01022,2026-09-28,432,420,422.35,37076
equity,INE277A01016,2026-09-28,3596.7,3506,3552.5,12522
equity,INE976A01021,2026-09-28,744.2,712.8,722.35,120599
equity,INE0OXY01013,2026-09-28,1484,1443,1454.65,57720
equity,INE0OC301013,2026-09-28,90.2,81.11,83.29,6374645
equity,INE715A01015,2026-09-28,2394,2264.7,2323.8,342438
equity,INE498B01024,2026-09-28,428.9,413.05,421.8,124030
equity,INE945F01025,2026-09-28,213.92,204.2,205.1,1084118
equity,INE835D01023,2026-09-28,1227.9,1172.9,1179.4,32306
equity,INE998I01010,2026-09-28,200.7,194,195.92,201611
equity,INE896L01010,2026-09-28,222.06,208.65,210.85,47908
equity,INE17IR01028,2026-09-28,273.95,261.5,262.4,474329
equity,INE935B01025,2026-09-28,204.08,199.26,200.21,922437
equity,INE0JUS01029,2026-09-28,474.9,463.1,465.55,196133
equity,INE688D01026,2026-09-28,165,157.51,161.6,712573
equity,INE06ST01018,2026-09-28,201.28,193.39,199.44,33774
equity,INE005B01027,2026-09-28,155.94,150.68,151.37,866613
equity,INE907A01026,2026-09-28,980,940.55,952.35,126983
equity,INE450D01021,2026-09-28,1171.4,1130,1136.8,71436
equity,INE613A01020,2026-09-28,200.5,198.14,199.42,469010
equity,INE515A01019,2026-09-28,8012,7800,7824.5,3628
equity,INE02ID01020,2026-09-28,689.15,665.15,672,219826
equity,INE234A01025,2026-09-28,2035,1922,1935,38334
equity,INE111B01023,2026-09-28,857.9,811.65,818.6,162896
equity,INE766P01016,2026-09-28,433.9,416.65,421.8,461716
equity,INE539A01019,2026-09-28,418.7,410,410.6,101368
equity,INE758C01029,2026-09-28,588.75,567,572.4,27918
equity,INE421C01016,2026-09-28,4634.5,4460,4490.5,4956
equity,INE225D01027,2026-09-28,623.3,578.05,585.95,181193
equity,INE399K01017,2026-09-28,7.04,6.85,6.86,13063775
equity,INE244O01017,2026-09-28,851.45,832.5,837.1,98322
equity,INE731F01037,2026-09-28,55.63,53.05,53.81,347359
equity,INE767A01016,2026-09-28,442.2,425.15,429.65,442110
equity,INE0GK401011,2026-09-28,1880,1736.4,1760.2,210374
equity,INE358U01012,2026-09-28,1336,1305,1322.2,45004
equity,INE250A01039,2026-09-28,3599.1001,3500.1001,3520.5,3239
equity,INE094I01018,2026-09-28,431.35,423.1,425.6,20225
equity,INE295D01020,2026-09-28,140,136,136.53,375804
equity,INE0ILV01024,2026-09-28,604.75,572.9,576.35,156151
equity,INE325D01025,2026-09-28,23.87,23.05,23.24,235226
equity,INE925R01014,2026-09-28,233.81,226.1,228.01,450422
equity,INE332H01014,2026-09-28,3200,3089.8999,3133.7,12503
equity,INE270A01029,2026-09-28,7.45,7.18,7.22,12166103
equity,INE056I01025,2026-09-28,287.9,274.1,275.8,197660
equity,INE351A01035,2026-09-28,558,526.6,536.4,117693
equity,INE349Y01013,2026-09-28,735,713.5,716.4,115147
equity,INE758D01027,2026-09-28,5.6,5.31,5.57,31067
equity,INE052V01019,2026-09-28,1142.4,1105,1112.9,30744
equity,INE0JPD01013,2026-09-28,530.35,515,517.55,74280
equity,INE834M01019,2026-09-28,26.95,26.1,26.2,934636
equity,INE0XAD01024,2026-09-28,959.9,892.3,899.9,42567
equity,INE455I01029,2026-09-28,806.6,754.8,769.5,1034484
equity,INE142Z01019,2026-09-28,162.26,158.98,160,166211
equity,INE193E01025,2026-09-28,324.35,313,314.65,96887
equity,INE132H01018,2026-09-28,670.55,638.55,642.5,128162
equity,INE461C01038,2026-09-28,287.65,278,279.75,252334
equity,INE989A01032,2026-09-28,460.05,442.45,444.3,182956
equity,INE12NJ01018,2026-09-28,162.15,153,154,3011715
equity,INE753U01022,2026-09-28,1242,1123,1218.6,376368
equity,INE278H01035,2026-09-28,585.7,568.3,576.55,117486
equity,INE0EK901012,2026-09-28,130.32,126,126.53,214141
equity,INE633B01018,2026-09-28,1090,1055,1063.1,30720
equity,INE822C01015,2026-09-28,4106.7998,3965,3987.8,6403
equity,INE01EO01010,2026-09-28,3665.8999,3373,3578.7,7291
equity,INE932X01026,2026-09-28,209.99,203.78,206.1,894901
equity,INE576I01022,2026-09-28,475.75,460,461.25,42047
equity,INE567L01025,2026-09-28,94.35,88.52,89.35,605316
equity,INE884A01027,2026-09-28,205.81,198.35,199.72,311518
equity,INE0MWH01014,2026-09-28,465,440.55,458.15,648345
equity,INE063E01061,2026-09-28,470,450,452.65,274088
equity,INE415I01015,2026-09-28,558,532.65,541.95,589119
equity,INE578A01017,2026-09-28,135.75,131.1,131.45,198118
equity,INE764D01017,2026-09-28,4473.3999,4272,4307.2998,14681
equity,INE0S3G01027,2026-09-28,167,161,161.81,548301
equity,INE365D01021,2026-09-28,391.45,378.7,388.8,31231
equity,INE0AJG01018,2026-09-28,120.49,115.55,115.95,370669
equity,INE391J01032,2026-09-28,93.85,86.37,87.87,5922644
equity,INE189B01011,2026-09-28,2074.7,2031.6,2036.4,22249
equity,INE229H01012,2026-09-28,616,592.65,596.45,35619
equity,INE0FFK01017,2026-09-28,1813,1625.1,1635,110142
equity,INE050H01012,2026-09-28,1359.9,1302.6,1325.9,46931
equity,INE294Z01018,2026-09-28,1689.5,1626,1632,21183
equity,INE863B01029,2026-09-28,680.35,671.55,677.05,383780
equity,INE495A01022,2026-09-28,448,412.1,414.8,523693
equity,INE978A01027,2026-09-28,409.35,397.05,402.05,233359
equity,INE710A01016,2026-09-28,206.09,203.1,204,90130
equity,INE150G01020,2026-09-28,1171.9,1120.1,1124.6,25674
equity,INE1SY401010,2026-09-28,712.5,668.2,672.95,1674907
equity,INE050M01012,2026-09-28,418,403.8,407.75,108982
equity,INE634I01029,2026-09-28,120.09,117.1,117.39,629526
equity,INE046W01019,2026-09-28,182.98,178.5,178.84,130103
equity,INE0LLY01014,2026-09-28,200.61,191.98,193,431126
equity,INE950I01011,2026-09-28,182.61,178.01,178.55,41285
equity,INE185Q01025,2026-09-28,107.98,103.56,104.79,4543583
equity,INE812G01025,2026-09-28,476,460,462.15,387779
equity,INE488V01015,2026-09-28,806.65,775,779.1,74336
equity,INE976R01033,2026-09-28,276,257,271.6,3175307
equity,INE870D01012,2026-09-28,66.34,65.16,65.76,540217
equity,INE816B01035,2026-09-28,111.98,107.47,110.75,5372095
equity,INE414D01027,2026-09-28,244,240.1,241.1,63546
equity,INE08U801020,2026-09-28,155.98,149.7,150.16,1467903
equity,INE552U01010,2026-09-28,3730,3556.8,3576.8999,29057
equity,INE066O01014,2026-09-28,511.75,504,505.55,48343
equity,INE0JA001018,2026-09-28,2249,2090,2132.6001,261075
equity,INE03CC01015,2026-09-28,2248.7,2099.3999,2117.3,6532
equity,INE0RUV01018,2026-09-28,1890.25,1795.5,1801.6,90200
equity,INE818A01017,2026-09-28,1260,1120.85,1159.45,1450659
equity,INE643A01035,2026-09-28,118.93,115.55,116.21,52991
equity,INE124E01038,2026-09-28,380.05,365.35,370.75,197288
equity,INE0L9R01028,2026-09-28,261,251.8,254.8,95815
equity,INE0I0M01023,2026-09-28,231,218.97,223.39,56039
equity,INE116A01032,2026-09-28,599.4,583.55,586,68000
equity,INE11XY01018,2026-09-28,529.4,513.15,524.8,424733
equity,INE139R01012,2026-09-28,177.74,171.09,171.93,260948
equity,INE837H01020,2026-09-28,291.2,282,283.15,177014
equity,INE549H01021,2026-09-28,509,488.45,500.6,258877
equity,INE482D01024,2026-09-28,1064.1,1034,1038.3,74140
equity,INE442H01029,2026-09-28,112.78,109.8,110.17,537264
equity,INE707A01012,2026-09-28,2722,2565.2,2598.3999,45643
equity,INE855C01023,2026-09-28,73.15,71.51,71.75,1185390
equity,INE440T01028,2026-09-28,195.5,187.5,190.06,129601
equity,INE266Y01019,2026-09-28,1404,1369.1,1388.2,13375
equity,INE899L01030,2026-09-28,191.99,183,190.14,21311
equity,INE0L1C01019,2026-09-28,1230,1188,1195,17800
equity,INE760L01018,2026-09-28,653,622.85,630.75,675540
equity,INE681B01017,2026-09-28,366.8,358.6,360,211930
equity,INE206N01018,2026-09-28,150.51,145.65,148.07,84194
equity,INE266D01021,2026-09-28,88.75,83,83.96,947799
equity,INE040D01038,2026-09-28,729.5,710,717.05,69158
equity,INE162A01010,2026-09-28,188.79,181.1,182.22,388632
equity,INE0BYP01024,2026-09-28,273.6,267.85,268.55,256608
equity,INE683C01011,2026-09-28,960.9,935.7,939,53140
equity,INE922A01025,2026-09-28,127.9,124,125.38,793822
equity,INE401H01017,2026-09-28,467.25,453.5,462.15,24616
equity,INE450U01017,2026-09-28,464.4,452,453.45,137363
equity,INE310A01015,2026-09-28,1944.4,1885,1918,31179
equity,INE0Q8P01029,2026-09-28,278.35,272.05,273.1,79000
equity,INE24OJ01011,2026-09-28,1281.3,1250,1256.7,69122
equity,INE052A01021,2026-09-28,303,294.65,300.25,53475
equity,INE926X01010,2026-09-28,454.9,442,444.55,135545
equity,INE883N01014,2026-09-28,276.55,260.05,274.95,2359330
equity,INE172N01012,2026-09-28,52.32,51.1,51.29,350818
equity,INE689W01016,2026-09-28,263.95,255.45,257.75,104953
equity,INE342G01023,2026-09-28,212.2,204.65,205.39,107682
equity,INE445C01015,2026-09-28,1206.7,1134.1,1142.2,40786
equity,INE02PY01013,2026-09-28,283.76,269,280.8,1497356
equity,INE915B01019,2026-09-28,419.4,399.6,408.1,598696
equity,INE314H01012,2026-09-28,4244.5,3916,3966,361
equity,INE624Z01016,2026-09-28,750,723.75,736.3,265881
equity,INE202H01019,2026-09-28,1747,1655,1713.8,165356
equity,INE01FR01028,2026-09-28,394.55,383.75,394.5,4429305
equity,INE506A01018,2026-09-28,985,934.2,941.4,120105
equity,INE164A01016,2026-09-28,164.79,162.3,162.48,52440
equity,INE227C01017,2026-09-28,618.7,595.75,604.5,70817
equity,INE411H01032,2026-09-28,282.74,245.45,275.21,61311130
equity,INE0V7W01012,2026-09-28,535.05,522.3,523.7,62260
equity,INE039O01029,2026-09-28,596.75,583.35,588.75,241237
equity,INE347A01017,2026-09-28,1025.3,995.8,1000.5,31479
equity,INE305C01029,2026-09-28,483.4,463.3,467.35,97078
equity,INE903D01011,2026-09-28,365.45,348,350.1,66457
equity,INE579B01039,2026-09-28,174,171.4,172.52,9798
equity,INE182D01020,2026-09-28,409.9,391.85,392.8,75974
equity,INE034S01021,2026-09-28,629.6,600,615.75,188147
equity,INE197D01010,2026-09-28,704,675,679.65,10293
equity,INE023A01030,2026-09-28,5510,5381,5398.5,6793
equity,INE045A01017,2026-09-28,1656.9,1580,1611.7,34159
equity,INE885H01029,2026-09-28,213.62,205.7,207.42,171667
equity,INE982B01027,2026-09-28,270,265.3,266.6,33736
equity,INE495C01010,2026-09-28,634,609.05,629.3,89480
equity,INE0NLT01010,2026-09-28,327.7,319.85,320.65,163636
equity,INE060A01024,2026-09-28,125.48,120.55,121.73,91090
equity,INE713R01022,2026-09-28,503.25,475.15,483.1,265019
equity,INE163A01018,2026-09-28,188.05,174,175.17,1513112
equity,INE615I01010,2026-09-28,833.3,815.05,819.15,39778
equity,INE0Q3R01026,2026-09-28,1253.8,1228,1229.9,14053
equity,INE00M901018,2026-09-28,1759.5,1695.6,1706.2,84336
equity,INE426A01027,2026-09-28,108.46,105.15,106.91,828763
equity,INE886D01026,2026-09-28,179.74,175,175.24,113635
equity,INE0N2P01017,2026-09-28,733.25,701.1,713.5,110949
equity,INE231F01020,2026-09-28,1711.1,1650.2,1658.2,17178
equity,INE579C01029,2026-09-28,603.5,582.1,585.35,79991
equity,INE0HR601026,2026-09-28,258.6,251,252.6,68604
equity,INE614A01028,2026-09-28,319,306.45,310.9,80799
equity,INE0S4R01014,2026-09-28,184,176.23,177.14,97897
equity,INE529A01010,2026-09-28,481.2,454.8,458.65,165148
equity,INE393P01035,2026-09-28,1077,1038.1,1066.2,19609
equity,INE00IN01015,2026-09-28,824.9,795,797.15,74356
equity,INE425Y01011,2026-09-28,858.95,833,842.05,50604
equity,INE475B01022,2026-09-28,219.86,207.64,208.8,611079
equity,INE552D01024,2026-09-28,88.8,84.36,85.65,2014979
equity,INE382M01027,2026-09-28,709.8,671.2,677.85,57172
equity,INE385W01011,2026-09-28,168.19,163.66,164.27,80010
equity,INE079J01017,2026-09-28,52.5,51.8,51.88,668223
equity,INE317W01030,2026-09-28,128.55,128.55,128.55,192
equity,INE08KJ01020,2026-09-28,133.2,129.4,130.16,478600
equity,INE00GK01023,2026-09-28,1086.4,1053,1058.7,43250
equity,INE244B01030,2026-09-28,27.54,26.82,26.9,1329633
equity,INE920A01037,2026-09-28,681.9,633.5,648,25918
equity,INE198501012,2026-09-28,214.6,204.05,206.4,99249
equity,INE212I01016,2026-09-28,971.1,944.1,948.5,13590
equity,INE488A01050,2026-09-28,201.04,194.22,195.88,342125
equity,INE703H01016,2026-09-28,171.95,167.55,167.87,737104
equity,INE845D01014,2026-09-28,1036,1011,1019.2,44994
equity,INE126J01016,2026-09-28,526.85,503.5,521.2,321445
equity,INE876N01018,2026-09-28,122.84,119.11,119.43,462604
equity,INE520G01024,2026-09-28,603.2,603.2,603.2,1564
equity,INE092B01025,2026-09-28,1327,1279.5,1290.6,41621
equity,INE717W01049,2026-09-28,264.85,257.3,262.05,448095
equity,INE1AG301022,2026-09-28,123.9,121,121.87,218807
equity,INE735W01017,2026-09-28,13.99,13.5,13.59,3298049
equity,INE464A01036,2026-09-28,2165.7,2105.1001,2112.2,14765
equity,INE725E01024,2026-09-28,3753.1001,3650,3667.6001,4393
equity,INE484C01030,2026-09-28,1390,1355.6,1364.1,10896
equity,INE602G01020,2026-09-28,118.58,115,116.13,316717
equity,INE00Y201027,2026-09-28,237.99,234,235.06,53565
equity,INE488B01017,2026-09-28,9916,9517,9633,2106
equity,INE449A01011,2026-09-28,1732.9,1680,1689.2,3695
equity,INE02A801020,2026-09-28,445.25,435.95,440.4,33650
equity,INE456Z01021,2026-09-28,318.6,307,307.75,231266
equity,INE934C01018,2026-09-28,5224,5138,5186.5,1182
equity,INE637C01025,2026-09-28,734.45,714.1,718.15,38600
equity,INE451D01029,2026-09-28,472.5,458,460.95,49986
equity,INE187D01029,2026-09-28,463.8,426.6,437.85,490697
equity,INE276G01015,2026-09-28,495.9,472,474.15,295542
equity,INE076B01028,2026-09-28,540,528.05,533.35,16765
equity,INE750A01020,2026-09-28,142.11,137.5,138.03,670774
equity,INE209A01019,2026-09-28,764.4,739.75,740.2,20187
equity,INE771F01041,2026-09-28,35.18,33.03,34.08,782768
equity,INE792Z01011,2026-09-28,410.8,405.1,406.6,73509
equity,INE800H01010,2026-09-28,116.04,108.01,110.27,1131311
equity,INE0OAF01028,2026-09-28,423,402,420,127377
equity,INE777F01014,2026-09-28,162.88,155.05,156.07,630042
equity,INE498Q01014,2026-09-28,184.98,179.38,179.97,872679
equity,INE351Y01019,2026-09-28,2100,2020,2040.3,12981
equity,INE343B01030,2026-09-28,67.43,65,65.15,157554
equity,INE0OUT01019,2026-09-28,338.8,299.6,309.85,542625
equity,INE345A01011,2026-09-28,177.59,171.02,172.98,487798
equity,INE751B01018,2026-09-28,1748.7,1711.6,1724.8,7437
equity,INE836B01017,2026-09-28,239.39,229.01,234.4,331802
equity,INE07K301024,2026-09-28,178.48,175.16,175.55,653784
equity,INE858F01012,2026-09-28,88,84.12,84.61,247437
equity,INE873D01024,2026-09-28,255.52,245.25,249.06,113273
equity,INE757A01017,2026-09-28,852.45,833.7,842.75,56362
equity,INE874I01013,2026-09-28,311.6,303,306.25,23372
equity,INE0RYC01010,2026-09-28,228.95,219.3,221.54,121061
equity,INE988S01028,2026-09-28,106.3,102,103.57,449144
equity,INE415B01044,2026-09-28,123.7,119.14,120.13,2374897
equity,INE934S01014,2026-09-28,622.95,581.35,594.7,539198
equity,INE600Y01019,2026-09-28,451.45,432.1,435.15,348830
equity,INE0H5O01029,2026-09-28,1138.95,1085.45,1102.55,116391
equity,INE0ALI01010,2026-09-28,1927.9,1851.5,1867.4,48498
equity,INE384A01010,2026-09-28,1607.7,1534.5,1584.4,18617
equity,INE155D01018,2026-09-28,2096.3501,1950.1,2049.95,11929
equity,INE893J01029,2026-09-28,671.3,645.15,649.4,41940
equity,INE0MB501011,2026-09-28,637.15,609.05,620.8,337771
equity,INE032A01023,2026-09-28,109.7,107,107.39,244074
equity,INE398A01010,2026-09-28,1685.4,1625,1632.8,35873
equity,INE0IQ001011,2026-09-28,244.02,230,238.02,433989
equity,INE922B01023,2026-09-28,374.6,364.3,366.45,47469
equity,INE036A01016,2026-09-28,44.3,44.3,44.3,34209
equity,INE0MLS01022,2026-09-28,248.49,240.45,241.74,431352
equity,INE0QRL01017,2026-09-28,127.49,122.5,123.22,104238
equity,INE298G01035,2026-09-28,120.9,118,119.62,289904
equity,INE461D01028,2026-09-28,437.5,419.05,419.35,171932
equity,INE128A01029,2026-09-28,330,318,321.75,37243
equity,INE007B01023,2026-09-28,80.81,78.12,78.3,217175
equity,INE121N01019,2026-09-28,2185,2141.6001,2146.5,4516
equity,INE246B01019,2026-09-28,582.45,560,563.8,33612
equity,INE0H9F01037,2026-09-28,518,492.1,509.95,95528
equity,INE17QZ01016,2026-09-28,182.94,175.22,176.65,329646
equity,INE932A01024,2026-09-28,190,181.5,182.17,1179459
equity,INE355A01028,2026-09-28,627.3,610,620.05,132882
equity,INE551C01044,2026-09-28,60.49,56,59.43,15642105
equity,INE18UN01038,2026-09-28,144.8,139.5,140.93,364817
equity,INE029L01018,2026-09-28,4975,4852,4869.5,766
equity,INE411B01019,2026-09-28,1732.9,1621,1629.2,40916
equity,INE0P9J01013,2026-09-28,2438,2374,2386.05,50000
equity,INE622Q01027,2026-09-28,310.9,300,301.6,34135
equity,INE732S01012,2026-09-28,1146,1075,1089.65,99939
equity,INE879K01018,2026-09-28,177.79,152.3,165.33,1370878
equity,INE603A01013,2026-09-28,119.89,114.2,115.68,596566
equity,INE03NU01014,2026-09-28,56.59,55.25,55.52,60713
equity,INE612J01015,2026-09-28,348.8,340,346.75,82568
equity,INE338F01015,2026-09-28,524.9,506.8,514.4,176312
equity,INE0N0J01014,2026-09-28,2278,2210.05,2235.8,4200
equity,INE0Q7P01013,2026-09-28,1543,1453,1490,4000
equity,INE175A01038,2026-09-28,29.5,28.6,28.88,4222061
equity,INE392H01026,2026-09-28,285.05,270.8,271,2900
equity,INE07O001026,2026-09-28,6.1,5.93,5.97,14312003
equity,INE04AK01028,2026-09-28,56.9,53.06,53.54,22177245
equity,INE05CZ01011,2026-09-28,340.45,329,330.95,5822738
equity,INE0R4701017,2026-09-28,880,850,872,35400
equity,INE109C01017,2026-09-28,1835.9,1666.2,1700.1,232152
equity,INE903A01025,2026-09-28,211.49,201.78,203.81,696840
equity,INE927X01018,2026-09-28,107200,103100,103500,7
equity,INE927X01018,2026-09-29,103500,101500,102665,6
equity,INE074B01023,2026-09-28,59.8,55.73,56.35,1945984
equity,INE059B01024,2026-09-28,250.25,239,241.1,73641
equity,INE818W01011,2026-09-28,45,42.5,43,2453024
equity,INE625X01026,2026-09-28,156.65,145.24,145.8,388655
equity,INE0OV601013,2026-09-28,353.15,340,342.55,167167
equity,INE0KQN01018,2026-09-28,172,168.97,169.47,75012
equity,INE586V01016,2026-09-28,499.45,482.3,486,15696
equity,INE077F01035,2026-09-28,389,375.65,379,101333
equity,INE438E01032,2026-09-28,1050.65,1011,1021.35,16383
equity,INE559R01029,2026-09-28,490.95,475,475.9,68767
equity,INE00HZ01011,2026-09-28,210,205.92,208,130
equity,INE451L01014,2026-09-28,1240,1191.1,1224.6,1425
equity,INE194R01017,2026-09-28,1399,1342,1387,44054
equity,INE075D01018,2026-09-28,983.95,963,966.6,61090
equity,INE1B3L01017,2026-09-28,227,215.05,218.04,962367
equity,INE985S01024,2026-09-28,1184,1135.4,1140.2,16754
equity,INE805C01028,2026-09-28,161.5,156.21,157.28,87597
equity,INE500L01026,2026-09-28,143.32,136.42,137.78,147035
equity,INE586B01026,2026-09-28,325.05,314.6,315.25,55042
equity,INE809Q01020,2026-09-28,278.95,265,272.35,4900
equity,INE045B01015,2026-09-28,976.65,905.6,916.45,302700
equity,INE0U4101014,2026-09-28,151.9,138.43,149.44,690632
equity,INE149O01018,2026-09-28,1266.1,1225,1237.4,39680
equity,INE219W01012,2026-09-28,450.4,428,432.85,38486
equity,INE634A01018,2026-09-28,1924,1858.3,1862.8,4157
equity,INE667G01023,2026-09-28,144,141,141.81,166026
equity,INE782E01017,2026-09-28,2174.8,2136,2147.3,1514
equity,INE243D01012,2026-09-28,529.6,511.1,515.9,52699
equity,INE323C01030,2026-09-28,359.85,348.6,350.35,22558
equity,INE002E01010,2026-09-28,8425.2998,8000,8151.8501,290
equity,INE068L01024,2026-09-28,237.51,230,230.67,118654
equity,INE08NE01025,2026-09-28,110,106.12,106.9,176706
equity,INE0KKN01029,2026-09-28,15.92,14.42,15.91,66655760
equity,INE900B01029,2026-09-28,888.7,840,863.15,601526
equity,INE004A01022,2026-09-28,719,675,691.5,2689437
equity,INE05TO01019,2026-09-28,212.07,200,201.09,462373
equity,INE806C01018,2026-09-28,257,247,252.32,54792
equity,INE752G01015,2026-09-28,33.78,32.5,32.99,986058
equity,INE229C01021,2026-09-28,152.92,148.01,149.64,38616
equity,INE0OWZ01020,2026-09-28,817.6,782,786.35,639847
equity,INE0LGX01024,2026-09-28,91.99,88.55,89.08,276587
equity,INE052I01032,2026-09-28,97.96,95.1,95.4,435867
equity,INE06ZD01017,2026-09-28,316.19,302.41,308.77,7374839
equity,INE0OLS01010,2026-09-28,1515,1463.2,1493,3900
equity,INE338D01028,2026-09-28,207.7,196,201.93,1094096
equity,INE495S01016,2026-09-28,279.55,269.25,270.95,118113
equity,INE838B01021,2026-09-28,1102.2,1027.8,1046.2,26011
equity,INE304A01026,2026-09-28,173.95,167.47,171.03,1597471
equity,INE08ZM01014,2026-09-28,163.81,158.65,159.21,118084
equity,INE777X01017,2026-09-28,1307.9,1295.75,1302.65,69750
equity,INE111F01024,2026-09-28,662.3,639.85,655.75,34169
equity,INE312C01025,2026-09-28,23.42,20.17,22.2,82454897
equity,INE059D01020,2026-09-28,161.71,155,155.88,227868
equity,INE0NJ001013,2026-09-28,1134.65,1071.1,1081.8,35537
equity,INE275B01026,2026-09-28,241.7,233.15,234.2,93608
equity,INE742C01031,2026-09-28,643.95,579.3,624.15,7024748
equity,INE096B01018,2026-09-28,679.7,658.8,661.5,14417
equity,INE572J01011,2026-09-28,229.01,221.1,228.35,192055
equity,INE14UN01029,2026-09-28,94.95,90.4,91.07,2421362
equity,INE1EEM01017,2026-09-28,456.25,440,445.1,262965
equity,INE155Z01011,2026-09-28,2226,2116,2194.6001,148082
equity,INE156A01020,2026-09-28,102.9,97.8,100.8,1050318
equity,INE926B01016,2026-09-28,36,33.07,34.1,1484
equity,INE0I0T01010,2026-09-28,520.95,494,497.5,40513
equity,INE338A01024,2026-09-28,160.94,154.06,155.04,387702
equity,INE0OWC01011,2026-09-28,723.95,713,714.85,27250
equity,INE0KL801015,2026-09-28,161.75,158.62,159.24,209370
equity,INE108V01019,2026-09-28,259.75,249.65,250.2,394018
equity,INE418H01029,2026-09-28,10.99,10.51,10.82,8087046
equity,INE982F01036,2026-09-28,9.94,9.24,9.37,6072196
equity,INE1B3501014,2026-09-28,1078,1060,1078,15500
equity,INE1SRC01010,2026-09-28,1222,1180.05,1208,42400
equity,INE704B01017,2026-09-28,1696,1601.2,1613.1,29357
equity,INE170I01016,2026-09-28,380,369.95,372.35,8424
equity,INE0PB301013,2026-09-28,37.46,36.61,36.9,247980
equity,INE015C01016,2026-09-28,975.7,940.4,947.4,31390
equity,INE264T01014,2026-09-28,191.13,184,184.41,251940
equity,INE193B01039,2026-09-28,297.5,285.95,291.15,52091
equity,INE985W01018,2026-09-28,1101.3,1063,1072.7,14391
equity,INE0G5901015,2026-09-28,184.25,177.41,178.23,345012
equity,INE08LI01020,2026-09-28,551.75,531.7,534.05,66624
equity,INE276C01014,2026-09-28,294.8,287.45,290,12242
equity,INE192H01020,2026-09-28,82.7,79.3,80.01,1069423
equity,INE598D01035,2026-09-28,72.28,68.61,69.55,1207760
equity,INE425B01027,2026-09-28,9.54,9.31,9.37,4016929
equity,INE071D01033,2026-09-28,315.05,288.4,290.85,104870
equity,INE631E01024,2026-09-28,32.52,32.52,32.52,26459
equity,INE070I01018,2026-09-28,603.7,594,598.35,6315
equity,INE782X01033,2026-09-28,72.99,69.51,72.34,650379
equity,INE887E01022,2026-09-28,2906.1001,2709.2,2730,10634
equity,INE737E01011,2026-09-28,99.05,93.3,94,8162
equity,INE150C01029,2026-09-28,399.95,378.8,386.4,21008
equity,INE144Z01023,2026-09-28,345,325.05,338,169662
equity,INE0PX301025,2026-09-28,127.5,118,119.21,2746192
equity,INE0JR601024,2026-09-28,104.99,101.05,101.67,710535
equity,INE542Z01028,2026-09-28,549,535.7,537.8,221302
equity,INE184O01015,2026-09-28,447.6,420.55,444.15,170596
equity,INE661I01014,2026-09-28,268.6,252,268.28,160253
equity,INE362A01016,2026-09-28,59.99,58.85,58.85,1150587
equity,INE878K01010,2026-09-28,444.9,433.3,435.2,12952
equity,INE209B01025,2026-09-28,132.23,127.1,127.36,579322
equity,INE0BJS01011,2026-09-28,316.5,303,304.8,53196
equity,INE716F01012,2026-09-28,629.3,600.35,609,4289
equity,INE0XNF01022,2026-09-28,52.5,50.49,51.99,3464641
equity,INE959C01023,2026-09-28,558,521.8,553.15,99966
equity,INE204A01010,2026-09-28,609.9,579.05,581.55,48549
equity,INE070D01027,2026-09-28,94.89,91.8,92.18,214066
equity,INE560A01023,2026-09-28,326,295,297.5,1152620
equity,INE131C01011,2026-09-28,12119,11679,11972,123
equity,INE131C01011,2026-09-29,12150,11720,11804,281
equity,INE632C01026,2026-09-28,358.35,340,354,15153
equity,INE877V01027,2026-09-28,349.8,335,347.05,65448
equity,INE560K01014,2026-09-28,29.6,26.2,27.12,39757233
equity,INE898S01029,2026-09-28,221.22,215,218.95,63133
equity,INE039D01014,2026-09-28,203.95,184.6,195,24939
equity,INE07OG01012,2026-09-28,754.6,712,721.6,37639
equity,INE533A01012,2026-09-28,713.8,701,704.05,4060
equity,INE103C01036,2026-09-28,100.98,84.86,97.23,26689199
equity,INE0CT101020,2026-09-28,59.34,56.73,56.96,622304
equity,INE793A01012,2026-09-28,1121.9,1088.1,1099.9,12881
equity,INE127T01021,2026-09-28,229.4,219.14,220.54,360797
equity,INE153A01019,2026-09-28,24.6,22.67,22.94,2012382
equity,INE0LRY01011,2026-09-28,564.9,527.6,531.5,1323802
equity,INE00Q601028,2026-09-28,413.2,396,398,50079
equity,INE0JVO01026,2026-09-28,180.23,176.13,178.81,360896
equity,INE803D01021,2026-09-28,508.7,435,477.55,8225875
equity,INE597J01018,2026-09-28,146.99,142.15,143.25,66372
equity,INE0LOJ01019,2026-09-28,208.57,199,199.62,113100
equity,INE363A01022,2026-09-28,396.05,362,372,10253
equity,INE1RDG01013,2026-09-28,531,502.45,506.05,116712
equity,INE274C01019,2026-09-28,8650,8450,8459,5304
equity,INE0FRK01020,2026-09-28,18.36,17.31,18.04,45802394
equity,INE349W01017,2026-09-28,833.05,800,808.4,276330
equity,INE428Q01011,2026-09-28,149.12,144.12,144.99,140150
equity,INE200D01020,2026-09-28,15.78,14.34,14.56,73110
equity,INE525F01025,2026-09-28,66.88,65.4,65.56,83265
equity,INE893C01032,2026-09-28,151.9,149.05,149.05,32736
equity,INE065D01027,2026-09-28,125.64,120.79,121.66,258602
equity,INE618L01018,2026-09-28,310.4,303.55,305.15,14996
equity,INE722H01024,2026-09-28,166.9,161.7,163.23,337478
equity,INE250K01012,2026-09-28,422.9,416.6,418.45,29726
equity,INE851I01011,2026-09-28,208.52,203.1,207.84,107421
equity,INE048B01035,2026-09-28,246.53,237.11,241.02,452117
equity,INE0D6701023,2026-09-28,133.9,131,131.56,119058
equity,INE344S01016,2026-09-28,145.96,143,144.42,125448
equity,INE01R501028,2026-09-28,59.07,57.01,57.26,941790
equity,INE519C01017,2026-09-28,1409,1330.1,1337.4,9444
equity,INE898Q01015,2026-09-28,708.75,683.05,686.65,81192
equity,INE910C01018,2026-09-28,1038.9,1004.2,1013.6,16905
equity,INE613C01026,2026-09-28,24.92,23.7,23.95,641144
equity,INE08N601015,2026-09-28,259.75,251,251.85,65234
equity,INE727B01026,2026-09-28,288.71,272.68,282.13,514678
equity,INE106T01025,2026-09-28,74.2,73.1,73.34,413027
equity,INE480C01038,2026-09-28,83.8,78.11,80.62,19487717
equity,INE712K01011,2026-09-28,510.1,492.05,496.85,33403
equity,INE207H01018,2026-09-28,119.4,96.72,98.46,1631909
equity,INE05AN01011,2026-09-28,175.19,169.5,170.34,108436
equity,INE937A01023,2026-09-28,165.44,160.23,161.42,114032
equity,INE737D01021,2026-09-28,456.4,426.1,429.7,92931
equity,INE572D01014,2026-09-28,1544,1366.7,1447,131630
equity,INE313L01016,2026-09-28,182.41,165.92,167.41,799193
equity,INE0J5601015,2026-09-28,1018.8,983.7,995.8,55894
equity,INE0HLU01028,2026-09-28,203.68,197.53,199.06,793180
equity,INE124G01033,2026-09-28,81,70.8,72.2,13847267
equity,INE419D01026,2026-09-28,296.7,283.1,285.75,29859
equity,INE840Y01029,2026-09-28,71.95,68.61,69.43,2560171
equity,INE325C01035,2026-09-28,272,265.35,269.5,46477
equity,INE373T01047,2026-09-28,23.96,21.26,21.71,25113789
equity,INE0FMZ01045,2026-09-28,416.5,400,409.4,347500
equity,INE859A01011,2026-09-28,76,71.35,73.28,295139
equity,INE265B01019,2026-09-28,1790,1699.1,1718.2,3566
equity,INE201A01024,2026-09-28,86.48,81.2,82.02,1507300
equity,INE022I01019,2026-09-28,50.67,49.96,50.16,662074
equity,INE221H01019,2026-09-28,1.13,1.09,1.09,33531963
equity,INE173M01012,2026-09-28,354.7,323,339.8,699217
equity,INE048C01025,2026-09-28,129.9,122.2,128.28,31292
equity,INE0Q5D01013,2026-09-28,682.95,665.65,676.85,39500
equity,INE133Y01011,2026-09-28,199.5,191.3,192.71,12385
equity,INE363L01045,2026-09-28,1034.3,990,996.45,9023
equity,INE784R01023,2026-09-28,92.89,87.8,88.48,1424657
equity,INE630A01024,2026-09-28,249.04,241.55,242.23,12802
equity,INE225B01021,2026-09-28,497.55,426.3,479.3,2216498
equity,INE435C01024,2026-09-28,118,115.91,116.56,55544
equity,INE098F01031,2026-09-28,518,499,506.55,47090
equity,INE1WFC01025,2026-09-28,94.55,89.97,90.42,3144312
equity,INE147A01011,2026-09-28,64.59,62.4,62.75,333575
equity,INE1D0W01018,2026-09-28,494,474.4,476.95,753134
equity,INE278M01019,2026-09-28,88.87,86.33,86.86,365136
equity,INE0U4701011,2026-09-28,79.4,75.01,76.55,214070
equity,INE503B01021,2026-09-28,11.38,11.02,11.1,5126545
equity,INE0SCO01019,2026-09-28,635,618.3,620.7,28000
equity,INE0QVH01025,2026-09-28,303,296,298.4,114500
equity,INE199P01028,2026-09-28,670.5,652.5,667.35,273458
equity,INE301D01026,2026-09-28,522,486.8,510.6,95953
equity,INE972A01020,2026-09-28,152.57,150.42,151.06,19828
equity,INE760B01019,2026-09-28,1485,1410,1436.65,14979
equity,INE795B01031,2026-09-28,105.5,104.45,104.45,62
equity,INE016Q01014,2026-09-28,694.45,678,685.15,41550
equity,INE711A01022,2026-09-28,211.01,202,203.03,303356
equity,INE390G01014,2026-09-28,118.88,113.3,116.27,284889
equity,INE724A01017,2026-09-28,170,158.1,162.25,190361
equity,INE1VXE01018,2026-09-28,56.5,51.88,52.06,18589690
equity,INE0VN801010,2026-09-28,750,705,733.45,38400
equity,INE524T01011,2026-09-28,1104.7,1047.5,1069.1,39471
equity,INE201K01015,2026-09-28,883.3,863,870.35,11252
equity,INE547E01014,2026-09-28,1090,1041,1043.1,1472
equity,INE669R01026,2026-09-28,9.4,8.63,8.63,9726129
equity,INE312M01024,2026-09-28,221.2,221.2,221.2,1228
equity,INE488D01021,2026-09-28,92.6,86.02,86.61,493697
equity,INE1B3O01011,2026-09-28,459.2,431.85,448.85,402578
equity,INE384C01016,2026-09-28,1149,1088.05,1125.85,14989
equity,INE449C01025,2026-09-28,26.99,25.13,25.81,106812
equity,INE0O6601022,2026-09-28,271.79,258.3,260.23,518981
equity,INE0V0W01025,2026-09-28,179.9,171.97,174.83,307001
equity,INE500A01029,2026-09-28,49.2,46.56,46.81,1385706
equity,INE161A01038,2026-09-28,88.34,86.2,86.92,142974
equity,INE411D01023,2026-09-28,220,209.4,211.35,207652
equity,INE848A01014,2026-09-28,905,871,873.55,60613
equity,INE0GV601021,2026-09-28,205,192.11,197.91,443590
equity,INE277B01014,2026-09-28,1090,1047,1054.6,4987
equity,INE715B01021,2026-09-28,97.4,94.46,95.13,345913
equity,INE1YPB01014,2026-09-28,13.69,13.12,13.21,1258673
equity,INE417B01040,2026-09-28,1041.8,1006.3,1011.3,18485
equity,INE583D01011,2026-09-28,82.38,80.2,80.29,232002
equity,INE073G01016,2026-09-28,667,638,641.55,42494
equity,INE350H01032,2026-09-28,53.77,51.5,51.9,173150
equity,INE947J01015,2026-09-28,26.52,25.8,26,297899
equity,INE188B01013,2026-09-28,421,412.7,416.2,38815
equity,INE485A01015,2026-09-28,574.7,550.35,553.05,27044
equity,INE354C01027,2026-09-28,397,370.1,380.85,237200
equity,INE415D01024,2026-09-28,214.24,209,212.45,47085
equity,INE0D0K01022,2026-09-28,29.45,28.57,28.77,1687256
equity,INE199G01027,2026-09-28,62.66,61.85,62.05,125821
equity,INE438K01021,2026-09-28,79.64,76.2,78.14,691738
equity,INE664D01019,2026-09-28,10224,10150,10150,122
equity,INE395U01014,2026-09-28,720,700,706.15,2130
equity,INE571B01036,2026-09-28,123.8,119.02,122.52,415170
equity,INE0RE001014,2026-09-28,1165,1125,1140.2,38862
equity,INE217L01019,2026-09-28,72,69.9,70.09,240054
equity,INE690J01011,2026-09-28,148.35,148,148.35,120720
equity,INE0PA801013,2026-09-28,139.37,133.61,134.83,613654
equity,INE0KGZ01021,2026-09-28,273.8,263.5,264.4,38998
equity,INE158B01016,2026-09-28,2325,2257.6001,2268.8999,16841
equity,INE830Q01018,2026-09-28,132.29,124.57,125.54,752268
equity,INE486R01017,2026-09-28,160.9,153.83,156.1,156359
equity,INE369A01029,2026-09-28,965.4,924,942.8,12794
equity,INE0V9N01017,2026-09-28,1139,1111.2,1128.1,10400
equity,INE0TY101024,2026-09-28,135.7,130.5,131.49,234233
equity,INE124Y01028,2026-09-28,80.15,77,77.27,61852
equity,INE951D01028,2026-09-28,450.5,438.25,440.55,39659
equity,INE435A01051,2026-09-28,75,72.03,72.62,261464
equity,INE831A01028,2026-09-28,33.65,32,32,437351
equity,INE288301026,2026-09-28,859.95,797,800.3,109600
equity,INE646H01017,2026-09-28,283,278,280.2,23105
equity,INE405A01021,2026-09-28,432.35,416.4,419.1,24940
equity,INE958L01034,2026-09-28,8.39,7.76,7.85,1010290
equity,INE155E01016,2026-09-28,1550,1406.6,1501.5,11941
equity,INE0PT501018,2026-09-28,212.89,204,205.91,32636
equity,INE433O01024,2026-09-28,567.2,567.2,567.2,
equity,INE056801025,2026-09-28,228.01,214.82,219.21,106937
equity,INE142Q01026,2026-09-28,135.99,133,133.5,161627
equity,INE680A01011,2026-09-28,29.41,27.86,28.23,532281
equity,INE994E01018,2026-09-28,1599,1475.5,1584.8,84310
equity,INE881E01017,2026-09-28,12899,11883.2002,12571.6504,955
equity,INE302D01024,2026-09-28,188.94,183.01,186.21,596771
equity,INE822G01016,2026-09-28,870,786.05,806.65,69918
equity,INE966A01022,2026-09-28,67.6,65.6,65.79,89435
equity,INE967G01019,2026-09-28,10307,9820,10008,30
equity,INE754D01018,2026-09-28,1424.5,1314.65,1355.9,451
equity,INE316L01019,2026-09-28,171.5,162.6,166.35,282155
equity,INE285B01017,2026-09-28,9.97,9.29,9.61,4428341
equity,INE405C01035,2026-09-28,591.1,581.4,581.85,20643
equity,INE458B01036,2026-09-28,446,407.1,411.35,133826
equity,INE497S01012,2026-09-28,237.85,228.06,229.45,67909
equity,INE563J01010,2026-09-28,740.1,706.25,711.8,27961
equity,INE1SJO01012,2026-09-28,282.44,263,265.03,861228
equity,INE533D01032,2026-09-28,21.3,20.5,20.8,6044
equity,INE570D01018,2026-09-28,905.35,876,891.85,23332
equity,INE835G01018,2026-09-28,782,770,775.9,5655
equity,INE535D01037,2026-09-28,64.5,62.12,62.55,326135
equity,INE0NG701011,2026-09-28,308.83,285.76,285.76,995113
equity,INE828A01016,2026-09-28,1020,990,1001.2,3150
equity,INE963C01033,2026-09-28,441.8,420,427.25,11495
equity,INE01GN01025,2026-09-28,66.9,62.41,62.78,364784
equity,INE073V01015,2026-09-28,297.5,277.7,280.85,1051174
equity,INE737G01016,2026-09-28,56,54.5,56,300
equity,INE0ORA01015,2026-09-28,1320,1270,1306.15,12100
equity,INE184H01027,2026-09-28,110.83,106.4,107.03,230676
equity,INE148A01019,2026-09-28,134.39,123.5,124.99,1372872
equity,INE258R01028,2026-09-28,64.8,56.34,59.25,3225055
equity,INE950M01013,2026-09-28,527.2,510,514.05,34812
equity,INE197A01024,2026-09-28,9.19,8.7,8.75,9202902
equity,INE284B01028,2026-09-28,130.49,121,121.88,1510621
equity,INE484I01029,2026-09-28,120.79,116,116.78,102692
equity,INE658G01014,2026-09-28,96.9,90.25,93.03,1006262
equity,INE02L001032,2026-09-28,116.29,113.2,114.13,47604
equity,INE346W01013,2026-09-28,346.1,336.3,338.65,99907
equity,INE0XBS01012,2026-09-28,553.2,532.2,534.85,184000
equity,INE520Y01019,2026-09-28,662.45,645.9,648.75,24632
equity,INE255D01024,2026-09-28,172.64,165,166.05,95978
equity,INE02NC01014,2026-09-28,128.88,126.2,127.23,121176
equity,INE701A01023,2026-09-28,3391.6001,3320,3329.3,650
equity,INE07U701015,2026-09-28,270.65,263.4,265.4,39509
equity,INE895B01021,2026-09-28,135.6,132,132.75,109412
equity,INE374E01021,2026-09-28,53.2,51.8,52.56,142351
equity,INE701G01012,2026-09-28,1763.8,1744.5,1758,1355
equity,INE0JYY01029,2026-09-28,43.9,42.5,43.46,329028
equity,INE0PRF01011,2026-09-28,660,638.85,641.95,9500
equity,INE072A01029,2026-09-28,27.4,26.27,26.77,158932
equity,INE794B01026,2026-09-28,95.22,93.01,93.87,66378
equity,INE671K01027,2026-09-28,367.85,357,359.65,8487
equity,INE0OLH01013,2026-09-28,1121,1080.8,1080.8,495
equity,INE046A01015,2026-09-28,704,680,685.6,50453
equity,INE869Y01028,2026-09-28,59.54,57.56,57.75,1014268
equity,INE866K01023,2026-09-28,226.95,219.35,219.35,218215
equity,INE800A01015,2026-09-28,369.7,348,351.4,274080
equity,INE062D01024,2026-09-28,730,712,716.85,33306
equity,INE082A01010,2026-09-28,293.5,274.77,277.97,1132745
equity,INE672B01032,2026-09-28,110.1,105.75,106.87,253364
equity,INE577L01016,2026-09-28,626.05,600.05,608.7,4923
equity,INE295F01017,2026-09-28,577.5,559.95,564.05,11936
equity,INE00EV01017,2026-09-28,356.9,336.4,342.1,176245
equity,INE083B01024,2026-09-28,126,115.68,116.85,241898
equity,INE833A01016,2026-09-28,2444.3501,2275.6001,2354.95,619
equity,INE390H01020,2026-09-28,40.35,38.12,39,918441
equity,INE0HLJ01013,2026-09-28,651.1,640,649.95,4850
equity,INE232A01011,2026-09-28,68.5,65.32,66.61,63384
equity,INE451C01013,2026-09-28,1780,1683,1695.9,686
equity,INE660C01027,2026-09-28,21.24,20.7,20.85,179927
equity,INE677D01037,2026-09-28,84.8,82.58,83.13,137320
equity,INE0WO601020,2026-09-28,198.76,191.07,192.7,52776
equity,INE041A01016,2026-09-28,178.91,171,172.42,987937
equity,INE866R01028,2026-09-28,536.1,515,521.35,8006
equity,INE524B01027,2026-09-28,986.15,950,952.5,8185
equity,INE0PPK01015,2026-09-28,237.57,233.1,233.81,69753
equity,INE557A01011,2026-09-28,1511.9,1408.1,1441,21222
equity,INE999K01014,2026-09-28,9,8.76,8.81,2418490
equity,INE0WKY01013,2026-09-28,509.55,493,502,38000
equity,INE411U01027,2026-09-28,346.35,335,336.6,65708
equity,INE412G01024,2026-09-28,33.71,32.35,32.52,450975
equity,INE107A01015,2026-09-28,151.9,146.21,147.64,120992
equity,INE137I01015,2026-09-28,1999.6,1945,1950.4,944
equity,INE786F01031,2026-09-28,309.55,288,294.75,703248
equity,INE694A01020,2026-09-28,4.11,3.91,3.95,4125053
equity,INE127B01011,2026-09-28,649.25,620,648.85,10509
equity,INE0R6Z01013,2026-09-28,414.2,404.05,407.35,37997
equity,INE670O01013,2026-09-28,564.65,542,544.95,11427
equity,INE620D01011,2026-09-28,6205,6050,6092.5,276
equity,INE365Y01019,2026-09-28,2277.6001,2001,2149.8,155526
equity,INE01BK01022,2026-09-28,378.05,365,367.65,78194
equity,INE0H9P01028,2026-09-28,140.22,132,132.61,1377843
equity,INE998U01015,2026-09-28,450,447.95,448.95,2000
equity,INE414A01015,2026-09-28,60.21,59.02,59.18,40427
equity,INE0O5T01011,2026-09-28,946,899.55,919.5,4200
equity,INE147P01019,2026-09-28,961.05,903,911.5,11519
equity,INE887D01024,2026-09-28,52.11,48.16,49.35,451046
equity,INE887D01024,2026-09-29,50.82,48.18,50.09,319661
equity,INE796G01012,2026-09-28,1085,1041,1051,1678
equity,INE290A01027,2026-09-28,278,265,267.3,9962
equity,INE0ECP01024,2026-09-28,25.1,23.88,24.02,2692734
equity,INE577D01013,2026-09-28,860,830.05,841.9,43741
equity,INE068B01017,2026-09-28,111.93,106.25,108.12,24682
equity,INE611A01016,2026-09-28,217.94,208.5,211.35,45351
equity,INE964H01014,2026-09-28,5.14,4.92,4.96,8906290
equity,INE00ZE01026,2026-09-28,202.7,201,201,5494
equity,INE511Y01018,2026-09-28,463.95,440.3,452.25,66556
equity,INE284H01025,2026-09-28,163.75,137.71,158.66,18844708
equity,INE559D01011,2026-09-28,362.25,356.35,359.9,606
equity,INE02WG01024,2026-09-28,76.65,73.51,73.72,182719
equity,INE189I01024,2026-09-28,125.5,115,116.65,615117
equity,INE477B01010,2026-09-28,292.95,281,281.9,9785
equity,INE0TO701015,2026-09-28,413.5,399.1,401.2,616273
equity,INE599F01020,2026-09-28,1968.85,1900,1917.65,3033
equity,INE734I01027,2026-09-28,71.74,68,69.32,50688
equity,INE336H01023,2026-09-28,23.2,21.77,21.96,887945
equity,INE199E01014,2026-09-28,1172.5,1104.5,1113.5,3467
equity,INE799B01025,2026-09-28,486.55,486.55,486.55,1915
equity,INE309M01020,2026-09-28,97.19,91.81,92.81,300547
equity,INE740D01017,2026-09-28,706.4,633,647.6,61627
equity,INE643K01018,2026-09-28,245,229.45,236.25,8552
equity,INE00YJ01010,2026-09-28,445.05,422,423.4,117174
equity,INE583V01021,2026-09-28,69.98,67.2,69.38,135553
equity,INE361D01012,2026-09-28,4800,4590.2002,4689.9502,308
equity,INE0GGO01015,2026-09-28,415,411.25,413.65,211393
equity,INE0LEX01011,2026-09-28,869.95,806,817.45,27600
equity,INE778B01029,2026-09-28,88.2,85,85.23,30052
equity,INE00U401027,2026-09-28,84.5,81.99,82.18,159709
equity,INE457F01013,2026-09-28,539.1,527.55,535.55,26255
equity,INE754A01055,2026-09-28,21.54,20.2,20.33,10752314
equity,INE032B01021,2026-09-28,305,296.05,301.85,8733
equity,INE528A01020,2026-09-28,1582.4,1521,1531.7,2599
equity,INE032Z01020,2026-09-28,86.9,84.2,84.99,3780
equity,INE368U01029,2026-09-28,47.25,45,45.28,54846
equity,INE0IZQ01016,2026-09-28,915,875,915,800
equity,INE019J01013,2026-09-28,289.9,280.2,285.15,7226
equity,INE413D01011,2026-09-28,958.95,891,914.05,1797
equity,INE417D01020,2026-09-28,63.8,61,61.89,3142774
equity,INE275D01022,2026-09-28,172.5,160.25,166.82,5146
equity,INE663B01015,2026-09-28,608,583.05,599.2,27794
equity,INE00TV01023,2026-09-28,38.96,37.65,38.25,44000
equity,INE840M01016,2026-09-28,222.49,214.8,217.12,46804
equity,INE0GMR01016,2026-09-28,355.5,340.2,355.45,293116
equity,INE670C01026,2026-09-28,133,121.4,124.2,25335
equity,INE00QT01015,2026-09-28,670,636,650.75,7433
equity,INE0CG401037,2026-09-28,27.46,26.51,26.91,161037
equity,INE540G01014,2026-09-28,1584.4,1522.5,1568,11978
equity,INE455D01012,2026-09-28,350,346,346,623
equity,INE337E01010,2026-09-28,440,421,433,24706
equity,INE025A01027,2026-09-28,286.8,276.05,276.1,6398
equity,INE194D01017,2026-09-28,730,700,708.8,484
equity,INE535F01024,2026-09-28,55,52.17,53.68,275473
equity,INE841D01013,2026-09-28,690,636.05,665.55,29985
equity,INE00CE01017,2026-09-28,875,802,821.35,1758
equity,INE0QN801017,2026-09-28,635,615.1,621.65,8467
equity,INE760F01028,2026-09-28,152.65,136.9,137.47,1045793
equity,INE00OQ01016,2026-09-28,297,283.6,291.05,26277
equity,INE0MHO01029,2026-09-28,90.74,86.6,88.56,330994
equity,INE917H01012,2026-09-28,607.95,566.1,570,21927
equity,INE0SOY01013,2026-09-28,452.9,424.55,427.6,78200
equity,INE170V01027,2026-09-28,4.76,4.45,4.51,6415030
equity,INE414Y01015,2026-09-28,694,651.05,680.05,19140
equity,INE219Y01026,2026-09-28,23.99,22.65,23.29,477950
equity,INE049A01027,2026-09-28,69.25,65.8,66.13,642102
equity,INE319Y01024,2026-09-28,76.72,76.72,76.72,79804
equity,INE565V01010,2026-09-28,419.35,396.4,397.75,33242
equity,INE658T01017,2026-09-28,940,829.05,832.8,43830
equity,INE435D01014,2026-09-28,688,677.9,677.9,59
equity,INE388A01029,2026-09-28,137.38,128.11,137.32,583964
equity,INE316A01038,2026-09-28,418.8,400,404.8,16026
equity,INE287C01037,2026-09-28,35.38,35.38,35.38,176836
equity,INE865T01018,2026-09-28,96.67,93,93.78,153447
equity,INE492A01029,2026-09-28,396.85,386,387.9,4042
equity,INE029Q01017,2026-09-28,776,755.05,766.25,11625
equity,INE0OSJ01014,2026-09-28,580,576,576,1250
equity,INE310B01013,2026-09-28,1517.95,1465,1495.45,4887
equity,INE0KNT01012,2026-09-28,227,215,215.94,280855
equity,INE258Y01016,2026-09-28,185,181,181.28,7788
equity,INE535P01015,2026-09-28,614.75,614.75,614.75,23
equity,INE693D01018,2026-09-28,10300,10200,10201,18
equity,INE366A01041,2026-09-28,45.78,43.1,43.37,2791461
equity,INE0JM501013,2026-09-28,158.47,158.47,158.47,25179
equity,INE270B01035,2026-09-28,120,114.5,115.41,36925
equity,INE420B01036,2026-09-28,93.97,89.05,89.81,314055
equity,INE750M01017,2026-09-28,159.96,154.02,155,1656
equity,INE409B01013,2026-09-28,622,585,590.4,52074
equity,INE0AZY01017,2026-09-28,392.95,375.1,376.85,15500
equity,INE748A01024,2026-09-28,465.52,465.52,465.52,2040
equity,INE107F01022,2026-09-28,225.6,221.05,222.25,110252
equity,INE0DNW01011,2026-09-28,687,666,675,4033
equity,INE442P01014,2026-09-28,662.55,623.5,641.9,13657
equity,INE075B01020,2026-09-28,94.5,89,89.14,63135
equity,INE770A01010,2026-09-28,504,473,476.85,11243
equity,INE01EG01016,2026-09-28,286,274.1,277.2,62156
equity,INE868X01014,2026-09-28,25510,25505,25505,20
equity,INE843S01025,2026-09-28,225.95,216,217.27,49657
equity,INE730A01022,2026-09-28,53.4,47.04,52.36,72719
equity,INE0CJF01024,2026-09-28,95.3,92,92.75,163956
equity,INE0CG601016,2026-09-28,157.8,142.16,155.35,133306
equity,INE0P8B01020,2026-09-28,115.96,111,112.2,214341
equity,INE076C01018,2026-09-28,880,842,844,1262
equity,INE06XZ01023,2026-09-28,159.8,155.21,156.62,47663
equity,INE457G01029,2026-09-28,127.9,119.25,126.15,74813
equity,INE895W01019,2026-09-28,525,514.5,515,1360
equity,INE134B01017,2026-09-28,126.8,119.33,120.07,115959
equity,INE709A01018,2026-09-28,239.65,234.25,237.4,2385
equity,INE091E01039,2026-09-28,21.5,21.5,21.5,1
equity,INE155G01029,2026-09-28,70.95,68.51,69.11,45424
equity,INE283A01014,2026-09-28,660,610.05,617.8,6871
equity,INE453D01025,2026-09-28,100.85,97.11,97.7,33426
equity,INE232E01013,2026-09-28,2149.3,1990,2044.2,524
equity,INE13VU01016,2026-09-28,683.3,683.3,683.3,4800
equity,INE0U9101019,2026-09-28,356,330,348.85,18800
equity,INE140B01048,2026-09-28,728.75,728.75,728.75,365
equity,INE0I3401014,2026-09-28,125.28,119.71,122.77,385520
equity,INE0QRV01016,2026-09-28,329,311.05,323,87500
equity,INE0JUI01012,2026-09-28,65.6,63.75,64.35,109521
equity,INE217A01012,2026-09-28,292.85,271.55,276.85,67041
equity,INE356B01024,2026-09-28,79.05,77,77,7026
equity,INE16SF01016,2026-09-28,301,280.1,296.2,76390
equity,INE0PK601023,2026-09-28,176.05,172,174.52,296533
equity,INE283H01019,2026-09-28,306,294.45,299.05,24609
equity,INE026D01011,2026-09-28,574.95,551.5,564.2,2604
equity,INE389K01018,2026-09-28,2499,2451,2451,99
equity,INE0MEG01014,2026-09-28,726.9,705.45,710.65,11081
equity,INE550H01011,2026-09-28,83,78,79.72,35228
equity,INE239D01028,2026-09-28,81.3,77.42,78.75,105658
equity,INE489G01022,2026-09-28,92.5,88.8,89.46,105107
equity,INE090501011,2026-09-28,137.6,129.03,130.53,414826
equity,INE760A01029,2026-09-28,76.6,74.26,74.64,25382
equity,INE606N01019,2026-09-28,87.6,84,84.13,987832
equity,INE060901027,2026-09-28,232,221.94,228.63,53337
equity,INE392A01021,2026-09-28,90,87,87.21,133056
equity,INE888C01040,2026-09-28,2.85,2.68,2.68,1894800
equity,INE334A01023,2026-09-28,240.65,223.5,224.13,50109
equity,INE732C01016,2026-09-28,179.76,175,175.81,27646
equity,INE0PEQ01016,2026-09-28,189.91,187.51,189.91,80764
equity,INE213D01015,2026-09-28,443.6,418.05,434.4,607
equity,INE312B01027,2026-09-28,191.8,189.95,190,14423
equity,INE235C01036,2026-09-28,12.69,11.58,11.59,2699322
equity,INE583C01021,2026-09-28,558.55,541.1,542.55,5876
equity,INE00U801010,2026-09-28,767,703,720.1,78720
equity,INE583B01015,2026-09-28,1034.4,1009,1027.9,563
equity,INE397H01017,2026-09-28,341.85,325,326.1,27420
equity,INE0BX301013,2026-09-28,142.9,136,136.33,248177
equity,INE896J01014,2026-09-28,160,150,151.35,406
equity,INE0PKD01011,2026-09-28,276.95,264.5,269.35,37332
equity,INE506D01020,2026-09-28,159,150.1,152.35,292097
equity,INE443P01038,2026-09-28,11.42,11.42,11.42,100
equity,INE144J01027,2026-09-28,220.8,212.01,212.94,65358
equity,INE236G01019,2026-09-28,390,377,378.85,20459
equity,INE687A01016,2026-09-28,1365,1275,1304.2,535
equity,INE1ABX01018,2026-09-28,517,479.55,500.85,93600
equity,INE880Y01017,2026-09-28,719.5,686.05,695.45,38106
equity,INE863T01013,2026-09-28,289.5,271.1,284.15,13090
equity,INE345H01024,2026-09-28,23.47,21.27,21.73,168663
equity,INE0OMO01025,2026-09-28,30.15,29.45,29.45,150000
equity,INE347W01011,2026-09-28,572.85,536.5,541.2,59339
equity,INE668G01021,2026-09-28,771.95,755.5,756.6,443
equity,INE01A001028,2026-09-28,145.49,134.55,135.81,174411
equity,INE720A01015,2026-09-28,134.11,130.55,130.84,25142
equity,INE0OMI01019,2026-09-28,2.8,2.8,2.8,
equity,INE916G01016,2026-09-28,371.95,350.05,369.35,2839
equity,INE306L01010,2026-09-28,147.05,141.52,143.4,83329
equity,INE418E01018,2026-09-28,845.95,820.05,825.7,2240
equity,INE195N01013,2026-09-28,57.99,55.59,56.26,940009
equity,INE032E01017,2026-09-28,630,605,625,30485
equity,INE289B01019,2026-09-28,138.09,135.2,135.72,53092
equity,INE1B0W01010,2026-09-28,125.66,120.6,121.5,359371
equity,INE684B01029,2026-09-28,661,631.05,639.6,959
equity,INE084K01015,2026-09-28,185.07,182.28,183,12987
equity,INE704G01024,2026-09-28,354.2,333.25,338.8,11562
equity,INE1E4401010,2026-09-28,663,648,657.55,12500
equity,INE900C01027,2026-09-28,438.5,427.95,429.2,7416
equity,INE955I01044,2026-09-28,693,657,664.6,5054
equity,INE726E01014,2026-09-28,1503,1503,1503,10
equity,INE574A01016,2026-09-28,149,143.15,143.55,5829
equity,INE0L0L01012,2026-09-28,365,357,362.85,37031
equity,INE296H01011,2026-09-28,292.9,273.2,288.7,282771
equity,INE164B01030,2026-09-28,13.39,13.05,13.09,1178339
equity,INE400A01014,2026-09-28,56.7,54.06,55.22,5515
equity,INE0R4L01018,2026-09-28,278,266.8,267.7,61072
equity,INE0MGA01012,2026-09-28,124.85,123.1,124.1,20000
equity,INE296E01026,2026-09-28,779.2,757,758.05,732
equity,INE505A01010,2026-09-28,315.85,300,302.8,144945
equity,INE772T01024,2026-09-28,100,97.5,97.66,24606
equity,INE0R8B01010,2026-09-28,206.9,202,204,21074
equity,INE03YM01018,2026-09-28,233.99,220.28,220.81,89506
equity,INE070K01014,2026-09-28,51.7,49.5,50.88,4234
equity,INE28GN01010,2026-09-28,127.31,122.88,124.62,85910
equity,INE00YB01025,2026-09-28,12.7,12,12.38,261139
equity,INE692C01020,2026-09-28,372,348.05,352.85,68391
equity,INE0ISZ01012,2026-09-28,439.6,421,428.05,14700
equity,INE0UZO01024,2026-09-28,245.75,238,245.75,128000
equity,INE0H8H01019,2026-09-28,292.8,287.35,292.65,2000
equity,INE515H01014,2026-09-28,1056,1025,1041.4,1269
equity,INE335Q01026,2026-09-28,111.5,107,108.38,174940
equity,INE849C01026,2026-09-28,79,74.01,74.4,58777
equity,INE865C01022,2026-09-28,120,114.15,115.31,24514
equity,INE0O9T01021,2026-09-28,221,210,210.31,22311
equity,INE0TT901016,2026-09-28,171,158,159.55,32895
equity,INE130L01014,2026-09-28,402.05,374.5,392.85,2266
equity,INE2L0V01019,2026-09-28,297,285,287.3,185000
equity,INE064H01021,2026-09-28,132,123.25,128,57555
equity,INE215I01027,2026-09-28,103.42,99.01,100.86,82234
equity,INE893I01013,2026-09-28,36.08,34.05,34.96,1507212
equity,INE652V01016,2026-09-28,160.76,154.5,156.36,167070
equity,INE824Q01011,2026-09-28,110.33,105.5,110.13,43958
equity,INE0N6U01018,2026-09-28,144.99,144.99,144.99,
equity,INE830C01026,2026-09-28,117.46,113.4,117.4,65773
equity,INE878I01022,2026-09-28,357.05,357.05,357.05,1073
equity,INE0LEG01024,2026-09-28,67.49,62.91,65.64,2730000
equity,INE485D01043,2026-09-28,163.95,163.95,163.95,1598
equity,INE763M01028,2026-09-28,39.68,38.5,38.93,154119
equity,INE722B01019,2026-09-28,262.15,248,249.5,30804
equity,INE694N01015,2026-09-28,188.78,179,179.94,103604
equity,INE290E01011,2026-09-28,168.45,162,162,1262
equity,INE980Y01015,2026-09-28,194,183.5,189.85,127065
equity,INE06WU01026,2026-09-28,124.75,117.52,118.26,91596
equity,INE335K01011,2026-09-28,30.6,29.83,29.92,655665
equity,INE474O01010,2026-09-28,249.95,232,249.9,352
equity,INE785A01026,2026-09-28,234.39,227.25,230.42,8571
equity,INE655A01013,2026-09-28,109.29,106.8,106.91,12115
equity,INE360C01024,2026-09-28,7.08,6.72,6.99,145154
equity,INE538A01037,2026-09-28,59.26,55.83,55.99,56194
equity,INE546V01010,2026-09-28,277,266.3,277,4278
equity,INE252A01019,2026-09-28,124.89,124.89,124.89,18516
equity,INE0ATZ01017,2026-09-28,216.9,198.3,216.9,377726
equity,INE0N5801013,2026-09-28,430,401.05,424.4,18250
equity,INE0TGX01019,2026-09-28,259.45,242.25,242.4,8932
equity,INE052T01021,2026-09-28,18.1,17.51,17.69,437086
equity,INE692G01013,2026-09-28,62,59.8,60.04,72124
equity,INE06HJ01020,2026-09-28,110.96,105.82,106.36,83709
equity,INE138C01024,2026-09-28,206,190.07,202.55,59287
equity,INE501Y01019,2026-09-28,646,620.3,628.5,4243
equity,INE974B01016,2026-09-28,1194,1170,1187.9,1149
equity,INE204E01012,2026-09-28,400,389.55,397.15,25149
equity,INE0O3901029,2026-09-28,29.1,27.8,28.89,143807
equity,INE518E01015,2026-09-28,141.94,133.85,137.55,114414
equity,INE247M01014,2026-09-28,154,150.5,150.89,13417
equity,INE295A01018,2026-09-28,434.5,416.15,422.05,9671
equity,INE0N7W01012,2026-09-28,164.85,160.01,160.69,12083
equity,INE645H01027,2026-09-28,38,36.9,37,15732
equity,INE672K01025,2026-09-28,195.45,188,189.35,6500
equity,INE0HF201011,2026-09-28,149.9,142.56,144.26,88065
equity,INE967C01018,2026-09-28,236.94,230.37,233.18,60159
equity,INE0NN701020,2026-09-28,26.2,24.8,24.85,101125
equity,INE038F01029,2026-09-28,108.31,104.94,105.06,23277
equity,INE869I01013,2026-09-28,56.98,54.7,54.86,27809
equity,INE0ONE01016,2026-09-28,1920.5,1920.5,1920.5,
equity,INE230R01035,2026-09-28,4.4,4.4,4.4,3786918
equity,INE350Z01018,2026-09-28,566.9,540.65,545.5,1243
equity,INE298I01015,2026-09-28,473.8,468.1,470.5,6778
equity,INE037A01022,2026-09-28,92.5,88.67,89.07,4648
equity,INE939X01013,2026-09-28,142,137.2,137.68,148229
equity,INE529I01021,2026-09-28,80.49,76.11,76.71,103492
equity,INE0D6I01023,2026-09-28,254.65,243,245.5,76933
equity,INE622H01018,2026-09-28,139.45,133.74,134.27,72825
equity,INE285C01015,2026-09-28,1464,1427,1435.3,57
equity,INE626A01014,2026-09-28,56.25,53.15,53.35,135998
equity,INE480D01010,2026-09-28,52,49,50.19,53902
equity,INE220Z01013,2026-09-28,162.02,158.51,160.03,140272
equity,INE429I01024,2026-09-28,13.57,13.21,13.38,139389
equity,INE1IJQ01026,2026-09-28,305.9,292,298.05,19200
equity,INE389C01015,2026-09-28,961.7,930,937.9,2381
equity,INE333I01044,2026-09-28,15.1,15.1,15.1,21666
equity,INE231G01010,2026-09-28,245,223.25,227.15,15250
equity,INE170E01023,2026-09-28,68.99,66.13,68.1,191667
equity,INE767C01012,2026-09-28,445,433.05,439.75,2020
equity,INE229A01017,2026-09-28,292,282.5,285,9257
equity,INE729D01010,2026-09-28,224,213.5,217.05,30944
equity,INE19QK01022,2026-09-28,409.5,390,396.3,132000
equity,INE403Y01018,2026-09-28,305.15,283.1,289.65,65952
equity,INE311M01018,2026-09-28,158,143.06,150.9,19528
equity,INE0Q1S01010,2026-09-28,1170.5,1123,1160.7,17500
equity,INE051B01021,2026-09-28,5.28,5.1,5.18,1085217
equity,INE050001010,2026-09-28,265.3,249.9,250.85,37853
equity,INE133D01023,2026-09-28,164.25,153.6,153.6,16845
equity,INE626Z01029,2026-09-28,9.5,9.15,9.23,313648
equity,INE320L01011,2026-09-28,988.65,960.3,968.5,291
equity,INE871K01015,2026-09-28,72.63,68.63,68.96,61166
equity,INE915K01010,2026-09-28,520.3,506.1,520.05,155
equity,INE734N01019,2026-09-28,36,34.06,35.09,212441
equity,INE607D01018,2026-09-28,409.05,395,395.7,20723
equity,INE099F01013,2026-09-28,308.7,295,296.09,10379
equity,INE694E01014,2026-09-28,257.3,250,250.9,8970
equity,INE291W01037,2026-09-28,135.45,131.01,133.61,156821
equity,INE467D01017,2026-09-28,380,355.5,358.4,7137
equity,INE266B01017,2026-09-28,243.65,226.25,243.65,46348
equity,INE719F01016,2026-09-28,550,512,544.2,27387
equity,INE0O8901016,2026-09-28,527.8,499.75,519.65,125250
equity,INE501G01024,2026-09-28,24.67,22.66,23.1,69991
equity,INE0ADB01012,2026-09-28,254.8,251.4,251.7,8385
equity,INE562X01013,2026-09-28,137.6,131.31,132.79,77387
equity,INE116C01012,2026-09-28,750.15,720.1,729.7,2404
equity,INE818B01023,2026-09-28,76.44,71.47,72.45,225194
equity,INE437D01010,2026-09-28,1440,1400,1410.8,1762
equity,INE835B01035,2026-09-28,205,193,197.29,22385
equity,INE25E901019,2026-09-28,168.84,162,162.71,80156
equity,INE308A01027,2026-09-28,231.42,219.2,221.85,8751
equity,INE071E01023,2026-09-28,66.77,61.67,62.29,3580364
equity,INE919M01026,2026-09-28,295.65,295.65,295.65,23791
equity,INE0TJ801010,2026-09-28,328.5,328.5,328.5,21600
equity,INE0OU201013,2026-09-28,84.01,78.14,78.98,151979
equity,INE0Q0M01015,2026-09-28,277.9,257.4,260.75,19800
equity,INE175N01023,2026-09-28,38.22,38.22,38.22,167857
equity,INE1RQS01010,2026-09-28,437,411.05,424.35,226000
equity,INE289A01011,2026-09-28,134.8,127.21,127.47,13767
equity,INE412U01025,2026-09-28,40.35,39,39.37,27505
equity,INE673E01018,2026-09-28,354.5,347.1,347.15,20
equity,INE931X01010,2026-09-28,228,228,228,750
equity,INE102I01027,2026-09-28,126.2,113.5,116.66,5747156
equity,INE879A01019,2026-09-28,45.92,43,43.39,46907
equity,INE318C01014,2026-09-28,325.95,324,325.95,50
equity,INE728Z01015,2026-09-28,501,482,495,2982
equity,INE365I01020,2026-09-28,1954.2,1925,1948.2,100
equity,INE1U6D01014,2026-09-28,307.7,293,305.6,212800
equity,INE1U6D01014,2026-09-29,320.85,295.6,320.85,115200
equity,INE310C01029,2026-09-28,400,378,379.2,2199
equity,INE440G01017,2026-09-28,1120.3,1080.1,1093.3,695
equity,INE120D01012,2026-09-28,344,330,341.45,38828
equity,INE798F01010,2026-09-28,307,286,298,89
equity,INE0ZOM01013,2026-09-28,405,390.05,400,5600
equity,INE0JWS01017,2026-09-28,126,118.63,118.97,89589
equity,INE0A1101019,2026-09-28,336.6,301.2,326.65,448678
equity,INE0TQE01026,2026-09-28,66.39,62,62.44,111469
equity,INE718F01018,2026-09-28,218.8,209.75,212.07,19609
equity,INE395F01023,2026-09-28,1002,941,951.35,2601
equity,INE761G01016,2026-09-28,121,112,116.32,101196
equity,INE953E01022,2026-09-28,183.7,177.07,179.32,7569
equity,INE222F01029,2026-09-28,43.11,37.45,38.07,348137
equity,INE0NT601018,2026-09-28,617.9,576,586.35,13750
equity,INE1KLZ01011,2026-09-28,276.85,270,271.5,18600
equity,INE491D01017,2026-09-28,127.35,127.35,127.35,
equity,INE416A01051,2026-09-28,19.38,17.72,18,419474
equity,INE636A01039,2026-09-28,154.38,144.15,145.9,798917
equity,INE303A01010,2026-09-28,666.9,634,637.15,2080
equity,INE371F01024,2026-09-28,12.24,12.24,12.24,3409
equity,INE498D01012,2026-09-28,292.85,290,292.85,94
equity,INE0MIS01010,2026-09-28,163.7,159.87,161.11,22336
equity,INE802B01027,2026-09-28,93.23,88.37,89.65,54257
equity,INE984B01023,2026-09-28,180,172.65,173.6,5191
equity,INE13YH01017,2026-09-28,480,460,480,6000
equity,INE555P01013,2026-09-28,195,180.55,185.17,12146
equity,INE597Z01014,2026-09-28,322,315.1,317,4800
equity,INE401Z01019,2026-09-28,138.7,129.2,130.05,4215
equity,INE0PSK01027,2026-09-28,360,358.4,360,10200
equity,INE413G01022,2026-09-28,66.5,64.15,64.9,90395
equity,INE286H01012,2026-09-28,35,32.87,33.36,7943
equity,INE938C01019,2026-09-28,7710,7689,7689.5,18
equity,INE0QHG01026,2026-09-28,208.2,204,204.95,39500
equity,INE0R8C01018,2026-09-28,213.05,206.75,212.35,14700
equity,INE260R01016,2026-09-28,492.9,467,471.9,8560
equity,INE564J01026,2026-09-28,688,635,637.25,474
equity,INE15XJ01010,2026-09-28,353.9,348.7,353.9,12000
equity,INE138A01028,2026-09-28,17.25,15.51,15.76,158300
equity,INE0WDX01010,2026-09-28,485.1,475,475,1600
equity,INE864K01010,2026-09-28,235.94,225.99,226.57,19084
equity,INE249D01019,2026-09-28,742.3,718,723.85,131
equity,INE0S7E01015,2026-09-28,409,394,396.25,23600
equity,INE037Z01029,2026-09-28,274.15,256.6,258.25,42852
equity,INE885E01042,2026-09-28,294.05,273.05,285.15,49420
equity,INE783E01023,2026-09-28,597.9,585,586.1,4739
equity,INE110B01017,2026-09-28,158,153,153.62,22930
equity,INE966H01019,2026-09-28,7.58,7.25,7.29,791762
equity,INE03V001013,2026-09-28,552.65,520.05,524.3,587
equity,INE0HSD01011,2026-09-28,515,489,515,7600
equity,INE745B01028,2026-09-28,51.8,48.6,49.51,324044
equity,INE569C01020,2026-09-28,48.8,45.12,45.86,141474
equity,INE834C01028,2026-09-28,35.35,34.99,35.01,300
equity,INE587G01015,2026-09-28,325,303.6,309.6,4127
equity,INE14LM01012,2026-09-28,215,200.05,208.75,26400
equity,INE143A01010,2026-09-28,20.09,19.55,19.57,40660
equity,INE0XX801016,2026-09-28,278.8,265.55,278.3,66000
equity,INE697V01011,2026-09-28,291.85,282.55,289,721
equity,INE348N01042,2026-09-28,51,46.06,46.76,56641
equity,INE575C01027,2026-09-28,81.99,79.8,79.9,38032
equity,INE783X01023,2026-09-28,362.95,335,340.55,4883
equity,INE266F01018,2026-09-28,92.25,88.52,90.27,56446
equity,INE317D01014,2026-09-28,205.8,195.6,203.9,14299
equity,INE577A01027,2026-09-28,129.24,122.25,124.26,34219
equity,INE439N01031,2026-09-28,7.07,6.72,6.78,37009
equity,INE788J01021,2026-09-28,431.6,404,407.95,81065
equity,INE809I01019,2026-09-28,52.81,50.6,50.84,24213
equity,INE607A01022,2026-09-28,29.8,25.8,28.13,4154950
equity,INE229R01011,2026-09-28,425,405,425,347
equity,INE834D01018,2026-09-28,269.95,257,261,14375
equity,INE034D01049,2026-09-28,38.44,36.5,37.9,35756
equity,INE2B5L01011,2026-09-28,280,264.9,271.65,65000
equity,INE550C01020,2026-09-28,8.85,8.66,8.75,647638
equity,INE0TL001013,2026-09-28,435.65,419,432.4,38250
equity,INE923A01015,2026-09-28,454.9,440,444.7,2338
equity,INE0KNW01016,2026-09-28,209.9,202.05,205.05,2151
equity,INE0U6201010,2026-09-28,246,227.15,229.6,168800
equity,INE924D01017,2026-09-28,95.99,90.82,92.37,5037
equity,INE450E01029,2026-09-28,161.45,157,157.1,8219
equity,INE142A01012,2026-09-28,34.49,33.12,33.67,8685
equity,INE220Q01020,2026-09-28,72.28,68.6,69.49,226314
equity,INE0P0001010,2026-09-28,240,230,231,14750
equity,INE1OOT01028,2026-09-28,179.3,166.1,179.3,90000
equity,INE872E01016,2026-09-28,745.95,715,718.55,15958
equity,INE155C01010,2026-09-28,879.9,840.5,846.95,2950
equity,INE566M01017,2026-09-28,89.98,80,82.3,76822
equity,INE1E1V01017,2026-09-28,257,257,257,400
equity,INE145Y01023,2026-09-28,14.5,13.54,13.63,718399
equity,INE265F01028,2026-09-28,101.99,95.66,96.01,42635
equity,INE882B01037,2026-09-28,20.37,18.75,19.8,470911
equity,INE083C01022,2026-09-28,209,199,199.86,99546
equity,INE0ZK601013,2026-09-28,102.8,97.5,98.31,94703
equity,INE14VP01014,2026-09-28,192.75,180.15,183.45,80000
equity,INE589N01017,2026-09-28,73.44,70.6,73.44,766
equity,INE0GYI01028,2026-09-28,620,585.4,586.85,28000
equity,INE942G01012,2026-09-28,45.23,43.11,43.67,684216
equity,INE0F3301020,2026-09-28,322,314.2,317,23500
equity,INE545L01039,2026-09-28,221.21,215.1,217.4,130047
equity,INE369I01014,2026-09-28,40,38,38.55,56417
equity,INE00S901012,2026-09-28,11.35,10.9,11,777545
equity,INE300A01016,2026-09-28,236.9,222.4,225.5,5698
equity,INE807K01035,2026-09-28,150,141.11,144.65,45043
equity,INE965W01036,2026-09-28,52.7,50.51,51.4,108031
equity,INE668D01028,2026-09-28,83.1,81.1,81.58,7204
equity,INE0A0S01028,2026-09-28,47,44.5,44.74,58662
equity,INE0OJ401014,2026-09-28,119.35,109,116.45,56400
equity,INE320I01017,2026-09-28,150.94,145,148.23,26641
equity,INE551B01012,2026-09-28,168.9,160.5,167.02,48894
equity,INE0NQ801033,2026-09-28,91.83,88,88.5,28611
equity,INE337M01021,2026-09-28,32.44,30.29,30.41,700720
equity,INE050401020,2026-09-28,90.93,86.91,87.29,65304
equity,INE0SMW01011,2026-09-28,302,284.1,293.85,22800
equity,INE638A01035,2026-09-28,78.98,76,77.43,80119
equity,INE638A01035,2026-09-29,77.68,75.21,76.79,60317
equity,INE836F01026,2026-09-28,2.36,2.26,2.26,4340622
equity,INE555C01029,2026-09-28,15.69,15.09,15.21,62830
equity,INE01EE01011,2026-09-28,231.8,227,228.12,2716
equity,INE573K01025,2026-09-28,16.48,15.9,15.96,182263
equity,INE0APB01032,2026-09-28,16.28,15.73,15.97,385336
equity,INE142E01022,2026-09-28,104.2,96,98.7,6693
equity,INE278B01020,2026-09-28,31.6,30,31.11,20198
equity,INE037B01020,2026-09-28,56.6,54.6,55.56,10416
equity,INE09EO01013,2026-09-28,520,490,499.25,12773
equity,INE748C01038,2026-09-28,24.5,23.8,23.99,350615
equity,INE655I01032,2026-09-28,14.1,13.11,13.52,41361
equity,INE755Q01025,2026-09-28,18.23,17.61,17.86,34187
equity,INE359U01028,2026-09-28,12,11.43,11.62,198626
equity,INE826C01016,2026-09-28,362,327.85,341.45,31584
equity,INE05J901018,2026-09-28,62.8,57,58.25,116758
equity,INE00ST01011,2026-09-28,189,181.2,184.1,9000
equity,INE0GAO01018,2026-09-28,384.05,374.05,382.85,21000
equity,INE461B01014,2026-09-28,345.9,301,333.8,416771
equity,INE100D01014,2026-09-28,56.7,54.36,55.7,14401
equity,INE208H01016,2026-09-28,397.9,370.15,380.1,12975
equity,INE961D01019,2026-09-28,248.63,228.66,229.31,45792
equity,INE08PH01015,2026-09-28,204.9,200,200.15,2824
equity,INE199C01026,2026-09-28,48.47,47.52,48.13,11732
equity,INE777G01012,2026-09-28,268.9,246.1,255.55,2273
equity,INE354A01013,2026-09-28,959,911.1,926.1,1732
equity,INE926R01012,2026-09-28,101.5,101,101.5,9671
equity,INE377D01026,2026-09-28,4.57,4.18,4.25,6987862
equity,INE537F01012,2026-09-28,347.95,338.1,338.6,1101
equity,INE0AE001013,2026-09-28,32.23,30.66,31.09,849427
equity,INE12Z301012,2026-09-28,272,258.8,263.65,35400
equity,INE0PUC01020,2026-09-28,92,83.8,84.8,100000
equity,INE0PMR01017,2026-09-28,428,423,428,1600
equity,INE103001017,2026-09-28,49.82,47.3,47.86,1439012
equity,INE757T01025,2026-09-28,16.48,15.11,15.14,21433
equity,INE788D01016,2026-09-28,308.95,280.2,301.95,92136
equity,INE855R01021,2026-09-28,36,34.9,35.7,219661
equity,INE0MM001019,2026-09-28,193,178,190.7,183000
equity,INE0QQJ01021,2026-09-28,323.95,309,309.15,28000
equity,INE550F01049,2026-09-28,19.81,18.72,18.98,90116
equity,INE1I1301016,2026-09-28,418,400.55,411.95,8400
equity,INE184D01026,2026-09-28,58.9,58.7,58.79,25807
equity,INE019B01010,2026-09-28,414,400,400.5,12319
equity,INE228I01012,2026-09-28,409.2,385,387.2,11364
equity,INE320X01016,2026-09-28,1535,1490,1513.5,566
equity,INE0OCC01013,2026-09-28,167.3,161.05,167.3,9600
equity,INE0S6S01017,2026-09-28,875.75,875.75,875.75,1875
equity,INE049I01012,2026-09-28,256,243.1,243.75,1224
equity,INE445D01013,2026-09-28,1369.5,1256.3,1279.4,11133
equity,INE035S01028,2026-09-28,146.5,139.4,141.35,30931
equity,INE809A01032,2026-09-28,124.98,119.01,120,24851
equity,INE432F01032,2026-09-28,18.19,17,17.19,19042
equity,INE044N01021,2026-09-28,305,302,304.5,404
equity,INE15EH01014,2026-09-28,326,296.5,300.93,479443
equity,INE379J01029,2026-09-28,154.55,151,151.2,1622
equity,INE798K01010,2026-09-28,79,73.62,75.54,46060
equity,INE0V0L01028,2026-09-28,264.95,250.05,262,4800
equity,INE244A01016,2026-09-28,790,732.5,738,8879
equity,INE531R01010,2026-09-28,258.95,238.1,251.2,9200
equity,INE280H01015,2026-09-28,364.15,350,351.3,5276
equity,INE0Q1R01012,2026-09-28,637,590.1,615,11600
equity,INE2KRP01017,2026-09-28,334.85,322.2,323,45600
equity,INE593W01028,2026-09-28,59.76,57.5,58.73,26017
equity,INE985A01022,2026-09-28,80.27,78.06,78.47,10223
equity,INE771A01026,2026-09-28,29.79,28.5,28.68,86548
equity,INE102A01024,2026-09-28,6.55,6.15,6.37,139134
equity,INE177C01022,2026-09-28,87.5,80.53,83.19,27593
equity,INE250B01029,2026-09-28,222,215.55,218.59,8544
equity,INE020J01029,2026-09-28,40.28,39.23,39.47,135158
equity,INE547B01028,2026-09-28,30.49,28.8,28.91,114401
equity,INE784W01015,2026-09-28,230,224.34,228.58,218432
equity,INE219M01021,2026-09-28,40.5,38.96,40.44,55371
equity,INE976E01023,2026-09-28,53.32,52.6,52.83,46599
equity,INE658D01029,2026-09-28,140,133,133.75,116316
equity,INE846D01012,2026-09-28,160,146.74,148.2,86362
equity,INE353A01023,2026-09-28,123.8,120,121.43,4949
equity,INE277E01026,2026-09-28,54.1,54.08,54.1,545
equity,INE370D01013,2026-09-28,454.9,446.3,446.55,6970
equity,INE0LR101013,2026-09-28,787,753,769.95,11200
equity,INE0U9D01019,2026-09-28,182.95,177.25,177.8,15600
equity,INE341Z01025,2026-09-28,41,37.83,38.78,183122
equity,INE510U01018,2026-09-28,260.6,255.6,259.95,11200
equity,INE05ST01028,2026-09-28,24.38,22.82,23.67,17722
equity,INE324X01026,2026-09-28,3.63,3.46,3.49,1786986
equity,INE015D01022,2026-09-28,64.7,58.25,60.19,52835
equity,INE296Q01012,2026-09-28,50.16,48.65,48.65,17686
equity,INE0O4601016,2026-09-28,405,400,405,6660
equity,INE792I01017,2026-09-28,340,331.4,331.4,21719
equity,INE0PQ001012,2026-09-28,144,135.05,143.5,80500
equity,INE875G01048,2026-09-28,2.73,2.62,2.67,980887
equity,INE0PT101017,2026-09-28,71.9,68,68.05,144000
equity,INE05CY01014,2026-09-28,46.49,42.39,42.55,31382
equity,INE296G01013,2026-09-28,228.46,220.8,221.17,3472
equity,INE214A01019,2026-09-28,138.7,135.2,135.44,6471
equity,INE641C01019,2026-09-28,82.7,78.65,79.03,142753
equity,INE554H01021,2026-09-28,257,233.4,254.1,2450
equity,INE147C01017,2026-09-28,73.9,66.21,69.86,349
equity,INE823A01017,2026-09-28,69.35,65.15,66.01,5845
equity,INE0S2V01010,2026-09-28,129,123.61,124.66,15278
equity,INE916Y01027,2026-09-28,8.32,7.75,7.89,419547
equity,INE385O01018,2026-09-28,273.5,261,267.9,30400
equity,INE629D01020,2026-09-28,111,106.65,107.62,12765
equity,INE902B01017,2026-09-28,316,300.6,311.1,4286
equity,INE666E01020,2026-09-28,42.94,39.51,39.94,67332
equity,INE585A01020,2026-09-28,646.6,622.25,634.7,311
equity,INE04VX01019,2026-09-28,357,340.75,357,4000
equity,INE927C01020,2026-09-28,16.4,15.5,15.68,38423
equity,INE0VDK01019,2026-09-28,311,310.45,310.55,11000
equity,INE557B01019,2026-09-28,239.59,225.52,226.2,19650
equity,INE650G01029,2026-09-28,73.95,71,72.05,20699
equity,INE767M01029,2026-09-28,35.36,33.25,34.48,137792
equity,INE874A01010,2026-09-28,1099,1000.2,1031.55,1314
index,^GSPC,2026-09-28,7724.1499,7666.6001,7683.6899,5129710000
index,^GSPC,2026-09-29,7699.6001,7653.5498,7672.48,2155584000
index,^NDX,2026-09-28,30480.4004,30081.0605,30276.8105,7030730000
index,^NDX,2026-09-29,30429.9746,30235.666,30340.8516,812400131
index,^RUT,2026-09-28,2833.51,2807.6001,2817.9099,5129710000
index,^RUT,2026-09-29,2825.3677,2794.3857,2806.5823,
index,^DJI,2026-09-28,51780.5,51409.6484,51481.5117,455450000
index,^DJI,2026-09-29,51505.1914,51129.1797,51373.8594,288120007
index,^NSEI,2026-09-28,23080.25,22762.1992,22780.25,261500
index,^FTSE,2026-09-28,10758.7002,10684.9004,10684.9004,536195200
index,^FTSE,2026-09-29,10756.1504,10622,10636.71,
index,^GDAXI,2026-09-28,25575.6602,25360.3203,25374.4199,45976300
index,^GDAXI,2026-09-29,25617.3105,25338.0293,25399.2109,
index,^FCHI,2026-09-28,8137.4199,8071.5898,8078.48,48380800
index,^FCHI,2026-09-29,8107.2798,8023.98,8035.8701,
index,^STOXX50E,2026-09-28,6346.9902,6287.6699,6301.2798,16578500
index,^STOXX50E,2026-09-29,6365.3999,6307,6320.2598,
index,^N225,2026-09-28,67034.7422,65877.6172,65877.6172,161800000
index,^HSI,2026-09-28,24767.2207,24554.5801,24642.5098,2328900000
index,000001.SS,2026-09-28,3878.4089,3806.6709,3823.6211,452400
index,000300.SS,2026-09-29,4359.3013,4324.5293,4345.209,1928044712
index,^AXJO,2026-09-28,8709.2998,8665,8679.7002,708100
index,^KS11,2026-09-28,7065.8999,6889.6802,6889.7402,230000
index,^STI,2026-09-28,5749.6602,5702.3599,5729.02,255102300
index,^BVSP,2026-09-28,184095,181931,182991,7967700
index,^BVSP,2026-09-29,183951.0469,181562.2344,183882.125,
index,^MXX,2026-09-28,65127.9883,64621.8984,64944.4102,130599200
index,^MXX,2026-09-29,65565.2031,64817.0586,65166.8789,91514108
index,^GSPTSE,2026-09-28,35639.5,35341.6992,35489.8984,275345300
index,^GSPTSE,2026-09-29,35550.0586,35305.7188,35457.8281,147643718
index,^IBEX,2026-09-28,19769.5996,19600.3008,19600.3008,
index,^IBEX,2026-09-29,19763,19501.5,19517.5,107858866
index,FTSEMIB.MI,2026-09-28,52210,51750,51760,193999600
index,FTSEMIB.MI,2026-09-29,52289.6602,51700.8398,51804.9414,
index,^AEX,2026-09-28,1122.1,1111.9399,1116.12,41851500
index,^AEX,2026-09-29,1125,1119.05,1120.1899,
